stratum,arm,config_id,mock,source,metric,value,MCSE,draws,valid_answers,planned_answers
real,R,qwen_thinking,False,copenhagen_bluetooth,valid_fraction,1.0,0.0,5,15,15
real,R,qwen_thinking,False,snap_collegemsg,valid_fraction,1.0,0.0,5,15,15
real,R,qwen_thinking,False,snap_email_eu,valid_fraction,1.0,0.0,5,15,15
real,R,qwen_thinking,False,snap_mathoverflow,valid_fraction,1.0,0.0,5,15,15
real,R,qwen_thinking,False,sp_highschool2013,valid_fraction,1.0,0.0,5,15,15
real,R,qwen_thinking,False,sp_hospital,valid_fraction,1.0,0.0,5,15,15
real,R,qwen_thinking,False,copenhagen_bluetooth,AE2,0.005842813649440466,0.0015384115811651025,5,15,15
real,R,qwen_thinking,False,snap_collegemsg,AE2,0.005404657197479403,0.00325955767060267,5,15,15
real,R,qwen_thinking,False,snap_email_eu,AE2,0.022094402313413045,0.005853431861014317,5,15,15
real,R,qwen_thinking,False,snap_mathoverflow,AE2,0.005545880555778971,0.0013326586232733828,5,15,15
real,R,qwen_thinking,False,sp_highschool2013,AE2,0.026639323570528246,0.0077975697916816715,5,15,15
real,R,qwen_thinking,False,sp_hospital,AE2,0.048144660930640924,0.010331125391805389,5,15,15
real,R,qwen_thinking,False,copenhagen_bluetooth,ProfileAE,0.005176474890858795,0.0010496620555470347,5,15,15
real,R,qwen_thinking,False,snap_collegemsg,ProfileAE,0.0027228045830389744,0.0012014960982459678,5,15,15
real,R,qwen_thinking,False,snap_email_eu,ProfileAE,0.017330209011288185,0.00263600750944166,5,15,15
real,R,qwen_thinking,False,snap_mathoverflow,ProfileAE,0.002564493311079903,0.0005492353014523409,5,15,15
real,R,qwen_thinking,False,sp_highschool2013,ProfileAE,0.016754745989458007,0.004143763414073085,5,15,15
real,R,qwen_thinking,False,sp_hospital,ProfileAE,0.031157579163008483,0.00515028784149717,5,15,15
real,R,qwen_thinking,False,copenhagen_bluetooth,signed_rho2,0.0009060935805356607,0.0032704856878471252,5,15,15
real,R,qwen_thinking,False,snap_collegemsg,signed_rho2,-0.0022859357444756034,0.004031525695761961,5,15,15
real,R,qwen_thinking,False,snap_email_eu,signed_rho2,-0.01438337230013285,0.010226581455560711,5,15,15
real,R,qwen_thinking,False,snap_mathoverflow,signed_rho2,-0.004754665485153143,0.0011902180839173967,5,15,15
real,R,qwen_thinking,False,sp_highschool2013,signed_rho2,0.007152884519307893,0.015014144847221016,5,15,15
real,R,qwen_thinking,False,sp_hospital,signed_rho2,-0.012793704653204552,0.025402549600472082,5,15,15
real,R,qwen_thinking,False,copenhagen_bluetooth,budget_matched,1.0,0.0,5,15,15
real,R,qwen_thinking,False,snap_collegemsg,budget_matched,1.0,0.0,5,15,15
real,R,qwen_thinking,False,snap_email_eu,budget_matched,1.0,0.0,5,15,15
real,R,qwen_thinking,False,snap_mathoverflow,budget_matched,1.0,0.0,5,15,15
real,R,qwen_thinking,False,sp_highschool2013,budget_matched,1.0,0.0,5,15,15
real,R,qwen_thinking,False,sp_hospital,budget_matched,1.0,0.0,5,15,15
real,R,qwen_thinking,False,copenhagen_bluetooth,baseline_AE2_all,0.005840930126802024,0.001539859254209723,5,15,15
real,R,qwen_thinking,False,snap_collegemsg,baseline_AE2_all,0.0056808479219702555,0.0032459681847508337,5,15,15
real,R,qwen_thinking,False,snap_email_eu,baseline_AE2_all,0.022097390603300692,0.005854459597495738,5,15,15
real,R,qwen_thinking,False,snap_mathoverflow,baseline_AE2_all,0.0045310085670798,0.0012406846214680924,5,15,15
real,R,qwen_thinking,False,sp_highschool2013,baseline_AE2_all,0.02486704458136163,0.008164288779919903,5,15,15
real,R,qwen_thinking,False,sp_hospital,baseline_AE2_all,0.04210589674348801,0.0055909765188723575,5,15,15
real,R,qwen_thinking,False,copenhagen_bluetooth,baseline_AE2_matched,0.005840930126802024,0.001539859254209723,5,15,15
real,R,qwen_thinking,False,snap_collegemsg,baseline_AE2_matched,0.0056808479219702555,0.0032459681847508337,5,15,15
real,R,qwen_thinking,False,snap_email_eu,baseline_AE2_matched,0.022097390603300692,0.005854459597495738,5,15,15
real,R,qwen_thinking,False,snap_mathoverflow,baseline_AE2_matched,0.0045310085670798,0.0012406846214680924,5,15,15
real,R,qwen_thinking,False,sp_highschool2013,baseline_AE2_matched,0.02486704458136163,0.008164288779919903,5,15,15
real,R,qwen_thinking,False,sp_hospital,baseline_AE2_matched,0.04210589674348801,0.0055909765188723575,5,15,15
real,R,qwen_thinking,False,copenhagen_bluetooth,delta_AE2_vs_baseline,1.8835226384424549e-06,1.8107289539206604e-06,5,15,15
real,R,qwen_thinking,False,snap_collegemsg,delta_AE2_vs_baseline,-0.0002761907244908527,0.0002758782979669286,5,15,15
real,R,qwen_thinking,False,snap_email_eu,delta_AE2_vs_baseline,-2.988289887647285e-06,1.4886736465523043e-05,5,15,15
real,R,qwen_thinking,False,snap_mathoverflow,delta_AE2_vs_baseline,0.0010148719886991712,0.0010136558708991827,5,15,15
real,R,qwen_thinking,False,sp_highschool2013,delta_AE2_vs_baseline,0.0017722789891666164,0.0017705665734226391,5,15,15
real,R,qwen_thinking,False,sp_hospital,delta_AE2_vs_baseline,0.006038764187152905,0.006557105620663655,5,15,15
real,R,qwen_thinking,False,copenhagen_bluetooth,baseline_ProfileAE_all,0.0049247257994300565,0.0008569281974935264,5,15,15
real,R,qwen_thinking,False,snap_collegemsg,baseline_ProfileAE_all,0.0028154319501629524,0.001186991598022331,5,15,15
real,R,qwen_thinking,False,snap_email_eu,baseline_ProfileAE_all,0.017329713866097697,0.002635530687539133,5,15,15
real,R,qwen_thinking,False,snap_mathoverflow,baseline_ProfileAE_all,0.0022634534721139416,0.0005931972906603437,5,15,15
real,R,qwen_thinking,False,sp_highschool2013,baseline_ProfileAE_all,0.0163136000220534,0.0038976969023552482,5,15,15
real,R,qwen_thinking,False,sp_hospital,baseline_ProfileAE_all,0.02892326624459917,0.003210760108664369,5,15,15
real,R,qwen_thinking,False,copenhagen_bluetooth,baseline_ProfileAE_matched,0.0049247257994300565,0.0008569281974935264,5,15,15
real,R,qwen_thinking,False,snap_collegemsg,baseline_ProfileAE_matched,0.0028154319501629524,0.001186991598022331,5,15,15
real,R,qwen_thinking,False,snap_email_eu,baseline_ProfileAE_matched,0.017329713866097697,0.002635530687539133,5,15,15
real,R,qwen_thinking,False,snap_mathoverflow,baseline_ProfileAE_matched,0.0022634534721139416,0.0005931972906603437,5,15,15
real,R,qwen_thinking,False,sp_highschool2013,baseline_ProfileAE_matched,0.0163136000220534,0.0038976969023552482,5,15,15
real,R,qwen_thinking,False,sp_hospital,baseline_ProfileAE_matched,0.02892326624459917,0.003210760108664369,5,15,15
real,R,qwen_thinking,False,copenhagen_bluetooth,delta_ProfileAE_vs_baseline,0.00025174909142873975,0.0002507892119541595,5,15,15
real,R,qwen_thinking,False,snap_collegemsg,delta_ProfileAE_vs_baseline,-9.262736712397782e-05,7.390515152674034e-05,5,15,15
real,R,qwen_thinking,False,snap_email_eu,delta_ProfileAE_vs_baseline,4.951451904955153e-07,4.606112356245251e-06,5,15,15
real,R,qwen_thinking,False,snap_mathoverflow,delta_ProfileAE_vs_baseline,0.00030103983896596047,0.0003007088495164772,5,15,15
real,R,qwen_thinking,False,sp_highschool2013,delta_ProfileAE_vs_baseline,0.00044114596740460536,0.0004428132230697283,5,15,15
real,R,qwen_thinking,False,sp_hospital,delta_ProfileAE_vs_baseline,0.002234312918409319,0.0021392796752816487,5,15,15
real,R,qwen_thinking,False,copenhagen_bluetooth,plugin_AE2_all,0.005840930126802024,0.001539859254209723,5,15,15
real,R,qwen_thinking,False,snap_collegemsg,plugin_AE2_all,0.0056808479219702555,0.0032459681847508337,5,15,15
real,R,qwen_thinking,False,snap_email_eu,plugin_AE2_all,0.022097390603300692,0.005854459597495738,5,15,15
real,R,qwen_thinking,False,snap_mathoverflow,plugin_AE2_all,0.0045310085670798,0.0012406846214680924,5,15,15
real,R,qwen_thinking,False,sp_highschool2013,plugin_AE2_all,0.02486704458136163,0.008164288779919903,5,15,15
real,R,qwen_thinking,False,sp_hospital,plugin_AE2_all,0.04210589674348801,0.0055909765188723575,5,15,15
real,R,qwen_thinking,False,copenhagen_bluetooth,plugin_AE2_matched,0.005840930126802024,0.001539859254209723,5,15,15
real,R,qwen_thinking,False,snap_collegemsg,plugin_AE2_matched,0.0056808479219702555,0.0032459681847508337,5,15,15
real,R,qwen_thinking,False,snap_email_eu,plugin_AE2_matched,0.022097390603300692,0.005854459597495738,5,15,15
real,R,qwen_thinking,False,snap_mathoverflow,plugin_AE2_matched,0.0045310085670798,0.0012406846214680924,5,15,15
real,R,qwen_thinking,False,sp_highschool2013,plugin_AE2_matched,0.02486704458136163,0.008164288779919903,5,15,15
real,R,qwen_thinking,False,sp_hospital,plugin_AE2_matched,0.04210589674348801,0.0055909765188723575,5,15,15
real,R,qwen_thinking,False,copenhagen_bluetooth,delta_AE2_vs_plugin,1.8835226384424549e-06,1.8107289539206604e-06,5,15,15
real,R,qwen_thinking,False,snap_collegemsg,delta_AE2_vs_plugin,-0.0002761907244908527,0.0002758782979669286,5,15,15
real,R,qwen_thinking,False,snap_email_eu,delta_AE2_vs_plugin,-2.988289887647285e-06,1.4886736465523043e-05,5,15,15
real,R,qwen_thinking,False,snap_mathoverflow,delta_AE2_vs_plugin,0.0010148719886991712,0.0010136558708991827,5,15,15
real,R,qwen_thinking,False,sp_highschool2013,delta_AE2_vs_plugin,0.0017722789891666164,0.0017705665734226391,5,15,15
real,R,qwen_thinking,False,sp_hospital,delta_AE2_vs_plugin,0.006038764187152905,0.006557105620663655,5,15,15
real,R,qwen_thinking,False,copenhagen_bluetooth,plugin_ProfileAE_all,0.0049247257994300565,0.0008569281974935264,5,15,15
real,R,qwen_thinking,False,snap_collegemsg,plugin_ProfileAE_all,0.0028154319501629524,0.001186991598022331,5,15,15
real,R,qwen_thinking,False,snap_email_eu,plugin_ProfileAE_all,0.017329713866097697,0.002635530687539133,5,15,15
real,R,qwen_thinking,False,snap_mathoverflow,plugin_ProfileAE_all,0.0022634534721139416,0.0005931972906603437,5,15,15
real,R,qwen_thinking,False,sp_highschool2013,plugin_ProfileAE_all,0.0163136000220534,0.0038976969023552482,5,15,15
real,R,qwen_thinking,False,sp_hospital,plugin_ProfileAE_all,0.02892326624459917,0.003210760108664369,5,15,15
real,R,qwen_thinking,False,copenhagen_bluetooth,plugin_ProfileAE_matched,0.0049247257994300565,0.0008569281974935264,5,15,15
real,R,qwen_thinking,False,snap_collegemsg,plugin_ProfileAE_matched,0.0028154319501629524,0.001186991598022331,5,15,15
real,R,qwen_thinking,False,snap_email_eu,plugin_ProfileAE_matched,0.017329713866097697,0.002635530687539133,5,15,15
real,R,qwen_thinking,False,snap_mathoverflow,plugin_ProfileAE_matched,0.0022634534721139416,0.0005931972906603437,5,15,15
real,R,qwen_thinking,False,sp_highschool2013,plugin_ProfileAE_matched,0.0163136000220534,0.0038976969023552482,5,15,15
real,R,qwen_thinking,False,sp_hospital,plugin_ProfileAE_matched,0.02892326624459917,0.003210760108664369,5,15,15
real,R,qwen_thinking,False,copenhagen_bluetooth,delta_ProfileAE_vs_plugin,0.00025174909142873975,0.0002507892119541595,5,15,15
real,R,qwen_thinking,False,snap_collegemsg,delta_ProfileAE_vs_plugin,-9.262736712397782e-05,7.390515152674034e-05,5,15,15
real,R,qwen_thinking,False,snap_email_eu,delta_ProfileAE_vs_plugin,4.951451904955153e-07,4.606112356245251e-06,5,15,15
real,R,qwen_thinking,False,snap_mathoverflow,delta_ProfileAE_vs_plugin,0.00030103983896596047,0.0003007088495164772,5,15,15
real,R,qwen_thinking,False,sp_highschool2013,delta_ProfileAE_vs_plugin,0.00044114596740460536,0.0004428132230697283,5,15,15
real,R,qwen_thinking,False,sp_hospital,delta_ProfileAE_vs_plugin,0.002234312918409319,0.0021392796752816487,5,15,15
real,R,qwen_thinking,False,copenhagen_bluetooth,extratrees_AE2_all,0.013674528038615718,0.001826486651232316,5,15,15
real,R,qwen_thinking,False,snap_collegemsg,extratrees_AE2_all,0.0521925160242894,0.0028238725031247713,5,15,15
real,R,qwen_thinking,False,snap_email_eu,extratrees_AE2_all,0.007021145474114943,0.0029232253655784805,5,15,15
real,R,qwen_thinking,False,snap_mathoverflow,extratrees_AE2_all,0.01742430338933094,0.003297200690584847,5,15,15
real,R,qwen_thinking,False,sp_highschool2013,extratrees_AE2_all,0.046297193059451944,0.009288714531827464,5,15,15
real,R,qwen_thinking,False,sp_hospital,extratrees_AE2_all,0.0439244566273507,0.011512072616444224,5,15,15
real,R,qwen_thinking,False,copenhagen_bluetooth,extratrees_AE2_matched,0.013674528038615718,0.001826486651232316,5,15,15
real,R,qwen_thinking,False,snap_collegemsg,extratrees_AE2_matched,0.0521925160242894,0.0028238725031247713,5,15,15
real,R,qwen_thinking,False,snap_email_eu,extratrees_AE2_matched,0.007021145474114943,0.0029232253655784805,5,15,15
real,R,qwen_thinking,False,snap_mathoverflow,extratrees_AE2_matched,0.01742430338933094,0.003297200690584847,5,15,15
real,R,qwen_thinking,False,sp_highschool2013,extratrees_AE2_matched,0.046297193059451944,0.009288714531827464,5,15,15
real,R,qwen_thinking,False,sp_hospital,extratrees_AE2_matched,0.0439244566273507,0.011512072616444224,5,15,15
real,R,qwen_thinking,False,copenhagen_bluetooth,delta_AE2_vs_extratrees,-0.007831714389175253,0.0030202886859048927,5,15,15
real,R,qwen_thinking,False,snap_collegemsg,delta_AE2_vs_extratrees,-0.04678785882680996,0.0032482446707559876,5,15,15
real,R,qwen_thinking,False,snap_email_eu,delta_AE2_vs_extratrees,0.015073256839298103,0.006137848314799884,5,15,15
real,R,qwen_thinking,False,snap_mathoverflow,delta_AE2_vs_extratrees,-0.011878422833551975,0.0038849302328223647,5,15,15
real,R,qwen_thinking,False,sp_highschool2013,delta_AE2_vs_extratrees,-0.019657869488923698,0.008639501170606774,5,15,15
real,R,qwen_thinking,False,sp_hospital,delta_AE2_vs_extratrees,0.004220204303290202,0.010948956233904421,5,15,15
real,R,qwen_thinking,False,copenhagen_bluetooth,extratrees_ProfileAE_all,0.017108916767950327,0.0008166430488235834,5,15,15
real,R,qwen_thinking,False,snap_collegemsg,extratrees_ProfileAE_all,0.020414209617105147,0.0021615245634891357,5,15,15
real,R,qwen_thinking,False,snap_email_eu,extratrees_ProfileAE_all,0.02549278388546037,0.0016863035123610903,5,15,15
real,R,qwen_thinking,False,snap_mathoverflow,extratrees_ProfileAE_all,0.007667553104144626,0.0006679669520817568,5,15,15
real,R,qwen_thinking,False,sp_highschool2013,extratrees_ProfileAE_all,0.027418256248172526,0.003319034385748114,5,15,15
real,R,qwen_thinking,False,sp_hospital,extratrees_ProfileAE_all,0.02610253382814415,0.005331959992213496,5,15,15
real,R,qwen_thinking,False,copenhagen_bluetooth,extratrees_ProfileAE_matched,0.017108916767950327,0.0008166430488235834,5,15,15
real,R,qwen_thinking,False,snap_collegemsg,extratrees_ProfileAE_matched,0.020414209617105147,0.0021615245634891357,5,15,15
real,R,qwen_thinking,False,snap_email_eu,extratrees_ProfileAE_matched,0.02549278388546037,0.0016863035123610903,5,15,15
real,R,qwen_thinking,False,snap_mathoverflow,extratrees_ProfileAE_matched,0.007667553104144626,0.0006679669520817568,5,15,15
real,R,qwen_thinking,False,sp_highschool2013,extratrees_ProfileAE_matched,0.027418256248172526,0.003319034385748114,5,15,15
real,R,qwen_thinking,False,sp_hospital,extratrees_ProfileAE_matched,0.02610253382814415,0.005331959992213496,5,15,15
real,R,qwen_thinking,False,copenhagen_bluetooth,delta_ProfileAE_vs_extratrees,-0.011932441877091526,0.0012351165979977913,5,15,15
real,R,qwen_thinking,False,snap_collegemsg,delta_ProfileAE_vs_extratrees,-0.01769140503406617,0.0014460401910503732,5,15,15
real,R,qwen_thinking,False,snap_email_eu,delta_ProfileAE_vs_extratrees,-0.008162574874172176,0.0026083569230092233,5,15,15
real,R,qwen_thinking,False,snap_mathoverflow,delta_ProfileAE_vs_extratrees,-0.0051030597930647225,0.0010885610550117164,5,15,15
real,R,qwen_thinking,False,sp_highschool2013,delta_ProfileAE_vs_extratrees,-0.010663510258714516,0.003124985958891855,5,15,15
real,R,qwen_thinking,False,sp_hospital,delta_ProfileAE_vs_extratrees,0.005055045334864335,0.005835386638100412,5,15,15
real,R,qwen_thinking,False,copenhagen_bluetooth,median_AE2_all,0.1567993430755243,2.7755575615628914e-17,5,15,15
real,R,qwen_thinking,False,snap_collegemsg,median_AE2_all,0.3157949930747082,1.850371707708594e-17,5,15,15
real,R,qwen_thinking,False,snap_email_eu,median_AE2_all,0.21560074628952602,1.850371707708594e-17,5,15,15
real,R,qwen_thinking,False,snap_mathoverflow,median_AE2_all,0.334460623227364,3.700743415417188e-17,5,15,15
real,R,qwen_thinking,False,sp_highschool2013,median_AE2_all,0.19543570347008538,3.700743415417188e-17,5,15,15
real,R,qwen_thinking,False,sp_hospital,median_AE2_all,0.1550009593092644,9.25185853854297e-18,5,15,15
real,R,qwen_thinking,False,copenhagen_bluetooth,median_AE2_matched,0.1567993430755243,2.7755575615628914e-17,5,15,15
real,R,qwen_thinking,False,snap_collegemsg,median_AE2_matched,0.3157949930747082,1.850371707708594e-17,5,15,15
real,R,qwen_thinking,False,snap_email_eu,median_AE2_matched,0.21560074628952602,1.850371707708594e-17,5,15,15
real,R,qwen_thinking,False,snap_mathoverflow,median_AE2_matched,0.334460623227364,3.700743415417188e-17,5,15,15
real,R,qwen_thinking,False,sp_highschool2013,median_AE2_matched,0.19543570347008538,3.700743415417188e-17,5,15,15
real,R,qwen_thinking,False,sp_hospital,median_AE2_matched,0.1550009593092644,9.25185853854297e-18,5,15,15
real,R,qwen_thinking,False,copenhagen_bluetooth,delta_AE2_vs_median,-0.15095652942608376,0.0015384115811651025,5,15,15
real,R,qwen_thinking,False,snap_collegemsg,delta_AE2_vs_median,-0.31039033587722886,0.0032595576706026703,5,15,15
real,R,qwen_thinking,False,snap_email_eu,delta_AE2_vs_median,-0.19350634397611305,0.005853431861014314,5,15,15
real,R,qwen_thinking,False,snap_mathoverflow,delta_AE2_vs_median,-0.32891474267158505,0.0013326586232733804,5,15,15
real,R,qwen_thinking,False,sp_highschool2013,delta_AE2_vs_median,-0.1687963798995571,0.007797569791681675,5,15,15
real,R,qwen_thinking,False,sp_hospital,delta_AE2_vs_median,-0.10685629837862355,0.010331125391805389,5,15,15
real,R,qwen_thinking,False,copenhagen_bluetooth,median_ProfileAE_all,0.0900406131195264,0.0,5,15,15
real,R,qwen_thinking,False,snap_collegemsg,median_ProfileAE_all,0.13311101808443856,9.25185853854297e-18,5,15,15
real,R,qwen_thinking,False,snap_email_eu,median_ProfileAE_all,0.13602501333145378,0.0,5,15,15
real,R,qwen_thinking,False,snap_mathoverflow,median_ProfileAE_all,0.13551195946354852,0.0,5,15,15
real,R,qwen_thinking,False,sp_highschool2013,median_ProfileAE_all,0.11904067220678091,0.0,5,15,15
real,R,qwen_thinking,False,sp_hospital,median_ProfileAE_all,0.05606046567611099,4.625929269271485e-18,5,15,15
real,R,qwen_thinking,False,copenhagen_bluetooth,median_ProfileAE_matched,0.0900406131195264,0.0,5,15,15
real,R,qwen_thinking,False,snap_collegemsg,median_ProfileAE_matched,0.13311101808443856,9.25185853854297e-18,5,15,15
real,R,qwen_thinking,False,snap_email_eu,median_ProfileAE_matched,0.13602501333145378,0.0,5,15,15
real,R,qwen_thinking,False,snap_mathoverflow,median_ProfileAE_matched,0.13551195946354852,0.0,5,15,15
real,R,qwen_thinking,False,sp_highschool2013,median_ProfileAE_matched,0.11904067220678091,0.0,5,15,15
real,R,qwen_thinking,False,sp_hospital,median_ProfileAE_matched,0.05606046567611099,4.625929269271485e-18,5,15,15
real,R,qwen_thinking,False,copenhagen_bluetooth,delta_ProfileAE_vs_median,-0.08486413822866762,0.0010496620555470327,5,15,15
real,R,qwen_thinking,False,snap_collegemsg,delta_ProfileAE_vs_median,-0.13038821350139956,0.0012014960982459715,5,15,15
real,R,qwen_thinking,False,snap_email_eu,delta_ProfileAE_vs_median,-0.11869480432016562,0.0026360075094416647,5,15,15
real,R,qwen_thinking,False,snap_mathoverflow,delta_ProfileAE_vs_median,-0.1329474661524686,0.0005492353014523412,5,15,15
real,R,qwen_thinking,False,sp_highschool2013,delta_ProfileAE_vs_median,-0.10228592621732288,0.0041437634140730865,5,15,15
real,R,qwen_thinking,False,sp_hospital,delta_ProfileAE_vs_median,-0.024902886513102487,0.00515028784149717,5,15,15
real,R,qwen_nonthinking,False,copenhagen_bluetooth,valid_fraction,1.0,0.0,5,15,15
real,R,qwen_nonthinking,False,snap_collegemsg,valid_fraction,1.0,0.0,5,15,15
real,R,qwen_nonthinking,False,snap_email_eu,valid_fraction,1.0,0.0,5,15,15
real,R,qwen_nonthinking,False,snap_mathoverflow,valid_fraction,1.0,0.0,5,15,15
real,R,qwen_nonthinking,False,sp_highschool2013,valid_fraction,1.0,0.0,5,15,15
real,R,qwen_nonthinking,False,sp_hospital,valid_fraction,1.0,0.0,5,15,15
real,R,qwen_nonthinking,False,copenhagen_bluetooth,AE2,0.47874097824720224,0.007792446485040646,5,15,15
real,R,qwen_nonthinking,False,snap_collegemsg,AE2,0.7236170930288578,0.04430951741255295,5,15,15
real,R,qwen_nonthinking,False,snap_email_eu,AE2,0.4202729083665338,0.010522462745109724,5,15,15
real,R,qwen_nonthinking,False,snap_mathoverflow,AE2,0.7416160565148469,0.01742125139018433,5,15,15
real,R,qwen_nonthinking,False,sp_highschool2013,AE2,0.4297712845193079,0.006041522986797277,5,15,15
real,R,qwen_nonthinking,False,sp_hospital,AE2,0.4052726953467954,0.01790543058528458,5,15,15
real,R,qwen_nonthinking,False,copenhagen_bluetooth,ProfileAE,0.4429610021375581,0.02161133318937593,5,15,15
real,R,qwen_nonthinking,False,snap_collegemsg,ProfileAE,0.46908238184708767,0.04971194803845227,5,15,15
real,R,qwen_nonthinking,False,snap_email_eu,ProfileAE,0.3782266019256308,0.021223457279361643,5,15,15
real,R,qwen_nonthinking,False,snap_mathoverflow,ProfileAE,0.522066656559531,0.019115874729309857,5,15,15
real,R,qwen_nonthinking,False,sp_highschool2013,ProfileAE,0.39734427638363695,0.015049916943292411,5,15,15
real,R,qwen_nonthinking,False,sp_hospital,ProfileAE,0.3781980245829676,0.023761570281069854,5,15,15
real,R,qwen_nonthinking,False,copenhagen_bluetooth,signed_rho2,0.47874097824720224,0.007792446485040646,5,15,15
real,R,qwen_nonthinking,False,snap_collegemsg,signed_rho2,0.7236170930288578,0.04430951741255295,5,15,15
real,R,qwen_nonthinking,False,snap_email_eu,signed_rho2,0.4202729083665338,0.010522462745109724,5,15,15
real,R,qwen_nonthinking,False,snap_mathoverflow,signed_rho2,0.7416160565148469,0.01742125139018433,5,15,15
real,R,qwen_nonthinking,False,sp_highschool2013,signed_rho2,0.4297712845193079,0.006041522986797277,5,15,15
real,R,qwen_nonthinking,False,sp_hospital,signed_rho2,0.4052726953467954,0.01790543058528458,5,15,15
real,R,qwen_nonthinking,False,copenhagen_bluetooth,budget_matched,1.0,0.0,5,15,15
real,R,qwen_nonthinking,False,snap_collegemsg,budget_matched,1.0,0.0,5,15,15
real,R,qwen_nonthinking,False,snap_email_eu,budget_matched,1.0,0.0,5,15,15
real,R,qwen_nonthinking,False,snap_mathoverflow,budget_matched,1.0,0.0,5,15,15
real,R,qwen_nonthinking,False,sp_highschool2013,budget_matched,1.0,0.0,5,15,15
real,R,qwen_nonthinking,False,sp_hospital,budget_matched,1.0,0.0,5,15,15
real,R,qwen_nonthinking,False,copenhagen_bluetooth,baseline_AE2_all,0.005840930126802024,0.001539859254209723,5,15,15
real,R,qwen_nonthinking,False,snap_collegemsg,baseline_AE2_all,0.0056808479219702555,0.0032459681847508337,5,15,15
real,R,qwen_nonthinking,False,snap_email_eu,baseline_AE2_all,0.022097390603300692,0.005854459597495738,5,15,15
real,R,qwen_nonthinking,False,snap_mathoverflow,baseline_AE2_all,0.0045310085670798,0.0012406846214680924,5,15,15
real,R,qwen_nonthinking,False,sp_highschool2013,baseline_AE2_all,0.02486704458136163,0.008164288779919903,5,15,15
real,R,qwen_nonthinking,False,sp_hospital,baseline_AE2_all,0.04210589674348801,0.0055909765188723575,5,15,15
real,R,qwen_nonthinking,False,copenhagen_bluetooth,baseline_AE2_matched,0.005840930126802024,0.001539859254209723,5,15,15
real,R,qwen_nonthinking,False,snap_collegemsg,baseline_AE2_matched,0.0056808479219702555,0.0032459681847508337,5,15,15
real,R,qwen_nonthinking,False,snap_email_eu,baseline_AE2_matched,0.022097390603300692,0.005854459597495738,5,15,15
real,R,qwen_nonthinking,False,snap_mathoverflow,baseline_AE2_matched,0.0045310085670798,0.0012406846214680924,5,15,15
real,R,qwen_nonthinking,False,sp_highschool2013,baseline_AE2_matched,0.02486704458136163,0.008164288779919903,5,15,15
real,R,qwen_nonthinking,False,sp_hospital,baseline_AE2_matched,0.04210589674348801,0.0055909765188723575,5,15,15
real,R,qwen_nonthinking,False,copenhagen_bluetooth,delta_AE2_vs_baseline,0.47290004812040026,0.006677678364482807,5,15,15
real,R,qwen_nonthinking,False,snap_collegemsg,delta_AE2_vs_baseline,0.7179362451068875,0.046104372898463246,5,15,15
real,R,qwen_nonthinking,False,snap_email_eu,delta_AE2_vs_baseline,0.39817551776323307,0.01412487774305321,5,15,15
real,R,qwen_nonthinking,False,snap_mathoverflow,delta_AE2_vs_baseline,0.7370850479477671,0.01712802604109496,5,15,15
real,R,qwen_nonthinking,False,sp_highschool2013,delta_AE2_vs_baseline,0.4049042399379462,0.011490485423438746,5,15,15
real,R,qwen_nonthinking,False,sp_hospital,delta_AE2_vs_baseline,0.3631667986033075,0.023353007272425296,5,15,15
real,R,qwen_nonthinking,False,copenhagen_bluetooth,baseline_ProfileAE_all,0.0049247257994300565,0.0008569281974935264,5,15,15
real,R,qwen_nonthinking,False,snap_collegemsg,baseline_ProfileAE_all,0.0028154319501629524,0.001186991598022331,5,15,15
real,R,qwen_nonthinking,False,snap_email_eu,baseline_ProfileAE_all,0.017329713866097697,0.002635530687539133,5,15,15
real,R,qwen_nonthinking,False,snap_mathoverflow,baseline_ProfileAE_all,0.0022634534721139416,0.0005931972906603437,5,15,15
real,R,qwen_nonthinking,False,sp_highschool2013,baseline_ProfileAE_all,0.0163136000220534,0.0038976969023552482,5,15,15
real,R,qwen_nonthinking,False,sp_hospital,baseline_ProfileAE_all,0.02892326624459917,0.003210760108664369,5,15,15
real,R,qwen_nonthinking,False,copenhagen_bluetooth,baseline_ProfileAE_matched,0.0049247257994300565,0.0008569281974935264,5,15,15
real,R,qwen_nonthinking,False,snap_collegemsg,baseline_ProfileAE_matched,0.0028154319501629524,0.001186991598022331,5,15,15
real,R,qwen_nonthinking,False,snap_email_eu,baseline_ProfileAE_matched,0.017329713866097697,0.002635530687539133,5,15,15
real,R,qwen_nonthinking,False,snap_mathoverflow,baseline_ProfileAE_matched,0.0022634534721139416,0.0005931972906603437,5,15,15
real,R,qwen_nonthinking,False,sp_highschool2013,baseline_ProfileAE_matched,0.0163136000220534,0.0038976969023552482,5,15,15
real,R,qwen_nonthinking,False,sp_hospital,baseline_ProfileAE_matched,0.02892326624459917,0.003210760108664369,5,15,15
real,R,qwen_nonthinking,False,copenhagen_bluetooth,delta_ProfileAE_vs_baseline,0.43803627633812814,0.021001669697784966,5,15,15
real,R,qwen_nonthinking,False,snap_collegemsg,delta_ProfileAE_vs_baseline,0.4662669498969249,0.05070875068712422,5,15,15
real,R,qwen_nonthinking,False,snap_email_eu,delta_ProfileAE_vs_baseline,0.36089688805953307,0.021963910288002868,5,15,15
real,R,qwen_nonthinking,False,snap_mathoverflow,delta_ProfileAE_vs_baseline,0.5198032030874171,0.01876305553940748,5,15,15
real,R,qwen_nonthinking,False,sp_highschool2013,delta_ProfileAE_vs_baseline,0.38103067636158355,0.016867187872705754,5,15,15
real,R,qwen_nonthinking,False,sp_hospital,delta_ProfileAE_vs_baseline,0.3492747583383683,0.02456170118866028,5,15,15
real,R,qwen_nonthinking,False,copenhagen_bluetooth,plugin_AE2_all,0.005840930126802024,0.001539859254209723,5,15,15
real,R,qwen_nonthinking,False,snap_collegemsg,plugin_AE2_all,0.0056808479219702555,0.0032459681847508337,5,15,15
real,R,qwen_nonthinking,False,snap_email_eu,plugin_AE2_all,0.022097390603300692,0.005854459597495738,5,15,15
real,R,qwen_nonthinking,False,snap_mathoverflow,plugin_AE2_all,0.0045310085670798,0.0012406846214680924,5,15,15
real,R,qwen_nonthinking,False,sp_highschool2013,plugin_AE2_all,0.02486704458136163,0.008164288779919903,5,15,15
real,R,qwen_nonthinking,False,sp_hospital,plugin_AE2_all,0.04210589674348801,0.0055909765188723575,5,15,15
real,R,qwen_nonthinking,False,copenhagen_bluetooth,plugin_AE2_matched,0.005840930126802024,0.001539859254209723,5,15,15
real,R,qwen_nonthinking,False,snap_collegemsg,plugin_AE2_matched,0.0056808479219702555,0.0032459681847508337,5,15,15
real,R,qwen_nonthinking,False,snap_email_eu,plugin_AE2_matched,0.022097390603300692,0.005854459597495738,5,15,15
real,R,qwen_nonthinking,False,snap_mathoverflow,plugin_AE2_matched,0.0045310085670798,0.0012406846214680924,5,15,15
real,R,qwen_nonthinking,False,sp_highschool2013,plugin_AE2_matched,0.02486704458136163,0.008164288779919903,5,15,15
real,R,qwen_nonthinking,False,sp_hospital,plugin_AE2_matched,0.04210589674348801,0.0055909765188723575,5,15,15
real,R,qwen_nonthinking,False,copenhagen_bluetooth,delta_AE2_vs_plugin,0.47290004812040026,0.006677678364482807,5,15,15
real,R,qwen_nonthinking,False,snap_collegemsg,delta_AE2_vs_plugin,0.7179362451068875,0.046104372898463246,5,15,15
real,R,qwen_nonthinking,False,snap_email_eu,delta_AE2_vs_plugin,0.39817551776323307,0.01412487774305321,5,15,15
real,R,qwen_nonthinking,False,snap_mathoverflow,delta_AE2_vs_plugin,0.7370850479477671,0.01712802604109496,5,15,15
real,R,qwen_nonthinking,False,sp_highschool2013,delta_AE2_vs_plugin,0.4049042399379462,0.011490485423438746,5,15,15
real,R,qwen_nonthinking,False,sp_hospital,delta_AE2_vs_plugin,0.3631667986033075,0.023353007272425296,5,15,15
real,R,qwen_nonthinking,False,copenhagen_bluetooth,plugin_ProfileAE_all,0.0049247257994300565,0.0008569281974935264,5,15,15
real,R,qwen_nonthinking,False,snap_collegemsg,plugin_ProfileAE_all,0.0028154319501629524,0.001186991598022331,5,15,15
real,R,qwen_nonthinking,False,snap_email_eu,plugin_ProfileAE_all,0.017329713866097697,0.002635530687539133,5,15,15
real,R,qwen_nonthinking,False,snap_mathoverflow,plugin_ProfileAE_all,0.0022634534721139416,0.0005931972906603437,5,15,15
real,R,qwen_nonthinking,False,sp_highschool2013,plugin_ProfileAE_all,0.0163136000220534,0.0038976969023552482,5,15,15
real,R,qwen_nonthinking,False,sp_hospital,plugin_ProfileAE_all,0.02892326624459917,0.003210760108664369,5,15,15
real,R,qwen_nonthinking,False,copenhagen_bluetooth,plugin_ProfileAE_matched,0.0049247257994300565,0.0008569281974935264,5,15,15
real,R,qwen_nonthinking,False,snap_collegemsg,plugin_ProfileAE_matched,0.0028154319501629524,0.001186991598022331,5,15,15
real,R,qwen_nonthinking,False,snap_email_eu,plugin_ProfileAE_matched,0.017329713866097697,0.002635530687539133,5,15,15
real,R,qwen_nonthinking,False,snap_mathoverflow,plugin_ProfileAE_matched,0.0022634534721139416,0.0005931972906603437,5,15,15
real,R,qwen_nonthinking,False,sp_highschool2013,plugin_ProfileAE_matched,0.0163136000220534,0.0038976969023552482,5,15,15
real,R,qwen_nonthinking,False,sp_hospital,plugin_ProfileAE_matched,0.02892326624459917,0.003210760108664369,5,15,15
real,R,qwen_nonthinking,False,copenhagen_bluetooth,delta_ProfileAE_vs_plugin,0.43803627633812814,0.021001669697784966,5,15,15
real,R,qwen_nonthinking,False,snap_collegemsg,delta_ProfileAE_vs_plugin,0.4662669498969249,0.05070875068712422,5,15,15
real,R,qwen_nonthinking,False,snap_email_eu,delta_ProfileAE_vs_plugin,0.36089688805953307,0.021963910288002868,5,15,15
real,R,qwen_nonthinking,False,snap_mathoverflow,delta_ProfileAE_vs_plugin,0.5198032030874171,0.01876305553940748,5,15,15
real,R,qwen_nonthinking,False,sp_highschool2013,delta_ProfileAE_vs_plugin,0.38103067636158355,0.016867187872705754,5,15,15
real,R,qwen_nonthinking,False,sp_hospital,delta_ProfileAE_vs_plugin,0.3492747583383683,0.02456170118866028,5,15,15
real,R,qwen_nonthinking,False,copenhagen_bluetooth,extratrees_AE2_all,0.013674528038615718,0.001826486651232316,5,15,15
real,R,qwen_nonthinking,False,snap_collegemsg,extratrees_AE2_all,0.0521925160242894,0.0028238725031247713,5,15,15
real,R,qwen_nonthinking,False,snap_email_eu,extratrees_AE2_all,0.007021145474114943,0.0029232253655784805,5,15,15
real,R,qwen_nonthinking,False,snap_mathoverflow,extratrees_AE2_all,0.01742430338933094,0.003297200690584847,5,15,15
real,R,qwen_nonthinking,False,sp_highschool2013,extratrees_AE2_all,0.046297193059451944,0.009288714531827464,5,15,15
real,R,qwen_nonthinking,False,sp_hospital,extratrees_AE2_all,0.0439244566273507,0.011512072616444224,5,15,15
real,R,qwen_nonthinking,False,copenhagen_bluetooth,extratrees_AE2_matched,0.013674528038615718,0.001826486651232316,5,15,15
real,R,qwen_nonthinking,False,snap_collegemsg,extratrees_AE2_matched,0.0521925160242894,0.0028238725031247713,5,15,15
real,R,qwen_nonthinking,False,snap_email_eu,extratrees_AE2_matched,0.007021145474114943,0.0029232253655784805,5,15,15
real,R,qwen_nonthinking,False,snap_mathoverflow,extratrees_AE2_matched,0.01742430338933094,0.003297200690584847,5,15,15
real,R,qwen_nonthinking,False,sp_highschool2013,extratrees_AE2_matched,0.046297193059451944,0.009288714531827464,5,15,15
real,R,qwen_nonthinking,False,sp_hospital,extratrees_AE2_matched,0.0439244566273507,0.011512072616444224,5,15,15
real,R,qwen_nonthinking,False,copenhagen_bluetooth,delta_AE2_vs_extratrees,0.46506645020858667,0.008932570445013856,5,15,15
real,R,qwen_nonthinking,False,snap_collegemsg,delta_AE2_vs_extratrees,0.6714245770045683,0.04498148692354806,5,15,15
real,R,qwen_nonthinking,False,snap_email_eu,delta_AE2_vs_extratrees,0.4132517628924189,0.008573110654331327,5,15,15
real,R,qwen_nonthinking,False,snap_mathoverflow,delta_AE2_vs_extratrees,0.7241917531255159,0.017817369467776425,5,15,15
real,R,qwen_nonthinking,False,sp_highschool2013,delta_AE2_vs_extratrees,0.38347409145985595,0.01356783334280988,5,15,15
real,R,qwen_nonthinking,False,sp_hospital,delta_AE2_vs_extratrees,0.3613482387194448,0.024044516869025378,5,15,15
real,R,qwen_nonthinking,False,copenhagen_bluetooth,extratrees_ProfileAE_all,0.017108916767950327,0.0008166430488235834,5,15,15
real,R,qwen_nonthinking,False,snap_collegemsg,extratrees_ProfileAE_all,0.020414209617105147,0.0021615245634891357,5,15,15
real,R,qwen_nonthinking,False,snap_email_eu,extratrees_ProfileAE_all,0.02549278388546037,0.0016863035123610903,5,15,15
real,R,qwen_nonthinking,False,snap_mathoverflow,extratrees_ProfileAE_all,0.007667553104144626,0.0006679669520817568,5,15,15
real,R,qwen_nonthinking,False,sp_highschool2013,extratrees_ProfileAE_all,0.027418256248172526,0.003319034385748114,5,15,15
real,R,qwen_nonthinking,False,sp_hospital,extratrees_ProfileAE_all,0.02610253382814415,0.005331959992213496,5,15,15
real,R,qwen_nonthinking,False,copenhagen_bluetooth,extratrees_ProfileAE_matched,0.017108916767950327,0.0008166430488235834,5,15,15
real,R,qwen_nonthinking,False,snap_collegemsg,extratrees_ProfileAE_matched,0.020414209617105147,0.0021615245634891357,5,15,15
real,R,qwen_nonthinking,False,snap_email_eu,extratrees_ProfileAE_matched,0.02549278388546037,0.0016863035123610903,5,15,15
real,R,qwen_nonthinking,False,snap_mathoverflow,extratrees_ProfileAE_matched,0.007667553104144626,0.0006679669520817568,5,15,15
real,R,qwen_nonthinking,False,sp_highschool2013,extratrees_ProfileAE_matched,0.027418256248172526,0.003319034385748114,5,15,15
real,R,qwen_nonthinking,False,sp_hospital,extratrees_ProfileAE_matched,0.02610253382814415,0.005331959992213496,5,15,15
real,R,qwen_nonthinking,False,copenhagen_bluetooth,delta_ProfileAE_vs_extratrees,0.4258520853696079,0.021593990570325447,5,15,15
real,R,qwen_nonthinking,False,snap_collegemsg,delta_ProfileAE_vs_extratrees,0.44866817222998256,0.05068569726951524,5,15,15
real,R,qwen_nonthinking,False,snap_email_eu,delta_ProfileAE_vs_extratrees,0.3527338180401704,0.021918619545267623,5,15,15
real,R,qwen_nonthinking,False,snap_mathoverflow,delta_ProfileAE_vs_extratrees,0.5143991034553864,0.01947462614588812,5,15,15
real,R,qwen_nonthinking,False,sp_highschool2013,delta_ProfileAE_vs_extratrees,0.3699260201354644,0.014189114433200114,5,15,15
real,R,qwen_nonthinking,False,sp_hospital,delta_ProfileAE_vs_extratrees,0.3520954907548233,0.026223776696961902,5,15,15
real,R,qwen_nonthinking,False,copenhagen_bluetooth,median_AE2_all,0.1567993430755243,2.7755575615628914e-17,5,15,15
real,R,qwen_nonthinking,False,snap_collegemsg,median_AE2_all,0.3157949930747082,1.850371707708594e-17,5,15,15
real,R,qwen_nonthinking,False,snap_email_eu,median_AE2_all,0.21560074628952602,1.850371707708594e-17,5,15,15
real,R,qwen_nonthinking,False,snap_mathoverflow,median_AE2_all,0.334460623227364,3.700743415417188e-17,5,15,15
real,R,qwen_nonthinking,False,sp_highschool2013,median_AE2_all,0.19543570347008538,3.700743415417188e-17,5,15,15
real,R,qwen_nonthinking,False,sp_hospital,median_AE2_all,0.1550009593092644,9.25185853854297e-18,5,15,15
real,R,qwen_nonthinking,False,copenhagen_bluetooth,median_AE2_matched,0.1567993430755243,2.7755575615628914e-17,5,15,15
real,R,qwen_nonthinking,False,snap_collegemsg,median_AE2_matched,0.3157949930747082,1.850371707708594e-17,5,15,15
real,R,qwen_nonthinking,False,snap_email_eu,median_AE2_matched,0.21560074628952602,1.850371707708594e-17,5,15,15
real,R,qwen_nonthinking,False,snap_mathoverflow,median_AE2_matched,0.334460623227364,3.700743415417188e-17,5,15,15
real,R,qwen_nonthinking,False,sp_highschool2013,median_AE2_matched,0.19543570347008538,3.700743415417188e-17,5,15,15
real,R,qwen_nonthinking,False,sp_hospital,median_AE2_matched,0.1550009593092644,9.25185853854297e-18,5,15,15
real,R,qwen_nonthinking,False,copenhagen_bluetooth,delta_AE2_vs_median,0.32194163517167806,0.007792446485040639,5,15,15
real,R,qwen_nonthinking,False,snap_collegemsg,delta_AE2_vs_median,0.4078220999541494,0.04430951741255295,5,15,15
real,R,qwen_nonthinking,False,snap_email_eu,delta_AE2_vs_median,0.20467216207700775,0.010522462745109722,5,15,15
real,R,qwen_nonthinking,False,snap_mathoverflow,delta_AE2_vs_median,0.4071554332874829,0.017421251390184335,5,15,15
real,R,qwen_nonthinking,False,sp_highschool2013,delta_AE2_vs_median,0.23433558104922256,0.006041522986797283,5,15,15
real,R,qwen_nonthinking,False,sp_hospital,delta_AE2_vs_median,0.25027173603753106,0.01790543058528458,5,15,15
real,R,qwen_nonthinking,False,copenhagen_bluetooth,median_ProfileAE_all,0.0900406131195264,0.0,5,15,15
real,R,qwen_nonthinking,False,snap_collegemsg,median_ProfileAE_all,0.13311101808443856,9.25185853854297e-18,5,15,15
real,R,qwen_nonthinking,False,snap_email_eu,median_ProfileAE_all,0.13602501333145378,0.0,5,15,15
real,R,qwen_nonthinking,False,snap_mathoverflow,median_ProfileAE_all,0.13551195946354852,0.0,5,15,15
real,R,qwen_nonthinking,False,sp_highschool2013,median_ProfileAE_all,0.11904067220678091,0.0,5,15,15
real,R,qwen_nonthinking,False,sp_hospital,median_ProfileAE_all,0.05606046567611099,4.625929269271485e-18,5,15,15
real,R,qwen_nonthinking,False,copenhagen_bluetooth,median_ProfileAE_matched,0.0900406131195264,0.0,5,15,15
real,R,qwen_nonthinking,False,snap_collegemsg,median_ProfileAE_matched,0.13311101808443856,9.25185853854297e-18,5,15,15
real,R,qwen_nonthinking,False,snap_email_eu,median_ProfileAE_matched,0.13602501333145378,0.0,5,15,15
real,R,qwen_nonthinking,False,snap_mathoverflow,median_ProfileAE_matched,0.13551195946354852,0.0,5,15,15
real,R,qwen_nonthinking,False,sp_highschool2013,median_ProfileAE_matched,0.11904067220678091,0.0,5,15,15
real,R,qwen_nonthinking,False,sp_hospital,median_ProfileAE_matched,0.05606046567611099,4.625929269271485e-18,5,15,15
real,R,qwen_nonthinking,False,copenhagen_bluetooth,delta_ProfileAE_vs_median,0.35292038901803185,0.021611333189375945,5,15,15
real,R,qwen_nonthinking,False,snap_collegemsg,delta_ProfileAE_vs_median,0.33597136376264924,0.04971194803845226,5,15,15
real,R,qwen_nonthinking,False,snap_email_eu,delta_ProfileAE_vs_median,0.24220158859417704,0.021223457279361643,5,15,15
real,R,qwen_nonthinking,False,snap_mathoverflow,delta_ProfileAE_vs_median,0.3865546970959825,0.019115874729309843,5,15,15
real,R,qwen_nonthinking,False,sp_highschool2013,delta_ProfileAE_vs_median,0.2783036041768561,0.01504991694329241,5,15,15
real,R,qwen_nonthinking,False,sp_hospital,delta_ProfileAE_vs_median,0.32213755890685647,0.023761570281069854,5,15,15
real,S,qwen_thinking,False,copenhagen_bluetooth,valid_fraction,1.0,0.0,5,15,15
real,S,qwen_thinking,False,snap_collegemsg,valid_fraction,1.0,0.0,5,15,15
real,S,qwen_thinking,False,snap_email_eu,valid_fraction,1.0,0.0,5,15,15
real,S,qwen_thinking,False,snap_mathoverflow,valid_fraction,1.0,0.0,5,15,15
real,S,qwen_thinking,False,sp_highschool2013,valid_fraction,1.0,0.0,5,15,15
real,S,qwen_thinking,False,sp_hospital,valid_fraction,1.0,0.0,5,15,15
real,S,qwen_thinking,False,copenhagen_bluetooth,AE2,0.07073787229522618,0.03077276191121508,5,15,15
real,S,qwen_thinking,False,snap_collegemsg,AE2,0.028915322732602985,0.013191056977223857,5,15,15
real,S,qwen_thinking,False,snap_email_eu,AE2,0.04674792631330676,0.026822212823156028,5,15,15
real,S,qwen_thinking,False,snap_mathoverflow,AE2,0.018039586434323126,0.013177733296791883,5,15,15
real,S,qwen_thinking,False,sp_highschool2013,AE2,0.11125475236694965,0.031180572917387357,5,15,15
real,S,qwen_thinking,False,sp_hospital,AE2,0.15210380167341706,0.03832444171258552,5,15,15
real,S,qwen_thinking,False,copenhagen_bluetooth,ProfileAE,0.04777625383801172,0.024530552566698133,5,15,15
real,S,qwen_thinking,False,snap_collegemsg,ProfileAE,0.009987469809504023,0.004351235247622042,5,15,15
real,S,qwen_thinking,False,snap_email_eu,ProfileAE,0.03672652106814741,0.025913042637633138,5,15,15
real,S,qwen_thinking,False,snap_mathoverflow,ProfileAE,0.007035434225906896,0.00523436888734074,5,15,15
real,S,qwen_thinking,False,sp_highschool2013,ProfileAE,0.09228196988822139,0.02863668202434963,5,15,15
real,S,qwen_thinking,False,sp_hospital,ProfileAE,0.07895955519055671,0.0215165726506728,5,15,15
real,S,qwen_thinking,False,copenhagen_bluetooth,signed_rho2,0.002772552485202321,0.04403843426301679,5,15,15
real,S,qwen_thinking,False,snap_collegemsg,signed_rho2,0.014833705948857733,0.009569813598967062,5,15,15
real,S,qwen_thinking,False,snap_email_eu,signed_rho2,0.03268225300653381,0.03160286124678418,5,15,15
real,S,qwen_thinking,False,snap_mathoverflow,signed_rho2,0.005186312514846858,0.009482800491541071,5,15,15
real,S,qwen_thinking,False,sp_highschool2013,signed_rho2,0.09063419950800615,0.0448663969848267,5,15,15
real,S,qwen_thinking,False,sp_hospital,signed_rho2,0.12316083163774466,0.04633809377572597,5,15,15
real,S,qwen_thinking,False,copenhagen_bluetooth,budget_matched,1.0,0.0,5,15,15
real,S,qwen_thinking,False,snap_collegemsg,budget_matched,1.0,0.0,5,15,15
real,S,qwen_thinking,False,snap_email_eu,budget_matched,1.0,0.0,5,15,15
real,S,qwen_thinking,False,snap_mathoverflow,budget_matched,1.0,0.0,5,15,15
real,S,qwen_thinking,False,sp_highschool2013,budget_matched,1.0,0.0,5,15,15
real,S,qwen_thinking,False,sp_hospital,budget_matched,1.0,0.0,5,15,15
real,S,qwen_thinking,False,copenhagen_bluetooth,baseline_AE2_all,0.01553350289233385,0.006508921203990821,5,15,15
real,S,qwen_thinking,False,snap_collegemsg,baseline_AE2_all,0.007341189150281624,0.0016078404363613257,5,15,15
real,S,qwen_thinking,False,snap_email_eu,baseline_AE2_all,0.019798014171489586,0.0018527590730822022,5,15,15
real,S,qwen_thinking,False,snap_mathoverflow,baseline_AE2_all,0.0021105305183148487,0.0005486955200625245,5,15,15
real,S,qwen_thinking,False,sp_highschool2013,baseline_AE2_all,0.04467864900996529,0.006597524254305049,5,15,15
real,S,qwen_thinking,False,sp_hospital,baseline_AE2_all,0.09528110853965031,0.03473440103363762,5,15,15
real,S,qwen_thinking,False,copenhagen_bluetooth,baseline_AE2_matched,0.01553350289233385,0.006508921203990821,5,15,15
real,S,qwen_thinking,False,snap_collegemsg,baseline_AE2_matched,0.007341189150281624,0.0016078404363613257,5,15,15
real,S,qwen_thinking,False,snap_email_eu,baseline_AE2_matched,0.019798014171489586,0.0018527590730822022,5,15,15
real,S,qwen_thinking,False,snap_mathoverflow,baseline_AE2_matched,0.0021105305183148487,0.0005486955200625245,5,15,15
real,S,qwen_thinking,False,sp_highschool2013,baseline_AE2_matched,0.04467864900996529,0.006597524254305049,5,15,15
real,S,qwen_thinking,False,sp_hospital,baseline_AE2_matched,0.09528110853965031,0.03473440103363762,5,15,15
real,S,qwen_thinking,False,copenhagen_bluetooth,delta_AE2_vs_baseline,0.055204369402892334,0.03382660792222374,5,15,15
real,S,qwen_thinking,False,snap_collegemsg,delta_AE2_vs_baseline,0.02157413358232136,0.013378591018831966,5,15,15
real,S,qwen_thinking,False,snap_email_eu,delta_AE2_vs_baseline,0.026949912141817176,0.0269528496255586,5,15,15
real,S,qwen_thinking,False,snap_mathoverflow,delta_AE2_vs_baseline,0.01592905591600828,0.01266255477435719,5,15,15
real,S,qwen_thinking,False,sp_highschool2013,delta_AE2_vs_baseline,0.06657610335698436,0.027223844269521836,5,15,15
real,S,qwen_thinking,False,sp_hospital,delta_AE2_vs_baseline,0.05682269313376677,0.03136897714141342,5,15,15
real,S,qwen_thinking,False,copenhagen_bluetooth,baseline_ProfileAE_all,0.008433676989783508,0.003843917928826305,5,15,15
real,S,qwen_thinking,False,snap_collegemsg,baseline_ProfileAE_all,0.0029260446351555597,0.0003684656294762086,5,15,15
real,S,qwen_thinking,False,snap_email_eu,baseline_ProfileAE_all,0.012153126821439755,0.0023198021435469865,5,15,15
real,S,qwen_thinking,False,snap_mathoverflow,baseline_ProfileAE_all,0.0007446101031475783,0.000137600427159213,5,15,15
real,S,qwen_thinking,False,sp_highschool2013,baseline_ProfileAE_all,0.027658383289651967,0.004152113885620381,5,15,15
real,S,qwen_thinking,False,sp_hospital,baseline_ProfileAE_all,0.04123721783980917,0.012084597439599932,5,15,15
real,S,qwen_thinking,False,copenhagen_bluetooth,baseline_ProfileAE_matched,0.008433676989783508,0.003843917928826305,5,15,15
real,S,qwen_thinking,False,snap_collegemsg,baseline_ProfileAE_matched,0.0029260446351555597,0.0003684656294762086,5,15,15
real,S,qwen_thinking,False,snap_email_eu,baseline_ProfileAE_matched,0.012153126821439755,0.0023198021435469865,5,15,15
real,S,qwen_thinking,False,snap_mathoverflow,baseline_ProfileAE_matched,0.0007446101031475783,0.000137600427159213,5,15,15
real,S,qwen_thinking,False,sp_highschool2013,baseline_ProfileAE_matched,0.027658383289651967,0.004152113885620381,5,15,15
real,S,qwen_thinking,False,sp_hospital,baseline_ProfileAE_matched,0.04123721783980917,0.012084597439599932,5,15,15
real,S,qwen_thinking,False,copenhagen_bluetooth,delta_ProfileAE_vs_baseline,0.03934257684822822,0.026419342274122414,5,15,15
real,S,qwen_thinking,False,snap_collegemsg,delta_ProfileAE_vs_baseline,0.007061425174348463,0.004327039996999895,5,15,15
real,S,qwen_thinking,False,snap_email_eu,delta_ProfileAE_vs_baseline,0.024573394246707656,0.024574978190311406,5,15,15
real,S,qwen_thinking,False,snap_mathoverflow,delta_ProfileAE_vs_baseline,0.006290824122759317,0.00512782545360581,5,15,15
real,S,qwen_thinking,False,sp_highschool2013,delta_ProfileAE_vs_baseline,0.06462358659856943,0.026588178033628052,5,15,15
real,S,qwen_thinking,False,sp_hospital,delta_ProfileAE_vs_baseline,0.03772233735074753,0.02177823979125041,5,15,15
real,S,qwen_thinking,False,copenhagen_bluetooth,plugin_AE2_all,0.42242768899149336,0.0024325498160809337,5,15,15
real,S,qwen_thinking,False,snap_collegemsg,plugin_AE2_all,0.1478354166252774,0.0034350269797589522,5,15,15
real,S,qwen_thinking,False,snap_email_eu,plugin_AE2_all,0.4182383538936618,0.0032823593701207863,5,15,15
real,S,qwen_thinking,False,snap_mathoverflow,plugin_AE2_all,0.15450201127726876,0.0024712288735969177,5,15,15
real,S,qwen_thinking,False,sp_highschool2013,plugin_AE2_all,0.3957955719248357,0.007569070975897295,5,15,15
real,S,qwen_thinking,False,sp_hospital,plugin_AE2_all,0.33735672235291847,0.011221304220315944,5,15,15
real,S,qwen_thinking,False,copenhagen_bluetooth,plugin_AE2_matched,0.42242768899149336,0.0024325498160809337,5,15,15
real,S,qwen_thinking,False,snap_collegemsg,plugin_AE2_matched,0.1478354166252774,0.0034350269797589522,5,15,15
real,S,qwen_thinking,False,snap_email_eu,plugin_AE2_matched,0.4182383538936618,0.0032823593701207863,5,15,15
real,S,qwen_thinking,False,snap_mathoverflow,plugin_AE2_matched,0.15450201127726876,0.0024712288735969177,5,15,15
real,S,qwen_thinking,False,sp_highschool2013,plugin_AE2_matched,0.3957955719248357,0.007569070975897295,5,15,15
real,S,qwen_thinking,False,sp_hospital,plugin_AE2_matched,0.33735672235291847,0.011221304220315944,5,15,15
real,S,qwen_thinking,False,copenhagen_bluetooth,delta_AE2_vs_plugin,-0.3516898166962672,0.031239382937548646,5,15,15
real,S,qwen_thinking,False,snap_collegemsg,delta_AE2_vs_plugin,-0.11892009389267441,0.014685849779140774,5,15,15
real,S,qwen_thinking,False,snap_email_eu,delta_AE2_vs_plugin,-0.3714904275803551,0.025817247087054285,5,15,15
real,S,qwen_thinking,False,snap_mathoverflow,delta_AE2_vs_plugin,-0.1364624248429456,0.011718225894510357,5,15,15
real,S,qwen_thinking,False,sp_highschool2013,delta_AE2_vs_plugin,-0.28454081955788607,0.03656879389096818,5,15,15
real,S,qwen_thinking,False,sp_hospital,delta_AE2_vs_plugin,-0.18525292067950136,0.03691777375651147,5,15,15
real,S,qwen_thinking,False,copenhagen_bluetooth,plugin_ProfileAE_all,0.4038162208541187,0.002287172757064476,5,15,15
real,S,qwen_thinking,False,snap_collegemsg,plugin_ProfileAE_all,0.049870821926187116,0.0022589565768810793,5,15,15
real,S,qwen_thinking,False,snap_email_eu,plugin_ProfileAE_all,0.39182454607461853,0.003684780507222661,5,15,15
real,S,qwen_thinking,False,snap_mathoverflow,plugin_ProfileAE_all,0.0654135797092507,0.0009085489473073305,5,15,15
real,S,qwen_thinking,False,sp_highschool2013,plugin_ProfileAE_all,0.3722891536021018,0.016976291997528824,5,15,15
real,S,qwen_thinking,False,sp_hospital,plugin_ProfileAE_all,0.1983500379069817,0.00908377027855682,5,15,15
real,S,qwen_thinking,False,copenhagen_bluetooth,plugin_ProfileAE_matched,0.4038162208541187,0.002287172757064476,5,15,15
real,S,qwen_thinking,False,snap_collegemsg,plugin_ProfileAE_matched,0.049870821926187116,0.0022589565768810793,5,15,15
real,S,qwen_thinking,False,snap_email_eu,plugin_ProfileAE_matched,0.39182454607461853,0.003684780507222661,5,15,15
real,S,qwen_thinking,False,snap_mathoverflow,plugin_ProfileAE_matched,0.0654135797092507,0.0009085489473073305,5,15,15
real,S,qwen_thinking,False,sp_highschool2013,plugin_ProfileAE_matched,0.3722891536021018,0.016976291997528824,5,15,15
real,S,qwen_thinking,False,sp_hospital,plugin_ProfileAE_matched,0.1983500379069817,0.00908377027855682,5,15,15
real,S,qwen_thinking,False,copenhagen_bluetooth,delta_ProfileAE_vs_plugin,-0.35603996701610713,0.024862354873892933,5,15,15
real,S,qwen_thinking,False,snap_collegemsg,delta_ProfileAE_vs_plugin,-0.039883352116683084,0.00514402839878351,5,15,15
real,S,qwen_thinking,False,snap_email_eu,delta_ProfileAE_vs_plugin,-0.3550980250064712,0.027669552157248523,5,15,15
real,S,qwen_thinking,False,snap_mathoverflow,delta_ProfileAE_vs_plugin,-0.058378145483343816,0.0047877937250596185,5,15,15
real,S,qwen_thinking,False,sp_highschool2013,delta_ProfileAE_vs_plugin,-0.2800071837138804,0.03926159684751618,5,15,15
real,S,qwen_thinking,False,sp_hospital,delta_ProfileAE_vs_plugin,-0.11939048271642493,0.02412293831740313,5,15,15
real,S,qwen_thinking,False,copenhagen_bluetooth,extratrees_AE2_all,0.004066210947459692,0.0013237270158769697,5,15,15
real,S,qwen_thinking,False,snap_collegemsg,extratrees_AE2_all,0.04638246838964364,0.0018428947812459304,5,15,15
real,S,qwen_thinking,False,snap_email_eu,extratrees_AE2_all,0.033994314007288674,0.0013626381031202773,5,15,15
real,S,qwen_thinking,False,snap_mathoverflow,extratrees_AE2_all,0.03383591357215564,0.0013529167015506503,5,15,15
real,S,qwen_thinking,False,sp_highschool2013,extratrees_AE2_all,0.050889868722721054,0.004533446681596201,5,15,15
real,S,qwen_thinking,False,sp_hospital,extratrees_AE2_all,0.0708601179480234,0.017379521960897426,5,15,15
real,S,qwen_thinking,False,copenhagen_bluetooth,extratrees_AE2_matched,0.004066210947459692,0.0013237270158769697,5,15,15
real,S,qwen_thinking,False,snap_collegemsg,extratrees_AE2_matched,0.04638246838964364,0.0018428947812459304,5,15,15
real,S,qwen_thinking,False,snap_email_eu,extratrees_AE2_matched,0.033994314007288674,0.0013626381031202773,5,15,15
real,S,qwen_thinking,False,snap_mathoverflow,extratrees_AE2_matched,0.03383591357215564,0.0013529167015506503,5,15,15
real,S,qwen_thinking,False,sp_highschool2013,extratrees_AE2_matched,0.050889868722721054,0.004533446681596201,5,15,15
real,S,qwen_thinking,False,sp_hospital,extratrees_AE2_matched,0.0708601179480234,0.017379521960897426,5,15,15
real,S,qwen_thinking,False,copenhagen_bluetooth,delta_AE2_vs_extratrees,0.06667166134776649,0.03168441584905418,5,15,15
real,S,qwen_thinking,False,snap_collegemsg,delta_AE2_vs_extratrees,-0.017467145657040654,0.014824736058128188,5,15,15
real,S,qwen_thinking,False,snap_email_eu,delta_AE2_vs_extratrees,0.012753612306018089,0.028097577410409344,5,15,15
real,S,qwen_thinking,False,snap_mathoverflow,delta_AE2_vs_extratrees,-0.015796327137832515,0.012773573674607653,5,15,15
real,S,qwen_thinking,False,sp_highschool2013,delta_AE2_vs_extratrees,0.06036488364422861,0.028547768810293847,5,15,15
real,S,qwen_thinking,False,sp_hospital,delta_AE2_vs_extratrees,0.08124368372539367,0.041807317286772415,5,15,15
real,S,qwen_thinking,False,copenhagen_bluetooth,extratrees_ProfileAE_all,0.0188078643725329,0.0013369486759657778,5,15,15
real,S,qwen_thinking,False,snap_collegemsg,extratrees_ProfileAE_all,0.017669910174754912,0.0007629253584580927,5,15,15
real,S,qwen_thinking,False,snap_email_eu,extratrees_ProfileAE_all,0.019173906148217804,0.0005374885446686677,5,15,15
real,S,qwen_thinking,False,snap_mathoverflow,extratrees_ProfileAE_all,0.010174980458045798,0.0002636252140941722,5,15,15
real,S,qwen_thinking,False,sp_highschool2013,extratrees_ProfileAE_all,0.026755062917122922,0.006342721776534654,5,15,15
real,S,qwen_thinking,False,sp_hospital,extratrees_ProfileAE_all,0.05143360630778673,0.013195425672660775,5,15,15
real,S,qwen_thinking,False,copenhagen_bluetooth,extratrees_ProfileAE_matched,0.0188078643725329,0.0013369486759657778,5,15,15
real,S,qwen_thinking,False,snap_collegemsg,extratrees_ProfileAE_matched,0.017669910174754912,0.0007629253584580927,5,15,15
real,S,qwen_thinking,False,snap_email_eu,extratrees_ProfileAE_matched,0.019173906148217804,0.0005374885446686677,5,15,15
real,S,qwen_thinking,False,snap_mathoverflow,extratrees_ProfileAE_matched,0.010174980458045798,0.0002636252140941722,5,15,15
real,S,qwen_thinking,False,sp_highschool2013,extratrees_ProfileAE_matched,0.026755062917122922,0.006342721776534654,5,15,15
real,S,qwen_thinking,False,sp_hospital,extratrees_ProfileAE_matched,0.05143360630778673,0.013195425672660775,5,15,15
real,S,qwen_thinking,False,copenhagen_bluetooth,delta_ProfileAE_vs_extratrees,0.02896838946547883,0.024829760491215606,5,15,15
real,S,qwen_thinking,False,snap_collegemsg,delta_ProfileAE_vs_extratrees,-0.007682440365250887,0.004816576495873592,5,15,15
real,S,qwen_thinking,False,snap_email_eu,delta_ProfileAE_vs_extratrees,0.017552614919929606,0.02561893522893283,5,15,15
real,S,qwen_thinking,False,snap_mathoverflow,delta_ProfileAE_vs_extratrees,-0.003139546232138905,0.005119888387880328,5,15,15
real,S,qwen_thinking,False,sp_highschool2013,delta_ProfileAE_vs_extratrees,0.06552690697109846,0.02576188703241535,5,15,15
real,S,qwen_thinking,False,sp_hospital,delta_ProfileAE_vs_extratrees,0.027525948882769987,0.02905861855997483,5,15,15
real,S,qwen_thinking,False,copenhagen_bluetooth,median_AE2_all,0.1567993430755243,2.7755575615628914e-17,5,15,15
real,S,qwen_thinking,False,snap_collegemsg,median_AE2_all,0.3157949930747082,1.850371707708594e-17,5,15,15
real,S,qwen_thinking,False,snap_email_eu,median_AE2_all,0.21560074628952602,1.850371707708594e-17,5,15,15
real,S,qwen_thinking,False,snap_mathoverflow,median_AE2_all,0.334460623227364,3.700743415417188e-17,5,15,15
real,S,qwen_thinking,False,sp_highschool2013,median_AE2_all,0.19543570347008538,3.700743415417188e-17,5,15,15
real,S,qwen_thinking,False,sp_hospital,median_AE2_all,0.1550009593092644,9.25185853854297e-18,5,15,15
real,S,qwen_thinking,False,copenhagen_bluetooth,median_AE2_matched,0.1567993430755243,2.7755575615628914e-17,5,15,15
real,S,qwen_thinking,False,snap_collegemsg,median_AE2_matched,0.3157949930747082,1.850371707708594e-17,5,15,15
real,S,qwen_thinking,False,snap_email_eu,median_AE2_matched,0.21560074628952602,1.850371707708594e-17,5,15,15
real,S,qwen_thinking,False,snap_mathoverflow,median_AE2_matched,0.334460623227364,3.700743415417188e-17,5,15,15
real,S,qwen_thinking,False,sp_highschool2013,median_AE2_matched,0.19543570347008538,3.700743415417188e-17,5,15,15
real,S,qwen_thinking,False,sp_hospital,median_AE2_matched,0.1550009593092644,9.25185853854297e-18,5,15,15
real,S,qwen_thinking,False,copenhagen_bluetooth,delta_AE2_vs_median,-0.08606147078029805,0.030772761911215085,5,15,15
real,S,qwen_thinking,False,snap_collegemsg,delta_AE2_vs_median,-0.28687967034210526,0.013191056977223857,5,15,15
real,S,qwen_thinking,False,snap_email_eu,delta_AE2_vs_median,-0.1688528199762193,0.026822212823156028,5,15,15
real,S,qwen_thinking,False,snap_mathoverflow,delta_AE2_vs_median,-0.3164210367930409,0.013177733296791887,5,15,15
real,S,qwen_thinking,False,sp_highschool2013,delta_AE2_vs_median,-0.08418095110313567,0.031180572917387357,5,15,15
real,S,qwen_thinking,False,sp_hospital,delta_AE2_vs_median,-0.002897157635847362,0.03832444171258552,5,15,15
real,S,qwen_thinking,False,copenhagen_bluetooth,median_ProfileAE_all,0.0900406131195264,0.0,5,15,15
real,S,qwen_thinking,False,snap_collegemsg,median_ProfileAE_all,0.13311101808443856,9.25185853854297e-18,5,15,15
real,S,qwen_thinking,False,snap_email_eu,median_ProfileAE_all,0.13602501333145378,0.0,5,15,15
real,S,qwen_thinking,False,snap_mathoverflow,median_ProfileAE_all,0.13551195946354852,0.0,5,15,15
real,S,qwen_thinking,False,sp_highschool2013,median_ProfileAE_all,0.11904067220678091,0.0,5,15,15
real,S,qwen_thinking,False,sp_hospital,median_ProfileAE_all,0.05606046567611099,4.625929269271485e-18,5,15,15
real,S,qwen_thinking,False,copenhagen_bluetooth,median_ProfileAE_matched,0.0900406131195264,0.0,5,15,15
real,S,qwen_thinking,False,snap_collegemsg,median_ProfileAE_matched,0.13311101808443856,9.25185853854297e-18,5,15,15
real,S,qwen_thinking,False,snap_email_eu,median_ProfileAE_matched,0.13602501333145378,0.0,5,15,15
real,S,qwen_thinking,False,snap_mathoverflow,median_ProfileAE_matched,0.13551195946354852,0.0,5,15,15
real,S,qwen_thinking,False,sp_highschool2013,median_ProfileAE_matched,0.11904067220678091,0.0,5,15,15
real,S,qwen_thinking,False,sp_hospital,median_ProfileAE_matched,0.05606046567611099,4.625929269271485e-18,5,15,15
real,S,qwen_thinking,False,copenhagen_bluetooth,delta_ProfileAE_vs_median,-0.04226435928151466,0.024530552566698133,5,15,15
real,S,qwen_thinking,False,snap_collegemsg,delta_ProfileAE_vs_median,-0.1231235482749345,0.004351235247622039,5,15,15
real,S,qwen_thinking,False,snap_email_eu,delta_ProfileAE_vs_median,-0.09929849226330636,0.025913042637633138,5,15,15
real,S,qwen_thinking,False,snap_mathoverflow,delta_ProfileAE_vs_median,-0.1284765252376416,0.005234368887340739,5,15,15
real,S,qwen_thinking,False,sp_highschool2013,delta_ProfileAE_vs_median,-0.0267587023185595,0.02863668202434963,5,15,15
real,S,qwen_thinking,False,sp_hospital,delta_ProfileAE_vs_median,0.02289908951444574,0.021516572650672805,5,15,15
real,S,qwen_nonthinking,False,copenhagen_bluetooth,valid_fraction,1.0,0.0,5,15,15
real,S,qwen_nonthinking,False,snap_collegemsg,valid_fraction,1.0,0.0,5,15,15
real,S,qwen_nonthinking,False,snap_email_eu,valid_fraction,1.0,0.0,5,15,15
real,S,qwen_nonthinking,False,snap_mathoverflow,valid_fraction,1.0,0.0,5,15,15
real,S,qwen_nonthinking,False,sp_highschool2013,valid_fraction,1.0,0.0,5,15,15
real,S,qwen_nonthinking,False,sp_hospital,valid_fraction,1.0,0.0,5,15,15
real,S,qwen_nonthinking,False,copenhagen_bluetooth,AE2,0.4820743115805356,0.007043515536371799,5,15,15
real,S,qwen_nonthinking,False,snap_collegemsg,AE2,0.5306170930288576,0.061748594226013656,5,15,15
real,S,qwen_nonthinking,False,snap_email_eu,AE2,0.4112729083665339,0.01465719391061377,5,15,15
real,S,qwen_nonthinking,False,snap_mathoverflow,AE2,0.757216056514847,0.00776416268648607,5,15,15
real,S,qwen_nonthinking,False,sp_highschool2013,AE2,0.44543795118597457,0.011578236288638927,5,15,15
real,S,qwen_nonthinking,False,sp_hospital,AE2,0.44687269534679547,0.026364959911046912,5,15,15
real,S,qwen_nonthinking,False,copenhagen_bluetooth,ProfileAE,0.46059433547089146,0.021732911550099387,5,15,15
real,S,qwen_nonthinking,False,snap_collegemsg,ProfileAE,0.3074157151804211,0.04604375937928807,5,15,15
real,S,qwen_nonthinking,False,snap_email_eu,ProfileAE,0.36989326859229743,0.035405847367034976,5,15,15
real,S,qwen_nonthinking,False,snap_mathoverflow,ProfileAE,0.4966166565595311,0.022751016460808945,5,15,15
real,S,qwen_nonthinking,False,sp_highschool2013,ProfileAE,0.4040776097169703,0.019135144368412804,5,15,15
real,S,qwen_nonthinking,False,sp_hospital,ProfileAE,0.44024802458296747,0.05118729225978738,5,15,15
real,S,qwen_nonthinking,False,copenhagen_bluetooth,signed_rho2,0.4820743115805356,0.007043515536371799,5,15,15
real,S,qwen_nonthinking,False,snap_collegemsg,signed_rho2,0.5306170930288576,0.061748594226013656,5,15,15
real,S,qwen_nonthinking,False,snap_email_eu,signed_rho2,0.4112729083665339,0.01465719391061377,5,15,15
real,S,qwen_nonthinking,False,snap_mathoverflow,signed_rho2,0.757216056514847,0.00776416268648607,5,15,15
real,S,qwen_nonthinking,False,sp_highschool2013,signed_rho2,0.44543795118597457,0.011578236288638927,5,15,15
real,S,qwen_nonthinking,False,sp_hospital,signed_rho2,0.44687269534679547,0.026364959911046912,5,15,15
real,S,qwen_nonthinking,False,copenhagen_bluetooth,budget_matched,1.0,0.0,5,15,15
real,S,qwen_nonthinking,False,snap_collegemsg,budget_matched,1.0,0.0,5,15,15
real,S,qwen_nonthinking,False,snap_email_eu,budget_matched,1.0,0.0,5,15,15
real,S,qwen_nonthinking,False,snap_mathoverflow,budget_matched,1.0,0.0,5,15,15
real,S,qwen_nonthinking,False,sp_highschool2013,budget_matched,1.0,0.0,5,15,15
real,S,qwen_nonthinking,False,sp_hospital,budget_matched,1.0,0.0,5,15,15
real,S,qwen_nonthinking,False,copenhagen_bluetooth,baseline_AE2_all,0.01553350289233385,0.006508921203990821,5,15,15
real,S,qwen_nonthinking,False,snap_collegemsg,baseline_AE2_all,0.007341189150281624,0.0016078404363613257,5,15,15
real,S,qwen_nonthinking,False,snap_email_eu,baseline_AE2_all,0.019798014171489586,0.0018527590730822022,5,15,15
real,S,qwen_nonthinking,False,snap_mathoverflow,baseline_AE2_all,0.0021105305183148487,0.0005486955200625245,5,15,15
real,S,qwen_nonthinking,False,sp_highschool2013,baseline_AE2_all,0.04467864900996529,0.006597524254305049,5,15,15
real,S,qwen_nonthinking,False,sp_hospital,baseline_AE2_all,0.09528110853965031,0.03473440103363762,5,15,15
real,S,qwen_nonthinking,False,copenhagen_bluetooth,baseline_AE2_matched,0.01553350289233385,0.006508921203990821,5,15,15
real,S,qwen_nonthinking,False,snap_collegemsg,baseline_AE2_matched,0.007341189150281624,0.0016078404363613257,5,15,15
real,S,qwen_nonthinking,False,snap_email_eu,baseline_AE2_matched,0.019798014171489586,0.0018527590730822022,5,15,15
real,S,qwen_nonthinking,False,snap_mathoverflow,baseline_AE2_matched,0.0021105305183148487,0.0005486955200625245,5,15,15
real,S,qwen_nonthinking,False,sp_highschool2013,baseline_AE2_matched,0.04467864900996529,0.006597524254305049,5,15,15
real,S,qwen_nonthinking,False,sp_hospital,baseline_AE2_matched,0.09528110853965031,0.03473440103363762,5,15,15
real,S,qwen_nonthinking,False,copenhagen_bluetooth,delta_AE2_vs_baseline,0.46654080868820186,0.006874020142871307,5,15,15
real,S,qwen_nonthinking,False,snap_collegemsg,delta_AE2_vs_baseline,0.523275903878576,0.06261826870211368,5,15,15
real,S,qwen_nonthinking,False,snap_email_eu,delta_AE2_vs_baseline,0.3914748941950442,0.01507599868724802,5,15,15
real,S,qwen_nonthinking,False,snap_mathoverflow,delta_AE2_vs_baseline,0.7551055259965319,0.008288908865098315,5,15,15
real,S,qwen_nonthinking,False,sp_highschool2013,delta_AE2_vs_baseline,0.4007593021760093,0.014293941174052886,5,15,15
real,S,qwen_nonthinking,False,sp_hospital,delta_AE2_vs_baseline,0.35159158680714514,0.040580803732971425,5,15,15
real,S,qwen_nonthinking,False,copenhagen_bluetooth,baseline_ProfileAE_all,0.008433676989783508,0.003843917928826305,5,15,15
real,S,qwen_nonthinking,False,snap_collegemsg,baseline_ProfileAE_all,0.0029260446351555597,0.0003684656294762086,5,15,15
real,S,qwen_nonthinking,False,snap_email_eu,baseline_ProfileAE_all,0.012153126821439755,0.0023198021435469865,5,15,15
real,S,qwen_nonthinking,False,snap_mathoverflow,baseline_ProfileAE_all,0.0007446101031475783,0.000137600427159213,5,15,15
real,S,qwen_nonthinking,False,sp_highschool2013,baseline_ProfileAE_all,0.027658383289651967,0.004152113885620381,5,15,15
real,S,qwen_nonthinking,False,sp_hospital,baseline_ProfileAE_all,0.04123721783980917,0.012084597439599932,5,15,15
real,S,qwen_nonthinking,False,copenhagen_bluetooth,baseline_ProfileAE_matched,0.008433676989783508,0.003843917928826305,5,15,15
real,S,qwen_nonthinking,False,snap_collegemsg,baseline_ProfileAE_matched,0.0029260446351555597,0.0003684656294762086,5,15,15
real,S,qwen_nonthinking,False,snap_email_eu,baseline_ProfileAE_matched,0.012153126821439755,0.0023198021435469865,5,15,15
real,S,qwen_nonthinking,False,snap_mathoverflow,baseline_ProfileAE_matched,0.0007446101031475783,0.000137600427159213,5,15,15
real,S,qwen_nonthinking,False,sp_highschool2013,baseline_ProfileAE_matched,0.027658383289651967,0.004152113885620381,5,15,15
real,S,qwen_nonthinking,False,sp_hospital,baseline_ProfileAE_matched,0.04123721783980917,0.012084597439599932,5,15,15
real,S,qwen_nonthinking,False,copenhagen_bluetooth,delta_ProfileAE_vs_baseline,0.452160658481108,0.02120444278033272,5,15,15
real,S,qwen_nonthinking,False,snap_collegemsg,delta_ProfileAE_vs_baseline,0.3044896705452656,0.0461618003842253,5,15,15
real,S,qwen_nonthinking,False,snap_email_eu,delta_ProfileAE_vs_baseline,0.3577401417708577,0.036398533214753524,5,15,15
real,S,qwen_nonthinking,False,snap_mathoverflow,delta_ProfileAE_vs_baseline,0.49587204645638355,0.02288110145791566,5,15,15
real,S,qwen_nonthinking,False,sp_highschool2013,delta_ProfileAE_vs_baseline,0.3764192264273184,0.018476503360837993,5,15,15
real,S,qwen_nonthinking,False,sp_hospital,delta_ProfileAE_vs_baseline,0.3990108067431583,0.05056374592655191,5,15,15
real,S,qwen_nonthinking,False,copenhagen_bluetooth,plugin_AE2_all,0.42242768899149336,0.0024325498160809337,5,15,15
real,S,qwen_nonthinking,False,snap_collegemsg,plugin_AE2_all,0.1478354166252774,0.0034350269797589522,5,15,15
real,S,qwen_nonthinking,False,snap_email_eu,plugin_AE2_all,0.4182383538936618,0.0032823593701207863,5,15,15
real,S,qwen_nonthinking,False,snap_mathoverflow,plugin_AE2_all,0.15450201127726876,0.0024712288735969177,5,15,15
real,S,qwen_nonthinking,False,sp_highschool2013,plugin_AE2_all,0.3957955719248357,0.007569070975897295,5,15,15
real,S,qwen_nonthinking,False,sp_hospital,plugin_AE2_all,0.33735672235291847,0.011221304220315944,5,15,15
real,S,qwen_nonthinking,False,copenhagen_bluetooth,plugin_AE2_matched,0.42242768899149336,0.0024325498160809337,5,15,15
real,S,qwen_nonthinking,False,snap_collegemsg,plugin_AE2_matched,0.1478354166252774,0.0034350269797589522,5,15,15
real,S,qwen_nonthinking,False,snap_email_eu,plugin_AE2_matched,0.4182383538936618,0.0032823593701207863,5,15,15
real,S,qwen_nonthinking,False,snap_mathoverflow,plugin_AE2_matched,0.15450201127726876,0.0024712288735969177,5,15,15
real,S,qwen_nonthinking,False,sp_highschool2013,plugin_AE2_matched,0.3957955719248357,0.007569070975897295,5,15,15
real,S,qwen_nonthinking,False,sp_hospital,plugin_AE2_matched,0.33735672235291847,0.011221304220315944,5,15,15
real,S,qwen_nonthinking,False,copenhagen_bluetooth,delta_AE2_vs_plugin,0.05964662258904223,0.0054773324499107524,5,15,15
real,S,qwen_nonthinking,False,snap_collegemsg,delta_AE2_vs_plugin,0.38278167640358035,0.06389470193776382,5,15,15
real,S,qwen_nonthinking,False,snap_email_eu,delta_AE2_vs_plugin,-0.006965445527128086,0.013620828118289002,5,15,15
real,S,qwen_nonthinking,False,snap_mathoverflow,delta_AE2_vs_plugin,0.6027140452375781,0.00955798088219848,5,15,15
real,S,qwen_nonthinking,False,sp_highschool2013,delta_AE2_vs_plugin,0.049642379261138826,0.009204662722385674,5,15,15
real,S,qwen_nonthinking,False,sp_hospital,delta_AE2_vs_plugin,0.10951597299387697,0.02047715215698278,5,15,15
real,S,qwen_nonthinking,False,copenhagen_bluetooth,plugin_ProfileAE_all,0.4038162208541187,0.002287172757064476,5,15,15
real,S,qwen_nonthinking,False,snap_collegemsg,plugin_ProfileAE_all,0.049870821926187116,0.0022589565768810793,5,15,15
real,S,qwen_nonthinking,False,snap_email_eu,plugin_ProfileAE_all,0.39182454607461853,0.003684780507222661,5,15,15
real,S,qwen_nonthinking,False,snap_mathoverflow,plugin_ProfileAE_all,0.0654135797092507,0.0009085489473073305,5,15,15
real,S,qwen_nonthinking,False,sp_highschool2013,plugin_ProfileAE_all,0.3722891536021018,0.016976291997528824,5,15,15
real,S,qwen_nonthinking,False,sp_hospital,plugin_ProfileAE_all,0.1983500379069817,0.00908377027855682,5,15,15
real,S,qwen_nonthinking,False,copenhagen_bluetooth,plugin_ProfileAE_matched,0.4038162208541187,0.002287172757064476,5,15,15
real,S,qwen_nonthinking,False,snap_collegemsg,plugin_ProfileAE_matched,0.049870821926187116,0.0022589565768810793,5,15,15
real,S,qwen_nonthinking,False,snap_email_eu,plugin_ProfileAE_matched,0.39182454607461853,0.003684780507222661,5,15,15
real,S,qwen_nonthinking,False,snap_mathoverflow,plugin_ProfileAE_matched,0.0654135797092507,0.0009085489473073305,5,15,15
real,S,qwen_nonthinking,False,sp_highschool2013,plugin_ProfileAE_matched,0.3722891536021018,0.016976291997528824,5,15,15
real,S,qwen_nonthinking,False,sp_hospital,plugin_ProfileAE_matched,0.1983500379069817,0.00908377027855682,5,15,15
real,S,qwen_nonthinking,False,copenhagen_bluetooth,delta_ProfileAE_vs_plugin,0.05677811461677266,0.020760553656490578,5,15,15
real,S,qwen_nonthinking,False,snap_collegemsg,delta_ProfileAE_vs_plugin,0.2575448932542339,0.04673031011051239,5,15,15
real,S,qwen_nonthinking,False,snap_email_eu,delta_ProfileAE_vs_plugin,-0.021931277482321054,0.03196962663377814,5,15,15
real,S,qwen_nonthinking,False,snap_mathoverflow,delta_ProfileAE_vs_plugin,0.4312030768502803,0.02330432330655402,5,15,15
real,S,qwen_nonthinking,False,sp_highschool2013,delta_ProfileAE_vs_plugin,0.03178845611486851,0.013528462434418891,5,15,15
real,S,qwen_nonthinking,False,sp_hospital,delta_ProfileAE_vs_plugin,0.24189798667598578,0.04543906681879108,5,15,15
real,S,qwen_nonthinking,False,copenhagen_bluetooth,extratrees_AE2_all,0.004066210947459692,0.0013237270158769697,5,15,15
real,S,qwen_nonthinking,False,snap_collegemsg,extratrees_AE2_all,0.04638246838964364,0.0018428947812459304,5,15,15
real,S,qwen_nonthinking,False,snap_email_eu,extratrees_AE2_all,0.033994314007288674,0.0013626381031202773,5,15,15
real,S,qwen_nonthinking,False,snap_mathoverflow,extratrees_AE2_all,0.03383591357215564,0.0013529167015506503,5,15,15
real,S,qwen_nonthinking,False,sp_highschool2013,extratrees_AE2_all,0.050889868722721054,0.004533446681596201,5,15,15
real,S,qwen_nonthinking,False,sp_hospital,extratrees_AE2_all,0.0708601179480234,0.017379521960897426,5,15,15
real,S,qwen_nonthinking,False,copenhagen_bluetooth,extratrees_AE2_matched,0.004066210947459692,0.0013237270158769697,5,15,15
real,S,qwen_nonthinking,False,snap_collegemsg,extratrees_AE2_matched,0.04638246838964364,0.0018428947812459304,5,15,15
real,S,qwen_nonthinking,False,snap_email_eu,extratrees_AE2_matched,0.033994314007288674,0.0013626381031202773,5,15,15
real,S,qwen_nonthinking,False,snap_mathoverflow,extratrees_AE2_matched,0.03383591357215564,0.0013529167015506503,5,15,15
real,S,qwen_nonthinking,False,sp_highschool2013,extratrees_AE2_matched,0.050889868722721054,0.004533446681596201,5,15,15
real,S,qwen_nonthinking,False,sp_hospital,extratrees_AE2_matched,0.0708601179480234,0.017379521960897426,5,15,15
real,S,qwen_nonthinking,False,copenhagen_bluetooth,delta_AE2_vs_extratrees,0.47800810063307597,0.007694663730725033,5,15,15
real,S,qwen_nonthinking,False,snap_collegemsg,delta_AE2_vs_extratrees,0.48423462463921413,0.06272511321345738,5,15,15
real,S,qwen_nonthinking,False,snap_email_eu,delta_AE2_vs_extratrees,0.3772785943592451,0.014439028848896767,5,15,15
real,S,qwen_nonthinking,False,snap_mathoverflow,delta_AE2_vs_extratrees,0.7233801429426913,0.008307085794981624,5,15,15
real,S,qwen_nonthinking,False,sp_highschool2013,delta_AE2_vs_extratrees,0.3945480824632534,0.01436841564344268,5,15,15
real,S,qwen_nonthinking,False,sp_hospital,delta_AE2_vs_extratrees,0.37601257739877203,0.023347413030830173,5,15,15
real,S,qwen_nonthinking,False,copenhagen_bluetooth,extratrees_ProfileAE_all,0.0188078643725329,0.0013369486759657778,5,15,15
real,S,qwen_nonthinking,False,snap_collegemsg,extratrees_ProfileAE_all,0.017669910174754912,0.0007629253584580927,5,15,15
real,S,qwen_nonthinking,False,snap_email_eu,extratrees_ProfileAE_all,0.019173906148217804,0.0005374885446686677,5,15,15
real,S,qwen_nonthinking,False,snap_mathoverflow,extratrees_ProfileAE_all,0.010174980458045798,0.0002636252140941722,5,15,15
real,S,qwen_nonthinking,False,sp_highschool2013,extratrees_ProfileAE_all,0.026755062917122922,0.006342721776534654,5,15,15
real,S,qwen_nonthinking,False,sp_hospital,extratrees_ProfileAE_all,0.05143360630778673,0.013195425672660775,5,15,15
real,S,qwen_nonthinking,False,copenhagen_bluetooth,extratrees_ProfileAE_matched,0.0188078643725329,0.0013369486759657778,5,15,15
real,S,qwen_nonthinking,False,snap_collegemsg,extratrees_ProfileAE_matched,0.017669910174754912,0.0007629253584580927,5,15,15
real,S,qwen_nonthinking,False,snap_email_eu,extratrees_ProfileAE_matched,0.019173906148217804,0.0005374885446686677,5,15,15
real,S,qwen_nonthinking,False,snap_mathoverflow,extratrees_ProfileAE_matched,0.010174980458045798,0.0002636252140941722,5,15,15
real,S,qwen_nonthinking,False,sp_highschool2013,extratrees_ProfileAE_matched,0.026755062917122922,0.006342721776534654,5,15,15
real,S,qwen_nonthinking,False,sp_hospital,extratrees_ProfileAE_matched,0.05143360630778673,0.013195425672660775,5,15,15
real,S,qwen_nonthinking,False,copenhagen_bluetooth,delta_ProfileAE_vs_extratrees,0.4417864710983586,0.02130827841183377,5,15,15
real,S,qwen_nonthinking,False,snap_collegemsg,delta_ProfileAE_vs_extratrees,0.2897458050056662,0.04621355619802254,5,15,15
real,S,qwen_nonthinking,False,snap_email_eu,delta_ProfileAE_vs_extratrees,0.35071936244407964,0.03559397618457102,5,15,15
real,S,qwen_nonthinking,False,snap_mathoverflow,delta_ProfileAE_vs_extratrees,0.48644167610148514,0.02283872835663539,5,15,15
real,S,qwen_nonthinking,False,sp_highschool2013,delta_ProfileAE_vs_extratrees,0.37732254679984734,0.01522761100685927,5,15,15
real,S,qwen_nonthinking,False,sp_hospital,delta_ProfileAE_vs_extratrees,0.38881441827518076,0.046554340027278464,5,15,15
real,S,qwen_nonthinking,False,copenhagen_bluetooth,median_AE2_all,0.1567993430755243,2.7755575615628914e-17,5,15,15
real,S,qwen_nonthinking,False,snap_collegemsg,median_AE2_all,0.3157949930747082,1.850371707708594e-17,5,15,15
real,S,qwen_nonthinking,False,snap_email_eu,median_AE2_all,0.21560074628952602,1.850371707708594e-17,5,15,15
real,S,qwen_nonthinking,False,snap_mathoverflow,median_AE2_all,0.334460623227364,3.700743415417188e-17,5,15,15
real,S,qwen_nonthinking,False,sp_highschool2013,median_AE2_all,0.19543570347008538,3.700743415417188e-17,5,15,15
real,S,qwen_nonthinking,False,sp_hospital,median_AE2_all,0.1550009593092644,9.25185853854297e-18,5,15,15
real,S,qwen_nonthinking,False,copenhagen_bluetooth,median_AE2_matched,0.1567993430755243,2.7755575615628914e-17,5,15,15
real,S,qwen_nonthinking,False,snap_collegemsg,median_AE2_matched,0.3157949930747082,1.850371707708594e-17,5,15,15
real,S,qwen_nonthinking,False,snap_email_eu,median_AE2_matched,0.21560074628952602,1.850371707708594e-17,5,15,15
real,S,qwen_nonthinking,False,snap_mathoverflow,median_AE2_matched,0.334460623227364,3.700743415417188e-17,5,15,15
real,S,qwen_nonthinking,False,sp_highschool2013,median_AE2_matched,0.19543570347008538,3.700743415417188e-17,5,15,15
real,S,qwen_nonthinking,False,sp_hospital,median_AE2_matched,0.1550009593092644,9.25185853854297e-18,5,15,15
real,S,qwen_nonthinking,False,copenhagen_bluetooth,delta_AE2_vs_median,0.3252749685050115,0.007043515536371806,5,15,15
real,S,qwen_nonthinking,False,snap_collegemsg,delta_AE2_vs_median,0.21482209995414941,0.06174859422601366,5,15,15
real,S,qwen_nonthinking,False,snap_email_eu,delta_AE2_vs_median,0.19567216207700772,0.014657193910613767,5,15,15
real,S,qwen_nonthinking,False,snap_mathoverflow,delta_AE2_vs_median,0.42275543328748283,0.007764162686486044,5,15,15
real,S,qwen_nonthinking,False,sp_highschool2013,delta_AE2_vs_median,0.25000224771588925,0.011578236288638938,5,15,15
real,S,qwen_nonthinking,False,sp_hospital,delta_AE2_vs_median,0.291871736037531,0.026364959911046922,5,15,15
real,S,qwen_nonthinking,False,copenhagen_bluetooth,median_ProfileAE_all,0.0900406131195264,0.0,5,15,15
real,S,qwen_nonthinking,False,snap_collegemsg,median_ProfileAE_all,0.13311101808443856,9.25185853854297e-18,5,15,15
real,S,qwen_nonthinking,False,snap_email_eu,median_ProfileAE_all,0.13602501333145378,0.0,5,15,15
real,S,qwen_nonthinking,False,snap_mathoverflow,median_ProfileAE_all,0.13551195946354852,0.0,5,15,15
real,S,qwen_nonthinking,False,sp_highschool2013,median_ProfileAE_all,0.11904067220678091,0.0,5,15,15
real,S,qwen_nonthinking,False,sp_hospital,median_ProfileAE_all,0.05606046567611099,4.625929269271485e-18,5,15,15
real,S,qwen_nonthinking,False,copenhagen_bluetooth,median_ProfileAE_matched,0.0900406131195264,0.0,5,15,15
real,S,qwen_nonthinking,False,snap_collegemsg,median_ProfileAE_matched,0.13311101808443856,9.25185853854297e-18,5,15,15
real,S,qwen_nonthinking,False,snap_email_eu,median_ProfileAE_matched,0.13602501333145378,0.0,5,15,15
real,S,qwen_nonthinking,False,snap_mathoverflow,median_ProfileAE_matched,0.13551195946354852,0.0,5,15,15
real,S,qwen_nonthinking,False,sp_highschool2013,median_ProfileAE_matched,0.11904067220678091,0.0,5,15,15
real,S,qwen_nonthinking,False,sp_hospital,median_ProfileAE_matched,0.05606046567611099,4.625929269271485e-18,5,15,15
real,S,qwen_nonthinking,False,copenhagen_bluetooth,delta_ProfileAE_vs_median,0.370553722351365,0.0217329115500994,5,15,15
real,S,qwen_nonthinking,False,snap_collegemsg,delta_ProfileAE_vs_median,0.17430469709598254,0.04604375937928807,5,15,15
real,S,qwen_nonthinking,False,snap_email_eu,delta_ProfileAE_vs_median,0.2338682552608437,0.035405847367034976,5,15,15
real,S,qwen_nonthinking,False,snap_mathoverflow,delta_ProfileAE_vs_median,0.36110469709598253,0.022751016460808945,5,15,15
real,S,qwen_nonthinking,False,sp_highschool2013,delta_ProfileAE_vs_median,0.28503693751018944,0.01913514436841279,5,15,15
real,S,qwen_nonthinking,False,sp_hospital,delta_ProfileAE_vs_median,0.3841875589068566,0.05118729225978738,5,15,15
real,H,qwen_thinking,False,copenhagen_bluetooth,valid_fraction,1.0,0.0,5,15,15
real,H,qwen_thinking,False,snap_collegemsg,valid_fraction,1.0,0.0,5,15,15
real,H,qwen_thinking,False,snap_email_eu,valid_fraction,1.0,0.0,5,15,15
real,H,qwen_thinking,False,snap_mathoverflow,valid_fraction,1.0,0.0,5,15,15
real,H,qwen_thinking,False,sp_highschool2013,valid_fraction,1.0,0.0,5,15,15
real,H,qwen_thinking,False,sp_hospital,valid_fraction,1.0,0.0,5,15,15
real,H,qwen_thinking,False,copenhagen_bluetooth,AE2,0.1973654917183453,0.020094815434966957,5,15,15
real,H,qwen_thinking,False,snap_collegemsg,AE2,0.03068033232357643,0.012405592829027286,5,15,15
real,H,qwen_thinking,False,snap_email_eu,AE2,0.14583239909561754,0.014317273314278697,5,15,15
real,H,qwen_thinking,False,snap_mathoverflow,AE2,0.012236072555778974,0.0018683154019385171,5,15,15
real,H,qwen_thinking,False,sp_highschool2013,AE2,0.1418184829380085,0.01731712281281306,5,15,15
real,H,qwen_thinking,False,sp_hospital,AE2,0.25309794086508536,0.005733077972217318,5,15,15
real,H,qwen_thinking,False,copenhagen_bluetooth,ProfileAE,0.1578921812174651,0.01659244669066734,5,15,15
real,H,qwen_thinking,False,snap_collegemsg,ProfileAE,0.02347360571875035,0.015522894169325946,5,15,15
real,H,qwen_thinking,False,snap_email_eu,ProfileAE,0.14379416061686587,0.013177162435029838,5,15,15
real,H,qwen_thinking,False,snap_mathoverflow,ProfileAE,0.009775799239886659,0.0034991034477807464,5,15,15
real,H,qwen_thinking,False,sp_highschool2013,ProfileAE,0.15978551939383528,0.025797630042518234,5,15,15
real,H,qwen_thinking,False,sp_hospital,ProfileAE,0.23229994180648952,0.0724615710594538,5,15,15
real,H,qwen_thinking,False,copenhagen_bluetooth,signed_rho2,-0.11915110041946433,0.035304913546445146,5,15,15
real,H,qwen_thinking,False,snap_collegemsg,signed_rho2,-0.0006121617787000035,0.014185049257168725,5,15,15
real,H,qwen_thinking,False,snap_email_eu,signed_rho2,-0.03471351463346618,0.03991654972114304,5,15,15
real,H,qwen_thinking,False,snap_mathoverflow,signed_rho2,-0.006166590818486476,0.0032057693972545476,5,15,15
real,H,qwen_thinking,False,sp_highschool2013,signed_rho2,-0.09978491548069209,0.046340253445765464,5,15,15
real,H,qwen_thinking,False,sp_hospital,signed_rho2,-0.07201907730055497,0.09562062144507681,5,15,15
real,H,qwen_thinking,False,copenhagen_bluetooth,budget_matched,1.0,0.0,5,15,15
real,H,qwen_thinking,False,snap_collegemsg,budget_matched,1.0,0.0,5,15,15
real,H,qwen_thinking,False,snap_email_eu,budget_matched,1.0,0.0,5,15,15
real,H,qwen_thinking,False,snap_mathoverflow,budget_matched,1.0,0.0,5,15,15
real,H,qwen_thinking,False,sp_highschool2013,budget_matched,1.0,0.0,5,15,15
real,H,qwen_thinking,False,sp_hospital,budget_matched,1.0,0.0,5,15,15
real,H,qwen_thinking,False,copenhagen_bluetooth,baseline_AE2_all,0.04989230319199504,0.0022747916156092987,5,15,15
real,H,qwen_thinking,False,snap_collegemsg,baseline_AE2_all,0.02571179795071452,0.0031451651580467754,5,15,15
real,H,qwen_thinking,False,snap_email_eu,baseline_AE2_all,0.03924011948611666,0.0023934220583957675,5,15,15
real,H,qwen_thinking,False,snap_mathoverflow,baseline_AE2_all,0.007349139809111588,0.0008098925789904099,5,15,15
real,H,qwen_thinking,False,sp_highschool2013,baseline_AE2_all,0.06416840578224062,0.0081792972357376,5,15,15
real,H,qwen_thinking,False,sp_hospital,baseline_AE2_all,0.020589923684743716,0.006437924882086822,5,15,15
real,H,qwen_thinking,False,copenhagen_bluetooth,baseline_AE2_matched,0.04989230319199504,0.0022747916156092987,5,15,15
real,H,qwen_thinking,False,snap_collegemsg,baseline_AE2_matched,0.02571179795071452,0.0031451651580467754,5,15,15
real,H,qwen_thinking,False,snap_email_eu,baseline_AE2_matched,0.03924011948611666,0.0023934220583957675,5,15,15
real,H,qwen_thinking,False,snap_mathoverflow,baseline_AE2_matched,0.007349139809111588,0.0008098925789904099,5,15,15
real,H,qwen_thinking,False,sp_highschool2013,baseline_AE2_matched,0.06416840578224062,0.0081792972357376,5,15,15
real,H,qwen_thinking,False,sp_hospital,baseline_AE2_matched,0.020589923684743716,0.006437924882086822,5,15,15
real,H,qwen_thinking,False,copenhagen_bluetooth,delta_AE2_vs_baseline,0.14747318852635025,0.020453576501547294,5,15,15
real,H,qwen_thinking,False,snap_collegemsg,delta_AE2_vs_baseline,0.004968534372861923,0.01236383563305502,5,15,15
real,H,qwen_thinking,False,snap_email_eu,delta_AE2_vs_baseline,0.10659227960950089,0.01426172426579889,5,15,15
real,H,qwen_thinking,False,snap_mathoverflow,delta_AE2_vs_baseline,0.004886932746667385,0.0024603227887537013,5,15,15
real,H,qwen_thinking,False,sp_highschool2013,delta_AE2_vs_baseline,0.0776500771557679,0.023817286859830214,5,15,15
real,H,qwen_thinking,False,sp_hospital,delta_AE2_vs_baseline,0.23250801718034156,0.009542219120774447,5,15,15
real,H,qwen_thinking,False,copenhagen_bluetooth,baseline_ProfileAE_all,0.050357171031601006,0.000626410728121711,5,15,15
real,H,qwen_thinking,False,snap_collegemsg,baseline_ProfileAE_all,0.01348686050349081,0.0010221337615576157,5,15,15
real,H,qwen_thinking,False,snap_email_eu,baseline_ProfileAE_all,0.03932470085963425,0.0013943297124286555,5,15,15
real,H,qwen_thinking,False,snap_mathoverflow,baseline_ProfileAE_all,0.009160929102115809,0.0003521801084917781,5,15,15
real,H,qwen_thinking,False,sp_highschool2013,baseline_ProfileAE_all,0.03749175268389729,0.00278041782901452,5,15,15
real,H,qwen_thinking,False,sp_hospital,baseline_ProfileAE_all,0.09693374192386482,0.00396960699854928,5,15,15
real,H,qwen_thinking,False,copenhagen_bluetooth,baseline_ProfileAE_matched,0.050357171031601006,0.000626410728121711,5,15,15
real,H,qwen_thinking,False,snap_collegemsg,baseline_ProfileAE_matched,0.01348686050349081,0.0010221337615576157,5,15,15
real,H,qwen_thinking,False,snap_email_eu,baseline_ProfileAE_matched,0.03932470085963425,0.0013943297124286555,5,15,15
real,H,qwen_thinking,False,snap_mathoverflow,baseline_ProfileAE_matched,0.009160929102115809,0.0003521801084917781,5,15,15
real,H,qwen_thinking,False,sp_highschool2013,baseline_ProfileAE_matched,0.03749175268389729,0.00278041782901452,5,15,15
real,H,qwen_thinking,False,sp_hospital,baseline_ProfileAE_matched,0.09693374192386482,0.00396960699854928,5,15,15
real,H,qwen_thinking,False,copenhagen_bluetooth,delta_ProfileAE_vs_baseline,0.10753501018586409,0.01616667782096649,5,15,15
real,H,qwen_thinking,False,snap_collegemsg,delta_ProfileAE_vs_baseline,0.00998674521525953,0.014921590973114737,5,15,15
real,H,qwen_thinking,False,snap_email_eu,delta_ProfileAE_vs_baseline,0.1044694597572316,0.013186178595251032,5,15,15
real,H,qwen_thinking,False,snap_mathoverflow,delta_ProfileAE_vs_baseline,0.000614870137770848,0.0033902065023748056,5,15,15
real,H,qwen_thinking,False,sp_highschool2013,delta_ProfileAE_vs_baseline,0.12229376670993793,0.02524115659079049,5,15,15
real,H,qwen_thinking,False,sp_hospital,delta_ProfileAE_vs_baseline,0.1353661998826246,0.0718117060395161,5,15,15
real,H,qwen_thinking,False,copenhagen_bluetooth,plugin_AE2_all,0.2294373646000559,0.0025937840716452588,5,15,15
real,H,qwen_thinking,False,snap_collegemsg,plugin_AE2_all,0.018235018004498928,0.004028506078271309,5,15,15
real,H,qwen_thinking,False,snap_email_eu,plugin_AE2_all,0.12154020933337634,0.0033958223160762396,5,15,15
real,H,qwen_thinking,False,snap_mathoverflow,plugin_AE2_all,0.008528341047272221,0.000648198790656967,5,15,15
real,H,qwen_thinking,False,sp_highschool2013,plugin_AE2_all,0.1850730512590132,0.007328848306758855,5,15,15
real,H,qwen_thinking,False,sp_hospital,plugin_AE2_all,0.23743499696089687,0.012263542608787812,5,15,15
real,H,qwen_thinking,False,copenhagen_bluetooth,plugin_AE2_matched,0.2294373646000559,0.0025937840716452588,5,15,15
real,H,qwen_thinking,False,snap_collegemsg,plugin_AE2_matched,0.018235018004498928,0.004028506078271309,5,15,15
real,H,qwen_thinking,False,snap_email_eu,plugin_AE2_matched,0.12154020933337634,0.0033958223160762396,5,15,15
real,H,qwen_thinking,False,snap_mathoverflow,plugin_AE2_matched,0.008528341047272221,0.000648198790656967,5,15,15
real,H,qwen_thinking,False,sp_highschool2013,plugin_AE2_matched,0.1850730512590132,0.007328848306758855,5,15,15
real,H,qwen_thinking,False,sp_hospital,plugin_AE2_matched,0.23743499696089687,0.012263542608787812,5,15,15
real,H,qwen_thinking,False,copenhagen_bluetooth,delta_AE2_vs_plugin,-0.03207187288171066,0.020496747800018134,5,15,15
real,H,qwen_thinking,False,snap_collegemsg,delta_AE2_vs_plugin,0.012445314319077508,0.011053282952552815,5,15,15
real,H,qwen_thinking,False,snap_email_eu,delta_AE2_vs_plugin,0.02429218976224121,0.014965990584238186,5,15,15
real,H,qwen_thinking,False,snap_mathoverflow,delta_AE2_vs_plugin,0.00370773150850675,0.0013628729817439305,5,15,15
real,H,qwen_thinking,False,sp_highschool2013,delta_AE2_vs_plugin,-0.04325456832100472,0.022466624715652198,5,15,15
real,H,qwen_thinking,False,sp_hospital,delta_AE2_vs_plugin,0.015662943904188428,0.007309941557475859,5,15,15
real,H,qwen_thinking,False,copenhagen_bluetooth,plugin_ProfileAE_all,0.14113888542514727,0.0008112234604905652,5,15,15
real,H,qwen_thinking,False,snap_collegemsg,plugin_ProfileAE_all,0.007384378124920669,0.0011741050899623877,5,15,15
real,H,qwen_thinking,False,snap_email_eu,plugin_ProfileAE_all,0.13646081945801705,0.0016633121818516148,5,15,15
real,H,qwen_thinking,False,snap_mathoverflow,plugin_ProfileAE_all,0.005922156796722551,0.00016407780283650365,5,15,15
real,H,qwen_thinking,False,sp_highschool2013,plugin_ProfileAE_all,0.13963494122027498,0.002538699224608211,5,15,15
real,H,qwen_thinking,False,sp_hospital,plugin_ProfileAE_all,0.10699556516062224,0.0029809415445093404,5,15,15
real,H,qwen_thinking,False,copenhagen_bluetooth,plugin_ProfileAE_matched,0.14113888542514727,0.0008112234604905652,5,15,15
real,H,qwen_thinking,False,snap_collegemsg,plugin_ProfileAE_matched,0.007384378124920669,0.0011741050899623877,5,15,15
real,H,qwen_thinking,False,snap_email_eu,plugin_ProfileAE_matched,0.13646081945801705,0.0016633121818516148,5,15,15
real,H,qwen_thinking,False,snap_mathoverflow,plugin_ProfileAE_matched,0.005922156796722551,0.00016407780283650365,5,15,15
real,H,qwen_thinking,False,sp_highschool2013,plugin_ProfileAE_matched,0.13963494122027498,0.002538699224608211,5,15,15
real,H,qwen_thinking,False,sp_hospital,plugin_ProfileAE_matched,0.10699556516062224,0.0029809415445093404,5,15,15
real,H,qwen_thinking,False,copenhagen_bluetooth,delta_ProfileAE_vs_plugin,0.016753295792317855,0.016487687265450354,5,15,15
real,H,qwen_thinking,False,snap_collegemsg,delta_ProfileAE_vs_plugin,0.016089227593829674,0.015286640233456066,5,15,15
real,H,qwen_thinking,False,snap_email_eu,delta_ProfileAE_vs_plugin,0.007333341158848866,0.01314094156328458,5,15,15
real,H,qwen_thinking,False,snap_mathoverflow,delta_ProfileAE_vs_plugin,0.0038536424431641065,0.0034804706745878437,5,15,15
real,H,qwen_thinking,False,sp_highschool2013,delta_ProfileAE_vs_plugin,0.02015057817356024,0.025597722763803066,5,15,15
real,H,qwen_thinking,False,sp_hospital,delta_ProfileAE_vs_plugin,0.12530437664586722,0.0729737521315136,5,15,15
real,H,qwen_thinking,False,copenhagen_bluetooth,extratrees_AE2_all,0.016758694014173892,0.0008152168021212582,5,15,15
real,H,qwen_thinking,False,snap_collegemsg,extratrees_AE2_all,0.06976725533717033,0.004098792139802546,5,15,15
real,H,qwen_thinking,False,snap_email_eu,extratrees_AE2_all,0.03602526620121272,0.0011584113847034384,5,15,15
real,H,qwen_thinking,False,snap_mathoverflow,extratrees_AE2_all,0.034473090398287526,0.001080640112921028,5,15,15
real,H,qwen_thinking,False,sp_highschool2013,extratrees_AE2_all,0.016320564023760177,0.004197563459268688,5,15,15
real,H,qwen_thinking,False,sp_hospital,extratrees_AE2_all,0.07704880099672333,0.011105920640492475,5,15,15
real,H,qwen_thinking,False,copenhagen_bluetooth,extratrees_AE2_matched,0.016758694014173892,0.0008152168021212582,5,15,15
real,H,qwen_thinking,False,snap_collegemsg,extratrees_AE2_matched,0.06976725533717033,0.004098792139802546,5,15,15
real,H,qwen_thinking,False,snap_email_eu,extratrees_AE2_matched,0.03602526620121272,0.0011584113847034384,5,15,15
real,H,qwen_thinking,False,snap_mathoverflow,extratrees_AE2_matched,0.034473090398287526,0.001080640112921028,5,15,15
real,H,qwen_thinking,False,sp_highschool2013,extratrees_AE2_matched,0.016320564023760177,0.004197563459268688,5,15,15
real,H,qwen_thinking,False,sp_hospital,extratrees_AE2_matched,0.07704880099672333,0.011105920640492475,5,15,15
real,H,qwen_thinking,False,copenhagen_bluetooth,delta_AE2_vs_extratrees,0.18060679770417132,0.019536129684052935,5,15,15
real,H,qwen_thinking,False,snap_collegemsg,delta_AE2_vs_extratrees,-0.039086923013593906,0.01173578491612979,5,15,15
real,H,qwen_thinking,False,snap_email_eu,delta_AE2_vs_extratrees,0.10980713289440484,0.014283717582209437,5,15,15
real,H,qwen_thinking,False,snap_mathoverflow,delta_AE2_vs_extratrees,-0.022237017842508554,0.0027457299087365883,5,15,15
real,H,qwen_thinking,False,sp_highschool2013,delta_AE2_vs_extratrees,0.1254979189142483,0.020775492631742554,5,15,15
real,H,qwen_thinking,False,sp_hospital,delta_AE2_vs_extratrees,0.17604913986836196,0.015018209226596428,5,15,15
real,H,qwen_thinking,False,copenhagen_bluetooth,extratrees_ProfileAE_all,0.020168436660430857,0.001052735086994022,5,15,15
real,H,qwen_thinking,False,snap_collegemsg,extratrees_ProfileAE_all,0.023407111231756983,0.0015015776641617569,5,15,15
real,H,qwen_thinking,False,snap_email_eu,extratrees_ProfileAE_all,0.06185882668978116,0.0010105792302304315,5,15,15
real,H,qwen_thinking,False,snap_mathoverflow,extratrees_ProfileAE_all,0.011048186010388665,0.00021790044832965656,5,15,15
real,H,qwen_thinking,False,sp_highschool2013,extratrees_ProfileAE_all,0.04187150343364247,0.0021223298009224543,5,15,15
real,H,qwen_thinking,False,sp_hospital,extratrees_ProfileAE_all,0.05900138929736685,0.006682349689930202,5,15,15
real,H,qwen_thinking,False,copenhagen_bluetooth,extratrees_ProfileAE_matched,0.020168436660430857,0.001052735086994022,5,15,15
real,H,qwen_thinking,False,snap_collegemsg,extratrees_ProfileAE_matched,0.023407111231756983,0.0015015776641617569,5,15,15
real,H,qwen_thinking,False,snap_email_eu,extratrees_ProfileAE_matched,0.06185882668978116,0.0010105792302304315,5,15,15
real,H,qwen_thinking,False,snap_mathoverflow,extratrees_ProfileAE_matched,0.011048186010388665,0.00021790044832965656,5,15,15
real,H,qwen_thinking,False,sp_highschool2013,extratrees_ProfileAE_matched,0.04187150343364247,0.0021223298009224543,5,15,15
real,H,qwen_thinking,False,sp_hospital,extratrees_ProfileAE_matched,0.05900138929736685,0.006682349689930202,5,15,15
real,H,qwen_thinking,False,copenhagen_bluetooth,delta_ProfileAE_vs_extratrees,0.13772374455703423,0.016741254013757315,5,15,15
real,H,qwen_thinking,False,snap_collegemsg,delta_ProfileAE_vs_extratrees,6.64944869933546e-05,0.014764691855172273,5,15,15
real,H,qwen_thinking,False,snap_email_eu,delta_ProfileAE_vs_extratrees,0.0819353339270847,0.013459688876427796,5,15,15
real,H,qwen_thinking,False,snap_mathoverflow,delta_ProfileAE_vs_extratrees,-0.0012723867705020052,0.0035627615755325992,5,15,15
real,H,qwen_thinking,False,sp_highschool2013,delta_ProfileAE_vs_extratrees,0.11791401596019278,0.025482283388501604,5,15,15
real,H,qwen_thinking,False,sp_hospital,delta_ProfileAE_vs_extratrees,0.1732985525091226,0.06947686238382163,5,15,15
real,H,qwen_thinking,False,copenhagen_bluetooth,median_AE2_all,0.1567993430755243,2.7755575615628914e-17,5,15,15
real,H,qwen_thinking,False,snap_collegemsg,median_AE2_all,0.3157949930747082,1.850371707708594e-17,5,15,15
real,H,qwen_thinking,False,snap_email_eu,median_AE2_all,0.21560074628952602,1.850371707708594e-17,5,15,15
real,H,qwen_thinking,False,snap_mathoverflow,median_AE2_all,0.334460623227364,3.700743415417188e-17,5,15,15
real,H,qwen_thinking,False,sp_highschool2013,median_AE2_all,0.19543570347008538,3.700743415417188e-17,5,15,15
real,H,qwen_thinking,False,sp_hospital,median_AE2_all,0.1550009593092644,9.25185853854297e-18,5,15,15
real,H,qwen_thinking,False,copenhagen_bluetooth,median_AE2_matched,0.1567993430755243,2.7755575615628914e-17,5,15,15
real,H,qwen_thinking,False,snap_collegemsg,median_AE2_matched,0.3157949930747082,1.850371707708594e-17,5,15,15
real,H,qwen_thinking,False,snap_email_eu,median_AE2_matched,0.21560074628952602,1.850371707708594e-17,5,15,15
real,H,qwen_thinking,False,snap_mathoverflow,median_AE2_matched,0.334460623227364,3.700743415417188e-17,5,15,15
real,H,qwen_thinking,False,sp_highschool2013,median_AE2_matched,0.19543570347008538,3.700743415417188e-17,5,15,15
real,H,qwen_thinking,False,sp_hospital,median_AE2_matched,0.1550009593092644,9.25185853854297e-18,5,15,15
real,H,qwen_thinking,False,copenhagen_bluetooth,delta_AE2_vs_median,0.04056614864282103,0.020094815434966957,5,15,15
real,H,qwen_thinking,False,snap_collegemsg,delta_AE2_vs_median,-0.2851146607511319,0.012405592829027293,5,15,15
real,H,qwen_thinking,False,snap_email_eu,delta_AE2_vs_median,-0.06976834719390852,0.014317273314278697,5,15,15
real,H,qwen_thinking,False,snap_mathoverflow,delta_AE2_vs_median,-0.32222455067158506,0.0018683154019385195,5,15,15
real,H,qwen_thinking,False,sp_highschool2013,delta_AE2_vs_median,-0.05361722053207684,0.01731712281281306,5,15,15
real,H,qwen_thinking,False,sp_hospital,delta_AE2_vs_median,0.09809698155582082,0.005733077972217316,5,15,15
real,H,qwen_thinking,False,copenhagen_bluetooth,median_ProfileAE_all,0.0900406131195264,0.0,5,15,15
real,H,qwen_thinking,False,snap_collegemsg,median_ProfileAE_all,0.13311101808443856,9.25185853854297e-18,5,15,15
real,H,qwen_thinking,False,snap_email_eu,median_ProfileAE_all,0.13602501333145378,0.0,5,15,15
real,H,qwen_thinking,False,snap_mathoverflow,median_ProfileAE_all,0.13551195946354852,0.0,5,15,15
real,H,qwen_thinking,False,sp_highschool2013,median_ProfileAE_all,0.11904067220678091,0.0,5,15,15
real,H,qwen_thinking,False,sp_hospital,median_ProfileAE_all,0.05606046567611099,4.625929269271485e-18,5,15,15
real,H,qwen_thinking,False,copenhagen_bluetooth,median_ProfileAE_matched,0.0900406131195264,0.0,5,15,15
real,H,qwen_thinking,False,snap_collegemsg,median_ProfileAE_matched,0.13311101808443856,9.25185853854297e-18,5,15,15
real,H,qwen_thinking,False,snap_email_eu,median_ProfileAE_matched,0.13602501333145378,0.0,5,15,15
real,H,qwen_thinking,False,snap_mathoverflow,median_ProfileAE_matched,0.13551195946354852,0.0,5,15,15
real,H,qwen_thinking,False,sp_highschool2013,median_ProfileAE_matched,0.11904067220678091,0.0,5,15,15
real,H,qwen_thinking,False,sp_hospital,median_ProfileAE_matched,0.05606046567611099,4.625929269271485e-18,5,15,15
real,H,qwen_thinking,False,copenhagen_bluetooth,delta_ProfileAE_vs_median,0.06785156809793873,0.016592446690667336,5,15,15
real,H,qwen_thinking,False,snap_collegemsg,delta_ProfileAE_vs_median,-0.10963741236568819,0.015522894169325945,5,15,15
real,H,qwen_thinking,False,snap_email_eu,delta_ProfileAE_vs_median,0.007769147285412097,0.013177162435029838,5,15,15
real,H,qwen_thinking,False,snap_mathoverflow,delta_ProfileAE_vs_median,-0.12573616022366188,0.0034991034477807477,5,15,15
real,H,qwen_thinking,False,sp_highschool2013,delta_ProfileAE_vs_median,0.04074484718705433,0.025797630042518234,5,15,15
real,H,qwen_thinking,False,sp_hospital,delta_ProfileAE_vs_median,0.17623947613037852,0.07246157105945379,5,15,15
real,H,qwen_nonthinking,False,copenhagen_bluetooth,valid_fraction,1.0,0.0,5,15,15
real,H,qwen_nonthinking,False,snap_collegemsg,valid_fraction,1.0,0.0,5,15,15
real,H,qwen_nonthinking,False,snap_email_eu,valid_fraction,1.0,0.0,5,15,15
real,H,qwen_nonthinking,False,snap_mathoverflow,valid_fraction,1.0,0.0,5,15,15
real,H,qwen_nonthinking,False,sp_highschool2013,valid_fraction,1.0,0.0,5,15,15
real,H,qwen_nonthinking,False,sp_hospital,valid_fraction,1.0,0.0,5,15,15
real,H,qwen_nonthinking,False,copenhagen_bluetooth,AE2,0.387407644913869,0.033239868966181085,5,15,15
real,H,qwen_nonthinking,False,snap_collegemsg,AE2,0.4289504263621911,0.06581624250728521,5,15,15
real,H,qwen_nonthinking,False,snap_email_eu,AE2,0.3972729083665339,0.01584999123729164,5,15,15
real,H,qwen_nonthinking,False,snap_mathoverflow,AE2,0.7092827231815135,0.03417438937111955,5,15,15
real,H,qwen_nonthinking,False,sp_highschool2013,AE2,0.3471046178526412,0.026716619879351818,5,15,15
real,H,qwen_nonthinking,False,sp_hospital,AE2,0.35753936201346204,0.04254931779058795,5,15,15
real,H,qwen_nonthinking,False,copenhagen_bluetooth,ProfileAE,0.32892766880422486,0.040824743994570534,5,15,15
real,H,qwen_nonthinking,False,snap_collegemsg,ProfileAE,0.21908238184708778,0.04723493292986547,5,15,15
real,H,qwen_nonthinking,False,snap_email_eu,ProfileAE,0.35569326859229744,0.017975678012247552,5,15,15
real,H,qwen_nonthinking,False,snap_mathoverflow,ProfileAE,0.4209333232261977,0.02019590855154138,5,15,15
real,H,qwen_nonthinking,False,sp_highschool2013,ProfileAE,0.30867760971697034,0.03868982783339541,5,15,15
real,H,qwen_nonthinking,False,sp_hospital,ProfileAE,0.3370813579163009,0.04361001414048536,5,15,15
real,H,qwen_nonthinking,False,copenhagen_bluetooth,signed_rho2,0.387407644913869,0.033239868966181085,5,15,15
real,H,qwen_nonthinking,False,snap_collegemsg,signed_rho2,0.4289504263621911,0.06581624250728521,5,15,15
real,H,qwen_nonthinking,False,snap_email_eu,signed_rho2,0.3972729083665339,0.01584999123729164,5,15,15
real,H,qwen_nonthinking,False,snap_mathoverflow,signed_rho2,0.7092827231815135,0.03417438937111955,5,15,15
real,H,qwen_nonthinking,False,sp_highschool2013,signed_rho2,0.3471046178526412,0.026716619879351818,5,15,15
real,H,qwen_nonthinking,False,sp_hospital,signed_rho2,0.35753936201346204,0.04254931779058795,5,15,15
real,H,qwen_nonthinking,False,copenhagen_bluetooth,budget_matched,1.0,0.0,5,15,15
real,H,qwen_nonthinking,False,snap_collegemsg,budget_matched,1.0,0.0,5,15,15
real,H,qwen_nonthinking,False,snap_email_eu,budget_matched,1.0,0.0,5,15,15
real,H,qwen_nonthinking,False,snap_mathoverflow,budget_matched,1.0,0.0,5,15,15
real,H,qwen_nonthinking,False,sp_highschool2013,budget_matched,1.0,0.0,5,15,15
real,H,qwen_nonthinking,False,sp_hospital,budget_matched,1.0,0.0,5,15,15
real,H,qwen_nonthinking,False,copenhagen_bluetooth,baseline_AE2_all,0.04989230319199504,0.0022747916156092987,5,15,15
real,H,qwen_nonthinking,False,snap_collegemsg,baseline_AE2_all,0.02571179795071452,0.0031451651580467754,5,15,15
real,H,qwen_nonthinking,False,snap_email_eu,baseline_AE2_all,0.03924011948611666,0.0023934220583957675,5,15,15
real,H,qwen_nonthinking,False,snap_mathoverflow,baseline_AE2_all,0.007349139809111588,0.0008098925789904099,5,15,15
real,H,qwen_nonthinking,False,sp_highschool2013,baseline_AE2_all,0.06416840578224062,0.0081792972357376,5,15,15
real,H,qwen_nonthinking,False,sp_hospital,baseline_AE2_all,0.020589923684743716,0.006437924882086822,5,15,15
real,H,qwen_nonthinking,False,copenhagen_bluetooth,baseline_AE2_matched,0.04989230319199504,0.0022747916156092987,5,15,15
real,H,qwen_nonthinking,False,snap_collegemsg,baseline_AE2_matched,0.02571179795071452,0.0031451651580467754,5,15,15
real,H,qwen_nonthinking,False,snap_email_eu,baseline_AE2_matched,0.03924011948611666,0.0023934220583957675,5,15,15
real,H,qwen_nonthinking,False,snap_mathoverflow,baseline_AE2_matched,0.007349139809111588,0.0008098925789904099,5,15,15
real,H,qwen_nonthinking,False,sp_highschool2013,baseline_AE2_matched,0.06416840578224062,0.0081792972357376,5,15,15
real,H,qwen_nonthinking,False,sp_hospital,baseline_AE2_matched,0.020589923684743716,0.006437924882086822,5,15,15
real,H,qwen_nonthinking,False,copenhagen_bluetooth,delta_AE2_vs_baseline,0.33751534172187386,0.03126538822773493,5,15,15
real,H,qwen_nonthinking,False,snap_collegemsg,delta_AE2_vs_baseline,0.4032386284114765,0.0655239217942842,5,15,15
real,H,qwen_nonthinking,False,snap_email_eu,delta_AE2_vs_baseline,0.3580327888804172,0.016763495530976245,5,15,15
real,H,qwen_nonthinking,False,snap_mathoverflow,delta_AE2_vs_baseline,0.701933583372402,0.03489123004838626,5,15,15
real,H,qwen_nonthinking,False,sp_highschool2013,delta_AE2_vs_baseline,0.2829362120704007,0.03066756237370062,5,15,15
real,H,qwen_nonthinking,False,sp_hospital,delta_AE2_vs_baseline,0.33694943832871843,0.045137385207597254,5,15,15
real,H,qwen_nonthinking,False,copenhagen_bluetooth,baseline_ProfileAE_all,0.050357171031601006,0.000626410728121711,5,15,15
real,H,qwen_nonthinking,False,snap_collegemsg,baseline_ProfileAE_all,0.01348686050349081,0.0010221337615576157,5,15,15
real,H,qwen_nonthinking,False,snap_email_eu,baseline_ProfileAE_all,0.03932470085963425,0.0013943297124286555,5,15,15
real,H,qwen_nonthinking,False,snap_mathoverflow,baseline_ProfileAE_all,0.009160929102115809,0.0003521801084917781,5,15,15
real,H,qwen_nonthinking,False,sp_highschool2013,baseline_ProfileAE_all,0.03749175268389729,0.00278041782901452,5,15,15
real,H,qwen_nonthinking,False,sp_hospital,baseline_ProfileAE_all,0.09693374192386482,0.00396960699854928,5,15,15
real,H,qwen_nonthinking,False,copenhagen_bluetooth,baseline_ProfileAE_matched,0.050357171031601006,0.000626410728121711,5,15,15
real,H,qwen_nonthinking,False,snap_collegemsg,baseline_ProfileAE_matched,0.01348686050349081,0.0010221337615576157,5,15,15
real,H,qwen_nonthinking,False,snap_email_eu,baseline_ProfileAE_matched,0.03932470085963425,0.0013943297124286555,5,15,15
real,H,qwen_nonthinking,False,snap_mathoverflow,baseline_ProfileAE_matched,0.009160929102115809,0.0003521801084917781,5,15,15
real,H,qwen_nonthinking,False,sp_highschool2013,baseline_ProfileAE_matched,0.03749175268389729,0.00278041782901452,5,15,15
real,H,qwen_nonthinking,False,sp_hospital,baseline_ProfileAE_matched,0.09693374192386482,0.00396960699854928,5,15,15
real,H,qwen_nonthinking,False,copenhagen_bluetooth,delta_ProfileAE_vs_baseline,0.2785704977726238,0.04082408231573209,5,15,15
real,H,qwen_nonthinking,False,snap_collegemsg,delta_ProfileAE_vs_baseline,0.2055955213435969,0.0472002068521375,5,15,15
real,H,qwen_nonthinking,False,snap_email_eu,delta_ProfileAE_vs_baseline,0.31636856773266325,0.018238823904666333,5,15,15
real,H,qwen_nonthinking,False,snap_mathoverflow,delta_ProfileAE_vs_baseline,0.4117723941240818,0.020402884457964253,5,15,15
real,H,qwen_nonthinking,False,sp_highschool2013,delta_ProfileAE_vs_baseline,0.271185857033073,0.03978268116046962,5,15,15
real,H,qwen_nonthinking,False,sp_hospital,delta_ProfileAE_vs_baseline,0.24014761599243598,0.04328415546767144,5,15,15
real,H,qwen_nonthinking,False,copenhagen_bluetooth,plugin_AE2_all,0.2294373646000559,0.0025937840716452588,5,15,15
real,H,qwen_nonthinking,False,snap_collegemsg,plugin_AE2_all,0.018235018004498928,0.004028506078271309,5,15,15
real,H,qwen_nonthinking,False,snap_email_eu,plugin_AE2_all,0.12154020933337634,0.0033958223160762396,5,15,15
real,H,qwen_nonthinking,False,snap_mathoverflow,plugin_AE2_all,0.008528341047272221,0.000648198790656967,5,15,15
real,H,qwen_nonthinking,False,sp_highschool2013,plugin_AE2_all,0.1850730512590132,0.007328848306758855,5,15,15
real,H,qwen_nonthinking,False,sp_hospital,plugin_AE2_all,0.23743499696089687,0.012263542608787812,5,15,15
real,H,qwen_nonthinking,False,copenhagen_bluetooth,plugin_AE2_matched,0.2294373646000559,0.0025937840716452588,5,15,15
real,H,qwen_nonthinking,False,snap_collegemsg,plugin_AE2_matched,0.018235018004498928,0.004028506078271309,5,15,15
real,H,qwen_nonthinking,False,snap_email_eu,plugin_AE2_matched,0.12154020933337634,0.0033958223160762396,5,15,15
real,H,qwen_nonthinking,False,snap_mathoverflow,plugin_AE2_matched,0.008528341047272221,0.000648198790656967,5,15,15
real,H,qwen_nonthinking,False,sp_highschool2013,plugin_AE2_matched,0.1850730512590132,0.007328848306758855,5,15,15
real,H,qwen_nonthinking,False,sp_hospital,plugin_AE2_matched,0.23743499696089687,0.012263542608787812,5,15,15
real,H,qwen_nonthinking,False,copenhagen_bluetooth,delta_AE2_vs_plugin,0.15797028031381308,0.03115764727570172,5,15,15
real,H,qwen_nonthinking,False,snap_collegemsg,delta_AE2_vs_plugin,0.4107154083576922,0.0677408866638729,5,15,15
real,H,qwen_nonthinking,False,snap_email_eu,delta_AE2_vs_plugin,0.2757326990331575,0.01805232688264903,5,15,15
real,H,qwen_nonthinking,False,snap_mathoverflow,delta_AE2_vs_plugin,0.7007543821342411,0.03361344682386413,5,15,15
real,H,qwen_nonthinking,False,sp_highschool2013,delta_AE2_vs_plugin,0.16203156659362802,0.02981346488613481,5,15,15
real,H,qwen_nonthinking,False,sp_hospital,delta_AE2_vs_plugin,0.12010436505256528,0.0364876930248381,5,15,15
real,H,qwen_nonthinking,False,copenhagen_bluetooth,plugin_ProfileAE_all,0.14113888542514727,0.0008112234604905652,5,15,15
real,H,qwen_nonthinking,False,snap_collegemsg,plugin_ProfileAE_all,0.007384378124920669,0.0011741050899623877,5,15,15
real,H,qwen_nonthinking,False,snap_email_eu,plugin_ProfileAE_all,0.13646081945801705,0.0016633121818516148,5,15,15
real,H,qwen_nonthinking,False,snap_mathoverflow,plugin_ProfileAE_all,0.005922156796722551,0.00016407780283650365,5,15,15
real,H,qwen_nonthinking,False,sp_highschool2013,plugin_ProfileAE_all,0.13963494122027498,0.002538699224608211,5,15,15
real,H,qwen_nonthinking,False,sp_hospital,plugin_ProfileAE_all,0.10699556516062224,0.0029809415445093404,5,15,15
real,H,qwen_nonthinking,False,copenhagen_bluetooth,plugin_ProfileAE_matched,0.14113888542514727,0.0008112234604905652,5,15,15
real,H,qwen_nonthinking,False,snap_collegemsg,plugin_ProfileAE_matched,0.007384378124920669,0.0011741050899623877,5,15,15
real,H,qwen_nonthinking,False,snap_email_eu,plugin_ProfileAE_matched,0.13646081945801705,0.0016633121818516148,5,15,15
real,H,qwen_nonthinking,False,snap_mathoverflow,plugin_ProfileAE_matched,0.005922156796722551,0.00016407780283650365,5,15,15
real,H,qwen_nonthinking,False,sp_highschool2013,plugin_ProfileAE_matched,0.13963494122027498,0.002538699224608211,5,15,15
real,H,qwen_nonthinking,False,sp_hospital,plugin_ProfileAE_matched,0.10699556516062224,0.0029809415445093404,5,15,15
real,H,qwen_nonthinking,False,copenhagen_bluetooth,delta_ProfileAE_vs_plugin,0.1877887833790776,0.04019547378886506,5,15,15
real,H,qwen_nonthinking,False,snap_collegemsg,delta_ProfileAE_vs_plugin,0.21169800372216704,0.04759718586825508,5,15,15
real,H,qwen_nonthinking,False,snap_email_eu,delta_ProfileAE_vs_plugin,0.21923244913428044,0.018756017919403154,5,15,15
real,H,qwen_nonthinking,False,snap_mathoverflow,delta_ProfileAE_vs_plugin,0.41501116642947516,0.02006574632901681,5,15,15
real,H,qwen_nonthinking,False,sp_highschool2013,delta_ProfileAE_vs_plugin,0.16904266849669536,0.040184238149486975,5,15,15
real,H,qwen_nonthinking,False,sp_hospital,delta_ProfileAE_vs_plugin,0.23008579275567864,0.04217299166726253,5,15,15
real,H,qwen_nonthinking,False,copenhagen_bluetooth,extratrees_AE2_all,0.016758694014173892,0.0008152168021212582,5,15,15
real,H,qwen_nonthinking,False,snap_collegemsg,extratrees_AE2_all,0.06976725533717033,0.004098792139802546,5,15,15
real,H,qwen_nonthinking,False,snap_email_eu,extratrees_AE2_all,0.03602526620121272,0.0011584113847034384,5,15,15
real,H,qwen_nonthinking,False,snap_mathoverflow,extratrees_AE2_all,0.034473090398287526,0.001080640112921028,5,15,15
real,H,qwen_nonthinking,False,sp_highschool2013,extratrees_AE2_all,0.016320564023760177,0.004197563459268688,5,15,15
real,H,qwen_nonthinking,False,sp_hospital,extratrees_AE2_all,0.07704880099672333,0.011105920640492475,5,15,15
real,H,qwen_nonthinking,False,copenhagen_bluetooth,extratrees_AE2_matched,0.016758694014173892,0.0008152168021212582,5,15,15
real,H,qwen_nonthinking,False,snap_collegemsg,extratrees_AE2_matched,0.06976725533717033,0.004098792139802546,5,15,15
real,H,qwen_nonthinking,False,snap_email_eu,extratrees_AE2_matched,0.03602526620121272,0.0011584113847034384,5,15,15
real,H,qwen_nonthinking,False,snap_mathoverflow,extratrees_AE2_matched,0.034473090398287526,0.001080640112921028,5,15,15
real,H,qwen_nonthinking,False,sp_highschool2013,extratrees_AE2_matched,0.016320564023760177,0.004197563459268688,5,15,15
real,H,qwen_nonthinking,False,sp_hospital,extratrees_AE2_matched,0.07704880099672333,0.011105920640492475,5,15,15
real,H,qwen_nonthinking,False,copenhagen_bluetooth,delta_AE2_vs_extratrees,0.37064895089969513,0.03361468801801686,5,15,15
real,H,qwen_nonthinking,False,snap_collegemsg,delta_AE2_vs_extratrees,0.3591831710250207,0.06651880839216942,5,15,15
real,H,qwen_nonthinking,False,snap_email_eu,delta_AE2_vs_extratrees,0.36124764216532107,0.016290971395662233,5,15,15
real,H,qwen_nonthinking,False,snap_mathoverflow,delta_AE2_vs_extratrees,0.6748096327832261,0.03507257167494996,5,15,15
real,H,qwen_nonthinking,False,sp_highschool2013,delta_AE2_vs_extratrees,0.3307840538288811,0.027881142966743093,5,15,15
real,H,qwen_nonthinking,False,sp_hospital,delta_AE2_vs_extratrees,0.2804905610167388,0.044132057489311045,5,15,15
real,H,qwen_nonthinking,False,copenhagen_bluetooth,extratrees_ProfileAE_all,0.020168436660430857,0.001052735086994022,5,15,15
real,H,qwen_nonthinking,False,snap_collegemsg,extratrees_ProfileAE_all,0.023407111231756983,0.0015015776641617569,5,15,15
real,H,qwen_nonthinking,False,snap_email_eu,extratrees_ProfileAE_all,0.06185882668978116,0.0010105792302304315,5,15,15
real,H,qwen_nonthinking,False,snap_mathoverflow,extratrees_ProfileAE_all,0.011048186010388665,0.00021790044832965656,5,15,15
real,H,qwen_nonthinking,False,sp_highschool2013,extratrees_ProfileAE_all,0.04187150343364247,0.0021223298009224543,5,15,15
real,H,qwen_nonthinking,False,sp_hospital,extratrees_ProfileAE_all,0.05900138929736685,0.006682349689930202,5,15,15
real,H,qwen_nonthinking,False,copenhagen_bluetooth,extratrees_ProfileAE_matched,0.020168436660430857,0.001052735086994022,5,15,15
real,H,qwen_nonthinking,False,snap_collegemsg,extratrees_ProfileAE_matched,0.023407111231756983,0.0015015776641617569,5,15,15
real,H,qwen_nonthinking,False,snap_email_eu,extratrees_ProfileAE_matched,0.06185882668978116,0.0010105792302304315,5,15,15
real,H,qwen_nonthinking,False,snap_mathoverflow,extratrees_ProfileAE_matched,0.011048186010388665,0.00021790044832965656,5,15,15
real,H,qwen_nonthinking,False,sp_highschool2013,extratrees_ProfileAE_matched,0.04187150343364247,0.0021223298009224543,5,15,15
real,H,qwen_nonthinking,False,sp_hospital,extratrees_ProfileAE_matched,0.05900138929736685,0.006682349689930202,5,15,15
real,H,qwen_nonthinking,False,copenhagen_bluetooth,delta_ProfileAE_vs_extratrees,0.30875923214379397,0.04161630267456781,5,15,15
real,H,qwen_nonthinking,False,snap_collegemsg,delta_ProfileAE_vs_extratrees,0.19567527061533077,0.047767082053489396,5,15,15
real,H,qwen_nonthinking,False,snap_email_eu,delta_ProfileAE_vs_extratrees,0.29383444190251634,0.01813478497459607,5,15,15
real,H,qwen_nonthinking,False,snap_mathoverflow,delta_ProfileAE_vs_extratrees,0.40988513721580894,0.020404266538103198,5,15,15
real,H,qwen_nonthinking,False,sp_highschool2013,delta_ProfileAE_vs_extratrees,0.26680610628332785,0.0398548644650886,5,15,15
real,H,qwen_nonthinking,False,sp_hospital,delta_ProfileAE_vs_extratrees,0.278079968618934,0.04339495235550915,5,15,15
real,H,qwen_nonthinking,False,copenhagen_bluetooth,median_AE2_all,0.1567993430755243,2.7755575615628914e-17,5,15,15
real,H,qwen_nonthinking,False,snap_collegemsg,median_AE2_all,0.3157949930747082,1.850371707708594e-17,5,15,15
real,H,qwen_nonthinking,False,snap_email_eu,median_AE2_all,0.21560074628952602,1.850371707708594e-17,5,15,15
real,H,qwen_nonthinking,False,snap_mathoverflow,median_AE2_all,0.334460623227364,3.700743415417188e-17,5,15,15
real,H,qwen_nonthinking,False,sp_highschool2013,median_AE2_all,0.19543570347008538,3.700743415417188e-17,5,15,15
real,H,qwen_nonthinking,False,sp_hospital,median_AE2_all,0.1550009593092644,9.25185853854297e-18,5,15,15
real,H,qwen_nonthinking,False,copenhagen_bluetooth,median_AE2_matched,0.1567993430755243,2.7755575615628914e-17,5,15,15
real,H,qwen_nonthinking,False,snap_collegemsg,median_AE2_matched,0.3157949930747082,1.850371707708594e-17,5,15,15
real,H,qwen_nonthinking,False,snap_email_eu,median_AE2_matched,0.21560074628952602,1.850371707708594e-17,5,15,15
real,H,qwen_nonthinking,False,snap_mathoverflow,median_AE2_matched,0.334460623227364,3.700743415417188e-17,5,15,15
real,H,qwen_nonthinking,False,sp_highschool2013,median_AE2_matched,0.19543570347008538,3.700743415417188e-17,5,15,15
real,H,qwen_nonthinking,False,sp_hospital,median_AE2_matched,0.1550009593092644,9.25185853854297e-18,5,15,15
real,H,qwen_nonthinking,False,copenhagen_bluetooth,delta_AE2_vs_median,0.23060830183834474,0.03323986896618109,5,15,15
real,H,qwen_nonthinking,False,snap_collegemsg,delta_AE2_vs_median,0.1131554332874828,0.0658162425072852,5,15,15
real,H,qwen_nonthinking,False,snap_email_eu,delta_AE2_vs_median,0.1816721620770077,0.01584999123729165,5,15,15
real,H,qwen_nonthinking,False,snap_mathoverflow,delta_AE2_vs_median,0.3748220999541495,0.03417438937111955,5,15,15
real,H,qwen_nonthinking,False,sp_highschool2013,delta_AE2_vs_median,0.1516689143825559,0.026716619879351828,5,15,15
real,H,qwen_nonthinking,False,sp_hospital,delta_AE2_vs_median,0.2025384027041977,0.04254931779058795,5,15,15
real,H,qwen_nonthinking,False,copenhagen_bluetooth,median_ProfileAE_all,0.0900406131195264,0.0,5,15,15
real,H,qwen_nonthinking,False,snap_collegemsg,median_ProfileAE_all,0.13311101808443856,9.25185853854297e-18,5,15,15
real,H,qwen_nonthinking,False,snap_email_eu,median_ProfileAE_all,0.13602501333145378,0.0,5,15,15
real,H,qwen_nonthinking,False,snap_mathoverflow,median_ProfileAE_all,0.13551195946354852,0.0,5,15,15
real,H,qwen_nonthinking,False,sp_highschool2013,median_ProfileAE_all,0.11904067220678091,0.0,5,15,15
real,H,qwen_nonthinking,False,sp_hospital,median_ProfileAE_all,0.05606046567611099,4.625929269271485e-18,5,15,15
real,H,qwen_nonthinking,False,copenhagen_bluetooth,median_ProfileAE_matched,0.0900406131195264,0.0,5,15,15
real,H,qwen_nonthinking,False,snap_collegemsg,median_ProfileAE_matched,0.13311101808443856,9.25185853854297e-18,5,15,15
real,H,qwen_nonthinking,False,snap_email_eu,median_ProfileAE_matched,0.13602501333145378,0.0,5,15,15
real,H,qwen_nonthinking,False,snap_mathoverflow,median_ProfileAE_matched,0.13551195946354852,0.0,5,15,15
real,H,qwen_nonthinking,False,sp_highschool2013,median_ProfileAE_matched,0.11904067220678091,0.0,5,15,15
real,H,qwen_nonthinking,False,sp_hospital,median_ProfileAE_matched,0.05606046567611099,4.625929269271485e-18,5,15,15
real,H,qwen_nonthinking,False,copenhagen_bluetooth,delta_ProfileAE_vs_median,0.23888705568469845,0.04082474399457052,5,15,15
real,H,qwen_nonthinking,False,snap_collegemsg,delta_ProfileAE_vs_median,0.08597136376264918,0.04723493292986547,5,15,15
real,H,qwen_nonthinking,False,snap_email_eu,delta_ProfileAE_vs_median,0.2196682552608437,0.01797567801224755,5,15,15
real,H,qwen_nonthinking,False,snap_mathoverflow,delta_ProfileAE_vs_median,0.28542136376264915,0.020195908551541374,5,15,15
real,H,qwen_nonthinking,False,sp_highschool2013,delta_ProfileAE_vs_median,0.18963693751018942,0.03868982783339541,5,15,15
real,H,qwen_nonthinking,False,sp_hospital,delta_ProfileAE_vs_median,0.2810208922401899,0.04361001414048535,5,15,15
real,B,qwen_thinking,False,copenhagen_bluetooth,valid_fraction,1.0,0.0,5,15,15
real,B,qwen_thinking,False,snap_collegemsg,valid_fraction,1.0,0.0,5,15,15
real,B,qwen_thinking,False,snap_email_eu,valid_fraction,1.0,0.0,5,15,15
real,B,qwen_thinking,False,snap_mathoverflow,valid_fraction,1.0,0.0,5,15,15
real,B,qwen_thinking,False,sp_highschool2013,valid_fraction,1.0,0.0,5,15,15
real,B,qwen_thinking,False,sp_hospital,valid_fraction,1.0,0.0,5,15,15
real,B,qwen_thinking,False,copenhagen_bluetooth,AE2,0.19928874638501196,0.03051357946828171,5,15,15
real,B,qwen_thinking,False,snap_collegemsg,AE2,0.2503999147275618,0.03335898734137078,5,15,15
real,B,qwen_thinking,False,snap_email_eu,AE2,0.20940374608233736,0.027684763969806462,5,15,15
real,B,qwen_thinking,False,snap_mathoverflow,AE2,0.10929029942442522,0.04726787117050777,5,15,15
real,B,qwen_thinking,False,sp_highschool2013,AE2,0.24065377563882204,0.02340028226730269,5,15,15
real,B,qwen_thinking,False,sp_hospital,AE2,0.26767694217149546,0.027263669127432895,5,15,15
real,B,qwen_thinking,False,copenhagen_bluetooth,ProfileAE,0.10934600025147742,0.019867661288414516,5,15,15
real,B,qwen_thinking,False,snap_collegemsg,ProfileAE,0.08852217748711277,0.0186075677950622,5,15,15
real,B,qwen_thinking,False,snap_email_eu,ProfileAE,0.127646802124834,0.01719783800375964,5,15,15
real,B,qwen_thinking,False,snap_mathoverflow,ProfileAE,0.055972441542040376,0.03620003187593208,5,15,15
real,B,qwen_thinking,False,sp_highschool2013,ProfileAE,0.16474162713418128,0.04384991929253606,5,15,15
real,B,qwen_thinking,False,sp_hospital,ProfileAE,0.13122767509511268,0.01853391954626058,5,15,15
real,B,qwen_thinking,False,copenhagen_bluetooth,signed_rho2,-0.14405902175279767,0.05033524830794244,5,15,15
real,B,qwen_thinking,False,snap_collegemsg,signed_rho2,0.1581337596955244,0.031213850212686033,5,15,15
real,B,qwen_thinking,False,snap_email_eu,signed_rho2,-0.15016735830013286,0.040596865386162785,5,15,15
real,B,qwen_thinking,False,snap_mathoverflow,signed_rho2,0.025968523181513534,0.05171850607434656,5,15,15
real,B,qwen_thinking,False,sp_highschool2013,signed_rho2,-0.17206204881402545,0.05391245578610651,5,15,15
real,B,qwen_thinking,False,sp_hospital,signed_rho2,-0.13489950465320455,0.05064160143483265,5,15,15
real,B,qwen_thinking,False,copenhagen_bluetooth,budget_matched,1.0,0.0,5,15,15
real,B,qwen_thinking,False,snap_collegemsg,budget_matched,1.0,0.0,5,15,15
real,B,qwen_thinking,False,snap_email_eu,budget_matched,1.0,0.0,5,15,15
real,B,qwen_thinking,False,snap_mathoverflow,budget_matched,1.0,0.0,5,15,15
real,B,qwen_thinking,False,sp_highschool2013,budget_matched,1.0,0.0,5,15,15
real,B,qwen_thinking,False,sp_hospital,budget_matched,1.0,0.0,5,15,15
real,B,qwen_thinking,False,copenhagen_bluetooth,baseline_AE2_all,0.004302434604908889,0.0013872342144120244,5,15,15
real,B,qwen_thinking,False,snap_collegemsg,baseline_AE2_all,0.020807840708076376,0.0026423993217736365,5,15,15
real,B,qwen_thinking,False,snap_email_eu,baseline_AE2_all,0.06809206140732865,0.00371727165768431,5,15,15
real,B,qwen_thinking,False,snap_mathoverflow,baseline_AE2_all,0.12521628803488577,0.007314882234171535,5,15,15
real,B,qwen_thinking,False,sp_highschool2013,baseline_AE2_all,0.11252972865021317,0.005707385044369273,5,15,15
real,B,qwen_thinking,False,sp_hospital,baseline_AE2_all,0.12823741084518195,0.02825671295617755,5,15,15
real,B,qwen_thinking,False,copenhagen_bluetooth,baseline_AE2_matched,0.004302434604908889,0.0013872342144120244,5,15,15
real,B,qwen_thinking,False,snap_collegemsg,baseline_AE2_matched,0.020807840708076376,0.0026423993217736365,5,15,15
real,B,qwen_thinking,False,snap_email_eu,baseline_AE2_matched,0.06809206140732865,0.00371727165768431,5,15,15
real,B,qwen_thinking,False,snap_mathoverflow,baseline_AE2_matched,0.12521628803488577,0.007314882234171535,5,15,15
real,B,qwen_thinking,False,sp_highschool2013,baseline_AE2_matched,0.11252972865021317,0.005707385044369273,5,15,15
real,B,qwen_thinking,False,sp_hospital,baseline_AE2_matched,0.12823741084518195,0.02825671295617755,5,15,15
real,B,qwen_thinking,False,copenhagen_bluetooth,delta_AE2_vs_baseline,0.19498631178010306,0.03164038876247292,5,15,15
real,B,qwen_thinking,False,snap_collegemsg,delta_AE2_vs_baseline,0.22959207401948542,0.03232256020494349,5,15,15
real,B,qwen_thinking,False,snap_email_eu,delta_AE2_vs_baseline,0.14131168467500874,0.027225944617256893,5,15,15
real,B,qwen_thinking,False,snap_mathoverflow,delta_AE2_vs_baseline,-0.01592598861046053,0.048743300989341425,5,15,15
real,B,qwen_thinking,False,sp_highschool2013,delta_AE2_vs_baseline,0.12812404698860885,0.026921511545337094,5,15,15
real,B,qwen_thinking,False,sp_hospital,delta_AE2_vs_baseline,0.1394395313263135,0.048789261174761324,5,15,15
real,B,qwen_thinking,False,copenhagen_bluetooth,baseline_ProfileAE_all,0.010100230737059544,0.0012828986712374005,5,15,15
real,B,qwen_thinking,False,snap_collegemsg,baseline_ProfileAE_all,0.006944561756951339,0.0007212026879643007,5,15,15
real,B,qwen_thinking,False,snap_email_eu,baseline_ProfileAE_all,0.060238287758769576,0.0027073189716935054,5,15,15
real,B,qwen_thinking,False,snap_mathoverflow,baseline_ProfileAE_all,0.034273630880193404,0.0016993786077346346,5,15,15
real,B,qwen_thinking,False,sp_highschool2013,baseline_ProfileAE_all,0.08616621258743676,0.0034811117003248626,5,15,15
real,B,qwen_thinking,False,sp_hospital,baseline_ProfileAE_all,0.05639340492928492,0.012307141090825311,5,15,15
real,B,qwen_thinking,False,copenhagen_bluetooth,baseline_ProfileAE_matched,0.010100230737059544,0.0012828986712374005,5,15,15
real,B,qwen_thinking,False,snap_collegemsg,baseline_ProfileAE_matched,0.006944561756951339,0.0007212026879643007,5,15,15
real,B,qwen_thinking,False,snap_email_eu,baseline_ProfileAE_matched,0.060238287758769576,0.0027073189716935054,5,15,15
real,B,qwen_thinking,False,snap_mathoverflow,baseline_ProfileAE_matched,0.034273630880193404,0.0016993786077346346,5,15,15
real,B,qwen_thinking,False,sp_highschool2013,baseline_ProfileAE_matched,0.08616621258743676,0.0034811117003248626,5,15,15
real,B,qwen_thinking,False,sp_hospital,baseline_ProfileAE_matched,0.05639340492928492,0.012307141090825311,5,15,15
real,B,qwen_thinking,False,copenhagen_bluetooth,delta_ProfileAE_vs_baseline,0.09924576951441787,0.020573077709730225,5,15,15
real,B,qwen_thinking,False,snap_collegemsg,delta_ProfileAE_vs_baseline,0.08157761573016144,0.018138879016259084,5,15,15
real,B,qwen_thinking,False,snap_email_eu,delta_ProfileAE_vs_baseline,0.06740851436606442,0.017229105148147388,5,15,15
real,B,qwen_thinking,False,snap_mathoverflow,delta_ProfileAE_vs_baseline,0.02169881066184696,0.036737543806778176,5,15,15
real,B,qwen_thinking,False,sp_highschool2013,delta_ProfileAE_vs_baseline,0.07857541454674451,0.04523289485287613,5,15,15
real,B,qwen_thinking,False,sp_hospital,delta_ProfileAE_vs_baseline,0.07483427016582778,0.026382457141567825,5,15,15
real,B,qwen_thinking,False,copenhagen_bluetooth,plugin_AE2_all,0.19953804843976725,0.0007112326467277393,5,15,15
real,B,qwen_thinking,False,snap_collegemsg,plugin_AE2_all,0.07009170710585136,0.00211584606801903,5,15,15
real,B,qwen_thinking,False,snap_email_eu,plugin_AE2_all,0.237910515444967,0.002249072484029488,5,15,15
real,B,qwen_thinking,False,snap_mathoverflow,plugin_AE2_all,0.05392499278774285,0.00046688217448146796,5,15,15
real,B,qwen_thinking,False,sp_highschool2013,plugin_AE2_all,0.23280416907820117,0.006938334340375167,5,15,15
real,B,qwen_thinking,False,sp_hospital,plugin_AE2_all,0.29279534142165803,0.009423823029024694,5,15,15
real,B,qwen_thinking,False,copenhagen_bluetooth,plugin_AE2_matched,0.19953804843976725,0.0007112326467277393,5,15,15
real,B,qwen_thinking,False,snap_collegemsg,plugin_AE2_matched,0.07009170710585136,0.00211584606801903,5,15,15
real,B,qwen_thinking,False,snap_email_eu,plugin_AE2_matched,0.237910515444967,0.002249072484029488,5,15,15
real,B,qwen_thinking,False,snap_mathoverflow,plugin_AE2_matched,0.05392499278774285,0.00046688217448146796,5,15,15
real,B,qwen_thinking,False,sp_highschool2013,plugin_AE2_matched,0.23280416907820117,0.006938334340375167,5,15,15
real,B,qwen_thinking,False,sp_hospital,plugin_AE2_matched,0.29279534142165803,0.009423823029024694,5,15,15
real,B,qwen_thinking,False,copenhagen_bluetooth,delta_AE2_vs_plugin,-0.0002493020547553256,0.031194820836637552,5,15,15
real,B,qwen_thinking,False,snap_collegemsg,delta_AE2_vs_plugin,0.18030820762171046,0.03501358478741013,5,15,15
real,B,qwen_thinking,False,snap_email_eu,delta_AE2_vs_plugin,-0.0285067693626296,0.026858848023016624,5,15,15
real,B,qwen_thinking,False,snap_mathoverflow,delta_AE2_vs_plugin,0.05536530663668238,0.046935855180550344,5,15,15
real,B,qwen_thinking,False,sp_highschool2013,delta_AE2_vs_plugin,0.00784960656062083,0.029396878686978958,5,15,15
real,B,qwen_thinking,False,sp_hospital,delta_AE2_vs_plugin,-0.02511839925016261,0.03111489603621775,5,15,15
real,B,qwen_thinking,False,copenhagen_bluetooth,plugin_ProfileAE_all,0.108019419419091,0.000455119428505949,5,15,15
real,B,qwen_thinking,False,snap_collegemsg,plugin_ProfileAE_all,0.021182978364084178,0.0006171849332629485,5,15,15
real,B,qwen_thinking,False,snap_email_eu,plugin_ProfileAE_all,0.15324621219209403,0.0008777177295629511,5,15,15
real,B,qwen_thinking,False,snap_mathoverflow,plugin_ProfileAE_all,0.018829550509821717,0.00013346013791134758,5,15,15
real,B,qwen_thinking,False,sp_highschool2013,plugin_ProfileAE_all,0.1339580764654795,0.0023109881082262573,5,15,15
real,B,qwen_thinking,False,sp_hospital,plugin_ProfileAE_all,0.12322111098239491,0.002341078926938437,5,15,15
real,B,qwen_thinking,False,copenhagen_bluetooth,plugin_ProfileAE_matched,0.108019419419091,0.000455119428505949,5,15,15
real,B,qwen_thinking,False,snap_collegemsg,plugin_ProfileAE_matched,0.021182978364084178,0.0006171849332629485,5,15,15
real,B,qwen_thinking,False,snap_email_eu,plugin_ProfileAE_matched,0.15324621219209403,0.0008777177295629511,5,15,15
real,B,qwen_thinking,False,snap_mathoverflow,plugin_ProfileAE_matched,0.018829550509821717,0.00013346013791134758,5,15,15
real,B,qwen_thinking,False,sp_highschool2013,plugin_ProfileAE_matched,0.1339580764654795,0.0023109881082262573,5,15,15
real,B,qwen_thinking,False,sp_hospital,plugin_ProfileAE_matched,0.12322111098239491,0.002341078926938437,5,15,15
real,B,qwen_thinking,False,copenhagen_bluetooth,delta_ProfileAE_vs_plugin,0.0013265808323864397,0.0200386855965833,5,15,15
real,B,qwen_thinking,False,snap_collegemsg,delta_ProfileAE_vs_plugin,0.06733919912302858,0.018964371006214564,5,15,15
real,B,qwen_thinking,False,snap_email_eu,delta_ProfileAE_vs_plugin,-0.02559941006726001,0.017071747346580072,5,15,15
real,B,qwen_thinking,False,snap_mathoverflow,delta_ProfileAE_vs_plugin,0.03714289103221865,0.036113963410248584,5,15,15
real,B,qwen_thinking,False,sp_highschool2013,delta_ProfileAE_vs_plugin,0.030783550668701736,0.04477843608316607,5,15,15
real,B,qwen_thinking,False,sp_hospital,delta_ProfileAE_vs_plugin,0.008006564112717742,0.018490155568388556,5,15,15
real,B,qwen_thinking,False,copenhagen_bluetooth,extratrees_AE2_all,0.019148155194072168,0.0014156848501409272,5,15,15
real,B,qwen_thinking,False,snap_collegemsg,extratrees_AE2_all,0.07502308578648594,0.004826148270562668,5,15,15
real,B,qwen_thinking,False,snap_email_eu,extratrees_AE2_all,0.0306031887993371,0.003977283926373009,5,15,15
real,B,qwen_thinking,False,snap_mathoverflow,extratrees_AE2_all,0.14446012263822752,0.0030986768359775427,5,15,15
real,B,qwen_thinking,False,sp_highschool2013,extratrees_AE2_all,0.042877924247520724,0.007382928659198934,5,15,15
real,B,qwen_thinking,False,sp_hospital,extratrees_AE2_all,0.06927433297292572,0.01140577688859428,5,15,15
real,B,qwen_thinking,False,copenhagen_bluetooth,extratrees_AE2_matched,0.019148155194072168,0.0014156848501409272,5,15,15
real,B,qwen_thinking,False,snap_collegemsg,extratrees_AE2_matched,0.07502308578648594,0.004826148270562668,5,15,15
real,B,qwen_thinking,False,snap_email_eu,extratrees_AE2_matched,0.0306031887993371,0.003977283926373009,5,15,15
real,B,qwen_thinking,False,snap_mathoverflow,extratrees_AE2_matched,0.14446012263822752,0.0030986768359775427,5,15,15
real,B,qwen_thinking,False,sp_highschool2013,extratrees_AE2_matched,0.042877924247520724,0.007382928659198934,5,15,15
real,B,qwen_thinking,False,sp_hospital,extratrees_AE2_matched,0.06927433297292572,0.01140577688859428,5,15,15
real,B,qwen_thinking,False,copenhagen_bluetooth,delta_AE2_vs_extratrees,0.18014059119093975,0.029947484789003213,5,15,15
real,B,qwen_thinking,False,snap_collegemsg,delta_AE2_vs_extratrees,0.17537682894107584,0.029781686095834755,5,15,15
real,B,qwen_thinking,False,snap_email_eu,delta_AE2_vs_extratrees,0.1788005572830003,0.029185520826251806,5,15,15
real,B,qwen_thinking,False,snap_mathoverflow,delta_AE2_vs_extratrees,-0.03516982321380231,0.04980722378941403,5,15,15
real,B,qwen_thinking,False,sp_highschool2013,delta_AE2_vs_extratrees,0.1977758513913013,0.027920087476811094,5,15,15
real,B,qwen_thinking,False,sp_hospital,delta_AE2_vs_extratrees,0.19840260919856975,0.02576922449135953,5,15,15
real,B,qwen_thinking,False,copenhagen_bluetooth,extratrees_ProfileAE_all,0.02228438581324981,0.0013445630223216413,5,15,15
real,B,qwen_thinking,False,snap_collegemsg,extratrees_ProfileAE_all,0.028836071570845,0.0012748680695037291,5,15,15
real,B,qwen_thinking,False,snap_email_eu,extratrees_ProfileAE_all,0.02928187201063711,0.0002490613386267712,5,15,15
real,B,qwen_thinking,False,snap_mathoverflow,extratrees_ProfileAE_all,0.0478800163550004,0.001440989215038849,5,15,15
real,B,qwen_thinking,False,sp_highschool2013,extratrees_ProfileAE_all,0.06651492159896401,0.003975698966487406,5,15,15
real,B,qwen_thinking,False,sp_hospital,extratrees_ProfileAE_all,0.03579925232375139,0.009144727574411576,5,15,15
real,B,qwen_thinking,False,copenhagen_bluetooth,extratrees_ProfileAE_matched,0.02228438581324981,0.0013445630223216413,5,15,15
real,B,qwen_thinking,False,snap_collegemsg,extratrees_ProfileAE_matched,0.028836071570845,0.0012748680695037291,5,15,15
real,B,qwen_thinking,False,snap_email_eu,extratrees_ProfileAE_matched,0.02928187201063711,0.0002490613386267712,5,15,15
real,B,qwen_thinking,False,snap_mathoverflow,extratrees_ProfileAE_matched,0.0478800163550004,0.001440989215038849,5,15,15
real,B,qwen_thinking,False,sp_highschool2013,extratrees_ProfileAE_matched,0.06651492159896401,0.003975698966487406,5,15,15
real,B,qwen_thinking,False,sp_hospital,extratrees_ProfileAE_matched,0.03579925232375139,0.009144727574411576,5,15,15
real,B,qwen_thinking,False,copenhagen_bluetooth,delta_ProfileAE_vs_extratrees,0.08706161443822763,0.019490802961582447,5,15,15
real,B,qwen_thinking,False,snap_collegemsg,delta_ProfileAE_vs_extratrees,0.05968610591626776,0.01829544320444985,5,15,15
real,B,qwen_thinking,False,snap_email_eu,delta_ProfileAE_vs_extratrees,0.0983649301141969,0.017144988872897896,5,15,15
real,B,qwen_thinking,False,snap_mathoverflow,delta_ProfileAE_vs_extratrees,0.008092425187039969,0.03739306030943387,5,15,15
real,B,qwen_thinking,False,sp_highschool2013,delta_ProfileAE_vs_extratrees,0.09822670553521723,0.045468577398017115,5,15,15
real,B,qwen_thinking,False,sp_hospital,delta_ProfileAE_vs_extratrees,0.09542842277136127,0.012198155629181215,5,15,15
real,B,qwen_thinking,False,copenhagen_bluetooth,median_AE2_all,0.1567993430755243,2.7755575615628914e-17,5,15,15
real,B,qwen_thinking,False,snap_collegemsg,median_AE2_all,0.3157949930747082,1.850371707708594e-17,5,15,15
real,B,qwen_thinking,False,snap_email_eu,median_AE2_all,0.21560074628952602,1.850371707708594e-17,5,15,15
real,B,qwen_thinking,False,snap_mathoverflow,median_AE2_all,0.334460623227364,3.700743415417188e-17,5,15,15
real,B,qwen_thinking,False,sp_highschool2013,median_AE2_all,0.19543570347008538,3.700743415417188e-17,5,15,15
real,B,qwen_thinking,False,sp_hospital,median_AE2_all,0.1550009593092644,9.25185853854297e-18,5,15,15
real,B,qwen_thinking,False,copenhagen_bluetooth,median_AE2_matched,0.1567993430755243,2.7755575615628914e-17,5,15,15
real,B,qwen_thinking,False,snap_collegemsg,median_AE2_matched,0.3157949930747082,1.850371707708594e-17,5,15,15
real,B,qwen_thinking,False,snap_email_eu,median_AE2_matched,0.21560074628952602,1.850371707708594e-17,5,15,15
real,B,qwen_thinking,False,snap_mathoverflow,median_AE2_matched,0.334460623227364,3.700743415417188e-17,5,15,15
real,B,qwen_thinking,False,sp_highschool2013,median_AE2_matched,0.19543570347008538,3.700743415417188e-17,5,15,15
real,B,qwen_thinking,False,sp_hospital,median_AE2_matched,0.1550009593092644,9.25185853854297e-18,5,15,15
real,B,qwen_thinking,False,copenhagen_bluetooth,delta_AE2_vs_median,0.0424894033094877,0.03051357946828171,5,15,15
real,B,qwen_thinking,False,snap_collegemsg,delta_AE2_vs_median,-0.06539507834714647,0.03335898734137078,5,15,15
real,B,qwen_thinking,False,snap_email_eu,delta_AE2_vs_median,-0.006197000207188707,0.027684763969806455,5,15,15
real,B,qwen_thinking,False,snap_mathoverflow,delta_AE2_vs_median,-0.22517032380293883,0.047267871170507764,5,15,15
real,B,qwen_thinking,False,sp_highschool2013,delta_AE2_vs_median,0.04521807216873672,0.02340028226730269,5,15,15
real,B,qwen_thinking,False,sp_hospital,delta_AE2_vs_median,0.11267598286223102,0.027263669127432884,5,15,15
real,B,qwen_thinking,False,copenhagen_bluetooth,median_ProfileAE_all,0.0900406131195264,0.0,5,15,15
real,B,qwen_thinking,False,snap_collegemsg,median_ProfileAE_all,0.13311101808443856,9.25185853854297e-18,5,15,15
real,B,qwen_thinking,False,snap_email_eu,median_ProfileAE_all,0.13602501333145378,0.0,5,15,15
real,B,qwen_thinking,False,snap_mathoverflow,median_ProfileAE_all,0.13551195946354852,0.0,5,15,15
real,B,qwen_thinking,False,sp_highschool2013,median_ProfileAE_all,0.11904067220678091,0.0,5,15,15
real,B,qwen_thinking,False,sp_hospital,median_ProfileAE_all,0.05606046567611099,4.625929269271485e-18,5,15,15
real,B,qwen_thinking,False,copenhagen_bluetooth,median_ProfileAE_matched,0.0900406131195264,0.0,5,15,15
real,B,qwen_thinking,False,snap_collegemsg,median_ProfileAE_matched,0.13311101808443856,9.25185853854297e-18,5,15,15
real,B,qwen_thinking,False,snap_email_eu,median_ProfileAE_matched,0.13602501333145378,0.0,5,15,15
real,B,qwen_thinking,False,snap_mathoverflow,median_ProfileAE_matched,0.13551195946354852,0.0,5,15,15
real,B,qwen_thinking,False,sp_highschool2013,median_ProfileAE_matched,0.11904067220678091,0.0,5,15,15
real,B,qwen_thinking,False,sp_hospital,median_ProfileAE_matched,0.05606046567611099,4.625929269271485e-18,5,15,15
real,B,qwen_thinking,False,copenhagen_bluetooth,delta_ProfileAE_vs_median,0.01930538713195103,0.019867661288414516,5,15,15
real,B,qwen_thinking,False,snap_collegemsg,delta_ProfileAE_vs_median,-0.044588840597325756,0.0186075677950622,5,15,15
real,B,qwen_thinking,False,snap_email_eu,delta_ProfileAE_vs_median,-0.008378211206619763,0.017197838003759642,5,15,15
real,B,qwen_thinking,False,snap_mathoverflow,delta_ProfileAE_vs_median,-0.07953951792150817,0.03620003187593208,5,15,15
real,B,qwen_thinking,False,sp_highschool2013,delta_ProfileAE_vs_median,0.04570095492740037,0.043849919292536066,5,15,15
real,B,qwen_thinking,False,sp_hospital,delta_ProfileAE_vs_median,0.07516720941900171,0.018533919546260578,5,15,15
real,B,qwen_nonthinking,False,copenhagen_bluetooth,valid_fraction,1.0,0.0,5,15,15
real,B,qwen_nonthinking,False,snap_collegemsg,valid_fraction,1.0,0.0,5,15,15
real,B,qwen_nonthinking,False,snap_email_eu,valid_fraction,1.0,0.0,5,15,15
real,B,qwen_nonthinking,False,snap_mathoverflow,valid_fraction,1.0,0.0,5,15,15
real,B,qwen_nonthinking,False,sp_highschool2013,valid_fraction,1.0,0.0,5,15,15
real,B,qwen_nonthinking,False,sp_hospital,valid_fraction,1.0,0.0,5,15,15
real,B,qwen_nonthinking,False,copenhagen_bluetooth,AE2,0.45754097824720236,0.013636389225565199,5,15,15
real,B,qwen_nonthinking,False,snap_collegemsg,AE2,0.7596170930288578,0.047555815160246755,5,15,15
real,B,qwen_nonthinking,False,snap_email_eu,AE2,0.4102729083665338,0.017212721393718582,5,15,15
real,B,qwen_nonthinking,False,snap_mathoverflow,AE2,0.801416056514847,0.021301434484820764,5,15,15
real,B,qwen_nonthinking,False,sp_highschool2013,AE2,0.45143795118597463,0.010806376718298222,5,15,15
real,B,qwen_nonthinking,False,sp_hospital,AE2,0.48553936201346215,0.013515423288475539,5,15,15
real,B,qwen_nonthinking,False,copenhagen_bluetooth,ProfileAE,0.4390276688042248,0.03801963491261967,5,15,15
real,B,qwen_nonthinking,False,snap_collegemsg,ProfileAE,0.5300944259767789,0.048159833831987284,5,15,15
real,B,qwen_nonthinking,False,snap_email_eu,ProfileAE,0.3791932685922975,0.04551758665004598,5,15,15
real,B,qwen_nonthinking,False,snap_mathoverflow,ProfileAE,0.5612666565595311,0.04156430426326043,5,15,15
real,B,qwen_nonthinking,False,sp_highschool2013,ProfileAE,0.406594276383637,0.020788952728686347,5,15,15
real,B,qwen_nonthinking,False,sp_hospital,ProfileAE,0.5449146912496341,0.03231206345073686,5,15,15
real,B,qwen_nonthinking,False,copenhagen_bluetooth,signed_rho2,0.45754097824720236,0.013636389225565199,5,15,15
real,B,qwen_nonthinking,False,snap_collegemsg,signed_rho2,0.7596170930288578,0.047555815160246755,5,15,15
real,B,qwen_nonthinking,False,snap_email_eu,signed_rho2,0.4102729083665338,0.017212721393718582,5,15,15
real,B,qwen_nonthinking,False,snap_mathoverflow,signed_rho2,0.801416056514847,0.021301434484820764,5,15,15
real,B,qwen_nonthinking,False,sp_highschool2013,signed_rho2,0.45143795118597463,0.010806376718298222,5,15,15
real,B,qwen_nonthinking,False,sp_hospital,signed_rho2,0.48553936201346215,0.013515423288475539,5,15,15
real,B,qwen_nonthinking,False,copenhagen_bluetooth,budget_matched,1.0,0.0,5,15,15
real,B,qwen_nonthinking,False,snap_collegemsg,budget_matched,1.0,0.0,5,15,15
real,B,qwen_nonthinking,False,snap_email_eu,budget_matched,1.0,0.0,5,15,15
real,B,qwen_nonthinking,False,snap_mathoverflow,budget_matched,1.0,0.0,5,15,15
real,B,qwen_nonthinking,False,sp_highschool2013,budget_matched,1.0,0.0,5,15,15
real,B,qwen_nonthinking,False,sp_hospital,budget_matched,1.0,0.0,5,15,15
real,B,qwen_nonthinking,False,copenhagen_bluetooth,baseline_AE2_all,0.004302434604908889,0.0013872342144120244,5,15,15
real,B,qwen_nonthinking,False,snap_collegemsg,baseline_AE2_all,0.020807840708076376,0.0026423993217736365,5,15,15
real,B,qwen_nonthinking,False,snap_email_eu,baseline_AE2_all,0.06809206140732865,0.00371727165768431,5,15,15
real,B,qwen_nonthinking,False,snap_mathoverflow,baseline_AE2_all,0.12521628803488577,0.007314882234171535,5,15,15
real,B,qwen_nonthinking,False,sp_highschool2013,baseline_AE2_all,0.11252972865021317,0.005707385044369273,5,15,15
real,B,qwen_nonthinking,False,sp_hospital,baseline_AE2_all,0.12823741084518195,0.02825671295617755,5,15,15
real,B,qwen_nonthinking,False,copenhagen_bluetooth,baseline_AE2_matched,0.004302434604908889,0.0013872342144120244,5,15,15
real,B,qwen_nonthinking,False,snap_collegemsg,baseline_AE2_matched,0.020807840708076376,0.0026423993217736365,5,15,15
real,B,qwen_nonthinking,False,snap_email_eu,baseline_AE2_matched,0.06809206140732865,0.00371727165768431,5,15,15
real,B,qwen_nonthinking,False,snap_mathoverflow,baseline_AE2_matched,0.12521628803488577,0.007314882234171535,5,15,15
real,B,qwen_nonthinking,False,sp_highschool2013,baseline_AE2_matched,0.11252972865021317,0.005707385044369273,5,15,15
real,B,qwen_nonthinking,False,sp_hospital,baseline_AE2_matched,0.12823741084518195,0.02825671295617755,5,15,15
real,B,qwen_nonthinking,False,copenhagen_bluetooth,delta_AE2_vs_baseline,0.4532385436422935,0.012908841245861322,5,15,15
real,B,qwen_nonthinking,False,snap_collegemsg,delta_AE2_vs_baseline,0.7388092523207812,0.048848292872418396,5,15,15
real,B,qwen_nonthinking,False,snap_email_eu,delta_AE2_vs_baseline,0.3421808469592052,0.01650942135748838,5,15,15
real,B,qwen_nonthinking,False,snap_mathoverflow,delta_AE2_vs_baseline,0.6761997684799611,0.01737871485391101,5,15,15
real,B,qwen_nonthinking,False,sp_highschool2013,delta_AE2_vs_baseline,0.3389082225357613,0.010661372070618758,5,15,15
real,B,qwen_nonthinking,False,sp_hospital,delta_AE2_vs_baseline,0.3573019511682802,0.025864844937167692,5,15,15
real,B,qwen_nonthinking,False,copenhagen_bluetooth,baseline_ProfileAE_all,0.010100230737059544,0.0012828986712374005,5,15,15
real,B,qwen_nonthinking,False,snap_collegemsg,baseline_ProfileAE_all,0.006944561756951339,0.0007212026879643007,5,15,15
real,B,qwen_nonthinking,False,snap_email_eu,baseline_ProfileAE_all,0.060238287758769576,0.0027073189716935054,5,15,15
real,B,qwen_nonthinking,False,snap_mathoverflow,baseline_ProfileAE_all,0.034273630880193404,0.0016993786077346346,5,15,15
real,B,qwen_nonthinking,False,sp_highschool2013,baseline_ProfileAE_all,0.08616621258743676,0.0034811117003248626,5,15,15
real,B,qwen_nonthinking,False,sp_hospital,baseline_ProfileAE_all,0.05639340492928492,0.012307141090825311,5,15,15
real,B,qwen_nonthinking,False,copenhagen_bluetooth,baseline_ProfileAE_matched,0.010100230737059544,0.0012828986712374005,5,15,15
real,B,qwen_nonthinking,False,snap_collegemsg,baseline_ProfileAE_matched,0.006944561756951339,0.0007212026879643007,5,15,15
real,B,qwen_nonthinking,False,snap_email_eu,baseline_ProfileAE_matched,0.060238287758769576,0.0027073189716935054,5,15,15
real,B,qwen_nonthinking,False,snap_mathoverflow,baseline_ProfileAE_matched,0.034273630880193404,0.0016993786077346346,5,15,15
real,B,qwen_nonthinking,False,sp_highschool2013,baseline_ProfileAE_matched,0.08616621258743676,0.0034811117003248626,5,15,15
real,B,qwen_nonthinking,False,sp_hospital,baseline_ProfileAE_matched,0.05639340492928492,0.012307141090825311,5,15,15
real,B,qwen_nonthinking,False,copenhagen_bluetooth,delta_ProfileAE_vs_baseline,0.42892743806716527,0.03788612569423204,5,15,15
real,B,qwen_nonthinking,False,snap_collegemsg,delta_ProfileAE_vs_baseline,0.5231498642198276,0.048430306478382756,5,15,15
real,B,qwen_nonthinking,False,snap_email_eu,delta_ProfileAE_vs_baseline,0.3189549808335279,0.044165433965366256,5,15,15
real,B,qwen_nonthinking,False,snap_mathoverflow,delta_ProfileAE_vs_baseline,0.5269930256793377,0.04055966551418581,5,15,15
real,B,qwen_nonthinking,False,sp_highschool2013,delta_ProfileAE_vs_baseline,0.3204280637962002,0.02146260911072832,5,15,15
real,B,qwen_nonthinking,False,sp_hospital,delta_ProfileAE_vs_baseline,0.48852128632034925,0.029469587826730217,5,15,15
real,B,qwen_nonthinking,False,copenhagen_bluetooth,plugin_AE2_all,0.19953804843976725,0.0007112326467277393,5,15,15
real,B,qwen_nonthinking,False,snap_collegemsg,plugin_AE2_all,0.07009170710585136,0.00211584606801903,5,15,15
real,B,qwen_nonthinking,False,snap_email_eu,plugin_AE2_all,0.237910515444967,0.002249072484029488,5,15,15
real,B,qwen_nonthinking,False,snap_mathoverflow,plugin_AE2_all,0.05392499278774285,0.00046688217448146796,5,15,15
real,B,qwen_nonthinking,False,sp_highschool2013,plugin_AE2_all,0.23280416907820117,0.006938334340375167,5,15,15
real,B,qwen_nonthinking,False,sp_hospital,plugin_AE2_all,0.29279534142165803,0.009423823029024694,5,15,15
real,B,qwen_nonthinking,False,copenhagen_bluetooth,plugin_AE2_matched,0.19953804843976725,0.0007112326467277393,5,15,15
real,B,qwen_nonthinking,False,snap_collegemsg,plugin_AE2_matched,0.07009170710585136,0.00211584606801903,5,15,15
real,B,qwen_nonthinking,False,snap_email_eu,plugin_AE2_matched,0.237910515444967,0.002249072484029488,5,15,15
real,B,qwen_nonthinking,False,snap_mathoverflow,plugin_AE2_matched,0.05392499278774285,0.00046688217448146796,5,15,15
real,B,qwen_nonthinking,False,sp_highschool2013,plugin_AE2_matched,0.23280416907820117,0.006938334340375167,5,15,15
real,B,qwen_nonthinking,False,sp_hospital,plugin_AE2_matched,0.29279534142165803,0.009423823029024694,5,15,15
real,B,qwen_nonthinking,False,copenhagen_bluetooth,delta_AE2_vs_plugin,0.25800292980743506,0.013003619373746726,5,15,15
real,B,qwen_nonthinking,False,snap_collegemsg,delta_AE2_vs_plugin,0.6895253859230064,0.04680640858779677,5,15,15
real,B,qwen_nonthinking,False,snap_email_eu,delta_AE2_vs_plugin,0.17236239292156685,0.016447308409985897,5,15,15
real,B,qwen_nonthinking,False,snap_mathoverflow,delta_AE2_vs_plugin,0.747491063727104,0.02101928526025103,5,15,15
real,B,qwen_nonthinking,False,sp_highschool2013,delta_AE2_vs_plugin,0.21863378210777332,0.013253188294982886,5,15,15
real,B,qwen_nonthinking,False,sp_hospital,delta_AE2_vs_plugin,0.192744020591804,0.011639563355024947,5,15,15
real,B,qwen_nonthinking,False,copenhagen_bluetooth,plugin_ProfileAE_all,0.108019419419091,0.000455119428505949,5,15,15
real,B,qwen_nonthinking,False,snap_collegemsg,plugin_ProfileAE_all,0.021182978364084178,0.0006171849332629485,5,15,15
real,B,qwen_nonthinking,False,snap_email_eu,plugin_ProfileAE_all,0.15324621219209403,0.0008777177295629511,5,15,15
real,B,qwen_nonthinking,False,snap_mathoverflow,plugin_ProfileAE_all,0.018829550509821717,0.00013346013791134758,5,15,15
real,B,qwen_nonthinking,False,sp_highschool2013,plugin_ProfileAE_all,0.1339580764654795,0.0023109881082262573,5,15,15
real,B,qwen_nonthinking,False,sp_hospital,plugin_ProfileAE_all,0.12322111098239491,0.002341078926938437,5,15,15
real,B,qwen_nonthinking,False,copenhagen_bluetooth,plugin_ProfileAE_matched,0.108019419419091,0.000455119428505949,5,15,15
real,B,qwen_nonthinking,False,snap_collegemsg,plugin_ProfileAE_matched,0.021182978364084178,0.0006171849332629485,5,15,15
real,B,qwen_nonthinking,False,snap_email_eu,plugin_ProfileAE_matched,0.15324621219209403,0.0008777177295629511,5,15,15
real,B,qwen_nonthinking,False,snap_mathoverflow,plugin_ProfileAE_matched,0.018829550509821717,0.00013346013791134758,5,15,15
real,B,qwen_nonthinking,False,sp_highschool2013,plugin_ProfileAE_matched,0.1339580764654795,0.0023109881082262573,5,15,15
real,B,qwen_nonthinking,False,sp_hospital,plugin_ProfileAE_matched,0.12322111098239491,0.002341078926938437,5,15,15
real,B,qwen_nonthinking,False,copenhagen_bluetooth,delta_ProfileAE_vs_plugin,0.33100824938513385,0.037894574248792966,5,15,15
real,B,qwen_nonthinking,False,snap_collegemsg,delta_ProfileAE_vs_plugin,0.5089114476126947,0.04792107789898257,5,15,15
real,B,qwen_nonthinking,False,snap_email_eu,delta_ProfileAE_vs_plugin,0.22594705640020343,0.045760540683658486,5,15,15
real,B,qwen_nonthinking,False,snap_mathoverflow,delta_ProfileAE_vs_plugin,0.5424371060497093,0.04155998443821417,5,15,15
real,B,qwen_nonthinking,False,sp_highschool2013,delta_ProfileAE_vs_plugin,0.2726361999181574,0.02130974717951871,5,15,15
real,B,qwen_nonthinking,False,sp_hospital,delta_ProfileAE_vs_plugin,0.4216935802672392,0.031702294098032706,5,15,15
real,B,qwen_nonthinking,False,copenhagen_bluetooth,extratrees_AE2_all,0.019148155194072168,0.0014156848501409272,5,15,15
real,B,qwen_nonthinking,False,snap_collegemsg,extratrees_AE2_all,0.07502308578648594,0.004826148270562668,5,15,15
real,B,qwen_nonthinking,False,snap_email_eu,extratrees_AE2_all,0.0306031887993371,0.003977283926373009,5,15,15
real,B,qwen_nonthinking,False,snap_mathoverflow,extratrees_AE2_all,0.14446012263822752,0.0030986768359775427,5,15,15
real,B,qwen_nonthinking,False,sp_highschool2013,extratrees_AE2_all,0.042877924247520724,0.007382928659198934,5,15,15
real,B,qwen_nonthinking,False,sp_hospital,extratrees_AE2_all,0.06927433297292572,0.01140577688859428,5,15,15
real,B,qwen_nonthinking,False,copenhagen_bluetooth,extratrees_AE2_matched,0.019148155194072168,0.0014156848501409272,5,15,15
real,B,qwen_nonthinking,False,snap_collegemsg,extratrees_AE2_matched,0.07502308578648594,0.004826148270562668,5,15,15
real,B,qwen_nonthinking,False,snap_email_eu,extratrees_AE2_matched,0.0306031887993371,0.003977283926373009,5,15,15
real,B,qwen_nonthinking,False,snap_mathoverflow,extratrees_AE2_matched,0.14446012263822752,0.0030986768359775427,5,15,15
real,B,qwen_nonthinking,False,sp_highschool2013,extratrees_AE2_matched,0.042877924247520724,0.007382928659198934,5,15,15
real,B,qwen_nonthinking,False,sp_hospital,extratrees_AE2_matched,0.06927433297292572,0.01140577688859428,5,15,15
real,B,qwen_nonthinking,False,copenhagen_bluetooth,delta_AE2_vs_extratrees,0.43839282305313015,0.014332592336014827,5,15,15
real,B,qwen_nonthinking,False,snap_collegemsg,delta_AE2_vs_extratrees,0.6845940072423716,0.04943452592104563,5,15,15
real,B,qwen_nonthinking,False,snap_email_eu,delta_AE2_vs_extratrees,0.37966971956719675,0.019246490215621977,5,15,15
real,B,qwen_nonthinking,False,snap_mathoverflow,delta_AE2_vs_extratrees,0.6569559338766192,0.02219808171441494,5,15,15
real,B,qwen_nonthinking,False,sp_highschool2013,delta_AE2_vs_extratrees,0.40856002693845384,0.012116022201004576,5,15,15
real,B,qwen_nonthinking,False,sp_hospital,delta_AE2_vs_extratrees,0.41626502904053647,0.0101647519645754,5,15,15
real,B,qwen_nonthinking,False,copenhagen_bluetooth,extratrees_ProfileAE_all,0.02228438581324981,0.0013445630223216413,5,15,15
real,B,qwen_nonthinking,False,snap_collegemsg,extratrees_ProfileAE_all,0.028836071570845,0.0012748680695037291,5,15,15
real,B,qwen_nonthinking,False,snap_email_eu,extratrees_ProfileAE_all,0.02928187201063711,0.0002490613386267712,5,15,15
real,B,qwen_nonthinking,False,snap_mathoverflow,extratrees_ProfileAE_all,0.0478800163550004,0.001440989215038849,5,15,15
real,B,qwen_nonthinking,False,sp_highschool2013,extratrees_ProfileAE_all,0.06651492159896401,0.003975698966487406,5,15,15
real,B,qwen_nonthinking,False,sp_hospital,extratrees_ProfileAE_all,0.03579925232375139,0.009144727574411576,5,15,15
real,B,qwen_nonthinking,False,copenhagen_bluetooth,extratrees_ProfileAE_matched,0.02228438581324981,0.0013445630223216413,5,15,15
real,B,qwen_nonthinking,False,snap_collegemsg,extratrees_ProfileAE_matched,0.028836071570845,0.0012748680695037291,5,15,15
real,B,qwen_nonthinking,False,snap_email_eu,extratrees_ProfileAE_matched,0.02928187201063711,0.0002490613386267712,5,15,15
real,B,qwen_nonthinking,False,snap_mathoverflow,extratrees_ProfileAE_matched,0.0478800163550004,0.001440989215038849,5,15,15
real,B,qwen_nonthinking,False,sp_highschool2013,extratrees_ProfileAE_matched,0.06651492159896401,0.003975698966487406,5,15,15
real,B,qwen_nonthinking,False,sp_hospital,extratrees_ProfileAE_matched,0.03579925232375139,0.009144727574411576,5,15,15
real,B,qwen_nonthinking,False,copenhagen_bluetooth,delta_ProfileAE_vs_extratrees,0.41674328299097496,0.038308418789274545,5,15,15
real,B,qwen_nonthinking,False,snap_collegemsg,delta_ProfileAE_vs_extratrees,0.5012583544059338,0.04877685179445507,5,15,15
real,B,qwen_nonthinking,False,snap_email_eu,delta_ProfileAE_vs_extratrees,0.34991139658166037,0.045380380646228465,5,15,15
real,B,qwen_nonthinking,False,snap_mathoverflow,delta_ProfileAE_vs_extratrees,0.5133866402045306,0.04137454522404884,5,15,15
real,B,qwen_nonthinking,False,sp_highschool2013,delta_ProfileAE_vs_extratrees,0.34007935478467294,0.02032211502615935,5,15,15
real,B,qwen_nonthinking,False,sp_hospital,delta_ProfileAE_vs_extratrees,0.5091154389258828,0.03379187838231302,5,15,15
real,B,qwen_nonthinking,False,copenhagen_bluetooth,median_AE2_all,0.1567993430755243,2.7755575615628914e-17,5,15,15
real,B,qwen_nonthinking,False,snap_collegemsg,median_AE2_all,0.3157949930747082,1.850371707708594e-17,5,15,15
real,B,qwen_nonthinking,False,snap_email_eu,median_AE2_all,0.21560074628952602,1.850371707708594e-17,5,15,15
real,B,qwen_nonthinking,False,snap_mathoverflow,median_AE2_all,0.334460623227364,3.700743415417188e-17,5,15,15
real,B,qwen_nonthinking,False,sp_highschool2013,median_AE2_all,0.19543570347008538,3.700743415417188e-17,5,15,15
real,B,qwen_nonthinking,False,sp_hospital,median_AE2_all,0.1550009593092644,9.25185853854297e-18,5,15,15
real,B,qwen_nonthinking,False,copenhagen_bluetooth,median_AE2_matched,0.1567993430755243,2.7755575615628914e-17,5,15,15
real,B,qwen_nonthinking,False,snap_collegemsg,median_AE2_matched,0.3157949930747082,1.850371707708594e-17,5,15,15
real,B,qwen_nonthinking,False,snap_email_eu,median_AE2_matched,0.21560074628952602,1.850371707708594e-17,5,15,15
real,B,qwen_nonthinking,False,snap_mathoverflow,median_AE2_matched,0.334460623227364,3.700743415417188e-17,5,15,15
real,B,qwen_nonthinking,False,sp_highschool2013,median_AE2_matched,0.19543570347008538,3.700743415417188e-17,5,15,15
real,B,qwen_nonthinking,False,sp_hospital,median_AE2_matched,0.1550009593092644,9.25185853854297e-18,5,15,15
real,B,qwen_nonthinking,False,copenhagen_bluetooth,delta_AE2_vs_median,0.3007416351716781,0.013636389225565211,5,15,15
real,B,qwen_nonthinking,False,snap_collegemsg,delta_AE2_vs_median,0.4438220999541494,0.047555815160246755,5,15,15
real,B,qwen_nonthinking,False,snap_email_eu,delta_AE2_vs_median,0.19467216207700772,0.01721272139371859,5,15,15
real,B,qwen_nonthinking,False,snap_mathoverflow,delta_AE2_vs_median,0.46695543328748285,0.02130143448482074,5,15,15
real,B,qwen_nonthinking,False,sp_highschool2013,delta_AE2_vs_median,0.25600224771588925,0.01080637671829822,5,15,15
real,B,qwen_nonthinking,False,sp_hospital,delta_AE2_vs_median,0.33053840270419765,0.013515423288475532,5,15,15
real,B,qwen_nonthinking,False,copenhagen_bluetooth,median_ProfileAE_all,0.0900406131195264,0.0,5,15,15
real,B,qwen_nonthinking,False,snap_collegemsg,median_ProfileAE_all,0.13311101808443856,9.25185853854297e-18,5,15,15
real,B,qwen_nonthinking,False,snap_email_eu,median_ProfileAE_all,0.13602501333145378,0.0,5,15,15
real,B,qwen_nonthinking,False,snap_mathoverflow,median_ProfileAE_all,0.13551195946354852,0.0,5,15,15
real,B,qwen_nonthinking,False,sp_highschool2013,median_ProfileAE_all,0.11904067220678091,0.0,5,15,15
real,B,qwen_nonthinking,False,sp_hospital,median_ProfileAE_all,0.05606046567611099,4.625929269271485e-18,5,15,15
real,B,qwen_nonthinking,False,copenhagen_bluetooth,median_ProfileAE_matched,0.0900406131195264,0.0,5,15,15
real,B,qwen_nonthinking,False,snap_collegemsg,median_ProfileAE_matched,0.13311101808443856,9.25185853854297e-18,5,15,15
real,B,qwen_nonthinking,False,snap_email_eu,median_ProfileAE_matched,0.13602501333145378,0.0,5,15,15
real,B,qwen_nonthinking,False,snap_mathoverflow,median_ProfileAE_matched,0.13551195946354852,0.0,5,15,15
real,B,qwen_nonthinking,False,sp_highschool2013,median_ProfileAE_matched,0.11904067220678091,0.0,5,15,15
real,B,qwen_nonthinking,False,sp_hospital,median_ProfileAE_matched,0.05606046567611099,4.625929269271485e-18,5,15,15
real,B,qwen_nonthinking,False,copenhagen_bluetooth,delta_ProfileAE_vs_median,0.34898705568469846,0.03801963491261967,5,15,15
real,B,qwen_nonthinking,False,snap_collegemsg,delta_ProfileAE_vs_median,0.3969834078923404,0.04815983383198729,5,15,15
real,B,qwen_nonthinking,False,snap_email_eu,delta_ProfileAE_vs_median,0.2431682552608437,0.04551758665004598,5,15,15
real,B,qwen_nonthinking,False,snap_mathoverflow,delta_ProfileAE_vs_median,0.42575469709598246,0.04156430426326042,5,15,15
real,B,qwen_nonthinking,False,sp_highschool2013,delta_ProfileAE_vs_median,0.2875536041768561,0.02078895272868635,5,15,15
real,B,qwen_nonthinking,False,sp_hospital,delta_ProfileAE_vs_median,0.4888542255735232,0.03231206345073686,5,15,15
dar_a0,R,qwen_thinking,False,dar_a0_r1,valid_fraction,1.0,0.0,5,15,15
dar_a0,R,qwen_thinking,False,dar_a0_r2,valid_fraction,1.0,0.0,5,15,15
dar_a0,R,qwen_thinking,False,dar_a0_r1,AE2,0.018386282986547493,0.005528583764452415,5,15,15
dar_a0,R,qwen_thinking,False,dar_a0_r2,AE2,0.013181604231771615,0.003378066351590286,5,15,15
dar_a0,R,qwen_thinking,False,dar_a0_r1,ProfileAE,0.010556480486896613,0.002156747659971327,5,15,15
dar_a0,R,qwen_thinking,False,dar_a0_r2,ProfileAE,0.005576249165970358,0.0009672941146182911,5,15,15
dar_a0,R,qwen_thinking,False,dar_a0_r1,signed_rho2,0.0045365039054135695,0.010130385688507812,5,15,15
dar_a0,R,qwen_thinking,False,dar_a0_r2,signed_rho2,-0.010258621639510612,0.005276407150663579,5,15,15
dar_a0,R,qwen_thinking,False,dar_a0_r1,budget_matched,1.0,0.0,5,15,15
dar_a0,R,qwen_thinking,False,dar_a0_r2,budget_matched,1.0,0.0,5,15,15
dar_a0,R,qwen_thinking,False,dar_a0_r1,baseline_AE2_all,0.018888403657178345,0.005465475299916903,5,15,15
dar_a0,R,qwen_thinking,False,dar_a0_r2,baseline_AE2_all,0.013495048335578796,0.003206047136184011,5,15,15
dar_a0,R,qwen_thinking,False,dar_a0_r1,baseline_AE2_matched,0.018888403657178345,0.005465475299916903,5,15,15
dar_a0,R,qwen_thinking,False,dar_a0_r2,baseline_AE2_matched,0.013495048335578796,0.003206047136184011,5,15,15
dar_a0,R,qwen_thinking,False,dar_a0_r1,delta_AE2_vs_baseline,-0.0005021206706308494,0.0005032542033784891,5,15,15
dar_a0,R,qwen_thinking,False,dar_a0_r2,delta_AE2_vs_baseline,-0.00031344410380718113,0.0003184525833995714,5,15,15
dar_a0,R,qwen_thinking,False,dar_a0_r1,baseline_ProfileAE_all,0.010445405976633331,0.0022488175018213195,5,15,15
dar_a0,R,qwen_thinking,False,dar_a0_r2,baseline_ProfileAE_all,0.005806879248210139,0.0008330265684065883,5,15,15
dar_a0,R,qwen_thinking,False,dar_a0_r1,baseline_ProfileAE_matched,0.010445405976633331,0.0022488175018213195,5,15,15
dar_a0,R,qwen_thinking,False,dar_a0_r2,baseline_ProfileAE_matched,0.005806879248210139,0.0008330265684065883,5,15,15
dar_a0,R,qwen_thinking,False,dar_a0_r1,delta_ProfileAE_vs_baseline,0.00011107451026327956,0.0007256687892691966,5,15,15
dar_a0,R,qwen_thinking,False,dar_a0_r2,delta_ProfileAE_vs_baseline,-0.00023063008223978126,0.00023272188789683467,5,15,15
dar_a0,R,qwen_thinking,False,dar_a0_r1,plugin_AE2_all,0.018888403657178345,0.005465475299916903,5,15,15
dar_a0,R,qwen_thinking,False,dar_a0_r2,plugin_AE2_all,0.013495048335578796,0.003206047136184011,5,15,15
dar_a0,R,qwen_thinking,False,dar_a0_r1,plugin_AE2_matched,0.018888403657178345,0.005465475299916903,5,15,15
dar_a0,R,qwen_thinking,False,dar_a0_r2,plugin_AE2_matched,0.013495048335578796,0.003206047136184011,5,15,15
dar_a0,R,qwen_thinking,False,dar_a0_r1,delta_AE2_vs_plugin,-0.0005021206706308494,0.0005032542033784891,5,15,15
dar_a0,R,qwen_thinking,False,dar_a0_r2,delta_AE2_vs_plugin,-0.00031344410380718113,0.0003184525833995714,5,15,15
dar_a0,R,qwen_thinking,False,dar_a0_r1,plugin_ProfileAE_all,0.010445405976633331,0.0022488175018213195,5,15,15
dar_a0,R,qwen_thinking,False,dar_a0_r2,plugin_ProfileAE_all,0.005806879248210139,0.0008330265684065883,5,15,15
dar_a0,R,qwen_thinking,False,dar_a0_r1,plugin_ProfileAE_matched,0.010445405976633331,0.0022488175018213195,5,15,15
dar_a0,R,qwen_thinking,False,dar_a0_r2,plugin_ProfileAE_matched,0.005806879248210139,0.0008330265684065883,5,15,15
dar_a0,R,qwen_thinking,False,dar_a0_r1,delta_ProfileAE_vs_plugin,0.00011107451026327956,0.0007256687892691966,5,15,15
dar_a0,R,qwen_thinking,False,dar_a0_r2,delta_ProfileAE_vs_plugin,-0.00023063008223978126,0.00023272188789683467,5,15,15
dar_a0,R,qwen_thinking,False,dar_a0_r1,extratrees_AE2_all,0.02012921619671886,0.011326516528370294,5,15,15
dar_a0,R,qwen_thinking,False,dar_a0_r2,extratrees_AE2_all,0.022015864201780533,0.003332500010677706,5,15,15
dar_a0,R,qwen_thinking,False,dar_a0_r1,extratrees_AE2_matched,0.02012921619671886,0.011326516528370294,5,15,15
dar_a0,R,qwen_thinking,False,dar_a0_r2,extratrees_AE2_matched,0.022015864201780533,0.003332500010677706,5,15,15
dar_a0,R,qwen_thinking,False,dar_a0_r1,delta_AE2_vs_extratrees,-0.001742933210171364,0.008633625072984992,5,15,15
dar_a0,R,qwen_thinking,False,dar_a0_r2,delta_AE2_vs_extratrees,-0.008834259970008917,0.002573498588335157,5,15,15
dar_a0,R,qwen_thinking,False,dar_a0_r1,extratrees_ProfileAE_all,0.016235112860310343,0.0015488878873153565,5,15,15
dar_a0,R,qwen_thinking,False,dar_a0_r2,extratrees_ProfileAE_all,0.014178291829980183,0.0003699436621655605,5,15,15
dar_a0,R,qwen_thinking,False,dar_a0_r1,extratrees_ProfileAE_matched,0.016235112860310343,0.0015488878873153565,5,15,15
dar_a0,R,qwen_thinking,False,dar_a0_r2,extratrees_ProfileAE_matched,0.014178291829980183,0.0003699436621655605,5,15,15
dar_a0,R,qwen_thinking,False,dar_a0_r1,delta_ProfileAE_vs_extratrees,-0.005678632373413732,0.0015275338685077366,5,15,15
dar_a0,R,qwen_thinking,False,dar_a0_r2,delta_ProfileAE_vs_extratrees,-0.008602042664009829,0.0008733783064788371,5,15,15
dar_a0,R,qwen_thinking,False,dar_a0_r1,median_AE2_all,0.036130379748897434,0.0,5,15,15
dar_a0,R,qwen_thinking,False,dar_a0_r2,median_AE2_all,0.03524895161128194,0.0,5,15,15
dar_a0,R,qwen_thinking,False,dar_a0_r1,median_AE2_matched,0.036130379748897434,0.0,5,15,15
dar_a0,R,qwen_thinking,False,dar_a0_r2,median_AE2_matched,0.03524895161128194,0.0,5,15,15
dar_a0,R,qwen_thinking,False,dar_a0_r1,delta_AE2_vs_median,-0.01774409676234994,0.005528583764452415,5,15,15
dar_a0,R,qwen_thinking,False,dar_a0_r2,delta_AE2_vs_median,-0.022067347379510327,0.003378066351590286,5,15,15
dar_a0,R,qwen_thinking,False,dar_a0_r1,median_ProfileAE_all,0.035302722847475314,0.0,5,15,15
dar_a0,R,qwen_thinking,False,dar_a0_r2,median_ProfileAE_all,0.035486083878585206,0.0,5,15,15
dar_a0,R,qwen_thinking,False,dar_a0_r1,median_ProfileAE_matched,0.035302722847475314,0.0,5,15,15
dar_a0,R,qwen_thinking,False,dar_a0_r2,median_ProfileAE_matched,0.035486083878585206,0.0,5,15,15
dar_a0,R,qwen_thinking,False,dar_a0_r1,delta_ProfileAE_vs_median,-0.0247462423605787,0.0021567476599713264,5,15,15
dar_a0,R,qwen_thinking,False,dar_a0_r2,delta_ProfileAE_vs_median,-0.029909834712614845,0.0009672941146182915,5,15,15
dar_a0,R,qwen_nonthinking,False,dar_a0_r1,valid_fraction,1.0,0.0,5,15,15
dar_a0,R,qwen_nonthinking,False,dar_a0_r2,valid_fraction,1.0,0.0,5,15,15
dar_a0,R,qwen_nonthinking,False,dar_a0_r1,AE2,0.5117174975562071,0.009539392014169455,5,15,15
dar_a0,R,qwen_nonthinking,False,dar_a0_r2,AE2,0.45159892569382265,0.022025238048909056,5,15,15
dar_a0,R,qwen_nonthinking,False,dar_a0_r1,ProfileAE,0.5019990224828934,0.029471030973935514,5,15,15
dar_a0,R,qwen_nonthinking,False,dar_a0_r2,ProfileAE,0.4069564309161445,0.041728620607177726,5,15,15
dar_a0,R,qwen_nonthinking,False,dar_a0_r1,signed_rho2,0.5117174975562071,0.009539392014169455,5,15,15
dar_a0,R,qwen_nonthinking,False,dar_a0_r2,signed_rho2,0.45159892569382265,0.022025238048909056,5,15,15
dar_a0,R,qwen_nonthinking,False,dar_a0_r1,budget_matched,1.0,0.0,5,15,15
dar_a0,R,qwen_nonthinking,False,dar_a0_r2,budget_matched,1.0,0.0,5,15,15
dar_a0,R,qwen_nonthinking,False,dar_a0_r1,baseline_AE2_all,0.018888403657178345,0.005465475299916903,5,15,15
dar_a0,R,qwen_nonthinking,False,dar_a0_r2,baseline_AE2_all,0.013495048335578796,0.003206047136184011,5,15,15
dar_a0,R,qwen_nonthinking,False,dar_a0_r1,baseline_AE2_matched,0.018888403657178345,0.005465475299916903,5,15,15
dar_a0,R,qwen_nonthinking,False,dar_a0_r2,baseline_AE2_matched,0.013495048335578796,0.003206047136184011,5,15,15
dar_a0,R,qwen_nonthinking,False,dar_a0_r1,delta_AE2_vs_baseline,0.49282909389902874,0.0102672254273421,5,15,15
dar_a0,R,qwen_nonthinking,False,dar_a0_r2,delta_AE2_vs_baseline,0.4381038773582439,0.022300806777858687,5,15,15
dar_a0,R,qwen_nonthinking,False,dar_a0_r1,baseline_ProfileAE_all,0.010445405976633331,0.0022488175018213195,5,15,15
dar_a0,R,qwen_nonthinking,False,dar_a0_r2,baseline_ProfileAE_all,0.005806879248210139,0.0008330265684065883,5,15,15
dar_a0,R,qwen_nonthinking,False,dar_a0_r1,baseline_ProfileAE_matched,0.010445405976633331,0.0022488175018213195,5,15,15
dar_a0,R,qwen_nonthinking,False,dar_a0_r2,baseline_ProfileAE_matched,0.005806879248210139,0.0008330265684065883,5,15,15
dar_a0,R,qwen_nonthinking,False,dar_a0_r1,delta_ProfileAE_vs_baseline,0.49155361650626,0.03095816939057363,5,15,15
dar_a0,R,qwen_nonthinking,False,dar_a0_r2,delta_ProfileAE_vs_baseline,0.4011495516679343,0.042040755338435355,5,15,15
dar_a0,R,qwen_nonthinking,False,dar_a0_r1,plugin_AE2_all,0.018888403657178345,0.005465475299916903,5,15,15
dar_a0,R,qwen_nonthinking,False,dar_a0_r2,plugin_AE2_all,0.013495048335578796,0.003206047136184011,5,15,15
dar_a0,R,qwen_nonthinking,False,dar_a0_r1,plugin_AE2_matched,0.018888403657178345,0.005465475299916903,5,15,15
dar_a0,R,qwen_nonthinking,False,dar_a0_r2,plugin_AE2_matched,0.013495048335578796,0.003206047136184011,5,15,15
dar_a0,R,qwen_nonthinking,False,dar_a0_r1,delta_AE2_vs_plugin,0.49282909389902874,0.0102672254273421,5,15,15
dar_a0,R,qwen_nonthinking,False,dar_a0_r2,delta_AE2_vs_plugin,0.4381038773582439,0.022300806777858687,5,15,15
dar_a0,R,qwen_nonthinking,False,dar_a0_r1,plugin_ProfileAE_all,0.010445405976633331,0.0022488175018213195,5,15,15
dar_a0,R,qwen_nonthinking,False,dar_a0_r2,plugin_ProfileAE_all,0.005806879248210139,0.0008330265684065883,5,15,15
dar_a0,R,qwen_nonthinking,False,dar_a0_r1,plugin_ProfileAE_matched,0.010445405976633331,0.0022488175018213195,5,15,15
dar_a0,R,qwen_nonthinking,False,dar_a0_r2,plugin_ProfileAE_matched,0.005806879248210139,0.0008330265684065883,5,15,15
dar_a0,R,qwen_nonthinking,False,dar_a0_r1,delta_ProfileAE_vs_plugin,0.49155361650626,0.03095816939057363,5,15,15
dar_a0,R,qwen_nonthinking,False,dar_a0_r2,delta_ProfileAE_vs_plugin,0.4011495516679343,0.042040755338435355,5,15,15
dar_a0,R,qwen_nonthinking,False,dar_a0_r1,extratrees_AE2_all,0.02012921619671886,0.011326516528370294,5,15,15
dar_a0,R,qwen_nonthinking,False,dar_a0_r2,extratrees_AE2_all,0.022015864201780533,0.003332500010677706,5,15,15
dar_a0,R,qwen_nonthinking,False,dar_a0_r1,extratrees_AE2_matched,0.02012921619671886,0.011326516528370294,5,15,15
dar_a0,R,qwen_nonthinking,False,dar_a0_r2,extratrees_AE2_matched,0.022015864201780533,0.003332500010677706,5,15,15
dar_a0,R,qwen_nonthinking,False,dar_a0_r1,delta_AE2_vs_extratrees,0.49158828135948834,0.018397221417655055,5,15,15
dar_a0,R,qwen_nonthinking,False,dar_a0_r2,delta_AE2_vs_extratrees,0.4295830614920421,0.021535805298049045,5,15,15
dar_a0,R,qwen_nonthinking,False,dar_a0_r1,extratrees_ProfileAE_all,0.016235112860310343,0.0015488878873153565,5,15,15
dar_a0,R,qwen_nonthinking,False,dar_a0_r2,extratrees_ProfileAE_all,0.014178291829980183,0.0003699436621655605,5,15,15
dar_a0,R,qwen_nonthinking,False,dar_a0_r1,extratrees_ProfileAE_matched,0.016235112860310343,0.0015488878873153565,5,15,15
dar_a0,R,qwen_nonthinking,False,dar_a0_r2,extratrees_ProfileAE_matched,0.014178291829980183,0.0003699436621655605,5,15,15
dar_a0,R,qwen_nonthinking,False,dar_a0_r1,delta_ProfileAE_vs_extratrees,0.48576390962258303,0.030017927373191138,5,15,15
dar_a0,R,qwen_nonthinking,False,dar_a0_r2,delta_ProfileAE_vs_extratrees,0.39277813908616427,0.04161298977782621,5,15,15
dar_a0,R,qwen_nonthinking,False,dar_a0_r1,median_AE2_all,0.036130379748897434,0.0,5,15,15
dar_a0,R,qwen_nonthinking,False,dar_a0_r2,median_AE2_all,0.03524895161128194,0.0,5,15,15
dar_a0,R,qwen_nonthinking,False,dar_a0_r1,median_AE2_matched,0.036130379748897434,0.0,5,15,15
dar_a0,R,qwen_nonthinking,False,dar_a0_r2,median_AE2_matched,0.03524895161128194,0.0,5,15,15
dar_a0,R,qwen_nonthinking,False,dar_a0_r1,delta_AE2_vs_median,0.47558711780730967,0.009539392014169442,5,15,15
dar_a0,R,qwen_nonthinking,False,dar_a0_r2,delta_AE2_vs_median,0.4163499740825409,0.022025238048909056,5,15,15
dar_a0,R,qwen_nonthinking,False,dar_a0_r1,median_ProfileAE_all,0.035302722847475314,0.0,5,15,15
dar_a0,R,qwen_nonthinking,False,dar_a0_r2,median_ProfileAE_all,0.035486083878585206,0.0,5,15,15
dar_a0,R,qwen_nonthinking,False,dar_a0_r1,median_ProfileAE_matched,0.035302722847475314,0.0,5,15,15
dar_a0,R,qwen_nonthinking,False,dar_a0_r2,median_ProfileAE_matched,0.035486083878585206,0.0,5,15,15
dar_a0,R,qwen_nonthinking,False,dar_a0_r1,delta_ProfileAE_vs_median,0.4666962996354182,0.029471030973935518,5,15,15
dar_a0,R,qwen_nonthinking,False,dar_a0_r2,delta_ProfileAE_vs_median,0.37147034703755916,0.04172862060717773,5,15,15
dar_a0,S,qwen_thinking,False,dar_a0_r1,valid_fraction,1.0,0.0,5,15,15
dar_a0,S,qwen_thinking,False,dar_a0_r2,valid_fraction,1.0,0.0,5,15,15
dar_a0,S,qwen_thinking,False,dar_a0_r1,AE2,0.054985747178912366,0.02433377753435056,5,15,15
dar_a0,S,qwen_thinking,False,dar_a0_r2,AE2,0.0509050075424331,0.017964588566127652,5,15,15
dar_a0,S,qwen_thinking,False,dar_a0_r1,ProfileAE,0.021262353304022968,0.009605890060312778,5,15,15
dar_a0,S,qwen_thinking,False,dar_a0_r2,ProfileAE,0.025820447979245056,0.006887263651912847,5,15,15
dar_a0,S,qwen_thinking,False,dar_a0_r1,signed_rho2,0.03484618542311833,0.032317590684664214,5,15,15
dar_a0,S,qwen_thinking,False,dar_a0_r2,signed_rho2,0.041907777819962175,0.012328197590902016,5,15,15
dar_a0,S,qwen_thinking,False,dar_a0_r1,budget_matched,1.0,0.0,5,15,15
dar_a0,S,qwen_thinking,False,dar_a0_r2,budget_matched,1.0,0.0,5,15,15
dar_a0,S,qwen_thinking,False,dar_a0_r1,baseline_AE2_all,0.031782187026565524,0.01608891810147999,5,15,15
dar_a0,S,qwen_thinking,False,dar_a0_r2,baseline_AE2_all,0.02883442121976305,0.011907585271458285,5,15,15
dar_a0,S,qwen_thinking,False,dar_a0_r1,baseline_AE2_matched,0.031782187026565524,0.01608891810147999,5,15,15
dar_a0,S,qwen_thinking,False,dar_a0_r2,baseline_AE2_matched,0.02883442121976305,0.011907585271458285,5,15,15
dar_a0,S,qwen_thinking,False,dar_a0_r1,delta_AE2_vs_baseline,0.023203560152346838,0.02320365208047,5,15,15
dar_a0,S,qwen_thinking,False,dar_a0_r2,delta_AE2_vs_baseline,0.022070586322670043,0.013869424716106282,5,15,15
dar_a0,S,qwen_thinking,False,dar_a0_r1,baseline_ProfileAE_all,0.011766232274995172,0.004895709502574672,5,15,15
dar_a0,S,qwen_thinking,False,dar_a0_r2,baseline_ProfileAE_all,0.011238426098584766,0.0032023917918118094,5,15,15
dar_a0,S,qwen_thinking,False,dar_a0_r1,baseline_ProfileAE_matched,0.011766232274995172,0.004895709502574672,5,15,15
dar_a0,S,qwen_thinking,False,dar_a0_r2,baseline_ProfileAE_matched,0.011238426098584766,0.0032023917918118094,5,15,15
dar_a0,S,qwen_thinking,False,dar_a0_r1,delta_ProfileAE_vs_baseline,0.009496121029027796,0.0094777448628365,5,15,15
dar_a0,S,qwen_thinking,False,dar_a0_r2,delta_ProfileAE_vs_baseline,0.014582021880660292,0.006488308178709473,5,15,15
dar_a0,S,qwen_thinking,False,dar_a0_r1,plugin_AE2_all,0.18965118597656766,0.012919492371251754,5,15,15
dar_a0,S,qwen_thinking,False,dar_a0_r2,plugin_AE2_all,0.1889154425480269,0.015130031261001684,5,15,15
dar_a0,S,qwen_thinking,False,dar_a0_r1,plugin_AE2_matched,0.18965118597656766,0.012919492371251754,5,15,15
dar_a0,S,qwen_thinking,False,dar_a0_r2,plugin_AE2_matched,0.1889154425480269,0.015130031261001684,5,15,15
dar_a0,S,qwen_thinking,False,dar_a0_r1,delta_AE2_vs_plugin,-0.1346654387976553,0.023694035195719894,5,15,15
dar_a0,S,qwen_thinking,False,dar_a0_r2,delta_AE2_vs_plugin,-0.13801043500559382,0.030721777965215497,5,15,15
dar_a0,S,qwen_thinking,False,dar_a0_r1,plugin_ProfileAE_all,0.07183799531500107,0.0040623320959291475,5,15,15
dar_a0,S,qwen_thinking,False,dar_a0_r2,plugin_ProfileAE_all,0.06727149997018823,0.006086796192656772,5,15,15
dar_a0,S,qwen_thinking,False,dar_a0_r1,plugin_ProfileAE_matched,0.07183799531500107,0.0040623320959291475,5,15,15
dar_a0,S,qwen_thinking,False,dar_a0_r2,plugin_ProfileAE_matched,0.06727149997018823,0.006086796192656772,5,15,15
dar_a0,S,qwen_thinking,False,dar_a0_r1,delta_ProfileAE_vs_plugin,-0.05057564201097811,0.010644125296178773,5,15,15
dar_a0,S,qwen_thinking,False,dar_a0_r2,delta_ProfileAE_vs_plugin,-0.041451051990943184,0.011148360650008689,5,15,15
dar_a0,S,qwen_thinking,False,dar_a0_r1,extratrees_AE2_all,0.027892650343669147,0.01435601070383991,5,15,15
dar_a0,S,qwen_thinking,False,dar_a0_r2,extratrees_AE2_all,0.03206349560699282,0.011816117043975073,5,15,15
dar_a0,S,qwen_thinking,False,dar_a0_r1,extratrees_AE2_matched,0.027892650343669147,0.01435601070383991,5,15,15
dar_a0,S,qwen_thinking,False,dar_a0_r2,extratrees_AE2_matched,0.03206349560699282,0.011816117043975073,5,15,15
dar_a0,S,qwen_thinking,False,dar_a0_r1,delta_AE2_vs_extratrees,0.027093096835243215,0.02559914642116514,5,15,15
dar_a0,S,qwen_thinking,False,dar_a0_r2,delta_AE2_vs_extratrees,0.018841511935440272,0.011139349196044288,5,15,15
dar_a0,S,qwen_thinking,False,dar_a0_r1,extratrees_ProfileAE_all,0.018594463261873702,0.004477373761830051,5,15,15
dar_a0,S,qwen_thinking,False,dar_a0_r2,extratrees_ProfileAE_all,0.019781540214570896,0.0019413893157105811,5,15,15
dar_a0,S,qwen_thinking,False,dar_a0_r1,extratrees_ProfileAE_matched,0.018594463261873702,0.004477373761830051,5,15,15
dar_a0,S,qwen_thinking,False,dar_a0_r2,extratrees_ProfileAE_matched,0.019781540214570896,0.0019413893157105811,5,15,15
dar_a0,S,qwen_thinking,False,dar_a0_r1,delta_ProfileAE_vs_extratrees,0.0026678900421492624,0.01022871853772664,5,15,15
dar_a0,S,qwen_thinking,False,dar_a0_r2,delta_ProfileAE_vs_extratrees,0.006038907764674165,0.0068024006641272455,5,15,15
dar_a0,S,qwen_thinking,False,dar_a0_r1,median_AE2_all,0.036130379748897434,0.0,5,15,15
dar_a0,S,qwen_thinking,False,dar_a0_r2,median_AE2_all,0.03524895161128194,0.0,5,15,15
dar_a0,S,qwen_thinking,False,dar_a0_r1,median_AE2_matched,0.036130379748897434,0.0,5,15,15
dar_a0,S,qwen_thinking,False,dar_a0_r2,median_AE2_matched,0.03524895161128194,0.0,5,15,15
dar_a0,S,qwen_thinking,False,dar_a0_r1,delta_AE2_vs_median,0.018855367430014928,0.02433377753435056,5,15,15
dar_a0,S,qwen_thinking,False,dar_a0_r2,delta_AE2_vs_median,0.01565605593115115,0.017964588566127652,5,15,15
dar_a0,S,qwen_thinking,False,dar_a0_r1,median_ProfileAE_all,0.035302722847475314,0.0,5,15,15
dar_a0,S,qwen_thinking,False,dar_a0_r2,median_ProfileAE_all,0.035486083878585206,0.0,5,15,15
dar_a0,S,qwen_thinking,False,dar_a0_r1,median_ProfileAE_matched,0.035302722847475314,0.0,5,15,15
dar_a0,S,qwen_thinking,False,dar_a0_r2,median_ProfileAE_matched,0.035486083878585206,0.0,5,15,15
dar_a0,S,qwen_thinking,False,dar_a0_r1,delta_ProfileAE_vs_median,-0.014040369543452346,0.009605890060312774,5,15,15
dar_a0,S,qwen_thinking,False,dar_a0_r2,delta_ProfileAE_vs_median,-0.009665635899340152,0.006887263651912848,5,15,15
dar_a0,S,qwen_nonthinking,False,dar_a0_r1,valid_fraction,1.0,0.0,5,15,15
dar_a0,S,qwen_nonthinking,False,dar_a0_r2,valid_fraction,1.0,0.0,5,15,15
dar_a0,S,qwen_nonthinking,False,dar_a0_r1,AE2,0.4580508308895404,0.015369522511197995,5,15,15
dar_a0,S,qwen_nonthinking,False,dar_a0_r2,AE2,0.39893225902715596,0.027760883751542693,5,15,15
dar_a0,S,qwen_nonthinking,False,dar_a0_r1,ProfileAE,0.38449902248289347,0.006992058987801006,5,15,15
dar_a0,S,qwen_nonthinking,False,dar_a0_r2,ProfileAE,0.3339564309161444,0.024379237523397292,5,15,15
dar_a0,S,qwen_nonthinking,False,dar_a0_r1,signed_rho2,0.4580508308895404,0.015369522511197995,5,15,15
dar_a0,S,qwen_nonthinking,False,dar_a0_r2,signed_rho2,0.39893225902715596,0.027760883751542693,5,15,15
dar_a0,S,qwen_nonthinking,False,dar_a0_r1,budget_matched,1.0,0.0,5,15,15
dar_a0,S,qwen_nonthinking,False,dar_a0_r2,budget_matched,1.0,0.0,5,15,15
dar_a0,S,qwen_nonthinking,False,dar_a0_r1,baseline_AE2_all,0.031782187026565524,0.01608891810147999,5,15,15
dar_a0,S,qwen_nonthinking,False,dar_a0_r2,baseline_AE2_all,0.02883442121976305,0.011907585271458285,5,15,15
dar_a0,S,qwen_nonthinking,False,dar_a0_r1,baseline_AE2_matched,0.031782187026565524,0.01608891810147999,5,15,15
dar_a0,S,qwen_nonthinking,False,dar_a0_r2,baseline_AE2_matched,0.02883442121976305,0.011907585271458285,5,15,15
dar_a0,S,qwen_nonthinking,False,dar_a0_r1,delta_AE2_vs_baseline,0.4262686438629751,0.016415820299485212,5,15,15
dar_a0,S,qwen_nonthinking,False,dar_a0_r2,delta_AE2_vs_baseline,0.3700978378073929,0.03065973872650832,5,15,15
dar_a0,S,qwen_nonthinking,False,dar_a0_r1,baseline_ProfileAE_all,0.011766232274995172,0.004895709502574672,5,15,15
dar_a0,S,qwen_nonthinking,False,dar_a0_r2,baseline_ProfileAE_all,0.011238426098584766,0.0032023917918118094,5,15,15
dar_a0,S,qwen_nonthinking,False,dar_a0_r1,baseline_ProfileAE_matched,0.011766232274995172,0.004895709502574672,5,15,15
dar_a0,S,qwen_nonthinking,False,dar_a0_r2,baseline_ProfileAE_matched,0.011238426098584766,0.0032023917918118094,5,15,15
dar_a0,S,qwen_nonthinking,False,dar_a0_r1,delta_ProfileAE_vs_baseline,0.3727327902078983,0.008398653855727025,5,15,15
dar_a0,S,qwen_nonthinking,False,dar_a0_r2,delta_ProfileAE_vs_baseline,0.3227180048175597,0.024212696419576473,5,15,15
dar_a0,S,qwen_nonthinking,False,dar_a0_r1,plugin_AE2_all,0.18965118597656766,0.012919492371251754,5,15,15
dar_a0,S,qwen_nonthinking,False,dar_a0_r2,plugin_AE2_all,0.1889154425480269,0.015130031261001684,5,15,15
dar_a0,S,qwen_nonthinking,False,dar_a0_r1,plugin_AE2_matched,0.18965118597656766,0.012919492371251754,5,15,15
dar_a0,S,qwen_nonthinking,False,dar_a0_r2,plugin_AE2_matched,0.1889154425480269,0.015130031261001684,5,15,15
dar_a0,S,qwen_nonthinking,False,dar_a0_r1,delta_AE2_vs_plugin,0.2683996449129729,0.023893094981932383,5,15,15
dar_a0,S,qwen_nonthinking,False,dar_a0_r2,delta_AE2_vs_plugin,0.21001681647912918,0.02686810765602405,5,15,15
dar_a0,S,qwen_nonthinking,False,dar_a0_r1,plugin_ProfileAE_all,0.07183799531500107,0.0040623320959291475,5,15,15
dar_a0,S,qwen_nonthinking,False,dar_a0_r2,plugin_ProfileAE_all,0.06727149997018823,0.006086796192656772,5,15,15
dar_a0,S,qwen_nonthinking,False,dar_a0_r1,plugin_ProfileAE_matched,0.07183799531500107,0.0040623320959291475,5,15,15
dar_a0,S,qwen_nonthinking,False,dar_a0_r2,plugin_ProfileAE_matched,0.06727149997018823,0.006086796192656772,5,15,15
dar_a0,S,qwen_nonthinking,False,dar_a0_r1,delta_ProfileAE_vs_plugin,0.31266102716789235,0.00877373523288531,5,15,15
dar_a0,S,qwen_nonthinking,False,dar_a0_r2,delta_ProfileAE_vs_plugin,0.26668493094595624,0.023967503172143384,5,15,15
dar_a0,S,qwen_nonthinking,False,dar_a0_r1,extratrees_AE2_all,0.027892650343669147,0.01435601070383991,5,15,15
dar_a0,S,qwen_nonthinking,False,dar_a0_r2,extratrees_AE2_all,0.03206349560699282,0.011816117043975073,5,15,15
dar_a0,S,qwen_nonthinking,False,dar_a0_r1,extratrees_AE2_matched,0.027892650343669147,0.01435601070383991,5,15,15
dar_a0,S,qwen_nonthinking,False,dar_a0_r2,extratrees_AE2_matched,0.03206349560699282,0.011816117043975073,5,15,15
dar_a0,S,qwen_nonthinking,False,dar_a0_r1,delta_AE2_vs_extratrees,0.43015818054587146,0.013973667757838933,5,15,15
dar_a0,S,qwen_nonthinking,False,dar_a0_r2,delta_AE2_vs_extratrees,0.3668687634201632,0.03288334565796834,5,15,15
dar_a0,S,qwen_nonthinking,False,dar_a0_r1,extratrees_ProfileAE_all,0.018594463261873702,0.004477373761830051,5,15,15
dar_a0,S,qwen_nonthinking,False,dar_a0_r2,extratrees_ProfileAE_all,0.019781540214570896,0.0019413893157105811,5,15,15
dar_a0,S,qwen_nonthinking,False,dar_a0_r1,extratrees_ProfileAE_matched,0.018594463261873702,0.004477373761830051,5,15,15
dar_a0,S,qwen_nonthinking,False,dar_a0_r2,extratrees_ProfileAE_matched,0.019781540214570896,0.0019413893157105811,5,15,15
dar_a0,S,qwen_nonthinking,False,dar_a0_r1,delta_ProfileAE_vs_extratrees,0.36590455922101967,0.00884147055500738,5,15,15
dar_a0,S,qwen_nonthinking,False,dar_a0_r2,delta_ProfileAE_vs_extratrees,0.3141748907015735,0.023541097933034934,5,15,15
dar_a0,S,qwen_nonthinking,False,dar_a0_r1,median_AE2_all,0.036130379748897434,0.0,5,15,15
dar_a0,S,qwen_nonthinking,False,dar_a0_r2,median_AE2_all,0.03524895161128194,0.0,5,15,15
dar_a0,S,qwen_nonthinking,False,dar_a0_r1,median_AE2_matched,0.036130379748897434,0.0,5,15,15
dar_a0,S,qwen_nonthinking,False,dar_a0_r2,median_AE2_matched,0.03524895161128194,0.0,5,15,15
dar_a0,S,qwen_nonthinking,False,dar_a0_r1,delta_AE2_vs_median,0.4219204511406431,0.015369522511198008,5,15,15
dar_a0,S,qwen_nonthinking,False,dar_a0_r2,delta_AE2_vs_median,0.3636833074158741,0.027760883751542693,5,15,15
dar_a0,S,qwen_nonthinking,False,dar_a0_r1,median_ProfileAE_all,0.035302722847475314,0.0,5,15,15
dar_a0,S,qwen_nonthinking,False,dar_a0_r2,median_ProfileAE_all,0.035486083878585206,0.0,5,15,15
dar_a0,S,qwen_nonthinking,False,dar_a0_r1,median_ProfileAE_matched,0.035302722847475314,0.0,5,15,15
dar_a0,S,qwen_nonthinking,False,dar_a0_r2,median_ProfileAE_matched,0.035486083878585206,0.0,5,15,15
dar_a0,S,qwen_nonthinking,False,dar_a0_r1,delta_ProfileAE_vs_median,0.3491962996354181,0.006992058987801012,5,15,15
dar_a0,S,qwen_nonthinking,False,dar_a0_r2,delta_ProfileAE_vs_median,0.29847034703755926,0.02437923752339729,5,15,15
dar_a0,H,qwen_thinking,False,dar_a0_r1,valid_fraction,1.0,0.0,5,15,15
dar_a0,H,qwen_thinking,False,dar_a0_r2,valid_fraction,1.0,0.0,5,15,15
dar_a0,H,qwen_thinking,False,dar_a0_r1,AE2,0.027266052869710938,0.009312176992621225,5,15,15
dar_a0,H,qwen_thinking,False,dar_a0_r2,AE2,0.02996112859145204,0.012503932059466628,5,15,15
dar_a0,H,qwen_thinking,False,dar_a0_r1,ProfileAE,0.02234428114788438,0.010745653902150192,5,15,15
dar_a0,H,qwen_thinking,False,dar_a0_r2,ProfileAE,0.022157729971207504,0.008233135010303056,5,15,15
dar_a0,H,qwen_thinking,False,dar_a0_r1,signed_rho2,0.0027136785085881947,0.01645402799783016,5,15,15
dar_a0,H,qwen_thinking,False,dar_a0_r2,signed_rho2,-0.025401558313922948,0.014814041729799181,5,15,15
dar_a0,H,qwen_thinking,False,dar_a0_r1,budget_matched,1.0,0.0,5,15,15
dar_a0,H,qwen_thinking,False,dar_a0_r2,budget_matched,1.0,0.0,5,15,15
dar_a0,H,qwen_thinking,False,dar_a0_r1,baseline_AE2_all,0.014980310012568077,0.00438578100133063,5,15,15
dar_a0,H,qwen_thinking,False,dar_a0_r2,baseline_AE2_all,0.022631153154178806,0.01352581188825503,5,15,15
dar_a0,H,qwen_thinking,False,dar_a0_r1,baseline_AE2_matched,0.014980310012568077,0.00438578100133063,5,15,15
dar_a0,H,qwen_thinking,False,dar_a0_r2,baseline_AE2_matched,0.022631153154178806,0.01352581188825503,5,15,15
dar_a0,H,qwen_thinking,False,dar_a0_r1,delta_AE2_vs_baseline,0.01228574285714286,0.008614619315022946,5,15,15
dar_a0,H,qwen_thinking,False,dar_a0_r2,delta_AE2_vs_baseline,0.007329975437273232,0.004994074370843213,5,15,15
dar_a0,H,qwen_thinking,False,dar_a0_r1,baseline_ProfileAE_all,0.018921868454126516,0.0027269790541251684,5,15,15
dar_a0,H,qwen_thinking,False,dar_a0_r2,baseline_ProfileAE_all,0.021053848130917697,0.002736194959220536,5,15,15
dar_a0,H,qwen_thinking,False,dar_a0_r1,baseline_ProfileAE_matched,0.018921868454126516,0.0027269790541251684,5,15,15
dar_a0,H,qwen_thinking,False,dar_a0_r2,baseline_ProfileAE_matched,0.021053848130917697,0.002736194959220536,5,15,15
dar_a0,H,qwen_thinking,False,dar_a0_r1,delta_ProfileAE_vs_baseline,0.0034224126937578586,0.009973638234895141,5,15,15
dar_a0,H,qwen_thinking,False,dar_a0_r2,delta_ProfileAE_vs_baseline,0.0011038818402898047,0.008467501944865764,5,15,15
dar_a0,H,qwen_thinking,False,dar_a0_r1,plugin_AE2_all,0.012408881441139497,0.003854627397697311,5,15,15
dar_a0,H,qwen_thinking,False,dar_a0_r2,plugin_AE2_all,0.026326193716654345,0.013427871565684146,5,15,15
dar_a0,H,qwen_thinking,False,dar_a0_r1,plugin_AE2_matched,0.012408881441139497,0.003854627397697311,5,15,15
dar_a0,H,qwen_thinking,False,dar_a0_r2,plugin_AE2_matched,0.026326193716654345,0.013427871565684146,5,15,15
dar_a0,H,qwen_thinking,False,dar_a0_r1,delta_AE2_vs_plugin,0.01485717142857144,0.010910153946670295,5,15,15
dar_a0,H,qwen_thinking,False,dar_a0_r2,delta_AE2_vs_plugin,0.003634934874797694,0.004940045282104507,5,15,15
dar_a0,H,qwen_thinking,False,dar_a0_r1,plugin_ProfileAE_all,0.009496857980728947,0.001175666826195659,5,15,15
dar_a0,H,qwen_thinking,False,dar_a0_r2,plugin_ProfileAE_all,0.01445138454054782,0.004832925300342214,5,15,15
dar_a0,H,qwen_thinking,False,dar_a0_r1,plugin_ProfileAE_matched,0.009496857980728947,0.001175666826195659,5,15,15
dar_a0,H,qwen_thinking,False,dar_a0_r2,plugin_ProfileAE_matched,0.01445138454054782,0.004832925300342214,5,15,15
dar_a0,H,qwen_thinking,False,dar_a0_r1,delta_ProfileAE_vs_plugin,0.012847423167155425,0.010783370561570823,5,15,15
dar_a0,H,qwen_thinking,False,dar_a0_r2,delta_ProfileAE_vs_plugin,0.007706345430659682,0.005952071443063869,5,15,15
dar_a0,H,qwen_thinking,False,dar_a0_r1,extratrees_AE2_all,0.014179192008086306,0.004811641547540365,5,15,15
dar_a0,H,qwen_thinking,False,dar_a0_r2,extratrees_AE2_all,0.03171655898885998,0.016744508125599553,5,15,15
dar_a0,H,qwen_thinking,False,dar_a0_r1,extratrees_AE2_matched,0.014179192008086306,0.004811641547540365,5,15,15
dar_a0,H,qwen_thinking,False,dar_a0_r2,extratrees_AE2_matched,0.03171655898885998,0.016744508125599553,5,15,15
dar_a0,H,qwen_thinking,False,dar_a0_r1,delta_AE2_vs_extratrees,0.013086860861624632,0.00935314579069826,5,15,15
dar_a0,H,qwen_thinking,False,dar_a0_r2,delta_AE2_vs_extratrees,-0.0017554303974079385,0.00708264473977241,5,15,15
dar_a0,H,qwen_thinking,False,dar_a0_r1,extratrees_ProfileAE_all,0.017287229470797454,0.0024682618361711556,5,15,15
dar_a0,H,qwen_thinking,False,dar_a0_r2,extratrees_ProfileAE_all,0.01998506103927381,0.0031678210428674825,5,15,15
dar_a0,H,qwen_thinking,False,dar_a0_r1,extratrees_ProfileAE_matched,0.017287229470797454,0.0024682618361711556,5,15,15
dar_a0,H,qwen_thinking,False,dar_a0_r2,extratrees_ProfileAE_matched,0.01998506103927381,0.0031678210428674825,5,15,15
dar_a0,H,qwen_thinking,False,dar_a0_r1,delta_ProfileAE_vs_extratrees,0.0050570516770869255,0.010347073979003632,5,15,15
dar_a0,H,qwen_thinking,False,dar_a0_r2,delta_ProfileAE_vs_extratrees,0.0021726689319336912,0.009159056735982194,5,15,15
dar_a0,H,qwen_thinking,False,dar_a0_r1,median_AE2_all,0.036130379748897434,0.0,5,15,15
dar_a0,H,qwen_thinking,False,dar_a0_r2,median_AE2_all,0.03524895161128194,0.0,5,15,15
dar_a0,H,qwen_thinking,False,dar_a0_r1,median_AE2_matched,0.036130379748897434,0.0,5,15,15
dar_a0,H,qwen_thinking,False,dar_a0_r2,median_AE2_matched,0.03524895161128194,0.0,5,15,15
dar_a0,H,qwen_thinking,False,dar_a0_r1,delta_AE2_vs_median,-0.008864326879186498,0.009312176992621225,5,15,15
dar_a0,H,qwen_thinking,False,dar_a0_r2,delta_AE2_vs_median,-0.005287823019829903,0.012503932059466628,5,15,15
dar_a0,H,qwen_thinking,False,dar_a0_r1,median_ProfileAE_all,0.035302722847475314,0.0,5,15,15
dar_a0,H,qwen_thinking,False,dar_a0_r2,median_ProfileAE_all,0.035486083878585206,0.0,5,15,15
dar_a0,H,qwen_thinking,False,dar_a0_r1,median_ProfileAE_matched,0.035302722847475314,0.0,5,15,15
dar_a0,H,qwen_thinking,False,dar_a0_r2,median_ProfileAE_matched,0.035486083878585206,0.0,5,15,15
dar_a0,H,qwen_thinking,False,dar_a0_r1,delta_ProfileAE_vs_median,-0.012958441699590938,0.010745653902150192,5,15,15
dar_a0,H,qwen_thinking,False,dar_a0_r2,delta_ProfileAE_vs_median,-0.013328353907377705,0.008233135010303056,5,15,15
dar_a0,H,qwen_nonthinking,False,dar_a0_r1,valid_fraction,1.0,0.0,5,15,15
dar_a0,H,qwen_nonthinking,False,dar_a0_r2,valid_fraction,1.0,0.0,5,15,15
dar_a0,H,qwen_nonthinking,False,dar_a0_r1,AE2,0.46138416422287387,0.020127372185934033,5,15,15
dar_a0,H,qwen_nonthinking,False,dar_a0_r2,AE2,0.4535989256938226,0.024494897427831765,5,15,15
dar_a0,H,qwen_nonthinking,False,dar_a0_r1,ProfileAE,0.4103323558162268,0.025756606488001817,5,15,15
dar_a0,H,qwen_nonthinking,False,dar_a0_r2,ProfileAE,0.4062897642494778,0.031161095758796557,5,15,15
dar_a0,H,qwen_nonthinking,False,dar_a0_r1,signed_rho2,0.46138416422287387,0.020127372185934033,5,15,15
dar_a0,H,qwen_nonthinking,False,dar_a0_r2,signed_rho2,0.4535989256938226,0.024494897427831765,5,15,15
dar_a0,H,qwen_nonthinking,False,dar_a0_r1,budget_matched,1.0,0.0,5,15,15
dar_a0,H,qwen_nonthinking,False,dar_a0_r2,budget_matched,1.0,0.0,5,15,15
dar_a0,H,qwen_nonthinking,False,dar_a0_r1,baseline_AE2_all,0.014980310012568077,0.00438578100133063,5,15,15
dar_a0,H,qwen_nonthinking,False,dar_a0_r2,baseline_AE2_all,0.022631153154178806,0.01352581188825503,5,15,15
dar_a0,H,qwen_nonthinking,False,dar_a0_r1,baseline_AE2_matched,0.014980310012568077,0.00438578100133063,5,15,15
dar_a0,H,qwen_nonthinking,False,dar_a0_r2,baseline_AE2_matched,0.022631153154178806,0.01352581188825503,5,15,15
dar_a0,H,qwen_nonthinking,False,dar_a0_r1,delta_AE2_vs_baseline,0.4464038542103058,0.018865412526350413,5,15,15
dar_a0,H,qwen_nonthinking,False,dar_a0_r2,delta_AE2_vs_baseline,0.4309677725396439,0.025985670336133134,5,15,15
dar_a0,H,qwen_nonthinking,False,dar_a0_r1,baseline_ProfileAE_all,0.018921868454126516,0.0027269790541251684,5,15,15
dar_a0,H,qwen_nonthinking,False,dar_a0_r2,baseline_ProfileAE_all,0.021053848130917697,0.002736194959220536,5,15,15
dar_a0,H,qwen_nonthinking,False,dar_a0_r1,baseline_ProfileAE_matched,0.018921868454126516,0.0027269790541251684,5,15,15
dar_a0,H,qwen_nonthinking,False,dar_a0_r2,baseline_ProfileAE_matched,0.021053848130917697,0.002736194959220536,5,15,15
dar_a0,H,qwen_nonthinking,False,dar_a0_r1,delta_ProfileAE_vs_baseline,0.3914104873621002,0.024525046284045397,5,15,15
dar_a0,H,qwen_nonthinking,False,dar_a0_r2,delta_ProfileAE_vs_baseline,0.38523591611856006,0.029743727623605734,5,15,15
dar_a0,H,qwen_nonthinking,False,dar_a0_r1,plugin_AE2_all,0.012408881441139497,0.003854627397697311,5,15,15
dar_a0,H,qwen_nonthinking,False,dar_a0_r2,plugin_AE2_all,0.026326193716654345,0.013427871565684146,5,15,15
dar_a0,H,qwen_nonthinking,False,dar_a0_r1,plugin_AE2_matched,0.012408881441139497,0.003854627397697311,5,15,15
dar_a0,H,qwen_nonthinking,False,dar_a0_r2,plugin_AE2_matched,0.026326193716654345,0.013427871565684146,5,15,15
dar_a0,H,qwen_nonthinking,False,dar_a0_r1,delta_AE2_vs_plugin,0.44897528278173426,0.022015215745381247,5,15,15
dar_a0,H,qwen_nonthinking,False,dar_a0_r2,delta_AE2_vs_plugin,0.42727273197716836,0.026778078015083615,5,15,15
dar_a0,H,qwen_nonthinking,False,dar_a0_r1,plugin_ProfileAE_all,0.009496857980728947,0.001175666826195659,5,15,15
dar_a0,H,qwen_nonthinking,False,dar_a0_r2,plugin_ProfileAE_all,0.01445138454054782,0.004832925300342214,5,15,15
dar_a0,H,qwen_nonthinking,False,dar_a0_r1,plugin_ProfileAE_matched,0.009496857980728947,0.001175666826195659,5,15,15
dar_a0,H,qwen_nonthinking,False,dar_a0_r2,plugin_ProfileAE_matched,0.01445138454054782,0.004832925300342214,5,15,15
dar_a0,H,qwen_nonthinking,False,dar_a0_r1,delta_ProfileAE_vs_plugin,0.4008354978354978,0.026520564466576028,5,15,15
dar_a0,H,qwen_nonthinking,False,dar_a0_r2,delta_ProfileAE_vs_plugin,0.3918383797089299,0.03338718407461087,5,15,15
dar_a0,H,qwen_nonthinking,False,dar_a0_r1,extratrees_AE2_all,0.014179192008086306,0.004811641547540365,5,15,15
dar_a0,H,qwen_nonthinking,False,dar_a0_r2,extratrees_AE2_all,0.03171655898885998,0.016744508125599553,5,15,15
dar_a0,H,qwen_nonthinking,False,dar_a0_r1,extratrees_AE2_matched,0.014179192008086306,0.004811641547540365,5,15,15
dar_a0,H,qwen_nonthinking,False,dar_a0_r2,extratrees_AE2_matched,0.03171655898885998,0.016744508125599553,5,15,15
dar_a0,H,qwen_nonthinking,False,dar_a0_r1,delta_AE2_vs_extratrees,0.44720497221478756,0.01864349013099578,5,15,15
dar_a0,H,qwen_nonthinking,False,dar_a0_r2,delta_AE2_vs_extratrees,0.4218823667049627,0.026177972415304285,5,15,15
dar_a0,H,qwen_nonthinking,False,dar_a0_r1,extratrees_ProfileAE_all,0.017287229470797454,0.0024682618361711556,5,15,15
dar_a0,H,qwen_nonthinking,False,dar_a0_r2,extratrees_ProfileAE_all,0.01998506103927381,0.0031678210428674825,5,15,15
dar_a0,H,qwen_nonthinking,False,dar_a0_r1,extratrees_ProfileAE_matched,0.017287229470797454,0.0024682618361711556,5,15,15
dar_a0,H,qwen_nonthinking,False,dar_a0_r2,extratrees_ProfileAE_matched,0.01998506103927381,0.0031678210428674825,5,15,15
dar_a0,H,qwen_nonthinking,False,dar_a0_r1,delta_ProfileAE_vs_extratrees,0.3930451263454292,0.024200900911898693,5,15,15
dar_a0,H,qwen_nonthinking,False,dar_a0_r2,delta_ProfileAE_vs_extratrees,0.38630470321020394,0.030225715505782142,5,15,15
dar_a0,H,qwen_nonthinking,False,dar_a0_r1,median_AE2_all,0.036130379748897434,0.0,5,15,15
dar_a0,H,qwen_nonthinking,False,dar_a0_r2,median_AE2_all,0.03524895161128194,0.0,5,15,15
dar_a0,H,qwen_nonthinking,False,dar_a0_r1,median_AE2_matched,0.036130379748897434,0.0,5,15,15
dar_a0,H,qwen_nonthinking,False,dar_a0_r2,median_AE2_matched,0.03524895161128194,0.0,5,15,15
dar_a0,H,qwen_nonthinking,False,dar_a0_r1,delta_AE2_vs_median,0.4252537844739763,0.020127372185934033,5,15,15
dar_a0,H,qwen_nonthinking,False,dar_a0_r2,delta_AE2_vs_median,0.4183499740825408,0.02449489742783177,5,15,15
dar_a0,H,qwen_nonthinking,False,dar_a0_r1,median_ProfileAE_all,0.035302722847475314,0.0,5,15,15
dar_a0,H,qwen_nonthinking,False,dar_a0_r2,median_ProfileAE_all,0.035486083878585206,0.0,5,15,15
dar_a0,H,qwen_nonthinking,False,dar_a0_r1,median_ProfileAE_matched,0.035302722847475314,0.0,5,15,15
dar_a0,H,qwen_nonthinking,False,dar_a0_r2,median_ProfileAE_matched,0.035486083878585206,0.0,5,15,15
dar_a0,H,qwen_nonthinking,False,dar_a0_r1,delta_ProfileAE_vs_median,0.3750296329687515,0.025756606488001824,5,15,15
dar_a0,H,qwen_nonthinking,False,dar_a0_r2,delta_ProfileAE_vs_median,0.3708036803708925,0.031161095758796557,5,15,15
dar_a0,B,qwen_thinking,False,dar_a0_r1,valid_fraction,1.0,0.0,5,15,15
dar_a0,B,qwen_thinking,False,dar_a0_r2,valid_fraction,1.0,0.0,5,15,15
dar_a0,B,qwen_thinking,False,dar_a0_r1,AE2,0.2727748891543259,0.014796988912181022,5,15,15
dar_a0,B,qwen_thinking,False,dar_a0_r2,AE2,0.24835908054650352,0.04399034432535038,5,15,15
dar_a0,B,qwen_thinking,False,dar_a0_r1,ProfileAE,0.12226756965077931,0.03616604954782673,5,15,15
dar_a0,B,qwen_thinking,False,dar_a0_r2,ProfileAE,0.09453545948308961,0.009823799167188674,5,15,15
dar_a0,B,qwen_thinking,False,dar_a0_r1,signed_rho2,-0.10766544633907663,0.06172358977949074,5,15,15
dar_a0,B,qwen_thinking,False,dar_a0_r2,signed_rho2,-0.1568486856395106,0.06606609746706664,5,15,15
dar_a0,B,qwen_thinking,False,dar_a0_r1,budget_matched,1.0,0.0,5,15,15
dar_a0,B,qwen_thinking,False,dar_a0_r2,budget_matched,1.0,0.0,5,15,15
dar_a0,B,qwen_thinking,False,dar_a0_r1,baseline_AE2_all,0.07540176395513651,0.02165851525235237,5,15,15
dar_a0,B,qwen_thinking,False,dar_a0_r2,baseline_AE2_all,0.06833569089396137,0.022100540206201027,5,15,15
dar_a0,B,qwen_thinking,False,dar_a0_r1,baseline_AE2_matched,0.07540176395513651,0.02165851525235237,5,15,15
dar_a0,B,qwen_thinking,False,dar_a0_r2,baseline_AE2_matched,0.06833569089396137,0.022100540206201027,5,15,15
dar_a0,B,qwen_thinking,False,dar_a0_r1,delta_AE2_vs_baseline,0.19737312519918937,0.025400426663117773,5,15,15
dar_a0,B,qwen_thinking,False,dar_a0_r2,delta_AE2_vs_baseline,0.18002338965254217,0.05029276952186513,5,15,15
dar_a0,B,qwen_thinking,False,dar_a0_r1,baseline_ProfileAE_all,0.03728891910902243,0.006310970060304989,5,15,15
dar_a0,B,qwen_thinking,False,dar_a0_r2,baseline_ProfileAE_all,0.021951629942351374,0.006507843655757265,5,15,15
dar_a0,B,qwen_thinking,False,dar_a0_r1,baseline_ProfileAE_matched,0.03728891910902243,0.006310970060304989,5,15,15
dar_a0,B,qwen_thinking,False,dar_a0_r2,baseline_ProfileAE_matched,0.021951629942351374,0.006507843655757265,5,15,15
dar_a0,B,qwen_thinking,False,dar_a0_r1,delta_ProfileAE_vs_baseline,0.08497865054175689,0.041441234443465175,5,15,15
dar_a0,B,qwen_thinking,False,dar_a0_r2,delta_ProfileAE_vs_baseline,0.07258382954073825,0.011160143224589202,5,15,15
dar_a0,B,qwen_thinking,False,dar_a0_r1,plugin_AE2_all,0.3512464738113914,0.002072998588998034,5,15,15
dar_a0,B,qwen_thinking,False,dar_a0_r2,plugin_AE2_all,0.352949293684132,0.0019395234081916427,5,15,15
dar_a0,B,qwen_thinking,False,dar_a0_r1,plugin_AE2_matched,0.3512464738113914,0.002072998588998034,5,15,15
dar_a0,B,qwen_thinking,False,dar_a0_r2,plugin_AE2_matched,0.352949293684132,0.0019395234081916427,5,15,15
dar_a0,B,qwen_thinking,False,dar_a0_r1,delta_AE2_vs_plugin,-0.07847158465706555,0.015254987863731188,5,15,15
dar_a0,B,qwen_thinking,False,dar_a0_r2,delta_AE2_vs_plugin,-0.10459021313762858,0.0444956502432235,5,15,15
dar_a0,B,qwen_thinking,False,dar_a0_r1,plugin_ProfileAE_all,0.11117559053196624,0.0006562049982366268,5,15,15
dar_a0,B,qwen_thinking,False,dar_a0_r2,plugin_ProfileAE_all,0.11120056971186201,0.0004691733088802126,5,15,15
dar_a0,B,qwen_thinking,False,dar_a0_r1,plugin_ProfileAE_matched,0.11117559053196624,0.0006562049982366268,5,15,15
dar_a0,B,qwen_thinking,False,dar_a0_r2,plugin_ProfileAE_matched,0.11120056971186201,0.0004691733088802126,5,15,15
dar_a0,B,qwen_thinking,False,dar_a0_r1,delta_ProfileAE_vs_plugin,0.011091979118813072,0.03578658082496378,5,15,15
dar_a0,B,qwen_thinking,False,dar_a0_r2,delta_ProfileAE_vs_plugin,-0.01666511022877236,0.010041909583243283,5,15,15
dar_a0,B,qwen_thinking,False,dar_a0_r1,extratrees_AE2_all,0.08952488548198,0.024127834305568127,5,15,15
dar_a0,B,qwen_thinking,False,dar_a0_r2,extratrees_AE2_all,0.03717204056727311,0.013081980826408638,5,15,15
dar_a0,B,qwen_thinking,False,dar_a0_r1,extratrees_AE2_matched,0.08952488548198,0.024127834305568127,5,15,15
dar_a0,B,qwen_thinking,False,dar_a0_r2,extratrees_AE2_matched,0.03717204056727311,0.013081980826408638,5,15,15
dar_a0,B,qwen_thinking,False,dar_a0_r1,delta_AE2_vs_extratrees,0.18325000367234587,0.0337985536266701,5,15,15
dar_a0,B,qwen_thinking,False,dar_a0_r2,delta_AE2_vs_extratrees,0.21118703997923038,0.045690396285831665,5,15,15
dar_a0,B,qwen_thinking,False,dar_a0_r1,extratrees_ProfileAE_all,0.048139251153611805,0.016304328335172792,5,15,15
dar_a0,B,qwen_thinking,False,dar_a0_r2,extratrees_ProfileAE_all,0.019244214423552834,0.0010211996677059818,5,15,15
dar_a0,B,qwen_thinking,False,dar_a0_r1,extratrees_ProfileAE_matched,0.048139251153611805,0.016304328335172792,5,15,15
dar_a0,B,qwen_thinking,False,dar_a0_r2,extratrees_ProfileAE_matched,0.019244214423552834,0.0010211996677059818,5,15,15
dar_a0,B,qwen_thinking,False,dar_a0_r1,delta_ProfileAE_vs_extratrees,0.0741283184971675,0.045886826828350435,5,15,15
dar_a0,B,qwen_thinking,False,dar_a0_r2,delta_ProfileAE_vs_extratrees,0.0752912450595368,0.010375822687295057,5,15,15
dar_a0,B,qwen_thinking,False,dar_a0_r1,median_AE2_all,0.036130379748897434,0.0,5,15,15
dar_a0,B,qwen_thinking,False,dar_a0_r2,median_AE2_all,0.03524895161128194,0.0,5,15,15
dar_a0,B,qwen_thinking,False,dar_a0_r1,median_AE2_matched,0.036130379748897434,0.0,5,15,15
dar_a0,B,qwen_thinking,False,dar_a0_r2,median_AE2_matched,0.03524895161128194,0.0,5,15,15
dar_a0,B,qwen_thinking,False,dar_a0_r1,delta_AE2_vs_median,0.23664450940542844,0.014796988912181022,5,15,15
dar_a0,B,qwen_thinking,False,dar_a0_r2,delta_AE2_vs_median,0.2131101289352216,0.04399034432535038,5,15,15
dar_a0,B,qwen_thinking,False,dar_a0_r1,median_ProfileAE_all,0.035302722847475314,0.0,5,15,15
dar_a0,B,qwen_thinking,False,dar_a0_r2,median_ProfileAE_all,0.035486083878585206,0.0,5,15,15
dar_a0,B,qwen_thinking,False,dar_a0_r1,median_ProfileAE_matched,0.035302722847475314,0.0,5,15,15
dar_a0,B,qwen_thinking,False,dar_a0_r2,median_ProfileAE_matched,0.035486083878585206,0.0,5,15,15
dar_a0,B,qwen_thinking,False,dar_a0_r1,delta_ProfileAE_vs_median,0.08696484680330399,0.03616604954782673,5,15,15
dar_a0,B,qwen_thinking,False,dar_a0_r2,delta_ProfileAE_vs_median,0.05904937560450442,0.009823799167188674,5,15,15
dar_a0,B,qwen_nonthinking,False,dar_a0_r1,valid_fraction,1.0,0.0,5,15,15
dar_a0,B,qwen_nonthinking,False,dar_a0_r2,valid_fraction,1.0,0.0,5,15,15
dar_a0,B,qwen_nonthinking,False,dar_a0_r1,AE2,0.4930508308895406,0.05023942674832188,5,15,15
dar_a0,B,qwen_nonthinking,False,dar_a0_r2,AE2,0.5272655923604892,0.03004810957263183,5,15,15
dar_a0,B,qwen_nonthinking,False,dar_a0_r1,ProfileAE,0.5474156891495602,0.10381189586084161,5,15,15
dar_a0,B,qwen_nonthinking,False,dar_a0_r2,ProfileAE,0.5384564309161444,0.051974887098375576,5,15,15
dar_a0,B,qwen_nonthinking,False,dar_a0_r1,signed_rho2,0.4930508308895406,0.05023942674832188,5,15,15
dar_a0,B,qwen_nonthinking,False,dar_a0_r2,signed_rho2,0.5272655923604892,0.03004810957263183,5,15,15
dar_a0,B,qwen_nonthinking,False,dar_a0_r1,budget_matched,1.0,0.0,5,15,15
dar_a0,B,qwen_nonthinking,False,dar_a0_r2,budget_matched,1.0,0.0,5,15,15
dar_a0,B,qwen_nonthinking,False,dar_a0_r1,baseline_AE2_all,0.07540176395513651,0.02165851525235237,5,15,15
dar_a0,B,qwen_nonthinking,False,dar_a0_r2,baseline_AE2_all,0.06833569089396137,0.022100540206201027,5,15,15
dar_a0,B,qwen_nonthinking,False,dar_a0_r1,baseline_AE2_matched,0.07540176395513651,0.02165851525235237,5,15,15
dar_a0,B,qwen_nonthinking,False,dar_a0_r2,baseline_AE2_matched,0.06833569089396137,0.022100540206201027,5,15,15
dar_a0,B,qwen_nonthinking,False,dar_a0_r1,delta_AE2_vs_baseline,0.4176490669344039,0.04491224061180179,5,15,15
dar_a0,B,qwen_nonthinking,False,dar_a0_r2,delta_AE2_vs_baseline,0.45892990146652796,0.04371301277355974,5,15,15
dar_a0,B,qwen_nonthinking,False,dar_a0_r1,baseline_ProfileAE_all,0.03728891910902243,0.006310970060304989,5,15,15
dar_a0,B,qwen_nonthinking,False,dar_a0_r2,baseline_ProfileAE_all,0.021951629942351374,0.006507843655757265,5,15,15
dar_a0,B,qwen_nonthinking,False,dar_a0_r1,baseline_ProfileAE_matched,0.03728891910902243,0.006310970060304989,5,15,15
dar_a0,B,qwen_nonthinking,False,dar_a0_r2,baseline_ProfileAE_matched,0.021951629942351374,0.006507843655757265,5,15,15
dar_a0,B,qwen_nonthinking,False,dar_a0_r1,delta_ProfileAE_vs_baseline,0.5101267700405377,0.10259787557165581,5,15,15
dar_a0,B,qwen_nonthinking,False,dar_a0_r2,delta_ProfileAE_vs_baseline,0.516504800973793,0.05609941814201175,5,15,15
dar_a0,B,qwen_nonthinking,False,dar_a0_r1,plugin_AE2_all,0.3512464738113914,0.002072998588998034,5,15,15
dar_a0,B,qwen_nonthinking,False,dar_a0_r2,plugin_AE2_all,0.352949293684132,0.0019395234081916427,5,15,15
dar_a0,B,qwen_nonthinking,False,dar_a0_r1,plugin_AE2_matched,0.3512464738113914,0.002072998588998034,5,15,15
dar_a0,B,qwen_nonthinking,False,dar_a0_r2,plugin_AE2_matched,0.352949293684132,0.0019395234081916427,5,15,15
dar_a0,B,qwen_nonthinking,False,dar_a0_r1,delta_AE2_vs_plugin,0.14180435707814912,0.04990951856185381,5,15,15
dar_a0,B,qwen_nonthinking,False,dar_a0_r2,delta_AE2_vs_plugin,0.17431629867635726,0.029911495170814404,5,15,15
dar_a0,B,qwen_nonthinking,False,dar_a0_r1,plugin_ProfileAE_all,0.11117559053196624,0.0006562049982366268,5,15,15
dar_a0,B,qwen_nonthinking,False,dar_a0_r2,plugin_ProfileAE_all,0.11120056971186201,0.0004691733088802126,5,15,15
dar_a0,B,qwen_nonthinking,False,dar_a0_r1,plugin_ProfileAE_matched,0.11117559053196624,0.0006562049982366268,5,15,15
dar_a0,B,qwen_nonthinking,False,dar_a0_r2,plugin_ProfileAE_matched,0.11120056971186201,0.0004691733088802126,5,15,15
dar_a0,B,qwen_nonthinking,False,dar_a0_r1,delta_ProfileAE_vs_plugin,0.4362400986175939,0.10352968581143548,5,15,15
dar_a0,B,qwen_nonthinking,False,dar_a0_r2,delta_ProfileAE_vs_plugin,0.42725586120428244,0.05172739989275721,5,15,15
dar_a0,B,qwen_nonthinking,False,dar_a0_r1,extratrees_AE2_all,0.08952488548198,0.024127834305568127,5,15,15
dar_a0,B,qwen_nonthinking,False,dar_a0_r2,extratrees_AE2_all,0.03717204056727311,0.013081980826408638,5,15,15
dar_a0,B,qwen_nonthinking,False,dar_a0_r1,extratrees_AE2_matched,0.08952488548198,0.024127834305568127,5,15,15
dar_a0,B,qwen_nonthinking,False,dar_a0_r2,extratrees_AE2_matched,0.03717204056727311,0.013081980826408638,5,15,15
dar_a0,B,qwen_nonthinking,False,dar_a0_r1,delta_AE2_vs_extratrees,0.40352594540756054,0.04758915720610198,5,15,15
dar_a0,B,qwen_nonthinking,False,dar_a0_r2,delta_AE2_vs_extratrees,0.49009355179321623,0.02990713281082605,5,15,15
dar_a0,B,qwen_nonthinking,False,dar_a0_r1,extratrees_ProfileAE_all,0.048139251153611805,0.016304328335172792,5,15,15
dar_a0,B,qwen_nonthinking,False,dar_a0_r2,extratrees_ProfileAE_all,0.019244214423552834,0.0010211996677059818,5,15,15
dar_a0,B,qwen_nonthinking,False,dar_a0_r1,extratrees_ProfileAE_matched,0.048139251153611805,0.016304328335172792,5,15,15
dar_a0,B,qwen_nonthinking,False,dar_a0_r2,extratrees_ProfileAE_matched,0.019244214423552834,0.0010211996677059818,5,15,15
dar_a0,B,qwen_nonthinking,False,dar_a0_r1,delta_ProfileAE_vs_extratrees,0.49927643799594834,0.10934410348883486,5,15,15
dar_a0,B,qwen_nonthinking,False,dar_a0_r2,delta_ProfileAE_vs_extratrees,0.5192122164925915,0.052268354048919254,5,15,15
dar_a0,B,qwen_nonthinking,False,dar_a0_r1,median_AE2_all,0.036130379748897434,0.0,5,15,15
dar_a0,B,qwen_nonthinking,False,dar_a0_r2,median_AE2_all,0.03524895161128194,0.0,5,15,15
dar_a0,B,qwen_nonthinking,False,dar_a0_r1,median_AE2_matched,0.036130379748897434,0.0,5,15,15
dar_a0,B,qwen_nonthinking,False,dar_a0_r2,median_AE2_matched,0.03524895161128194,0.0,5,15,15
dar_a0,B,qwen_nonthinking,False,dar_a0_r1,delta_AE2_vs_median,0.4569204511406431,0.05023942674832188,5,15,15
dar_a0,B,qwen_nonthinking,False,dar_a0_r2,delta_AE2_vs_median,0.4920166407492074,0.030048109572631827,5,15,15
dar_a0,B,qwen_nonthinking,False,dar_a0_r1,median_ProfileAE_all,0.035302722847475314,0.0,5,15,15
dar_a0,B,qwen_nonthinking,False,dar_a0_r2,median_ProfileAE_all,0.035486083878585206,0.0,5,15,15
dar_a0,B,qwen_nonthinking,False,dar_a0_r1,median_ProfileAE_matched,0.035302722847475314,0.0,5,15,15
dar_a0,B,qwen_nonthinking,False,dar_a0_r2,median_ProfileAE_matched,0.035486083878585206,0.0,5,15,15
dar_a0,B,qwen_nonthinking,False,dar_a0_r1,delta_ProfileAE_vs_median,0.5121129663020848,0.10381189586084161,5,15,15
dar_a0,B,qwen_nonthinking,False,dar_a0_r2,delta_ProfileAE_vs_median,0.5029703470375592,0.05197488709837557,5,15,15
dar_a08,R,qwen_thinking,False,dar_a08_r1,valid_fraction,1.0,0.0,5,15,15
dar_a08,R,qwen_thinking,False,dar_a08_r2,valid_fraction,1.0,0.0,5,15,15
dar_a08,R,qwen_thinking,False,dar_a08_r1,AE2,0.02450927958162422,0.004788008472262822,5,15,15
dar_a08,R,qwen_thinking,False,dar_a08_r2,AE2,0.013617033233711906,0.004295040127644835,5,15,15
dar_a08,R,qwen_thinking,False,dar_a08_r1,ProfileAE,0.02332413605183317,0.0042452508763345,5,15,15
dar_a08,R,qwen_thinking,False,dar_a08_r2,ProfileAE,0.034484500152752874,0.008519570902394497,5,15,15
dar_a08,R,qwen_thinking,False,dar_a08_r1,signed_rho2,0.0034467534458987982,0.013043434908175538,5,15,15
dar_a08,R,qwen_thinking,False,dar_a08_r2,signed_rho2,0.0057023661685595105,0.007528215143046854,5,15,15
dar_a08,R,qwen_thinking,False,dar_a08_r1,budget_matched,1.0,0.0,5,15,15
dar_a08,R,qwen_thinking,False,dar_a08_r2,budget_matched,1.0,0.0,5,15,15
dar_a08,R,qwen_thinking,False,dar_a08_r1,baseline_AE2_all,0.02450525980719842,0.00478628938739623,5,15,15
dar_a08,R,qwen_thinking,False,dar_a08_r2,baseline_AE2_all,0.013634489463050658,0.004294981321593223,5,15,15
dar_a08,R,qwen_thinking,False,dar_a08_r1,baseline_AE2_matched,0.02450525980719842,0.00478628938739623,5,15,15
dar_a08,R,qwen_thinking,False,dar_a08_r2,baseline_AE2_matched,0.013634489463050658,0.004294981321593223,5,15,15
dar_a08,R,qwen_thinking,False,dar_a08_r1,delta_AE2_vs_baseline,4.019774425797115e-06,3.1587760573089913e-06,5,15,15
dar_a08,R,qwen_thinking,False,dar_a08_r2,delta_AE2_vs_baseline,-1.7456229338752572e-05,6.651045706229461e-06,5,15,15
dar_a08,R,qwen_thinking,False,dar_a08_r1,baseline_ProfileAE_all,0.021925396082522367,0.004805413135782703,5,15,15
dar_a08,R,qwen_thinking,False,dar_a08_r2,baseline_ProfileAE_all,0.03245873796866354,0.007989361951675805,5,15,15
dar_a08,R,qwen_thinking,False,dar_a08_r1,baseline_ProfileAE_matched,0.021925396082522367,0.004805413135782703,5,15,15
dar_a08,R,qwen_thinking,False,dar_a08_r2,baseline_ProfileAE_matched,0.03245873796866354,0.007989361951675805,5,15,15
dar_a08,R,qwen_thinking,False,dar_a08_r1,delta_ProfileAE_vs_baseline,0.0013987399693107952,0.0010811494723638197,5,15,15
dar_a08,R,qwen_thinking,False,dar_a08_r2,delta_ProfileAE_vs_baseline,0.002025762184089343,0.001909778662505064,5,15,15
dar_a08,R,qwen_thinking,False,dar_a08_r1,plugin_AE2_all,0.02450525980719842,0.00478628938739623,5,15,15
dar_a08,R,qwen_thinking,False,dar_a08_r2,plugin_AE2_all,0.013634489463050658,0.004294981321593223,5,15,15
dar_a08,R,qwen_thinking,False,dar_a08_r1,plugin_AE2_matched,0.02450525980719842,0.00478628938739623,5,15,15
dar_a08,R,qwen_thinking,False,dar_a08_r2,plugin_AE2_matched,0.013634489463050658,0.004294981321593223,5,15,15
dar_a08,R,qwen_thinking,False,dar_a08_r1,delta_AE2_vs_plugin,4.019774425797115e-06,3.1587760573089913e-06,5,15,15
dar_a08,R,qwen_thinking,False,dar_a08_r2,delta_AE2_vs_plugin,-1.7456229338752572e-05,6.651045706229461e-06,5,15,15
dar_a08,R,qwen_thinking,False,dar_a08_r1,plugin_ProfileAE_all,0.021925396082522367,0.004805413135782703,5,15,15
dar_a08,R,qwen_thinking,False,dar_a08_r2,plugin_ProfileAE_all,0.03245873796866354,0.007989361951675805,5,15,15
dar_a08,R,qwen_thinking,False,dar_a08_r1,plugin_ProfileAE_matched,0.021925396082522367,0.004805413135782703,5,15,15
dar_a08,R,qwen_thinking,False,dar_a08_r2,plugin_ProfileAE_matched,0.03245873796866354,0.007989361951675805,5,15,15
dar_a08,R,qwen_thinking,False,dar_a08_r1,delta_ProfileAE_vs_plugin,0.0013987399693107952,0.0010811494723638197,5,15,15
dar_a08,R,qwen_thinking,False,dar_a08_r2,delta_ProfileAE_vs_plugin,0.002025762184089343,0.001909778662505064,5,15,15
dar_a08,R,qwen_thinking,False,dar_a08_r1,extratrees_AE2_all,0.014757603315562372,0.005339566224476439,5,15,15
dar_a08,R,qwen_thinking,False,dar_a08_r2,extratrees_AE2_all,0.021467203959246728,0.009874173090348052,5,15,15
dar_a08,R,qwen_thinking,False,dar_a08_r1,extratrees_AE2_matched,0.014757603315562372,0.005339566224476439,5,15,15
dar_a08,R,qwen_thinking,False,dar_a08_r2,extratrees_AE2_matched,0.021467203959246728,0.009874173090348052,5,15,15
dar_a08,R,qwen_thinking,False,dar_a08_r1,delta_AE2_vs_extratrees,0.009751676266061845,0.007003483456656161,5,15,15
dar_a08,R,qwen_thinking,False,dar_a08_r2,delta_AE2_vs_extratrees,-0.007850170725534822,0.006717429023493761,5,15,15
dar_a08,R,qwen_thinking,False,dar_a08_r1,extratrees_ProfileAE_all,0.015388476996697173,0.0050252197556198185,5,15,15
dar_a08,R,qwen_thinking,False,dar_a08_r2,extratrees_ProfileAE_all,0.030898754964896614,0.009936144344017166,5,15,15
dar_a08,R,qwen_thinking,False,dar_a08_r1,extratrees_ProfileAE_matched,0.015388476996697173,0.0050252197556198185,5,15,15
dar_a08,R,qwen_thinking,False,dar_a08_r2,extratrees_ProfileAE_matched,0.030898754964896614,0.009936144344017166,5,15,15
dar_a08,R,qwen_thinking,False,dar_a08_r1,delta_ProfileAE_vs_extratrees,0.007935659055135994,0.0031328389678931465,5,15,15
dar_a08,R,qwen_thinking,False,dar_a08_r2,delta_ProfileAE_vs_extratrees,0.0035857451878562588,0.0023810508606854856,5,15,15
dar_a08,R,qwen_thinking,False,dar_a08_r1,median_AE2_all,0.4192148497821687,7.401486830834377e-17,5,15,15
dar_a08,R,qwen_thinking,False,dar_a08_r2,median_AE2_all,0.41240037780321176,3.700743415417188e-17,5,15,15
dar_a08,R,qwen_thinking,False,dar_a08_r1,median_AE2_matched,0.4192148497821687,7.401486830834377e-17,5,15,15
dar_a08,R,qwen_thinking,False,dar_a08_r2,median_AE2_matched,0.41240037780321176,3.700743415417188e-17,5,15,15
dar_a08,R,qwen_thinking,False,dar_a08_r1,delta_AE2_vs_median,-0.3947055702005446,0.004788008472262825,5,15,15
dar_a08,R,qwen_thinking,False,dar_a08_r2,delta_AE2_vs_median,-0.3987833445694999,0.004295040127644831,5,15,15
dar_a08,R,qwen_thinking,False,dar_a08_r1,median_ProfileAE_all,0.39292662712454557,3.700743415417188e-17,5,15,15
dar_a08,R,qwen_thinking,False,dar_a08_r2,median_ProfileAE_all,0.3874293516337959,0.0,5,15,15
dar_a08,R,qwen_thinking,False,dar_a08_r1,median_ProfileAE_matched,0.39292662712454557,3.700743415417188e-17,5,15,15
dar_a08,R,qwen_thinking,False,dar_a08_r2,median_ProfileAE_matched,0.3874293516337959,0.0,5,15,15
dar_a08,R,qwen_thinking,False,dar_a08_r1,delta_ProfileAE_vs_median,-0.36960249107271254,0.004245250876334484,5,15,15
dar_a08,R,qwen_thinking,False,dar_a08_r2,delta_ProfileAE_vs_median,-0.352944851481043,0.008519570902394497,5,15,15
dar_a08,R,qwen_nonthinking,False,dar_a08_r1,valid_fraction,1.0,0.0,5,15,15
dar_a08,R,qwen_nonthinking,False,dar_a08_r2,valid_fraction,1.0,0.0,5,15,15
dar_a08,R,qwen_nonthinking,False,dar_a08_r1,AE2,0.09595310907237513,0.012610403624831179,5,15,15
dar_a08,R,qwen_nonthinking,False,dar_a08_r2,AE2,0.1073503885236103,0.017004612576184144,5,15,15
dar_a08,R,qwen_nonthinking,False,dar_a08_r1,ProfileAE,0.09156880733944954,0.01822448466699708,5,15,15
dar_a08,R,qwen_nonthinking,False,dar_a08_r2,ProfileAE,0.08965963339310619,0.013365166885384269,5,15,15
dar_a08,R,qwen_nonthinking,False,dar_a08_r1,signed_rho2,0.07629969418960249,0.019888578520235067,5,15,15
dar_a08,R,qwen_nonthinking,False,dar_a08_r2,signed_rho2,0.10284749950189281,0.01945547623564007,5,15,15
dar_a08,R,qwen_nonthinking,False,dar_a08_r1,budget_matched,1.0,0.0,5,15,15
dar_a08,R,qwen_nonthinking,False,dar_a08_r2,budget_matched,1.0,0.0,5,15,15
dar_a08,R,qwen_nonthinking,False,dar_a08_r1,baseline_AE2_all,0.02450525980719842,0.00478628938739623,5,15,15
dar_a08,R,qwen_nonthinking,False,dar_a08_r2,baseline_AE2_all,0.013634489463050658,0.004294981321593223,5,15,15
dar_a08,R,qwen_nonthinking,False,dar_a08_r1,baseline_AE2_matched,0.02450525980719842,0.00478628938739623,5,15,15
dar_a08,R,qwen_nonthinking,False,dar_a08_r2,baseline_AE2_matched,0.013634489463050658,0.004294981321593223,5,15,15
dar_a08,R,qwen_nonthinking,False,dar_a08_r1,delta_AE2_vs_baseline,0.07144784926517674,0.011518425673664383,5,15,15
dar_a08,R,qwen_nonthinking,False,dar_a08_r2,delta_AE2_vs_baseline,0.09371589906055963,0.01521592784248331,5,15,15
dar_a08,R,qwen_nonthinking,False,dar_a08_r1,baseline_ProfileAE_all,0.021925396082522367,0.004805413135782703,5,15,15
dar_a08,R,qwen_nonthinking,False,dar_a08_r2,baseline_ProfileAE_all,0.03245873796866354,0.007989361951675805,5,15,15
dar_a08,R,qwen_nonthinking,False,dar_a08_r1,baseline_ProfileAE_matched,0.021925396082522367,0.004805413135782703,5,15,15
dar_a08,R,qwen_nonthinking,False,dar_a08_r2,baseline_ProfileAE_matched,0.03245873796866354,0.007989361951675805,5,15,15
dar_a08,R,qwen_nonthinking,False,dar_a08_r1,delta_ProfileAE_vs_baseline,0.06964341125692716,0.02020151526533378,5,15,15
dar_a08,R,qwen_nonthinking,False,dar_a08_r2,delta_ProfileAE_vs_baseline,0.057200895424442656,0.010683573980807382,5,15,15
dar_a08,R,qwen_nonthinking,False,dar_a08_r1,plugin_AE2_all,0.02450525980719842,0.00478628938739623,5,15,15
dar_a08,R,qwen_nonthinking,False,dar_a08_r2,plugin_AE2_all,0.013634489463050658,0.004294981321593223,5,15,15
dar_a08,R,qwen_nonthinking,False,dar_a08_r1,plugin_AE2_matched,0.02450525980719842,0.00478628938739623,5,15,15
dar_a08,R,qwen_nonthinking,False,dar_a08_r2,plugin_AE2_matched,0.013634489463050658,0.004294981321593223,5,15,15
dar_a08,R,qwen_nonthinking,False,dar_a08_r1,delta_AE2_vs_plugin,0.07144784926517674,0.011518425673664383,5,15,15
dar_a08,R,qwen_nonthinking,False,dar_a08_r2,delta_AE2_vs_plugin,0.09371589906055963,0.01521592784248331,5,15,15
dar_a08,R,qwen_nonthinking,False,dar_a08_r1,plugin_ProfileAE_all,0.021925396082522367,0.004805413135782703,5,15,15
dar_a08,R,qwen_nonthinking,False,dar_a08_r2,plugin_ProfileAE_all,0.03245873796866354,0.007989361951675805,5,15,15
dar_a08,R,qwen_nonthinking,False,dar_a08_r1,plugin_ProfileAE_matched,0.021925396082522367,0.004805413135782703,5,15,15
dar_a08,R,qwen_nonthinking,False,dar_a08_r2,plugin_ProfileAE_matched,0.03245873796866354,0.007989361951675805,5,15,15
dar_a08,R,qwen_nonthinking,False,dar_a08_r1,delta_ProfileAE_vs_plugin,0.06964341125692716,0.02020151526533378,5,15,15
dar_a08,R,qwen_nonthinking,False,dar_a08_r2,delta_ProfileAE_vs_plugin,0.057200895424442656,0.010683573980807382,5,15,15
dar_a08,R,qwen_nonthinking,False,dar_a08_r1,extratrees_AE2_all,0.014757603315562372,0.005339566224476439,5,15,15
dar_a08,R,qwen_nonthinking,False,dar_a08_r2,extratrees_AE2_all,0.021467203959246728,0.009874173090348052,5,15,15
dar_a08,R,qwen_nonthinking,False,dar_a08_r1,extratrees_AE2_matched,0.014757603315562372,0.005339566224476439,5,15,15
dar_a08,R,qwen_nonthinking,False,dar_a08_r2,extratrees_AE2_matched,0.021467203959246728,0.009874173090348052,5,15,15
dar_a08,R,qwen_nonthinking,False,dar_a08_r1,delta_AE2_vs_extratrees,0.0811955057568128,0.016482461936213826,5,15,15
dar_a08,R,qwen_nonthinking,False,dar_a08_r2,delta_AE2_vs_extratrees,0.08588318456436357,0.010031540800811393,5,15,15
dar_a08,R,qwen_nonthinking,False,dar_a08_r1,extratrees_ProfileAE_all,0.015388476996697173,0.0050252197556198185,5,15,15
dar_a08,R,qwen_nonthinking,False,dar_a08_r2,extratrees_ProfileAE_all,0.030898754964896614,0.009936144344017166,5,15,15
dar_a08,R,qwen_nonthinking,False,dar_a08_r1,extratrees_ProfileAE_matched,0.015388476996697173,0.0050252197556198185,5,15,15
dar_a08,R,qwen_nonthinking,False,dar_a08_r2,extratrees_ProfileAE_matched,0.030898754964896614,0.009936144344017166,5,15,15
dar_a08,R,qwen_nonthinking,False,dar_a08_r1,delta_ProfileAE_vs_extratrees,0.07618033034275239,0.02224019308045657,5,15,15
dar_a08,R,qwen_nonthinking,False,dar_a08_r2,delta_ProfileAE_vs_extratrees,0.05876087842820959,0.01056401650541826,5,15,15
dar_a08,R,qwen_nonthinking,False,dar_a08_r1,median_AE2_all,0.4192148497821687,7.401486830834377e-17,5,15,15
dar_a08,R,qwen_nonthinking,False,dar_a08_r2,median_AE2_all,0.41240037780321176,3.700743415417188e-17,5,15,15
dar_a08,R,qwen_nonthinking,False,dar_a08_r1,median_AE2_matched,0.4192148497821687,7.401486830834377e-17,5,15,15
dar_a08,R,qwen_nonthinking,False,dar_a08_r2,median_AE2_matched,0.41240037780321176,3.700743415417188e-17,5,15,15
dar_a08,R,qwen_nonthinking,False,dar_a08_r1,delta_AE2_vs_median,-0.32326174070979363,0.012610403624831179,5,15,15
dar_a08,R,qwen_nonthinking,False,dar_a08_r2,delta_AE2_vs_median,-0.3050499892796015,0.017004612576184144,5,15,15
dar_a08,R,qwen_nonthinking,False,dar_a08_r1,median_ProfileAE_all,0.39292662712454557,3.700743415417188e-17,5,15,15
dar_a08,R,qwen_nonthinking,False,dar_a08_r2,median_ProfileAE_all,0.3874293516337959,0.0,5,15,15
dar_a08,R,qwen_nonthinking,False,dar_a08_r1,median_ProfileAE_matched,0.39292662712454557,3.700743415417188e-17,5,15,15
dar_a08,R,qwen_nonthinking,False,dar_a08_r2,median_ProfileAE_matched,0.3874293516337959,0.0,5,15,15
dar_a08,R,qwen_nonthinking,False,dar_a08_r1,delta_ProfileAE_vs_median,-0.3013578197850961,0.018224484666997078,5,15,15
dar_a08,R,qwen_nonthinking,False,dar_a08_r2,delta_ProfileAE_vs_median,-0.2977697182406897,0.013365166885384272,5,15,15
dar_a08,S,qwen_thinking,False,dar_a08_r1,valid_fraction,1.0,0.0,5,15,15
dar_a08,S,qwen_thinking,False,dar_a08_r2,valid_fraction,1.0,0.0,5,15,15
dar_a08,S,qwen_thinking,False,dar_a08_r1,AE2,0.09631075372069318,0.022572647952694667,5,15,15
dar_a08,S,qwen_thinking,False,dar_a08_r2,AE2,0.0945842956392717,0.014406153127800114,5,15,15
dar_a08,S,qwen_thinking,False,dar_a08_r1,ProfileAE,0.0882002513761468,0.010227396156796884,5,15,15
dar_a08,S,qwen_thinking,False,dar_a08_r2,ProfileAE,0.109584340348948,0.019059306978554697,5,15,15
dar_a08,S,qwen_thinking,False,dar_a08_r1,signed_rho2,-0.012831172477064168,0.044310074765552925,5,15,15
dar_a08,S,qwen_thinking,False,dar_a08_r2,signed_rho2,0.09277885780422088,0.015911161002007287,5,15,15
dar_a08,S,qwen_thinking,False,dar_a08_r1,budget_matched,1.0,0.0,5,15,15
dar_a08,S,qwen_thinking,False,dar_a08_r2,budget_matched,1.0,0.0,5,15,15
dar_a08,S,qwen_thinking,False,dar_a08_r1,baseline_AE2_all,0.05573271275969569,0.009917387950305627,5,15,15
dar_a08,S,qwen_thinking,False,dar_a08_r2,baseline_AE2_all,0.04022387862038614,0.012186729917176694,5,15,15
dar_a08,S,qwen_thinking,False,dar_a08_r1,baseline_AE2_matched,0.05573271275969569,0.009917387950305627,5,15,15
dar_a08,S,qwen_thinking,False,dar_a08_r2,baseline_AE2_matched,0.04022387862038614,0.012186729917176694,5,15,15
dar_a08,S,qwen_thinking,False,dar_a08_r1,delta_AE2_vs_baseline,0.04057804096099747,0.017257617554473633,5,15,15
dar_a08,S,qwen_thinking,False,dar_a08_r2,delta_AE2_vs_baseline,0.05436041701888553,0.010871766175337248,5,15,15
dar_a08,S,qwen_thinking,False,dar_a08_r1,baseline_ProfileAE_all,0.03731725558563027,0.004653007964626102,5,15,15
dar_a08,S,qwen_thinking,False,dar_a08_r2,baseline_ProfileAE_all,0.04937729936993437,0.013732578756834994,5,15,15
dar_a08,S,qwen_thinking,False,dar_a08_r1,baseline_ProfileAE_matched,0.03731725558563027,0.004653007964626102,5,15,15
dar_a08,S,qwen_thinking,False,dar_a08_r2,baseline_ProfileAE_matched,0.04937729936993437,0.013732578756834994,5,15,15
dar_a08,S,qwen_thinking,False,dar_a08_r1,delta_ProfileAE_vs_baseline,0.05088299579051652,0.014280819941059649,5,15,15
dar_a08,S,qwen_thinking,False,dar_a08_r2,delta_ProfileAE_vs_baseline,0.06020704097901365,0.008484965755342971,5,15,15
dar_a08,S,qwen_thinking,False,dar_a08_r1,plugin_AE2_all,0.12210258444908605,0.010263164257710554,5,15,15
dar_a08,S,qwen_thinking,False,dar_a08_r2,plugin_AE2_all,0.15496294520427137,0.007290359988633333,5,15,15
dar_a08,S,qwen_thinking,False,dar_a08_r1,plugin_AE2_matched,0.12210258444908605,0.010263164257710554,5,15,15
dar_a08,S,qwen_thinking,False,dar_a08_r2,plugin_AE2_matched,0.15496294520427137,0.007290359988633333,5,15,15
dar_a08,S,qwen_thinking,False,dar_a08_r1,delta_AE2_vs_plugin,-0.025791830728392872,0.028841685055641584,5,15,15
dar_a08,S,qwen_thinking,False,dar_a08_r2,delta_AE2_vs_plugin,-0.060378649564999685,0.008946207137953533,5,15,15
dar_a08,S,qwen_thinking,False,dar_a08_r1,plugin_ProfileAE_all,0.163098388361343,0.01251482316224065,5,15,15
dar_a08,S,qwen_thinking,False,dar_a08_r2,plugin_ProfileAE_all,0.18347757810499574,0.014669638911633923,5,15,15
dar_a08,S,qwen_thinking,False,dar_a08_r1,plugin_ProfileAE_matched,0.163098388361343,0.01251482316224065,5,15,15
dar_a08,S,qwen_thinking,False,dar_a08_r2,plugin_ProfileAE_matched,0.18347757810499574,0.014669638911633923,5,15,15
dar_a08,S,qwen_thinking,False,dar_a08_r1,delta_ProfileAE_vs_plugin,-0.07489813698519626,0.018519782943347156,5,15,15
dar_a08,S,qwen_thinking,False,dar_a08_r2,delta_ProfileAE_vs_plugin,-0.07389323775604772,0.013287945471818557,5,15,15
dar_a08,S,qwen_thinking,False,dar_a08_r1,extratrees_AE2_all,0.02002219829525791,0.006430541390441186,5,15,15
dar_a08,S,qwen_thinking,False,dar_a08_r2,extratrees_AE2_all,0.03470125352738551,0.011313088433384218,5,15,15
dar_a08,S,qwen_thinking,False,dar_a08_r1,extratrees_AE2_matched,0.02002219829525791,0.006430541390441186,5,15,15
dar_a08,S,qwen_thinking,False,dar_a08_r2,extratrees_AE2_matched,0.03470125352738551,0.011313088433384218,5,15,15
dar_a08,S,qwen_thinking,False,dar_a08_r1,delta_AE2_vs_extratrees,0.07628855542543525,0.02167260007667507,5,15,15
dar_a08,S,qwen_thinking,False,dar_a08_r2,delta_AE2_vs_extratrees,0.05988304211188617,0.012958414519529777,5,15,15
dar_a08,S,qwen_thinking,False,dar_a08_r1,extratrees_ProfileAE_all,0.019448340927056315,0.007662877507780645,5,15,15
dar_a08,S,qwen_thinking,False,dar_a08_r2,extratrees_ProfileAE_all,0.039583099335829944,0.015534213169213051,5,15,15
dar_a08,S,qwen_thinking,False,dar_a08_r1,extratrees_ProfileAE_matched,0.019448340927056315,0.007662877507780645,5,15,15
dar_a08,S,qwen_thinking,False,dar_a08_r2,extratrees_ProfileAE_matched,0.039583099335829944,0.015534213169213051,5,15,15
dar_a08,S,qwen_thinking,False,dar_a08_r1,delta_ProfileAE_vs_extratrees,0.06875191044909049,0.014218028131859656,5,15,15
dar_a08,S,qwen_thinking,False,dar_a08_r2,delta_ProfileAE_vs_extratrees,0.07000124101311807,0.00902643950410529,5,15,15
dar_a08,S,qwen_thinking,False,dar_a08_r1,median_AE2_all,0.4192148497821687,7.401486830834377e-17,5,15,15
dar_a08,S,qwen_thinking,False,dar_a08_r2,median_AE2_all,0.41240037780321176,3.700743415417188e-17,5,15,15
dar_a08,S,qwen_thinking,False,dar_a08_r1,median_AE2_matched,0.4192148497821687,7.401486830834377e-17,5,15,15
dar_a08,S,qwen_thinking,False,dar_a08_r2,median_AE2_matched,0.41240037780321176,3.700743415417188e-17,5,15,15
dar_a08,S,qwen_thinking,False,dar_a08_r1,delta_AE2_vs_median,-0.32290409606147563,0.022572647952694664,5,15,15
dar_a08,S,qwen_thinking,False,dar_a08_r2,delta_AE2_vs_median,-0.31781608216394014,0.01440615312780011,5,15,15
dar_a08,S,qwen_thinking,False,dar_a08_r1,median_ProfileAE_all,0.39292662712454557,3.700743415417188e-17,5,15,15
dar_a08,S,qwen_thinking,False,dar_a08_r2,median_ProfileAE_all,0.3874293516337959,0.0,5,15,15
dar_a08,S,qwen_thinking,False,dar_a08_r1,median_ProfileAE_matched,0.39292662712454557,3.700743415417188e-17,5,15,15
dar_a08,S,qwen_thinking,False,dar_a08_r2,median_ProfileAE_matched,0.3874293516337959,0.0,5,15,15
dar_a08,S,qwen_thinking,False,dar_a08_r1,delta_ProfileAE_vs_median,-0.3047263757483989,0.010227396156796884,5,15,15
dar_a08,S,qwen_thinking,False,dar_a08_r2,delta_ProfileAE_vs_median,-0.2778450112848479,0.019059306978554704,5,15,15
dar_a08,S,qwen_nonthinking,False,dar_a08_r1,valid_fraction,1.0,0.0,5,15,15
dar_a08,S,qwen_nonthinking,False,dar_a08_r2,valid_fraction,1.0,0.0,5,15,15
dar_a08,S,qwen_nonthinking,False,dar_a08_r1,AE2,0.08503323139653415,0.013124987594764164,5,15,15
dar_a08,S,qwen_nonthinking,False,dar_a08_r2,AE2,0.13761705519027695,0.032903389685222516,5,15,15
dar_a08,S,qwen_nonthinking,False,dar_a08_r1,ProfileAE,0.08473195718654435,0.011241144278636596,5,15,15
dar_a08,S,qwen_nonthinking,False,dar_a08_r2,ProfileAE,0.14994411237298264,0.04153109540969877,5,15,15
dar_a08,S,qwen_nonthinking,False,dar_a08_r1,signed_rho2,0.045099694189602496,0.026983451718908508,5,15,15
dar_a08,S,qwen_nonthinking,False,dar_a08_r2,signed_rho2,0.06644749950189283,0.04674992572780791,5,15,15
dar_a08,S,qwen_nonthinking,False,dar_a08_r1,budget_matched,1.0,0.0,5,15,15
dar_a08,S,qwen_nonthinking,False,dar_a08_r2,budget_matched,1.0,0.0,5,15,15
dar_a08,S,qwen_nonthinking,False,dar_a08_r1,baseline_AE2_all,0.05573271275969569,0.009917387950305627,5,15,15
dar_a08,S,qwen_nonthinking,False,dar_a08_r2,baseline_AE2_all,0.04022387862038614,0.012186729917176694,5,15,15
dar_a08,S,qwen_nonthinking,False,dar_a08_r1,baseline_AE2_matched,0.05573271275969569,0.009917387950305627,5,15,15
dar_a08,S,qwen_nonthinking,False,dar_a08_r2,baseline_AE2_matched,0.04022387862038614,0.012186729917176694,5,15,15
dar_a08,S,qwen_nonthinking,False,dar_a08_r1,delta_AE2_vs_baseline,0.02930051863683847,0.019970549718438917,5,15,15
dar_a08,S,qwen_nonthinking,False,dar_a08_r2,delta_AE2_vs_baseline,0.09739317656989079,0.03700928657773474,5,15,15
dar_a08,S,qwen_nonthinking,False,dar_a08_r1,baseline_ProfileAE_all,0.03731725558563027,0.004653007964626102,5,15,15
dar_a08,S,qwen_nonthinking,False,dar_a08_r2,baseline_ProfileAE_all,0.04937729936993437,0.013732578756834994,5,15,15
dar_a08,S,qwen_nonthinking,False,dar_a08_r1,baseline_ProfileAE_matched,0.03731725558563027,0.004653007964626102,5,15,15
dar_a08,S,qwen_nonthinking,False,dar_a08_r2,baseline_ProfileAE_matched,0.04937729936993437,0.013732578756834994,5,15,15
dar_a08,S,qwen_nonthinking,False,dar_a08_r1,delta_ProfileAE_vs_baseline,0.04741470160091408,0.01162828934223527,5,15,15
dar_a08,S,qwen_nonthinking,False,dar_a08_r2,delta_ProfileAE_vs_baseline,0.10056681300304832,0.03627429015915195,5,15,15
dar_a08,S,qwen_nonthinking,False,dar_a08_r1,plugin_AE2_all,0.12210258444908605,0.010263164257710554,5,15,15
dar_a08,S,qwen_nonthinking,False,dar_a08_r2,plugin_AE2_all,0.15496294520427137,0.007290359988633333,5,15,15
dar_a08,S,qwen_nonthinking,False,dar_a08_r1,plugin_AE2_matched,0.12210258444908605,0.010263164257710554,5,15,15
dar_a08,S,qwen_nonthinking,False,dar_a08_r2,plugin_AE2_matched,0.15496294520427137,0.007290359988633333,5,15,15
dar_a08,S,qwen_nonthinking,False,dar_a08_r1,delta_AE2_vs_plugin,-0.03706935305255188,0.022171098057067174,5,15,15
dar_a08,S,qwen_nonthinking,False,dar_a08_r2,delta_AE2_vs_plugin,-0.017345890013994402,0.033946779546215805,5,15,15
dar_a08,S,qwen_nonthinking,False,dar_a08_r1,plugin_ProfileAE_all,0.163098388361343,0.01251482316224065,5,15,15
dar_a08,S,qwen_nonthinking,False,dar_a08_r2,plugin_ProfileAE_all,0.18347757810499574,0.014669638911633923,5,15,15
dar_a08,S,qwen_nonthinking,False,dar_a08_r1,plugin_ProfileAE_matched,0.163098388361343,0.01251482316224065,5,15,15
dar_a08,S,qwen_nonthinking,False,dar_a08_r2,plugin_ProfileAE_matched,0.18347757810499574,0.014669638911633923,5,15,15
dar_a08,S,qwen_nonthinking,False,dar_a08_r1,delta_ProfileAE_vs_plugin,-0.0783664311747987,0.01956032941423118,5,15,15
dar_a08,S,qwen_nonthinking,False,dar_a08_r2,delta_ProfileAE_vs_plugin,-0.03353346573201304,0.041667348009215566,5,15,15
dar_a08,S,qwen_nonthinking,False,dar_a08_r1,extratrees_AE2_all,0.02002219829525791,0.006430541390441186,5,15,15
dar_a08,S,qwen_nonthinking,False,dar_a08_r2,extratrees_AE2_all,0.03470125352738551,0.011313088433384218,5,15,15
dar_a08,S,qwen_nonthinking,False,dar_a08_r1,extratrees_AE2_matched,0.02002219829525791,0.006430541390441186,5,15,15
dar_a08,S,qwen_nonthinking,False,dar_a08_r2,extratrees_AE2_matched,0.03470125352738551,0.011313088433384218,5,15,15
dar_a08,S,qwen_nonthinking,False,dar_a08_r1,delta_AE2_vs_extratrees,0.06501103310127625,0.01886926343770288,5,15,15
dar_a08,S,qwen_nonthinking,False,dar_a08_r2,delta_AE2_vs_extratrees,0.10291580166289144,0.025489948530403386,5,15,15
dar_a08,S,qwen_nonthinking,False,dar_a08_r1,extratrees_ProfileAE_all,0.019448340927056315,0.007662877507780645,5,15,15
dar_a08,S,qwen_nonthinking,False,dar_a08_r2,extratrees_ProfileAE_all,0.039583099335829944,0.015534213169213051,5,15,15
dar_a08,S,qwen_nonthinking,False,dar_a08_r1,extratrees_ProfileAE_matched,0.019448340927056315,0.007662877507780645,5,15,15
dar_a08,S,qwen_nonthinking,False,dar_a08_r2,extratrees_ProfileAE_matched,0.039583099335829944,0.015534213169213051,5,15,15
dar_a08,S,qwen_nonthinking,False,dar_a08_r1,delta_ProfileAE_vs_extratrees,0.06528361625948803,0.012473690329406902,5,15,15
dar_a08,S,qwen_nonthinking,False,dar_a08_r2,delta_ProfileAE_vs_extratrees,0.11036101303715275,0.034699366437652396,5,15,15
dar_a08,S,qwen_nonthinking,False,dar_a08_r1,median_AE2_all,0.4192148497821687,7.401486830834377e-17,5,15,15
dar_a08,S,qwen_nonthinking,False,dar_a08_r2,median_AE2_all,0.41240037780321176,3.700743415417188e-17,5,15,15
dar_a08,S,qwen_nonthinking,False,dar_a08_r1,median_AE2_matched,0.4192148497821687,7.401486830834377e-17,5,15,15
dar_a08,S,qwen_nonthinking,False,dar_a08_r2,median_AE2_matched,0.41240037780321176,3.700743415417188e-17,5,15,15
dar_a08,S,qwen_nonthinking,False,dar_a08_r1,delta_AE2_vs_median,-0.33418161838563465,0.013124987594764171,5,15,15
dar_a08,S,qwen_nonthinking,False,dar_a08_r2,delta_AE2_vs_median,-0.2747833226129348,0.032903389685222516,5,15,15
dar_a08,S,qwen_nonthinking,False,dar_a08_r1,median_ProfileAE_all,0.39292662712454557,3.700743415417188e-17,5,15,15
dar_a08,S,qwen_nonthinking,False,dar_a08_r2,median_ProfileAE_all,0.3874293516337959,0.0,5,15,15
dar_a08,S,qwen_nonthinking,False,dar_a08_r1,median_ProfileAE_matched,0.39292662712454557,3.700743415417188e-17,5,15,15
dar_a08,S,qwen_nonthinking,False,dar_a08_r2,median_ProfileAE_matched,0.3874293516337959,0.0,5,15,15
dar_a08,S,qwen_nonthinking,False,dar_a08_r1,delta_ProfileAE_vs_median,-0.30819466993800126,0.011241144278636598,5,15,15
dar_a08,S,qwen_nonthinking,False,dar_a08_r2,delta_ProfileAE_vs_median,-0.23748523926081325,0.04153109540969877,5,15,15
dar_a08,H,qwen_thinking,False,dar_a08_r1,valid_fraction,1.0,0.0,5,15,15
dar_a08,H,qwen_thinking,False,dar_a08_r2,valid_fraction,1.0,0.0,5,15,15
dar_a08,H,qwen_thinking,False,dar_a08_r1,AE2,0.02804402038735985,0.009086951239134906,5,15,15
dar_a08,H,qwen_thinking,False,dar_a08_r2,AE2,0.037205699900378565,0.007342935822378591,5,15,15
dar_a08,H,qwen_thinking,False,dar_a08_r1,ProfileAE,0.21217734439347608,0.012003966781311265,5,15,15
dar_a08,H,qwen_thinking,False,dar_a08_r2,ProfileAE,0.19810795579756924,0.007186578935271622,5,15,15
dar_a08,H,qwen_thinking,False,dar_a08_r1,signed_rho2,-0.01484670581039751,0.014942761488575151,5,15,15
dar_a08,H,qwen_thinking,False,dar_a08_r2,signed_rho2,0.009777032835226166,0.01939296625056506,5,15,15
dar_a08,H,qwen_thinking,False,dar_a08_r1,budget_matched,1.0,0.0,5,15,15
dar_a08,H,qwen_thinking,False,dar_a08_r2,budget_matched,1.0,0.0,5,15,15
dar_a08,H,qwen_thinking,False,dar_a08_r1,baseline_AE2_all,0.0261056999285993,0.007564840038157601,5,15,15
dar_a08,H,qwen_thinking,False,dar_a08_r2,baseline_AE2_all,0.03923152888588579,0.0077042075454649365,5,15,15
dar_a08,H,qwen_thinking,False,dar_a08_r1,baseline_AE2_matched,0.0261056999285993,0.007564840038157601,5,15,15
dar_a08,H,qwen_thinking,False,dar_a08_r2,baseline_AE2_matched,0.03923152888588579,0.0077042075454649365,5,15,15
dar_a08,H,qwen_thinking,False,dar_a08_r1,delta_AE2_vs_baseline,0.001938320458760545,0.002835105801468664,5,15,15
dar_a08,H,qwen_thinking,False,dar_a08_r2,delta_AE2_vs_baseline,-0.0020258289855072274,0.004022955707018709,5,15,15
dar_a08,H,qwen_thinking,False,dar_a08_r1,baseline_ProfileAE_all,0.08303594282558029,0.008129792278907748,5,15,15
dar_a08,H,qwen_thinking,False,dar_a08_r2,baseline_ProfileAE_all,0.07441370617739548,0.005706307606791308,5,15,15
dar_a08,H,qwen_thinking,False,dar_a08_r1,baseline_ProfileAE_matched,0.08303594282558029,0.008129792278907748,5,15,15
dar_a08,H,qwen_thinking,False,dar_a08_r2,baseline_ProfileAE_matched,0.07441370617739548,0.005706307606791308,5,15,15
dar_a08,H,qwen_thinking,False,dar_a08_r1,delta_ProfileAE_vs_baseline,0.12914140156789572,0.0067367613218038925,5,15,15
dar_a08,H,qwen_thinking,False,dar_a08_r2,delta_ProfileAE_vs_baseline,0.12369424962017381,0.00871386539047398,5,15,15
dar_a08,H,qwen_thinking,False,dar_a08_r1,plugin_AE2_all,0.0261056999285993,0.009591809228721227,5,15,15
dar_a08,H,qwen_thinking,False,dar_a08_r2,plugin_AE2_all,0.03705761584240754,0.008731977282713693,5,15,15
dar_a08,H,qwen_thinking,False,dar_a08_r1,plugin_AE2_matched,0.0261056999285993,0.009591809228721227,5,15,15
dar_a08,H,qwen_thinking,False,dar_a08_r2,plugin_AE2_matched,0.03705761584240754,0.008731977282713693,5,15,15
dar_a08,H,qwen_thinking,False,dar_a08_r1,delta_AE2_vs_plugin,0.001938320458760545,0.0024704122488812172,5,15,15
dar_a08,H,qwen_thinking,False,dar_a08_r2,delta_AE2_vs_plugin,0.00014808405797102077,0.005494949101338929,5,15,15
dar_a08,H,qwen_thinking,False,dar_a08_r1,plugin_ProfileAE_all,0.22279365207668164,0.007472407422267436,5,15,15
dar_a08,H,qwen_thinking,False,dar_a08_r2,plugin_ProfileAE_all,0.21419631487304763,0.0035105864628024114,5,15,15
dar_a08,H,qwen_thinking,False,dar_a08_r1,plugin_ProfileAE_matched,0.22279365207668164,0.007472407422267436,5,15,15
dar_a08,H,qwen_thinking,False,dar_a08_r2,plugin_ProfileAE_matched,0.21419631487304763,0.0035105864628024114,5,15,15
dar_a08,H,qwen_thinking,False,dar_a08_r1,delta_ProfileAE_vs_plugin,-0.010616307683205562,0.006610136729056766,5,15,15
dar_a08,H,qwen_thinking,False,dar_a08_r2,delta_ProfileAE_vs_plugin,-0.016088359075478398,0.007957421597212046,5,15,15
dar_a08,H,qwen_thinking,False,dar_a08_r1,extratrees_AE2_all,0.01693486402343176,0.0018077496568821344,5,15,15
dar_a08,H,qwen_thinking,False,dar_a08_r2,extratrees_AE2_all,0.022421859114020504,0.005541286727336404,5,15,15
dar_a08,H,qwen_thinking,False,dar_a08_r1,extratrees_AE2_matched,0.01693486402343176,0.0018077496568821344,5,15,15
dar_a08,H,qwen_thinking,False,dar_a08_r2,extratrees_AE2_matched,0.022421859114020504,0.005541286727336404,5,15,15
dar_a08,H,qwen_thinking,False,dar_a08_r1,delta_AE2_vs_extratrees,0.011109156363928086,0.009625798991320298,5,15,15
dar_a08,H,qwen_thinking,False,dar_a08_r2,delta_AE2_vs_extratrees,0.01478384078635806,0.008763525229928265,5,15,15
dar_a08,H,qwen_thinking,False,dar_a08_r1,extratrees_ProfileAE_all,0.019324957810532336,0.008206377297583396,5,15,15
dar_a08,H,qwen_thinking,False,dar_a08_r2,extratrees_ProfileAE_all,0.017418451536478353,0.006517082111161941,5,15,15
dar_a08,H,qwen_thinking,False,dar_a08_r1,extratrees_ProfileAE_matched,0.019324957810532336,0.008206377297583396,5,15,15
dar_a08,H,qwen_thinking,False,dar_a08_r2,extratrees_ProfileAE_matched,0.017418451536478353,0.006517082111161941,5,15,15
dar_a08,H,qwen_thinking,False,dar_a08_r1,delta_ProfileAE_vs_extratrees,0.1928523865829437,0.00909162542226193,5,15,15
dar_a08,H,qwen_thinking,False,dar_a08_r2,delta_ProfileAE_vs_extratrees,0.18068950426109087,0.007325558875100222,5,15,15
dar_a08,H,qwen_thinking,False,dar_a08_r1,median_AE2_all,0.4192148497821687,7.401486830834377e-17,5,15,15
dar_a08,H,qwen_thinking,False,dar_a08_r2,median_AE2_all,0.41240037780321176,3.700743415417188e-17,5,15,15
dar_a08,H,qwen_thinking,False,dar_a08_r1,median_AE2_matched,0.4192148497821687,7.401486830834377e-17,5,15,15
dar_a08,H,qwen_thinking,False,dar_a08_r2,median_AE2_matched,0.41240037780321176,3.700743415417188e-17,5,15,15
dar_a08,H,qwen_thinking,False,dar_a08_r1,delta_AE2_vs_median,-0.391170829394809,0.009086951239134895,5,15,15
dar_a08,H,qwen_thinking,False,dar_a08_r2,delta_AE2_vs_median,-0.37519467790283323,0.007342935822378587,5,15,15
dar_a08,H,qwen_thinking,False,dar_a08_r1,median_ProfileAE_all,0.39292662712454557,3.700743415417188e-17,5,15,15
dar_a08,H,qwen_thinking,False,dar_a08_r2,median_ProfileAE_all,0.3874293516337959,0.0,5,15,15
dar_a08,H,qwen_thinking,False,dar_a08_r1,median_ProfileAE_matched,0.39292662712454557,3.700743415417188e-17,5,15,15
dar_a08,H,qwen_thinking,False,dar_a08_r2,median_ProfileAE_matched,0.3874293516337959,0.0,5,15,15
dar_a08,H,qwen_thinking,False,dar_a08_r1,delta_ProfileAE_vs_median,-0.18074928273106966,0.012003966781311264,5,15,15
dar_a08,H,qwen_thinking,False,dar_a08_r2,delta_ProfileAE_vs_median,-0.18932139583622665,0.007186578935271622,5,15,15
dar_a08,H,qwen_nonthinking,False,dar_a08_r1,valid_fraction,1.0,0.0,5,15,15
dar_a08,H,qwen_nonthinking,False,dar_a08_r2,valid_fraction,1.0,0.0,5,15,15
dar_a08,H,qwen_nonthinking,False,dar_a08_r1,AE2,0.10012640163098882,0.015151027875010614,5,15,15
dar_a08,H,qwen_nonthinking,False,dar_a08_r2,AE2,0.10469894401275157,0.02099213787322335,5,15,15
dar_a08,H,qwen_nonthinking,False,dar_a08_r1,ProfileAE,0.11776299694189603,0.02530605157753657,5,15,15
dar_a08,H,qwen_nonthinking,False,dar_a08_r2,ProfileAE,0.12141253237696753,0.03292877061192379,5,15,15
dar_a08,H,qwen_nonthinking,False,dar_a08_r1,signed_rho2,0.09696636085626915,0.017461067804945055,5,15,15
dar_a08,H,qwen_nonthinking,False,dar_a08_r2,signed_rho2,0.10244749950189283,0.02224609828461811,5,15,15
dar_a08,H,qwen_nonthinking,False,dar_a08_r1,budget_matched,1.0,0.0,5,15,15
dar_a08,H,qwen_nonthinking,False,dar_a08_r2,budget_matched,1.0,0.0,5,15,15
dar_a08,H,qwen_nonthinking,False,dar_a08_r1,baseline_AE2_all,0.0261056999285993,0.007564840038157601,5,15,15
dar_a08,H,qwen_nonthinking,False,dar_a08_r2,baseline_AE2_all,0.03923152888588579,0.0077042075454649365,5,15,15
dar_a08,H,qwen_nonthinking,False,dar_a08_r1,baseline_AE2_matched,0.0261056999285993,0.007564840038157601,5,15,15
dar_a08,H,qwen_nonthinking,False,dar_a08_r2,baseline_AE2_matched,0.03923152888588579,0.0077042075454649365,5,15,15
dar_a08,H,qwen_nonthinking,False,dar_a08_r1,delta_AE2_vs_baseline,0.0740207017023895,0.018772740737351537,5,15,15
dar_a08,H,qwen_nonthinking,False,dar_a08_r2,delta_AE2_vs_baseline,0.06546741512686577,0.028302995030608673,5,15,15
dar_a08,H,qwen_nonthinking,False,dar_a08_r1,baseline_ProfileAE_all,0.08303594282558029,0.008129792278907748,5,15,15
dar_a08,H,qwen_nonthinking,False,dar_a08_r2,baseline_ProfileAE_all,0.07441370617739548,0.005706307606791308,5,15,15
dar_a08,H,qwen_nonthinking,False,dar_a08_r1,baseline_ProfileAE_matched,0.08303594282558029,0.008129792278907748,5,15,15
dar_a08,H,qwen_nonthinking,False,dar_a08_r2,baseline_ProfileAE_matched,0.07441370617739548,0.005706307606791308,5,15,15
dar_a08,H,qwen_nonthinking,False,dar_a08_r1,delta_ProfileAE_vs_baseline,0.03472705411631575,0.02680640777264368,5,15,15
dar_a08,H,qwen_nonthinking,False,dar_a08_r2,delta_ProfileAE_vs_baseline,0.046998826199572054,0.030048523323464093,5,15,15
dar_a08,H,qwen_nonthinking,False,dar_a08_r1,plugin_AE2_all,0.0261056999285993,0.009591809228721227,5,15,15
dar_a08,H,qwen_nonthinking,False,dar_a08_r2,plugin_AE2_all,0.03705761584240754,0.008731977282713693,5,15,15
dar_a08,H,qwen_nonthinking,False,dar_a08_r1,plugin_AE2_matched,0.0261056999285993,0.009591809228721227,5,15,15
dar_a08,H,qwen_nonthinking,False,dar_a08_r2,plugin_AE2_matched,0.03705761584240754,0.008731977282713693,5,15,15
dar_a08,H,qwen_nonthinking,False,dar_a08_r1,delta_AE2_vs_plugin,0.07402070170238953,0.021927579062598394,5,15,15
dar_a08,H,qwen_nonthinking,False,dar_a08_r2,delta_AE2_vs_plugin,0.06764132817034403,0.028128914606390887,5,15,15
dar_a08,H,qwen_nonthinking,False,dar_a08_r1,plugin_ProfileAE_all,0.22279365207668164,0.007472407422267436,5,15,15
dar_a08,H,qwen_nonthinking,False,dar_a08_r2,plugin_ProfileAE_all,0.21419631487304763,0.0035105864628024114,5,15,15
dar_a08,H,qwen_nonthinking,False,dar_a08_r1,plugin_ProfileAE_matched,0.22279365207668164,0.007472407422267436,5,15,15
dar_a08,H,qwen_nonthinking,False,dar_a08_r2,plugin_ProfileAE_matched,0.21419631487304763,0.0035105864628024114,5,15,15
dar_a08,H,qwen_nonthinking,False,dar_a08_r1,delta_ProfileAE_vs_plugin,-0.10503065513478554,0.026012657520331092,5,15,15
dar_a08,H,qwen_nonthinking,False,dar_a08_r2,delta_ProfileAE_vs_plugin,-0.09278378249608013,0.030430366465235958,5,15,15
dar_a08,H,qwen_nonthinking,False,dar_a08_r1,extratrees_AE2_all,0.01693486402343176,0.0018077496568821344,5,15,15
dar_a08,H,qwen_nonthinking,False,dar_a08_r2,extratrees_AE2_all,0.022421859114020504,0.005541286727336404,5,15,15
dar_a08,H,qwen_nonthinking,False,dar_a08_r1,extratrees_AE2_matched,0.01693486402343176,0.0018077496568821344,5,15,15
dar_a08,H,qwen_nonthinking,False,dar_a08_r2,extratrees_AE2_matched,0.022421859114020504,0.005541286727336404,5,15,15
dar_a08,H,qwen_nonthinking,False,dar_a08_r1,delta_AE2_vs_extratrees,0.08319153760755706,0.014111401177279354,5,15,15
dar_a08,H,qwen_nonthinking,False,dar_a08_r2,delta_AE2_vs_extratrees,0.08227708489873106,0.023736128256839815,5,15,15
dar_a08,H,qwen_nonthinking,False,dar_a08_r1,extratrees_ProfileAE_all,0.019324957810532336,0.008206377297583396,5,15,15
dar_a08,H,qwen_nonthinking,False,dar_a08_r2,extratrees_ProfileAE_all,0.017418451536478353,0.006517082111161941,5,15,15
dar_a08,H,qwen_nonthinking,False,dar_a08_r1,extratrees_ProfileAE_matched,0.019324957810532336,0.008206377297583396,5,15,15
dar_a08,H,qwen_nonthinking,False,dar_a08_r2,extratrees_ProfileAE_matched,0.017418451536478353,0.006517082111161941,5,15,15
dar_a08,H,qwen_nonthinking,False,dar_a08_r1,delta_ProfileAE_vs_extratrees,0.0984380391313637,0.02825018767638296,5,15,15
dar_a08,H,qwen_nonthinking,False,dar_a08_r2,delta_ProfileAE_vs_extratrees,0.10399408084048914,0.037312159848595955,5,15,15
dar_a08,H,qwen_nonthinking,False,dar_a08_r1,median_AE2_all,0.4192148497821687,7.401486830834377e-17,5,15,15
dar_a08,H,qwen_nonthinking,False,dar_a08_r2,median_AE2_all,0.41240037780321176,3.700743415417188e-17,5,15,15
dar_a08,H,qwen_nonthinking,False,dar_a08_r1,median_AE2_matched,0.4192148497821687,7.401486830834377e-17,5,15,15
dar_a08,H,qwen_nonthinking,False,dar_a08_r2,median_AE2_matched,0.41240037780321176,3.700743415417188e-17,5,15,15
dar_a08,H,qwen_nonthinking,False,dar_a08_r1,delta_AE2_vs_median,-0.31908844815118,0.015151027875010612,5,15,15
dar_a08,H,qwen_nonthinking,False,dar_a08_r2,delta_AE2_vs_median,-0.3077014337904603,0.02099213787322335,5,15,15
dar_a08,H,qwen_nonthinking,False,dar_a08_r1,median_ProfileAE_all,0.39292662712454557,3.700743415417188e-17,5,15,15
dar_a08,H,qwen_nonthinking,False,dar_a08_r2,median_ProfileAE_all,0.3874293516337959,0.0,5,15,15
dar_a08,H,qwen_nonthinking,False,dar_a08_r1,median_ProfileAE_matched,0.39292662712454557,3.700743415417188e-17,5,15,15
dar_a08,H,qwen_nonthinking,False,dar_a08_r2,median_ProfileAE_matched,0.3874293516337959,0.0,5,15,15
dar_a08,H,qwen_nonthinking,False,dar_a08_r1,delta_ProfileAE_vs_median,-0.2751636301826496,0.02530605157753657,5,15,15
dar_a08,H,qwen_nonthinking,False,dar_a08_r2,delta_ProfileAE_vs_median,-0.26601681925682835,0.0329287706119238,5,15,15
dar_a08,B,qwen_thinking,False,dar_a08_r1,valid_fraction,1.0,0.0,5,15,15
dar_a08,B,qwen_thinking,False,dar_a08_r2,valid_fraction,1.0,0.0,5,15,15
dar_a08,B,qwen_thinking,False,dar_a08_r1,AE2,0.3570201834862386,0.07793244082926991,5,15,15
dar_a08,B,qwen_thinking,False,dar_a08_r2,AE2,0.46949872245467233,0.06524386904513282,5,15,15
dar_a08,B,qwen_thinking,False,dar_a08_r1,ProfileAE,0.3839609070336391,0.030027712774525657,5,15,15
dar_a08,B,qwen_thinking,False,dar_a08_r2,ProfileAE,0.40760847290296875,0.03425613680097338,5,15,15
dar_a08,B,qwen_thinking,False,dar_a08_r1,signed_rho2,-0.31812697247706423,0.09840331656560722,5,15,15
dar_a08,B,qwen_thinking,False,dar_a08_r2,signed_rho2,-0.39690450049810716,0.10126406948940754,5,15,15
dar_a08,B,qwen_thinking,False,dar_a08_r1,budget_matched,1.0,0.0,5,15,15
dar_a08,B,qwen_thinking,False,dar_a08_r2,budget_matched,1.0,0.0,5,15,15
dar_a08,B,qwen_thinking,False,dar_a08_r1,baseline_AE2_all,0.1709844060457276,0.032214670891133654,5,15,15
dar_a08,B,qwen_thinking,False,dar_a08_r2,baseline_AE2_all,0.15505051638156123,0.030437636149657523,5,15,15
dar_a08,B,qwen_thinking,False,dar_a08_r1,baseline_AE2_matched,0.1709844060457276,0.032214670891133654,5,15,15
dar_a08,B,qwen_thinking,False,dar_a08_r2,baseline_AE2_matched,0.15505051638156123,0.030437636149657523,5,15,15
dar_a08,B,qwen_thinking,False,dar_a08_r1,delta_AE2_vs_baseline,0.1860357774405109,0.07235116219112882,5,15,15
dar_a08,B,qwen_thinking,False,dar_a08_r2,delta_AE2_vs_baseline,0.31444820607311097,0.07705260917878706,5,15,15
dar_a08,B,qwen_thinking,False,dar_a08_r1,baseline_ProfileAE_all,0.17929216052731314,0.03589695472492474,5,15,15
dar_a08,B,qwen_thinking,False,dar_a08_r2,baseline_ProfileAE_all,0.16697644716018858,0.026358684097125034,5,15,15
dar_a08,B,qwen_thinking,False,dar_a08_r1,baseline_ProfileAE_matched,0.17929216052731314,0.03589695472492474,5,15,15
dar_a08,B,qwen_thinking,False,dar_a08_r2,baseline_ProfileAE_matched,0.16697644716018858,0.026358684097125034,5,15,15
dar_a08,B,qwen_thinking,False,dar_a08_r1,delta_ProfileAE_vs_baseline,0.204668746506326,0.04549160672439167,5,15,15
dar_a08,B,qwen_thinking,False,dar_a08_r2,delta_ProfileAE_vs_baseline,0.24063202574278014,0.037206927728131216,5,15,15
dar_a08,B,qwen_thinking,False,dar_a08_r1,plugin_AE2_all,0.626918265529392,0.004208120111766027,5,15,15
dar_a08,B,qwen_thinking,False,dar_a08_r2,plugin_AE2_all,0.6411611267044566,0.007550629344572152,5,15,15
dar_a08,B,qwen_thinking,False,dar_a08_r1,plugin_AE2_matched,0.626918265529392,0.004208120111766027,5,15,15
dar_a08,B,qwen_thinking,False,dar_a08_r2,plugin_AE2_matched,0.6411611267044566,0.007550629344572152,5,15,15
dar_a08,B,qwen_thinking,False,dar_a08_r1,delta_AE2_vs_plugin,-0.26989808204315335,0.07553889533602312,5,15,15
dar_a08,B,qwen_thinking,False,dar_a08_r2,delta_AE2_vs_plugin,-0.1716624042497844,0.06766077758739218,5,15,15
dar_a08,B,qwen_thinking,False,dar_a08_r1,plugin_ProfileAE_all,0.49237589912935487,0.0010609899806122227,5,15,15
dar_a08,B,qwen_thinking,False,dar_a08_r2,plugin_ProfileAE_all,0.4922725035099862,0.002083638534947699,5,15,15
dar_a08,B,qwen_thinking,False,dar_a08_r1,plugin_ProfileAE_matched,0.49237589912935487,0.0010609899806122227,5,15,15
dar_a08,B,qwen_thinking,False,dar_a08_r2,plugin_ProfileAE_matched,0.4922725035099862,0.002083638534947699,5,15,15
dar_a08,B,qwen_thinking,False,dar_a08_r1,delta_ProfileAE_vs_plugin,-0.10841499209571571,0.02930501289637871,5,15,15
dar_a08,B,qwen_thinking,False,dar_a08_r2,delta_ProfileAE_vs_plugin,-0.08466403060701744,0.03404706319865731,5,15,15
dar_a08,B,qwen_thinking,False,dar_a08_r1,extratrees_AE2_all,0.01635054541294425,0.00625046206578517,5,15,15
dar_a08,B,qwen_thinking,False,dar_a08_r2,extratrees_AE2_all,0.02945883396738689,0.006826396485964962,5,15,15
dar_a08,B,qwen_thinking,False,dar_a08_r1,extratrees_AE2_matched,0.01635054541294425,0.00625046206578517,5,15,15
dar_a08,B,qwen_thinking,False,dar_a08_r2,extratrees_AE2_matched,0.02945883396738689,0.006826396485964962,5,15,15
dar_a08,B,qwen_thinking,False,dar_a08_r1,delta_AE2_vs_extratrees,0.34066963807329426,0.08156495778792532,5,15,15
dar_a08,B,qwen_thinking,False,dar_a08_r2,delta_AE2_vs_extratrees,0.4400398884872853,0.06668983169298272,5,15,15
dar_a08,B,qwen_thinking,False,dar_a08_r1,extratrees_ProfileAE_all,0.04692955595317884,0.013088417228923906,5,15,15
dar_a08,B,qwen_thinking,False,dar_a08_r2,extratrees_ProfileAE_all,0.08228791312911296,0.022610483313257764,5,15,15
dar_a08,B,qwen_thinking,False,dar_a08_r1,extratrees_ProfileAE_matched,0.04692955595317884,0.013088417228923906,5,15,15
dar_a08,B,qwen_thinking,False,dar_a08_r2,extratrees_ProfileAE_matched,0.08228791312911296,0.022610483313257764,5,15,15
dar_a08,B,qwen_thinking,False,dar_a08_r1,delta_ProfileAE_vs_extratrees,0.3370313510804603,0.033258439152498986,5,15,15
dar_a08,B,qwen_thinking,False,dar_a08_r2,delta_ProfileAE_vs_extratrees,0.3253205597738558,0.03551885733552025,5,15,15
dar_a08,B,qwen_thinking,False,dar_a08_r1,median_AE2_all,0.4192148497821687,7.401486830834377e-17,5,15,15
dar_a08,B,qwen_thinking,False,dar_a08_r2,median_AE2_all,0.41240037780321176,3.700743415417188e-17,5,15,15
dar_a08,B,qwen_thinking,False,dar_a08_r1,median_AE2_matched,0.4192148497821687,7.401486830834377e-17,5,15,15
dar_a08,B,qwen_thinking,False,dar_a08_r2,median_AE2_matched,0.41240037780321176,3.700743415417188e-17,5,15,15
dar_a08,B,qwen_thinking,False,dar_a08_r1,delta_AE2_vs_median,-0.06219466629593031,0.07793244082926991,5,15,15
dar_a08,B,qwen_thinking,False,dar_a08_r2,delta_AE2_vs_median,0.057098344651460416,0.06524386904513281,5,15,15
dar_a08,B,qwen_thinking,False,dar_a08_r1,median_ProfileAE_all,0.39292662712454557,3.700743415417188e-17,5,15,15
dar_a08,B,qwen_thinking,False,dar_a08_r2,median_ProfileAE_all,0.3874293516337959,0.0,5,15,15
dar_a08,B,qwen_thinking,False,dar_a08_r1,median_ProfileAE_matched,0.39292662712454557,3.700743415417188e-17,5,15,15
dar_a08,B,qwen_thinking,False,dar_a08_r2,median_ProfileAE_matched,0.3874293516337959,0.0,5,15,15
dar_a08,B,qwen_thinking,False,dar_a08_r1,delta_ProfileAE_vs_median,-0.00896572009090656,0.030027712774525653,5,15,15
dar_a08,B,qwen_thinking,False,dar_a08_r2,delta_ProfileAE_vs_median,0.02017912126917284,0.03425613680097337,5,15,15
dar_a08,B,qwen_nonthinking,False,dar_a08_r1,valid_fraction,1.0,0.0,5,15,15
dar_a08,B,qwen_nonthinking,False,dar_a08_r2,valid_fraction,1.0,0.0,5,15,15
dar_a08,B,qwen_nonthinking,False,dar_a08_r1,AE2,0.17760652395514778,0.015529757513036828,5,15,15
dar_a08,B,qwen_nonthinking,False,dar_a08_r2,AE2,0.16495038852361027,0.034893692339987424,5,15,15
dar_a08,B,qwen_nonthinking,False,dar_a08_r1,ProfileAE,0.20549082568807336,0.03814952721823572,5,15,15
dar_a08,B,qwen_nonthinking,False,dar_a08_r2,ProfileAE,0.14910191273161985,0.03453686628595006,5,15,15
dar_a08,B,qwen_nonthinking,False,dar_a08_r1,signed_rho2,0.0756330275229358,0.07681435051111507,5,15,15
dar_a08,B,qwen_nonthinking,False,dar_a08_r2,signed_rho2,0.0671141661685595,0.050192960993881736,5,15,15
dar_a08,B,qwen_nonthinking,False,dar_a08_r1,budget_matched,1.0,0.0,5,15,15
dar_a08,B,qwen_nonthinking,False,dar_a08_r2,budget_matched,1.0,0.0,5,15,15
dar_a08,B,qwen_nonthinking,False,dar_a08_r1,baseline_AE2_all,0.1709844060457276,0.032214670891133654,5,15,15
dar_a08,B,qwen_nonthinking,False,dar_a08_r2,baseline_AE2_all,0.15505051638156123,0.030437636149657523,5,15,15
dar_a08,B,qwen_nonthinking,False,dar_a08_r1,baseline_AE2_matched,0.1709844060457276,0.032214670891133654,5,15,15
dar_a08,B,qwen_nonthinking,False,dar_a08_r2,baseline_AE2_matched,0.15505051638156123,0.030437636149657523,5,15,15
dar_a08,B,qwen_nonthinking,False,dar_a08_r1,delta_AE2_vs_baseline,0.006622117909420185,0.025552980721977814,5,15,15
dar_a08,B,qwen_nonthinking,False,dar_a08_r2,delta_AE2_vs_baseline,0.009899872142049097,0.02833989228010919,5,15,15
dar_a08,B,qwen_nonthinking,False,dar_a08_r1,baseline_ProfileAE_all,0.17929216052731314,0.03589695472492474,5,15,15
dar_a08,B,qwen_nonthinking,False,dar_a08_r2,baseline_ProfileAE_all,0.16697644716018858,0.026358684097125034,5,15,15
dar_a08,B,qwen_nonthinking,False,dar_a08_r1,baseline_ProfileAE_matched,0.17929216052731314,0.03589695472492474,5,15,15
dar_a08,B,qwen_nonthinking,False,dar_a08_r2,baseline_ProfileAE_matched,0.16697644716018858,0.026358684097125034,5,15,15
dar_a08,B,qwen_nonthinking,False,dar_a08_r1,delta_ProfileAE_vs_baseline,0.026198665160760273,0.051641999523740094,5,15,15
dar_a08,B,qwen_nonthinking,False,dar_a08_r2,delta_ProfileAE_vs_baseline,-0.01787453442856872,0.03704773810154366,5,15,15
dar_a08,B,qwen_nonthinking,False,dar_a08_r1,plugin_AE2_all,0.626918265529392,0.004208120111766027,5,15,15
dar_a08,B,qwen_nonthinking,False,dar_a08_r2,plugin_AE2_all,0.6411611267044566,0.007550629344572152,5,15,15
dar_a08,B,qwen_nonthinking,False,dar_a08_r1,plugin_AE2_matched,0.626918265529392,0.004208120111766027,5,15,15
dar_a08,B,qwen_nonthinking,False,dar_a08_r2,plugin_AE2_matched,0.6411611267044566,0.007550629344572152,5,15,15
dar_a08,B,qwen_nonthinking,False,dar_a08_r1,delta_AE2_vs_plugin,-0.4493117415742441,0.018462894525834547,5,15,15
dar_a08,B,qwen_nonthinking,False,dar_a08_r2,delta_AE2_vs_plugin,-0.47621073818084636,0.0401771736898752,5,15,15
dar_a08,B,qwen_nonthinking,False,dar_a08_r1,plugin_ProfileAE_all,0.49237589912935487,0.0010609899806122227,5,15,15
dar_a08,B,qwen_nonthinking,False,dar_a08_r2,plugin_ProfileAE_all,0.4922725035099862,0.002083638534947699,5,15,15
dar_a08,B,qwen_nonthinking,False,dar_a08_r1,plugin_ProfileAE_matched,0.49237589912935487,0.0010609899806122227,5,15,15
dar_a08,B,qwen_nonthinking,False,dar_a08_r2,plugin_ProfileAE_matched,0.4922725035099862,0.002083638534947699,5,15,15
dar_a08,B,qwen_nonthinking,False,dar_a08_r1,delta_ProfileAE_vs_plugin,-0.28688507344128145,0.03858566415926773,5,15,15
dar_a08,B,qwen_nonthinking,False,dar_a08_r2,delta_ProfileAE_vs_plugin,-0.3431705907783663,0.03555206762636628,5,15,15
dar_a08,B,qwen_nonthinking,False,dar_a08_r1,extratrees_AE2_all,0.01635054541294425,0.00625046206578517,5,15,15
dar_a08,B,qwen_nonthinking,False,dar_a08_r2,extratrees_AE2_all,0.02945883396738689,0.006826396485964962,5,15,15
dar_a08,B,qwen_nonthinking,False,dar_a08_r1,extratrees_AE2_matched,0.01635054541294425,0.00625046206578517,5,15,15
dar_a08,B,qwen_nonthinking,False,dar_a08_r2,extratrees_AE2_matched,0.02945883396738689,0.006826396485964962,5,15,15
dar_a08,B,qwen_nonthinking,False,dar_a08_r1,delta_AE2_vs_extratrees,0.16125597854220358,0.012868970324005144,5,15,15
dar_a08,B,qwen_nonthinking,False,dar_a08_r2,delta_AE2_vs_extratrees,0.13549155455622344,0.03994339976374416,5,15,15
dar_a08,B,qwen_nonthinking,False,dar_a08_r1,extratrees_ProfileAE_all,0.04692955595317884,0.013088417228923906,5,15,15
dar_a08,B,qwen_nonthinking,False,dar_a08_r2,extratrees_ProfileAE_all,0.08228791312911296,0.022610483313257764,5,15,15
dar_a08,B,qwen_nonthinking,False,dar_a08_r1,extratrees_ProfileAE_matched,0.04692955595317884,0.013088417228923906,5,15,15
dar_a08,B,qwen_nonthinking,False,dar_a08_r2,extratrees_ProfileAE_matched,0.08228791312911296,0.022610483313257764,5,15,15
dar_a08,B,qwen_nonthinking,False,dar_a08_r1,delta_ProfileAE_vs_extratrees,0.15856126973489457,0.044207711253155965,5,15,15
dar_a08,B,qwen_nonthinking,False,dar_a08_r2,delta_ProfileAE_vs_extratrees,0.0668139996025069,0.05129868974844832,5,15,15
dar_a08,B,qwen_nonthinking,False,dar_a08_r1,median_AE2_all,0.4192148497821687,7.401486830834377e-17,5,15,15
dar_a08,B,qwen_nonthinking,False,dar_a08_r2,median_AE2_all,0.41240037780321176,3.700743415417188e-17,5,15,15
dar_a08,B,qwen_nonthinking,False,dar_a08_r1,median_AE2_matched,0.4192148497821687,7.401486830834377e-17,5,15,15
dar_a08,B,qwen_nonthinking,False,dar_a08_r2,median_AE2_matched,0.41240037780321176,3.700743415417188e-17,5,15,15
dar_a08,B,qwen_nonthinking,False,dar_a08_r1,delta_AE2_vs_median,-0.241608325827021,0.015529757513036828,5,15,15
dar_a08,B,qwen_nonthinking,False,dar_a08_r2,delta_AE2_vs_median,-0.24744998927960152,0.03489369233998742,5,15,15
dar_a08,B,qwen_nonthinking,False,dar_a08_r1,median_ProfileAE_all,0.39292662712454557,3.700743415417188e-17,5,15,15
dar_a08,B,qwen_nonthinking,False,dar_a08_r2,median_ProfileAE_all,0.3874293516337959,0.0,5,15,15
dar_a08,B,qwen_nonthinking,False,dar_a08_r1,median_ProfileAE_matched,0.39292662712454557,3.700743415417188e-17,5,15,15
dar_a08,B,qwen_nonthinking,False,dar_a08_r2,median_ProfileAE_matched,0.3874293516337959,0.0,5,15,15
dar_a08,B,qwen_nonthinking,False,dar_a08_r1,delta_ProfileAE_vs_median,-0.18743580143647226,0.03814952721823572,5,15,15
dar_a08,B,qwen_nonthinking,False,dar_a08_r2,delta_ProfileAE_vs_median,-0.23832743890217606,0.03453686628595006,5,15,15
ad_memoryless,R,qwen_thinking,False,ad_memoryless_r1,valid_fraction,1.0,0.0,5,15,15
ad_memoryless,R,qwen_thinking,False,ad_memoryless_r2,valid_fraction,1.0,0.0,5,15,15
ad_memoryless,R,qwen_thinking,False,ad_memoryless_r1,AE2,0.005165160924518259,0.002690145269238702,5,15,15
ad_memoryless,R,qwen_thinking,False,ad_memoryless_r2,AE2,0.013052599116337072,0.0021156946327636314,5,15,15
ad_memoryless,R,qwen_thinking,False,ad_memoryless_r1,ProfileAE,0.0022273924582921077,0.0008813697902276527,5,15,15
ad_memoryless,R,qwen_thinking,False,ad_memoryless_r2,ProfileAE,0.0034085873454480662,0.0005437744934803815,5,15,15
ad_memoryless,R,qwen_thinking,False,ad_memoryless_r1,signed_rho2,0.0037275752022418165,0.0032299998748541647,5,15,15
ad_memoryless,R,qwen_thinking,False,ad_memoryless_r2,signed_rho2,0.004905229638339567,0.0064072950806751865,5,15,15
ad_memoryless,R,qwen_thinking,False,ad_memoryless_r1,budget_matched,1.0,0.0,5,15,15
ad_memoryless,R,qwen_thinking,False,ad_memoryless_r2,budget_matched,1.0,0.0,5,15,15
ad_memoryless,R,qwen_thinking,False,ad_memoryless_r1,baseline_AE2_all,0.0051664598241232835,0.0026907795985219468,5,15,15
ad_memoryless,R,qwen_thinking,False,ad_memoryless_r2,baseline_AE2_all,0.013189325817173405,0.002139651546970688,5,15,15
ad_memoryless,R,qwen_thinking,False,ad_memoryless_r1,baseline_AE2_matched,0.0051664598241232835,0.0026907795985219468,5,15,15
ad_memoryless,R,qwen_thinking,False,ad_memoryless_r2,baseline_AE2_matched,0.013189325817173405,0.002139651546970688,5,15,15
ad_memoryless,R,qwen_thinking,False,ad_memoryless_r1,delta_AE2_vs_baseline,-1.29889960502431e-06,2.0362213724966363e-06,5,15,15
ad_memoryless,R,qwen_thinking,False,ad_memoryless_r2,delta_AE2_vs_baseline,-0.00013672670083633292,0.00014297488806891293,5,15,15
ad_memoryless,R,qwen_thinking,False,ad_memoryless_r1,baseline_ProfileAE_all,0.0018799734422600147,0.0007750733744073594,5,15,15
ad_memoryless,R,qwen_thinking,False,ad_memoryless_r2,baseline_ProfileAE_all,0.0034247812180889154,0.000532581497470433,5,15,15
ad_memoryless,R,qwen_thinking,False,ad_memoryless_r1,baseline_ProfileAE_matched,0.0018799734422600147,0.0007750733744073594,5,15,15
ad_memoryless,R,qwen_thinking,False,ad_memoryless_r2,baseline_ProfileAE_matched,0.0034247812180889154,0.000532581497470433,5,15,15
ad_memoryless,R,qwen_thinking,False,ad_memoryless_r1,delta_ProfileAE_vs_baseline,0.0003474190160320932,0.00023353588509935285,5,15,15
ad_memoryless,R,qwen_thinking,False,ad_memoryless_r2,delta_ProfileAE_vs_baseline,-1.6193872640848175e-05,4.4932856417434795e-05,5,15,15
ad_memoryless,R,qwen_thinking,False,ad_memoryless_r1,plugin_AE2_all,0.0051664598241232835,0.0026907795985219468,5,15,15
ad_memoryless,R,qwen_thinking,False,ad_memoryless_r2,plugin_AE2_all,0.013189325817173405,0.002139651546970688,5,15,15
ad_memoryless,R,qwen_thinking,False,ad_memoryless_r1,plugin_AE2_matched,0.0051664598241232835,0.0026907795985219468,5,15,15
ad_memoryless,R,qwen_thinking,False,ad_memoryless_r2,plugin_AE2_matched,0.013189325817173405,0.002139651546970688,5,15,15
ad_memoryless,R,qwen_thinking,False,ad_memoryless_r1,delta_AE2_vs_plugin,-1.29889960502431e-06,2.0362213724966363e-06,5,15,15
ad_memoryless,R,qwen_thinking,False,ad_memoryless_r2,delta_AE2_vs_plugin,-0.00013672670083633292,0.00014297488806891293,5,15,15
ad_memoryless,R,qwen_thinking,False,ad_memoryless_r1,plugin_ProfileAE_all,0.0018799734422600147,0.0007750733744073594,5,15,15
ad_memoryless,R,qwen_thinking,False,ad_memoryless_r2,plugin_ProfileAE_all,0.0034247812180889154,0.000532581497470433,5,15,15
ad_memoryless,R,qwen_thinking,False,ad_memoryless_r1,plugin_ProfileAE_matched,0.0018799734422600147,0.0007750733744073594,5,15,15
ad_memoryless,R,qwen_thinking,False,ad_memoryless_r2,plugin_ProfileAE_matched,0.0034247812180889154,0.000532581497470433,5,15,15
ad_memoryless,R,qwen_thinking,False,ad_memoryless_r1,delta_ProfileAE_vs_plugin,0.0003474190160320932,0.00023353588509935285,5,15,15
ad_memoryless,R,qwen_thinking,False,ad_memoryless_r2,delta_ProfileAE_vs_plugin,-1.6193872640848175e-05,4.4932856417434795e-05,5,15,15
ad_memoryless,R,qwen_thinking,False,ad_memoryless_r1,extratrees_AE2_all,0.005477621717480765,0.003263460951883009,5,15,15
ad_memoryless,R,qwen_thinking,False,ad_memoryless_r2,extratrees_AE2_all,0.00974160557260872,0.0023835884168802897,5,15,15
ad_memoryless,R,qwen_thinking,False,ad_memoryless_r1,extratrees_AE2_matched,0.005477621717480765,0.003263460951883009,5,15,15
ad_memoryless,R,qwen_thinking,False,ad_memoryless_r2,extratrees_AE2_matched,0.00974160557260872,0.0023835884168802897,5,15,15
ad_memoryless,R,qwen_thinking,False,ad_memoryless_r1,delta_AE2_vs_extratrees,-0.0003124607929625082,0.0008133658673855506,5,15,15
ad_memoryless,R,qwen_thinking,False,ad_memoryless_r2,delta_AE2_vs_extratrees,0.003310993543728352,0.00099294373734924,5,15,15
ad_memoryless,R,qwen_thinking,False,ad_memoryless_r1,extratrees_ProfileAE_all,0.0015792982796404805,0.00092068727395791,5,15,15
ad_memoryless,R,qwen_thinking,False,ad_memoryless_r2,extratrees_ProfileAE_all,0.0026896650275226165,0.0005918579176776754,5,15,15
ad_memoryless,R,qwen_thinking,False,ad_memoryless_r1,extratrees_ProfileAE_matched,0.0015792982796404805,0.00092068727395791,5,15,15
ad_memoryless,R,qwen_thinking,False,ad_memoryless_r2,extratrees_ProfileAE_matched,0.0026896650275226165,0.0005918579176776754,5,15,15
ad_memoryless,R,qwen_thinking,False,ad_memoryless_r1,delta_ProfileAE_vs_extratrees,0.0006480941786516277,0.00022808413435753056,5,15,15
ad_memoryless,R,qwen_thinking,False,ad_memoryless_r2,delta_ProfileAE_vs_extratrees,0.0007189223179254506,0.00027230608502794166,5,15,15
ad_memoryless,R,qwen_thinking,False,ad_memoryless_r1,median_AE2_all,0.30526938293093864,1.850371707708594e-17,5,15,15
ad_memoryless,R,qwen_thinking,False,ad_memoryless_r2,median_AE2_all,0.3111930989999016,1.850371707708594e-17,5,15,15
ad_memoryless,R,qwen_thinking,False,ad_memoryless_r1,median_AE2_matched,0.30526938293093864,1.850371707708594e-17,5,15,15
ad_memoryless,R,qwen_thinking,False,ad_memoryless_r2,median_AE2_matched,0.3111930989999016,1.850371707708594e-17,5,15,15
ad_memoryless,R,qwen_thinking,False,ad_memoryless_r1,delta_AE2_vs_median,-0.3001042220064204,0.002690145269238702,5,15,15
ad_memoryless,R,qwen_thinking,False,ad_memoryless_r2,delta_AE2_vs_median,-0.29814049988356456,0.0021156946327636327,5,15,15
ad_memoryless,R,qwen_thinking,False,ad_memoryless_r1,median_ProfileAE_all,0.12556696374870785,9.25185853854297e-18,5,15,15
ad_memoryless,R,qwen_thinking,False,ad_memoryless_r2,median_ProfileAE_all,0.12732117573153706,2.7755575615628914e-17,5,15,15
ad_memoryless,R,qwen_thinking,False,ad_memoryless_r1,median_ProfileAE_matched,0.12556696374870785,9.25185853854297e-18,5,15,15
ad_memoryless,R,qwen_thinking,False,ad_memoryless_r2,median_ProfileAE_matched,0.12732117573153706,2.7755575615628914e-17,5,15,15
ad_memoryless,R,qwen_thinking,False,ad_memoryless_r1,delta_ProfileAE_vs_median,-0.12333957129041577,0.0008813697902276523,5,15,15
ad_memoryless,R,qwen_thinking,False,ad_memoryless_r2,delta_ProfileAE_vs_median,-0.12391258838608896,0.0005437744934803795,5,15,15
ad_memoryless,R,qwen_nonthinking,False,ad_memoryless_r1,valid_fraction,1.0,0.0,5,15,15
ad_memoryless,R,qwen_nonthinking,False,ad_memoryless_r2,valid_fraction,1.0,0.0,5,15,15
ad_memoryless,R,qwen_nonthinking,False,ad_memoryless_r1,AE2,0.46878392690271004,0.07871608617190148,5,15,15
ad_memoryless,R,qwen_nonthinking,False,ad_memoryless_r2,AE2,0.3624799572421164,0.06548023155830664,5,15,15
ad_memoryless,R,qwen_nonthinking,False,ad_memoryless_r1,ProfileAE,0.2531617865919081,0.06874702013744144,5,15,15
ad_memoryless,R,qwen_nonthinking,False,ad_memoryless_r2,ProfileAE,0.1567494209869945,0.03406645746576969,5,15,15
ad_memoryless,R,qwen_nonthinking,False,ad_memoryless_r1,signed_rho2,0.46878392690271004,0.07871608617190148,5,15,15
ad_memoryless,R,qwen_nonthinking,False,ad_memoryless_r2,signed_rho2,0.3567076429716728,0.07019813229550896,5,15,15
ad_memoryless,R,qwen_nonthinking,False,ad_memoryless_r1,budget_matched,1.0,0.0,5,15,15
ad_memoryless,R,qwen_nonthinking,False,ad_memoryless_r2,budget_matched,1.0,0.0,5,15,15
ad_memoryless,R,qwen_nonthinking,False,ad_memoryless_r1,baseline_AE2_all,0.0051664598241232835,0.0026907795985219468,5,15,15
ad_memoryless,R,qwen_nonthinking,False,ad_memoryless_r2,baseline_AE2_all,0.013189325817173405,0.002139651546970688,5,15,15
ad_memoryless,R,qwen_nonthinking,False,ad_memoryless_r1,baseline_AE2_matched,0.0051664598241232835,0.0026907795985219468,5,15,15
ad_memoryless,R,qwen_nonthinking,False,ad_memoryless_r2,baseline_AE2_matched,0.013189325817173405,0.002139651546970688,5,15,15
ad_memoryless,R,qwen_nonthinking,False,ad_memoryless_r1,delta_AE2_vs_baseline,0.4636174670785866,0.07622275160738537,5,15,15
ad_memoryless,R,qwen_nonthinking,False,ad_memoryless_r2,delta_AE2_vs_baseline,0.3492906314249431,0.06693216606861366,5,15,15
ad_memoryless,R,qwen_nonthinking,False,ad_memoryless_r1,baseline_ProfileAE_all,0.0018799734422600147,0.0007750733744073594,5,15,15
ad_memoryless,R,qwen_nonthinking,False,ad_memoryless_r2,baseline_ProfileAE_all,0.0034247812180889154,0.000532581497470433,5,15,15
ad_memoryless,R,qwen_nonthinking,False,ad_memoryless_r1,baseline_ProfileAE_matched,0.0018799734422600147,0.0007750733744073594,5,15,15
ad_memoryless,R,qwen_nonthinking,False,ad_memoryless_r2,baseline_ProfileAE_matched,0.0034247812180889154,0.000532581497470433,5,15,15
ad_memoryless,R,qwen_nonthinking,False,ad_memoryless_r1,delta_ProfileAE_vs_baseline,0.25128181314964804,0.06803157793820908,5,15,15
ad_memoryless,R,qwen_nonthinking,False,ad_memoryless_r2,delta_ProfileAE_vs_baseline,0.15332463976890556,0.03440481522393228,5,15,15
ad_memoryless,R,qwen_nonthinking,False,ad_memoryless_r1,plugin_AE2_all,0.0051664598241232835,0.0026907795985219468,5,15,15
ad_memoryless,R,qwen_nonthinking,False,ad_memoryless_r2,plugin_AE2_all,0.013189325817173405,0.002139651546970688,5,15,15
ad_memoryless,R,qwen_nonthinking,False,ad_memoryless_r1,plugin_AE2_matched,0.0051664598241232835,0.0026907795985219468,5,15,15
ad_memoryless,R,qwen_nonthinking,False,ad_memoryless_r2,plugin_AE2_matched,0.013189325817173405,0.002139651546970688,5,15,15
ad_memoryless,R,qwen_nonthinking,False,ad_memoryless_r1,delta_AE2_vs_plugin,0.4636174670785866,0.07622275160738537,5,15,15
ad_memoryless,R,qwen_nonthinking,False,ad_memoryless_r2,delta_AE2_vs_plugin,0.3492906314249431,0.06693216606861366,5,15,15
ad_memoryless,R,qwen_nonthinking,False,ad_memoryless_r1,plugin_ProfileAE_all,0.0018799734422600147,0.0007750733744073594,5,15,15
ad_memoryless,R,qwen_nonthinking,False,ad_memoryless_r2,plugin_ProfileAE_all,0.0034247812180889154,0.000532581497470433,5,15,15
ad_memoryless,R,qwen_nonthinking,False,ad_memoryless_r1,plugin_ProfileAE_matched,0.0018799734422600147,0.0007750733744073594,5,15,15
ad_memoryless,R,qwen_nonthinking,False,ad_memoryless_r2,plugin_ProfileAE_matched,0.0034247812180889154,0.000532581497470433,5,15,15
ad_memoryless,R,qwen_nonthinking,False,ad_memoryless_r1,delta_ProfileAE_vs_plugin,0.25128181314964804,0.06803157793820908,5,15,15
ad_memoryless,R,qwen_nonthinking,False,ad_memoryless_r2,delta_ProfileAE_vs_plugin,0.15332463976890556,0.03440481522393228,5,15,15
ad_memoryless,R,qwen_nonthinking,False,ad_memoryless_r1,extratrees_AE2_all,0.005477621717480765,0.003263460951883009,5,15,15
ad_memoryless,R,qwen_nonthinking,False,ad_memoryless_r2,extratrees_AE2_all,0.00974160557260872,0.0023835884168802897,5,15,15
ad_memoryless,R,qwen_nonthinking,False,ad_memoryless_r1,extratrees_AE2_matched,0.005477621717480765,0.003263460951883009,5,15,15
ad_memoryless,R,qwen_nonthinking,False,ad_memoryless_r2,extratrees_AE2_matched,0.00974160557260872,0.0023835884168802897,5,15,15
ad_memoryless,R,qwen_nonthinking,False,ad_memoryless_r1,delta_AE2_vs_extratrees,0.46330630518522914,0.07567832356603242,5,15,15
ad_memoryless,R,qwen_nonthinking,False,ad_memoryless_r2,delta_AE2_vs_extratrees,0.3527383516695077,0.06728905566903204,5,15,15
ad_memoryless,R,qwen_nonthinking,False,ad_memoryless_r1,extratrees_ProfileAE_all,0.0015792982796404805,0.00092068727395791,5,15,15
ad_memoryless,R,qwen_nonthinking,False,ad_memoryless_r2,extratrees_ProfileAE_all,0.0026896650275226165,0.0005918579176776754,5,15,15
ad_memoryless,R,qwen_nonthinking,False,ad_memoryless_r1,extratrees_ProfileAE_matched,0.0015792982796404805,0.00092068727395791,5,15,15
ad_memoryless,R,qwen_nonthinking,False,ad_memoryless_r2,extratrees_ProfileAE_matched,0.0026896650275226165,0.0005918579176776754,5,15,15
ad_memoryless,R,qwen_nonthinking,False,ad_memoryless_r1,delta_ProfileAE_vs_extratrees,0.25158248831226765,0.06790981343045759,5,15,15
ad_memoryless,R,qwen_nonthinking,False,ad_memoryless_r2,delta_ProfileAE_vs_extratrees,0.15405975595947183,0.03440261177163058,5,15,15
ad_memoryless,R,qwen_nonthinking,False,ad_memoryless_r1,median_AE2_all,0.30526938293093864,1.850371707708594e-17,5,15,15
ad_memoryless,R,qwen_nonthinking,False,ad_memoryless_r2,median_AE2_all,0.3111930989999016,1.850371707708594e-17,5,15,15
ad_memoryless,R,qwen_nonthinking,False,ad_memoryless_r1,median_AE2_matched,0.30526938293093864,1.850371707708594e-17,5,15,15
ad_memoryless,R,qwen_nonthinking,False,ad_memoryless_r2,median_AE2_matched,0.3111930989999016,1.850371707708594e-17,5,15,15
ad_memoryless,R,qwen_nonthinking,False,ad_memoryless_r1,delta_AE2_vs_median,0.16351454397177131,0.07871608617190148,5,15,15
ad_memoryless,R,qwen_nonthinking,False,ad_memoryless_r2,delta_AE2_vs_median,0.05128685824221495,0.06548023155830662,5,15,15
ad_memoryless,R,qwen_nonthinking,False,ad_memoryless_r1,median_ProfileAE_all,0.12556696374870785,9.25185853854297e-18,5,15,15
ad_memoryless,R,qwen_nonthinking,False,ad_memoryless_r2,median_ProfileAE_all,0.12732117573153706,2.7755575615628914e-17,5,15,15
ad_memoryless,R,qwen_nonthinking,False,ad_memoryless_r1,median_ProfileAE_matched,0.12556696374870785,9.25185853854297e-18,5,15,15
ad_memoryless,R,qwen_nonthinking,False,ad_memoryless_r2,median_ProfileAE_matched,0.12732117573153706,2.7755575615628914e-17,5,15,15
ad_memoryless,R,qwen_nonthinking,False,ad_memoryless_r1,delta_ProfileAE_vs_median,0.12759482284320017,0.06874702013744143,5,15,15
ad_memoryless,R,qwen_nonthinking,False,ad_memoryless_r2,delta_ProfileAE_vs_median,0.02942824525545747,0.03406645746576969,5,15,15
ad_memoryless,S,qwen_thinking,False,ad_memoryless_r1,valid_fraction,1.0,0.0,5,15,15
ad_memoryless,S,qwen_thinking,False,ad_memoryless_r2,valid_fraction,1.0,0.0,5,15,15
ad_memoryless,S,qwen_thinking,False,ad_memoryless_r1,AE2,0.021529423963941575,0.004885933668089925,5,15,15
ad_memoryless,S,qwen_thinking,False,ad_memoryless_r2,AE2,0.018399370332770934,0.004758349847150527,5,15,15
ad_memoryless,S,qwen_thinking,False,ad_memoryless_r1,ProfileAE,0.006038981088427376,0.0013062825930872776,5,15,15
ad_memoryless,S,qwen_thinking,False,ad_memoryless_r2,ProfileAE,0.0050539759946298755,0.0012849568302028681,5,15,15
ad_memoryless,S,qwen_thinking,False,ad_memoryless_r1,signed_rho2,0.015211804471330909,0.006500345780680346,5,15,15
ad_memoryless,S,qwen_thinking,False,ad_memoryless_r2,signed_rho2,0.017326118415063183,0.005194239921605961,5,15,15
ad_memoryless,S,qwen_thinking,False,ad_memoryless_r1,budget_matched,1.0,0.0,5,15,15
ad_memoryless,S,qwen_thinking,False,ad_memoryless_r2,budget_matched,1.0,0.0,5,15,15
ad_memoryless,S,qwen_thinking,False,ad_memoryless_r1,baseline_AE2_all,0.00439665629887853,0.002150224407057372,5,15,15
ad_memoryless,S,qwen_thinking,False,ad_memoryless_r2,baseline_AE2_all,0.004204685553087341,0.0021192767165310296,5,15,15
ad_memoryless,S,qwen_thinking,False,ad_memoryless_r1,baseline_AE2_matched,0.00439665629887853,0.002150224407057372,5,15,15
ad_memoryless,S,qwen_thinking,False,ad_memoryless_r2,baseline_AE2_matched,0.004204685553087341,0.0021192767165310296,5,15,15
ad_memoryless,S,qwen_thinking,False,ad_memoryless_r1,delta_AE2_vs_baseline,0.017132767665063043,0.005072338761854486,5,15,15
ad_memoryless,S,qwen_thinking,False,ad_memoryless_r2,delta_AE2_vs_baseline,0.014194684779683593,0.004449857402089316,5,15,15
ad_memoryless,S,qwen_thinking,False,ad_memoryless_r1,baseline_ProfileAE_all,0.0013375684579337063,0.0005540118364509764,5,15,15
ad_memoryless,S,qwen_thinking,False,ad_memoryless_r2,baseline_ProfileAE_all,0.0012039112488839757,0.0005573546904882793,5,15,15
ad_memoryless,S,qwen_thinking,False,ad_memoryless_r1,baseline_ProfileAE_matched,0.0013375684579337063,0.0005540118364509764,5,15,15
ad_memoryless,S,qwen_thinking,False,ad_memoryless_r2,baseline_ProfileAE_matched,0.0012039112488839757,0.0005573546904882793,5,15,15
ad_memoryless,S,qwen_thinking,False,ad_memoryless_r1,delta_ProfileAE_vs_baseline,0.0047014126304936715,0.0014269064366377988,5,15,15
ad_memoryless,S,qwen_thinking,False,ad_memoryless_r2,delta_ProfileAE_vs_baseline,0.0038500647457458998,0.0012245795869339547,5,15,15
ad_memoryless,S,qwen_thinking,False,ad_memoryless_r1,plugin_AE2_all,0.050744985606724205,0.0051344039232794954,5,15,15
ad_memoryless,S,qwen_thinking,False,ad_memoryless_r2,plugin_AE2_all,0.04014300067649203,0.0031081183316470397,5,15,15
ad_memoryless,S,qwen_thinking,False,ad_memoryless_r1,plugin_AE2_matched,0.050744985606724205,0.0051344039232794954,5,15,15
ad_memoryless,S,qwen_thinking,False,ad_memoryless_r2,plugin_AE2_matched,0.04014300067649203,0.0031081183316470397,5,15,15
ad_memoryless,S,qwen_thinking,False,ad_memoryless_r1,delta_AE2_vs_plugin,-0.02921556164278262,0.006284223094012668,5,15,15
ad_memoryless,S,qwen_thinking,False,ad_memoryless_r2,delta_AE2_vs_plugin,-0.021743630343721104,0.004433444416233631,5,15,15
ad_memoryless,S,qwen_thinking,False,ad_memoryless_r1,plugin_ProfileAE_all,0.014024204053846459,0.0013631919883801379,5,15,15
ad_memoryless,S,qwen_thinking,False,ad_memoryless_r2,plugin_ProfileAE_all,0.010612345058097336,0.0006379213065330017,5,15,15
ad_memoryless,S,qwen_thinking,False,ad_memoryless_r1,plugin_ProfileAE_matched,0.014024204053846459,0.0013631919883801379,5,15,15
ad_memoryless,S,qwen_thinking,False,ad_memoryless_r2,plugin_ProfileAE_matched,0.010612345058097336,0.0006379213065330017,5,15,15
ad_memoryless,S,qwen_thinking,False,ad_memoryless_r1,delta_ProfileAE_vs_plugin,-0.007985222965419082,0.001739310083404186,5,15,15
ad_memoryless,S,qwen_thinking,False,ad_memoryless_r2,delta_ProfileAE_vs_plugin,-0.005558369063467462,0.0012340326869646136,5,15,15
ad_memoryless,S,qwen_thinking,False,ad_memoryless_r1,extratrees_AE2_all,0.008867608458582086,0.003383022453936624,5,15,15
ad_memoryless,S,qwen_thinking,False,ad_memoryless_r2,extratrees_AE2_all,0.003213781478493259,0.001047243262302204,5,15,15
ad_memoryless,S,qwen_thinking,False,ad_memoryless_r1,extratrees_AE2_matched,0.008867608458582086,0.003383022453936624,5,15,15
ad_memoryless,S,qwen_thinking,False,ad_memoryless_r2,extratrees_AE2_matched,0.003213781478493259,0.001047243262302204,5,15,15
ad_memoryless,S,qwen_thinking,False,ad_memoryless_r1,delta_AE2_vs_extratrees,0.01266181550535949,0.006308307217052282,5,15,15
ad_memoryless,S,qwen_thinking,False,ad_memoryless_r2,delta_AE2_vs_extratrees,0.015185588854277673,0.00504636920929085,5,15,15
ad_memoryless,S,qwen_thinking,False,ad_memoryless_r1,extratrees_ProfileAE_all,0.0026721286938089462,0.000988806111321986,5,15,15
ad_memoryless,S,qwen_thinking,False,ad_memoryless_r2,extratrees_ProfileAE_all,0.0009082457039767933,0.0002885287029817183,5,15,15
ad_memoryless,S,qwen_thinking,False,ad_memoryless_r1,extratrees_ProfileAE_matched,0.0026721286938089462,0.000988806111321986,5,15,15
ad_memoryless,S,qwen_thinking,False,ad_memoryless_r2,extratrees_ProfileAE_matched,0.0009082457039767933,0.0002885287029817183,5,15,15
ad_memoryless,S,qwen_thinking,False,ad_memoryless_r1,delta_ProfileAE_vs_extratrees,0.0033668523946184296,0.0018133017240788774,5,15,15
ad_memoryless,S,qwen_thinking,False,ad_memoryless_r2,delta_ProfileAE_vs_extratrees,0.004145730290653083,0.0013730339174198582,5,15,15
ad_memoryless,S,qwen_thinking,False,ad_memoryless_r1,median_AE2_all,0.30526938293093864,1.850371707708594e-17,5,15,15
ad_memoryless,S,qwen_thinking,False,ad_memoryless_r2,median_AE2_all,0.3111930989999016,1.850371707708594e-17,5,15,15
ad_memoryless,S,qwen_thinking,False,ad_memoryless_r1,median_AE2_matched,0.30526938293093864,1.850371707708594e-17,5,15,15
ad_memoryless,S,qwen_thinking,False,ad_memoryless_r2,median_AE2_matched,0.3111930989999016,1.850371707708594e-17,5,15,15
ad_memoryless,S,qwen_thinking,False,ad_memoryless_r1,delta_AE2_vs_median,-0.2837399589669971,0.0048859336680899205,5,15,15
ad_memoryless,S,qwen_thinking,False,ad_memoryless_r2,delta_AE2_vs_median,-0.29279372866713066,0.004758349847150527,5,15,15
ad_memoryless,S,qwen_thinking,False,ad_memoryless_r1,median_ProfileAE_all,0.12556696374870785,9.25185853854297e-18,5,15,15
ad_memoryless,S,qwen_thinking,False,ad_memoryless_r2,median_ProfileAE_all,0.12732117573153706,2.7755575615628914e-17,5,15,15
ad_memoryless,S,qwen_thinking,False,ad_memoryless_r1,median_ProfileAE_matched,0.12556696374870785,9.25185853854297e-18,5,15,15
ad_memoryless,S,qwen_thinking,False,ad_memoryless_r2,median_ProfileAE_matched,0.12732117573153706,2.7755575615628914e-17,5,15,15
ad_memoryless,S,qwen_thinking,False,ad_memoryless_r1,delta_ProfileAE_vs_median,-0.1195279826602805,0.0013062825930872746,5,15,15
ad_memoryless,S,qwen_thinking,False,ad_memoryless_r2,delta_ProfileAE_vs_median,-0.12226719973690711,0.0012849568302028705,5,15,15
ad_memoryless,S,qwen_nonthinking,False,ad_memoryless_r1,valid_fraction,1.0,0.0,5,15,15
ad_memoryless,S,qwen_nonthinking,False,ad_memoryless_r2,valid_fraction,1.0,0.0,5,15,15
ad_memoryless,S,qwen_nonthinking,False,ad_memoryless_r1,AE2,0.6434505935693766,0.062346700883937,5,15,15
ad_memoryless,S,qwen_nonthinking,False,ad_memoryless_r2,AE2,0.5183743096383394,0.05853773711604052,5,15,15
ad_memoryless,S,qwen_nonthinking,False,ad_memoryless_r1,ProfileAE,0.3619951199252414,0.05498421490654285,5,15,15
ad_memoryless,S,qwen_nonthinking,False,ad_memoryless_r2,ProfileAE,0.27231599857473726,0.05375367170921649,5,15,15
ad_memoryless,S,qwen_nonthinking,False,ad_memoryless_r1,signed_rho2,0.6434505935693766,0.062346700883937,5,15,15
ad_memoryless,S,qwen_nonthinking,False,ad_memoryless_r2,signed_rho2,0.5183743096383394,0.05853773711604052,5,15,15
ad_memoryless,S,qwen_nonthinking,False,ad_memoryless_r1,budget_matched,1.0,0.0,5,15,15
ad_memoryless,S,qwen_nonthinking,False,ad_memoryless_r2,budget_matched,1.0,0.0,5,15,15
ad_memoryless,S,qwen_nonthinking,False,ad_memoryless_r1,baseline_AE2_all,0.00439665629887853,0.002150224407057372,5,15,15
ad_memoryless,S,qwen_nonthinking,False,ad_memoryless_r2,baseline_AE2_all,0.004204685553087341,0.0021192767165310296,5,15,15
ad_memoryless,S,qwen_nonthinking,False,ad_memoryless_r1,baseline_AE2_matched,0.00439665629887853,0.002150224407057372,5,15,15
ad_memoryless,S,qwen_nonthinking,False,ad_memoryless_r2,baseline_AE2_matched,0.004204685553087341,0.0021192767165310296,5,15,15
ad_memoryless,S,qwen_nonthinking,False,ad_memoryless_r1,delta_AE2_vs_baseline,0.6390539372704981,0.0634179249121482,5,15,15
ad_memoryless,S,qwen_nonthinking,False,ad_memoryless_r2,delta_AE2_vs_baseline,0.5141696240852522,0.05768592610536187,5,15,15
ad_memoryless,S,qwen_nonthinking,False,ad_memoryless_r1,baseline_ProfileAE_all,0.0013375684579337063,0.0005540118364509764,5,15,15
ad_memoryless,S,qwen_nonthinking,False,ad_memoryless_r2,baseline_ProfileAE_all,0.0012039112488839757,0.0005573546904882793,5,15,15
ad_memoryless,S,qwen_nonthinking,False,ad_memoryless_r1,baseline_ProfileAE_matched,0.0013375684579337063,0.0005540118364509764,5,15,15
ad_memoryless,S,qwen_nonthinking,False,ad_memoryless_r2,baseline_ProfileAE_matched,0.0012039112488839757,0.0005573546904882793,5,15,15
ad_memoryless,S,qwen_nonthinking,False,ad_memoryless_r1,delta_ProfileAE_vs_baseline,0.36065755146730777,0.0550414715585254,5,15,15
ad_memoryless,S,qwen_nonthinking,False,ad_memoryless_r2,delta_ProfileAE_vs_baseline,0.2711120873258533,0.05342404346274249,5,15,15
ad_memoryless,S,qwen_nonthinking,False,ad_memoryless_r1,plugin_AE2_all,0.050744985606724205,0.0051344039232794954,5,15,15
ad_memoryless,S,qwen_nonthinking,False,ad_memoryless_r2,plugin_AE2_all,0.04014300067649203,0.0031081183316470397,5,15,15
ad_memoryless,S,qwen_nonthinking,False,ad_memoryless_r1,plugin_AE2_matched,0.050744985606724205,0.0051344039232794954,5,15,15
ad_memoryless,S,qwen_nonthinking,False,ad_memoryless_r2,plugin_AE2_matched,0.04014300067649203,0.0031081183316470397,5,15,15
ad_memoryless,S,qwen_nonthinking,False,ad_memoryless_r1,delta_AE2_vs_plugin,0.5927056079626525,0.06522645892118745,5,15,15
ad_memoryless,S,qwen_nonthinking,False,ad_memoryless_r2,delta_AE2_vs_plugin,0.4782313089618475,0.05684364135251557,5,15,15
ad_memoryless,S,qwen_nonthinking,False,ad_memoryless_r1,plugin_ProfileAE_all,0.014024204053846459,0.0013631919883801379,5,15,15
ad_memoryless,S,qwen_nonthinking,False,ad_memoryless_r2,plugin_ProfileAE_all,0.010612345058097336,0.0006379213065330017,5,15,15
ad_memoryless,S,qwen_nonthinking,False,ad_memoryless_r1,plugin_ProfileAE_matched,0.014024204053846459,0.0013631919883801379,5,15,15
ad_memoryless,S,qwen_nonthinking,False,ad_memoryless_r2,plugin_ProfileAE_matched,0.010612345058097336,0.0006379213065330017,5,15,15
ad_memoryless,S,qwen_nonthinking,False,ad_memoryless_r1,delta_ProfileAE_vs_plugin,0.3479709158713949,0.054975847100436355,5,15,15
ad_memoryless,S,qwen_nonthinking,False,ad_memoryless_r2,delta_ProfileAE_vs_plugin,0.2617036535166399,0.053305199819240714,5,15,15
ad_memoryless,S,qwen_nonthinking,False,ad_memoryless_r1,extratrees_AE2_all,0.008867608458582086,0.003383022453936624,5,15,15
ad_memoryless,S,qwen_nonthinking,False,ad_memoryless_r2,extratrees_AE2_all,0.003213781478493259,0.001047243262302204,5,15,15
ad_memoryless,S,qwen_nonthinking,False,ad_memoryless_r1,extratrees_AE2_matched,0.008867608458582086,0.003383022453936624,5,15,15
ad_memoryless,S,qwen_nonthinking,False,ad_memoryless_r2,extratrees_AE2_matched,0.003213781478493259,0.001047243262302204,5,15,15
ad_memoryless,S,qwen_nonthinking,False,ad_memoryless_r1,delta_AE2_vs_extratrees,0.6345829851107946,0.06341579133467733,5,15,15
ad_memoryless,S,qwen_nonthinking,False,ad_memoryless_r2,delta_AE2_vs_extratrees,0.5151605281598463,0.0582152843017381,5,15,15
ad_memoryless,S,qwen_nonthinking,False,ad_memoryless_r1,extratrees_ProfileAE_all,0.0026721286938089462,0.000988806111321986,5,15,15
ad_memoryless,S,qwen_nonthinking,False,ad_memoryless_r2,extratrees_ProfileAE_all,0.0009082457039767933,0.0002885287029817183,5,15,15
ad_memoryless,S,qwen_nonthinking,False,ad_memoryless_r1,extratrees_ProfileAE_matched,0.0026721286938089462,0.000988806111321986,5,15,15
ad_memoryless,S,qwen_nonthinking,False,ad_memoryless_r2,extratrees_ProfileAE_matched,0.0009082457039767933,0.0002885287029817183,5,15,15
ad_memoryless,S,qwen_nonthinking,False,ad_memoryless_r1,delta_ProfileAE_vs_extratrees,0.3593229912314324,0.05534615402372591,5,15,15
ad_memoryless,S,qwen_nonthinking,False,ad_memoryless_r2,delta_ProfileAE_vs_extratrees,0.27140775287076047,0.05361680954360889,5,15,15
ad_memoryless,S,qwen_nonthinking,False,ad_memoryless_r1,median_AE2_all,0.30526938293093864,1.850371707708594e-17,5,15,15
ad_memoryless,S,qwen_nonthinking,False,ad_memoryless_r2,median_AE2_all,0.3111930989999016,1.850371707708594e-17,5,15,15
ad_memoryless,S,qwen_nonthinking,False,ad_memoryless_r1,median_AE2_matched,0.30526938293093864,1.850371707708594e-17,5,15,15
ad_memoryless,S,qwen_nonthinking,False,ad_memoryless_r2,median_AE2_matched,0.3111930989999016,1.850371707708594e-17,5,15,15
ad_memoryless,S,qwen_nonthinking,False,ad_memoryless_r1,delta_AE2_vs_median,0.338181210638438,0.062346700883937,5,15,15
ad_memoryless,S,qwen_nonthinking,False,ad_memoryless_r2,delta_AE2_vs_median,0.20718121063843803,0.05853773711604051,5,15,15
ad_memoryless,S,qwen_nonthinking,False,ad_memoryless_r1,median_ProfileAE_all,0.12556696374870785,9.25185853854297e-18,5,15,15
ad_memoryless,S,qwen_nonthinking,False,ad_memoryless_r2,median_ProfileAE_all,0.12732117573153706,2.7755575615628914e-17,5,15,15
ad_memoryless,S,qwen_nonthinking,False,ad_memoryless_r1,median_ProfileAE_matched,0.12556696374870785,9.25185853854297e-18,5,15,15
ad_memoryless,S,qwen_nonthinking,False,ad_memoryless_r2,median_ProfileAE_matched,0.12732117573153706,2.7755575615628914e-17,5,15,15
ad_memoryless,S,qwen_nonthinking,False,ad_memoryless_r1,delta_ProfileAE_vs_median,0.2364281561765335,0.054984214906542844,5,15,15
ad_memoryless,S,qwen_nonthinking,False,ad_memoryless_r2,delta_ProfileAE_vs_median,0.14499482284320023,0.0537536717092165,5,15,15
ad_memoryless,H,qwen_thinking,False,ad_memoryless_r1,valid_fraction,1.0,0.0,5,15,15
ad_memoryless,H,qwen_thinking,False,ad_memoryless_r2,valid_fraction,1.0,0.0,5,15,15
ad_memoryless,H,qwen_thinking,False,ad_memoryless_r1,AE2,0.003820546619457999,0.0010149699325694888,5,15,15
ad_memoryless,H,qwen_thinking,False,ad_memoryless_r2,AE2,0.004950617152509033,0.00069536842545847,5,15,15
ad_memoryless,H,qwen_thinking,False,ad_memoryless_r1,ProfileAE,0.0011989700594607687,0.00024187790867325707,5,15,15
ad_memoryless,H,qwen_thinking,False,ad_memoryless_r2,ProfileAE,0.0015655096107025303,0.00016548753966390235,5,15,15
ad_memoryless,H,qwen_thinking,False,ad_memoryless_r1,signed_rho2,-0.00041021843062333393,0.002153424781987365,5,15,15
ad_memoryless,H,qwen_thinking,False,ad_memoryless_r2,signed_rho2,-0.000871158871927101,0.00232184467090308,5,15,15
ad_memoryless,H,qwen_thinking,False,ad_memoryless_r1,budget_matched,1.0,0.0,5,15,15
ad_memoryless,H,qwen_thinking,False,ad_memoryless_r2,budget_matched,1.0,0.0,5,15,15
ad_memoryless,H,qwen_thinking,False,ad_memoryless_r1,baseline_AE2_all,0.0038203693442762756,0.0010149117733484403,5,15,15
ad_memoryless,H,qwen_thinking,False,ad_memoryless_r2,baseline_AE2_all,0.004808204025986276,0.0006837988846396538,5,15,15
ad_memoryless,H,qwen_thinking,False,ad_memoryless_r1,baseline_AE2_matched,0.0038203693442762756,0.0010149117733484403,5,15,15
ad_memoryless,H,qwen_thinking,False,ad_memoryless_r2,baseline_AE2_matched,0.004808204025986276,0.0006837988846396538,5,15,15
ad_memoryless,H,qwen_thinking,False,ad_memoryless_r1,delta_AE2_vs_baseline,1.7727518172352038e-07,1.0584957539702945e-07,5,15,15
ad_memoryless,H,qwen_thinking,False,ad_memoryless_r2,delta_AE2_vs_baseline,0.0001424131265227585,0.00014273456470388654,5,15,15
ad_memoryless,H,qwen_thinking,False,ad_memoryless_r1,baseline_ProfileAE_all,0.0012094899938574519,0.00022964834962498754,5,15,15
ad_memoryless,H,qwen_thinking,False,ad_memoryless_r2,baseline_ProfileAE_all,0.0015014705167816118,0.00017710338856416475,5,15,15
ad_memoryless,H,qwen_thinking,False,ad_memoryless_r1,baseline_ProfileAE_matched,0.0012094899938574519,0.00022964834962498754,5,15,15
ad_memoryless,H,qwen_thinking,False,ad_memoryless_r2,baseline_ProfileAE_matched,0.0015014705167816118,0.00017710338856416475,5,15,15
ad_memoryless,H,qwen_thinking,False,ad_memoryless_r1,delta_ProfileAE_vs_baseline,-1.0519934396683041e-05,1.5079422627964388e-05,5,15,15
ad_memoryless,H,qwen_thinking,False,ad_memoryless_r2,delta_ProfileAE_vs_baseline,6.403909392091826e-05,3.968023487002919e-05,5,15,15
ad_memoryless,H,qwen_thinking,False,ad_memoryless_r1,plugin_AE2_all,0.0038203693442762756,0.0010149117733484403,5,15,15
ad_memoryless,H,qwen_thinking,False,ad_memoryless_r2,plugin_AE2_all,0.004808204025986276,0.0006837988846396538,5,15,15
ad_memoryless,H,qwen_thinking,False,ad_memoryless_r1,plugin_AE2_matched,0.0038203693442762756,0.0010149117733484403,5,15,15
ad_memoryless,H,qwen_thinking,False,ad_memoryless_r2,plugin_AE2_matched,0.004808204025986276,0.0006837988846396538,5,15,15
ad_memoryless,H,qwen_thinking,False,ad_memoryless_r1,delta_AE2_vs_plugin,1.7727518172352038e-07,1.0584957539702945e-07,5,15,15
ad_memoryless,H,qwen_thinking,False,ad_memoryless_r2,delta_AE2_vs_plugin,0.0001424131265227585,0.00014273456470388654,5,15,15
ad_memoryless,H,qwen_thinking,False,ad_memoryless_r1,plugin_ProfileAE_all,0.0012094899938574519,0.00022964834962498754,5,15,15
ad_memoryless,H,qwen_thinking,False,ad_memoryless_r2,plugin_ProfileAE_all,0.0015014705167816118,0.00017710338856416475,5,15,15
ad_memoryless,H,qwen_thinking,False,ad_memoryless_r1,plugin_ProfileAE_matched,0.0012094899938574519,0.00022964834962498754,5,15,15
ad_memoryless,H,qwen_thinking,False,ad_memoryless_r2,plugin_ProfileAE_matched,0.0015014705167816118,0.00017710338856416475,5,15,15
ad_memoryless,H,qwen_thinking,False,ad_memoryless_r1,delta_ProfileAE_vs_plugin,-1.0519934396683041e-05,1.5079422627964388e-05,5,15,15
ad_memoryless,H,qwen_thinking,False,ad_memoryless_r2,delta_ProfileAE_vs_plugin,6.403909392091826e-05,3.968023487002919e-05,5,15,15
ad_memoryless,H,qwen_thinking,False,ad_memoryless_r1,extratrees_AE2_all,0.004223961898825732,0.0016574584746241923,5,15,15
ad_memoryless,H,qwen_thinking,False,ad_memoryless_r2,extratrees_AE2_all,0.0027370928946562553,0.000723409098437122,5,15,15
ad_memoryless,H,qwen_thinking,False,ad_memoryless_r1,extratrees_AE2_matched,0.004223961898825732,0.0016574584746241923,5,15,15
ad_memoryless,H,qwen_thinking,False,ad_memoryless_r2,extratrees_AE2_matched,0.0027370928946562553,0.000723409098437122,5,15,15
ad_memoryless,H,qwen_thinking,False,ad_memoryless_r1,delta_AE2_vs_extratrees,-0.0004034152793677327,0.0013609656362185744,5,15,15
ad_memoryless,H,qwen_thinking,False,ad_memoryless_r2,delta_AE2_vs_extratrees,0.002213524257852778,0.0003907025110827136,5,15,15
ad_memoryless,H,qwen_thinking,False,ad_memoryless_r1,extratrees_ProfileAE_all,0.0012345139737406556,0.00045141065423679366,5,15,15
ad_memoryless,H,qwen_thinking,False,ad_memoryless_r2,extratrees_ProfileAE_all,0.0007853981902150329,0.0002145908156875049,5,15,15
ad_memoryless,H,qwen_thinking,False,ad_memoryless_r1,extratrees_ProfileAE_matched,0.0012345139737406556,0.00045141065423679366,5,15,15
ad_memoryless,H,qwen_thinking,False,ad_memoryless_r2,extratrees_ProfileAE_matched,0.0007853981902150329,0.0002145908156875049,5,15,15
ad_memoryless,H,qwen_thinking,False,ad_memoryless_r1,delta_ProfileAE_vs_extratrees,-3.5543914279886745e-05,0.00035699848197975664,5,15,15
ad_memoryless,H,qwen_thinking,False,ad_memoryless_r2,delta_ProfileAE_vs_extratrees,0.000780111420487497,8.404391676907624e-05,5,15,15
ad_memoryless,H,qwen_thinking,False,ad_memoryless_r1,median_AE2_all,0.30526938293093864,1.850371707708594e-17,5,15,15
ad_memoryless,H,qwen_thinking,False,ad_memoryless_r2,median_AE2_all,0.3111930989999016,1.850371707708594e-17,5,15,15
ad_memoryless,H,qwen_thinking,False,ad_memoryless_r1,median_AE2_matched,0.30526938293093864,1.850371707708594e-17,5,15,15
ad_memoryless,H,qwen_thinking,False,ad_memoryless_r2,median_AE2_matched,0.3111930989999016,1.850371707708594e-17,5,15,15
ad_memoryless,H,qwen_thinking,False,ad_memoryless_r1,delta_AE2_vs_median,-0.30144883631148073,0.0010149699325694922,5,15,15
ad_memoryless,H,qwen_thinking,False,ad_memoryless_r2,delta_AE2_vs_median,-0.3062424818473925,0.0006953684254584751,5,15,15
ad_memoryless,H,qwen_thinking,False,ad_memoryless_r1,median_ProfileAE_all,0.12556696374870785,9.25185853854297e-18,5,15,15
ad_memoryless,H,qwen_thinking,False,ad_memoryless_r2,median_ProfileAE_all,0.12732117573153706,2.7755575615628914e-17,5,15,15
ad_memoryless,H,qwen_thinking,False,ad_memoryless_r1,median_ProfileAE_matched,0.12556696374870785,9.25185853854297e-18,5,15,15
ad_memoryless,H,qwen_thinking,False,ad_memoryless_r2,median_ProfileAE_matched,0.12732117573153706,2.7755575615628914e-17,5,15,15
ad_memoryless,H,qwen_thinking,False,ad_memoryless_r1,delta_ProfileAE_vs_median,-0.12436799368924709,0.00024187790867325726,5,15,15
ad_memoryless,H,qwen_thinking,False,ad_memoryless_r2,delta_ProfileAE_vs_median,-0.12575566612083447,0.00016548753966389766,5,15,15
ad_memoryless,H,qwen_nonthinking,False,ad_memoryless_r1,valid_fraction,1.0,0.0,5,15,15
ad_memoryless,H,qwen_nonthinking,False,ad_memoryless_r2,valid_fraction,1.0,0.0,5,15,15
ad_memoryless,H,qwen_nonthinking,False,ad_memoryless_r1,AE2,0.22473702280829266,0.057057135494104703,5,15,15
ad_memoryless,H,qwen_nonthinking,False,ad_memoryless_r2,AE2,0.18756921432389095,0.048128239900931596,5,15,15
ad_memoryless,H,qwen_nonthinking,False,ad_memoryless_r1,ProfileAE,0.12573040528847815,0.045757457666772715,5,15,15
ad_memoryless,H,qwen_nonthinking,False,ad_memoryless_r2,ProfileAE,0.08749977730269017,0.03313949463402383,5,15,15
ad_memoryless,H,qwen_nonthinking,False,ad_memoryless_r1,signed_rho2,0.20505059356937666,0.0560018253670757,5,15,15
ad_memoryless,H,qwen_nonthinking,False,ad_memoryless_r2,signed_rho2,0.15870764297167292,0.0526476759010099,5,15,15
ad_memoryless,H,qwen_nonthinking,False,ad_memoryless_r1,budget_matched,1.0,0.0,5,15,15
ad_memoryless,H,qwen_nonthinking,False,ad_memoryless_r2,budget_matched,1.0,0.0,5,15,15
ad_memoryless,H,qwen_nonthinking,False,ad_memoryless_r1,baseline_AE2_all,0.0038203693442762756,0.0010149117733484403,5,15,15
ad_memoryless,H,qwen_nonthinking,False,ad_memoryless_r2,baseline_AE2_all,0.004808204025986276,0.0006837988846396538,5,15,15
ad_memoryless,H,qwen_nonthinking,False,ad_memoryless_r1,baseline_AE2_matched,0.0038203693442762756,0.0010149117733484403,5,15,15
ad_memoryless,H,qwen_nonthinking,False,ad_memoryless_r2,baseline_AE2_matched,0.004808204025986276,0.0006837988846396538,5,15,15
ad_memoryless,H,qwen_nonthinking,False,ad_memoryless_r1,delta_AE2_vs_baseline,0.22091665346401637,0.0569531231259842,5,15,15
ad_memoryless,H,qwen_nonthinking,False,ad_memoryless_r2,delta_AE2_vs_baseline,0.18276101029790476,0.04757917731060024,5,15,15
ad_memoryless,H,qwen_nonthinking,False,ad_memoryless_r1,baseline_ProfileAE_all,0.0012094899938574519,0.00022964834962498754,5,15,15
ad_memoryless,H,qwen_nonthinking,False,ad_memoryless_r2,baseline_ProfileAE_all,0.0015014705167816118,0.00017710338856416475,5,15,15
ad_memoryless,H,qwen_nonthinking,False,ad_memoryless_r1,baseline_ProfileAE_matched,0.0012094899938574519,0.00022964834962498754,5,15,15
ad_memoryless,H,qwen_nonthinking,False,ad_memoryless_r2,baseline_ProfileAE_matched,0.0015014705167816118,0.00017710338856416475,5,15,15
ad_memoryless,H,qwen_nonthinking,False,ad_memoryless_r1,delta_ProfileAE_vs_baseline,0.12452091529462073,0.04575035679798927,5,15,15
ad_memoryless,H,qwen_nonthinking,False,ad_memoryless_r2,delta_ProfileAE_vs_baseline,0.08599830678590856,0.03300349575368394,5,15,15
ad_memoryless,H,qwen_nonthinking,False,ad_memoryless_r1,plugin_AE2_all,0.0038203693442762756,0.0010149117733484403,5,15,15
ad_memoryless,H,qwen_nonthinking,False,ad_memoryless_r2,plugin_AE2_all,0.004808204025986276,0.0006837988846396538,5,15,15
ad_memoryless,H,qwen_nonthinking,False,ad_memoryless_r1,plugin_AE2_matched,0.0038203693442762756,0.0010149117733484403,5,15,15
ad_memoryless,H,qwen_nonthinking,False,ad_memoryless_r2,plugin_AE2_matched,0.004808204025986276,0.0006837988846396538,5,15,15
ad_memoryless,H,qwen_nonthinking,False,ad_memoryless_r1,delta_AE2_vs_plugin,0.22091665346401637,0.0569531231259842,5,15,15
ad_memoryless,H,qwen_nonthinking,False,ad_memoryless_r2,delta_AE2_vs_plugin,0.18276101029790476,0.04757917731060024,5,15,15
ad_memoryless,H,qwen_nonthinking,False,ad_memoryless_r1,plugin_ProfileAE_all,0.0012094899938574519,0.00022964834962498754,5,15,15
ad_memoryless,H,qwen_nonthinking,False,ad_memoryless_r2,plugin_ProfileAE_all,0.0015014705167816118,0.00017710338856416475,5,15,15
ad_memoryless,H,qwen_nonthinking,False,ad_memoryless_r1,plugin_ProfileAE_matched,0.0012094899938574519,0.00022964834962498754,5,15,15
ad_memoryless,H,qwen_nonthinking,False,ad_memoryless_r2,plugin_ProfileAE_matched,0.0015014705167816118,0.00017710338856416475,5,15,15
ad_memoryless,H,qwen_nonthinking,False,ad_memoryless_r1,delta_ProfileAE_vs_plugin,0.12452091529462073,0.04575035679798927,5,15,15
ad_memoryless,H,qwen_nonthinking,False,ad_memoryless_r2,delta_ProfileAE_vs_plugin,0.08599830678590856,0.03300349575368394,5,15,15
ad_memoryless,H,qwen_nonthinking,False,ad_memoryless_r1,extratrees_AE2_all,0.004223961898825732,0.0016574584746241923,5,15,15
ad_memoryless,H,qwen_nonthinking,False,ad_memoryless_r2,extratrees_AE2_all,0.0027370928946562553,0.000723409098437122,5,15,15
ad_memoryless,H,qwen_nonthinking,False,ad_memoryless_r1,extratrees_AE2_matched,0.004223961898825732,0.0016574584746241923,5,15,15
ad_memoryless,H,qwen_nonthinking,False,ad_memoryless_r2,extratrees_AE2_matched,0.0027370928946562553,0.000723409098437122,5,15,15
ad_memoryless,H,qwen_nonthinking,False,ad_memoryless_r1,delta_AE2_vs_extratrees,0.22051306090946693,0.0558849202953553,5,15,15
ad_memoryless,H,qwen_nonthinking,False,ad_memoryless_r2,delta_AE2_vs_extratrees,0.18483212142923472,0.04771469562602369,5,15,15
ad_memoryless,H,qwen_nonthinking,False,ad_memoryless_r1,extratrees_ProfileAE_all,0.0012345139737406556,0.00045141065423679366,5,15,15
ad_memoryless,H,qwen_nonthinking,False,ad_memoryless_r2,extratrees_ProfileAE_all,0.0007853981902150329,0.0002145908156875049,5,15,15
ad_memoryless,H,qwen_nonthinking,False,ad_memoryless_r1,extratrees_ProfileAE_matched,0.0012345139737406556,0.00045141065423679366,5,15,15
ad_memoryless,H,qwen_nonthinking,False,ad_memoryless_r2,extratrees_ProfileAE_matched,0.0007853981902150329,0.0002145908156875049,5,15,15
ad_memoryless,H,qwen_nonthinking,False,ad_memoryless_r1,delta_ProfileAE_vs_extratrees,0.1244958913147375,0.04548210869799818,5,15,15
ad_memoryless,H,qwen_nonthinking,False,ad_memoryless_r2,delta_ProfileAE_vs_extratrees,0.08671437911247515,0.033010224714228084,5,15,15
ad_memoryless,H,qwen_nonthinking,False,ad_memoryless_r1,median_AE2_all,0.30526938293093864,1.850371707708594e-17,5,15,15
ad_memoryless,H,qwen_nonthinking,False,ad_memoryless_r2,median_AE2_all,0.3111930989999016,1.850371707708594e-17,5,15,15
ad_memoryless,H,qwen_nonthinking,False,ad_memoryless_r1,median_AE2_matched,0.30526938293093864,1.850371707708594e-17,5,15,15
ad_memoryless,H,qwen_nonthinking,False,ad_memoryless_r2,median_AE2_matched,0.3111930989999016,1.850371707708594e-17,5,15,15
ad_memoryless,H,qwen_nonthinking,False,ad_memoryless_r1,delta_AE2_vs_median,-0.08053236012264604,0.05705713549410472,5,15,15
ad_memoryless,H,qwen_nonthinking,False,ad_memoryless_r2,delta_AE2_vs_median,-0.12362388467601057,0.04812823990093159,5,15,15
ad_memoryless,H,qwen_nonthinking,False,ad_memoryless_r1,median_ProfileAE_all,0.12556696374870785,9.25185853854297e-18,5,15,15
ad_memoryless,H,qwen_nonthinking,False,ad_memoryless_r2,median_ProfileAE_all,0.12732117573153706,2.7755575615628914e-17,5,15,15
ad_memoryless,H,qwen_nonthinking,False,ad_memoryless_r1,median_ProfileAE_matched,0.12556696374870785,9.25185853854297e-18,5,15,15
ad_memoryless,H,qwen_nonthinking,False,ad_memoryless_r2,median_ProfileAE_matched,0.12732117573153706,2.7755575615628914e-17,5,15,15
ad_memoryless,H,qwen_nonthinking,False,ad_memoryless_r1,delta_ProfileAE_vs_median,0.00016344153977029634,0.045757457666772715,5,15,15
ad_memoryless,H,qwen_nonthinking,False,ad_memoryless_r2,delta_ProfileAE_vs_median,-0.03982139842884682,0.033139494634023825,5,15,15
ad_memoryless,B,qwen_thinking,False,ad_memoryless_r1,valid_fraction,1.0,0.0,5,15,15
ad_memoryless,B,qwen_thinking,False,ad_memoryless_r2,valid_fraction,1.0,0.0,5,15,15
ad_memoryless,B,qwen_thinking,False,ad_memoryless_r1,AE2,0.15259754795279132,0.0715022322992656,5,15,15
ad_memoryless,B,qwen_thinking,False,ad_memoryless_r2,AE2,0.05578284229433459,0.03065094810215274,5,15,15
ad_memoryless,B,qwen_thinking,False,ad_memoryless_r1,ProfileAE,0.07821053178105423,0.04307325271257816,5,15,15
ad_memoryless,B,qwen_thinking,False,ad_memoryless_r2,ProfileAE,0.014462945563784963,0.007753027427879384,5,15,15
ad_memoryless,B,qwen_thinking,False,ad_memoryless_r1,signed_rho2,0.12862919356937672,0.07570357924771824,5,15,15
ad_memoryless,B,qwen_thinking,False,ad_memoryless_r2,signed_rho2,0.04586111884500624,0.03451958049774888,5,15,15
ad_memoryless,B,qwen_thinking,False,ad_memoryless_r1,budget_matched,1.0,0.0,5,15,15
ad_memoryless,B,qwen_thinking,False,ad_memoryless_r2,budget_matched,1.0,0.0,5,15,15
ad_memoryless,B,qwen_thinking,False,ad_memoryless_r1,baseline_AE2_all,0.025920989311642016,0.007413340440043853,5,15,15
ad_memoryless,B,qwen_thinking,False,ad_memoryless_r2,baseline_AE2_all,0.02430559131650586,0.011356228721373296,5,15,15
ad_memoryless,B,qwen_thinking,False,ad_memoryless_r1,baseline_AE2_matched,0.025920989311642016,0.007413340440043853,5,15,15
ad_memoryless,B,qwen_thinking,False,ad_memoryless_r2,baseline_AE2_matched,0.02430559131650586,0.011356228721373296,5,15,15
ad_memoryless,B,qwen_thinking,False,ad_memoryless_r1,delta_AE2_vs_baseline,0.12667655864114932,0.0645632935677466,5,15,15
ad_memoryless,B,qwen_thinking,False,ad_memoryless_r2,delta_AE2_vs_baseline,0.03147725097782871,0.024996308861509407,5,15,15
ad_memoryless,B,qwen_thinking,False,ad_memoryless_r1,baseline_ProfileAE_all,0.006972687555733665,0.0018431826037426068,5,15,15
ad_memoryless,B,qwen_thinking,False,ad_memoryless_r2,baseline_ProfileAE_all,0.0065039548956899555,0.0029978670938082003,5,15,15
ad_memoryless,B,qwen_thinking,False,ad_memoryless_r1,baseline_ProfileAE_matched,0.006972687555733665,0.0018431826037426068,5,15,15
ad_memoryless,B,qwen_thinking,False,ad_memoryless_r2,baseline_ProfileAE_matched,0.0065039548956899555,0.0029978670938082003,5,15,15
ad_memoryless,B,qwen_thinking,False,ad_memoryless_r1,delta_ProfileAE_vs_baseline,0.07123784422532056,0.04157318555304563,5,15,15
ad_memoryless,B,qwen_thinking,False,ad_memoryless_r2,delta_ProfileAE_vs_baseline,0.007958990668095007,0.006344718877606576,5,15,15
ad_memoryless,B,qwen_thinking,False,ad_memoryless_r1,plugin_AE2_all,0.043472057142387346,0.0014254400967481445,5,15,15
ad_memoryless,B,qwen_thinking,False,ad_memoryless_r2,plugin_AE2_all,0.037106173053084855,0.0014063186708977457,5,15,15
ad_memoryless,B,qwen_thinking,False,ad_memoryless_r1,plugin_AE2_matched,0.043472057142387346,0.0014254400967481445,5,15,15
ad_memoryless,B,qwen_thinking,False,ad_memoryless_r2,plugin_AE2_matched,0.037106173053084855,0.0014063186708977457,5,15,15
ad_memoryless,B,qwen_thinking,False,ad_memoryless_r1,delta_AE2_vs_plugin,0.10912549081040401,0.0728577605324354,5,15,15
ad_memoryless,B,qwen_thinking,False,ad_memoryless_r2,delta_AE2_vs_plugin,0.01867666924124972,0.031618084352740716,5,15,15
ad_memoryless,B,qwen_thinking,False,ad_memoryless_r1,plugin_ProfileAE_all,0.011568876086032924,0.00035636002418703623,5,15,15
ad_memoryless,B,qwen_thinking,False,ad_memoryless_r2,plugin_ProfileAE_all,0.009704122098118889,0.00035157966772443643,5,15,15
ad_memoryless,B,qwen_thinking,False,ad_memoryless_r1,plugin_ProfileAE_matched,0.011568876086032924,0.00035636002418703623,5,15,15
ad_memoryless,B,qwen_thinking,False,ad_memoryless_r2,plugin_ProfileAE_matched,0.009704122098118889,0.00035157966772443643,5,15,15
ad_memoryless,B,qwen_thinking,False,ad_memoryless_r1,delta_ProfileAE_vs_plugin,0.06664165569502128,0.04339832667391857,5,15,15
ad_memoryless,B,qwen_thinking,False,ad_memoryless_r2,delta_ProfileAE_vs_plugin,0.004758823465666075,0.007993623932934244,5,15,15
ad_memoryless,B,qwen_thinking,False,ad_memoryless_r1,extratrees_AE2_all,0.01677554951545141,0.007408472698719762,5,15,15
ad_memoryless,B,qwen_thinking,False,ad_memoryless_r2,extratrees_AE2_all,0.015677505781050382,0.007830025470226917,5,15,15
ad_memoryless,B,qwen_thinking,False,ad_memoryless_r1,extratrees_AE2_matched,0.01677554951545141,0.007408472698719762,5,15,15
ad_memoryless,B,qwen_thinking,False,ad_memoryless_r2,extratrees_AE2_matched,0.015677505781050382,0.007830025470226917,5,15,15
ad_memoryless,B,qwen_thinking,False,ad_memoryless_r1,delta_AE2_vs_extratrees,0.1358219984373399,0.06574015744617039,5,15,15
ad_memoryless,B,qwen_thinking,False,ad_memoryless_r2,delta_AE2_vs_extratrees,0.040105336513284184,0.028172380909281085,5,15,15
ad_memoryless,B,qwen_thinking,False,ad_memoryless_r1,extratrees_ProfileAE_all,0.004686098139532362,0.002073316743252709,5,15,15
ad_memoryless,B,qwen_thinking,False,ad_memoryless_r2,extratrees_ProfileAE_all,0.004413350362139951,0.0021966451994576007,5,15,15
ad_memoryless,B,qwen_thinking,False,ad_memoryless_r1,extratrees_ProfileAE_matched,0.004686098139532362,0.002073316743252709,5,15,15
ad_memoryless,B,qwen_thinking,False,ad_memoryless_r2,extratrees_ProfileAE_matched,0.004413350362139951,0.0021966451994576007,5,15,15
ad_memoryless,B,qwen_thinking,False,ad_memoryless_r1,delta_ProfileAE_vs_extratrees,0.07352443364152189,0.04185922940240093,5,15,15
ad_memoryless,B,qwen_thinking,False,ad_memoryless_r2,delta_ProfileAE_vs_extratrees,0.010049595201645013,0.007074538217230219,5,15,15
ad_memoryless,B,qwen_thinking,False,ad_memoryless_r1,median_AE2_all,0.30526938293093864,1.850371707708594e-17,5,15,15
ad_memoryless,B,qwen_thinking,False,ad_memoryless_r2,median_AE2_all,0.3111930989999016,1.850371707708594e-17,5,15,15
ad_memoryless,B,qwen_thinking,False,ad_memoryless_r1,median_AE2_matched,0.30526938293093864,1.850371707708594e-17,5,15,15
ad_memoryless,B,qwen_thinking,False,ad_memoryless_r2,median_AE2_matched,0.3111930989999016,1.850371707708594e-17,5,15,15
ad_memoryless,B,qwen_thinking,False,ad_memoryless_r1,delta_AE2_vs_median,-0.15267183497814735,0.07150223229926561,5,15,15
ad_memoryless,B,qwen_thinking,False,ad_memoryless_r2,delta_AE2_vs_median,-0.255410256705567,0.030650948102152742,5,15,15
ad_memoryless,B,qwen_thinking,False,ad_memoryless_r1,median_ProfileAE_all,0.12556696374870785,9.25185853854297e-18,5,15,15
ad_memoryless,B,qwen_thinking,False,ad_memoryless_r2,median_ProfileAE_all,0.12732117573153706,2.7755575615628914e-17,5,15,15
ad_memoryless,B,qwen_thinking,False,ad_memoryless_r1,median_ProfileAE_matched,0.12556696374870785,9.25185853854297e-18,5,15,15
ad_memoryless,B,qwen_thinking,False,ad_memoryless_r2,median_ProfileAE_matched,0.12732117573153706,2.7755575615628914e-17,5,15,15
ad_memoryless,B,qwen_thinking,False,ad_memoryless_r1,delta_ProfileAE_vs_median,-0.04735643196765364,0.043073252712578156,5,15,15
ad_memoryless,B,qwen_thinking,False,ad_memoryless_r2,delta_ProfileAE_vs_median,-0.11285823016775204,0.007753027427879383,5,15,15
ad_memoryless,B,qwen_nonthinking,False,ad_memoryless_r1,valid_fraction,1.0,0.0,5,15,15
ad_memoryless,B,qwen_nonthinking,False,ad_memoryless_r2,valid_fraction,1.0,0.0,5,15,15
ad_memoryless,B,qwen_nonthinking,False,ad_memoryless_r1,AE2,0.8367839269027098,0.052858826657007404,5,15,15
ad_memoryless,B,qwen_nonthinking,False,ad_memoryless_r2,AE2,0.6252609763050062,0.08444921919249591,5,15,15
ad_memoryless,B,qwen_nonthinking,False,ad_memoryless_r1,ProfileAE,0.6737451199252413,0.08984316968411617,5,15,15
ad_memoryless,B,qwen_nonthinking,False,ad_memoryless_r2,ProfileAE,0.3689446757527169,0.07281021696037843,5,15,15
ad_memoryless,B,qwen_nonthinking,False,ad_memoryless_r1,signed_rho2,0.8367839269027098,0.052858826657007404,5,15,15
ad_memoryless,B,qwen_nonthinking,False,ad_memoryless_r2,signed_rho2,0.6252609763050062,0.08444921919249591,5,15,15
ad_memoryless,B,qwen_nonthinking,False,ad_memoryless_r1,budget_matched,1.0,0.0,5,15,15
ad_memoryless,B,qwen_nonthinking,False,ad_memoryless_r2,budget_matched,1.0,0.0,5,15,15
ad_memoryless,B,qwen_nonthinking,False,ad_memoryless_r1,baseline_AE2_all,0.025920989311642016,0.007413340440043853,5,15,15
ad_memoryless,B,qwen_nonthinking,False,ad_memoryless_r2,baseline_AE2_all,0.02430559131650586,0.011356228721373296,5,15,15
ad_memoryless,B,qwen_nonthinking,False,ad_memoryless_r1,baseline_AE2_matched,0.025920989311642016,0.007413340440043853,5,15,15
ad_memoryless,B,qwen_nonthinking,False,ad_memoryless_r2,baseline_AE2_matched,0.02430559131650586,0.011356228721373296,5,15,15
ad_memoryless,B,qwen_nonthinking,False,ad_memoryless_r1,delta_AE2_vs_baseline,0.8108629375910679,0.05924030329404513,5,15,15
ad_memoryless,B,qwen_nonthinking,False,ad_memoryless_r2,delta_AE2_vs_baseline,0.6009553849885003,0.08346454416180286,5,15,15
ad_memoryless,B,qwen_nonthinking,False,ad_memoryless_r1,baseline_ProfileAE_all,0.006972687555733665,0.0018431826037426068,5,15,15
ad_memoryless,B,qwen_nonthinking,False,ad_memoryless_r2,baseline_ProfileAE_all,0.0065039548956899555,0.0029978670938082003,5,15,15
ad_memoryless,B,qwen_nonthinking,False,ad_memoryless_r1,baseline_ProfileAE_matched,0.006972687555733665,0.0018431826037426068,5,15,15
ad_memoryless,B,qwen_nonthinking,False,ad_memoryless_r2,baseline_ProfileAE_matched,0.0065039548956899555,0.0029978670938082003,5,15,15
ad_memoryless,B,qwen_nonthinking,False,ad_memoryless_r1,delta_ProfileAE_vs_baseline,0.6667724323695077,0.09099912427142386,5,15,15
ad_memoryless,B,qwen_nonthinking,False,ad_memoryless_r2,delta_ProfileAE_vs_baseline,0.36244072085702694,0.07359917713416955,5,15,15
ad_memoryless,B,qwen_nonthinking,False,ad_memoryless_r1,plugin_AE2_all,0.043472057142387346,0.0014254400967481445,5,15,15
ad_memoryless,B,qwen_nonthinking,False,ad_memoryless_r2,plugin_AE2_all,0.037106173053084855,0.0014063186708977457,5,15,15
ad_memoryless,B,qwen_nonthinking,False,ad_memoryless_r1,plugin_AE2_matched,0.043472057142387346,0.0014254400967481445,5,15,15
ad_memoryless,B,qwen_nonthinking,False,ad_memoryless_r2,plugin_AE2_matched,0.037106173053084855,0.0014063186708977457,5,15,15
ad_memoryless,B,qwen_nonthinking,False,ad_memoryless_r1,delta_AE2_vs_plugin,0.7933118697603224,0.051646410960780854,5,15,15
ad_memoryless,B,qwen_nonthinking,False,ad_memoryless_r2,delta_AE2_vs_plugin,0.5881548032519214,0.08437947691814986,5,15,15
ad_memoryless,B,qwen_nonthinking,False,ad_memoryless_r1,plugin_ProfileAE_all,0.011568876086032924,0.00035636002418703623,5,15,15
ad_memoryless,B,qwen_nonthinking,False,ad_memoryless_r2,plugin_ProfileAE_all,0.009704122098118889,0.00035157966772443643,5,15,15
ad_memoryless,B,qwen_nonthinking,False,ad_memoryless_r1,plugin_ProfileAE_matched,0.011568876086032924,0.00035636002418703623,5,15,15
ad_memoryless,B,qwen_nonthinking,False,ad_memoryless_r2,plugin_ProfileAE_matched,0.009704122098118889,0.00035157966772443643,5,15,15
ad_memoryless,B,qwen_nonthinking,False,ad_memoryless_r1,delta_ProfileAE_vs_plugin,0.6621762438392085,0.08953254331485164,5,15,15
ad_memoryless,B,qwen_nonthinking,False,ad_memoryless_r2,delta_ProfileAE_vs_plugin,0.359240553654598,0.07265132539959578,5,15,15
ad_memoryless,B,qwen_nonthinking,False,ad_memoryless_r1,extratrees_AE2_all,0.01677554951545141,0.007408472698719762,5,15,15
ad_memoryless,B,qwen_nonthinking,False,ad_memoryless_r2,extratrees_AE2_all,0.015677505781050382,0.007830025470226917,5,15,15
ad_memoryless,B,qwen_nonthinking,False,ad_memoryless_r1,extratrees_AE2_matched,0.01677554951545141,0.007408472698719762,5,15,15
ad_memoryless,B,qwen_nonthinking,False,ad_memoryless_r2,extratrees_AE2_matched,0.015677505781050382,0.007830025470226917,5,15,15
ad_memoryless,B,qwen_nonthinking,False,ad_memoryless_r1,delta_AE2_vs_extratrees,0.8200083773872585,0.06005525217718799,5,15,15
ad_memoryless,B,qwen_nonthinking,False,ad_memoryless_r2,delta_AE2_vs_extratrees,0.6095834705239558,0.08442720872899562,5,15,15
ad_memoryless,B,qwen_nonthinking,False,ad_memoryless_r1,extratrees_ProfileAE_all,0.004686098139532362,0.002073316743252709,5,15,15
ad_memoryless,B,qwen_nonthinking,False,ad_memoryless_r2,extratrees_ProfileAE_all,0.004413350362139951,0.0021966451994576007,5,15,15
ad_memoryless,B,qwen_nonthinking,False,ad_memoryless_r1,extratrees_ProfileAE_matched,0.004686098139532362,0.002073316743252709,5,15,15
ad_memoryless,B,qwen_nonthinking,False,ad_memoryless_r2,extratrees_ProfileAE_matched,0.004413350362139951,0.0021966451994576007,5,15,15
ad_memoryless,B,qwen_nonthinking,False,ad_memoryless_r1,delta_ProfileAE_vs_extratrees,0.669059021785709,0.09137985179324562,5,15,15
ad_memoryless,B,qwen_nonthinking,False,ad_memoryless_r2,delta_ProfileAE_vs_extratrees,0.3645313253905769,0.07357212665966663,5,15,15
ad_memoryless,B,qwen_nonthinking,False,ad_memoryless_r1,median_AE2_all,0.30526938293093864,1.850371707708594e-17,5,15,15
ad_memoryless,B,qwen_nonthinking,False,ad_memoryless_r2,median_AE2_all,0.3111930989999016,1.850371707708594e-17,5,15,15
ad_memoryless,B,qwen_nonthinking,False,ad_memoryless_r1,median_AE2_matched,0.30526938293093864,1.850371707708594e-17,5,15,15
ad_memoryless,B,qwen_nonthinking,False,ad_memoryless_r2,median_AE2_matched,0.3111930989999016,1.850371707708594e-17,5,15,15
ad_memoryless,B,qwen_nonthinking,False,ad_memoryless_r1,delta_AE2_vs_median,0.5315145439717713,0.05285882665700739,5,15,15
ad_memoryless,B,qwen_nonthinking,False,ad_memoryless_r2,delta_AE2_vs_median,0.31406787730510466,0.08444921919249591,5,15,15
ad_memoryless,B,qwen_nonthinking,False,ad_memoryless_r1,median_ProfileAE_all,0.12556696374870785,9.25185853854297e-18,5,15,15
ad_memoryless,B,qwen_nonthinking,False,ad_memoryless_r2,median_ProfileAE_all,0.12732117573153706,2.7755575615628914e-17,5,15,15
ad_memoryless,B,qwen_nonthinking,False,ad_memoryless_r1,median_ProfileAE_matched,0.12556696374870785,9.25185853854297e-18,5,15,15
ad_memoryless,B,qwen_nonthinking,False,ad_memoryless_r2,median_ProfileAE_matched,0.12732117573153706,2.7755575615628914e-17,5,15,15
ad_memoryless,B,qwen_nonthinking,False,ad_memoryless_r1,delta_ProfileAE_vs_median,0.5481781561765334,0.08984316968411617,5,15,15
ad_memoryless,B,qwen_nonthinking,False,ad_memoryless_r2,delta_ProfileAE_vs_median,0.24162350002117985,0.07281021696037844,5,15,15
ad_memory,R,qwen_thinking,False,ad_memory_r1,valid_fraction,1.0,0.0,5,15,15
ad_memory,R,qwen_thinking,False,ad_memory_r2,valid_fraction,1.0,0.0,5,15,15
ad_memory,R,qwen_thinking,False,ad_memory_r1,AE2,0.04060702521366344,0.014856023290351914,5,15,15
ad_memory,R,qwen_thinking,False,ad_memory_r2,AE2,0.02637265723199204,0.006300602461665495,5,15,15
ad_memory,R,qwen_thinking,False,ad_memory_r1,ProfileAE,0.043896781921869625,0.016675717334097347,5,15,15
ad_memory,R,qwen_thinking,False,ad_memory_r2,ProfileAE,0.03521522053237291,0.009157568366404904,5,15,15
ad_memory,R,qwen_thinking,False,ad_memory_r1,signed_rho2,0.01892954972099033,0.023267698503335207,5,15,15
ad_memory,R,qwen_thinking,False,ad_memory_r2,signed_rho2,-0.022124462497764497,0.009550072960204747,5,15,15
ad_memory,R,qwen_thinking,False,ad_memory_r1,budget_matched,1.0,0.0,5,15,15
ad_memory,R,qwen_thinking,False,ad_memory_r2,budget_matched,1.0,0.0,5,15,15
ad_memory,R,qwen_thinking,False,ad_memory_r1,baseline_AE2_all,0.025634736239945787,0.010915235245001808,5,15,15
ad_memory,R,qwen_thinking,False,ad_memory_r2,baseline_AE2_all,0.026372499530259573,0.006302909764309925,5,15,15
ad_memory,R,qwen_thinking,False,ad_memory_r1,baseline_AE2_matched,0.025634736239945787,0.010915235245001808,5,15,15
ad_memory,R,qwen_thinking,False,ad_memory_r2,baseline_AE2_matched,0.026372499530259573,0.006302909764309925,5,15,15
ad_memory,R,qwen_thinking,False,ad_memory_r1,delta_AE2_vs_baseline,0.014972288973717652,0.010156812200562427,5,15,15
ad_memory,R,qwen_thinking,False,ad_memory_r2,delta_AE2_vs_baseline,1.5770173246535773e-07,2.8520891425993694e-06,5,15,15
ad_memory,R,qwen_thinking,False,ad_memory_r1,baseline_ProfileAE_all,0.025495422700952543,0.0054054785248104685,5,15,15
ad_memory,R,qwen_thinking,False,ad_memory_r2,baseline_ProfileAE_all,0.02701680073443324,0.009190809316652395,5,15,15
ad_memory,R,qwen_thinking,False,ad_memory_r1,baseline_ProfileAE_matched,0.025495422700952543,0.0054054785248104685,5,15,15
ad_memory,R,qwen_thinking,False,ad_memory_r2,baseline_ProfileAE_matched,0.02701680073443324,0.009190809316652395,5,15,15
ad_memory,R,qwen_thinking,False,ad_memory_r1,delta_ProfileAE_vs_baseline,0.01840135922091709,0.014291777871112568,5,15,15
ad_memory,R,qwen_thinking,False,ad_memory_r2,delta_ProfileAE_vs_baseline,0.008198419797939666,0.004100943899827621,5,15,15
ad_memory,R,qwen_thinking,False,ad_memory_r1,plugin_AE2_all,0.025634736239945787,0.010915235245001808,5,15,15
ad_memory,R,qwen_thinking,False,ad_memory_r2,plugin_AE2_all,0.026372499530259573,0.006302909764309925,5,15,15
ad_memory,R,qwen_thinking,False,ad_memory_r1,plugin_AE2_matched,0.025634736239945787,0.010915235245001808,5,15,15
ad_memory,R,qwen_thinking,False,ad_memory_r2,plugin_AE2_matched,0.026372499530259573,0.006302909764309925,5,15,15
ad_memory,R,qwen_thinking,False,ad_memory_r1,delta_AE2_vs_plugin,0.014972288973717652,0.010156812200562427,5,15,15
ad_memory,R,qwen_thinking,False,ad_memory_r2,delta_AE2_vs_plugin,1.5770173246535773e-07,2.8520891425993694e-06,5,15,15
ad_memory,R,qwen_thinking,False,ad_memory_r1,plugin_ProfileAE_all,0.025495422700952543,0.0054054785248104685,5,15,15
ad_memory,R,qwen_thinking,False,ad_memory_r2,plugin_ProfileAE_all,0.02701680073443324,0.009190809316652395,5,15,15
ad_memory,R,qwen_thinking,False,ad_memory_r1,plugin_ProfileAE_matched,0.025495422700952543,0.0054054785248104685,5,15,15
ad_memory,R,qwen_thinking,False,ad_memory_r2,plugin_ProfileAE_matched,0.02701680073443324,0.009190809316652395,5,15,15
ad_memory,R,qwen_thinking,False,ad_memory_r1,delta_ProfileAE_vs_plugin,0.01840135922091709,0.014291777871112568,5,15,15
ad_memory,R,qwen_thinking,False,ad_memory_r2,delta_ProfileAE_vs_plugin,0.008198419797939666,0.004100943899827621,5,15,15
ad_memory,R,qwen_thinking,False,ad_memory_r1,extratrees_AE2_all,0.00884429997855063,0.0025633555387015563,5,15,15
ad_memory,R,qwen_thinking,False,ad_memory_r2,extratrees_AE2_all,0.01769428260385455,0.007818724706563968,5,15,15
ad_memory,R,qwen_thinking,False,ad_memory_r1,extratrees_AE2_matched,0.00884429997855063,0.0025633555387015563,5,15,15
ad_memory,R,qwen_thinking,False,ad_memory_r2,extratrees_AE2_matched,0.01769428260385455,0.007818724706563968,5,15,15
ad_memory,R,qwen_thinking,False,ad_memory_r1,delta_AE2_vs_extratrees,0.03176272523511281,0.01443206235046814,5,15,15
ad_memory,R,qwen_thinking,False,ad_memory_r2,delta_AE2_vs_extratrees,0.00867837462813749,0.005712801559279153,5,15,15
ad_memory,R,qwen_thinking,False,ad_memory_r1,extratrees_ProfileAE_all,0.016492864005817457,0.0025239490245408014,5,15,15
ad_memory,R,qwen_thinking,False,ad_memory_r2,extratrees_ProfileAE_all,0.020954417464316474,0.009982294883092309,5,15,15
ad_memory,R,qwen_thinking,False,ad_memory_r1,extratrees_ProfileAE_matched,0.016492864005817457,0.0025239490245408014,5,15,15
ad_memory,R,qwen_thinking,False,ad_memory_r2,extratrees_ProfileAE_matched,0.020954417464316474,0.009982294883092309,5,15,15
ad_memory,R,qwen_thinking,False,ad_memory_r1,delta_ProfileAE_vs_extratrees,0.02740391791605217,0.014391090306163892,5,15,15
ad_memory,R,qwen_thinking,False,ad_memory_r2,delta_ProfileAE_vs_extratrees,0.014260803068056431,0.00658219928618182,5,15,15
ad_memory,R,qwen_thinking,False,ad_memory_r1,median_AE2_all,0.434296757210781,0.0,5,15,15
ad_memory,R,qwen_thinking,False,ad_memory_r2,median_AE2_all,0.42097405713620256,3.700743415417188e-17,5,15,15
ad_memory,R,qwen_thinking,False,ad_memory_r1,median_AE2_matched,0.434296757210781,0.0,5,15,15
ad_memory,R,qwen_thinking,False,ad_memory_r2,median_AE2_matched,0.42097405713620256,3.700743415417188e-17,5,15,15
ad_memory,R,qwen_thinking,False,ad_memory_r1,delta_AE2_vs_median,-0.39368973199711754,0.014856023290351903,5,15,15
ad_memory,R,qwen_thinking,False,ad_memory_r2,delta_AE2_vs_median,-0.39460139990421045,0.006300602461665495,5,15,15
ad_memory,R,qwen_thinking,False,ad_memory_r1,median_ProfileAE_all,0.2991492274246387,0.0,5,15,15
ad_memory,R,qwen_thinking,False,ad_memory_r2,median_ProfileAE_all,0.2851738094303835,0.0,5,15,15
ad_memory,R,qwen_thinking,False,ad_memory_r1,median_ProfileAE_matched,0.2991492274246387,0.0,5,15,15
ad_memory,R,qwen_thinking,False,ad_memory_r2,median_ProfileAE_matched,0.2851738094303835,0.0,5,15,15
ad_memory,R,qwen_thinking,False,ad_memory_r1,delta_ProfileAE_vs_median,-0.25525244550276904,0.016675717334097347,5,15,15
ad_memory,R,qwen_thinking,False,ad_memory_r2,delta_ProfileAE_vs_median,-0.2499585888980106,0.009157568366404908,5,15,15
ad_memory,R,qwen_nonthinking,False,ad_memory_r1,valid_fraction,1.0,0.0,5,15,15
ad_memory,R,qwen_nonthinking,False,ad_memory_r2,valid_fraction,1.0,0.0,5,15,15
ad_memory,R,qwen_nonthinking,False,ad_memory_r1,AE2,0.07317733872326085,0.011010529733669025,5,15,15
ad_memory,R,qwen_nonthinking,False,ad_memory_r2,AE2,0.13120715350223547,0.013091557924436982,5,15,15
ad_memory,R,qwen_nonthinking,False,ad_memory_r1,ProfileAE,0.11501649149402053,0.014099605057791504,5,15,15
ad_memory,R,qwen_nonthinking,False,ad_memory_r2,ProfileAE,0.19275434674615,0.02296079085455609,5,15,15
ad_memory,R,qwen_nonthinking,False,ad_memory_r1,signed_rho2,0.061664453427657,0.0156304389644764,5,15,15
ad_memory,R,qwen_nonthinking,False,ad_memory_r2,signed_rho2,0.13120715350223547,0.013091557924436982,5,15,15
ad_memory,R,qwen_nonthinking,False,ad_memory_r1,budget_matched,1.0,0.0,5,15,15
ad_memory,R,qwen_nonthinking,False,ad_memory_r2,budget_matched,1.0,0.0,5,15,15
ad_memory,R,qwen_nonthinking,False,ad_memory_r1,baseline_AE2_all,0.025634736239945787,0.010915235245001808,5,15,15
ad_memory,R,qwen_nonthinking,False,ad_memory_r2,baseline_AE2_all,0.026372499530259573,0.006302909764309925,5,15,15
ad_memory,R,qwen_nonthinking,False,ad_memory_r1,baseline_AE2_matched,0.025634736239945787,0.010915235245001808,5,15,15
ad_memory,R,qwen_nonthinking,False,ad_memory_r2,baseline_AE2_matched,0.026372499530259573,0.006302909764309925,5,15,15
ad_memory,R,qwen_nonthinking,False,ad_memory_r1,delta_AE2_vs_baseline,0.04754260248331507,0.011371060077566804,5,15,15
ad_memory,R,qwen_nonthinking,False,ad_memory_r2,delta_AE2_vs_baseline,0.10483465397197587,0.01661031482877904,5,15,15
ad_memory,R,qwen_nonthinking,False,ad_memory_r1,baseline_ProfileAE_all,0.025495422700952543,0.0054054785248104685,5,15,15
ad_memory,R,qwen_nonthinking,False,ad_memory_r2,baseline_ProfileAE_all,0.02701680073443324,0.009190809316652395,5,15,15
ad_memory,R,qwen_nonthinking,False,ad_memory_r1,baseline_ProfileAE_matched,0.025495422700952543,0.0054054785248104685,5,15,15
ad_memory,R,qwen_nonthinking,False,ad_memory_r2,baseline_ProfileAE_matched,0.02701680073443324,0.009190809316652395,5,15,15
ad_memory,R,qwen_nonthinking,False,ad_memory_r1,delta_ProfileAE_vs_baseline,0.08952106879306801,0.013550701961134665,5,15,15
ad_memory,R,qwen_nonthinking,False,ad_memory_r2,delta_ProfileAE_vs_baseline,0.16573754601171678,0.030765324585111956,5,15,15
ad_memory,R,qwen_nonthinking,False,ad_memory_r1,plugin_AE2_all,0.025634736239945787,0.010915235245001808,5,15,15
ad_memory,R,qwen_nonthinking,False,ad_memory_r2,plugin_AE2_all,0.026372499530259573,0.006302909764309925,5,15,15
ad_memory,R,qwen_nonthinking,False,ad_memory_r1,plugin_AE2_matched,0.025634736239945787,0.010915235245001808,5,15,15
ad_memory,R,qwen_nonthinking,False,ad_memory_r2,plugin_AE2_matched,0.026372499530259573,0.006302909764309925,5,15,15
ad_memory,R,qwen_nonthinking,False,ad_memory_r1,delta_AE2_vs_plugin,0.04754260248331507,0.011371060077566804,5,15,15
ad_memory,R,qwen_nonthinking,False,ad_memory_r2,delta_AE2_vs_plugin,0.10483465397197587,0.01661031482877904,5,15,15
ad_memory,R,qwen_nonthinking,False,ad_memory_r1,plugin_ProfileAE_all,0.025495422700952543,0.0054054785248104685,5,15,15
ad_memory,R,qwen_nonthinking,False,ad_memory_r2,plugin_ProfileAE_all,0.02701680073443324,0.009190809316652395,5,15,15
ad_memory,R,qwen_nonthinking,False,ad_memory_r1,plugin_ProfileAE_matched,0.025495422700952543,0.0054054785248104685,5,15,15
ad_memory,R,qwen_nonthinking,False,ad_memory_r2,plugin_ProfileAE_matched,0.02701680073443324,0.009190809316652395,5,15,15
ad_memory,R,qwen_nonthinking,False,ad_memory_r1,delta_ProfileAE_vs_plugin,0.08952106879306801,0.013550701961134665,5,15,15
ad_memory,R,qwen_nonthinking,False,ad_memory_r2,delta_ProfileAE_vs_plugin,0.16573754601171678,0.030765324585111956,5,15,15
ad_memory,R,qwen_nonthinking,False,ad_memory_r1,extratrees_AE2_all,0.00884429997855063,0.0025633555387015563,5,15,15
ad_memory,R,qwen_nonthinking,False,ad_memory_r2,extratrees_AE2_all,0.01769428260385455,0.007818724706563968,5,15,15
ad_memory,R,qwen_nonthinking,False,ad_memory_r1,extratrees_AE2_matched,0.00884429997855063,0.0025633555387015563,5,15,15
ad_memory,R,qwen_nonthinking,False,ad_memory_r2,extratrees_AE2_matched,0.01769428260385455,0.007818724706563968,5,15,15
ad_memory,R,qwen_nonthinking,False,ad_memory_r1,delta_AE2_vs_extratrees,0.06433303874471023,0.013273459321118326,5,15,15
ad_memory,R,qwen_nonthinking,False,ad_memory_r2,delta_AE2_vs_extratrees,0.1135128708983809,0.016605774386957452,5,15,15
ad_memory,R,qwen_nonthinking,False,ad_memory_r1,extratrees_ProfileAE_all,0.016492864005817457,0.0025239490245408014,5,15,15
ad_memory,R,qwen_nonthinking,False,ad_memory_r2,extratrees_ProfileAE_all,0.020954417464316474,0.009982294883092309,5,15,15
ad_memory,R,qwen_nonthinking,False,ad_memory_r1,extratrees_ProfileAE_matched,0.016492864005817457,0.0025239490245408014,5,15,15
ad_memory,R,qwen_nonthinking,False,ad_memory_r2,extratrees_ProfileAE_matched,0.020954417464316474,0.009982294883092309,5,15,15
ad_memory,R,qwen_nonthinking,False,ad_memory_r1,delta_ProfileAE_vs_extratrees,0.09852362748820309,0.013123171756867476,5,15,15
ad_memory,R,qwen_nonthinking,False,ad_memory_r2,delta_ProfileAE_vs_extratrees,0.17179992928183357,0.030249963608848178,5,15,15
ad_memory,R,qwen_nonthinking,False,ad_memory_r1,median_AE2_all,0.434296757210781,0.0,5,15,15
ad_memory,R,qwen_nonthinking,False,ad_memory_r2,median_AE2_all,0.42097405713620256,3.700743415417188e-17,5,15,15
ad_memory,R,qwen_nonthinking,False,ad_memory_r1,median_AE2_matched,0.434296757210781,0.0,5,15,15
ad_memory,R,qwen_nonthinking,False,ad_memory_r2,median_AE2_matched,0.42097405713620256,3.700743415417188e-17,5,15,15
ad_memory,R,qwen_nonthinking,False,ad_memory_r1,delta_AE2_vs_median,-0.36111941848752005,0.011010529733669018,5,15,15
ad_memory,R,qwen_nonthinking,False,ad_memory_r2,delta_AE2_vs_median,-0.28976690363396707,0.01309155792443698,5,15,15
ad_memory,R,qwen_nonthinking,False,ad_memory_r1,median_ProfileAE_all,0.2991492274246387,0.0,5,15,15
ad_memory,R,qwen_nonthinking,False,ad_memory_r2,median_ProfileAE_all,0.2851738094303835,0.0,5,15,15
ad_memory,R,qwen_nonthinking,False,ad_memory_r1,median_ProfileAE_matched,0.2991492274246387,0.0,5,15,15
ad_memory,R,qwen_nonthinking,False,ad_memory_r2,median_ProfileAE_matched,0.2851738094303835,0.0,5,15,15
ad_memory,R,qwen_nonthinking,False,ad_memory_r1,delta_ProfileAE_vs_median,-0.18413273593061813,0.0140996050577915,5,15,15
ad_memory,R,qwen_nonthinking,False,ad_memory_r2,delta_ProfileAE_vs_median,-0.09241946268423347,0.022960790854556094,5,15,15
ad_memory,S,qwen_thinking,False,ad_memory_r1,valid_fraction,1.0,0.0,5,15,15
ad_memory,S,qwen_thinking,False,ad_memory_r2,valid_fraction,1.0,0.0,5,15,15
ad_memory,S,qwen_thinking,False,ad_memory_r1,AE2,0.06130695189820452,0.023142400603928602,5,15,15
ad_memory,S,qwen_thinking,False,ad_memory_r2,AE2,0.05239176578903793,0.013164093033083699,5,15,15
ad_memory,S,qwen_thinking,False,ad_memory_r1,ProfileAE,0.06146651596267223,0.022687957210729467,5,15,15
ad_memory,S,qwen_thinking,False,ad_memory_r2,ProfileAE,0.04110215089418778,0.013346636401959879,5,15,15
ad_memory,S,qwen_thinking,False,ad_memory_r1,signed_rho2,0.006258301814323674,0.033453948530970286,5,15,15
ad_memory,S,qwen_thinking,False,ad_memory_r2,signed_rho2,-0.013060313164431184,0.02549332937186162,5,15,15
ad_memory,S,qwen_thinking,False,ad_memory_r1,budget_matched,1.0,0.0,5,15,15
ad_memory,S,qwen_thinking,False,ad_memory_r2,budget_matched,1.0,0.0,5,15,15
ad_memory,S,qwen_thinking,False,ad_memory_r1,baseline_AE2_all,0.039100147699560474,0.016483498266321183,5,15,15
ad_memory,S,qwen_thinking,False,ad_memory_r2,baseline_AE2_all,0.03216359728690969,0.010699495030047957,5,15,15
ad_memory,S,qwen_thinking,False,ad_memory_r1,baseline_AE2_matched,0.039100147699560474,0.016483498266321183,5,15,15
ad_memory,S,qwen_thinking,False,ad_memory_r2,baseline_AE2_matched,0.03216359728690969,0.010699495030047957,5,15,15
ad_memory,S,qwen_thinking,False,ad_memory_r1,delta_AE2_vs_baseline,0.02220680419864405,0.015601068198057183,5,15,15
ad_memory,S,qwen_thinking,False,ad_memory_r2,delta_AE2_vs_baseline,0.020228168502128236,0.012787068760041743,5,15,15
ad_memory,S,qwen_thinking,False,ad_memory_r1,baseline_ProfileAE_all,0.03161786138736913,0.007485655525984903,5,15,15
ad_memory,S,qwen_thinking,False,ad_memory_r2,baseline_ProfileAE_all,0.025276367006422086,0.007578594309066977,5,15,15
ad_memory,S,qwen_thinking,False,ad_memory_r1,baseline_ProfileAE_matched,0.03161786138736913,0.007485655525984903,5,15,15
ad_memory,S,qwen_thinking,False,ad_memory_r2,baseline_ProfileAE_matched,0.025276367006422086,0.007578594309066977,5,15,15
ad_memory,S,qwen_thinking,False,ad_memory_r1,delta_ProfileAE_vs_baseline,0.02984865457530311,0.019203945072018107,5,15,15
ad_memory,S,qwen_thinking,False,ad_memory_r2,delta_ProfileAE_vs_baseline,0.015825783887765697,0.010123747699498146,5,15,15
ad_memory,S,qwen_thinking,False,ad_memory_r1,plugin_AE2_all,0.13334915425503435,0.009799384829968696,5,15,15
ad_memory,S,qwen_thinking,False,ad_memory_r2,plugin_AE2_all,0.14722079654219344,0.004228449609703655,5,15,15
ad_memory,S,qwen_thinking,False,ad_memory_r1,plugin_AE2_matched,0.13334915425503435,0.009799384829968696,5,15,15
ad_memory,S,qwen_thinking,False,ad_memory_r2,plugin_AE2_matched,0.14722079654219344,0.004228449609703655,5,15,15
ad_memory,S,qwen_thinking,False,ad_memory_r1,delta_AE2_vs_plugin,-0.07204220235682982,0.02316537175597265,5,15,15
ad_memory,S,qwen_thinking,False,ad_memory_r2,delta_AE2_vs_plugin,-0.09482903075315556,0.014173837134002077,5,15,15
ad_memory,S,qwen_thinking,False,ad_memory_r1,plugin_ProfileAE_all,0.1598727454512944,0.009620725893519479,5,15,15
ad_memory,S,qwen_thinking,False,ad_memory_r2,plugin_ProfileAE_all,0.14969305757978582,0.010149364068234242,5,15,15
ad_memory,S,qwen_thinking,False,ad_memory_r1,plugin_ProfileAE_matched,0.1598727454512944,0.009620725893519479,5,15,15
ad_memory,S,qwen_thinking,False,ad_memory_r2,plugin_ProfileAE_matched,0.14969305757978582,0.010149364068234242,5,15,15
ad_memory,S,qwen_thinking,False,ad_memory_r1,delta_ProfileAE_vs_plugin,-0.09840622948862215,0.019493788954914597,5,15,15
ad_memory,S,qwen_thinking,False,ad_memory_r2,delta_ProfileAE_vs_plugin,-0.10859090668559804,0.022254283720147486,5,15,15
ad_memory,S,qwen_thinking,False,ad_memory_r1,extratrees_AE2_all,0.01975942126901862,0.0050115399023909464,5,15,15
ad_memory,S,qwen_thinking,False,ad_memory_r2,extratrees_AE2_all,0.012812571432802766,0.007779946260129511,5,15,15
ad_memory,S,qwen_thinking,False,ad_memory_r1,extratrees_AE2_matched,0.01975942126901862,0.0050115399023909464,5,15,15
ad_memory,S,qwen_thinking,False,ad_memory_r2,extratrees_AE2_matched,0.012812571432802766,0.007779946260129511,5,15,15
ad_memory,S,qwen_thinking,False,ad_memory_r1,delta_AE2_vs_extratrees,0.041547530629185904,0.024054855471155705,5,15,15
ad_memory,S,qwen_thinking,False,ad_memory_r2,delta_AE2_vs_extratrees,0.039579194356235164,0.013634036965261939,5,15,15
ad_memory,S,qwen_thinking,False,ad_memory_r1,extratrees_ProfileAE_all,0.0214596512514383,0.006991225278759577,5,15,15
ad_memory,S,qwen_thinking,False,ad_memory_r2,extratrees_ProfileAE_all,0.015665340983735933,0.009205381677527125,5,15,15
ad_memory,S,qwen_thinking,False,ad_memory_r1,extratrees_ProfileAE_matched,0.0214596512514383,0.006991225278759577,5,15,15
ad_memory,S,qwen_thinking,False,ad_memory_r2,extratrees_ProfileAE_matched,0.015665340983735933,0.009205381677527125,5,15,15
ad_memory,S,qwen_thinking,False,ad_memory_r1,delta_ProfileAE_vs_extratrees,0.04000686471123394,0.021663612106006782,5,15,15
ad_memory,S,qwen_thinking,False,ad_memory_r2,delta_ProfileAE_vs_extratrees,0.02543680991045185,0.008966757691141046,5,15,15
ad_memory,S,qwen_thinking,False,ad_memory_r1,median_AE2_all,0.434296757210781,0.0,5,15,15
ad_memory,S,qwen_thinking,False,ad_memory_r2,median_AE2_all,0.42097405713620256,3.700743415417188e-17,5,15,15
ad_memory,S,qwen_thinking,False,ad_memory_r1,median_AE2_matched,0.434296757210781,0.0,5,15,15
ad_memory,S,qwen_thinking,False,ad_memory_r2,median_AE2_matched,0.42097405713620256,3.700743415417188e-17,5,15,15
ad_memory,S,qwen_thinking,False,ad_memory_r1,delta_AE2_vs_median,-0.37298980531257653,0.023142400603928612,5,15,15
ad_memory,S,qwen_thinking,False,ad_memory_r2,delta_AE2_vs_median,-0.3685822913471645,0.013164093033083697,5,15,15
ad_memory,S,qwen_thinking,False,ad_memory_r1,median_ProfileAE_all,0.2991492274246387,0.0,5,15,15
ad_memory,S,qwen_thinking,False,ad_memory_r2,median_ProfileAE_all,0.2851738094303835,0.0,5,15,15
ad_memory,S,qwen_thinking,False,ad_memory_r1,median_ProfileAE_matched,0.2991492274246387,0.0,5,15,15
ad_memory,S,qwen_thinking,False,ad_memory_r2,median_ProfileAE_matched,0.2851738094303835,0.0,5,15,15
ad_memory,S,qwen_thinking,False,ad_memory_r1,delta_ProfileAE_vs_median,-0.23768271146196643,0.022687957210729463,5,15,15
ad_memory,S,qwen_thinking,False,ad_memory_r2,delta_ProfileAE_vs_median,-0.24407165853619572,0.01334663640195988,5,15,15
ad_memory,S,qwen_nonthinking,False,ad_memory_r1,valid_fraction,1.0,0.0,5,15,15
ad_memory,S,qwen_nonthinking,False,ad_memory_r2,valid_fraction,1.0,0.0,5,15,15
ad_memory,S,qwen_nonthinking,False,ad_memory_r1,AE2,0.10772208185952493,0.010490710105439402,5,15,15
ad_memory,S,qwen_nonthinking,False,ad_memory_r2,AE2,0.12660175525749295,0.012312839065301166,5,15,15
ad_memory,S,qwen_nonthinking,False,ad_memory_r1,ProfileAE,0.18307166919319517,0.020501760926628622,5,15,15
ad_memory,S,qwen_nonthinking,False,ad_memory_r2,ProfileAE,0.19595744328531212,0.024347482422191775,5,15,15
ad_memory,S,qwen_nonthinking,False,ad_memory_r1,signed_rho2,0.10255112009432364,0.010198039027185567,5,15,15
ad_memory,S,qwen_nonthinking,False,ad_memory_r2,signed_rho2,0.1178738201689021,0.020248456731316585,5,15,15
ad_memory,S,qwen_nonthinking,False,ad_memory_r1,budget_matched,1.0,0.0,5,15,15
ad_memory,S,qwen_nonthinking,False,ad_memory_r2,budget_matched,1.0,0.0,5,15,15
ad_memory,S,qwen_nonthinking,False,ad_memory_r1,baseline_AE2_all,0.039100147699560474,0.016483498266321183,5,15,15
ad_memory,S,qwen_nonthinking,False,ad_memory_r2,baseline_AE2_all,0.03216359728690969,0.010699495030047957,5,15,15
ad_memory,S,qwen_nonthinking,False,ad_memory_r1,baseline_AE2_matched,0.039100147699560474,0.016483498266321183,5,15,15
ad_memory,S,qwen_nonthinking,False,ad_memory_r2,baseline_AE2_matched,0.03216359728690969,0.010699495030047957,5,15,15
ad_memory,S,qwen_nonthinking,False,ad_memory_r1,delta_AE2_vs_baseline,0.06862193415996447,0.020853283626587685,5,15,15
ad_memory,S,qwen_nonthinking,False,ad_memory_r2,delta_AE2_vs_baseline,0.09443815797058326,0.017205054269825958,5,15,15
ad_memory,S,qwen_nonthinking,False,ad_memory_r1,baseline_ProfileAE_all,0.03161786138736913,0.007485655525984903,5,15,15
ad_memory,S,qwen_nonthinking,False,ad_memory_r2,baseline_ProfileAE_all,0.025276367006422086,0.007578594309066977,5,15,15
ad_memory,S,qwen_nonthinking,False,ad_memory_r1,baseline_ProfileAE_matched,0.03161786138736913,0.007485655525984903,5,15,15
ad_memory,S,qwen_nonthinking,False,ad_memory_r2,baseline_ProfileAE_matched,0.025276367006422086,0.007578594309066977,5,15,15
ad_memory,S,qwen_nonthinking,False,ad_memory_r1,delta_ProfileAE_vs_baseline,0.1514538078058261,0.02349700969191666,5,15,15
ad_memory,S,qwen_nonthinking,False,ad_memory_r2,delta_ProfileAE_vs_baseline,0.17068107627889006,0.02156336721756022,5,15,15
ad_memory,S,qwen_nonthinking,False,ad_memory_r1,plugin_AE2_all,0.13334915425503435,0.009799384829968696,5,15,15
ad_memory,S,qwen_nonthinking,False,ad_memory_r2,plugin_AE2_all,0.14722079654219344,0.004228449609703655,5,15,15
ad_memory,S,qwen_nonthinking,False,ad_memory_r1,plugin_AE2_matched,0.13334915425503435,0.009799384829968696,5,15,15
ad_memory,S,qwen_nonthinking,False,ad_memory_r2,plugin_AE2_matched,0.14722079654219344,0.004228449609703655,5,15,15
ad_memory,S,qwen_nonthinking,False,ad_memory_r1,delta_AE2_vs_plugin,-0.025627072395509386,0.019117434166983974,5,15,15
ad_memory,S,qwen_nonthinking,False,ad_memory_r2,delta_AE2_vs_plugin,-0.020619041284700528,0.013150169574282458,5,15,15
ad_memory,S,qwen_nonthinking,False,ad_memory_r1,plugin_ProfileAE_all,0.1598727454512944,0.009620725893519479,5,15,15
ad_memory,S,qwen_nonthinking,False,ad_memory_r2,plugin_ProfileAE_all,0.14969305757978582,0.010149364068234242,5,15,15
ad_memory,S,qwen_nonthinking,False,ad_memory_r1,plugin_ProfileAE_matched,0.1598727454512944,0.009620725893519479,5,15,15
ad_memory,S,qwen_nonthinking,False,ad_memory_r2,plugin_ProfileAE_matched,0.14969305757978582,0.010149364068234242,5,15,15
ad_memory,S,qwen_nonthinking,False,ad_memory_r1,delta_ProfileAE_vs_plugin,0.023198923741900808,0.029407325755672627,5,15,15
ad_memory,S,qwen_nonthinking,False,ad_memory_r2,delta_ProfileAE_vs_plugin,0.046264385705526316,0.030847706982336926,5,15,15
ad_memory,S,qwen_nonthinking,False,ad_memory_r1,extratrees_AE2_all,0.01975942126901862,0.0050115399023909464,5,15,15
ad_memory,S,qwen_nonthinking,False,ad_memory_r2,extratrees_AE2_all,0.012812571432802766,0.007779946260129511,5,15,15
ad_memory,S,qwen_nonthinking,False,ad_memory_r1,extratrees_AE2_matched,0.01975942126901862,0.0050115399023909464,5,15,15
ad_memory,S,qwen_nonthinking,False,ad_memory_r2,extratrees_AE2_matched,0.012812571432802766,0.007779946260129511,5,15,15
ad_memory,S,qwen_nonthinking,False,ad_memory_r1,delta_AE2_vs_extratrees,0.08796266059050634,0.009253907336890254,5,15,15
ad_memory,S,qwen_nonthinking,False,ad_memory_r2,delta_AE2_vs_extratrees,0.1137891838246902,0.0106562919248268,5,15,15
ad_memory,S,qwen_nonthinking,False,ad_memory_r1,extratrees_ProfileAE_all,0.0214596512514383,0.006991225278759577,5,15,15
ad_memory,S,qwen_nonthinking,False,ad_memory_r2,extratrees_ProfileAE_all,0.015665340983735933,0.009205381677527125,5,15,15
ad_memory,S,qwen_nonthinking,False,ad_memory_r1,extratrees_ProfileAE_matched,0.0214596512514383,0.006991225278759577,5,15,15
ad_memory,S,qwen_nonthinking,False,ad_memory_r2,extratrees_ProfileAE_matched,0.015665340983735933,0.009205381677527125,5,15,15
ad_memory,S,qwen_nonthinking,False,ad_memory_r1,delta_ProfileAE_vs_extratrees,0.16161201794175692,0.020495095692158204,5,15,15
ad_memory,S,qwen_nonthinking,False,ad_memory_r2,delta_ProfileAE_vs_extratrees,0.18029210230157622,0.023056067099685388,5,15,15
ad_memory,S,qwen_nonthinking,False,ad_memory_r1,median_AE2_all,0.434296757210781,0.0,5,15,15
ad_memory,S,qwen_nonthinking,False,ad_memory_r2,median_AE2_all,0.42097405713620256,3.700743415417188e-17,5,15,15
ad_memory,S,qwen_nonthinking,False,ad_memory_r1,median_AE2_matched,0.434296757210781,0.0,5,15,15
ad_memory,S,qwen_nonthinking,False,ad_memory_r2,median_AE2_matched,0.42097405713620256,3.700743415417188e-17,5,15,15
ad_memory,S,qwen_nonthinking,False,ad_memory_r1,delta_AE2_vs_median,-0.32657467535125606,0.010490710105439397,5,15,15
ad_memory,S,qwen_nonthinking,False,ad_memory_r2,delta_AE2_vs_median,-0.29437230187870955,0.012312839065301166,5,15,15
ad_memory,S,qwen_nonthinking,False,ad_memory_r1,median_ProfileAE_all,0.2991492274246387,0.0,5,15,15
ad_memory,S,qwen_nonthinking,False,ad_memory_r2,median_ProfileAE_all,0.2851738094303835,0.0,5,15,15
ad_memory,S,qwen_nonthinking,False,ad_memory_r1,median_ProfileAE_matched,0.2991492274246387,0.0,5,15,15
ad_memory,S,qwen_nonthinking,False,ad_memory_r2,median_ProfileAE_matched,0.2851738094303835,0.0,5,15,15
ad_memory,S,qwen_nonthinking,False,ad_memory_r1,delta_ProfileAE_vs_median,-0.11607755823144346,0.020501760926628622,5,15,15
ad_memory,S,qwen_nonthinking,False,ad_memory_r2,delta_ProfileAE_vs_median,-0.08921636614507135,0.024347482422191775,5,15,15
ad_memory,H,qwen_thinking,False,ad_memory_r1,valid_fraction,1.0,0.0,5,15,15
ad_memory,H,qwen_thinking,False,ad_memory_r2,valid_fraction,1.0,0.0,5,15,15
ad_memory,H,qwen_thinking,False,ad_memory_r1,AE2,0.013144272056594186,0.0028843319183953714,5,15,15
ad_memory,H,qwen_thinking,False,ad_memory_r2,AE2,0.0246558010643461,0.00612286197301381,5,15,15
ad_memory,H,qwen_thinking,False,ad_memory_r1,ProfileAE,0.11586474066026613,0.002715285901773061,5,15,15
ad_memory,H,qwen_thinking,False,ad_memory_r2,ProfileAE,0.09418186315643716,0.0056501050414634576,5,15,15
ad_memory,H,qwen_thinking,False,ad_memory_r1,signed_rho2,0.0032180534276569973,0.00643747829459124,5,15,15
ad_memory,H,qwen_thinking,False,ad_memory_r2,signed_rho2,-0.024597069486270252,0.00616857493229334,5,15,15
ad_memory,H,qwen_thinking,False,ad_memory_r1,budget_matched,1.0,0.0,5,15,15
ad_memory,H,qwen_thinking,False,ad_memory_r2,budget_matched,1.0,0.0,5,15,15
ad_memory,H,qwen_thinking,False,ad_memory_r1,baseline_AE2_all,0.01600105832268863,0.0017778021166021162,5,15,15
ad_memory,H,qwen_thinking,False,ad_memory_r2,baseline_AE2_all,0.020718133854086364,0.005026682667970096,5,15,15
ad_memory,H,qwen_thinking,False,ad_memory_r1,baseline_AE2_matched,0.01600105832268863,0.0017778021166021162,5,15,15
ad_memory,H,qwen_thinking,False,ad_memory_r2,baseline_AE2_matched,0.020718133854086364,0.005026682667970096,5,15,15
ad_memory,H,qwen_thinking,False,ad_memory_r1,delta_AE2_vs_baseline,-0.0028567862660944464,0.002687270734987028,5,15,15
ad_memory,H,qwen_thinking,False,ad_memory_r2,delta_AE2_vs_baseline,0.003937667210259736,0.0013617137933625758,5,15,15
ad_memory,H,qwen_thinking,False,ad_memory_r1,baseline_ProfileAE_all,0.020252511889865047,0.0028827105610694953,5,15,15
ad_memory,H,qwen_thinking,False,ad_memory_r2,baseline_ProfileAE_all,0.02701631207496103,0.004553997114033495,5,15,15
ad_memory,H,qwen_thinking,False,ad_memory_r1,baseline_ProfileAE_matched,0.020252511889865047,0.0028827105610694953,5,15,15
ad_memory,H,qwen_thinking,False,ad_memory_r2,baseline_ProfileAE_matched,0.02701631207496103,0.004553997114033495,5,15,15
ad_memory,H,qwen_thinking,False,ad_memory_r1,delta_ProfileAE_vs_baseline,0.09561222877040107,0.004757423078925353,5,15,15
ad_memory,H,qwen_thinking,False,ad_memory_r2,delta_ProfileAE_vs_baseline,0.06716555108147615,0.005195559144054079,5,15,15
ad_memory,H,qwen_thinking,False,ad_memory_r1,plugin_AE2_all,0.012567581927838845,0.0046379038257107555,5,15,15
ad_memory,H,qwen_thinking,False,ad_memory_r2,plugin_AE2_all,0.02545951316443118,0.005620002073450564,5,15,15
ad_memory,H,qwen_thinking,False,ad_memory_r1,plugin_AE2_matched,0.012567581927838845,0.0046379038257107555,5,15,15
ad_memory,H,qwen_thinking,False,ad_memory_r2,plugin_AE2_matched,0.02545951316443118,0.005620002073450564,5,15,15
ad_memory,H,qwen_thinking,False,ad_memory_r1,delta_AE2_vs_plugin,0.0005766901287553416,0.0022865225604954105,5,15,15
ad_memory,H,qwen_thinking,False,ad_memory_r2,delta_AE2_vs_plugin,-0.0008037121000850819,0.0005203653803476323,5,15,15
ad_memory,H,qwen_thinking,False,ad_memory_r1,plugin_ProfileAE_all,0.0934528211456343,0.0037755842724443585,5,15,15
ad_memory,H,qwen_thinking,False,ad_memory_r2,plugin_ProfileAE_all,0.09465082566764309,0.003879310344827584,5,15,15
ad_memory,H,qwen_thinking,False,ad_memory_r1,plugin_ProfileAE_matched,0.0934528211456343,0.0037755842724443585,5,15,15
ad_memory,H,qwen_thinking,False,ad_memory_r2,plugin_ProfileAE_matched,0.09465082566764309,0.003879310344827584,5,15,15
ad_memory,H,qwen_thinking,False,ad_memory_r1,delta_ProfileAE_vs_plugin,0.02241191951463182,0.004984485856344902,5,15,15
ad_memory,H,qwen_thinking,False,ad_memory_r2,delta_ProfileAE_vs_plugin,-0.0004689625112059004,0.006305762316478085,5,15,15
ad_memory,H,qwen_thinking,False,ad_memory_r1,extratrees_AE2_all,0.006357767235626666,0.0016708113616546308,5,15,15
ad_memory,H,qwen_thinking,False,ad_memory_r2,extratrees_AE2_all,0.010620162263785416,0.002538560398914179,5,15,15
ad_memory,H,qwen_thinking,False,ad_memory_r1,extratrees_AE2_matched,0.006357767235626666,0.0016708113616546308,5,15,15
ad_memory,H,qwen_thinking,False,ad_memory_r2,extratrees_AE2_matched,0.010620162263785416,0.002538560398914179,5,15,15
ad_memory,H,qwen_thinking,False,ad_memory_r1,delta_AE2_vs_extratrees,0.00678650482096752,0.003751644211226493,5,15,15
ad_memory,H,qwen_thinking,False,ad_memory_r2,delta_AE2_vs_extratrees,0.014035638800560683,0.004826319600200001,5,15,15
ad_memory,H,qwen_thinking,False,ad_memory_r1,extratrees_ProfileAE_all,0.008722525978653984,0.0031663980470678452,5,15,15
ad_memory,H,qwen_thinking,False,ad_memory_r2,extratrees_ProfileAE_all,0.012541297835129828,0.003049433246556695,5,15,15
ad_memory,H,qwen_thinking,False,ad_memory_r1,extratrees_ProfileAE_matched,0.008722525978653984,0.0031663980470678452,5,15,15
ad_memory,H,qwen_thinking,False,ad_memory_r2,extratrees_ProfileAE_matched,0.012541297835129828,0.003049433246556695,5,15,15
ad_memory,H,qwen_thinking,False,ad_memory_r1,delta_ProfileAE_vs_extratrees,0.10714221468161214,0.004667052105101466,5,15,15
ad_memory,H,qwen_thinking,False,ad_memory_r2,delta_ProfileAE_vs_extratrees,0.08164056532130733,0.0054710932347867385,5,15,15
ad_memory,H,qwen_thinking,False,ad_memory_r1,median_AE2_all,0.434296757210781,0.0,5,15,15
ad_memory,H,qwen_thinking,False,ad_memory_r2,median_AE2_all,0.42097405713620256,3.700743415417188e-17,5,15,15
ad_memory,H,qwen_thinking,False,ad_memory_r1,median_AE2_matched,0.434296757210781,0.0,5,15,15
ad_memory,H,qwen_thinking,False,ad_memory_r2,median_AE2_matched,0.42097405713620256,3.700743415417188e-17,5,15,15
ad_memory,H,qwen_thinking,False,ad_memory_r1,delta_AE2_vs_median,-0.42115248515418685,0.002884331918395366,5,15,15
ad_memory,H,qwen_thinking,False,ad_memory_r2,delta_AE2_vs_median,-0.39631825607185633,0.006122861973013811,5,15,15
ad_memory,H,qwen_thinking,False,ad_memory_r1,median_ProfileAE_all,0.2991492274246387,0.0,5,15,15
ad_memory,H,qwen_thinking,False,ad_memory_r2,median_ProfileAE_all,0.2851738094303835,0.0,5,15,15
ad_memory,H,qwen_thinking,False,ad_memory_r1,median_ProfileAE_matched,0.2991492274246387,0.0,5,15,15
ad_memory,H,qwen_thinking,False,ad_memory_r2,median_ProfileAE_matched,0.2851738094303835,0.0,5,15,15
ad_memory,H,qwen_thinking,False,ad_memory_r1,delta_ProfileAE_vs_median,-0.18328448676437253,0.002715285901773061,5,15,15
ad_memory,H,qwen_thinking,False,ad_memory_r2,delta_ProfileAE_vs_median,-0.1909919462739463,0.005650105041463454,5,15,15
ad_memory,H,qwen_nonthinking,False,ad_memory_r1,valid_fraction,1.0,0.0,5,15,15
ad_memory,H,qwen_nonthinking,False,ad_memory_r2,valid_fraction,1.0,0.0,5,15,15
ad_memory,H,qwen_nonthinking,False,ad_memory_r1,AE2,0.11721778676099029,0.016103829772241545,5,15,15
ad_memory,H,qwen_nonthinking,False,ad_memory_r2,AE2,0.07587382016890214,0.01138224738597591,5,15,15
ad_memory,H,qwen_nonthinking,False,ad_memory_r1,ProfileAE,0.2141122620852282,0.040860875065410814,5,15,15
ad_memory,H,qwen_nonthinking,False,ad_memory_r2,ProfileAE,0.13673845007451566,0.016432780306474028,5,15,15
ad_memory,H,qwen_nonthinking,False,ad_memory_r1,signed_rho2,0.11721778676099029,0.016103829772241545,5,15,15
ad_memory,H,qwen_nonthinking,False,ad_memory_r2,signed_rho2,0.07587382016890214,0.01138224738597591,5,15,15
ad_memory,H,qwen_nonthinking,False,ad_memory_r1,budget_matched,1.0,0.0,5,15,15
ad_memory,H,qwen_nonthinking,False,ad_memory_r2,budget_matched,1.0,0.0,5,15,15
ad_memory,H,qwen_nonthinking,False,ad_memory_r1,baseline_AE2_all,0.01600105832268863,0.0017778021166021162,5,15,15
ad_memory,H,qwen_nonthinking,False,ad_memory_r2,baseline_AE2_all,0.020718133854086364,0.005026682667970096,5,15,15
ad_memory,H,qwen_nonthinking,False,ad_memory_r1,baseline_AE2_matched,0.01600105832268863,0.0017778021166021162,5,15,15
ad_memory,H,qwen_nonthinking,False,ad_memory_r2,baseline_AE2_matched,0.020718133854086364,0.005026682667970096,5,15,15
ad_memory,H,qwen_nonthinking,False,ad_memory_r1,delta_AE2_vs_baseline,0.10121672843830168,0.015992056704261053,5,15,15
ad_memory,H,qwen_nonthinking,False,ad_memory_r2,delta_AE2_vs_baseline,0.05515568631481578,0.013774501345002467,5,15,15
ad_memory,H,qwen_nonthinking,False,ad_memory_r1,baseline_ProfileAE_all,0.020252511889865047,0.0028827105610694953,5,15,15
ad_memory,H,qwen_nonthinking,False,ad_memory_r2,baseline_ProfileAE_all,0.02701631207496103,0.004553997114033495,5,15,15
ad_memory,H,qwen_nonthinking,False,ad_memory_r1,baseline_ProfileAE_matched,0.020252511889865047,0.0028827105610694953,5,15,15
ad_memory,H,qwen_nonthinking,False,ad_memory_r2,baseline_ProfileAE_matched,0.02701631207496103,0.004553997114033495,5,15,15
ad_memory,H,qwen_nonthinking,False,ad_memory_r1,delta_ProfileAE_vs_baseline,0.19385975019536314,0.03887681056507707,5,15,15
ad_memory,H,qwen_nonthinking,False,ad_memory_r2,delta_ProfileAE_vs_baseline,0.10972213799955462,0.017870610171885005,5,15,15
ad_memory,H,qwen_nonthinking,False,ad_memory_r1,plugin_AE2_all,0.012567581927838845,0.0046379038257107555,5,15,15
ad_memory,H,qwen_nonthinking,False,ad_memory_r2,plugin_AE2_all,0.02545951316443118,0.005620002073450564,5,15,15
ad_memory,H,qwen_nonthinking,False,ad_memory_r1,plugin_AE2_matched,0.012567581927838845,0.0046379038257107555,5,15,15
ad_memory,H,qwen_nonthinking,False,ad_memory_r2,plugin_AE2_matched,0.02545951316443118,0.005620002073450564,5,15,15
ad_memory,H,qwen_nonthinking,False,ad_memory_r1,delta_AE2_vs_plugin,0.1046502048331515,0.018016552513470226,5,15,15
ad_memory,H,qwen_nonthinking,False,ad_memory_r2,delta_AE2_vs_plugin,0.05041430700447096,0.013831572313162658,5,15,15
ad_memory,H,qwen_nonthinking,False,ad_memory_r1,plugin_ProfileAE_all,0.0934528211456343,0.0037755842724443585,5,15,15
ad_memory,H,qwen_nonthinking,False,ad_memory_r2,plugin_ProfileAE_all,0.09465082566764309,0.003879310344827584,5,15,15
ad_memory,H,qwen_nonthinking,False,ad_memory_r1,plugin_ProfileAE_matched,0.0934528211456343,0.0037755842724443585,5,15,15
ad_memory,H,qwen_nonthinking,False,ad_memory_r2,plugin_ProfileAE_matched,0.09465082566764309,0.003879310344827584,5,15,15
ad_memory,H,qwen_nonthinking,False,ad_memory_r1,delta_ProfileAE_vs_plugin,0.12065944093959392,0.0393110708241833,5,15,15
ad_memory,H,qwen_nonthinking,False,ad_memory_r2,delta_ProfileAE_vs_plugin,0.04208762440687257,0.018613756167628115,5,15,15
ad_memory,H,qwen_nonthinking,False,ad_memory_r1,extratrees_AE2_all,0.006357767235626666,0.0016708113616546308,5,15,15
ad_memory,H,qwen_nonthinking,False,ad_memory_r2,extratrees_AE2_all,0.010620162263785416,0.002538560398914179,5,15,15
ad_memory,H,qwen_nonthinking,False,ad_memory_r1,extratrees_AE2_matched,0.006357767235626666,0.0016708113616546308,5,15,15
ad_memory,H,qwen_nonthinking,False,ad_memory_r2,extratrees_AE2_matched,0.010620162263785416,0.002538560398914179,5,15,15
ad_memory,H,qwen_nonthinking,False,ad_memory_r1,delta_AE2_vs_extratrees,0.11086001952536367,0.017366679668068832,5,15,15
ad_memory,H,qwen_nonthinking,False,ad_memory_r2,delta_AE2_vs_extratrees,0.06525365790511672,0.011746697054801535,5,15,15
ad_memory,H,qwen_nonthinking,False,ad_memory_r1,extratrees_ProfileAE_all,0.008722525978653984,0.0031663980470678452,5,15,15
ad_memory,H,qwen_nonthinking,False,ad_memory_r2,extratrees_ProfileAE_all,0.012541297835129828,0.003049433246556695,5,15,15
ad_memory,H,qwen_nonthinking,False,ad_memory_r1,extratrees_ProfileAE_matched,0.008722525978653984,0.0031663980470678452,5,15,15
ad_memory,H,qwen_nonthinking,False,ad_memory_r2,extratrees_ProfileAE_matched,0.012541297835129828,0.003049433246556695,5,15,15
ad_memory,H,qwen_nonthinking,False,ad_memory_r1,delta_ProfileAE_vs_extratrees,0.20538973610657424,0.04128729059136351,5,15,15
ad_memory,H,qwen_nonthinking,False,ad_memory_r2,delta_ProfileAE_vs_extratrees,0.12419715223938582,0.01665981124152275,5,15,15
ad_memory,H,qwen_nonthinking,False,ad_memory_r1,median_AE2_all,0.434296757210781,0.0,5,15,15
ad_memory,H,qwen_nonthinking,False,ad_memory_r2,median_AE2_all,0.42097405713620256,3.700743415417188e-17,5,15,15
ad_memory,H,qwen_nonthinking,False,ad_memory_r1,median_AE2_matched,0.434296757210781,0.0,5,15,15
ad_memory,H,qwen_nonthinking,False,ad_memory_r2,median_AE2_matched,0.42097405713620256,3.700743415417188e-17,5,15,15
ad_memory,H,qwen_nonthinking,False,ad_memory_r1,delta_AE2_vs_median,-0.31707897044979066,0.01610382977224154,5,15,15
ad_memory,H,qwen_nonthinking,False,ad_memory_r2,delta_AE2_vs_median,-0.34510023696730036,0.01138224738597591,5,15,15
ad_memory,H,qwen_nonthinking,False,ad_memory_r1,median_ProfileAE_all,0.2991492274246387,0.0,5,15,15
ad_memory,H,qwen_nonthinking,False,ad_memory_r2,median_ProfileAE_all,0.2851738094303835,0.0,5,15,15
ad_memory,H,qwen_nonthinking,False,ad_memory_r1,median_ProfileAE_matched,0.2991492274246387,0.0,5,15,15
ad_memory,H,qwen_nonthinking,False,ad_memory_r2,median_ProfileAE_matched,0.2851738094303835,0.0,5,15,15
ad_memory,H,qwen_nonthinking,False,ad_memory_r1,delta_ProfileAE_vs_median,-0.08503696533941045,0.04086087506541081,5,15,15
ad_memory,H,qwen_nonthinking,False,ad_memory_r2,delta_ProfileAE_vs_median,-0.14843535935586785,0.01643278030647403,5,15,15
ad_memory,B,qwen_thinking,False,ad_memory_r1,valid_fraction,1.0,0.0,5,15,15
ad_memory,B,qwen_thinking,False,ad_memory_r2,valid_fraction,1.0,0.0,5,15,15
ad_memory,B,qwen_thinking,False,ad_memory_r1,AE2,0.5440166298138084,0.04509365271181969,5,15,15
ad_memory,B,qwen_thinking,False,ad_memory_r2,AE2,0.4606729521216419,0.04599756535679941,5,15,15
ad_memory,B,qwen_thinking,False,ad_memory_r1,ProfileAE,0.3499837916844374,0.021233043542553447,5,15,15
ad_memory,B,qwen_thinking,False,ad_memory_r2,ProfileAE,0.30285198345613557,0.02177618285803807,5,15,15
ad_memory,B,qwen_thinking,False,ad_memory_r1,signed_rho2,-0.5247742582456764,0.06243985093578875,5,15,15
ad_memory,B,qwen_thinking,False,ad_memory_r2,signed_rho2,-0.45206755387689945,0.046752055931950774,5,15,15
ad_memory,B,qwen_thinking,False,ad_memory_r1,budget_matched,1.0,0.0,5,15,15
ad_memory,B,qwen_thinking,False,ad_memory_r2,budget_matched,1.0,0.0,5,15,15
ad_memory,B,qwen_thinking,False,ad_memory_r1,baseline_AE2_all,0.1193366737706724,0.04016682693925536,5,15,15
ad_memory,B,qwen_thinking,False,ad_memory_r2,baseline_AE2_all,0.18110512407136803,0.0203882922859243,5,15,15
ad_memory,B,qwen_thinking,False,ad_memory_r1,baseline_AE2_matched,0.1193366737706724,0.04016682693925536,5,15,15
ad_memory,B,qwen_thinking,False,ad_memory_r2,baseline_AE2_matched,0.18110512407136803,0.0203882922859243,5,15,15
ad_memory,B,qwen_thinking,False,ad_memory_r1,delta_AE2_vs_baseline,0.4246799560431361,0.062354961888634014,5,15,15
ad_memory,B,qwen_thinking,False,ad_memory_r2,delta_AE2_vs_baseline,0.2795678280502738,0.044722686698377055,5,15,15
ad_memory,B,qwen_thinking,False,ad_memory_r1,baseline_ProfileAE_all,0.14704062718059166,0.0192414848740371,5,15,15
ad_memory,B,qwen_thinking,False,ad_memory_r2,baseline_ProfileAE_all,0.15502565756904976,0.036500984960270086,5,15,15
ad_memory,B,qwen_thinking,False,ad_memory_r1,baseline_ProfileAE_matched,0.14704062718059166,0.0192414848740371,5,15,15
ad_memory,B,qwen_thinking,False,ad_memory_r2,baseline_ProfileAE_matched,0.15502565756904976,0.036500984960270086,5,15,15
ad_memory,B,qwen_thinking,False,ad_memory_r1,delta_ProfileAE_vs_baseline,0.20294316450384578,0.03597852145235879,5,15,15
ad_memory,B,qwen_thinking,False,ad_memory_r2,delta_ProfileAE_vs_baseline,0.1478263258870859,0.0382067152980574,5,15,15
ad_memory,B,qwen_thinking,False,ad_memory_r1,plugin_AE2_all,0.6473738696255981,0.004125567234204357,5,15,15
ad_memory,B,qwen_thinking,False,ad_memory_r2,plugin_AE2_all,0.6481381617768385,0.007092317337489236,5,15,15
ad_memory,B,qwen_thinking,False,ad_memory_r1,plugin_AE2_matched,0.6473738696255981,0.004125567234204357,5,15,15
ad_memory,B,qwen_thinking,False,ad_memory_r2,plugin_AE2_matched,0.6481381617768385,0.007092317337489236,5,15,15
ad_memory,B,qwen_thinking,False,ad_memory_r1,delta_AE2_vs_plugin,-0.10335723981178971,0.045214759026386844,5,15,15
ad_memory,B,qwen_thinking,False,ad_memory_r2,delta_AE2_vs_plugin,-0.18746520965519636,0.04474760655628102,5,15,15
ad_memory,B,qwen_thinking,False,ad_memory_r1,plugin_ProfileAE_all,0.398804394265641,0.0012119590678995218,5,15,15
ad_memory,B,qwen_thinking,False,ad_memory_r2,plugin_ProfileAE_all,0.3899629907703127,0.0016689762242201244,5,15,15
ad_memory,B,qwen_thinking,False,ad_memory_r1,plugin_ProfileAE_matched,0.398804394265641,0.0012119590678995218,5,15,15
ad_memory,B,qwen_thinking,False,ad_memory_r2,plugin_ProfileAE_matched,0.3899629907703127,0.0016689762242201244,5,15,15
ad_memory,B,qwen_thinking,False,ad_memory_r1,delta_ProfileAE_vs_plugin,-0.04882060258120373,0.02152404454629243,5,15,15
ad_memory,B,qwen_thinking,False,ad_memory_r2,delta_ProfileAE_vs_plugin,-0.08711100731417713,0.02132134628581648,5,15,15
ad_memory,B,qwen_thinking,False,ad_memory_r1,extratrees_AE2_all,0.014181905370968306,0.004020787989316621,5,15,15
ad_memory,B,qwen_thinking,False,ad_memory_r2,extratrees_AE2_all,0.031060843947944793,0.011348683239603438,5,15,15
ad_memory,B,qwen_thinking,False,ad_memory_r1,extratrees_AE2_matched,0.014181905370968306,0.004020787989316621,5,15,15
ad_memory,B,qwen_thinking,False,ad_memory_r2,extratrees_AE2_matched,0.031060843947944793,0.011348683239603438,5,15,15
ad_memory,B,qwen_thinking,False,ad_memory_r1,delta_AE2_vs_extratrees,0.5298347244428402,0.04251088151367033,5,15,15
ad_memory,B,qwen_thinking,False,ad_memory_r2,delta_AE2_vs_extratrees,0.4296121081736971,0.04339343011209268,5,15,15
ad_memory,B,qwen_thinking,False,ad_memory_r1,extratrees_ProfileAE_all,0.041919142842517174,0.011441073442496874,5,15,15
ad_memory,B,qwen_thinking,False,ad_memory_r2,extratrees_ProfileAE_all,0.04060476900231055,0.010098107492568977,5,15,15
ad_memory,B,qwen_thinking,False,ad_memory_r1,extratrees_ProfileAE_matched,0.041919142842517174,0.011441073442496874,5,15,15
ad_memory,B,qwen_thinking,False,ad_memory_r2,extratrees_ProfileAE_matched,0.04060476900231055,0.010098107492568977,5,15,15
ad_memory,B,qwen_thinking,False,ad_memory_r1,delta_ProfileAE_vs_extratrees,0.30806464884192025,0.02540247556868046,5,15,15
ad_memory,B,qwen_thinking,False,ad_memory_r2,delta_ProfileAE_vs_extratrees,0.26224721445382504,0.021914777424211048,5,15,15
ad_memory,B,qwen_thinking,False,ad_memory_r1,median_AE2_all,0.434296757210781,0.0,5,15,15
ad_memory,B,qwen_thinking,False,ad_memory_r2,median_AE2_all,0.42097405713620256,3.700743415417188e-17,5,15,15
ad_memory,B,qwen_thinking,False,ad_memory_r1,median_AE2_matched,0.434296757210781,0.0,5,15,15
ad_memory,B,qwen_thinking,False,ad_memory_r2,median_AE2_matched,0.42097405713620256,3.700743415417188e-17,5,15,15
ad_memory,B,qwen_thinking,False,ad_memory_r1,delta_AE2_vs_median,0.10971987260302737,0.04509365271181969,5,15,15
ad_memory,B,qwen_thinking,False,ad_memory_r2,delta_AE2_vs_median,0.03969889498543939,0.04599756535679939,5,15,15
ad_memory,B,qwen_thinking,False,ad_memory_r1,median_ProfileAE_all,0.2991492274246387,0.0,5,15,15
ad_memory,B,qwen_thinking,False,ad_memory_r2,median_ProfileAE_all,0.2851738094303835,0.0,5,15,15
ad_memory,B,qwen_thinking,False,ad_memory_r1,median_ProfileAE_matched,0.2991492274246387,0.0,5,15,15
ad_memory,B,qwen_thinking,False,ad_memory_r2,median_ProfileAE_matched,0.2851738094303835,0.0,5,15,15
ad_memory,B,qwen_thinking,False,ad_memory_r1,delta_ProfileAE_vs_median,0.05083456425979877,0.021233043542553447,5,15,15
ad_memory,B,qwen_thinking,False,ad_memory_r2,delta_ProfileAE_vs_median,0.017678174025752127,0.021776182858038073,5,15,15
ad_memory,B,qwen_nonthinking,False,ad_memory_r1,valid_fraction,1.0,0.0,5,15,15
ad_memory,B,qwen_nonthinking,False,ad_memory_r2,valid_fraction,1.0,0.0,5,15,15
ad_memory,B,qwen_nonthinking,False,ad_memory_r1,AE2,0.1129016338217955,0.016461693129476308,5,15,15
ad_memory,B,qwen_nonthinking,False,ad_memory_r2,AE2,0.09478556052326544,0.009923919919177748,5,15,15
ad_memory,B,qwen_nonthinking,False,ad_memory_r1,ProfileAE,0.1828747684015496,0.04619590914369481,5,15,15
ad_memory,B,qwen_nonthinking,False,ad_memory_r2,ProfileAE,0.12205083623116411,0.018430141147703454,5,15,15
ad_memory,B,qwen_nonthinking,False,ad_memory_r1,signed_rho2,0.07355112009432367,0.033323331832883156,5,15,15
ad_memory,B,qwen_nonthinking,False,ad_memory_r2,signed_rho2,0.031873820168902146,0.02106603374576661,5,15,15
ad_memory,B,qwen_nonthinking,False,ad_memory_r1,budget_matched,1.0,0.0,5,15,15
ad_memory,B,qwen_nonthinking,False,ad_memory_r2,budget_matched,1.0,0.0,5,15,15
ad_memory,B,qwen_nonthinking,False,ad_memory_r1,baseline_AE2_all,0.1193366737706724,0.04016682693925536,5,15,15
ad_memory,B,qwen_nonthinking,False,ad_memory_r2,baseline_AE2_all,0.18110512407136803,0.0203882922859243,5,15,15
ad_memory,B,qwen_nonthinking,False,ad_memory_r1,baseline_AE2_matched,0.1193366737706724,0.04016682693925536,5,15,15
ad_memory,B,qwen_nonthinking,False,ad_memory_r2,baseline_AE2_matched,0.18110512407136803,0.0203882922859243,5,15,15
ad_memory,B,qwen_nonthinking,False,ad_memory_r1,delta_AE2_vs_baseline,-0.006435039948876923,0.04114851194471358,5,15,15
ad_memory,B,qwen_nonthinking,False,ad_memory_r2,delta_AE2_vs_baseline,-0.08631956354810266,0.021568095161667567,5,15,15
ad_memory,B,qwen_nonthinking,False,ad_memory_r1,baseline_ProfileAE_all,0.14704062718059166,0.0192414848740371,5,15,15
ad_memory,B,qwen_nonthinking,False,ad_memory_r2,baseline_ProfileAE_all,0.15502565756904976,0.036500984960270086,5,15,15
ad_memory,B,qwen_nonthinking,False,ad_memory_r1,baseline_ProfileAE_matched,0.14704062718059166,0.0192414848740371,5,15,15
ad_memory,B,qwen_nonthinking,False,ad_memory_r2,baseline_ProfileAE_matched,0.15502565756904976,0.036500984960270086,5,15,15
ad_memory,B,qwen_nonthinking,False,ad_memory_r1,delta_ProfileAE_vs_baseline,0.03583414122095792,0.05185429542628152,5,15,15
ad_memory,B,qwen_nonthinking,False,ad_memory_r2,delta_ProfileAE_vs_baseline,-0.032974821337885644,0.047837045709534266,5,15,15
ad_memory,B,qwen_nonthinking,False,ad_memory_r1,plugin_AE2_all,0.6473738696255981,0.004125567234204357,5,15,15
ad_memory,B,qwen_nonthinking,False,ad_memory_r2,plugin_AE2_all,0.6481381617768385,0.007092317337489236,5,15,15
ad_memory,B,qwen_nonthinking,False,ad_memory_r1,plugin_AE2_matched,0.6473738696255981,0.004125567234204357,5,15,15
ad_memory,B,qwen_nonthinking,False,ad_memory_r2,plugin_AE2_matched,0.6481381617768385,0.007092317337489236,5,15,15
ad_memory,B,qwen_nonthinking,False,ad_memory_r1,delta_AE2_vs_plugin,-0.5344722358038025,0.013364392929131124,5,15,15
ad_memory,B,qwen_nonthinking,False,ad_memory_r2,delta_AE2_vs_plugin,-0.5533526012535729,0.007778608782789849,5,15,15
ad_memory,B,qwen_nonthinking,False,ad_memory_r1,plugin_ProfileAE_all,0.398804394265641,0.0012119590678995218,5,15,15
ad_memory,B,qwen_nonthinking,False,ad_memory_r2,plugin_ProfileAE_all,0.3899629907703127,0.0016689762242201244,5,15,15
ad_memory,B,qwen_nonthinking,False,ad_memory_r1,plugin_ProfileAE_matched,0.398804394265641,0.0012119590678995218,5,15,15
ad_memory,B,qwen_nonthinking,False,ad_memory_r2,plugin_ProfileAE_matched,0.3899629907703127,0.0016689762242201244,5,15,15
ad_memory,B,qwen_nonthinking,False,ad_memory_r1,delta_ProfileAE_vs_plugin,-0.21592962586409156,0.04585186422722743,5,15,15
ad_memory,B,qwen_nonthinking,False,ad_memory_r2,delta_ProfileAE_vs_plugin,-0.2679121545391487,0.017895249751434597,5,15,15
ad_memory,B,qwen_nonthinking,False,ad_memory_r1,extratrees_AE2_all,0.014181905370968306,0.004020787989316621,5,15,15
ad_memory,B,qwen_nonthinking,False,ad_memory_r2,extratrees_AE2_all,0.031060843947944793,0.011348683239603438,5,15,15
ad_memory,B,qwen_nonthinking,False,ad_memory_r1,extratrees_AE2_matched,0.014181905370968306,0.004020787989316621,5,15,15
ad_memory,B,qwen_nonthinking,False,ad_memory_r2,extratrees_AE2_matched,0.031060843947944793,0.011348683239603438,5,15,15
ad_memory,B,qwen_nonthinking,False,ad_memory_r1,delta_AE2_vs_extratrees,0.09871972845082717,0.014324687698749434,5,15,15
ad_memory,B,qwen_nonthinking,False,ad_memory_r2,delta_AE2_vs_extratrees,0.06372471657532063,0.010684485210366069,5,15,15
ad_memory,B,qwen_nonthinking,False,ad_memory_r1,extratrees_ProfileAE_all,0.041919142842517174,0.011441073442496874,5,15,15
ad_memory,B,qwen_nonthinking,False,ad_memory_r2,extratrees_ProfileAE_all,0.04060476900231055,0.010098107492568977,5,15,15
ad_memory,B,qwen_nonthinking,False,ad_memory_r1,extratrees_ProfileAE_matched,0.041919142842517174,0.011441073442496874,5,15,15
ad_memory,B,qwen_nonthinking,False,ad_memory_r2,extratrees_ProfileAE_matched,0.04060476900231055,0.010098107492568977,5,15,15
ad_memory,B,qwen_nonthinking,False,ad_memory_r1,delta_ProfileAE_vs_extratrees,0.14095562555903243,0.047681600991553406,5,15,15
ad_memory,B,qwen_nonthinking,False,ad_memory_r2,delta_ProfileAE_vs_extratrees,0.08144606722885354,0.020377557733676974,5,15,15
ad_memory,B,qwen_nonthinking,False,ad_memory_r1,median_AE2_all,0.434296757210781,0.0,5,15,15
ad_memory,B,qwen_nonthinking,False,ad_memory_r2,median_AE2_all,0.42097405713620256,3.700743415417188e-17,5,15,15
ad_memory,B,qwen_nonthinking,False,ad_memory_r1,median_AE2_matched,0.434296757210781,0.0,5,15,15
ad_memory,B,qwen_nonthinking,False,ad_memory_r2,median_AE2_matched,0.42097405713620256,3.700743415417188e-17,5,15,15
ad_memory,B,qwen_nonthinking,False,ad_memory_r1,delta_AE2_vs_median,-0.32139512338898546,0.016461693129476308,5,15,15
ad_memory,B,qwen_nonthinking,False,ad_memory_r2,delta_AE2_vs_median,-0.326188496612937,0.00992391991917775,5,15,15
ad_memory,B,qwen_nonthinking,False,ad_memory_r1,median_ProfileAE_all,0.2991492274246387,0.0,5,15,15
ad_memory,B,qwen_nonthinking,False,ad_memory_r2,median_ProfileAE_all,0.2851738094303835,0.0,5,15,15
ad_memory,B,qwen_nonthinking,False,ad_memory_r1,median_ProfileAE_matched,0.2991492274246387,0.0,5,15,15
ad_memory,B,qwen_nonthinking,False,ad_memory_r2,median_ProfileAE_matched,0.2851738094303835,0.0,5,15,15
ad_memory,B,qwen_nonthinking,False,ad_memory_r1,delta_ProfileAE_vs_median,-0.11627445902308908,0.04619590914369483,5,15,15
ad_memory,B,qwen_nonthinking,False,ad_memory_r2,delta_ProfileAE_vs_median,-0.1631229731992194,0.018430141147703458,5,15,15
