dataset,W,n_edges_full,statistic,k,tau,value,event_count_upper_bound
sp_hospital,2,1139,rho,2,NA,0.2721685689201054,0.8568920105355575
sp_hospital,2,1139,mean_P,NA,NA,0.6360842844600527,NA
sp_hospital,2,1139,median_P,NA,NA,0.5,NA
sp_hospital,2,1139,relative_survival,1,0.2,1.0,1.0
sp_hospital,2,1139,relative_survival,1,0.4,1.0,1.0
sp_hospital,2,1139,relative_survival,2,0.6,0.2721685689201054,0.8568920105355575
sp_hospital,2,1139,relative_survival,2,0.8,0.2721685689201054,0.8568920105355575
sp_hospital,2,1139,relative_survival,2,1.0,0.2721685689201054,0.8568920105355575
sp_hospital,3,1139,rho,2,NA,0.37050043898156276,0.8568920105355575
sp_hospital,3,1139,rho,3,NA,0.08691834942932397,0.7682177348551361
sp_hospital,3,1139,mean_P,NA,NA,0.4858062628036289,NA
sp_hospital,3,1139,median_P,NA,NA,0.3333333333333333,NA
sp_hospital,3,1139,relative_survival,1,0.2,1.0,1.0
sp_hospital,3,1139,relative_survival,2,0.4,0.37050043898156276,0.8568920105355575
sp_hospital,3,1139,relative_survival,2,0.6,0.37050043898156276,0.8568920105355575
sp_hospital,3,1139,relative_survival,3,0.8,0.08691834942932397,0.7682177348551361
sp_hospital,3,1139,relative_survival,3,1.0,0.08691834942932397,0.7682177348551361
sp_hospital,4,1139,rho,2,NA,0.42142230026338895,0.8568920105355575
sp_hospital,4,1139,rho,3,NA,0.15891132572431957,0.7682177348551361
sp_hospital,4,1139,rho,4,NA,0.04916593503072871,0.6953467954345918
sp_hospital,4,1139,mean_P,NA,NA,0.4073748902546093,NA
sp_hospital,4,1139,median_P,NA,NA,0.25,NA
sp_hospital,4,1139,relative_survival,1,0.2,1.0,1.0
sp_hospital,4,1139,relative_survival,2,0.4,0.42142230026338895,0.8568920105355575
sp_hospital,4,1139,relative_survival,3,0.6,0.15891132572431957,0.7682177348551361
sp_hospital,4,1139,relative_survival,4,0.8,0.04916593503072871,0.6953467954345918
sp_hospital,4,1139,relative_survival,4,1.0,0.04916593503072871,0.6953467954345918
sp_hospital,5,1139,rho,2,NA,0.44512730465320455,0.8568920105355575
sp_hospital,5,1139,rho,3,NA,0.16417910447761194,0.7682177348551361
sp_hospital,5,1139,rho,4,NA,0.0456540825285338,0.6953467954345918
sp_hospital,5,1139,rho,5,NA,0.014047410008779631,0.6338893766461808
sp_hospital,5,1139,mean_P,NA,NA,0.333801580333626,NA
sp_hospital,5,1139,median_P,NA,NA,0.2,NA
sp_hospital,5,1139,relative_survival,1,0.2,1.0,1.0
sp_hospital,5,1139,relative_survival,2,0.4,0.44512730465320455,0.8568920105355575
sp_hospital,5,1139,relative_survival,3,0.6,0.16417910447761194,0.7682177348551361
sp_hospital,5,1139,relative_survival,4,0.8,0.0456540825285338,0.6953467954345918
sp_hospital,5,1139,relative_survival,5,1.0,0.014047410008779631,0.6338893766461808
sp_hospital,6,1139,rho,2,NA,0.44776119402985076,0.8568920105355575
sp_hospital,6,1139,rho,3,NA,0.16593503072870938,0.7682177348551361
sp_hospital,6,1139,rho,4,NA,0.07111501316944688,0.6953467954345918
sp_hospital,6,1139,rho,5,NA,0.025460930640913083,0.6338893766461808
sp_hospital,6,1139,rho,6,NA,0.003511852502194908,0.5856014047410009
sp_hospital,6,1139,mean_P,NA,NA,0.2856306701785192,NA
sp_hospital,6,1139,median_P,NA,NA,0.16666666666666666,NA
sp_hospital,6,1139,relative_survival,2,0.2,0.44776119402985076,0.8568920105355575
sp_hospital,6,1139,relative_survival,3,0.4,0.16593503072870938,0.7682177348551361
sp_hospital,6,1139,relative_survival,4,0.6,0.07111501316944688,0.6953467954345918
sp_hospital,6,1139,relative_survival,5,0.8,0.025460930640913083,0.6338893766461808
sp_hospital,6,1139,relative_survival,6,1.0,0.003511852502194908,0.5856014047410009
sp_hospital,7,1139,rho,2,NA,0.4793678665496049,0.8568920105355575
sp_hospital,7,1139,rho,3,NA,0.20368744512730466,0.7682177348551361
sp_hospital,7,1139,rho,4,NA,0.08516242317822652,0.6953467954345918
sp_hospital,7,1139,rho,5,NA,0.03511852502194908,0.6338893766461808
sp_hospital,7,1139,rho,6,NA,0.006145741878841089,0.5856014047410009
sp_hospital,7,1139,rho,7,NA,0.0,0.543459174714662
sp_hospital,7,1139,mean_P,NA,NA,0.25849742882227517,NA
sp_hospital,7,1139,median_P,NA,NA,0.14285714285714285,NA
sp_hospital,7,1139,relative_survival,2,0.2,0.4793678665496049,0.8568920105355575
sp_hospital,7,1139,relative_survival,3,0.4,0.20368744512730466,0.7682177348551361
sp_hospital,7,1139,relative_survival,5,0.6,0.03511852502194908,0.6338893766461808
sp_hospital,7,1139,relative_survival,6,0.8,0.006145741878841089,0.5856014047410009
sp_hospital,7,1139,relative_survival,7,1.0,0.0,0.543459174714662
sp_hospital,8,1139,rho,2,NA,0.4697102721685689,0.8568920105355575
sp_hospital,8,1139,rho,3,NA,0.2115891132572432,0.7682177348551361
sp_hospital,8,1139,rho,4,NA,0.10272168568920105,0.6953467954345918
sp_hospital,8,1139,rho,5,NA,0.048287971905179985,0.6338893766461808
sp_hospital,8,1139,rho,6,NA,0.021071115013169446,0.5856014047410009
sp_hospital,8,1139,rho,7,NA,0.00877963125548727,0.543459174714662
sp_hospital,8,1139,rho,8,NA,0.000877963125548727,0.5100965759438104
sp_hospital,8,1139,mean_P,NA,NA,0.23287971905179983,NA
sp_hospital,8,1139,median_P,NA,NA,0.125,NA
sp_hospital,8,1139,relative_survival,2,0.2,0.4697102721685689,0.8568920105355575
sp_hospital,8,1139,relative_survival,4,0.4,0.10272168568920105,0.6953467954345918
sp_hospital,8,1139,relative_survival,5,0.6,0.048287971905179985,0.6338893766461808
sp_hospital,8,1139,relative_survival,7,0.8,0.00877963125548727,0.543459174714662
sp_hospital,8,1139,relative_survival,8,1.0,0.000877963125548727,0.5100965759438104
sp_hospital,9,1139,rho,2,NA,0.4872695346795435,0.8568920105355575
sp_hospital,9,1139,rho,3,NA,0.208955223880597,0.7682177348551361
sp_hospital,9,1139,rho,4,NA,0.0913081650570676,0.6953467954345918
sp_hospital,9,1139,rho,5,NA,0.03511852502194908,0.6338893766461808
sp_hospital,9,1139,rho,6,NA,0.01141352063213345,0.5856014047410009
sp_hospital,9,1139,rho,7,NA,0.0026338893766461808,0.543459174714662
sp_hospital,9,1139,rho,8,NA,0.0,0.5100965759438104
sp_hospital,9,1139,rho,9,NA,0.0,0.4679543459174715
sp_hospital,9,1139,mean_P,NA,NA,0.20407765096088187,NA
sp_hospital,9,1139,median_P,NA,NA,0.1111111111111111,NA
sp_hospital,9,1139,relative_survival,2,0.2,0.4872695346795435,0.8568920105355575
sp_hospital,9,1139,relative_survival,4,0.4,0.0913081650570676,0.6953467954345918
sp_hospital,9,1139,relative_survival,6,0.6,0.01141352063213345,0.5856014047410009
sp_hospital,9,1139,relative_survival,8,0.8,0.0,0.5100965759438104
sp_hospital,9,1139,relative_survival,9,1.0,0.0,0.4679543459174715
sp_hospital,10,1139,rho,2,NA,0.4916593503072871,0.8568920105355575
sp_hospital,10,1139,rho,3,NA,0.2212467076382792,0.7682177348551361
sp_hospital,10,1139,rho,4,NA,0.09394205443371378,0.6953467954345918
sp_hospital,10,1139,rho,5,NA,0.04741000877963126,0.6338893766461808
sp_hospital,10,1139,rho,6,NA,0.013169446883230905,0.5856014047410009
sp_hospital,10,1139,rho,7,NA,0.004389815627743635,0.543459174714662
sp_hospital,10,1139,rho,8,NA,0.0,0.5100965759438104
sp_hospital,10,1139,rho,9,NA,0.0,0.4679543459174715
sp_hospital,10,1139,rho,10,NA,0.0,0.4433713784021071
sp_hospital,10,1139,mean_P,NA,NA,0.18718173836698856,NA
sp_hospital,10,1139,median_P,NA,NA,0.1,NA
sp_hospital,10,1139,relative_survival,2,0.2,0.4916593503072871,0.8568920105355575
sp_hospital,10,1139,relative_survival,4,0.4,0.09394205443371378,0.6953467954345918
sp_hospital,10,1139,relative_survival,6,0.6,0.013169446883230905,0.5856014047410009
sp_hospital,10,1139,relative_survival,8,0.8,0.0,0.5100965759438104
sp_hospital,10,1139,relative_survival,10,1.0,0.0,0.4433713784021071
sp_hospital,11,1139,rho,2,NA,0.4916593503072871,0.8568920105355575
sp_hospital,11,1139,rho,3,NA,0.2405618964003512,0.7682177348551361
sp_hospital,11,1139,rho,4,NA,0.10272168568920105,0.6953467954345918
sp_hospital,11,1139,rho,5,NA,0.048287971905179985,0.6338893766461808
sp_hospital,11,1139,rho,6,NA,0.02897278314310799,0.5856014047410009
sp_hospital,11,1139,rho,7,NA,0.006145741878841089,0.543459174714662
sp_hospital,11,1139,rho,8,NA,0.000877963125548727,0.5100965759438104
sp_hospital,11,1139,rho,9,NA,0.0,0.4679543459174715
sp_hospital,11,1139,rho,10,NA,0.0,0.4433713784021071
sp_hospital,11,1139,rho,11,NA,0.0,0.4231782265144864
sp_hospital,11,1139,mean_P,NA,NA,0.17447521749541064,NA
sp_hospital,11,1139,median_P,NA,NA,0.09090909090909091,NA
sp_hospital,11,1139,relative_survival,3,0.2,0.2405618964003512,0.7682177348551361
sp_hospital,11,1139,relative_survival,5,0.4,0.048287971905179985,0.6338893766461808
sp_hospital,11,1139,relative_survival,7,0.6,0.006145741878841089,0.543459174714662
sp_hospital,11,1139,relative_survival,9,0.8,0.0,0.4679543459174715
sp_hospital,11,1139,relative_survival,11,1.0,0.0,0.4231782265144864
sp_hospital,12,1139,rho,2,NA,0.47058823529411764,0.8568920105355575
sp_hospital,12,1139,rho,3,NA,0.21246707638279191,0.7682177348551361
sp_hospital,12,1139,rho,4,NA,0.10272168568920105,0.6953467954345918
sp_hospital,12,1139,rho,5,NA,0.048287971905179985,0.6338893766461808
sp_hospital,12,1139,rho,6,NA,0.021071115013169446,0.5856014047410009
sp_hospital,12,1139,rho,7,NA,0.00877963125548727,0.543459174714662
sp_hospital,12,1139,rho,8,NA,0.000877963125548727,0.5100965759438104
sp_hospital,12,1139,rho,9,NA,0.0,0.4679543459174715
sp_hospital,12,1139,rho,10,NA,0.0,0.4433713784021071
sp_hospital,12,1139,rho,11,NA,0.0,0.4231782265144864
sp_hospital,12,1139,rho,12,NA,0.0,0.4038630377524144
sp_hospital,12,1139,mean_P,NA,NA,0.15539947322212466,NA
sp_hospital,12,1139,median_P,NA,NA,0.08333333333333333,NA
sp_hospital,12,1139,relative_survival,3,0.2,0.21246707638279191,0.7682177348551361
sp_hospital,12,1139,relative_survival,5,0.4,0.048287971905179985,0.6338893766461808
sp_hospital,12,1139,relative_survival,8,0.6,0.000877963125548727,0.5100965759438104
sp_hospital,12,1139,relative_survival,10,0.8,0.0,0.4433713784021071
sp_hospital,12,1139,relative_survival,12,1.0,0.0,0.4038630377524144
sp_hospital,13,1139,rho,2,NA,0.533801580333626,0.8568920105355575
sp_hospital,13,1139,rho,3,NA,0.24231782265144863,0.7682177348551361
sp_hospital,13,1139,rho,4,NA,0.1237928007023705,0.6953467954345918
sp_hospital,13,1139,rho,5,NA,0.05443371378402107,0.6338893766461808
sp_hospital,13,1139,rho,6,NA,0.02897278314310799,0.5856014047410009
sp_hospital,13,1139,rho,7,NA,0.01141352063213345,0.543459174714662
sp_hospital,13,1139,rho,8,NA,0.0026338893766461808,0.5100965759438104
sp_hospital,13,1139,rho,9,NA,0.000877963125548727,0.4679543459174715
sp_hospital,13,1139,rho,10,NA,0.0,0.4433713784021071
sp_hospital,13,1139,rho,11,NA,0.0,0.4231782265144864
sp_hospital,13,1139,rho,12,NA,0.0,0.4038630377524144
sp_hospital,13,1139,rho,13,NA,0.0,0.38191395961369623
sp_hospital,13,1139,mean_P,NA,NA,0.15371108259606944,NA
sp_hospital,13,1139,median_P,NA,NA,0.15384615384615385,NA
sp_hospital,13,1139,relative_survival,3,0.2,0.24231782265144863,0.7682177348551361
sp_hospital,13,1139,relative_survival,6,0.4,0.02897278314310799,0.5856014047410009
sp_hospital,13,1139,relative_survival,8,0.6,0.0026338893766461808,0.5100965759438104
sp_hospital,13,1139,relative_survival,11,0.8,0.0,0.4231782265144864
sp_hospital,13,1139,relative_survival,13,1.0,0.0,0.38191395961369623
sp_hospital,14,1139,rho,2,NA,0.533801580333626,0.8568920105355575
sp_hospital,14,1139,rho,3,NA,0.257243195785777,0.7682177348551361
sp_hospital,14,1139,rho,4,NA,0.13081650570676032,0.6953467954345918
sp_hospital,14,1139,rho,5,NA,0.06409130816505706,0.6338893766461808
sp_hospital,14,1139,rho,6,NA,0.03511852502194908,0.5856014047410009
sp_hospital,14,1139,rho,7,NA,0.016681299385425813,0.543459174714662
sp_hospital,14,1139,rho,8,NA,0.0052677787532923615,0.5100965759438104
sp_hospital,14,1139,rho,9,NA,0.0,0.4679543459174715
sp_hospital,14,1139,rho,10,NA,0.0,0.4433713784021071
sp_hospital,14,1139,rho,11,NA,0.0,0.4231782265144864
sp_hospital,14,1139,rho,12,NA,0.0,0.4038630377524144
sp_hospital,14,1139,rho,13,NA,0.0,0.38191395961369623
sp_hospital,14,1139,rho,14,NA,0.0,0.3608428446005268
sp_hospital,14,1139,mean_P,NA,NA,0.1459300137965634,NA
sp_hospital,14,1139,median_P,NA,NA,0.14285714285714285,NA
sp_hospital,14,1139,relative_survival,3,0.2,0.257243195785777,0.7682177348551361
sp_hospital,14,1139,relative_survival,6,0.4,0.03511852502194908,0.5856014047410009
sp_hospital,14,1139,relative_survival,9,0.6,0.0,0.4679543459174715
sp_hospital,14,1139,relative_survival,12,0.8,0.0,0.4038630377524144
sp_hospital,14,1139,relative_survival,14,1.0,0.0,0.3608428446005268
sp_hospital,15,1139,rho,2,NA,0.5223880597014925,0.8568920105355575
sp_hospital,15,1139,rho,3,NA,0.2607550482879719,0.7682177348551361
sp_hospital,15,1139,rho,4,NA,0.13784021071115013,0.6953467954345918
sp_hospital,15,1139,rho,5,NA,0.06760316066725197,0.6338893766461808
sp_hospital,15,1139,rho,6,NA,0.041264266900790166,0.5856014047410009
sp_hospital,15,1139,rho,7,NA,0.01755926251097454,0.543459174714662
sp_hospital,15,1139,rho,8,NA,0.006145741878841089,0.5100965759438104
sp_hospital,15,1139,rho,9,NA,0.001755926251097454,0.4679543459174715
sp_hospital,15,1139,rho,10,NA,0.0,0.4433713784021071
sp_hospital,15,1139,rho,11,NA,0.0,0.4231782265144864
sp_hospital,15,1139,rho,12,NA,0.0,0.4038630377524144
sp_hospital,15,1139,rho,13,NA,0.0,0.38191395961369623
sp_hospital,15,1139,rho,14,NA,0.0,0.3608428446005268
sp_hospital,15,1139,rho,15,NA,0.0,0.34328358208955223
sp_hospital,15,1139,mean_P,NA,NA,0.13702077846063798,NA
sp_hospital,15,1139,median_P,NA,NA,0.13333333333333333,NA
sp_hospital,15,1139,relative_survival,3,0.2,0.2607550482879719,0.7682177348551361
sp_hospital,15,1139,relative_survival,6,0.4,0.041264266900790166,0.5856014047410009
sp_hospital,15,1139,relative_survival,9,0.6,0.001755926251097454,0.4679543459174715
sp_hospital,15,1139,relative_survival,12,0.8,0.0,0.4038630377524144
sp_hospital,15,1139,relative_survival,15,1.0,0.0,0.34328358208955223
sp_hospital,16,1139,rho,2,NA,0.5215100965759438,0.8568920105355575
sp_hospital,16,1139,rho,3,NA,0.2528533801580334,0.7682177348551361
sp_hospital,16,1139,rho,4,NA,0.1264266900790167,0.6953467954345918
sp_hospital,16,1139,rho,5,NA,0.06409130816505706,0.6338893766461808
sp_hospital,16,1139,rho,6,NA,0.033362598770851626,0.5856014047410009
sp_hospital,16,1139,rho,7,NA,0.014925373134328358,0.543459174714662
sp_hospital,16,1139,rho,8,NA,0.0052677787532923615,0.5100965759438104
sp_hospital,16,1139,rho,9,NA,0.003511852502194908,0.4679543459174715
sp_hospital,16,1139,rho,10,NA,0.000877963125548727,0.4433713784021071
sp_hospital,16,1139,rho,11,NA,0.000877963125548727,0.4231782265144864
sp_hospital,16,1139,rho,12,NA,0.0,0.4038630377524144
sp_hospital,16,1139,rho,13,NA,0.0,0.38191395961369623
sp_hospital,16,1139,rho,14,NA,0.0,0.3608428446005268
sp_hospital,16,1139,rho,15,NA,0.0,0.34328358208955223
sp_hospital,16,1139,rho,16,NA,0.0,0.33099209833187004
sp_hospital,16,1139,mean_P,NA,NA,0.12648156277436348,NA
sp_hospital,16,1139,median_P,NA,NA,0.125,NA
sp_hospital,16,1139,relative_survival,4,0.2,0.1264266900790167,0.6953467954345918
sp_hospital,16,1139,relative_survival,7,0.4,0.014925373134328358,0.543459174714662
sp_hospital,16,1139,relative_survival,10,0.6,0.000877963125548727,0.4433713784021071
sp_hospital,16,1139,relative_survival,13,0.8,0.0,0.38191395961369623
sp_hospital,16,1139,relative_survival,16,1.0,0.0,0.33099209833187004
sp_hospital,17,1139,rho,2,NA,0.5583845478489904,0.8568920105355575
sp_hospital,17,1139,rho,3,NA,0.2800702370500439,0.7682177348551361
sp_hospital,17,1139,rho,4,NA,0.14925373134328357,0.6953467954345918
sp_hospital,17,1139,rho,5,NA,0.07638279192273925,0.6338893766461808
sp_hospital,17,1139,rho,6,NA,0.04741000877963126,0.5856014047410009
sp_hospital,17,1139,rho,7,NA,0.02370500438981563,0.543459174714662
sp_hospital,17,1139,rho,8,NA,0.012291483757682178,0.5100965759438104
sp_hospital,17,1139,rho,9,NA,0.001755926251097454,0.4679543459174715
sp_hospital,17,1139,rho,10,NA,0.0,0.4433713784021071
sp_hospital,17,1139,rho,11,NA,0.0,0.4231782265144864
sp_hospital,17,1139,rho,12,NA,0.0,0.4038630377524144
sp_hospital,17,1139,rho,13,NA,0.0,0.38191395961369623
sp_hospital,17,1139,rho,14,NA,0.0,0.3608428446005268
sp_hospital,17,1139,rho,15,NA,0.0,0.34328358208955223
sp_hospital,17,1139,rho,16,NA,0.0,0.33099209833187004
sp_hospital,17,1139,rho,17,NA,0.0,0.3169446883230904
sp_hospital,17,1139,mean_P,NA,NA,0.1264266900790167,NA
sp_hospital,17,1139,median_P,NA,NA,0.11764705882352941,NA
sp_hospital,17,1139,relative_survival,4,0.2,0.14925373134328357,0.6953467954345918
sp_hospital,17,1139,relative_survival,7,0.4,0.02370500438981563,0.543459174714662
sp_hospital,17,1139,relative_survival,11,0.6,0.0,0.4231782265144864
sp_hospital,17,1139,relative_survival,14,0.8,0.0,0.3608428446005268
sp_hospital,17,1139,relative_survival,17,1.0,0.0,0.3169446883230904
sp_hospital,18,1139,rho,2,NA,0.5610184372256365,0.8568920105355575
sp_hospital,18,1139,rho,3,NA,0.29411764705882354,0.7682177348551361
sp_hospital,18,1139,rho,4,NA,0.1562774363476734,0.6953467954345918
sp_hospital,18,1139,rho,5,NA,0.08867427568042142,0.6338893766461808
sp_hospital,18,1139,rho,6,NA,0.048287971905179985,0.5856014047410009
sp_hospital,18,1139,rho,7,NA,0.02897278314310799,0.543459174714662
sp_hospital,18,1139,rho,8,NA,0.014047410008779631,0.5100965759438104
sp_hospital,18,1139,rho,9,NA,0.007023705004389816,0.4679543459174715
sp_hospital,18,1139,rho,10,NA,0.0,0.4433713784021071
sp_hospital,18,1139,rho,11,NA,0.0,0.4231782265144864
sp_hospital,18,1139,rho,12,NA,0.0,0.4038630377524144
sp_hospital,18,1139,rho,13,NA,0.0,0.38191395961369623
sp_hospital,18,1139,rho,14,NA,0.0,0.3608428446005268
sp_hospital,18,1139,rho,15,NA,0.0,0.34328358208955223
sp_hospital,18,1139,rho,16,NA,0.0,0.33099209833187004
sp_hospital,18,1139,rho,17,NA,0.0,0.3169446883230904
sp_hospital,18,1139,rho,18,NA,0.0,0.30465320456540823
sp_hospital,18,1139,mean_P,NA,NA,0.12213442590966735,NA
sp_hospital,18,1139,median_P,NA,NA,0.1111111111111111,NA
sp_hospital,18,1139,relative_survival,4,0.2,0.1562774363476734,0.6953467954345918
sp_hospital,18,1139,relative_survival,8,0.4,0.014047410008779631,0.5100965759438104
sp_hospital,18,1139,relative_survival,11,0.6,0.0,0.4231782265144864
sp_hospital,18,1139,relative_survival,15,0.8,0.0,0.34328358208955223
sp_hospital,18,1139,relative_survival,18,1.0,0.0,0.30465320456540823
sp_hospital,19,1139,rho,2,NA,0.5575065847234416,0.8568920105355575
sp_hospital,19,1139,rho,3,NA,0.2923617208077261,0.7682177348551361
sp_hospital,19,1139,rho,4,NA,0.15891132572431957,0.6953467954345918
sp_hospital,19,1139,rho,5,NA,0.08779631255487269,0.6338893766461808
sp_hospital,19,1139,rho,6,NA,0.05267778753292362,0.5856014047410009
sp_hospital,19,1139,rho,7,NA,0.0324846356453029,0.543459174714662
sp_hospital,19,1139,rho,8,NA,0.012291483757682178,0.5100965759438104
sp_hospital,19,1139,rho,9,NA,0.004389815627743635,0.4679543459174715
sp_hospital,19,1139,rho,10,NA,0.0026338893766461808,0.4433713784021071
sp_hospital,19,1139,rho,11,NA,0.001755926251097454,0.4231782265144864
sp_hospital,19,1139,rho,12,NA,0.0,0.4038630377524144
sp_hospital,19,1139,rho,13,NA,0.0,0.38191395961369623
sp_hospital,19,1139,rho,14,NA,0.0,0.3608428446005268
sp_hospital,19,1139,rho,15,NA,0.0,0.34328358208955223
sp_hospital,19,1139,rho,16,NA,0.0,0.33099209833187004
sp_hospital,19,1139,rho,17,NA,0.0,0.3169446883230904
sp_hospital,19,1139,rho,18,NA,0.0,0.30465320456540823
sp_hospital,19,1139,rho,19,NA,0.0,0.295873573309921
sp_hospital,19,1139,mean_P,NA,NA,0.11593734115798715,NA
sp_hospital,19,1139,median_P,NA,NA,0.10526315789473684,NA
sp_hospital,19,1139,relative_survival,4,0.2,0.15891132572431957,0.6953467954345918
sp_hospital,19,1139,relative_survival,8,0.4,0.012291483757682178,0.5100965759438104
sp_hospital,19,1139,relative_survival,12,0.6,0.0,0.4038630377524144
sp_hospital,19,1139,relative_survival,16,0.8,0.0,0.33099209833187004
sp_hospital,19,1139,relative_survival,19,1.0,0.0,0.295873573309921
sp_hospital,20,1139,rho,2,NA,0.5504828797190519,0.8568920105355575
sp_hospital,20,1139,rho,3,NA,0.2835820895522388,0.7682177348551361
sp_hospital,20,1139,rho,4,NA,0.15803336259877085,0.6953467954345918
sp_hospital,20,1139,rho,5,NA,0.08779631255487269,0.6338893766461808
sp_hospital,20,1139,rho,6,NA,0.04741000877963126,0.5856014047410009
sp_hospital,20,1139,rho,7,NA,0.02897278314310799,0.543459174714662
sp_hospital,20,1139,rho,8,NA,0.015803336259877086,0.5100965759438104
sp_hospital,20,1139,rho,9,NA,0.006145741878841089,0.4679543459174715
sp_hospital,20,1139,rho,10,NA,0.003511852502194908,0.4433713784021071
sp_hospital,20,1139,rho,11,NA,0.000877963125548727,0.4231782265144864
sp_hospital,20,1139,rho,12,NA,0.0,0.4038630377524144
sp_hospital,20,1139,rho,13,NA,0.0,0.38191395961369623
sp_hospital,20,1139,rho,14,NA,0.0,0.3608428446005268
sp_hospital,20,1139,rho,15,NA,0.0,0.34328358208955223
sp_hospital,20,1139,rho,16,NA,0.0,0.33099209833187004
sp_hospital,20,1139,rho,17,NA,0.0,0.3169446883230904
sp_hospital,20,1139,rho,18,NA,0.0,0.30465320456540823
sp_hospital,20,1139,rho,19,NA,0.0,0.295873573309921
sp_hospital,20,1139,rho,20,NA,0.0,0.28884986830553117
sp_hospital,20,1139,mean_P,NA,NA,0.10913081650570677,NA
sp_hospital,20,1139,median_P,NA,NA,0.1,NA
sp_hospital,20,1139,relative_survival,4,0.2,0.15803336259877085,0.6953467954345918
sp_hospital,20,1139,relative_survival,8,0.4,0.015803336259877086,0.5100965759438104
sp_hospital,20,1139,relative_survival,12,0.6,0.0,0.4038630377524144
sp_hospital,20,1139,relative_survival,16,0.8,0.0,0.33099209833187004
sp_hospital,20,1139,relative_survival,20,1.0,0.0,0.28884986830553117
sp_primaryschool,2,8317,rho,2,NA,0.3757364434291211,0.6568474209450523
sp_primaryschool,2,8317,mean_P,NA,NA,0.6878682217145605,NA
sp_primaryschool,2,8317,median_P,NA,NA,0.5,NA
sp_primaryschool,2,8317,relative_survival,1,0.2,1.0,1.0
sp_primaryschool,2,8317,relative_survival,1,0.4,1.0,1.0
sp_primaryschool,2,8317,relative_survival,2,0.6,0.3757364434291211,0.6568474209450523
sp_primaryschool,2,8317,relative_survival,2,0.8,0.3757364434291211,0.6568474209450523
sp_primaryschool,2,8317,relative_survival,2,1.0,0.3757364434291211,0.6568474209450523
sp_primaryschool,3,8317,rho,2,NA,0.3757364434291211,0.6568474209450523
sp_primaryschool,3,8317,rho,3,NA,0.0,0.5332451605146087
sp_primaryschool,3,8317,mean_P,NA,NA,0.4585788144763737,NA
sp_primaryschool,3,8317,median_P,NA,NA,0.3333333333333333,NA
sp_primaryschool,3,8317,relative_survival,1,0.2,1.0,1.0
sp_primaryschool,3,8317,relative_survival,2,0.4,0.3757364434291211,0.6568474209450523
sp_primaryschool,3,8317,relative_survival,2,0.6,0.3757364434291211,0.6568474209450523
sp_primaryschool,3,8317,relative_survival,3,0.8,0.0,0.5332451605146087
sp_primaryschool,3,8317,relative_survival,3,1.0,0.0,0.5332451605146087
sp_primaryschool,4,8317,rho,2,NA,0.38703859564746906,0.6568474209450523
sp_primaryschool,4,8317,rho,3,NA,0.12600697366839003,0.5332451605146087
sp_primaryschool,4,8317,rho,4,NA,0.03378622099314657,0.46867861007574846
sp_primaryschool,4,8317,mean_P,NA,NA,0.3867079475772514,NA
sp_primaryschool,4,8317,median_P,NA,NA,0.25,NA
sp_primaryschool,4,8317,relative_survival,1,0.2,1.0,1.0
sp_primaryschool,4,8317,relative_survival,2,0.4,0.38703859564746906,0.6568474209450523
sp_primaryschool,4,8317,relative_survival,3,0.6,0.12600697366839003,0.5332451605146087
sp_primaryschool,4,8317,relative_survival,4,0.8,0.03378622099314657,0.46867861007574846
sp_primaryschool,4,8317,relative_survival,4,1.0,0.03378622099314657,0.46867861007574846
sp_primaryschool,5,8317,rho,2,NA,0.42154623061199953,0.6568474209450523
sp_primaryschool,5,8317,rho,3,NA,0.24732475652278466,0.5332451605146087
sp_primaryschool,5,8317,rho,4,NA,0.1385114825057112,0.46867861007574846
sp_primaryschool,5,8317,rho,5,NA,0.0,0.42106528796441023
sp_primaryschool,5,8317,mean_P,NA,NA,0.3614764939280991,NA
sp_primaryschool,5,8317,median_P,NA,NA,0.2,NA
sp_primaryschool,5,8317,relative_survival,1,0.2,1.0,1.0
sp_primaryschool,5,8317,relative_survival,2,0.4,0.42154623061199953,0.6568474209450523
sp_primaryschool,5,8317,relative_survival,3,0.6,0.24732475652278466,0.5332451605146087
sp_primaryschool,5,8317,relative_survival,4,0.8,0.1385114825057112,0.46867861007574846
sp_primaryschool,5,8317,relative_survival,5,1.0,0.0,0.42106528796441023
sp_primaryschool,6,8317,rho,2,NA,0.4243116508356379,0.6568474209450523
sp_primaryschool,6,8317,rho,3,NA,0.25225441866057474,0.5332451605146087
sp_primaryschool,6,8317,rho,4,NA,0.14524467957196105,0.46867861007574846
sp_primaryschool,6,8317,rho,5,NA,0.0,0.42106528796441023
sp_primaryschool,6,8317,rho,6,NA,0.0,0.3888421305759288
sp_primaryschool,6,8317,mean_P,NA,NA,0.3036351248446956,NA
sp_primaryschool,6,8317,median_P,NA,NA,0.16666666666666666,NA
sp_primaryschool,6,8317,relative_survival,2,0.2,0.4243116508356379,0.6568474209450523
sp_primaryschool,6,8317,relative_survival,3,0.4,0.25225441866057474,0.5332451605146087
sp_primaryschool,6,8317,relative_survival,4,0.6,0.14524467957196105,0.46867861007574846
sp_primaryschool,6,8317,relative_survival,5,0.8,0.0,0.42106528796441023
sp_primaryschool,6,8317,relative_survival,6,1.0,0.0,0.3888421305759288
sp_primaryschool,7,8317,rho,2,NA,0.48707466634603824,0.6568474209450523
sp_primaryschool,7,8317,rho,3,NA,0.2847180473728508,0.5332451605146087
sp_primaryschool,7,8317,rho,4,NA,0.14452326560057713,0.46867861007574846
sp_primaryschool,7,8317,rho,5,NA,0.0,0.42106528796441023
sp_primaryschool,7,8317,rho,6,NA,0.0,0.3888421305759288
sp_primaryschool,7,8317,rho,7,NA,0.0,0.35938439341108575
sp_primaryschool,7,8317,mean_P,NA,NA,0.2737594256170665,NA
sp_primaryschool,7,8317,median_P,NA,NA,0.14285714285714285,NA
sp_primaryschool,7,8317,relative_survival,2,0.2,0.48707466634603824,0.6568474209450523
sp_primaryschool,7,8317,relative_survival,3,0.4,0.2847180473728508,0.5332451605146087
sp_primaryschool,7,8317,relative_survival,5,0.6,0.0,0.42106528796441023
sp_primaryschool,7,8317,relative_survival,6,0.8,0.0,0.3888421305759288
sp_primaryschool,7,8317,relative_survival,7,1.0,0.0,0.35938439341108575
sp_primaryschool,8,8317,rho,2,NA,0.4917638571600337,0.6568474209450523
sp_primaryschool,8,8317,rho,3,NA,0.2955392569436095,0.5332451605146087
sp_primaryschool,8,8317,rho,4,NA,0.18191655645064325,0.46867861007574846
sp_primaryschool,8,8317,rho,5,NA,0.08115907178069015,0.42106528796441023
sp_primaryschool,8,8317,rho,6,NA,0.025369724660334256,0.3888421305759288
sp_primaryschool,8,8317,rho,7,NA,0.0,0.35938439341108575
sp_primaryschool,8,8317,rho,8,NA,0.0,0.3384633882409523
sp_primaryschool,8,8317,mean_P,NA,NA,0.25946855837441385,NA
sp_primaryschool,8,8317,median_P,NA,NA,0.125,NA
sp_primaryschool,8,8317,relative_survival,2,0.2,0.4917638571600337,0.6568474209450523
sp_primaryschool,8,8317,relative_survival,4,0.4,0.18191655645064325,0.46867861007574846
sp_primaryschool,8,8317,relative_survival,5,0.6,0.08115907178069015,0.42106528796441023
sp_primaryschool,8,8317,relative_survival,7,0.8,0.0,0.35938439341108575
sp_primaryschool,8,8317,relative_survival,8,1.0,0.0,0.3384633882409523
sp_primaryschool,9,8317,rho,2,NA,0.49296621377900685,0.6568474209450523
sp_primaryschool,9,8317,rho,3,NA,0.3102080076950824,0.5332451605146087
sp_primaryschool,9,8317,rho,4,NA,0.2102921726584105,0.46867861007574846
sp_primaryschool,9,8317,rho,5,NA,0.12155825417818925,0.42106528796441023
sp_primaryschool,9,8317,rho,6,NA,0.04941685703979801,0.3888421305759288
sp_primaryschool,9,8317,rho,7,NA,0.0,0.35938439341108575
sp_primaryschool,9,8317,rho,8,NA,0.0,0.3384633882409523
sp_primaryschool,9,8317,rho,9,NA,0.0,0.316099555128051
sp_primaryschool,9,8317,mean_P,NA,NA,0.24271572281672077,NA
sp_primaryschool,9,8317,median_P,NA,NA,0.1111111111111111,NA
sp_primaryschool,9,8317,relative_survival,2,0.2,0.49296621377900685,0.6568474209450523
sp_primaryschool,9,8317,relative_survival,4,0.4,0.2102921726584105,0.46867861007574846
sp_primaryschool,9,8317,relative_survival,6,0.6,0.04941685703979801,0.3888421305759288
sp_primaryschool,9,8317,relative_survival,8,0.8,0.0,0.3384633882409523
sp_primaryschool,9,8317,relative_survival,9,1.0,0.0,0.316099555128051
sp_primaryschool,10,8317,rho,2,NA,0.4619454130094986,0.6568474209450523
sp_primaryschool,10,8317,rho,3,NA,0.29626067091499336,0.5332451605146087
sp_primaryschool,10,8317,rho,4,NA,0.20740651677287483,0.46867861007574846
sp_primaryschool,10,8317,rho,5,NA,0.13045569315859085,0.42106528796441023
sp_primaryschool,10,8317,rho,6,NA,0.055188168810869305,0.3888421305759288
sp_primaryschool,10,8317,rho,7,NA,0.0,0.35938439341108575
sp_primaryschool,10,8317,rho,8,NA,0.0,0.3384633882409523
sp_primaryschool,10,8317,rho,9,NA,0.0,0.316099555128051
sp_primaryschool,10,8317,rho,10,NA,0.0,0.29722255621017196
sp_primaryschool,10,8317,mean_P,NA,NA,0.21512564626668274,NA
sp_primaryschool,10,8317,median_P,NA,NA,0.1,NA
sp_primaryschool,10,8317,relative_survival,2,0.2,0.4619454130094986,0.6568474209450523
sp_primaryschool,10,8317,relative_survival,4,0.4,0.20740651677287483,0.46867861007574846
sp_primaryschool,10,8317,relative_survival,6,0.6,0.055188168810869305,0.3888421305759288
sp_primaryschool,10,8317,relative_survival,8,0.8,0.0,0.3384633882409523
sp_primaryschool,10,8317,relative_survival,10,1.0,0.0,0.29722255621017196
sp_primaryschool,11,8317,rho,2,NA,0.44499218468197665,0.6568474209450523
sp_primaryschool,11,8317,rho,3,NA,0.2849585186966454,0.5332451605146087
sp_primaryschool,11,8317,rho,4,NA,0.19923049176385715,0.46867861007574846
sp_primaryschool,11,8317,rho,5,NA,0.11963448358783216,0.42106528796441023
sp_primaryschool,11,8317,rho,6,NA,0.051100156306360466,0.3888421305759288
sp_primaryschool,11,8317,rho,7,NA,0.0,0.35938439341108575
sp_primaryschool,11,8317,rho,8,NA,0.0,0.3384633882409523
sp_primaryschool,11,8317,rho,9,NA,0.0,0.316099555128051
sp_primaryschool,11,8317,rho,10,NA,0.0,0.29722255621017196
sp_primaryschool,11,8317,rho,11,NA,0.0,0.28135144883972585
sp_primaryschool,11,8317,mean_P,NA,NA,0.19090143954878833,NA
sp_primaryschool,11,8317,median_P,NA,NA,0.09090909090909091,NA
sp_primaryschool,11,8317,relative_survival,3,0.2,0.2849585186966454,0.5332451605146087
sp_primaryschool,11,8317,relative_survival,5,0.4,0.11963448358783216,0.42106528796441023
sp_primaryschool,11,8317,relative_survival,7,0.6,0.0,0.35938439341108575
sp_primaryschool,11,8317,relative_survival,9,0.8,0.0,0.316099555128051
sp_primaryschool,11,8317,relative_survival,11,1.0,0.0,0.28135144883972585
sp_primaryschool,12,8317,rho,2,NA,0.44920043284838285,0.6568474209450523
sp_primaryschool,12,8317,rho,3,NA,0.2884453528916677,0.5332451605146087
sp_primaryschool,12,8317,rho,4,NA,0.2077672237585668,0.46867861007574846
sp_primaryschool,12,8317,rho,5,NA,0.14199831670073343,0.42106528796441023
sp_primaryschool,12,8317,rho,6,NA,0.08476614163760972,0.3888421305759288
sp_primaryschool,12,8317,rho,7,NA,0.03967776842611519,0.35938439341108575
sp_primaryschool,12,8317,rho,8,NA,0.013827101118191656,0.3384633882409523
sp_primaryschool,12,8317,rho,9,NA,0.0,0.316099555128051
sp_primaryschool,12,8317,rho,10,NA,0.0,0.29722255621017196
sp_primaryschool,12,8317,rho,11,NA,0.0,0.28135144883972585
sp_primaryschool,12,8317,rho,12,NA,0.0,0.2681255260310208
sp_primaryschool,12,8317,mean_P,NA,NA,0.1854735281151056,NA
sp_primaryschool,12,8317,median_P,NA,NA,0.08333333333333333,NA
sp_primaryschool,12,8317,relative_survival,3,0.2,0.2884453528916677,0.5332451605146087
sp_primaryschool,12,8317,relative_survival,5,0.4,0.14199831670073343,0.42106528796441023
sp_primaryschool,12,8317,relative_survival,8,0.6,0.013827101118191656,0.3384633882409523
sp_primaryschool,12,8317,relative_survival,10,0.8,0.0,0.29722255621017196
sp_primaryschool,12,8317,relative_survival,12,1.0,0.0,0.2681255260310208
sp_primaryschool,13,8317,rho,2,NA,0.48779608031742216,0.6568474209450523
sp_primaryschool,13,8317,rho,3,NA,0.3169412047613322,0.5332451605146087
sp_primaryschool,13,8317,rho,4,NA,0.22928940723818686,0.46867861007574846
sp_primaryschool,13,8317,rho,5,NA,0.15750871708548755,0.42106528796441023
sp_primaryschool,13,8317,rho,6,NA,0.09871347841769869,0.3888421305759288
sp_primaryschool,13,8317,rho,7,NA,0.05146086329205242,0.35938439341108575
sp_primaryschool,13,8317,rho,8,NA,0.020440062522544187,0.3384633882409523
sp_primaryschool,13,8317,rho,9,NA,0.0,0.316099555128051
sp_primaryschool,13,8317,rho,10,NA,0.0,0.29722255621017196
sp_primaryschool,13,8317,rho,11,NA,0.0,0.28135144883972585
sp_primaryschool,13,8317,rho,12,NA,0.0,0.2681255260310208
sp_primaryschool,13,8317,rho,13,NA,0.0,0.25622219550318626
sp_primaryschool,13,8317,mean_P,NA,NA,0.18170383181805572,NA
sp_primaryschool,13,8317,median_P,NA,NA,0.07692307692307693,NA
sp_primaryschool,13,8317,relative_survival,3,0.2,0.3169412047613322,0.5332451605146087
sp_primaryschool,13,8317,relative_survival,6,0.4,0.09871347841769869,0.3888421305759288
sp_primaryschool,13,8317,relative_survival,8,0.6,0.020440062522544187,0.3384633882409523
sp_primaryschool,13,8317,relative_survival,11,0.8,0.0,0.28135144883972585
sp_primaryschool,13,8317,relative_survival,13,1.0,0.0,0.25622219550318626
sp_primaryschool,14,8317,rho,2,NA,0.5076349645304797,0.6568474209450523
sp_primaryschool,14,8317,rho,3,NA,0.32980642058434534,0.5332451605146087
sp_primaryschool,14,8317,rho,4,NA,0.23902849585186967,0.46867861007574846
sp_primaryschool,14,8317,rho,5,NA,0.1700132259228087,0.42106528796441023
sp_primaryschool,14,8317,rho,6,NA,0.10881327401707347,0.3888421305759288
sp_primaryschool,14,8317,rho,7,NA,0.06011783094865937,0.35938439341108575
sp_primaryschool,14,8317,rho,8,NA,0.025610195984128892,0.3384633882409523
sp_primaryschool,14,8317,rho,9,NA,0.0,0.316099555128051
sp_primaryschool,14,8317,rho,10,NA,0.0,0.29722255621017196
sp_primaryschool,14,8317,rho,11,NA,0.0,0.28135144883972585
sp_primaryschool,14,8317,rho,12,NA,0.0,0.2681255260310208
sp_primaryschool,14,8317,rho,13,NA,0.0,0.25622219550318626
sp_primaryschool,14,8317,rho,14,NA,0.0,0.2449200432848383
sp_primaryschool,14,8317,mean_P,NA,NA,0.17435888627424034,NA
sp_primaryschool,14,8317,median_P,NA,NA,0.14285714285714285,NA
sp_primaryschool,14,8317,relative_survival,3,0.2,0.32980642058434534,0.5332451605146087
sp_primaryschool,14,8317,relative_survival,6,0.4,0.10881327401707347,0.3888421305759288
sp_primaryschool,14,8317,relative_survival,9,0.6,0.0,0.316099555128051
sp_primaryschool,14,8317,relative_survival,12,0.8,0.0,0.2681255260310208
sp_primaryschool,14,8317,relative_survival,14,1.0,0.0,0.2449200432848383
sp_primaryschool,15,8317,rho,2,NA,0.5113622700492966,0.6568474209450523
sp_primaryschool,15,8317,rho,3,NA,0.33521702536972464,0.5332451605146087
sp_primaryschool,15,8317,rho,4,NA,0.24347721534207045,0.46867861007574846
sp_primaryschool,15,8317,rho,5,NA,0.17554406637008538,0.42106528796441023
sp_primaryschool,15,8317,rho,6,NA,0.11855236263075629,0.3888421305759288
sp_primaryschool,15,8317,rho,7,NA,0.06276301551040038,0.35938439341108575
sp_primaryschool,15,8317,rho,8,NA,0.027293495250691354,0.3384633882409523
sp_primaryschool,15,8317,rho,9,NA,0.0,0.316099555128051
sp_primaryschool,15,8317,rho,10,NA,0.0,0.29722255621017196
sp_primaryschool,15,8317,rho,11,NA,0.0,0.28135144883972585
sp_primaryschool,15,8317,rho,12,NA,0.0,0.2681255260310208
sp_primaryschool,15,8317,rho,13,NA,0.0,0.25622219550318626
sp_primaryschool,15,8317,rho,14,NA,0.0,0.2449200432848383
sp_primaryschool,15,8317,rho,15,NA,0.0,0.23301671275700372
sp_primaryschool,15,8317,mean_P,NA,NA,0.164947296701535,NA
sp_primaryschool,15,8317,median_P,NA,NA,0.13333333333333333,NA
sp_primaryschool,15,8317,relative_survival,3,0.2,0.33521702536972464,0.5332451605146087
sp_primaryschool,15,8317,relative_survival,6,0.4,0.11855236263075629,0.3888421305759288
sp_primaryschool,15,8317,relative_survival,9,0.6,0.0,0.316099555128051
sp_primaryschool,15,8317,relative_survival,12,0.8,0.0,0.2681255260310208
sp_primaryschool,15,8317,relative_survival,15,1.0,0.0,0.23301671275700372
sp_primaryschool,16,8317,rho,2,NA,0.5101599134303234,0.6568474209450523
sp_primaryschool,16,8317,rho,3,NA,0.33762173860767103,0.5332451605146087
sp_primaryschool,16,8317,rho,4,NA,0.25201394733678006,0.46867861007574846
sp_primaryschool,16,8317,rho,5,NA,0.18372009137910303,0.42106528796441023
sp_primaryschool,16,8317,rho,6,NA,0.1321389924251533,0.3888421305759288
sp_primaryschool,16,8317,rho,7,NA,0.0865696765660695,0.35938439341108575
sp_primaryschool,16,8317,rho,8,NA,0.05302392689671757,0.3384633882409523
sp_primaryschool,16,8317,rho,9,NA,0.025610195984128892,0.316099555128051
sp_primaryschool,16,8317,rho,10,NA,0.009017674642298907,0.29722255621017196
sp_primaryschool,16,8317,rho,11,NA,0.0,0.28135144883972585
sp_primaryschool,16,8317,rho,12,NA,0.0,0.2681255260310208
sp_primaryschool,16,8317,rho,13,NA,0.0,0.25622219550318626
sp_primaryschool,16,8317,rho,14,NA,0.0,0.2449200432848383
sp_primaryschool,16,8317,rho,15,NA,0.0,0.23301671275700372
sp_primaryschool,16,8317,rho,16,NA,0.0,0.22219550318624504
sp_primaryschool,16,8317,mean_P,NA,NA,0.16186725982926536,NA
sp_primaryschool,16,8317,median_P,NA,NA,0.125,NA
sp_primaryschool,16,8317,relative_survival,4,0.2,0.25201394733678006,0.46867861007574846
sp_primaryschool,16,8317,relative_survival,7,0.4,0.0865696765660695,0.35938439341108575
sp_primaryschool,16,8317,relative_survival,10,0.6,0.009017674642298907,0.29722255621017196
sp_primaryschool,16,8317,relative_survival,13,0.8,0.0,0.25622219550318626
sp_primaryschool,16,8317,relative_survival,16,1.0,0.0,0.22219550318624504
sp_primaryschool,17,8317,rho,2,NA,0.5090777924732476,0.6568474209450523
sp_primaryschool,17,8317,rho,3,NA,0.33497655404593,0.5332451605146087
sp_primaryschool,17,8317,rho,4,NA,0.252374654322472,0.46867861007574846
sp_primaryschool,17,8317,rho,5,NA,0.18828904653120115,0.42106528796441023
sp_primaryschool,17,8317,rho,6,NA,0.13863171816760853,0.3888421305759288
sp_primaryschool,17,8317,rho,7,NA,0.09149933870385957,0.35938439341108575
sp_primaryschool,17,8317,rho,8,NA,0.05398581219189612,0.3384633882409523
sp_primaryschool,17,8317,rho,9,NA,0.029337501502945774,0.316099555128051
sp_primaryschool,17,8317,rho,10,NA,0.00865696765660695,0.29722255621017196
sp_primaryschool,17,8317,rho,11,NA,0.0,0.28135144883972585
sp_primaryschool,17,8317,rho,12,NA,0.0,0.2681255260310208
sp_primaryschool,17,8317,rho,13,NA,0.0,0.25622219550318626
sp_primaryschool,17,8317,rho,14,NA,0.0,0.2449200432848383
sp_primaryschool,17,8317,rho,15,NA,0.0,0.23301671275700372
sp_primaryschool,17,8317,rho,16,NA,0.0,0.22219550318624504
sp_primaryschool,17,8317,rho,17,NA,0.0,0.21149452927738366
sp_primaryschool,17,8317,mean_P,NA,NA,0.15334290503504514,NA
sp_primaryschool,17,8317,median_P,NA,NA,0.11764705882352941,NA
sp_primaryschool,17,8317,relative_survival,4,0.2,0.252374654322472,0.46867861007574846
sp_primaryschool,17,8317,relative_survival,7,0.4,0.09149933870385957,0.35938439341108575
sp_primaryschool,17,8317,relative_survival,11,0.6,0.0,0.28135144883972585
sp_primaryschool,17,8317,relative_survival,14,0.8,0.0,0.2449200432848383
sp_primaryschool,17,8317,relative_survival,17,1.0,0.0,0.21149452927738366
sp_primaryschool,18,8317,rho,2,NA,0.5030660093783816,0.6568474209450523
sp_primaryschool,18,8317,rho,3,NA,0.3354574966935193,0.5332451605146087
sp_primaryschool,18,8317,rho,4,NA,0.25357701094144525,0.46867861007574846
sp_primaryschool,18,8317,rho,5,NA,0.18901046050258508,0.42106528796441023
sp_primaryschool,18,8317,rho,6,NA,0.1352651196344836,0.3888421305759288
sp_primaryschool,18,8317,rho,7,NA,0.09017674642298906,0.35938439341108575
sp_primaryschool,18,8317,rho,8,NA,0.05146086329205242,0.3384633882409523
sp_primaryschool,18,8317,rho,9,NA,0.02416736804136107,0.316099555128051
sp_primaryschool,18,8317,rho,10,NA,0.0031261272093302873,0.29722255621017196
sp_primaryschool,18,8317,rho,11,NA,0.0,0.28135144883972585
sp_primaryschool,18,8317,rho,12,NA,0.0,0.2681255260310208
sp_primaryschool,18,8317,rho,13,NA,0.0,0.25622219550318626
sp_primaryschool,18,8317,rho,14,NA,0.0,0.2449200432848383
sp_primaryschool,18,8317,rho,15,NA,0.0,0.23301671275700372
sp_primaryschool,18,8317,rho,16,NA,0.0,0.22219550318624504
sp_primaryschool,18,8317,rho,17,NA,0.0,0.21149452927738366
sp_primaryschool,18,8317,rho,18,NA,0.0,0.20223638331129012
sp_primaryschool,18,8317,mean_P,NA,NA,0.14362817789534152,NA
sp_primaryschool,18,8317,median_P,NA,NA,0.1111111111111111,NA
sp_primaryschool,18,8317,relative_survival,4,0.2,0.25357701094144525,0.46867861007574846
sp_primaryschool,18,8317,relative_survival,8,0.4,0.05146086329205242,0.3384633882409523
sp_primaryschool,18,8317,relative_survival,11,0.6,0.0,0.28135144883972585
sp_primaryschool,18,8317,relative_survival,15,0.8,0.0,0.23301671275700372
sp_primaryschool,18,8317,relative_survival,18,1.0,0.0,0.20223638331129012
sp_primaryschool,19,8317,rho,2,NA,0.5034267163640735,0.6568474209450523
sp_primaryschool,19,8317,rho,3,NA,0.3373812672838764,0.5332451605146087
sp_primaryschool,19,8317,rho,4,NA,0.25417818925093183,0.46867861007574846
sp_primaryschool,19,8317,rho,5,NA,0.18937116748827704,0.42106528796441023
sp_primaryschool,19,8317,rho,6,NA,0.13334134904412648,0.3888421305759288
sp_primaryschool,19,8317,rho,7,NA,0.08512684862330167,0.35938439341108575
sp_primaryschool,19,8317,rho,8,NA,0.04725261512564627,0.3384633882409523
sp_primaryschool,19,8317,rho,9,NA,0.017073463989419262,0.316099555128051
sp_primaryschool,19,8317,rho,10,NA,0.0044487194902007934,0.29722255621017196
sp_primaryschool,19,8317,rho,11,NA,0.000480942647589275,0.28135144883972585
sp_primaryschool,19,8317,rho,12,NA,0.0,0.2681255260310208
sp_primaryschool,19,8317,rho,13,NA,0.0,0.25622219550318626
sp_primaryschool,19,8317,rho,14,NA,0.0,0.2449200432848383
sp_primaryschool,19,8317,rho,15,NA,0.0,0.23301671275700372
sp_primaryschool,19,8317,rho,16,NA,0.0,0.22219550318624504
sp_primaryschool,19,8317,rho,17,NA,0.0,0.21149452927738366
sp_primaryschool,19,8317,rho,18,NA,0.0,0.20223638331129012
sp_primaryschool,19,8317,rho,19,NA,0.0,0.1943008296260671
sp_primaryschool,19,8317,mean_P,NA,NA,0.13537269891091802,NA
sp_primaryschool,19,8317,median_P,NA,NA,0.10526315789473684,NA
sp_primaryschool,19,8317,relative_survival,4,0.2,0.25417818925093183,0.46867861007574846
sp_primaryschool,19,8317,relative_survival,8,0.4,0.04725261512564627,0.3384633882409523
sp_primaryschool,19,8317,relative_survival,12,0.6,0.0,0.2681255260310208
sp_primaryschool,19,8317,relative_survival,16,0.8,0.0,0.22219550318624504
sp_primaryschool,19,8317,relative_survival,19,1.0,0.0,0.1943008296260671
sp_primaryschool,20,8317,rho,2,NA,0.5154502825538054,0.6568474209450523
sp_primaryschool,20,8317,rho,3,NA,0.3477215342070458,0.5332451605146087
sp_primaryschool,20,8317,rho,4,NA,0.2603102080076951,0.46867861007574846
sp_primaryschool,20,8317,rho,5,NA,0.19598412889262956,0.42106528796441023
sp_primaryschool,20,8317,rho,6,NA,0.15173740531441626,0.3888421305759288
sp_primaryschool,20,8317,rho,7,NA,0.10977515931225201,0.35938439341108575
sp_primaryschool,20,8317,rho,8,NA,0.07166045449080197,0.3384633882409523
sp_primaryschool,20,8317,rho,9,NA,0.03967776842611519,0.316099555128051
sp_primaryschool,20,8317,rho,10,NA,0.0211614764939281,0.29722255621017196
sp_primaryschool,20,8317,rho,11,NA,0.006011783094865937,0.28135144883972585
sp_primaryschool,20,8317,rho,12,NA,0.00096188529517855,0.2681255260310208
sp_primaryschool,20,8317,rho,13,NA,0.0,0.25622219550318626
sp_primaryschool,20,8317,rho,14,NA,0.0,0.2449200432848383
sp_primaryschool,20,8317,rho,15,NA,0.0,0.23301671275700372
sp_primaryschool,20,8317,rho,16,NA,0.0,0.22219550318624504
sp_primaryschool,20,8317,rho,17,NA,0.0,0.21149452927738366
sp_primaryschool,20,8317,rho,18,NA,0.0,0.20223638331129012
sp_primaryschool,20,8317,rho,19,NA,0.0,0.1943008296260671
sp_primaryschool,20,8317,rho,20,NA,0.0,0.18576409763135746
sp_primaryschool,20,8317,mean_P,NA,NA,0.1360226043044367,NA
sp_primaryschool,20,8317,median_P,NA,NA,0.1,NA
sp_primaryschool,20,8317,relative_survival,4,0.2,0.2603102080076951,0.46867861007574846
sp_primaryschool,20,8317,relative_survival,8,0.4,0.07166045449080197,0.3384633882409523
sp_primaryschool,20,8317,relative_survival,12,0.6,0.00096188529517855,0.2681255260310208
sp_primaryschool,20,8317,relative_survival,16,0.8,0.0,0.22219550318624504
sp_primaryschool,20,8317,relative_survival,20,1.0,0.0,0.18576409763135746
sp_highschool2013,2,5818,rho,2,NA,0.37727741491921624,0.6928497765555174
sp_highschool2013,2,5818,mean_P,NA,NA,0.6886387074596081,NA
sp_highschool2013,2,5818,median_P,NA,NA,0.5,NA
sp_highschool2013,2,5818,relative_survival,1,0.2,1.0,1.0
sp_highschool2013,2,5818,relative_survival,1,0.4,1.0,1.0
sp_highschool2013,2,5818,relative_survival,2,0.6,0.37727741491921624,0.6928497765555174
sp_highschool2013,2,5818,relative_survival,2,0.8,0.37727741491921624,0.6928497765555174
sp_highschool2013,2,5818,relative_survival,2,1.0,0.37727741491921624,0.6928497765555174
sp_highschool2013,3,5818,rho,2,NA,0.4364042626332073,0.6928497765555174
sp_highschool2013,3,5818,rho,3,NA,0.1615675489859058,0.5735647988999656
sp_highschool2013,3,5818,mean_P,NA,NA,0.5326572705397044,NA
sp_highschool2013,3,5818,median_P,NA,NA,0.3333333333333333,NA
sp_highschool2013,3,5818,relative_survival,1,0.2,1.0,1.0
sp_highschool2013,3,5818,relative_survival,2,0.4,0.4364042626332073,0.6928497765555174
sp_highschool2013,3,5818,relative_survival,2,0.6,0.4364042626332073,0.6928497765555174
sp_highschool2013,3,5818,relative_survival,3,0.8,0.1615675489859058,0.5735647988999656
sp_highschool2013,3,5818,relative_survival,3,1.0,0.1615675489859058,0.5735647988999656
sp_highschool2013,4,5818,rho,2,NA,0.4716397387418357,0.6928497765555174
sp_highschool2013,4,5818,rho,3,NA,0.23324166380199382,0.5735647988999656
sp_highschool2013,4,5818,rho,4,NA,0.09676864902028189,0.49759367480233757
sp_highschool2013,4,5818,mean_P,NA,NA,0.45041251289102785,NA
sp_highschool2013,4,5818,median_P,NA,NA,0.25,NA
sp_highschool2013,4,5818,relative_survival,1,0.2,1.0,1.0
sp_highschool2013,4,5818,relative_survival,2,0.4,0.4716397387418357,0.6928497765555174
sp_highschool2013,4,5818,relative_survival,3,0.6,0.23324166380199382,0.5735647988999656
sp_highschool2013,4,5818,relative_survival,4,0.8,0.09676864902028189,0.49759367480233757
sp_highschool2013,4,5818,relative_survival,4,1.0,0.09676864902028189,0.49759367480233757
sp_highschool2013,5,5818,rho,2,NA,0.4855620488140254,0.6928497765555174
sp_highschool2013,5,5818,rho,3,NA,0.2671020969405294,0.5735647988999656
sp_highschool2013,5,5818,rho,4,NA,0.12822275696115504,0.49759367480233757
sp_highschool2013,5,5818,rho,5,NA,0.05173599174974218,0.4444826400825026
sp_highschool2013,5,5818,mean_P,NA,NA,0.38652457889309044,NA
sp_highschool2013,5,5818,median_P,NA,NA,0.2,NA
sp_highschool2013,5,5818,relative_survival,1,0.2,1.0,1.0
sp_highschool2013,5,5818,relative_survival,2,0.4,0.4855620488140254,0.6928497765555174
sp_highschool2013,5,5818,relative_survival,3,0.6,0.2671020969405294,0.5735647988999656
sp_highschool2013,5,5818,relative_survival,4,0.8,0.12822275696115504,0.49759367480233757
sp_highschool2013,5,5818,relative_survival,5,1.0,0.05173599174974218,0.4444826400825026
sp_highschool2013,6,5818,rho,2,NA,0.48779649364042627,0.6928497765555174
sp_highschool2013,6,5818,rho,3,NA,0.27002406325197664,0.5735647988999656
sp_highschool2013,6,5818,rho,4,NA,0.13801993812306634,0.49759367480233757
sp_highschool2013,6,5818,rho,5,NA,0.060158129941560674,0.4444826400825026
sp_highschool2013,6,5818,rho,6,NA,0.015469233413544173,0.40580955654864215
sp_highschool2013,6,5818,mean_P,NA,NA,0.32857797639509567,NA
sp_highschool2013,6,5818,median_P,NA,NA,0.16666666666666666,NA
sp_highschool2013,6,5818,relative_survival,2,0.2,0.48779649364042627,0.6928497765555174
sp_highschool2013,6,5818,relative_survival,3,0.4,0.27002406325197664,0.5735647988999656
sp_highschool2013,6,5818,relative_survival,4,0.6,0.13801993812306634,0.49759367480233757
sp_highschool2013,6,5818,relative_survival,5,0.8,0.060158129941560674,0.4444826400825026
sp_highschool2013,6,5818,relative_survival,6,1.0,0.015469233413544173,0.40580955654864215
sp_highschool2013,7,5818,rho,2,NA,0.4914059814369199,0.6928497765555174
sp_highschool2013,7,5818,rho,3,NA,0.27896184255757994,0.5735647988999656
sp_highschool2013,7,5818,rho,4,NA,0.14833276039876245,0.49759367480233757
sp_highschool2013,7,5818,rho,5,NA,0.07425232038501203,0.4444826400825026
sp_highschool2013,7,5818,rho,6,NA,0.030250945342041938,0.40580955654864215
sp_highschool2013,7,5818,rho,7,NA,0.0034376074252320385,0.3757304915778618
sp_highschool2013,7,5818,mean_P,NA,NA,0.28952020822079255,NA
sp_highschool2013,7,5818,median_P,NA,NA,0.14285714285714285,NA
sp_highschool2013,7,5818,relative_survival,2,0.2,0.4914059814369199,0.6928497765555174
sp_highschool2013,7,5818,relative_survival,3,0.4,0.27896184255757994,0.5735647988999656
sp_highschool2013,7,5818,relative_survival,5,0.6,0.07425232038501203,0.4444826400825026
sp_highschool2013,7,5818,relative_survival,6,0.8,0.030250945342041938,0.40580955654864215
sp_highschool2013,7,5818,relative_survival,7,1.0,0.0034376074252320385,0.3757304915778618
sp_highschool2013,8,5818,rho,2,NA,0.49862495702990717,0.6928497765555174
sp_highschool2013,8,5818,rho,3,NA,0.29322791337229287,0.5735647988999656
sp_highschool2013,8,5818,rho,4,NA,0.16552079752492266,0.49759367480233757
sp_highschool2013,8,5818,rho,5,NA,0.09384668270883464,0.4444826400825026
sp_highschool2013,8,5818,rho,6,NA,0.04382949467170849,0.40580955654864215
sp_highschool2013,8,5818,rho,7,NA,0.018906840838776213,0.3757304915778618
sp_highschool2013,8,5818,rho,8,NA,0.00446888965280165,0.35046407700240634
sp_highschool2013,8,5818,mean_P,NA,NA,0.26480319697490545,NA
sp_highschool2013,8,5818,median_P,NA,NA,0.125,NA
sp_highschool2013,8,5818,relative_survival,2,0.2,0.49862495702990717,0.6928497765555174
sp_highschool2013,8,5818,relative_survival,4,0.4,0.16552079752492266,0.49759367480233757
sp_highschool2013,8,5818,relative_survival,5,0.6,0.09384668270883464,0.4444826400825026
sp_highschool2013,8,5818,relative_survival,7,0.8,0.018906840838776213,0.3757304915778618
sp_highschool2013,8,5818,relative_survival,8,1.0,0.00446888965280165,0.35046407700240634
sp_highschool2013,9,5818,rho,2,NA,0.49432794774836714,0.6928497765555174
sp_highschool2013,9,5818,rho,3,NA,0.2856651770367824,0.5735647988999656
sp_highschool2013,9,5818,rho,4,NA,0.15623925747679615,0.49759367480233757
sp_highschool2013,9,5818,rho,5,NA,0.08164317634926091,0.4444826400825026
sp_highschool2013,9,5818,rho,6,NA,0.03746992093502922,0.40580955654864215
sp_highschool2013,9,5818,rho,7,NA,0.009109659676864902,0.3757304915778618
sp_highschool2013,9,5818,rho,8,NA,0.0,0.35046407700240634
sp_highschool2013,9,5818,rho,9,NA,0.0,0.3284633894809213
sp_highschool2013,9,5818,mean_P,NA,NA,0.2293839043581223,NA
sp_highschool2013,9,5818,median_P,NA,NA,0.1111111111111111,NA
sp_highschool2013,9,5818,relative_survival,2,0.2,0.49432794774836714,0.6928497765555174
sp_highschool2013,9,5818,relative_survival,4,0.4,0.15623925747679615,0.49759367480233757
sp_highschool2013,9,5818,relative_survival,6,0.6,0.03746992093502922,0.40580955654864215
sp_highschool2013,9,5818,relative_survival,8,0.8,0.0,0.35046407700240634
sp_highschool2013,9,5818,relative_survival,9,1.0,0.0,0.3284633894809213
sp_highschool2013,10,5818,rho,2,NA,0.4944998281196287,0.6928497765555174
sp_highschool2013,10,5818,rho,3,NA,0.28704022000687524,0.5735647988999656
sp_highschool2013,10,5818,rho,4,NA,0.1608800275008594,0.49759367480233757
sp_highschool2013,10,5818,rho,5,NA,0.08662770711584737,0.4444826400825026
sp_highschool2013,10,5818,rho,6,NA,0.04554829838432451,0.40580955654864215
sp_highschool2013,10,5818,rho,7,NA,0.018219319353729804,0.3757304915778618
sp_highschool2013,10,5818,rho,8,NA,0.0032657270539704366,0.35046407700240634
sp_highschool2013,10,5818,rho,9,NA,0.0,0.3284633894809213
sp_highschool2013,10,5818,rho,10,NA,0.0,0.30818150567205227
sp_highschool2013,10,5818,mean_P,NA,NA,0.20960811275352353,NA
sp_highschool2013,10,5818,median_P,NA,NA,0.1,NA
sp_highschool2013,10,5818,relative_survival,2,0.2,0.4944998281196287,0.6928497765555174
sp_highschool2013,10,5818,relative_survival,4,0.4,0.1608800275008594,0.49759367480233757
sp_highschool2013,10,5818,relative_survival,6,0.6,0.04554829838432451,0.40580955654864215
sp_highschool2013,10,5818,relative_survival,8,0.8,0.0032657270539704366,0.35046407700240634
sp_highschool2013,10,5818,relative_survival,10,1.0,0.0,0.30818150567205227
sp_highschool2013,11,5818,rho,2,NA,0.5006875214850464,0.6928497765555174
sp_highschool2013,11,5818,rho,3,NA,0.2964936404262633,0.5735647988999656
sp_highschool2013,11,5818,rho,4,NA,0.16638019938123066,0.49759367480233757
sp_highschool2013,11,5818,rho,5,NA,0.09487796493640427,0.4444826400825026
sp_highschool2013,11,5818,rho,6,NA,0.05173599174974218,0.40580955654864215
sp_highschool2013,11,5818,rho,7,NA,0.023375730491577863,0.3757304915778618
sp_highschool2013,11,5818,rho,8,NA,0.007047095221725679,0.35046407700240634
sp_highschool2013,11,5818,rho,9,NA,0.0,0.3284633894809213
sp_highschool2013,11,5818,rho,10,NA,0.0,0.30818150567205227
sp_highschool2013,11,5818,rho,11,NA,0.0,0.29150910965967686
sp_highschool2013,11,5818,mean_P,NA,NA,0.19459983124472638,NA
sp_highschool2013,11,5818,median_P,NA,NA,0.18181818181818182,NA
sp_highschool2013,11,5818,relative_survival,3,0.2,0.2964936404262633,0.5735647988999656
sp_highschool2013,11,5818,relative_survival,5,0.4,0.09487796493640427,0.4444826400825026
sp_highschool2013,11,5818,relative_survival,7,0.6,0.023375730491577863,0.3757304915778618
sp_highschool2013,11,5818,relative_survival,9,0.8,0.0,0.3284633894809213
sp_highschool2013,11,5818,relative_survival,11,1.0,0.0,0.29150910965967686
sp_highschool2013,12,5818,rho,2,NA,0.499140598143692,0.6928497765555174
sp_highschool2013,12,5818,rho,3,NA,0.29511859745617053,0.5735647988999656
sp_highschool2013,12,5818,rho,4,NA,0.1699896871777243,0.49759367480233757
sp_highschool2013,12,5818,rho,5,NA,0.09762805087658989,0.4444826400825026
sp_highschool2013,12,5818,rho,6,NA,0.05070470952217257,0.40580955654864215
sp_highschool2013,12,5818,rho,7,NA,0.022688209006531453,0.3757304915778618
sp_highschool2013,12,5818,rho,8,NA,0.007218975592987281,0.35046407700240634
sp_highschool2013,12,5818,rho,9,NA,0.0024063251976624267,0.3284633894809213
sp_highschool2013,12,5818,rho,10,NA,0.0,0.30818150567205227
sp_highschool2013,12,5818,rho,11,NA,0.0,0.29150910965967686
sp_highschool2013,12,5818,rho,12,NA,0.0,0.2777586799587487
sp_highschool2013,12,5818,mean_P,NA,NA,0.17874126274779417,NA
sp_highschool2013,12,5818,median_P,NA,NA,0.08333333333333333,NA
sp_highschool2013,12,5818,relative_survival,3,0.2,0.29511859745617053,0.5735647988999656
sp_highschool2013,12,5818,relative_survival,5,0.4,0.09762805087658989,0.4444826400825026
sp_highschool2013,12,5818,relative_survival,8,0.6,0.007218975592987281,0.35046407700240634
sp_highschool2013,12,5818,relative_survival,10,0.8,0.0,0.30818150567205227
sp_highschool2013,12,5818,relative_survival,12,1.0,0.0,0.2777586799587487
sp_highschool2013,13,5818,rho,2,NA,0.5013750429700928,0.6928497765555174
sp_highschool2013,13,5818,rho,3,NA,0.30233757304915776,0.5735647988999656
sp_highschool2013,13,5818,rho,4,NA,0.18013062908215882,0.49759367480233757
sp_highschool2013,13,5818,rho,5,NA,0.1067377105534548,0.4444826400825026
sp_highschool2013,13,5818,rho,6,NA,0.061189412169130285,0.40580955654864215
sp_highschool2013,13,5818,rho,7,NA,0.03282915091096597,0.3757304915778618
sp_highschool2013,13,5818,rho,8,NA,0.013062908215881746,0.35046407700240634
sp_highschool2013,13,5818,rho,9,NA,0.004297009281540048,0.3284633894809213
sp_highschool2013,13,5818,rho,10,NA,0.0,0.30818150567205227
sp_highschool2013,13,5818,rho,11,NA,0.0,0.29150910965967686
sp_highschool2013,13,5818,rho,12,NA,0.0,0.2777586799587487
sp_highschool2013,13,5818,rho,13,NA,0.0,0.2669302165692678
sp_highschool2013,13,5818,mean_P,NA,NA,0.1693814950947986,NA
sp_highschool2013,13,5818,median_P,NA,NA,0.15384615384615385,NA
sp_highschool2013,13,5818,relative_survival,3,0.2,0.30233757304915776,0.5735647988999656
sp_highschool2013,13,5818,relative_survival,6,0.4,0.061189412169130285,0.40580955654864215
sp_highschool2013,13,5818,relative_survival,8,0.6,0.013062908215881746,0.35046407700240634
sp_highschool2013,13,5818,relative_survival,11,0.8,0.0,0.29150910965967686
sp_highschool2013,13,5818,relative_survival,13,1.0,0.0,0.2669302165692678
sp_highschool2013,14,5818,rho,2,NA,0.49759367480233757,0.6928497765555174
sp_highschool2013,14,5818,rho,3,NA,0.2935716741148161,0.5735647988999656
sp_highschool2013,14,5818,rho,4,NA,0.1698178068064627,0.49759367480233757
sp_highschool2013,14,5818,rho,5,NA,0.09694052939154349,0.4444826400825026
sp_highschool2013,14,5818,rho,6,NA,0.05448607768992781,0.40580955654864215
sp_highschool2013,14,5818,rho,7,NA,0.026813337916809902,0.3757304915778618
sp_highschool2013,14,5818,rho,8,NA,0.011687865245788931,0.35046407700240634
sp_highschool2013,14,5818,rho,9,NA,0.002921966311447233,0.3284633894809213
sp_highschool2013,14,5818,rho,10,NA,0.0008594018563080096,0.30818150567205227
sp_highschool2013,14,5818,rho,11,NA,0.0,0.29150910965967686
sp_highschool2013,14,5818,rho,12,NA,0.0,0.2777586799587487
sp_highschool2013,14,5818,rho,13,NA,0.0,0.2669302165692678
sp_highschool2013,14,5818,rho,14,NA,0.0,0.25678927466483326
sp_highschool2013,14,5818,mean_P,NA,NA,0.15390659529538867,NA
sp_highschool2013,14,5818,median_P,NA,NA,0.07142857142857142,NA
sp_highschool2013,14,5818,relative_survival,3,0.2,0.2935716741148161,0.5735647988999656
sp_highschool2013,14,5818,relative_survival,6,0.4,0.05448607768992781,0.40580955654864215
sp_highschool2013,14,5818,relative_survival,9,0.6,0.002921966311447233,0.3284633894809213
sp_highschool2013,14,5818,relative_survival,12,0.8,0.0,0.2777586799587487
sp_highschool2013,14,5818,relative_survival,14,1.0,0.0,0.25678927466483326
sp_highschool2013,15,5818,rho,2,NA,0.5123753867308354,0.6928497765555174
sp_highschool2013,15,5818,rho,3,NA,0.31746304572017875,0.5735647988999656
sp_highschool2013,15,5818,rho,4,NA,0.1966311447232726,0.49759367480233757
sp_highschool2013,15,5818,rho,5,NA,0.12564455139223102,0.4444826400825026
sp_highschool2013,15,5818,rho,6,NA,0.07906497078033689,0.40580955654864215
sp_highschool2013,15,5818,rho,7,NA,0.04623581986937092,0.3757304915778618
sp_highschool2013,15,5818,rho,8,NA,0.024750773461670678,0.35046407700240634
sp_highschool2013,15,5818,rho,9,NA,0.011859745617050534,0.3284633894809213
sp_highschool2013,15,5818,rho,10,NA,0.004125128910278446,0.30818150567205227
sp_highschool2013,15,5818,rho,11,NA,0.0,0.29150910965967686
sp_highschool2013,15,5818,rho,12,NA,0.0,0.2777586799587487
sp_highschool2013,15,5818,rho,13,NA,0.0,0.2669302165692678
sp_highschool2013,15,5818,rho,14,NA,0.0,0.25678927466483326
sp_highschool2013,15,5818,rho,15,NA,0.0,0.24664833276039877
sp_highschool2013,15,5818,mean_P,NA,NA,0.154543371147015,NA
sp_highschool2013,15,5818,median_P,NA,NA,0.13333333333333333,NA
sp_highschool2013,15,5818,relative_survival,3,0.2,0.31746304572017875,0.5735647988999656
sp_highschool2013,15,5818,relative_survival,6,0.4,0.07906497078033689,0.40580955654864215
sp_highschool2013,15,5818,relative_survival,9,0.6,0.011859745617050534,0.3284633894809213
sp_highschool2013,15,5818,relative_survival,12,0.8,0.0,0.2777586799587487
sp_highschool2013,15,5818,relative_survival,15,1.0,0.0,0.24664833276039877
sp_highschool2013,16,5818,rho,2,NA,0.5084221381918185,0.6928497765555174
sp_highschool2013,16,5818,rho,3,NA,0.3100721897559299,0.5735647988999656
sp_highschool2013,16,5818,rho,4,NA,0.19250601581299415,0.49759367480233757
sp_highschool2013,16,5818,rho,5,NA,0.11722241320041252,0.4444826400825026
sp_highschool2013,16,5818,rho,6,NA,0.07339291852870403,0.40580955654864215
sp_highschool2013,16,5818,rho,7,NA,0.04314197318666208,0.3757304915778618
sp_highschool2013,16,5818,rho,8,NA,0.023375730491577863,0.35046407700240634
sp_highschool2013,16,5818,rho,9,NA,0.010484702646957717,0.3284633894809213
sp_highschool2013,16,5818,rho,10,NA,0.004640770024063252,0.30818150567205227
sp_highschool2013,16,5818,rho,11,NA,0.0012031625988312134,0.29150910965967686
sp_highschool2013,16,5818,rho,12,NA,0.0,0.2777586799587487
sp_highschool2013,16,5818,rho,13,NA,0.0,0.2669302165692678
sp_highschool2013,16,5818,rho,14,NA,0.0,0.25678927466483326
sp_highschool2013,16,5818,rho,15,NA,0.0,0.24664833276039877
sp_highschool2013,16,5818,rho,16,NA,0.0,0.23702303196974905
sp_highschool2013,16,5818,mean_P,NA,NA,0.14277887590237195,NA
sp_highschool2013,16,5818,median_P,NA,NA,0.125,NA
sp_highschool2013,16,5818,relative_survival,4,0.2,0.19250601581299415,0.49759367480233757
sp_highschool2013,16,5818,relative_survival,7,0.4,0.04314197318666208,0.3757304915778618
sp_highschool2013,16,5818,relative_survival,10,0.6,0.004640770024063252,0.30818150567205227
sp_highschool2013,16,5818,relative_survival,13,0.8,0.0,0.2669302165692678
sp_highschool2013,16,5818,relative_survival,16,1.0,0.0,0.23702303196974905
sp_highschool2013,17,5818,rho,2,NA,0.5134066689584049,0.6928497765555174
sp_highschool2013,17,5818,rho,3,NA,0.31711928497765557,0.5735647988999656
sp_highschool2013,17,5818,rho,4,NA,0.20058439326228944,0.49759367480233757
sp_highschool2013,17,5818,rho,5,NA,0.1259883121347542,0.4444826400825026
sp_highschool2013,17,5818,rho,6,NA,0.07854932966655208,0.40580955654864215
sp_highschool2013,17,5818,rho,7,NA,0.04640770024063252,0.3757304915778618
sp_highschool2013,17,5818,rho,8,NA,0.025438294946717083,0.35046407700240634
sp_highschool2013,17,5818,rho,9,NA,0.009625300790649707,0.3284633894809213
sp_highschool2013,17,5818,rho,10,NA,0.0,0.30818150567205227
sp_highschool2013,17,5818,rho,11,NA,0.0,0.29150910965967686
sp_highschool2013,17,5818,rho,12,NA,0.0,0.2777586799587487
sp_highschool2013,17,5818,rho,13,NA,0.0,0.2669302165692678
sp_highschool2013,17,5818,rho,14,NA,0.0,0.25678927466483326
sp_highschool2013,17,5818,rho,15,NA,0.0,0.24664833276039877
sp_highschool2013,17,5818,rho,16,NA,0.0,0.23702303196974905
sp_highschool2013,17,5818,rho,17,NA,0.0,0.22705397043657613
sp_highschool2013,17,5818,mean_P,NA,NA,0.13630113441045036,NA
sp_highschool2013,17,5818,median_P,NA,NA,0.11764705882352941,NA
sp_highschool2013,17,5818,relative_survival,4,0.2,0.20058439326228944,0.49759367480233757
sp_highschool2013,17,5818,relative_survival,7,0.4,0.04640770024063252,0.3757304915778618
sp_highschool2013,17,5818,relative_survival,11,0.6,0.0,0.29150910965967686
sp_highschool2013,17,5818,relative_survival,14,0.8,0.0,0.25678927466483326
sp_highschool2013,17,5818,relative_survival,17,1.0,0.0,0.22705397043657613
sp_highschool2013,18,5818,rho,2,NA,0.5139223100721898,0.6928497765555174
sp_highschool2013,18,5818,rho,3,NA,0.3231350979718116,0.5735647988999656
sp_highschool2013,18,5818,rho,4,NA,0.20110003437607427,0.49759367480233757
sp_highschool2013,18,5818,rho,5,NA,0.12891027844620145,0.4444826400825026
sp_highschool2013,18,5818,rho,6,NA,0.08422138191818494,0.40580955654864215
sp_highschool2013,18,5818,rho,7,NA,0.05242351323478859,0.3757304915778618
sp_highschool2013,18,5818,rho,8,NA,0.033344792024750776,0.35046407700240634
sp_highschool2013,18,5818,rho,9,NA,0.014094190443451358,0.3284633894809213
sp_highschool2013,18,5818,rho,10,NA,0.006015812994156067,0.30818150567205227
sp_highschool2013,18,5818,rho,11,NA,0.0012031625988312134,0.29150910965967686
sp_highschool2013,18,5818,rho,12,NA,0.0,0.2777586799587487
sp_highschool2013,18,5818,rho,13,NA,0.0,0.2669302165692678
sp_highschool2013,18,5818,rho,14,NA,0.0,0.25678927466483326
sp_highschool2013,18,5818,rho,15,NA,0.0,0.24664833276039877
sp_highschool2013,18,5818,rho,16,NA,0.0,0.23702303196974905
sp_highschool2013,18,5818,rho,17,NA,0.0,0.22705397043657613
sp_highschool2013,18,5818,rho,18,NA,0.0,0.21983499484358887
sp_highschool2013,18,5818,mean_P,NA,NA,0.13102058744891334,NA
sp_highschool2013,18,5818,median_P,NA,NA,0.1111111111111111,NA
sp_highschool2013,18,5818,relative_survival,4,0.2,0.20110003437607427,0.49759367480233757
sp_highschool2013,18,5818,relative_survival,8,0.4,0.033344792024750776,0.35046407700240634
sp_highschool2013,18,5818,relative_survival,11,0.6,0.0012031625988312134,0.29150910965967686
sp_highschool2013,18,5818,relative_survival,15,0.8,0.0,0.24664833276039877
sp_highschool2013,18,5818,relative_survival,18,1.0,0.0,0.21983499484358887
sp_highschool2013,19,5818,rho,2,NA,0.512547267102097,0.6928497765555174
sp_highschool2013,19,5818,rho,3,NA,0.31815056720522517,0.5735647988999656
sp_highschool2013,19,5818,rho,4,NA,0.20230319697490545,0.49759367480233757
sp_highschool2013,19,5818,rho,5,NA,0.12822275696115504,0.4444826400825026
sp_highschool2013,19,5818,rho,6,NA,0.08404950154692334,0.40580955654864215
sp_highschool2013,19,5818,rho,7,NA,0.05139223100721898,0.3757304915778618
sp_highschool2013,19,5818,rho,8,NA,0.031110347198349948,0.35046407700240634
sp_highschool2013,19,5818,rho,9,NA,0.016328635269852183,0.3284633894809213
sp_highschool2013,19,5818,rho,10,NA,0.007390855964248883,0.30818150567205227
sp_highschool2013,19,5818,rho,11,NA,0.0037813681677552422,0.29150910965967686
sp_highschool2013,19,5818,rho,12,NA,0.0,0.2777586799587487
sp_highschool2013,19,5818,rho,13,NA,0.0,0.2669302165692678
sp_highschool2013,19,5818,rho,14,NA,0.0,0.25678927466483326
sp_highschool2013,19,5818,rho,15,NA,0.0,0.24664833276039877
sp_highschool2013,19,5818,rho,16,NA,0.0,0.23702303196974905
sp_highschool2013,19,5818,rho,17,NA,0.0,0.22705397043657613
sp_highschool2013,19,5818,rho,18,NA,0.0,0.21983499484358887
sp_highschool2013,19,5818,rho,19,NA,0.0,0.21175661739429358
sp_highschool2013,19,5818,mean_P,NA,NA,0.1239619330209332,NA
sp_highschool2013,19,5818,median_P,NA,NA,0.10526315789473684,NA
sp_highschool2013,19,5818,relative_survival,4,0.2,0.20230319697490545,0.49759367480233757
sp_highschool2013,19,5818,relative_survival,8,0.4,0.031110347198349948,0.35046407700240634
sp_highschool2013,19,5818,relative_survival,12,0.6,0.0,0.2777586799587487
sp_highschool2013,19,5818,relative_survival,16,0.8,0.0,0.23702303196974905
sp_highschool2013,19,5818,relative_survival,19,1.0,0.0,0.21175661739429358
sp_highschool2013,20,5818,rho,2,NA,0.5158129941560674,0.6928497765555174
sp_highschool2013,20,5818,rho,3,NA,0.32365073908559644,0.5735647988999656
sp_highschool2013,20,5818,rho,4,NA,0.2050532829150911,0.49759367480233757
sp_highschool2013,20,5818,rho,5,NA,0.12942591955998625,0.4444826400825026
sp_highschool2013,20,5818,rho,6,NA,0.08645582674458577,0.40580955654864215
sp_highschool2013,20,5818,rho,7,NA,0.055345479546235817,0.3757304915778618
sp_highschool2013,20,5818,rho,8,NA,0.03454795462358199,0.35046407700240634
sp_highschool2013,20,5818,rho,9,NA,0.018047438982468203,0.3284633894809213
sp_highschool2013,20,5818,rho,10,NA,0.00979718116191131,0.30818150567205227
sp_highschool2013,20,5818,rho,11,NA,0.0037813681677552422,0.29150910965967686
sp_highschool2013,20,5818,rho,12,NA,0.0008594018563080096,0.2777586799587487
sp_highschool2013,20,5818,rho,13,NA,0.0,0.2669302165692678
sp_highschool2013,20,5818,rho,14,NA,0.0,0.25678927466483326
sp_highschool2013,20,5818,rho,15,NA,0.0,0.24664833276039877
sp_highschool2013,20,5818,rho,16,NA,0.0,0.23702303196974905
sp_highschool2013,20,5818,rho,17,NA,0.0,0.22705397043657613
sp_highschool2013,20,5818,rho,18,NA,0.0,0.21983499484358887
sp_highschool2013,20,5818,rho,19,NA,0.0,0.21175661739429358
sp_highschool2013,20,5818,rho,20,NA,0.0,0.20608456514266071
sp_highschool2013,20,5818,mean_P,NA,NA,0.1191388793399794,NA
sp_highschool2013,20,5818,median_P,NA,NA,0.1,NA
sp_highschool2013,20,5818,relative_survival,4,0.2,0.2050532829150911,0.49759367480233757
sp_highschool2013,20,5818,relative_survival,8,0.4,0.03454795462358199,0.35046407700240634
sp_highschool2013,20,5818,relative_survival,12,0.6,0.0008594018563080096,0.2777586799587487
sp_highschool2013,20,5818,relative_survival,16,0.8,0.0,0.23702303196974905
sp_highschool2013,20,5818,relative_survival,20,1.0,0.0,0.20608456514266071
sp_workplace,2,4274,rho,2,NA,0.2243799719232569,0.6689284043051006
sp_workplace,2,4274,mean_P,NA,NA,0.6121899859616284,NA
sp_workplace,2,4274,median_P,NA,NA,0.5,NA
sp_workplace,2,4274,relative_survival,1,0.2,1.0,1.0
sp_workplace,2,4274,relative_survival,1,0.4,1.0,1.0
sp_workplace,2,4274,relative_survival,2,0.6,0.2243799719232569,0.6689284043051006
sp_workplace,2,4274,relative_survival,2,0.8,0.2243799719232569,0.6689284043051006
sp_workplace,2,4274,relative_survival,2,1.0,0.2243799719232569,0.6689284043051006
sp_workplace,3,4274,rho,2,NA,0.2606457650912494,0.6689284043051006
sp_workplace,3,4274,rho,3,NA,0.08727187646233037,0.5287786616752457
sp_workplace,3,4274,mean_P,NA,NA,0.4493058805178599,NA
sp_workplace,3,4274,median_P,NA,NA,0.3333333333333333,NA
sp_workplace,3,4274,relative_survival,1,0.2,1.0,1.0
sp_workplace,3,4274,relative_survival,2,0.4,0.2606457650912494,0.6689284043051006
sp_workplace,3,4274,relative_survival,2,0.6,0.2606457650912494,0.6689284043051006
sp_workplace,3,4274,relative_survival,3,0.8,0.08727187646233037,0.5287786616752457
sp_workplace,3,4274,relative_survival,3,1.0,0.08727187646233037,0.5287786616752457
sp_workplace,4,4274,rho,2,NA,0.28310715956948995,0.6689284043051006
sp_workplace,4,4274,rho,3,NA,0.11862423958820777,0.5287786616752457
sp_workplace,4,4274,rho,4,NA,0.043518951801591016,0.44829199812821713
sp_workplace,4,4274,mean_P,NA,NA,0.36131258773982217,NA
sp_workplace,4,4274,median_P,NA,NA,0.25,NA
sp_workplace,4,4274,relative_survival,1,0.2,1.0,1.0
sp_workplace,4,4274,relative_survival,2,0.4,0.28310715956948995,0.6689284043051006
sp_workplace,4,4274,relative_survival,3,0.6,0.11862423958820777,0.5287786616752457
sp_workplace,4,4274,relative_survival,4,0.8,0.043518951801591016,0.44829199812821713
sp_workplace,4,4274,relative_survival,4,1.0,0.043518951801591016,0.44829199812821713
sp_workplace,5,4274,rho,2,NA,0.2901263453439401,0.6689284043051006
sp_workplace,5,4274,rho,3,NA,0.11909218530650445,0.5287786616752457
sp_workplace,5,4274,rho,4,NA,0.04609265325222274,0.44829199812821713
sp_workplace,5,4274,rho,5,NA,0.0,0.39962564342536266
sp_workplace,5,4274,mean_P,NA,NA,0.2910622367805335,NA
sp_workplace,5,4274,median_P,NA,NA,0.2,NA
sp_workplace,5,4274,relative_survival,1,0.2,1.0,1.0
sp_workplace,5,4274,relative_survival,2,0.4,0.2901263453439401,0.6689284043051006
sp_workplace,5,4274,relative_survival,3,0.6,0.11909218530650445,0.5287786616752457
sp_workplace,5,4274,relative_survival,4,0.8,0.04609265325222274,0.44829199812821713
sp_workplace,5,4274,relative_survival,5,1.0,0.0,0.39962564342536266
sp_workplace,6,4274,rho,2,NA,0.3048666354702855,0.6689284043051006
sp_workplace,6,4274,rho,3,NA,0.1476368741226018,0.5287786616752457
sp_workplace,6,4274,rho,4,NA,0.07627515208235845,0.44829199812821713
sp_workplace,6,4274,rho,5,NA,0.036499766027140855,0.39962564342536266
sp_workplace,6,4274,rho,6,NA,0.010060832943378568,0.36523163313055684
sp_workplace,6,4274,mean_P,NA,NA,0.2625565434409608,NA
sp_workplace,6,4274,median_P,NA,NA,0.16666666666666666,NA
sp_workplace,6,4274,relative_survival,2,0.2,0.3048666354702855,0.6689284043051006
sp_workplace,6,4274,relative_survival,3,0.4,0.1476368741226018,0.5287786616752457
sp_workplace,6,4274,relative_survival,4,0.6,0.07627515208235845,0.44829199812821713
sp_workplace,6,4274,relative_survival,5,0.8,0.036499766027140855,0.39962564342536266
sp_workplace,6,4274,relative_survival,6,1.0,0.010060832943378568,0.36523163313055684
sp_workplace,7,4274,rho,2,NA,0.31258773982218063,0.6689284043051006
sp_workplace,7,4274,rho,3,NA,0.15067852129153017,0.5287786616752457
sp_workplace,7,4274,rho,4,NA,0.08189050070191858,0.44829199812821713
sp_workplace,7,4274,rho,5,NA,0.04094525035095929,0.39962564342536266
sp_workplace,7,4274,rho,6,NA,0.014740290126345344,0.36523163313055684
sp_workplace,7,4274,rho,7,NA,0.0,0.3331773514272344
sp_workplace,7,4274,mean_P,NA,NA,0.22869175747041912,NA
sp_workplace,7,4274,median_P,NA,NA,0.14285714285714285,NA
sp_workplace,7,4274,relative_survival,2,0.2,0.31258773982218063,0.6689284043051006
sp_workplace,7,4274,relative_survival,3,0.4,0.15067852129153017,0.5287786616752457
sp_workplace,7,4274,relative_survival,5,0.6,0.04094525035095929,0.39962564342536266
sp_workplace,7,4274,relative_survival,6,0.8,0.014740290126345344,0.36523163313055684
sp_workplace,7,4274,relative_survival,7,1.0,0.0,0.3331773514272344
sp_workplace,8,4274,rho,2,NA,0.31024801123069723,0.6689284043051006
sp_workplace,8,4274,rho,3,NA,0.15535797847449695,0.5287786616752457
sp_workplace,8,4274,rho,4,NA,0.08586803930744033,0.44829199812821713
sp_workplace,8,4274,rho,5,NA,0.04609265325222274,0.39962564342536266
sp_workplace,8,4274,rho,6,NA,0.022227421619092184,0.36523163313055684
sp_workplace,8,4274,rho,7,NA,0.008656995788488536,0.3331773514272344
sp_workplace,8,4274,rho,8,NA,0.0014038371548900327,0.3088441740758072
sp_workplace,8,4274,mean_P,NA,NA,0.203731867103416,NA
sp_workplace,8,4274,median_P,NA,NA,0.125,NA
sp_workplace,8,4274,relative_survival,2,0.2,0.31024801123069723,0.6689284043051006
sp_workplace,8,4274,relative_survival,4,0.4,0.08586803930744033,0.44829199812821713
sp_workplace,8,4274,relative_survival,5,0.6,0.04609265325222274,0.39962564342536266
sp_workplace,8,4274,relative_survival,7,0.8,0.008656995788488536,0.3331773514272344
sp_workplace,8,4274,relative_survival,8,1.0,0.0014038371548900327,0.3088441740758072
sp_workplace,9,4274,rho,2,NA,0.32241459990641086,0.6689284043051006
sp_workplace,9,4274,rho,3,NA,0.16635470285446888,0.5287786616752457
sp_workplace,9,4274,rho,4,NA,0.09967243799719233,0.44829199812821713
sp_workplace,9,4274,rho,5,NA,0.05451567618156294,0.39962564342536266
sp_workplace,9,4274,rho,6,NA,0.033224145999064106,0.36523163313055684
sp_workplace,9,4274,rho,7,NA,0.014272344408048667,0.3331773514272344
sp_workplace,9,4274,rho,8,NA,0.004445484323818437,0.3088441740758072
sp_workplace,9,4274,rho,9,NA,0.0,0.2908282639213851
sp_workplace,9,4274,mean_P,NA,NA,0.18832215463006294,NA
sp_workplace,9,4274,median_P,NA,NA,0.1111111111111111,NA
sp_workplace,9,4274,relative_survival,2,0.2,0.32241459990641086,0.6689284043051006
sp_workplace,9,4274,relative_survival,4,0.4,0.09967243799719233,0.44829199812821713
sp_workplace,9,4274,relative_survival,6,0.6,0.033224145999064106,0.36523163313055684
sp_workplace,9,4274,relative_survival,8,0.8,0.004445484323818437,0.3088441740758072
sp_workplace,9,4274,relative_survival,9,1.0,0.0,0.2908282639213851
sp_workplace,10,4274,rho,2,NA,0.32732802994852594,0.6689284043051006
sp_workplace,10,4274,rho,3,NA,0.16939635002339729,0.5287786616752457
sp_workplace,10,4274,rho,4,NA,0.09943846513804398,0.44829199812821713
sp_workplace,10,4274,rho,5,NA,0.058259241927936356,0.39962564342536266
sp_workplace,10,4274,rho,6,NA,0.03345811885821245,0.36523163313055684
sp_workplace,10,4274,rho,7,NA,0.012400561534861956,0.3331773514272344
sp_workplace,10,4274,rho,8,NA,0.004445484323818437,0.3088441740758072
sp_workplace,10,4274,rho,9,NA,0.0,0.2908282639213851
sp_workplace,10,4274,rho,10,NA,0.0,0.2751520823584464
sp_workplace,10,4274,mean_P,NA,NA,0.17047262517547965,NA
sp_workplace,10,4274,median_P,NA,NA,0.1,NA
sp_workplace,10,4274,relative_survival,2,0.2,0.32732802994852594,0.6689284043051006
sp_workplace,10,4274,relative_survival,4,0.4,0.09943846513804398,0.44829199812821713
sp_workplace,10,4274,relative_survival,6,0.6,0.03345811885821245,0.36523163313055684
sp_workplace,10,4274,relative_survival,8,0.8,0.004445484323818437,0.3088441740758072
sp_workplace,10,4274,relative_survival,10,1.0,0.0,0.2751520823584464
sp_workplace,11,4274,rho,2,NA,0.3345811885821245,0.6689284043051006
sp_workplace,11,4274,rho,3,NA,0.17875526438933084,0.5287786616752457
sp_workplace,11,4274,rho,4,NA,0.10786148806738419,0.44829199812821713
sp_workplace,11,4274,rho,5,NA,0.0687880205896116,0.39962564342536266
sp_workplace,11,4274,rho,6,NA,0.0416471689284043,0.36523163313055684
sp_workplace,11,4274,rho,7,NA,0.025503041647168927,0.3331773514272344
sp_workplace,11,4274,rho,8,NA,0.012400561534861956,0.3088441740758072
sp_workplace,11,4274,rho,9,NA,0.005147402901263453,0.2908282639213851
sp_workplace,11,4274,rho,10,NA,0.0021057557323350493,0.2751520823584464
sp_workplace,11,4274,rho,11,NA,0.0,0.2618156293869911
sp_workplace,11,4274,mean_P,NA,NA,0.16152635385204409,NA
sp_workplace,11,4274,median_P,NA,NA,0.09090909090909091,NA
sp_workplace,11,4274,relative_survival,3,0.2,0.17875526438933084,0.5287786616752457
sp_workplace,11,4274,relative_survival,5,0.4,0.0687880205896116,0.39962564342536266
sp_workplace,11,4274,relative_survival,7,0.6,0.025503041647168927,0.3331773514272344
sp_workplace,11,4274,relative_survival,9,0.8,0.005147402901263453,0.2908282639213851
sp_workplace,11,4274,relative_survival,11,1.0,0.0,0.2618156293869911
sp_workplace,12,4274,rho,2,NA,0.3233504913430042,0.6689284043051006
sp_workplace,12,4274,rho,3,NA,0.1731399157697707,0.5287786616752457
sp_workplace,12,4274,rho,4,NA,0.10598970519419747,0.44829199812821713
sp_workplace,12,4274,rho,5,NA,0.061534861956013105,0.39962564342536266
sp_workplace,12,4274,rho,6,NA,0.03883949461862424,0.36523163313055684
sp_workplace,12,4274,rho,7,NA,0.02152550304164717,0.3331773514272344
sp_workplace,12,4274,rho,8,NA,0.010762751520823585,0.3088441740758072
sp_workplace,12,4274,rho,9,NA,0.004679457182966776,0.2908282639213851
sp_workplace,12,4274,rho,10,NA,0.001169864295741694,0.2751520823584464
sp_workplace,12,4274,rho,11,NA,0.0,0.2618156293869911
sp_workplace,12,4274,rho,12,NA,0.0,0.2496490407112775
sp_workplace,12,4274,mean_P,NA,NA,0.1450826704102324,NA
sp_workplace,12,4274,median_P,NA,NA,0.08333333333333333,NA
sp_workplace,12,4274,relative_survival,3,0.2,0.1731399157697707,0.5287786616752457
sp_workplace,12,4274,relative_survival,5,0.4,0.061534861956013105,0.39962564342536266
sp_workplace,12,4274,relative_survival,8,0.6,0.010762751520823585,0.3088441740758072
sp_workplace,12,4274,relative_survival,10,0.8,0.001169864295741694,0.2751520823584464
sp_workplace,12,4274,relative_survival,12,1.0,0.0,0.2496490407112775
sp_workplace,13,4274,rho,2,NA,0.32475432849789426,0.6689284043051006
sp_workplace,13,4274,rho,3,NA,0.17501169864295743,0.5287786616752457
sp_workplace,13,4274,rho,4,NA,0.10762751520823584,0.44829199812821713
sp_workplace,13,4274,rho,5,NA,0.06340664482919982,0.39962564342536266
sp_workplace,13,4274,rho,6,NA,0.04305100608329434,0.36523163313055684
sp_workplace,13,4274,rho,7,NA,0.024099204492278897,0.3331773514272344
sp_workplace,13,4274,rho,8,NA,0.012868507253158634,0.3088441740758072
sp_workplace,13,4274,rho,9,NA,0.006785212915301825,0.2908282639213851
sp_workplace,13,4274,rho,10,NA,0.0028076743097800653,0.2751520823584464
sp_workplace,13,4274,rho,11,NA,0.0004679457182966776,0.2618156293869911
sp_workplace,13,4274,rho,12,NA,0.0,0.2496490407112775
sp_workplace,13,4274,rho,13,NA,0.0,0.23724847917641553
sp_workplace,13,4274,mean_P,NA,NA,0.13545228753464597,NA
sp_workplace,13,4274,median_P,NA,NA,0.07692307692307693,NA
sp_workplace,13,4274,relative_survival,3,0.2,0.17501169864295743,0.5287786616752457
sp_workplace,13,4274,relative_survival,6,0.4,0.04305100608329434,0.36523163313055684
sp_workplace,13,4274,relative_survival,8,0.6,0.012868507253158634,0.3088441740758072
sp_workplace,13,4274,relative_survival,11,0.8,0.0004679457182966776,0.2618156293869911
sp_workplace,13,4274,relative_survival,13,1.0,0.0,0.23724847917641553
sp_workplace,14,4274,rho,2,NA,0.33341132428638276,0.6689284043051006
sp_workplace,14,4274,rho,3,NA,0.1803930744033692,0.5287786616752457
sp_workplace,14,4274,rho,4,NA,0.114646700982686,0.44829199812821713
sp_workplace,14,4274,rho,5,NA,0.07159569489939167,0.39962564342536266
sp_workplace,14,4274,rho,6,NA,0.04913430042115115,0.36523163313055684
sp_workplace,14,4274,rho,7,NA,0.0313523631258774,0.3331773514272344
sp_workplace,14,4274,rho,8,NA,0.020355638745905475,0.3088441740758072
sp_workplace,14,4274,rho,9,NA,0.01169864295741694,0.2908282639213851
sp_workplace,14,4274,rho,10,NA,0.006083294337856809,0.2751520823584464
sp_workplace,14,4274,rho,11,NA,0.0021057557323350493,0.2618156293869911
sp_workplace,14,4274,rho,12,NA,0.0002339728591483388,0.2496490407112775
sp_workplace,14,4274,rho,13,NA,0.0,0.23724847917641553
sp_workplace,14,4274,rho,14,NA,0.0,0.22882545624707534
sp_workplace,14,4274,mean_P,NA,NA,0.13007219733939432,NA
sp_workplace,14,4274,median_P,NA,NA,0.07142857142857142,NA
sp_workplace,14,4274,relative_survival,3,0.2,0.1803930744033692,0.5287786616752457
sp_workplace,14,4274,relative_survival,6,0.4,0.04913430042115115,0.36523163313055684
sp_workplace,14,4274,relative_survival,9,0.6,0.01169864295741694,0.2908282639213851
sp_workplace,14,4274,relative_survival,12,0.8,0.0002339728591483388,0.2496490407112775
sp_workplace,14,4274,relative_survival,14,1.0,0.0,0.22882545624707534
sp_workplace,15,4274,rho,2,NA,0.3291998128217127,0.6689284043051006
sp_workplace,15,4274,rho,3,NA,0.17758540009358914,0.5287786616752457
sp_workplace,15,4274,rho,4,NA,0.11230697239120262,0.44829199812821713
sp_workplace,15,4274,rho,5,NA,0.0687880205896116,0.39962564342536266
sp_workplace,15,4274,rho,6,NA,0.04539073467477773,0.36523163313055684
sp_workplace,15,4274,rho,7,NA,0.028310715956948992,0.3331773514272344
sp_workplace,15,4274,rho,8,NA,0.015910154422087038,0.3088441740758072
sp_workplace,15,4274,rho,9,NA,0.009826860084230228,0.2908282639213851
sp_workplace,15,4274,rho,10,NA,0.006083294337856809,0.2751520823584464
sp_workplace,15,4274,rho,11,NA,0.0018717828731867104,0.2618156293869911
sp_workplace,15,4274,rho,12,NA,0.0004679457182966776,0.2496490407112775
sp_workplace,15,4274,rho,13,NA,0.0,0.23724847917641553
sp_workplace,15,4274,rho,14,NA,0.0,0.22882545624707534
sp_workplace,15,4274,rho,15,NA,0.0,0.22016846045858682
sp_workplace,15,4274,mean_P,NA,NA,0.11971611293090001,NA
sp_workplace,15,4274,median_P,NA,NA,0.06666666666666667,NA
sp_workplace,15,4274,relative_survival,3,0.2,0.17758540009358914,0.5287786616752457
sp_workplace,15,4274,relative_survival,6,0.4,0.04539073467477773,0.36523163313055684
sp_workplace,15,4274,relative_survival,9,0.6,0.009826860084230228,0.2908282639213851
sp_workplace,15,4274,relative_survival,12,0.8,0.0004679457182966776,0.2496490407112775
sp_workplace,15,4274,relative_survival,15,1.0,0.0,0.22016846045858682
sp_workplace,16,4274,rho,2,NA,0.3306036499766027,0.6689284043051006
sp_workplace,16,4274,rho,3,NA,0.18530650444548433,0.5287786616752457
sp_workplace,16,4274,rho,4,NA,0.11768834815161441,0.44829199812821713
sp_workplace,16,4274,rho,5,NA,0.07627515208235845,0.39962564342536266
sp_workplace,16,4274,rho,6,NA,0.048900327562002806,0.36523163313055684
sp_workplace,16,4274,rho,7,NA,0.03205428170332241,0.3331773514272344
sp_workplace,16,4274,rho,8,NA,0.020355638745905475,0.3088441740758072
sp_workplace,16,4274,rho,9,NA,0.014506317267197005,0.2908282639213851
sp_workplace,16,4274,rho,10,NA,0.008656995788488536,0.2751520823584464
sp_workplace,16,4274,rho,11,NA,0.003743565746373421,0.2618156293869911
sp_workplace,16,4274,rho,12,NA,0.0014038371548900327,0.2496490407112775
sp_workplace,16,4274,rho,13,NA,0.0009358914365933552,0.23724847917641553
sp_workplace,16,4274,rho,14,NA,0.0,0.22882545624707534
sp_workplace,16,4274,rho,15,NA,0.0,0.22016846045858682
sp_workplace,16,4274,rho,16,NA,0.0,0.2129153018249883
sp_workplace,16,4274,mean_P,NA,NA,0.11502690687880206,NA
sp_workplace,16,4274,median_P,NA,NA,0.0625,NA
sp_workplace,16,4274,relative_survival,4,0.2,0.11768834815161441,0.44829199812821713
sp_workplace,16,4274,relative_survival,7,0.4,0.03205428170332241,0.3331773514272344
sp_workplace,16,4274,relative_survival,10,0.6,0.008656995788488536,0.2751520823584464
sp_workplace,16,4274,relative_survival,13,0.8,0.0009358914365933552,0.23724847917641553
sp_workplace,16,4274,relative_survival,16,1.0,0.0,0.2129153018249883
sp_workplace,17,4274,rho,2,NA,0.3341132428638278,0.6689284043051006
sp_workplace,17,4274,rho,3,NA,0.18249883013570425,0.5287786616752457
sp_workplace,17,4274,rho,4,NA,0.11675245671502106,0.44829199812821713
sp_workplace,17,4274,rho,5,NA,0.07463734206832008,0.39962564342536266
sp_workplace,17,4274,rho,6,NA,0.05077211043518952,0.36523163313055684
sp_workplace,17,4274,rho,7,NA,0.03299017313991577,0.3331773514272344
sp_workplace,17,4274,rho,8,NA,0.02082358446420215,0.3088441740758072
sp_workplace,17,4274,rho,9,NA,0.012868507253158634,0.2908282639213851
sp_workplace,17,4274,rho,10,NA,0.0070191857744501636,0.2751520823584464
sp_workplace,17,4274,rho,11,NA,0.004445484323818437,0.2618156293869911
sp_workplace,17,4274,rho,12,NA,0.0018717828731867104,0.2496490407112775
sp_workplace,17,4274,rho,13,NA,0.0004679457182966776,0.23724847917641553
sp_workplace,17,4274,rho,14,NA,0.0,0.22882545624707534
sp_workplace,17,4274,rho,15,NA,0.0,0.22016846045858682
sp_workplace,17,4274,rho,16,NA,0.0,0.2129153018249883
sp_workplace,17,4274,rho,17,NA,0.0,0.20542817033224145
sp_workplace,17,4274,mean_P,NA,NA,0.1081918026920642,NA
sp_workplace,17,4274,median_P,NA,NA,0.058823529411764705,NA
sp_workplace,17,4274,relative_survival,4,0.2,0.11675245671502106,0.44829199812821713
sp_workplace,17,4274,relative_survival,7,0.4,0.03299017313991577,0.3331773514272344
sp_workplace,17,4274,relative_survival,11,0.6,0.004445484323818437,0.2618156293869911
sp_workplace,17,4274,relative_survival,14,0.8,0.0,0.22882545624707534
sp_workplace,17,4274,relative_survival,17,1.0,0.0,0.20542817033224145
sp_workplace,18,4274,rho,2,NA,0.341834347215723,0.6689284043051006
sp_workplace,18,4274,rho,3,NA,0.1839026672905943,0.5287786616752457
sp_workplace,18,4274,rho,4,NA,0.11862423958820777,0.44829199812821713
sp_workplace,18,4274,rho,5,NA,0.07697707065980346,0.39962564342536266
sp_workplace,18,4274,rho,6,NA,0.05404773046326626,0.36523163313055684
sp_workplace,18,4274,rho,7,NA,0.03486195601310248,0.3331773514272344
sp_workplace,18,4274,rho,8,NA,0.022461394478240523,0.3088441740758072
sp_workplace,18,4274,rho,9,NA,0.014506317267197005,0.2908282639213851
sp_workplace,18,4274,rho,10,NA,0.009826860084230228,0.2751520823584464
sp_workplace,18,4274,rho,11,NA,0.0039775386055217596,0.2618156293869911
sp_workplace,18,4274,rho,12,NA,0.002339728591483388,0.2496490407112775
sp_workplace,18,4274,rho,13,NA,0.0002339728591483388,0.23724847917641553
sp_workplace,18,4274,rho,14,NA,0.0,0.22882545624707534
sp_workplace,18,4274,rho,15,NA,0.0,0.22016846045858682
sp_workplace,18,4274,rho,16,NA,0.0,0.2129153018249883
sp_workplace,18,4274,rho,17,NA,0.0,0.20542817033224145
sp_workplace,18,4274,rho,18,NA,0.0,0.19934487599438466
sp_workplace,18,4274,mean_P,NA,NA,0.10353299017313994,NA
sp_workplace,18,4274,median_P,NA,NA,0.05555555555555555,NA
sp_workplace,18,4274,relative_survival,4,0.2,0.11862423958820777,0.44829199812821713
sp_workplace,18,4274,relative_survival,8,0.4,0.022461394478240523,0.3088441740758072
sp_workplace,18,4274,relative_survival,11,0.6,0.0039775386055217596,0.2618156293869911
sp_workplace,18,4274,relative_survival,15,0.8,0.0,0.22016846045858682
sp_workplace,18,4274,relative_survival,18,1.0,0.0,0.19934487599438466
sp_workplace,19,4274,rho,2,NA,0.33785680861020123,0.6689284043051006
sp_workplace,19,4274,rho,3,NA,0.1876462330369677,0.5287786616752457
sp_workplace,19,4274,rho,4,NA,0.12072999532054282,0.44829199812821713
sp_workplace,19,4274,rho,5,NA,0.07674309780065512,0.39962564342536266
sp_workplace,19,4274,rho,6,NA,0.05311183902667291,0.36523163313055684
sp_workplace,19,4274,rho,7,NA,0.03603182030884417,0.3331773514272344
sp_workplace,19,4274,rho,8,NA,0.025970987365465607,0.3088441740758072
sp_workplace,19,4274,rho,9,NA,0.01754796443612541,0.2908282639213851
sp_workplace,19,4274,rho,10,NA,0.010294805802526907,0.2751520823584464
sp_workplace,19,4274,rho,11,NA,0.005615348619560131,0.2618156293869911
sp_workplace,19,4274,rho,12,NA,0.0035095928872250818,0.2496490407112775
sp_workplace,19,4274,rho,13,NA,0.002339728591483388,0.23724847917641553
sp_workplace,19,4274,rho,14,NA,0.0002339728591483388,0.22882545624707534
sp_workplace,19,4274,rho,15,NA,0.0,0.22016846045858682
sp_workplace,19,4274,rho,16,NA,0.0,0.2129153018249883
sp_workplace,19,4274,rho,17,NA,0.0,0.20542817033224145
sp_workplace,19,4274,rho,18,NA,0.0,0.19934487599438466
sp_workplace,19,4274,rho,19,NA,0.0,0.19162377164248948
sp_workplace,19,4274,mean_P,NA,NA,0.09882274708765362,NA
sp_workplace,19,4274,median_P,NA,NA,0.05263157894736842,NA
sp_workplace,19,4274,relative_survival,4,0.2,0.12072999532054282,0.44829199812821713
sp_workplace,19,4274,relative_survival,8,0.4,0.025970987365465607,0.3088441740758072
sp_workplace,19,4274,relative_survival,12,0.6,0.0035095928872250818,0.2496490407112775
sp_workplace,19,4274,relative_survival,16,0.8,0.0,0.2129153018249883
sp_workplace,19,4274,relative_survival,19,1.0,0.0,0.19162377164248948
sp_workplace,20,4274,rho,2,NA,0.3345811885821245,0.6689284043051006
sp_workplace,20,4274,rho,3,NA,0.1832007487131493,0.5287786616752457
sp_workplace,20,4274,rho,4,NA,0.11651848385587271,0.44829199812821713
sp_workplace,20,4274,rho,5,NA,0.07370145063172671,0.39962564342536266
sp_workplace,20,4274,rho,6,NA,0.048198408984557795,0.36523163313055684
sp_workplace,20,4274,rho,7,NA,0.031820308844174076,0.3331773514272344
sp_workplace,20,4274,rho,8,NA,0.020121665886757137,0.3088441740758072
sp_workplace,20,4274,rho,9,NA,0.013804398689751989,0.2908282639213851
sp_workplace,20,4274,rho,10,NA,0.009124941506785214,0.2751520823584464
sp_workplace,20,4274,rho,11,NA,0.005147402901263453,0.2618156293869911
sp_workplace,20,4274,rho,12,NA,0.0021057557323350493,0.2496490407112775
sp_workplace,20,4274,rho,13,NA,0.001169864295741694,0.23724847917641553
sp_workplace,20,4274,rho,14,NA,0.0002339728591483388,0.22882545624707534
sp_workplace,20,4274,rho,15,NA,0.0,0.22016846045858682
sp_workplace,20,4274,rho,16,NA,0.0,0.2129153018249883
sp_workplace,20,4274,rho,17,NA,0.0,0.20542817033224145
sp_workplace,20,4274,rho,18,NA,0.0,0.19934487599438466
sp_workplace,20,4274,rho,19,NA,0.0,0.19162377164248948
sp_workplace,20,4274,rho,20,NA,0.0,0.18554047730463266
sp_workplace,20,4274,mean_P,NA,NA,0.09198642957416939,NA
sp_workplace,20,4274,median_P,NA,NA,0.05,NA
sp_workplace,20,4274,relative_survival,4,0.2,0.11651848385587271,0.44829199812821713
sp_workplace,20,4274,relative_survival,8,0.4,0.020121665886757137,0.3088441740758072
sp_workplace,20,4274,relative_survival,12,0.6,0.0021057557323350493,0.2496490407112775
sp_workplace,20,4274,relative_survival,16,0.8,0.0,0.2129153018249883
sp_workplace,20,4274,relative_survival,20,1.0,0.0,0.18554047730463266
sp_hypertext2009,2,2196,rho,2,NA,0.23770491803278687,0.6010928961748634
sp_hypertext2009,2,2196,mean_P,NA,NA,0.6188524590163934,NA
sp_hypertext2009,2,2196,median_P,NA,NA,0.5,NA
sp_hypertext2009,2,2196,relative_survival,1,0.2,1.0,1.0
sp_hypertext2009,2,2196,relative_survival,1,0.4,1.0,1.0
sp_hypertext2009,2,2196,relative_survival,2,0.6,0.23770491803278687,0.6010928961748634
sp_hypertext2009,2,2196,relative_survival,2,0.8,0.23770491803278687,0.6010928961748634
sp_hypertext2009,2,2196,relative_survival,2,1.0,0.23770491803278687,0.6010928961748634
sp_hypertext2009,3,2196,rho,2,NA,0.2677595628415301,0.6010928961748634
sp_hypertext2009,3,2196,rho,3,NA,0.06876138433515483,0.4262295081967213
sp_hypertext2009,3,2196,mean_P,NA,NA,0.44550698239222825,NA
sp_hypertext2009,3,2196,median_P,NA,NA,0.3333333333333333,NA
sp_hypertext2009,3,2196,relative_survival,1,0.2,1.0,1.0
sp_hypertext2009,3,2196,relative_survival,2,0.4,0.2677595628415301,0.6010928961748634
sp_hypertext2009,3,2196,relative_survival,2,0.6,0.2677595628415301,0.6010928961748634
sp_hypertext2009,3,2196,relative_survival,3,0.8,0.06876138433515483,0.4262295081967213
sp_hypertext2009,3,2196,relative_survival,3,1.0,0.06876138433515483,0.4262295081967213
sp_hypertext2009,4,2196,rho,2,NA,0.29143897996357016,0.6010928961748634
sp_hypertext2009,4,2196,rho,3,NA,0.09836065573770492,0.4262295081967213
sp_hypertext2009,4,2196,rho,4,NA,0.033242258652094715,0.33970856102003644
sp_hypertext2009,4,2196,mean_P,NA,NA,0.35576047358834245,NA
sp_hypertext2009,4,2196,median_P,NA,NA,0.25,NA
sp_hypertext2009,4,2196,relative_survival,1,0.2,1.0,1.0
sp_hypertext2009,4,2196,relative_survival,2,0.4,0.29143897996357016,0.6010928961748634
sp_hypertext2009,4,2196,relative_survival,3,0.6,0.09836065573770492,0.4262295081967213
sp_hypertext2009,4,2196,relative_survival,4,0.8,0.033242258652094715,0.33970856102003644
sp_hypertext2009,4,2196,relative_survival,4,1.0,0.033242258652094715,0.33970856102003644
sp_hypertext2009,5,2196,rho,2,NA,0.2750455373406193,0.6010928961748634
sp_hypertext2009,5,2196,rho,3,NA,0.08105646630236794,0.4262295081967213
sp_hypertext2009,5,2196,rho,4,NA,0.013205828779599272,0.33970856102003644
sp_hypertext2009,5,2196,rho,5,NA,0.0004553734061930783,0.2827868852459016
sp_hypertext2009,5,2196,mean_P,NA,NA,0.2739526411657559,NA
sp_hypertext2009,5,2196,median_P,NA,NA,0.2,NA
sp_hypertext2009,5,2196,relative_survival,1,0.2,1.0,1.0
sp_hypertext2009,5,2196,relative_survival,2,0.4,0.2750455373406193,0.6010928961748634
sp_hypertext2009,5,2196,relative_survival,3,0.6,0.08105646630236794,0.4262295081967213
sp_hypertext2009,5,2196,relative_survival,4,0.8,0.013205828779599272,0.33970856102003644
sp_hypertext2009,5,2196,relative_survival,5,1.0,0.0004553734061930783,0.2827868852459016
sp_hypertext2009,6,2196,rho,2,NA,0.30601092896174864,0.6010928961748634
sp_hypertext2009,6,2196,rho,3,NA,0.11612021857923498,0.4262295081967213
sp_hypertext2009,6,2196,rho,4,NA,0.04918032786885246,0.33970856102003644
sp_hypertext2009,6,2196,rho,5,NA,0.020491803278688523,0.2827868852459016
sp_hypertext2009,6,2196,rho,6,NA,0.005009107468123861,0.24499089253187614
sp_hypertext2009,6,2196,mean_P,NA,NA,0.2494687310261081,NA
sp_hypertext2009,6,2196,median_P,NA,NA,0.16666666666666666,NA
sp_hypertext2009,6,2196,relative_survival,2,0.2,0.30601092896174864,0.6010928961748634
sp_hypertext2009,6,2196,relative_survival,3,0.4,0.11612021857923498,0.4262295081967213
sp_hypertext2009,6,2196,relative_survival,4,0.6,0.04918032786885246,0.33970856102003644
sp_hypertext2009,6,2196,relative_survival,5,0.8,0.020491803278688523,0.2827868852459016
sp_hypertext2009,6,2196,relative_survival,6,1.0,0.005009107468123861,0.24499089253187614
sp_hypertext2009,7,2196,rho,2,NA,0.30373406193078323,0.6010928961748634
sp_hypertext2009,7,2196,rho,3,NA,0.12067395264116576,0.4262295081967213
sp_hypertext2009,7,2196,rho,4,NA,0.04781420765027322,0.33970856102003644
sp_hypertext2009,7,2196,rho,5,NA,0.02185792349726776,0.2827868852459016
sp_hypertext2009,7,2196,rho,6,NA,0.00819672131147541,0.24499089253187614
sp_hypertext2009,7,2196,rho,7,NA,0.004553734061930784,0.22176684881602915
sp_hypertext2009,7,2196,mean_P,NA,NA,0.2152615144418423,NA
sp_hypertext2009,7,2196,median_P,NA,NA,0.14285714285714285,NA
sp_hypertext2009,7,2196,relative_survival,2,0.2,0.30373406193078323,0.6010928961748634
sp_hypertext2009,7,2196,relative_survival,3,0.4,0.12067395264116576,0.4262295081967213
sp_hypertext2009,7,2196,relative_survival,5,0.6,0.02185792349726776,0.2827868852459016
sp_hypertext2009,7,2196,relative_survival,6,0.8,0.00819672131147541,0.24499089253187614
sp_hypertext2009,7,2196,relative_survival,7,1.0,0.004553734061930784,0.22176684881602915
sp_hypertext2009,8,2196,rho,2,NA,0.31876138433515483,0.6010928961748634
sp_hypertext2009,8,2196,rho,3,NA,0.127959927140255,0.4262295081967213
sp_hypertext2009,8,2196,rho,4,NA,0.05874316939890711,0.33970856102003644
sp_hypertext2009,8,2196,rho,5,NA,0.026411657559198543,0.2827868852459016
sp_hypertext2009,8,2196,rho,6,NA,0.01366120218579235,0.24499089253187614
sp_hypertext2009,8,2196,rho,7,NA,0.0,0.22176684881602915
sp_hypertext2009,8,2196,rho,8,NA,0.0,0.20081967213114754
sp_hypertext2009,8,2196,mean_P,NA,NA,0.19319216757741348,NA
sp_hypertext2009,8,2196,median_P,NA,NA,0.125,NA
sp_hypertext2009,8,2196,relative_survival,2,0.2,0.31876138433515483,0.6010928961748634
sp_hypertext2009,8,2196,relative_survival,4,0.4,0.05874316939890711,0.33970856102003644
sp_hypertext2009,8,2196,relative_survival,5,0.6,0.026411657559198543,0.2827868852459016
sp_hypertext2009,8,2196,relative_survival,7,0.8,0.0,0.22176684881602915
sp_hypertext2009,8,2196,relative_survival,8,1.0,0.0,0.20081967213114754
sp_hypertext2009,9,2196,rho,2,NA,0.32468123861566484,0.6010928961748634
sp_hypertext2009,9,2196,rho,3,NA,0.12978142076502733,0.4262295081967213
sp_hypertext2009,9,2196,rho,4,NA,0.0610200364298725,0.33970856102003644
sp_hypertext2009,9,2196,rho,5,NA,0.030054644808743168,0.2827868852459016
sp_hypertext2009,9,2196,rho,6,NA,0.016848816029143898,0.24499089253187614
sp_hypertext2009,9,2196,rho,7,NA,0.00546448087431694,0.22176684881602915
sp_hypertext2009,9,2196,rho,8,NA,0.0,0.20081967213114754
sp_hypertext2009,9,2196,rho,9,NA,0.0,0.18806921675774135
sp_hypertext2009,9,2196,mean_P,NA,NA,0.17420562639141873,NA
sp_hypertext2009,9,2196,median_P,NA,NA,0.1111111111111111,NA
sp_hypertext2009,9,2196,relative_survival,2,0.2,0.32468123861566484,0.6010928961748634
sp_hypertext2009,9,2196,relative_survival,4,0.4,0.0610200364298725,0.33970856102003644
sp_hypertext2009,9,2196,relative_survival,6,0.6,0.016848816029143898,0.24499089253187614
sp_hypertext2009,9,2196,relative_survival,8,0.8,0.0,0.20081967213114754
sp_hypertext2009,9,2196,relative_survival,9,1.0,0.0,0.18806921675774135
sp_hypertext2009,10,2196,rho,2,NA,0.33879781420765026,0.6010928961748634
sp_hypertext2009,10,2196,rho,3,NA,0.1366120218579235,0.4262295081967213
sp_hypertext2009,10,2196,rho,4,NA,0.0651183970856102,0.33970856102003644
sp_hypertext2009,10,2196,rho,5,NA,0.033697632058287796,0.2827868852459016
sp_hypertext2009,10,2196,rho,6,NA,0.014116575591985429,0.24499089253187614
sp_hypertext2009,10,2196,rho,7,NA,0.004553734061930784,0.22176684881602915
sp_hypertext2009,10,2196,rho,8,NA,0.0,0.20081967213114754
sp_hypertext2009,10,2196,rho,9,NA,0.0,0.18806921675774135
sp_hypertext2009,10,2196,rho,10,NA,0.0,0.16848816029143898
sp_hypertext2009,10,2196,mean_P,NA,NA,0.1592896174863388,NA
sp_hypertext2009,10,2196,median_P,NA,NA,0.1,NA
sp_hypertext2009,10,2196,relative_survival,2,0.2,0.33879781420765026,0.6010928961748634
sp_hypertext2009,10,2196,relative_survival,4,0.4,0.0651183970856102,0.33970856102003644
sp_hypertext2009,10,2196,relative_survival,6,0.6,0.014116575591985429,0.24499089253187614
sp_hypertext2009,10,2196,relative_survival,8,0.8,0.0,0.20081967213114754
sp_hypertext2009,10,2196,relative_survival,10,1.0,0.0,0.16848816029143898
sp_hypertext2009,11,2196,rho,2,NA,0.34153005464480873,0.6010928961748634
sp_hypertext2009,11,2196,rho,3,NA,0.13934426229508196,0.4262295081967213
sp_hypertext2009,11,2196,rho,4,NA,0.07103825136612021,0.33970856102003644
sp_hypertext2009,11,2196,rho,5,NA,0.036885245901639344,0.2827868852459016
sp_hypertext2009,11,2196,rho,6,NA,0.018214936247723135,0.24499089253187614
sp_hypertext2009,11,2196,rho,7,NA,0.00819672131147541,0.22176684881602915
sp_hypertext2009,11,2196,rho,8,NA,0.0031876138433515485,0.20081967213114754
sp_hypertext2009,11,2196,rho,9,NA,0.0,0.18806921675774135
sp_hypertext2009,11,2196,rho,10,NA,0.0,0.16848816029143898
sp_hypertext2009,11,2196,rho,11,NA,0.0,0.1552823315118397
sp_hypertext2009,11,2196,mean_P,NA,NA,0.14712700778274548,NA
sp_hypertext2009,11,2196,median_P,NA,NA,0.09090909090909091,NA
sp_hypertext2009,11,2196,relative_survival,3,0.2,0.13934426229508196,0.4262295081967213
sp_hypertext2009,11,2196,relative_survival,5,0.4,0.036885245901639344,0.2827868852459016
sp_hypertext2009,11,2196,relative_survival,7,0.6,0.00819672131147541,0.22176684881602915
sp_hypertext2009,11,2196,relative_survival,9,0.8,0.0,0.18806921675774135
sp_hypertext2009,11,2196,relative_survival,11,1.0,0.0,0.1552823315118397
sp_hypertext2009,12,2196,rho,2,NA,0.3492714025500911,0.6010928961748634
sp_hypertext2009,12,2196,rho,3,NA,0.15209471766848817,0.4262295081967213
sp_hypertext2009,12,2196,rho,4,NA,0.07695810564663023,0.33970856102003644
sp_hypertext2009,12,2196,rho,5,NA,0.046903460837887066,0.2827868852459016
sp_hypertext2009,12,2196,rho,6,NA,0.023679417122040074,0.24499089253187614
sp_hypertext2009,12,2196,rho,7,NA,0.014116575591985429,0.22176684881602915
sp_hypertext2009,12,2196,rho,8,NA,0.006375227686703097,0.20081967213114754
sp_hypertext2009,12,2196,rho,9,NA,0.0031876138433515485,0.18806921675774135
sp_hypertext2009,12,2196,rho,10,NA,0.001366120218579235,0.16848816029143898
sp_hypertext2009,12,2196,rho,11,NA,0.0,0.1552823315118397
sp_hypertext2009,12,2196,rho,12,NA,0.0,0.1448087431693989
sp_hypertext2009,12,2196,mean_P,NA,NA,0.1394960534304797,NA
sp_hypertext2009,12,2196,median_P,NA,NA,0.08333333333333333,NA
sp_hypertext2009,12,2196,relative_survival,3,0.2,0.15209471766848817,0.4262295081967213
sp_hypertext2009,12,2196,relative_survival,5,0.4,0.046903460837887066,0.2827868852459016
sp_hypertext2009,12,2196,relative_survival,8,0.6,0.006375227686703097,0.20081967213114754
sp_hypertext2009,12,2196,relative_survival,10,0.8,0.001366120218579235,0.16848816029143898
sp_hypertext2009,12,2196,relative_survival,12,1.0,0.0,0.1448087431693989
sp_hypertext2009,13,2196,rho,2,NA,0.3542805100182149,0.6010928961748634
sp_hypertext2009,13,2196,rho,3,NA,0.151183970856102,0.4262295081967213
sp_hypertext2009,13,2196,rho,4,NA,0.07832422586520947,0.33970856102003644
sp_hypertext2009,13,2196,rho,5,NA,0.04371584699453552,0.2827868852459016
sp_hypertext2009,13,2196,rho,6,NA,0.0273224043715847,0.24499089253187614
sp_hypertext2009,13,2196,rho,7,NA,0.015482695810564663,0.22176684881602915
sp_hypertext2009,13,2196,rho,8,NA,0.00819672131147541,0.20081967213114754
sp_hypertext2009,13,2196,rho,9,NA,0.00273224043715847,0.18806921675774135
sp_hypertext2009,13,2196,rho,10,NA,0.0,0.16848816029143898
sp_hypertext2009,13,2196,rho,11,NA,0.0,0.1552823315118397
sp_hypertext2009,13,2196,rho,12,NA,0.0,0.1448087431693989
sp_hypertext2009,13,2196,rho,13,NA,0.0,0.13706739526411657
sp_hypertext2009,13,2196,mean_P,NA,NA,0.12932604735883424,NA
sp_hypertext2009,13,2196,median_P,NA,NA,0.07692307692307693,NA
sp_hypertext2009,13,2196,relative_survival,3,0.2,0.151183970856102,0.4262295081967213
sp_hypertext2009,13,2196,relative_survival,6,0.4,0.0273224043715847,0.24499089253187614
sp_hypertext2009,13,2196,relative_survival,8,0.6,0.00819672131147541,0.20081967213114754
sp_hypertext2009,13,2196,relative_survival,11,0.8,0.0,0.1552823315118397
sp_hypertext2009,13,2196,relative_survival,13,1.0,0.0,0.13706739526411657
sp_hypertext2009,14,2196,rho,2,NA,0.3529143897996357,0.6010928961748634
sp_hypertext2009,14,2196,rho,3,NA,0.15391621129326047,0.4262295081967213
sp_hypertext2009,14,2196,rho,4,NA,0.07969034608378871,0.33970856102003644
sp_hypertext2009,14,2196,rho,5,NA,0.048724954462659384,0.2827868852459016
sp_hypertext2009,14,2196,rho,6,NA,0.025500910746812388,0.24499089253187614
sp_hypertext2009,14,2196,rho,7,NA,0.016848816029143898,0.22176684881602915
sp_hypertext2009,14,2196,rho,8,NA,0.00819672131147541,0.20081967213114754
sp_hypertext2009,14,2196,rho,9,NA,0.005919854280510018,0.18806921675774135
sp_hypertext2009,14,2196,rho,10,NA,0.0009107468123861566,0.16848816029143898
sp_hypertext2009,14,2196,rho,11,NA,0.0,0.1552823315118397
sp_hypertext2009,14,2196,rho,12,NA,0.0,0.1448087431693989
sp_hypertext2009,14,2196,rho,13,NA,0.0,0.13706739526411657
sp_hypertext2009,14,2196,rho,14,NA,0.0,0.1302367941712204
sp_hypertext2009,14,2196,mean_P,NA,NA,0.12090163934426229,NA
sp_hypertext2009,14,2196,median_P,NA,NA,0.07142857142857142,NA
sp_hypertext2009,14,2196,relative_survival,3,0.2,0.15391621129326047,0.4262295081967213
sp_hypertext2009,14,2196,relative_survival,6,0.4,0.025500910746812388,0.24499089253187614
sp_hypertext2009,14,2196,relative_survival,9,0.6,0.005919854280510018,0.18806921675774135
sp_hypertext2009,14,2196,relative_survival,12,0.8,0.0,0.1448087431693989
sp_hypertext2009,14,2196,relative_survival,14,1.0,0.0,0.1302367941712204
sp_hypertext2009,15,2196,rho,2,NA,0.36065573770491804,0.6010928961748634
sp_hypertext2009,15,2196,rho,3,NA,0.16029143897996356,0.4262295081967213
sp_hypertext2009,15,2196,rho,4,NA,0.08196721311475409,0.33970856102003644
sp_hypertext2009,15,2196,rho,5,NA,0.050546448087431695,0.2827868852459016
sp_hypertext2009,15,2196,rho,6,NA,0.02959927140255009,0.24499089253187614
sp_hypertext2009,15,2196,rho,7,NA,0.018670309653916212,0.22176684881602915
sp_hypertext2009,15,2196,rho,8,NA,0.011839708561020037,0.20081967213114754
sp_hypertext2009,15,2196,rho,9,NA,0.005009107468123861,0.18806921675774135
sp_hypertext2009,15,2196,rho,10,NA,0.0018214936247723133,0.16848816029143898
sp_hypertext2009,15,2196,rho,11,NA,0.0,0.1552823315118397
sp_hypertext2009,15,2196,rho,12,NA,0.0,0.1448087431693989
sp_hypertext2009,15,2196,rho,13,NA,0.0,0.13706739526411657
sp_hypertext2009,15,2196,rho,14,NA,0.0,0.1302367941712204
sp_hypertext2009,15,2196,rho,15,NA,0.0,0.12249544626593807
sp_hypertext2009,15,2196,mean_P,NA,NA,0.11469338190649665,NA
sp_hypertext2009,15,2196,median_P,NA,NA,0.06666666666666667,NA
sp_hypertext2009,15,2196,relative_survival,3,0.2,0.16029143897996356,0.4262295081967213
sp_hypertext2009,15,2196,relative_survival,6,0.4,0.02959927140255009,0.24499089253187614
sp_hypertext2009,15,2196,relative_survival,9,0.6,0.005009107468123861,0.18806921675774135
sp_hypertext2009,15,2196,relative_survival,12,0.8,0.0,0.1448087431693989
sp_hypertext2009,15,2196,relative_survival,15,1.0,0.0,0.12249544626593807
sp_hypertext2009,16,2196,rho,2,NA,0.3588342440801457,0.6010928961748634
sp_hypertext2009,16,2196,rho,3,NA,0.1598360655737705,0.4262295081967213
sp_hypertext2009,16,2196,rho,4,NA,0.08105646630236794,0.33970856102003644
sp_hypertext2009,16,2196,rho,5,NA,0.052823315118397086,0.2827868852459016
sp_hypertext2009,16,2196,rho,6,NA,0.02959927140255009,0.24499089253187614
sp_hypertext2009,16,2196,rho,7,NA,0.020036429872495445,0.22176684881602915
sp_hypertext2009,16,2196,rho,8,NA,0.012295081967213115,0.20081967213114754
sp_hypertext2009,16,2196,rho,9,NA,0.006830601092896175,0.18806921675774135
sp_hypertext2009,16,2196,rho,10,NA,0.00273224043715847,0.16848816029143898
sp_hypertext2009,16,2196,rho,11,NA,0.0004553734061930783,0.1552823315118397
sp_hypertext2009,16,2196,rho,12,NA,0.0,0.1448087431693989
sp_hypertext2009,16,2196,rho,13,NA,0.0,0.13706739526411657
sp_hypertext2009,16,2196,rho,14,NA,0.0,0.1302367941712204
sp_hypertext2009,16,2196,rho,15,NA,0.0,0.12249544626593807
sp_hypertext2009,16,2196,rho,16,NA,0.0,0.11566484517304189
sp_hypertext2009,16,2196,mean_P,NA,NA,0.10778119307832422,NA
sp_hypertext2009,16,2196,median_P,NA,NA,0.0625,NA
sp_hypertext2009,16,2196,relative_survival,4,0.2,0.08105646630236794,0.33970856102003644
sp_hypertext2009,16,2196,relative_survival,7,0.4,0.020036429872495445,0.22176684881602915
sp_hypertext2009,16,2196,relative_survival,10,0.6,0.00273224043715847,0.16848816029143898
sp_hypertext2009,16,2196,relative_survival,13,0.8,0.0,0.13706739526411657
sp_hypertext2009,16,2196,relative_survival,16,1.0,0.0,0.11566484517304189
sp_hypertext2009,17,2196,rho,2,NA,0.36885245901639346,0.6010928961748634
sp_hypertext2009,17,2196,rho,3,NA,0.16712204007285975,0.4262295081967213
sp_hypertext2009,17,2196,rho,4,NA,0.08515482695810565,0.33970856102003644
sp_hypertext2009,17,2196,rho,5,NA,0.05373406193078324,0.2827868852459016
sp_hypertext2009,17,2196,rho,6,NA,0.033697632058287796,0.24499089253187614
sp_hypertext2009,17,2196,rho,7,NA,0.02185792349726776,0.22176684881602915
sp_hypertext2009,17,2196,rho,8,NA,0.015938069216757743,0.20081967213114754
sp_hypertext2009,17,2196,rho,9,NA,0.009107468123861567,0.18806921675774135
sp_hypertext2009,17,2196,rho,10,NA,0.004553734061930784,0.16848816029143898
sp_hypertext2009,17,2196,rho,11,NA,0.002276867030965392,0.1552823315118397
sp_hypertext2009,17,2196,rho,12,NA,0.0009107468123861566,0.1448087431693989
sp_hypertext2009,17,2196,rho,13,NA,0.0,0.13706739526411657
sp_hypertext2009,17,2196,rho,14,NA,0.0,0.1302367941712204
sp_hypertext2009,17,2196,rho,15,NA,0.0,0.12249544626593807
sp_hypertext2009,17,2196,rho,16,NA,0.0,0.11566484517304189
sp_hypertext2009,17,2196,rho,17,NA,0.0,0.1092896174863388
sp_hypertext2009,17,2196,mean_P,NA,NA,0.10371798992821174,NA
sp_hypertext2009,17,2196,median_P,NA,NA,0.058823529411764705,NA
sp_hypertext2009,17,2196,relative_survival,4,0.2,0.08515482695810565,0.33970856102003644
sp_hypertext2009,17,2196,relative_survival,7,0.4,0.02185792349726776,0.22176684881602915
sp_hypertext2009,17,2196,relative_survival,11,0.6,0.002276867030965392,0.1552823315118397
sp_hypertext2009,17,2196,relative_survival,14,0.8,0.0,0.1302367941712204
sp_hypertext2009,17,2196,relative_survival,17,1.0,0.0,0.1092896174863388
sp_hypertext2009,18,2196,rho,2,NA,0.3633879781420765,0.6010928961748634
sp_hypertext2009,18,2196,rho,3,NA,0.16393442622950818,0.4262295081967213
sp_hypertext2009,18,2196,rho,4,NA,0.08242258652094718,0.33970856102003644
sp_hypertext2009,18,2196,rho,5,NA,0.05418943533697632,0.2827868852459016
sp_hypertext2009,18,2196,rho,6,NA,0.033697632058287796,0.24499089253187614
sp_hypertext2009,18,2196,rho,7,NA,0.020947176684881604,0.22176684881602915
sp_hypertext2009,18,2196,rho,8,NA,0.015027322404371584,0.20081967213114754
sp_hypertext2009,18,2196,rho,9,NA,0.009562841530054645,0.18806921675774135
sp_hypertext2009,18,2196,rho,10,NA,0.005919854280510018,0.16848816029143898
sp_hypertext2009,18,2196,rho,11,NA,0.0031876138433515485,0.1552823315118397
sp_hypertext2009,18,2196,rho,12,NA,0.0018214936247723133,0.1448087431693989
sp_hypertext2009,18,2196,rho,13,NA,0.0,0.13706739526411657
sp_hypertext2009,18,2196,rho,14,NA,0.0,0.1302367941712204
sp_hypertext2009,18,2196,rho,15,NA,0.0,0.12249544626593807
sp_hypertext2009,18,2196,rho,16,NA,0.0,0.11566484517304189
sp_hypertext2009,18,2196,rho,17,NA,0.0,0.1092896174863388
sp_hypertext2009,18,2196,rho,18,NA,0.0,0.10382513661202186
sp_hypertext2009,18,2196,mean_P,NA,NA,0.09744990892531877,NA
sp_hypertext2009,18,2196,median_P,NA,NA,0.05555555555555555,NA
sp_hypertext2009,18,2196,relative_survival,4,0.2,0.08242258652094718,0.33970856102003644
sp_hypertext2009,18,2196,relative_survival,8,0.4,0.015027322404371584,0.20081967213114754
sp_hypertext2009,18,2196,relative_survival,11,0.6,0.0031876138433515485,0.1552823315118397
sp_hypertext2009,18,2196,relative_survival,15,0.8,0.0,0.12249544626593807
sp_hypertext2009,18,2196,relative_survival,18,1.0,0.0,0.10382513661202186
sp_hypertext2009,19,2196,rho,2,NA,0.3670309653916211,0.6010928961748634
sp_hypertext2009,19,2196,rho,3,NA,0.1680327868852459,0.4262295081967213
sp_hypertext2009,19,2196,rho,4,NA,0.08743169398907104,0.33970856102003644
sp_hypertext2009,19,2196,rho,5,NA,0.05327868852459016,0.2827868852459016
sp_hypertext2009,19,2196,rho,6,NA,0.03460837887067395,0.24499089253187614
sp_hypertext2009,19,2196,rho,7,NA,0.021402550091074682,0.22176684881602915
sp_hypertext2009,19,2196,rho,8,NA,0.015938069216757743,0.20081967213114754
sp_hypertext2009,19,2196,rho,9,NA,0.012295081967213115,0.18806921675774135
sp_hypertext2009,19,2196,rho,10,NA,0.007285974499089253,0.16848816029143898
sp_hypertext2009,19,2196,rho,11,NA,0.004098360655737705,0.1552823315118397
sp_hypertext2009,19,2196,rho,12,NA,0.00273224043715847,0.1448087431693989
sp_hypertext2009,19,2196,rho,13,NA,0.0004553734061930783,0.13706739526411657
sp_hypertext2009,19,2196,rho,14,NA,0.0,0.1302367941712204
sp_hypertext2009,19,2196,rho,15,NA,0.0,0.12249544626593807
sp_hypertext2009,19,2196,rho,16,NA,0.0,0.11566484517304189
sp_hypertext2009,19,2196,rho,17,NA,0.0,0.1092896174863388
sp_hypertext2009,19,2196,rho,18,NA,0.0,0.10382513661202186
sp_hypertext2009,19,2196,rho,19,NA,0.0,0.09790528233151184
sp_hypertext2009,19,2196,mean_P,NA,NA,0.09339948231233822,NA
sp_hypertext2009,19,2196,median_P,NA,NA,0.05263157894736842,NA
sp_hypertext2009,19,2196,relative_survival,4,0.2,0.08743169398907104,0.33970856102003644
sp_hypertext2009,19,2196,relative_survival,8,0.4,0.015938069216757743,0.20081967213114754
sp_hypertext2009,19,2196,relative_survival,12,0.6,0.00273224043715847,0.1448087431693989
sp_hypertext2009,19,2196,relative_survival,16,0.8,0.0,0.11566484517304189
sp_hypertext2009,19,2196,relative_survival,19,1.0,0.0,0.09790528233151184
sp_hypertext2009,20,2196,rho,2,NA,0.37249544626593806,0.6010928961748634
sp_hypertext2009,20,2196,rho,3,NA,0.16848816029143898,0.4262295081967213
sp_hypertext2009,20,2196,rho,4,NA,0.08925318761384335,0.33970856102003644
sp_hypertext2009,20,2196,rho,5,NA,0.05555555555555555,0.2827868852459016
sp_hypertext2009,20,2196,rho,6,NA,0.033242258652094715,0.24499089253187614
sp_hypertext2009,20,2196,rho,7,NA,0.022768670309653915,0.22176684881602915
sp_hypertext2009,20,2196,rho,8,NA,0.014571948998178506,0.20081967213114754
sp_hypertext2009,20,2196,rho,9,NA,0.010018214936247723,0.18806921675774135
sp_hypertext2009,20,2196,rho,10,NA,0.006830601092896175,0.16848816029143898
sp_hypertext2009,20,2196,rho,11,NA,0.0036429872495446266,0.1552823315118397
sp_hypertext2009,20,2196,rho,12,NA,0.0018214936247723133,0.1448087431693989
sp_hypertext2009,20,2196,rho,13,NA,0.0009107468123861566,0.13706739526411657
sp_hypertext2009,20,2196,rho,14,NA,0.0,0.1302367941712204
sp_hypertext2009,20,2196,rho,15,NA,0.0,0.12249544626593807
sp_hypertext2009,20,2196,rho,16,NA,0.0,0.11566484517304189
sp_hypertext2009,20,2196,rho,17,NA,0.0,0.1092896174863388
sp_hypertext2009,20,2196,rho,18,NA,0.0,0.10382513661202186
sp_hypertext2009,20,2196,rho,19,NA,0.0,0.09790528233151184
sp_hypertext2009,20,2196,rho,20,NA,0.0,0.09061930783242259
sp_hypertext2009,20,2196,mean_P,NA,NA,0.08897996357012752,NA
sp_hypertext2009,20,2196,median_P,NA,NA,0.05,NA
sp_hypertext2009,20,2196,relative_survival,4,0.2,0.08925318761384335,0.33970856102003644
sp_hypertext2009,20,2196,relative_survival,8,0.4,0.014571948998178506,0.20081967213114754
sp_hypertext2009,20,2196,relative_survival,12,0.6,0.0018214936247723133,0.1448087431693989
sp_hypertext2009,20,2196,relative_survival,16,0.8,0.0,0.11566484517304189
sp_hypertext2009,20,2196,relative_survival,20,1.0,0.0,0.09061930783242259
snap_collegemsg,2,13838,rho,2,NA,0.02587079057667293,0.6219829455123573
snap_collegemsg,2,13838,mean_P,NA,NA,0.5129353952883364,NA
snap_collegemsg,2,13838,median_P,NA,NA,0.5,NA
snap_collegemsg,2,13838,relative_survival,1,0.2,1.0,1.0
snap_collegemsg,2,13838,relative_survival,1,0.4,1.0,1.0
snap_collegemsg,2,13838,relative_survival,2,0.6,0.02587079057667293,0.6219829455123573
snap_collegemsg,2,13838,relative_survival,2,0.8,0.02587079057667293,0.6219829455123573
snap_collegemsg,2,13838,relative_survival,2,1.0,0.02587079057667293,0.6219829455123573
snap_collegemsg,3,13838,rho,2,NA,0.04054054054054054,0.6219829455123573
snap_collegemsg,3,13838,rho,3,NA,0.0044804162451221275,0.42195403960109845
snap_collegemsg,3,13838,mean_P,NA,NA,0.34834031892855416,NA
snap_collegemsg,3,13838,median_P,NA,NA,0.3333333333333333,NA
snap_collegemsg,3,13838,relative_survival,1,0.2,1.0,1.0
snap_collegemsg,3,13838,relative_survival,2,0.4,0.04054054054054054,0.6219829455123573
snap_collegemsg,3,13838,relative_survival,2,0.6,0.04054054054054054,0.6219829455123573
snap_collegemsg,3,13838,relative_survival,3,0.8,0.0044804162451221275,0.42195403960109845
snap_collegemsg,3,13838,relative_survival,3,1.0,0.0044804162451221275,0.42195403960109845
snap_collegemsg,4,13838,rho,2,NA,0.06829021534903888,0.6219829455123573
snap_collegemsg,4,13838,rho,3,NA,0.009466685937274172,0.42195403960109845
snap_collegemsg,4,13838,rho,4,NA,0.0014452955629426219,0.30965457436045674
snap_collegemsg,4,13838,mean_P,NA,NA,0.26980054921231394,NA
snap_collegemsg,4,13838,median_P,NA,NA,0.25,NA
snap_collegemsg,4,13838,relative_survival,1,0.2,1.0,1.0
snap_collegemsg,4,13838,relative_survival,2,0.4,0.06829021534903888,0.6219829455123573
snap_collegemsg,4,13838,relative_survival,3,0.6,0.009466685937274172,0.42195403960109845
snap_collegemsg,4,13838,relative_survival,4,0.8,0.0014452955629426219,0.30965457436045674
snap_collegemsg,4,13838,relative_survival,4,1.0,0.0014452955629426219,0.30965457436045674
snap_collegemsg,5,13838,rho,2,NA,0.10304957363780894,0.6219829455123573
snap_collegemsg,5,13838,rho,3,NA,0.013007660066483595,0.42195403960109845
snap_collegemsg,5,13838,rho,4,NA,0.003251915016620899,0.30965457436045674
snap_collegemsg,5,13838,rho,5,NA,0.00036132389073565546,0.24237606590547767
snap_collegemsg,5,13838,mean_P,NA,NA,0.22393409452232982,NA
snap_collegemsg,5,13838,median_P,NA,NA,0.2,NA
snap_collegemsg,5,13838,relative_survival,1,0.2,1.0,1.0
snap_collegemsg,5,13838,relative_survival,2,0.4,0.10304957363780894,0.6219829455123573
snap_collegemsg,5,13838,relative_survival,3,0.6,0.013007660066483595,0.42195403960109845
snap_collegemsg,5,13838,relative_survival,4,0.8,0.003251915016620899,0.30965457436045674
snap_collegemsg,5,13838,relative_survival,5,1.0,0.00036132389073565546,0.24237606590547767
snap_collegemsg,6,13838,rho,2,NA,0.11056511056511056,0.6219829455123573
snap_collegemsg,6,13838,rho,3,NA,0.014091631738690562,0.42195403960109845
snap_collegemsg,6,13838,rho,4,NA,0.0038300332417979476,0.30965457436045674
snap_collegemsg,6,13838,rho,5,NA,0.0012285012285012285,0.24237606590547767
snap_collegemsg,6,13838,rho,6,NA,7.226477814713109e-05,0.1896950426362191
snap_collegemsg,6,13838,mean_P,NA,NA,0.1882979235920412,NA
snap_collegemsg,6,13838,median_P,NA,NA,0.16666666666666666,NA
snap_collegemsg,6,13838,relative_survival,2,0.2,0.11056511056511056,0.6219829455123573
snap_collegemsg,6,13838,relative_survival,3,0.4,0.014091631738690562,0.42195403960109845
snap_collegemsg,6,13838,relative_survival,4,0.6,0.0038300332417979476,0.30965457436045674
snap_collegemsg,6,13838,relative_survival,5,0.8,0.0012285012285012285,0.24237606590547767
snap_collegemsg,6,13838,relative_survival,6,1.0,7.226477814713109e-05,0.1896950426362191
snap_collegemsg,7,13838,rho,2,NA,0.1341234282410753,0.6219829455123573
snap_collegemsg,7,13838,rho,3,NA,0.018210724093077033,0.42195403960109845
snap_collegemsg,7,13838,rho,4,NA,0.005203064026593439,0.30965457436045674
snap_collegemsg,7,13838,rho,5,NA,0.001589825119236884,0.24237606590547767
snap_collegemsg,7,13838,rho,6,NA,0.0004335886688827865,0.1896950426362191
snap_collegemsg,7,13838,rho,7,NA,7.226477814713109e-05,0.15471889001300765
snap_collegemsg,7,13838,mean_P,NA,NA,0.16566184213243032,NA
snap_collegemsg,7,13838,median_P,NA,NA,0.14285714285714285,NA
snap_collegemsg,7,13838,relative_survival,2,0.2,0.1341234282410753,0.6219829455123573
snap_collegemsg,7,13838,relative_survival,3,0.4,0.018210724093077033,0.42195403960109845
snap_collegemsg,7,13838,relative_survival,5,0.6,0.001589825119236884,0.24237606590547767
snap_collegemsg,7,13838,relative_survival,6,0.8,0.0004335886688827865,0.1896950426362191
snap_collegemsg,7,13838,relative_survival,7,1.0,7.226477814713109e-05,0.15471889001300765
snap_collegemsg,8,13838,rho,2,NA,0.13571325336031217,0.6219829455123573
snap_collegemsg,8,13838,rho,3,NA,0.02196849255672785,0.42195403960109845
snap_collegemsg,8,13838,rho,4,NA,0.00729874259286024,0.30965457436045674
snap_collegemsg,8,13838,rho,5,NA,0.002457002457002457,0.24237606590547767
snap_collegemsg,8,13838,rho,6,NA,0.0009394421159127041,0.1896950426362191
snap_collegemsg,8,13838,rho,7,NA,0.00036132389073565546,0.15471889001300765
snap_collegemsg,8,13838,rho,8,NA,7.226477814713109e-05,0.12993207110854169
snap_collegemsg,8,13838,mean_P,NA,NA,0.14610131521896227,NA
snap_collegemsg,8,13838,median_P,NA,NA,0.125,NA
snap_collegemsg,8,13838,relative_survival,2,0.2,0.13571325336031217,0.6219829455123573
snap_collegemsg,8,13838,relative_survival,4,0.4,0.00729874259286024,0.30965457436045674
snap_collegemsg,8,13838,relative_survival,5,0.6,0.002457002457002457,0.24237606590547767
snap_collegemsg,8,13838,relative_survival,7,0.8,0.00036132389073565546,0.15471889001300765
snap_collegemsg,8,13838,relative_survival,8,1.0,7.226477814713109e-05,0.12993207110854169
snap_collegemsg,9,13838,rho,2,NA,0.14142217083393555,0.6219829455123573
snap_collegemsg,9,13838,rho,3,NA,0.025509466685937274,0.42195403960109845
snap_collegemsg,9,13838,rho,4,NA,0.007443272149154502,0.30965457436045674
snap_collegemsg,9,13838,rho,5,NA,0.003179650238473768,0.24237606590547767
snap_collegemsg,9,13838,rho,6,NA,0.0010117068940598353,0.1896950426362191
snap_collegemsg,9,13838,rho,7,NA,0.0004335886688827865,0.15471889001300765
snap_collegemsg,9,13838,rho,8,NA,7.226477814713109e-05,0.12993207110854169
snap_collegemsg,9,13838,rho,9,NA,0.0,0.11128775834658187
snap_collegemsg,9,13838,mean_P,NA,NA,0.13100801336095458,NA
snap_collegemsg,9,13838,median_P,NA,NA,0.1111111111111111,NA
snap_collegemsg,9,13838,relative_survival,2,0.2,0.14142217083393555,0.6219829455123573
snap_collegemsg,9,13838,relative_survival,4,0.4,0.007443272149154502,0.30965457436045674
snap_collegemsg,9,13838,relative_survival,6,0.6,0.0010117068940598353,0.1896950426362191
snap_collegemsg,9,13838,relative_survival,8,0.8,7.226477814713109e-05,0.12993207110854169
snap_collegemsg,9,13838,relative_survival,9,1.0,0.0,0.11128775834658187
snap_collegemsg,10,13838,rho,2,NA,0.1555138025726261,0.6219829455123573
snap_collegemsg,10,13838,rho,3,NA,0.02919497037144096,0.42195403960109845
snap_collegemsg,10,13838,rho,4,NA,0.008310449486920075,0.30965457436045674
snap_collegemsg,10,13838,rho,5,NA,0.0028905911258852437,0.24237606590547767
snap_collegemsg,10,13838,rho,6,NA,0.0018788842318254082,0.1896950426362191
snap_collegemsg,10,13838,rho,7,NA,0.0004335886688827865,0.15471889001300765
snap_collegemsg,10,13838,rho,8,NA,0.00021679433444139325,0.12993207110854169
snap_collegemsg,10,13838,rho,9,NA,0.00014452955629426219,0.11128775834658187
snap_collegemsg,10,13838,rho,10,NA,0.0,0.09560630148865443
snap_collegemsg,10,13838,mean_P,NA,NA,0.11985836103483165,NA
snap_collegemsg,10,13838,median_P,NA,NA,0.1,NA
snap_collegemsg,10,13838,relative_survival,2,0.2,0.1555138025726261,0.6219829455123573
snap_collegemsg,10,13838,relative_survival,4,0.4,0.008310449486920075,0.30965457436045674
snap_collegemsg,10,13838,relative_survival,6,0.6,0.0018788842318254082,0.1896950426362191
snap_collegemsg,10,13838,relative_survival,8,0.8,0.00021679433444139325,0.12993207110854169
snap_collegemsg,10,13838,relative_survival,10,1.0,0.0,0.09560630148865443
snap_collegemsg,11,13838,rho,2,NA,0.15421303656597773,0.6219829455123573
snap_collegemsg,11,13838,rho,3,NA,0.03121838415956063,0.42195403960109845
snap_collegemsg,11,13838,rho,4,NA,0.009538950715421303,0.30965457436045674
snap_collegemsg,11,13838,rho,5,NA,0.004191357132533603,0.24237606590547767
snap_collegemsg,11,13838,rho,6,NA,0.0018066194536782772,0.1896950426362191
snap_collegemsg,11,13838,rho,7,NA,0.0009394421159127041,0.15471889001300765
snap_collegemsg,11,13838,rho,8,NA,0.0004335886688827865,0.12993207110854169
snap_collegemsg,11,13838,rho,9,NA,0.00014452955629426219,0.11128775834658187
snap_collegemsg,11,13838,rho,10,NA,0.0,0.09560630148865443
snap_collegemsg,11,13838,rho,11,NA,0.0,0.08382714265067207
snap_collegemsg,11,13838,mean_P,NA,NA,0.10931690076075101,NA
snap_collegemsg,11,13838,median_P,NA,NA,0.09090909090909091,NA
snap_collegemsg,11,13838,relative_survival,3,0.2,0.03121838415956063,0.42195403960109845
snap_collegemsg,11,13838,relative_survival,5,0.4,0.004191357132533603,0.24237606590547767
snap_collegemsg,11,13838,relative_survival,7,0.6,0.0009394421159127041,0.15471889001300765
snap_collegemsg,11,13838,relative_survival,9,0.8,0.00014452955629426219,0.11128775834658187
snap_collegemsg,11,13838,relative_survival,11,1.0,0.0,0.08382714265067207
snap_collegemsg,12,13838,rho,2,NA,0.15912704147998266,0.6219829455123573
snap_collegemsg,12,13838,rho,3,NA,0.03374765139471022,0.42195403960109845
snap_collegemsg,12,13838,rho,4,NA,0.011128775834658187,0.30965457436045674
snap_collegemsg,12,13838,rho,5,NA,0.004263621910680734,0.24237606590547767
snap_collegemsg,12,13838,rho,6,NA,0.0020956785662668014,0.1896950426362191
snap_collegemsg,12,13838,rho,7,NA,0.0011562364503540975,0.15471889001300765
snap_collegemsg,12,13838,rho,8,NA,0.0006503830033241798,0.12993207110854169
snap_collegemsg,12,13838,rho,9,NA,0.00028905911258852437,0.11128775834658187
snap_collegemsg,12,13838,rho,10,NA,7.226477814713109e-05,0.09560630148865443
snap_collegemsg,12,13838,rho,11,NA,0.0,0.08382714265067207
snap_collegemsg,12,13838,rho,12,NA,0.0,0.07284289637230813
snap_collegemsg,12,13838,mean_P,NA,NA,0.10104422604422604,NA
snap_collegemsg,12,13838,median_P,NA,NA,0.08333333333333333,NA
snap_collegemsg,12,13838,relative_survival,3,0.2,0.03374765139471022,0.42195403960109845
snap_collegemsg,12,13838,relative_survival,5,0.4,0.004263621910680734,0.24237606590547767
snap_collegemsg,12,13838,relative_survival,8,0.6,0.0006503830033241798,0.12993207110854169
snap_collegemsg,12,13838,relative_survival,10,0.8,7.226477814713109e-05,0.09560630148865443
snap_collegemsg,12,13838,relative_survival,12,1.0,0.0,0.07284289637230813
snap_collegemsg,13,13838,rho,2,NA,0.1724960254372019,0.6219829455123573
snap_collegemsg,13,13838,rho,3,NA,0.036638242520595464,0.42195403960109845
snap_collegemsg,13,13838,rho,4,NA,0.01192368839427663,0.30965457436045674
snap_collegemsg,13,13838,rho,5,NA,0.005130799248446307,0.24237606590547767
snap_collegemsg,13,13838,rho,6,NA,0.002312472900708195,0.1896950426362191
snap_collegemsg,13,13838,rho,7,NA,0.0013730307847954907,0.15471889001300765
snap_collegemsg,13,13838,rho,8,NA,0.0005058534470299177,0.12993207110854169
snap_collegemsg,13,13838,rho,9,NA,0.00036132389073565546,0.11128775834658187
snap_collegemsg,13,13838,rho,10,NA,0.00021679433444139325,0.09560630148865443
snap_collegemsg,13,13838,rho,11,NA,7.226477814713109e-05,0.08382714265067207
snap_collegemsg,13,13838,rho,12,NA,0.0,0.07284289637230813
snap_collegemsg,13,13838,rho,13,NA,0.0,0.06373753432576962
snap_collegemsg,13,13838,mean_P,NA,NA,0.09469465351818292,NA
snap_collegemsg,13,13838,median_P,NA,NA,0.07692307692307693,NA
snap_collegemsg,13,13838,relative_survival,3,0.2,0.036638242520595464,0.42195403960109845
snap_collegemsg,13,13838,relative_survival,6,0.4,0.002312472900708195,0.1896950426362191
snap_collegemsg,13,13838,relative_survival,8,0.6,0.0005058534470299177,0.12993207110854169
snap_collegemsg,13,13838,relative_survival,11,0.8,7.226477814713109e-05,0.08382714265067207
snap_collegemsg,13,13838,relative_survival,13,1.0,0.0,0.06373753432576962
snap_collegemsg,14,13838,rho,2,NA,0.18181818181818182,0.6219829455123573
snap_collegemsg,14,13838,rho,3,NA,0.04191357132533603,0.42195403960109845
snap_collegemsg,14,13838,rho,4,NA,0.013441248735366382,0.30965457436045674
snap_collegemsg,14,13838,rho,5,NA,0.005564387917329093,0.24237606590547767
snap_collegemsg,14,13838,rho,6,NA,0.0028183263477381125,0.1896950426362191
snap_collegemsg,14,13838,rho,7,NA,0.001662089897384015,0.15471889001300765
snap_collegemsg,14,13838,rho,8,NA,0.0005781182251770487,0.12993207110854169
snap_collegemsg,14,13838,rho,9,NA,0.00036132389073565546,0.11128775834658187
snap_collegemsg,14,13838,rho,10,NA,0.00036132389073565546,0.09560630148865443
snap_collegemsg,14,13838,rho,11,NA,0.00014452955629426219,0.08382714265067207
snap_collegemsg,14,13838,rho,12,NA,0.0,0.07284289637230813
snap_collegemsg,14,13838,rho,13,NA,0.0,0.06373753432576962
snap_collegemsg,14,13838,rho,14,NA,0.0,0.0557884087295852
snap_collegemsg,14,13838,mean_P,NA,NA,0.0891902215431627,NA
snap_collegemsg,14,13838,median_P,NA,NA,0.07142857142857142,NA
snap_collegemsg,14,13838,relative_survival,3,0.2,0.04191357132533603,0.42195403960109845
snap_collegemsg,14,13838,relative_survival,6,0.4,0.0028183263477381125,0.1896950426362191
snap_collegemsg,14,13838,relative_survival,9,0.6,0.00036132389073565546,0.11128775834658187
snap_collegemsg,14,13838,relative_survival,12,0.8,0.0,0.07284289637230813
snap_collegemsg,14,13838,relative_survival,14,1.0,0.0,0.0557884087295852
snap_collegemsg,15,13838,rho,2,NA,0.1861540685070097,0.6219829455123573
snap_collegemsg,15,13838,rho,3,NA,0.04552681023269259,0.42195403960109845
snap_collegemsg,15,13838,rho,4,NA,0.016187310304957365,0.30965457436045674
snap_collegemsg,15,13838,rho,5,NA,0.005997976586211881,0.24237606590547767
snap_collegemsg,15,13838,rho,6,NA,0.003107385460326637,0.1896950426362191
snap_collegemsg,15,13838,rho,7,NA,0.0018066194536782772,0.15471889001300765
snap_collegemsg,15,13838,rho,8,NA,0.0010117068940598353,0.12993207110854169
snap_collegemsg,15,13838,rho,9,NA,0.0005781182251770487,0.11128775834658187
snap_collegemsg,15,13838,rho,10,NA,0.00036132389073565546,0.09560630148865443
snap_collegemsg,15,13838,rho,11,NA,0.00028905911258852437,0.08382714265067207
snap_collegemsg,15,13838,rho,12,NA,0.00021679433444139325,0.07284289637230813
snap_collegemsg,15,13838,rho,13,NA,0.0,0.06373753432576962
snap_collegemsg,15,13838,rho,14,NA,0.0,0.0557884087295852
snap_collegemsg,15,13838,rho,15,NA,0.0,0.05058534470299176
snap_collegemsg,15,13838,mean_P,NA,NA,0.08408247820012525,NA
snap_collegemsg,15,13838,median_P,NA,NA,0.06666666666666667,NA
snap_collegemsg,15,13838,relative_survival,3,0.2,0.04552681023269259,0.42195403960109845
snap_collegemsg,15,13838,relative_survival,6,0.4,0.003107385460326637,0.1896950426362191
snap_collegemsg,15,13838,relative_survival,9,0.6,0.0005781182251770487,0.11128775834658187
snap_collegemsg,15,13838,relative_survival,12,0.8,0.00021679433444139325,0.07284289637230813
snap_collegemsg,15,13838,relative_survival,15,1.0,0.0,0.05058534470299176
snap_collegemsg,16,13838,rho,2,NA,0.18217950570891747,0.6219829455123573
snap_collegemsg,16,13838,rho,3,NA,0.0448764272293684,0.42195403960109845
snap_collegemsg,16,13838,rho,4,NA,0.01589825119236884,0.30965457436045674
snap_collegemsg,16,13838,rho,5,NA,0.005925711808064749,0.24237606590547767
snap_collegemsg,16,13838,rho,6,NA,0.0027460615695909813,0.1896950426362191
snap_collegemsg,16,13838,rho,7,NA,0.001662089897384015,0.15471889001300765
snap_collegemsg,16,13838,rho,8,NA,0.0010117068940598353,0.12993207110854169
snap_collegemsg,16,13838,rho,9,NA,0.0006503830033241798,0.11128775834658187
snap_collegemsg,16,13838,rho,10,NA,0.00028905911258852437,0.09560630148865443
snap_collegemsg,16,13838,rho,11,NA,7.226477814713109e-05,0.08382714265067207
snap_collegemsg,16,13838,rho,12,NA,0.0,0.07284289637230813
snap_collegemsg,16,13838,rho,13,NA,0.0,0.06373753432576962
snap_collegemsg,16,13838,rho,14,NA,0.0,0.0557884087295852
snap_collegemsg,16,13838,rho,15,NA,0.0,0.05058534470299176
snap_collegemsg,16,13838,rho,16,NA,0.0,0.04451510333863275
snap_collegemsg,16,13838,mean_P,NA,NA,0.07845696632461338,NA
snap_collegemsg,16,13838,median_P,NA,NA,0.0625,NA
snap_collegemsg,16,13838,relative_survival,4,0.2,0.01589825119236884,0.30965457436045674
snap_collegemsg,16,13838,relative_survival,7,0.4,0.001662089897384015,0.15471889001300765
snap_collegemsg,16,13838,relative_survival,10,0.6,0.00028905911258852437,0.09560630148865443
snap_collegemsg,16,13838,relative_survival,13,0.8,0.0,0.06373753432576962
snap_collegemsg,16,13838,relative_survival,16,1.0,0.0,0.04451510333863275
snap_collegemsg,17,13838,rho,2,NA,0.1907790143084261,0.6219829455123573
snap_collegemsg,17,13838,rho,3,NA,0.050946668593727415,0.42195403960109845
snap_collegemsg,17,13838,rho,4,NA,0.017126752420870067,0.30965457436045674
snap_collegemsg,17,13838,rho,5,NA,0.007587801705448764,0.24237606590547767
snap_collegemsg,17,13838,rho,6,NA,0.00332417979476803,0.1896950426362191
snap_collegemsg,17,13838,rho,7,NA,0.0020956785662668014,0.15471889001300765
snap_collegemsg,17,13838,rho,8,NA,0.0014452955629426219,0.12993207110854169
snap_collegemsg,17,13838,rho,9,NA,0.0005058534470299177,0.11128775834658187
snap_collegemsg,17,13838,rho,10,NA,0.0005058534470299177,0.09560630148865443
snap_collegemsg,17,13838,rho,11,NA,0.0004335886688827865,0.08382714265067207
snap_collegemsg,17,13838,rho,12,NA,0.00014452955629426219,0.07284289637230813
snap_collegemsg,17,13838,rho,13,NA,0.00014452955629426219,0.06373753432576962
snap_collegemsg,17,13838,rho,14,NA,0.0,0.0557884087295852
snap_collegemsg,17,13838,rho,15,NA,0.0,0.05058534470299176
snap_collegemsg,17,13838,rho,16,NA,0.0,0.04451510333863275
snap_collegemsg,17,13838,rho,17,NA,0.0,0.040323746206099145
snap_collegemsg,17,13838,mean_P,NA,NA,0.07500233797811653,NA
snap_collegemsg,17,13838,median_P,NA,NA,0.058823529411764705,NA
snap_collegemsg,17,13838,relative_survival,4,0.2,0.017126752420870067,0.30965457436045674
snap_collegemsg,17,13838,relative_survival,7,0.4,0.0020956785662668014,0.15471889001300765
snap_collegemsg,17,13838,relative_survival,11,0.6,0.0004335886688827865,0.08382714265067207
snap_collegemsg,17,13838,relative_survival,14,0.8,0.0,0.0557884087295852
snap_collegemsg,17,13838,relative_survival,17,1.0,0.0,0.040323746206099145
snap_collegemsg,18,13838,rho,2,NA,0.19309148720913427,0.6219829455123573
snap_collegemsg,18,13838,rho,3,NA,0.050079491255961846,0.42195403960109845
snap_collegemsg,18,13838,rho,4,NA,0.017849400202341378,0.30965457436045674
snap_collegemsg,18,13838,rho,5,NA,0.008527243821361469,0.24237606590547767
snap_collegemsg,18,13838,rho,6,NA,0.0038300332417979476,0.1896950426362191
snap_collegemsg,18,13838,rho,7,NA,0.0019511490099725394,0.15471889001300765
snap_collegemsg,18,13838,rho,8,NA,0.0012285012285012285,0.12993207110854169
snap_collegemsg,18,13838,rho,9,NA,0.000867177337765573,0.11128775834658187
snap_collegemsg,18,13838,rho,10,NA,0.0004335886688827865,0.09560630148865443
snap_collegemsg,18,13838,rho,11,NA,0.00036132389073565546,0.08382714265067207
snap_collegemsg,18,13838,rho,12,NA,0.00036132389073565546,0.07284289637230813
snap_collegemsg,18,13838,rho,13,NA,7.226477814713109e-05,0.06373753432576962
snap_collegemsg,18,13838,rho,14,NA,0.0,0.0557884087295852
snap_collegemsg,18,13838,rho,15,NA,0.0,0.05058534470299176
snap_collegemsg,18,13838,rho,16,NA,0.0,0.04451510333863275
snap_collegemsg,18,13838,rho,17,NA,0.0,0.040323746206099145
snap_collegemsg,18,13838,rho,18,NA,0.0,0.03714409596762538
snap_collegemsg,18,13838,mean_P,NA,NA,0.07103627691862988,NA
snap_collegemsg,18,13838,median_P,NA,NA,0.05555555555555555,NA
snap_collegemsg,18,13838,relative_survival,4,0.2,0.017849400202341378,0.30965457436045674
snap_collegemsg,18,13838,relative_survival,8,0.4,0.0012285012285012285,0.12993207110854169
snap_collegemsg,18,13838,relative_survival,11,0.6,0.00036132389073565546,0.08382714265067207
snap_collegemsg,18,13838,relative_survival,15,0.8,0.0,0.05058534470299176
snap_collegemsg,18,13838,relative_survival,18,1.0,0.0,0.03714409596762538
snap_collegemsg,19,13838,rho,2,NA,0.20147420147420148,0.6219829455123573
snap_collegemsg,19,13838,rho,3,NA,0.05412631883220118,0.42195403960109845
snap_collegemsg,19,13838,rho,4,NA,0.018355253649371295,0.30965457436045674
snap_collegemsg,19,13838,rho,5,NA,0.008527243821361469,0.24237606590547767
snap_collegemsg,19,13838,rho,6,NA,0.00397456279809221,0.1896950426362191
snap_collegemsg,19,13838,rho,7,NA,0.0022402081225610638,0.15471889001300765
snap_collegemsg,19,13838,rho,8,NA,0.0013007660066483597,0.12993207110854169
snap_collegemsg,19,13838,rho,9,NA,0.000794912559618442,0.11128775834658187
snap_collegemsg,19,13838,rho,10,NA,0.0004335886688827865,0.09560630148865443
snap_collegemsg,19,13838,rho,11,NA,0.00036132389073565546,0.08382714265067207
snap_collegemsg,19,13838,rho,12,NA,0.00028905911258852437,0.07284289637230813
snap_collegemsg,19,13838,rho,13,NA,0.00014452955629426219,0.06373753432576962
snap_collegemsg,19,13838,rho,14,NA,0.0,0.0557884087295852
snap_collegemsg,19,13838,rho,15,NA,0.0,0.05058534470299176
snap_collegemsg,19,13838,rho,16,NA,0.0,0.04451510333863275
snap_collegemsg,19,13838,rho,17,NA,0.0,0.040323746206099145
snap_collegemsg,19,13838,rho,18,NA,0.0,0.03714409596762538
snap_collegemsg,19,13838,rho,19,NA,0.0,0.03447029917618153
snap_collegemsg,19,13838,mean_P,NA,NA,0.06800115623645034,NA
snap_collegemsg,19,13838,median_P,NA,NA,0.05263157894736842,NA
snap_collegemsg,19,13838,relative_survival,4,0.2,0.018355253649371295,0.30965457436045674
snap_collegemsg,19,13838,relative_survival,8,0.4,0.0013007660066483597,0.12993207110854169
snap_collegemsg,19,13838,relative_survival,12,0.6,0.00028905911258852437,0.07284289637230813
snap_collegemsg,19,13838,relative_survival,16,0.8,0.0,0.04451510333863275
snap_collegemsg,19,13838,relative_survival,19,1.0,0.0,0.03447029917618153
snap_collegemsg,20,13838,rho,2,NA,0.20660500072264779,0.6219829455123573
snap_collegemsg,20,13838,rho,3,NA,0.05643879173290938,0.42195403960109845
snap_collegemsg,20,13838,rho,4,NA,0.020812256106373755,0.30965457436045674
snap_collegemsg,20,13838,rho,5,NA,0.009105362046538517,0.24237606590547767
snap_collegemsg,20,13838,rho,6,NA,0.004191357132533603,0.1896950426362191
snap_collegemsg,20,13838,rho,7,NA,0.0026015320132967193,0.15471889001300765
snap_collegemsg,20,13838,rho,8,NA,0.0018788842318254082,0.12993207110854169
snap_collegemsg,20,13838,rho,9,NA,0.000794912559618442,0.11128775834658187
snap_collegemsg,20,13838,rho,10,NA,0.0006503830033241798,0.09560630148865443
snap_collegemsg,20,13838,rho,11,NA,0.0005058534470299177,0.08382714265067207
snap_collegemsg,20,13838,rho,12,NA,0.00036132389073565546,0.07284289637230813
snap_collegemsg,20,13838,rho,13,NA,0.00021679433444139325,0.06373753432576962
snap_collegemsg,20,13838,rho,14,NA,0.00014452955629426219,0.0557884087295852
snap_collegemsg,20,13838,rho,15,NA,0.0,0.05058534470299176
snap_collegemsg,20,13838,rho,16,NA,0.0,0.04451510333863275
snap_collegemsg,20,13838,rho,17,NA,0.0,0.040323746206099145
snap_collegemsg,20,13838,rho,18,NA,0.0,0.03714409596762538
snap_collegemsg,20,13838,rho,19,NA,0.0,0.03447029917618153
snap_collegemsg,20,13838,rho,20,NA,0.0,0.030784795490677842
snap_collegemsg,20,13838,mean_P,NA,NA,0.06521534903887848,NA
snap_collegemsg,20,13838,median_P,NA,NA,0.05,NA
snap_collegemsg,20,13838,relative_survival,4,0.2,0.020812256106373755,0.30965457436045674
snap_collegemsg,20,13838,relative_survival,8,0.4,0.0018788842318254082,0.12993207110854169
snap_collegemsg,20,13838,relative_survival,12,0.6,0.00036132389073565546,0.07284289637230813
snap_collegemsg,20,13838,relative_survival,16,0.8,0.0,0.04451510333863275
snap_collegemsg,20,13838,relative_survival,20,1.0,0.0,0.030784795490677842
snap_email_eu,2,16064,rho,2,NA,0.360371015936255,0.7359935258964143
snap_email_eu,2,16064,mean_P,NA,NA,0.6801855079681275,NA
snap_email_eu,2,16064,median_P,NA,NA,0.5,NA
snap_email_eu,2,16064,relative_survival,1,0.2,1.0,1.0
snap_email_eu,2,16064,relative_survival,1,0.4,1.0,1.0
snap_email_eu,2,16064,relative_survival,2,0.6,0.360371015936255,0.7359935258964143
snap_email_eu,2,16064,relative_survival,2,0.8,0.360371015936255,0.7359935258964143
snap_email_eu,2,16064,relative_survival,2,1.0,0.360371015936255,0.7359935258964143
snap_email_eu,3,16064,rho,2,NA,0.4119148406374502,0.7359935258964143
snap_email_eu,3,16064,rho,3,NA,0.052664342629482074,0.5897036852589641
snap_email_eu,3,16064,mean_P,NA,NA,0.48819306108897736,NA
snap_email_eu,3,16064,median_P,NA,NA,0.3333333333333333,NA
snap_email_eu,3,16064,relative_survival,1,0.2,1.0,1.0
snap_email_eu,3,16064,relative_survival,2,0.4,0.4119148406374502,0.7359935258964143
snap_email_eu,3,16064,relative_survival,2,0.6,0.4119148406374502,0.7359935258964143
snap_email_eu,3,16064,relative_survival,3,0.8,0.052664342629482074,0.5897036852589641
snap_email_eu,3,16064,relative_survival,3,1.0,0.052664342629482074,0.5897036852589641
snap_email_eu,4,16064,rho,2,NA,0.4694347609561753,0.7359935258964143
snap_email_eu,4,16064,rho,3,NA,0.24539342629482072,0.5897036852589641
snap_email_eu,4,16064,rho,4,NA,0.045131972111553786,0.4986304780876494
snap_email_eu,4,16064,mean_P,NA,NA,0.43999003984063745,NA
snap_email_eu,4,16064,median_P,NA,NA,0.25,NA
snap_email_eu,4,16064,relative_survival,1,0.2,1.0,1.0
snap_email_eu,4,16064,relative_survival,2,0.4,0.4694347609561753,0.7359935258964143
snap_email_eu,4,16064,relative_survival,3,0.6,0.24539342629482072,0.5897036852589641
snap_email_eu,4,16064,relative_survival,4,0.8,0.045131972111553786,0.4986304780876494
snap_email_eu,4,16064,relative_survival,4,1.0,0.045131972111553786,0.4986304780876494
snap_email_eu,5,16064,rho,2,NA,0.5057270916334662,0.7359935258964143
snap_email_eu,5,16064,rho,3,NA,0.2975597609561753,0.5897036852589641
snap_email_eu,5,16064,rho,4,NA,0.1593625498007968,0.4986304780876494
snap_email_eu,5,16064,rho,5,NA,0.03791085657370518,0.4399277888446215
snap_email_eu,5,16064,mean_P,NA,NA,0.4001120517928287,NA
snap_email_eu,5,16064,median_P,NA,NA,0.4,NA
snap_email_eu,5,16064,relative_survival,1,0.2,1.0,1.0
snap_email_eu,5,16064,relative_survival,2,0.4,0.5057270916334662,0.7359935258964143
snap_email_eu,5,16064,relative_survival,3,0.6,0.2975597609561753,0.5897036852589641
snap_email_eu,5,16064,relative_survival,4,0.8,0.1593625498007968,0.4986304780876494
snap_email_eu,5,16064,relative_survival,5,1.0,0.03791085657370518,0.4399277888446215
snap_email_eu,6,16064,rho,2,NA,0.49688745019920316,0.7359935258964143
snap_email_eu,6,16064,rho,3,NA,0.3025398406374502,0.5897036852589641
snap_email_eu,6,16064,rho,4,NA,0.177726593625498,0.4986304780876494
snap_email_eu,6,16064,rho,5,NA,0.04002739043824701,0.4399277888446215
snap_email_eu,6,16064,rho,6,NA,0.0,0.39604083665338646
snap_email_eu,6,16064,mean_P,NA,NA,0.33619687915006635,NA
snap_email_eu,6,16064,median_P,NA,NA,0.16666666666666666,NA
snap_email_eu,6,16064,relative_survival,2,0.2,0.49688745019920316,0.7359935258964143
snap_email_eu,6,16064,relative_survival,3,0.4,0.3025398406374502,0.5897036852589641
snap_email_eu,6,16064,relative_survival,4,0.6,0.177726593625498,0.4986304780876494
snap_email_eu,6,16064,relative_survival,5,0.8,0.04002739043824701,0.4399277888446215
snap_email_eu,6,16064,relative_survival,6,1.0,0.0,0.39604083665338646
snap_email_eu,7,16064,rho,2,NA,0.5240288844621513,0.7359935258964143
snap_email_eu,7,16064,rho,3,NA,0.3341010956175299,0.5897036852589641
snap_email_eu,7,16064,rho,4,NA,0.22136454183266932,0.4986304780876494
snap_email_eu,7,16064,rho,5,NA,0.13508466135458166,0.4399277888446215
snap_email_eu,7,16064,rho,6,NA,0.03405129482071713,0.39604083665338646
snap_email_eu,7,16064,rho,7,NA,0.0,0.36130478087649404
snap_email_eu,7,16064,mean_P,NA,NA,0.3212329254410927,NA
snap_email_eu,7,16064,median_P,NA,NA,0.2857142857142857,NA
snap_email_eu,7,16064,relative_survival,2,0.2,0.5240288844621513,0.7359935258964143
snap_email_eu,7,16064,relative_survival,3,0.4,0.3341010956175299,0.5897036852589641
snap_email_eu,7,16064,relative_survival,5,0.6,0.13508466135458166,0.4399277888446215
snap_email_eu,7,16064,relative_survival,6,0.8,0.03405129482071713,0.39604083665338646
snap_email_eu,7,16064,relative_survival,7,1.0,0.0,0.36130478087649404
snap_email_eu,8,16064,rho,2,NA,0.5369770916334662,0.7359935258964143
snap_email_eu,8,16064,rho,3,NA,0.3465512948207171,0.5897036852589641
snap_email_eu,8,16064,rho,4,NA,0.23960408366533864,0.4986304780876494
snap_email_eu,8,16064,rho,5,NA,0.1619148406374502,0.4399277888446215
snap_email_eu,8,16064,rho,6,NA,0.09468376494023904,0.39604083665338646
snap_email_eu,8,16064,rho,7,NA,0.028012948207171314,0.36130478087649404
snap_email_eu,8,16064,rho,8,NA,0.0,0.3314865537848606
snap_email_eu,8,16064,mean_P,NA,NA,0.3009680029880478,NA
snap_email_eu,8,16064,median_P,NA,NA,0.25,NA
snap_email_eu,8,16064,relative_survival,2,0.2,0.5369770916334662,0.7359935258964143
snap_email_eu,8,16064,relative_survival,4,0.4,0.23960408366533864,0.4986304780876494
snap_email_eu,8,16064,relative_survival,5,0.6,0.1619148406374502,0.4399277888446215
snap_email_eu,8,16064,relative_survival,7,0.8,0.028012948207171314,0.36130478087649404
snap_email_eu,8,16064,relative_survival,8,1.0,0.0,0.3314865537848606
snap_email_eu,9,16064,rho,2,NA,0.5262699203187251,0.7359935258964143
snap_email_eu,9,16064,rho,3,NA,0.35122011952191234,0.5897036852589641
snap_email_eu,9,16064,rho,4,NA,0.24750996015936255,0.4986304780876494
snap_email_eu,9,16064,rho,5,NA,0.17112798804780877,0.4399277888446215
snap_email_eu,9,16064,rho,6,NA,0.1107445219123506,0.39604083665338646
snap_email_eu,9,16064,rho,7,NA,0.031000996015936255,0.36130478087649404
snap_email_eu,9,16064,rho,8,NA,0.0,0.3314865537848606
snap_email_eu,9,16064,rho,9,NA,0.0,0.3064616533864542
snap_email_eu,9,16064,mean_P,NA,NA,0.270874833997344,NA
snap_email_eu,9,16064,median_P,NA,NA,0.2222222222222222,NA
snap_email_eu,9,16064,relative_survival,2,0.2,0.5262699203187251,0.7359935258964143
snap_email_eu,9,16064,relative_survival,4,0.4,0.24750996015936255,0.4986304780876494
snap_email_eu,9,16064,relative_survival,6,0.6,0.1107445219123506,0.39604083665338646
snap_email_eu,9,16064,relative_survival,8,0.8,0.0,0.3314865537848606
snap_email_eu,9,16064,relative_survival,9,1.0,0.0,0.3064616533864542
snap_email_eu,10,16064,rho,2,NA,0.5477465139442231,0.7359935258964143
snap_email_eu,10,16064,rho,3,NA,0.3649153386454183,0.5897036852589641
snap_email_eu,10,16064,rho,4,NA,0.2628237051792829,0.4986304780876494
snap_email_eu,10,16064,rho,5,NA,0.19353834661354583,0.4399277888446215
snap_email_eu,10,16064,rho,6,NA,0.13956673306772907,0.39604083665338646
snap_email_eu,10,16064,rho,7,NA,0.08908117529880479,0.36130478087649404
snap_email_eu,10,16064,rho,8,NA,0.027826195219123506,0.3314865537848606
snap_email_eu,10,16064,rho,9,NA,0.0,0.3064616533864542
snap_email_eu,10,16064,rho,10,NA,0.0,0.2877863545816733
snap_email_eu,10,16064,mean_P,NA,NA,0.2625498007968128,NA
snap_email_eu,10,16064,median_P,NA,NA,0.2,NA
snap_email_eu,10,16064,relative_survival,2,0.2,0.5477465139442231,0.7359935258964143
snap_email_eu,10,16064,relative_survival,4,0.4,0.2628237051792829,0.4986304780876494
snap_email_eu,10,16064,relative_survival,6,0.6,0.13956673306772907,0.39604083665338646
snap_email_eu,10,16064,relative_survival,8,0.8,0.027826195219123506,0.3314865537848606
snap_email_eu,10,16064,relative_survival,10,1.0,0.0,0.2877863545816733
snap_email_eu,11,16064,rho,2,NA,0.5460034860557769,0.7359935258964143
snap_email_eu,11,16064,rho,3,NA,0.37188745019920316,0.5897036852589641
snap_email_eu,11,16064,rho,4,NA,0.2729706175298805,0.4986304780876494
snap_email_eu,11,16064,rho,5,NA,0.20524153386454183,0.4399277888446215
snap_email_eu,11,16064,rho,6,NA,0.1545069721115538,0.39604083665338646
snap_email_eu,11,16064,rho,7,NA,0.1086902390438247,0.36130478087649404
snap_email_eu,11,16064,rho,8,NA,0.06754233067729083,0.3314865537848606
snap_email_eu,11,16064,rho,9,NA,0.022348107569721117,0.3064616533864542
snap_email_eu,11,16064,rho,10,NA,0.0,0.2877863545816733
snap_email_eu,11,16064,rho,11,NA,0.0,0.27048057768924305
snap_email_eu,11,16064,mean_P,NA,NA,0.24992643064107203,NA
snap_email_eu,11,16064,median_P,NA,NA,0.18181818181818182,NA
snap_email_eu,11,16064,relative_survival,3,0.2,0.37188745019920316,0.5897036852589641
snap_email_eu,11,16064,relative_survival,5,0.4,0.20524153386454183,0.4399277888446215
snap_email_eu,11,16064,relative_survival,7,0.6,0.1086902390438247,0.36130478087649404
snap_email_eu,11,16064,relative_survival,9,0.8,0.022348107569721117,0.3064616533864542
snap_email_eu,11,16064,relative_survival,11,1.0,0.0,0.27048057768924305
snap_email_eu,12,16064,rho,2,NA,0.5498630478087649,0.7359935258964143
snap_email_eu,12,16064,rho,3,NA,0.375996015936255,0.5897036852589641
snap_email_eu,12,16064,rho,4,NA,0.27496264940239046,0.4986304780876494
snap_email_eu,12,16064,rho,5,NA,0.20872758964143426,0.4399277888446215
snap_email_eu,12,16064,rho,6,NA,0.15942480079681276,0.39604083665338646
snap_email_eu,12,16064,rho,7,NA,0.11715637450199202,0.36130478087649404
snap_email_eu,12,16064,rho,8,NA,0.07955677290836653,0.3314865537848606
snap_email_eu,12,16064,rho,9,NA,0.026020916334661356,0.3064616533864542
snap_email_eu,12,16064,rho,10,NA,0.0,0.2877863545816733
snap_email_eu,12,16064,rho,11,NA,0.0,0.27048057768924305
snap_email_eu,12,16064,rho,12,NA,0.0,0.2560383466135458
snap_email_eu,12,16064,mean_P,NA,NA,0.2326423472775564,NA
snap_email_eu,12,16064,median_P,NA,NA,0.16666666666666666,NA
snap_email_eu,12,16064,relative_survival,3,0.2,0.375996015936255,0.5897036852589641
snap_email_eu,12,16064,relative_survival,5,0.4,0.20872758964143426,0.4399277888446215
snap_email_eu,12,16064,relative_survival,8,0.6,0.07955677290836653,0.3314865537848606
snap_email_eu,12,16064,relative_survival,10,0.8,0.0,0.2877863545816733
snap_email_eu,12,16064,relative_survival,12,1.0,0.0,0.2560383466135458
snap_email_eu,13,16064,rho,2,NA,0.5590139442231076,0.7359935258964143
snap_email_eu,13,16064,rho,3,NA,0.38265687250996017,0.5897036852589641
snap_email_eu,13,16064,rho,4,NA,0.28479830677290835,0.4986304780876494
snap_email_eu,13,16064,rho,5,NA,0.21974601593625498,0.4399277888446215
snap_email_eu,13,16064,rho,6,NA,0.1705054780876494,0.39604083665338646
snap_email_eu,13,16064,rho,7,NA,0.13240786852589642,0.36130478087649404
snap_email_eu,13,16064,rho,8,NA,0.09779631474103585,0.3314865537848606
snap_email_eu,13,16064,rho,9,NA,0.06530129482071713,0.3064616533864542
snap_email_eu,13,16064,rho,10,NA,0.02359312749003984,0.2877863545816733
snap_email_eu,13,16064,rho,11,NA,0.0,0.27048057768924305
snap_email_eu,13,16064,rho,12,NA,0.0,0.2560383466135458
snap_email_eu,13,16064,rho,13,NA,0.0,0.24221862549800796
snap_email_eu,13,16064,mean_P,NA,NA,0.2258322479313515,NA
snap_email_eu,13,16064,median_P,NA,NA,0.15384615384615385,NA
snap_email_eu,13,16064,relative_survival,3,0.2,0.38265687250996017,0.5897036852589641
snap_email_eu,13,16064,relative_survival,6,0.4,0.1705054780876494,0.39604083665338646
snap_email_eu,13,16064,relative_survival,8,0.6,0.09779631474103585,0.3314865537848606
snap_email_eu,13,16064,relative_survival,11,0.8,0.0,0.27048057768924305
snap_email_eu,13,16064,relative_survival,13,1.0,0.0,0.24221862549800796
snap_email_eu,14,16064,rho,2,NA,0.5611304780876494,0.7359935258964143
snap_email_eu,14,16064,rho,3,NA,0.39155876494023906,0.5897036852589641
snap_email_eu,14,16064,rho,4,NA,0.2940114541832669,0.4986304780876494
snap_email_eu,14,16064,rho,5,NA,0.22827440239043825,0.4399277888446215
snap_email_eu,14,16064,rho,6,NA,0.1794073705179283,0.39604083665338646
snap_email_eu,14,16064,rho,7,NA,0.14187001992031872,0.36130478087649404
snap_email_eu,14,16064,rho,8,NA,0.10912599601593626,0.3314865537848606
snap_email_eu,14,16064,rho,9,NA,0.07974352589641434,0.3064616533864542
snap_email_eu,14,16064,rho,10,NA,0.04668824701195219,0.2877863545816733
snap_email_eu,14,16064,rho,11,NA,0.016309760956175298,0.27048057768924305
snap_email_eu,14,16064,rho,12,NA,0.0,0.2560383466135458
snap_email_eu,14,16064,rho,13,NA,0.0,0.24221862549800796
snap_email_eu,14,16064,rho,14,NA,0.0,0.23082669322709162
snap_email_eu,14,16064,mean_P,NA,NA,0.21772285856573706,NA
snap_email_eu,14,16064,median_P,NA,NA,0.14285714285714285,NA
snap_email_eu,14,16064,relative_survival,3,0.2,0.39155876494023906,0.5897036852589641
snap_email_eu,14,16064,relative_survival,6,0.4,0.1794073705179283,0.39604083665338646
snap_email_eu,14,16064,relative_survival,9,0.6,0.07974352589641434,0.3064616533864542
snap_email_eu,14,16064,relative_survival,12,0.8,0.0,0.2560383466135458
snap_email_eu,14,16064,relative_survival,14,1.0,0.0,0.23082669322709162
snap_email_eu,15,16064,rho,2,NA,0.5619397410358565,0.7359935258964143
snap_email_eu,15,16064,rho,3,NA,0.3911852589641434,0.5897036852589641
snap_email_eu,15,16064,rho,4,NA,0.2963769920318725,0.4986304780876494
snap_email_eu,15,16064,rho,5,NA,0.23306772908366533,0.4399277888446215
snap_email_eu,15,16064,rho,6,NA,0.18538346613545817,0.39604083665338646
snap_email_eu,15,16064,rho,7,NA,0.14865537848605578,0.36130478087649404
snap_email_eu,15,16064,rho,8,NA,0.11653386454183266,0.3314865537848606
snap_email_eu,15,16064,rho,9,NA,0.0885831673306773,0.3064616533864542
snap_email_eu,15,16064,rho,10,NA,0.05976095617529881,0.2877863545816733
snap_email_eu,15,16064,rho,11,NA,0.02141434262948207,0.27048057768924305
snap_email_eu,15,16064,rho,12,NA,0.0,0.2560383466135458
snap_email_eu,15,16064,rho,13,NA,0.0,0.24221862549800796
snap_email_eu,15,16064,rho,14,NA,0.0,0.23082669322709162
snap_email_eu,15,16064,rho,15,NA,0.0,0.21949701195219123
snap_email_eu,15,16064,mean_P,NA,NA,0.20686005976095617,NA
snap_email_eu,15,16064,median_P,NA,NA,0.13333333333333333,NA
snap_email_eu,15,16064,relative_survival,3,0.2,0.3911852589641434,0.5897036852589641
snap_email_eu,15,16064,relative_survival,6,0.4,0.18538346613545817,0.39604083665338646
snap_email_eu,15,16064,relative_survival,9,0.6,0.0885831673306773,0.3064616533864542
snap_email_eu,15,16064,relative_survival,12,0.8,0.0,0.2560383466135458
snap_email_eu,15,16064,relative_survival,15,1.0,0.0,0.21949701195219123
snap_email_eu,16,16064,rho,2,NA,0.568351593625498,0.7359935258964143
snap_email_eu,16,16064,rho,3,NA,0.39871762948207173,0.5897036852589641
snap_email_eu,16,16064,rho,4,NA,0.3011703187250996,0.4986304780876494
snap_email_eu,16,16064,rho,5,NA,0.24028884462151395,0.4399277888446215
snap_email_eu,16,16064,rho,6,NA,0.1928535856573705,0.39604083665338646
snap_email_eu,16,16064,rho,7,NA,0.15631225099601595,0.36130478087649404
snap_email_eu,16,16064,rho,8,NA,0.12524900398406374,0.3314865537848606
snap_email_eu,16,16064,rho,9,NA,0.09991284860557768,0.3064616533864542
snap_email_eu,16,16064,rho,10,NA,0.07551045816733068,0.2877863545816733
snap_email_eu,16,16064,rho,11,NA,0.050734561752988044,0.27048057768924305
snap_email_eu,16,16064,rho,12,NA,0.018986553784860558,0.2560383466135458
snap_email_eu,16,16064,rho,13,NA,0.0,0.24221862549800796
snap_email_eu,16,16064,rho,14,NA,0.0,0.23082669322709162
snap_email_eu,16,16064,rho,15,NA,0.0,0.21949701195219123
snap_email_eu,16,16064,rho,16,NA,0.0,0.2112176294820717
snap_email_eu,16,16064,mean_P,NA,NA,0.2017554780876494,NA
snap_email_eu,16,16064,median_P,NA,NA,0.125,NA
snap_email_eu,16,16064,relative_survival,4,0.2,0.3011703187250996,0.4986304780876494
snap_email_eu,16,16064,relative_survival,7,0.4,0.15631225099601595,0.36130478087649404
snap_email_eu,16,16064,relative_survival,10,0.6,0.07551045816733068,0.2877863545816733
snap_email_eu,16,16064,relative_survival,13,0.8,0.0,0.24221862549800796
snap_email_eu,16,16064,relative_survival,16,1.0,0.0,0.2112176294820717
snap_email_eu,17,16064,rho,2,NA,0.5692231075697212,0.7359935258964143
snap_email_eu,17,16064,rho,3,NA,0.4012699203187251,0.5897036852589641
snap_email_eu,17,16064,rho,4,NA,0.3058391434262948,0.4986304780876494
snap_email_eu,17,16064,rho,5,NA,0.24302788844621515,0.4399277888446215
snap_email_eu,17,16064,rho,6,NA,0.1967753984063745,0.39604083665338646
snap_email_eu,17,16064,rho,7,NA,0.1607320717131474,0.36130478087649404
snap_email_eu,17,16064,rho,8,NA,0.1313496015936255,0.3314865537848606
snap_email_eu,17,16064,rho,9,NA,0.10582669322709164,0.3064616533864542
snap_email_eu,17,16064,rho,10,NA,0.08136205179282868,0.2877863545816733
snap_email_eu,17,16064,rho,11,NA,0.06088147410358566,0.27048057768924305
snap_email_eu,17,16064,rho,12,NA,0.03454930278884462,0.2560383466135458
snap_email_eu,17,16064,rho,13,NA,0.01282370517928287,0.24221862549800796
snap_email_eu,17,16064,rho,14,NA,0.0,0.23082669322709162
snap_email_eu,17,16064,rho,15,NA,0.0,0.21949701195219123
snap_email_eu,17,16064,rho,16,NA,0.0,0.2112176294820717
snap_email_eu,17,16064,rho,17,NA,0.0,0.20200448207171315
snap_email_eu,17,16064,mean_P,NA,NA,0.19433296226857275,NA
snap_email_eu,17,16064,median_P,NA,NA,0.11764705882352941,NA
snap_email_eu,17,16064,relative_survival,4,0.2,0.3058391434262948,0.4986304780876494
snap_email_eu,17,16064,relative_survival,7,0.4,0.1607320717131474,0.36130478087649404
snap_email_eu,17,16064,relative_survival,11,0.6,0.06088147410358566,0.27048057768924305
snap_email_eu,17,16064,relative_survival,14,0.8,0.0,0.23082669322709162
snap_email_eu,17,16064,relative_survival,17,1.0,0.0,0.20200448207171315
snap_email_eu,18,16064,rho,2,NA,0.5700323705179283,0.7359935258964143
snap_email_eu,18,16064,rho,3,NA,0.4030129482071713,0.5897036852589641
snap_email_eu,18,16064,rho,4,NA,0.30882719123505975,0.4986304780876494
snap_email_eu,18,16064,rho,5,NA,0.2455179282868526,0.4399277888446215
snap_email_eu,18,16064,rho,6,NA,0.20163097609561753,0.39604083665338646
snap_email_eu,18,16064,rho,7,NA,0.16558764940239043,0.36130478087649404
snap_email_eu,18,16064,rho,8,NA,0.13595617529880477,0.3314865537848606
snap_email_eu,18,16064,rho,9,NA,0.1114292828685259,0.3064616533864542
snap_email_eu,18,16064,rho,10,NA,0.08684013944223108,0.2877863545816733
snap_email_eu,18,16064,rho,11,NA,0.06505229083665338,0.27048057768924305
snap_email_eu,18,16064,rho,12,NA,0.04506972111553785,0.2560383466135458
snap_email_eu,18,16064,rho,13,NA,0.01780378486055777,0.24221862549800796
snap_email_eu,18,16064,rho,14,NA,0.0,0.23082669322709162
snap_email_eu,18,16064,rho,15,NA,0.0,0.21949701195219123
snap_email_eu,18,16064,rho,16,NA,0.0,0.2112176294820717
snap_email_eu,18,16064,rho,17,NA,0.0,0.20200448207171315
snap_email_eu,18,16064,rho,18,NA,0.0,0.19484561752988047
snap_email_eu,18,16064,mean_P,NA,NA,0.18648669212040728,NA
snap_email_eu,18,16064,median_P,NA,NA,0.1111111111111111,NA
snap_email_eu,18,16064,relative_survival,4,0.2,0.30882719123505975,0.4986304780876494
snap_email_eu,18,16064,relative_survival,8,0.4,0.13595617529880477,0.3314865537848606
snap_email_eu,18,16064,relative_survival,11,0.6,0.06505229083665338,0.27048057768924305
snap_email_eu,18,16064,relative_survival,15,0.8,0.0,0.21949701195219123
snap_email_eu,18,16064,relative_survival,18,1.0,0.0,0.19484561752988047
snap_email_eu,19,16064,rho,2,NA,0.5738296812749004,0.7359935258964143
snap_email_eu,19,16064,rho,3,NA,0.4090512948207171,0.5897036852589641
snap_email_eu,19,16064,rho,4,NA,0.3126245019920319,0.4986304780876494
snap_email_eu,19,16064,rho,5,NA,0.24981324701195218,0.4399277888446215
snap_email_eu,19,16064,rho,6,NA,0.2081050796812749,0.39604083665338646
snap_email_eu,19,16064,rho,7,NA,0.17168824701195218,0.36130478087649404
snap_email_eu,19,16064,rho,8,NA,0.14255478087649404,0.3314865537848606
snap_email_eu,19,16064,rho,9,NA,0.11802788844621515,0.3064616533864542
snap_email_eu,19,16064,rho,10,NA,0.09904133466135458,0.2877863545816733
snap_email_eu,19,16064,rho,11,NA,0.0788097609561753,0.27048057768924305
snap_email_eu,19,16064,rho,12,NA,0.059449701195219126,0.2560383466135458
snap_email_eu,19,16064,rho,13,NA,0.039467131474103585,0.24221862549800796
snap_email_eu,19,16064,rho,14,NA,0.01581175298804781,0.23082669322709162
snap_email_eu,19,16064,rho,15,NA,0.0,0.21949701195219123
snap_email_eu,19,16064,rho,16,NA,0.0,0.2112176294820717
snap_email_eu,19,16064,rho,17,NA,0.0,0.20200448207171315
snap_email_eu,19,16064,rho,18,NA,0.0,0.19484561752988047
snap_email_eu,19,16064,rho,19,NA,0.0,0.18743774900398405
snap_email_eu,19,16064,mean_P,NA,NA,0.18306707381002307,NA
snap_email_eu,19,16064,median_P,NA,NA,0.10526315789473684,NA
snap_email_eu,19,16064,relative_survival,4,0.2,0.3126245019920319,0.4986304780876494
snap_email_eu,19,16064,relative_survival,8,0.4,0.14255478087649404,0.3314865537848606
snap_email_eu,19,16064,relative_survival,12,0.6,0.059449701195219126,0.2560383466135458
snap_email_eu,19,16064,relative_survival,16,0.8,0.0,0.2112176294820717
snap_email_eu,19,16064,relative_survival,19,1.0,0.0,0.18743774900398405
snap_email_eu,20,16064,rho,2,NA,0.5733939243027888,0.7359935258964143
snap_email_eu,20,16064,rho,3,NA,0.40581424302788843,0.5897036852589641
snap_email_eu,20,16064,rho,4,NA,0.3119397410358566,0.4986304780876494
snap_email_eu,20,16064,rho,5,NA,0.2501245019920319,0.4399277888446215
snap_email_eu,20,16064,rho,6,NA,0.2084163346613546,0.39604083665338646
snap_email_eu,20,16064,rho,7,NA,0.17025647410358566,0.36130478087649404
snap_email_eu,20,16064,rho,8,NA,0.14417330677290838,0.3314865537848606
snap_email_eu,20,16064,rho,9,NA,0.11889940239043825,0.3064616533864542
snap_email_eu,20,16064,rho,10,NA,0.0987300796812749,0.2877863545816733
snap_email_eu,20,16064,rho,11,NA,0.07837400398406374,0.27048057768924305
snap_email_eu,20,16064,rho,12,NA,0.059947709163346616,0.2560383466135458
snap_email_eu,20,16064,rho,13,NA,0.04102340637450199,0.24221862549800796
snap_email_eu,20,16064,rho,14,NA,0.01743027888446215,0.23082669322709162
snap_email_eu,20,16064,rho,15,NA,0.0031125498007968126,0.21949701195219123
snap_email_eu,20,16064,rho,16,NA,0.0,0.2112176294820717
snap_email_eu,20,16064,rho,17,NA,0.0,0.20200448207171315
snap_email_eu,20,16064,rho,18,NA,0.0,0.19484561752988047
snap_email_eu,20,16064,rho,19,NA,0.0,0.18743774900398405
snap_email_eu,20,16064,rho,20,NA,0.0,0.1797808764940239
snap_email_eu,20,16064,mean_P,NA,NA,0.17408179780876493,NA
snap_email_eu,20,16064,median_P,NA,NA,0.1,NA
snap_email_eu,20,16064,relative_survival,4,0.2,0.3119397410358566,0.4986304780876494
snap_email_eu,20,16064,relative_survival,8,0.4,0.14417330677290838,0.3314865537848606
snap_email_eu,20,16064,relative_survival,12,0.6,0.059947709163346616,0.2560383466135458
snap_email_eu,20,16064,relative_survival,16,0.8,0.0,0.2112176294820717
snap_email_eu,20,16064,relative_survival,20,1.0,0.0,0.1797808764940239
snap_mathoverflow,2,187986,rho,2,NA,0.042577638760333214,0.3963273860819423
snap_mathoverflow,2,187986,mean_P,NA,NA,0.5212888193801666,NA
snap_mathoverflow,2,187986,median_P,NA,NA,0.5,NA
snap_mathoverflow,2,187986,relative_survival,1,0.2,1.0,1.0
snap_mathoverflow,2,187986,relative_survival,1,0.4,1.0,1.0
snap_mathoverflow,2,187986,relative_survival,2,0.6,0.042577638760333214,0.3963273860819423
snap_mathoverflow,2,187986,relative_survival,2,0.8,0.042577638760333214,0.3963273860819423
snap_mathoverflow,2,187986,relative_survival,2,1.0,0.042577638760333214,0.3963273860819423
snap_mathoverflow,3,187986,rho,2,NA,0.06172800102135265,0.3963273860819423
snap_mathoverflow,3,187986,rho,3,NA,0.008431478939921059,0.19474322555935017
snap_mathoverflow,3,187986,mean_P,NA,NA,0.3567198266537578,NA
snap_mathoverflow,3,187986,median_P,NA,NA,0.3333333333333333,NA
snap_mathoverflow,3,187986,relative_survival,1,0.2,1.0,1.0
snap_mathoverflow,3,187986,relative_survival,2,0.4,0.06172800102135265,0.3963273860819423
snap_mathoverflow,3,187986,relative_survival,2,0.6,0.06172800102135265,0.3963273860819423
snap_mathoverflow,3,187986,relative_survival,3,0.8,0.008431478939921059,0.19474322555935017
snap_mathoverflow,3,187986,relative_survival,3,1.0,0.008431478939921059,0.19474322555935017
snap_mathoverflow,4,187986,rho,2,NA,0.07518645005479131,0.3963273860819423
snap_mathoverflow,4,187986,rho,3,NA,0.014607470769099826,0.19474322555935017
snap_mathoverflow,4,187986,rho,4,NA,0.0026172161756726564,0.11365208047407786
snap_mathoverflow,4,187986,mean_P,NA,NA,0.27310278424989093,NA
snap_mathoverflow,4,187986,median_P,NA,NA,0.25,NA
snap_mathoverflow,4,187986,relative_survival,1,0.2,1.0,1.0
snap_mathoverflow,4,187986,relative_survival,2,0.4,0.07518645005479131,0.3963273860819423
snap_mathoverflow,4,187986,relative_survival,3,0.6,0.014607470769099826,0.19474322555935017
snap_mathoverflow,4,187986,relative_survival,4,0.8,0.0026172161756726564,0.11365208047407786
snap_mathoverflow,4,187986,relative_survival,4,1.0,0.0026172161756726564,0.11365208047407786
snap_mathoverflow,5,187986,rho,2,NA,0.08438394348515314,0.3963273860819423
snap_mathoverflow,5,187986,rho,3,NA,0.01923015543710702,0.19474322555935017
snap_mathoverflow,5,187986,rho,4,NA,0.005303586437287883,0.11365208047407786
snap_mathoverflow,5,187986,rho,5,NA,0.0011490217356611662,0.0740906237698552
snap_mathoverflow,5,187986,mean_P,NA,NA,0.2220133414190419,NA
snap_mathoverflow,5,187986,median_P,NA,NA,0.2,NA
snap_mathoverflow,5,187986,relative_survival,1,0.2,1.0,1.0
snap_mathoverflow,5,187986,relative_survival,2,0.4,0.08438394348515314,0.3963273860819423
snap_mathoverflow,5,187986,relative_survival,3,0.6,0.01923015543710702,0.19474322555935017
snap_mathoverflow,5,187986,relative_survival,4,0.8,0.005303586437287883,0.11365208047407786
snap_mathoverflow,5,187986,relative_survival,5,1.0,0.0011490217356611662,0.0740906237698552
snap_mathoverflow,6,187986,rho,2,NA,0.09176215250071813,0.3963273860819423
snap_mathoverflow,6,187986,rho,3,NA,0.02277829200046812,0.19474322555935017
snap_mathoverflow,6,187986,rho,4,NA,0.007266498569042375,0.11365208047407786
snap_mathoverflow,6,187986,rho,5,NA,0.002329960741757365,0.0740906237698552
snap_mathoverflow,6,187986,rho,6,NA,0.000505356781888013,0.05136552722011214
snap_mathoverflow,6,187986,mean_P,NA,NA,0.18744037676564562,NA
snap_mathoverflow,6,187986,median_P,NA,NA,0.16666666666666666,NA
snap_mathoverflow,6,187986,relative_survival,2,0.2,0.09176215250071813,0.3963273860819423
snap_mathoverflow,6,187986,relative_survival,3,0.4,0.02277829200046812,0.19474322555935017
snap_mathoverflow,6,187986,relative_survival,4,0.6,0.007266498569042375,0.11365208047407786
snap_mathoverflow,6,187986,relative_survival,5,0.8,0.002329960741757365,0.0740906237698552
snap_mathoverflow,6,187986,relative_survival,6,1.0,0.000505356781888013,0.05136552722011214
snap_mathoverflow,7,187986,rho,2,NA,0.09660293851669806,0.3963273860819423
snap_mathoverflow,7,187986,rho,3,NA,0.025560414073388445,0.19474322555935017
snap_mathoverflow,7,187986,rho,4,NA,0.0090645048035492,0.11365208047407786
snap_mathoverflow,7,187986,rho,5,NA,0.0032342834040832826,0.0740906237698552
snap_mathoverflow,7,187986,rho,6,NA,0.00113306310044365,0.05136552722011214
snap_mathoverflow,7,187986,rho,7,NA,0.00021278180290021598,0.03776345046971583
snap_mathoverflow,7,187986,mean_P,NA,NA,0.16225828367158035,NA
snap_mathoverflow,7,187986,median_P,NA,NA,0.14285714285714285,NA
snap_mathoverflow,7,187986,relative_survival,2,0.2,0.09660293851669806,0.3963273860819423
snap_mathoverflow,7,187986,relative_survival,3,0.4,0.025560414073388445,0.19474322555935017
snap_mathoverflow,7,187986,relative_survival,5,0.6,0.0032342834040832826,0.0740906237698552
snap_mathoverflow,7,187986,relative_survival,6,0.8,0.00113306310044365,0.05136552722011214
snap_mathoverflow,7,187986,relative_survival,7,1.0,0.00021278180290021598,0.03776345046971583
snap_mathoverflow,8,187986,rho,2,NA,0.10165650633557818,0.3963273860819423
snap_mathoverflow,8,187986,rho,3,NA,0.02820954751949613,0.19474322555935017
snap_mathoverflow,8,187986,rho,4,NA,0.01045290606747311,0.11365208047407786
snap_mathoverflow,8,187986,rho,5,NA,0.004250316512931814,0.0740906237698552
snap_mathoverflow,8,187986,rho,6,NA,0.0017341716936367603,0.05136552722011214
snap_mathoverflow,8,187986,rho,7,NA,0.0006436649537731533,0.03776345046971583
snap_mathoverflow,8,187986,rho,8,NA,0.00014894726203015118,0.028821295202834253
snap_mathoverflow,8,187986,mean_P,NA,NA,0.14338700754311492,NA
snap_mathoverflow,8,187986,median_P,NA,NA,0.125,NA
snap_mathoverflow,8,187986,relative_survival,2,0.2,0.10165650633557818,0.3963273860819423
snap_mathoverflow,8,187986,relative_survival,4,0.4,0.01045290606747311,0.11365208047407786
snap_mathoverflow,8,187986,relative_survival,5,0.6,0.004250316512931814,0.0740906237698552
snap_mathoverflow,8,187986,relative_survival,7,0.8,0.0006436649537731533,0.03776345046971583
snap_mathoverflow,8,187986,relative_survival,8,1.0,0.00014894726203015118,0.028821295202834253
snap_mathoverflow,9,187986,rho,2,NA,0.10510889108763419,0.3963273860819423
snap_mathoverflow,9,187986,rho,3,NA,0.030587384166906047,0.19474322555935017
snap_mathoverflow,9,187986,rho,4,NA,0.011867905056759546,0.11365208047407786
snap_mathoverflow,9,187986,rho,5,NA,0.005069526454097645,0.0740906237698552
snap_mathoverflow,9,187986,rho,6,NA,0.0022608066558147946,0.05136552722011214
snap_mathoverflow,9,187986,rho,7,NA,0.0010213526539210366,0.03776345046971583
snap_mathoverflow,9,187986,rho,8,NA,0.0003085336142053132,0.028821295202834253
snap_mathoverflow,9,187986,rho,9,NA,6.91540859425702e-05,0.022576149287712916
snap_mathoverflow,9,187986,mean_P,NA,NA,0.12847706153058683,NA
snap_mathoverflow,9,187986,median_P,NA,NA,0.1111111111111111,NA
snap_mathoverflow,9,187986,relative_survival,2,0.2,0.10510889108763419,0.3963273860819423
snap_mathoverflow,9,187986,relative_survival,4,0.4,0.011867905056759546,0.11365208047407786
snap_mathoverflow,9,187986,relative_survival,6,0.6,0.0022608066558147946,0.05136552722011214
snap_mathoverflow,9,187986,relative_survival,8,0.8,0.0003085336142053132,0.028821295202834253
snap_mathoverflow,9,187986,relative_survival,9,1.0,6.91540859425702e-05,0.022576149287712916
snap_mathoverflow,10,187986,rho,2,NA,0.10752396455055163,0.3963273860819423
snap_mathoverflow,10,187986,rho,3,NA,0.03239070994648538,0.19474322555935017
snap_mathoverflow,10,187986,rho,4,NA,0.013187152234740885,0.11365208047407786
snap_mathoverflow,10,187986,rho,5,NA,0.005840860489610929,0.0740906237698552
snap_mathoverflow,10,187986,rho,6,NA,0.002782122072920324,0.05136552722011214
snap_mathoverflow,10,187986,rho,7,NA,0.001319247177981339,0.03776345046971583
snap_mathoverflow,10,187986,rho,8,NA,0.0005691913227580777,0.028821295202834253
snap_mathoverflow,10,187986,rho,9,NA,0.00020746225782771057,0.022576149287712916
snap_mathoverflow,10,187986,rho,10,NA,5.851499579755939e-05,0.018309874139563583
snap_mathoverflow,10,187986,mean_P,NA,NA,0.11638792250486742,NA
snap_mathoverflow,10,187986,median_P,NA,NA,0.1,NA
snap_mathoverflow,10,187986,relative_survival,2,0.2,0.10752396455055163,0.3963273860819423
snap_mathoverflow,10,187986,relative_survival,4,0.4,0.013187152234740885,0.11365208047407786
snap_mathoverflow,10,187986,relative_survival,6,0.6,0.002782122072920324,0.05136552722011214
snap_mathoverflow,10,187986,relative_survival,8,0.8,0.0005691913227580777,0.028821295202834253
snap_mathoverflow,10,187986,relative_survival,10,1.0,5.851499579755939e-05,0.018309874139563583
snap_mathoverflow,11,187986,rho,2,NA,0.10956666985839371,0.3963273860819423
snap_mathoverflow,11,187986,rho,3,NA,0.03395465619780196,0.19474322555935017
snap_mathoverflow,11,187986,rho,4,NA,0.013942527635036651,0.11365208047407786
snap_mathoverflow,11,187986,rho,5,NA,0.006527081803964125,0.0740906237698552
snap_mathoverflow,11,187986,rho,6,NA,0.003037460236400583,0.05136552722011214
snap_mathoverflow,11,187986,rho,7,NA,0.0015479876160990713,0.03776345046971583
snap_mathoverflow,11,187986,rho,8,NA,0.0007660144904407775,0.028821295202834253
snap_mathoverflow,11,187986,rho,9,NA,0.00030321406913280777,0.022576149287712916
snap_mathoverflow,11,187986,rho,10,NA,0.00011171044652261339,0.018309874139563583
snap_mathoverflow,11,187986,rho,11,NA,2.12781802900216e-05,0.015166023001712893
snap_mathoverflow,11,187986,mean_P,NA,NA,0.10634350913946203,NA
snap_mathoverflow,11,187986,median_P,NA,NA,0.09090909090909091,NA
snap_mathoverflow,11,187986,relative_survival,3,0.2,0.03395465619780196,0.19474322555935017
snap_mathoverflow,11,187986,relative_survival,5,0.4,0.006527081803964125,0.0740906237698552
snap_mathoverflow,11,187986,relative_survival,7,0.6,0.0015479876160990713,0.03776345046971583
snap_mathoverflow,11,187986,relative_survival,9,0.8,0.00030321406913280777,0.022576149287712916
snap_mathoverflow,11,187986,relative_survival,11,1.0,2.12781802900216e-05,0.015166023001712893
snap_mathoverflow,12,187986,rho,2,NA,0.11239134829189408,0.3963273860819423
snap_mathoverflow,12,187986,rho,3,NA,0.03516219292926069,0.19474322555935017
snap_mathoverflow,12,187986,rho,4,NA,0.014825572117072548,0.11365208047407786
snap_mathoverflow,12,187986,rho,5,NA,0.007096273126722202,0.0740906237698552
snap_mathoverflow,12,187986,rho,6,NA,0.003580053833796134,0.05136552722011214
snap_mathoverflow,12,187986,rho,7,NA,0.0019363144063919654,0.03776345046971583
snap_mathoverflow,12,187986,rho,8,NA,0.0010160331088485313,0.028821295202834253
snap_mathoverflow,12,187986,rho,9,NA,0.00045216133116295895,0.022576149287712916
snap_mathoverflow,12,187986,rho,10,NA,0.00020746225782771057,0.018309874139563583
snap_mathoverflow,12,187986,rho,11,NA,8.51127211600864e-05,0.015166023001712893
snap_mathoverflow,12,187986,rho,12,NA,1.06390901450108e-05,0.012761588628940453
snap_mathoverflow,12,187986,mean_P,NA,NA,0.09806359693452346,NA
snap_mathoverflow,12,187986,median_P,NA,NA,0.08333333333333333,NA
snap_mathoverflow,12,187986,relative_survival,3,0.2,0.03516219292926069,0.19474322555935017
snap_mathoverflow,12,187986,relative_survival,5,0.4,0.007096273126722202,0.0740906237698552
snap_mathoverflow,12,187986,relative_survival,8,0.6,0.0010160331088485313,0.028821295202834253
snap_mathoverflow,12,187986,relative_survival,10,0.8,0.00020746225782771057,0.018309874139563583
snap_mathoverflow,12,187986,relative_survival,12,1.0,1.06390901450108e-05,0.012761588628940453
snap_mathoverflow,13,187986,rho,2,NA,0.1144766099603162,0.3963273860819423
snap_mathoverflow,13,187986,rho,3,NA,0.03640696647622695,0.19474322555935017
snap_mathoverflow,13,187986,rho,4,NA,0.01557562797229581,0.11365208047407786
snap_mathoverflow,13,187986,rho,5,NA,0.007638866724117754,0.0740906237698552
snap_mathoverflow,13,187986,rho,6,NA,0.00392050471843648,0.05136552722011214
snap_mathoverflow,13,187986,rho,7,NA,0.0020693030332046003,0.03776345046971583
snap_mathoverflow,13,187986,rho,8,NA,0.0011702999159511878,0.028821295202834253
snap_mathoverflow,13,187986,rho,9,NA,0.0006489844988456587,0.022576149287712916
snap_mathoverflow,13,187986,rho,10,NA,0.0003138531592778186,0.018309874139563583
snap_mathoverflow,13,187986,rho,11,NA,0.0001702254423201728,0.015166023001712893
snap_mathoverflow,13,187986,rho,12,NA,5.851499579755939e-05,0.012761588628940453
snap_mathoverflow,13,187986,rho,13,NA,5.3195450725054e-06,0.010718883321098379
snap_mathoverflow,13,187986,mean_P,NA,NA,0.09095808280322018,NA
snap_mathoverflow,13,187986,median_P,NA,NA,0.07692307692307693,NA
snap_mathoverflow,13,187986,relative_survival,3,0.2,0.03640696647622695,0.19474322555935017
snap_mathoverflow,13,187986,relative_survival,6,0.4,0.00392050471843648,0.05136552722011214
snap_mathoverflow,13,187986,relative_survival,8,0.6,0.0011702999159511878,0.028821295202834253
snap_mathoverflow,13,187986,relative_survival,11,0.8,0.0001702254423201728,0.015166023001712893
snap_mathoverflow,13,187986,relative_survival,13,1.0,5.3195450725054e-06,0.010718883321098379
snap_mathoverflow,14,187986,rho,2,NA,0.11638100709627312,0.3963273860819423
snap_mathoverflow,14,187986,rho,3,NA,0.03757726639217814,0.19474322555935017
snap_mathoverflow,14,187986,rho,4,NA,0.016554424265636802,0.11365208047407786
snap_mathoverflow,14,187986,rho,5,NA,0.008239975317310863,0.0740906237698552
snap_mathoverflow,14,187986,rho,6,NA,0.004308831508729374,0.05136552722011214
snap_mathoverflow,14,187986,rho,7,NA,0.0024310320981349677,0.03776345046971583
snap_mathoverflow,14,187986,rho,8,NA,0.0013086080878363282,0.028821295202834253
snap_mathoverflow,14,187986,rho,9,NA,0.0007074994946432181,0.022576149287712916
snap_mathoverflow,14,187986,rho,10,NA,0.00041492451565542114,0.018309874139563583
snap_mathoverflow,14,187986,rho,11,NA,0.00023405998319023756,0.015166023001712893
snap_mathoverflow,14,187986,rho,12,NA,0.00010639090145010799,0.012761588628940453
snap_mathoverflow,14,187986,rho,13,NA,2.12781802900216e-05,0.010718883321098379
snap_mathoverflow,14,187986,rho,14,NA,5.3195450725054e-06,0.009224091155724362
snap_mathoverflow,14,187986,mean_P,NA,NA,0.08487790124188575,NA
snap_mathoverflow,14,187986,median_P,NA,NA,0.07142857142857142,NA
snap_mathoverflow,14,187986,relative_survival,3,0.2,0.03757726639217814,0.19474322555935017
snap_mathoverflow,14,187986,relative_survival,6,0.4,0.004308831508729374,0.05136552722011214
snap_mathoverflow,14,187986,relative_survival,9,0.6,0.0007074994946432181,0.022576149287712916
snap_mathoverflow,14,187986,relative_survival,12,0.8,0.00010639090145010799,0.012761588628940453
snap_mathoverflow,14,187986,relative_survival,14,1.0,5.3195450725054e-06,0.009224091155724362
snap_mathoverflow,15,187986,rho,2,NA,0.11799282925324227,0.3963273860819423
snap_mathoverflow,15,187986,rho,3,NA,0.03838583724319896,0.19474322555935017
snap_mathoverflow,15,187986,rho,4,NA,0.017394912387092655,0.11365208047407786
snap_mathoverflow,15,187986,rho,5,NA,0.008740012554126372,0.0740906237698552
snap_mathoverflow,15,187986,rho,6,NA,0.0047131169342397835,0.05136552722011214
snap_mathoverflow,15,187986,rho,7,NA,0.002606577085527646,0.03776345046971583
snap_mathoverflow,15,187986,rho,8,NA,0.0015160703456640388,0.028821295202834253
snap_mathoverflow,15,187986,rho,9,NA,0.0009096422073984233,0.022576149287712916
snap_mathoverflow,15,187986,rho,10,NA,0.0005159958720330237,0.018309874139563583
snap_mathoverflow,15,187986,rho,11,NA,0.0003085336142053132,0.015166023001712893
snap_mathoverflow,15,187986,rho,12,NA,0.0001542668071026566,0.012761588628940453
snap_mathoverflow,15,187986,rho,13,NA,6.91540859425702e-05,0.010718883321098379
snap_mathoverflow,15,187986,rho,14,NA,3.7236815507537795e-05,0.009224091155724362
snap_mathoverflow,15,187986,rho,15,NA,0.0,0.007963358973540583
snap_mathoverflow,15,187986,mean_P,NA,NA,0.0795562790136854,NA
snap_mathoverflow,15,187986,median_P,NA,NA,0.06666666666666667,NA
snap_mathoverflow,15,187986,relative_survival,3,0.2,0.03838583724319896,0.19474322555935017
snap_mathoverflow,15,187986,relative_survival,6,0.4,0.0047131169342397835,0.05136552722011214
snap_mathoverflow,15,187986,relative_survival,9,0.6,0.0009096422073984233,0.022576149287712916
snap_mathoverflow,15,187986,relative_survival,12,0.8,0.0001542668071026566,0.012761588628940453
snap_mathoverflow,15,187986,relative_survival,15,1.0,0.0,0.007963358973540583
snap_mathoverflow,16,187986,rho,2,NA,0.12017384273296948,0.3963273860819423
snap_mathoverflow,16,187986,rho,3,NA,0.039598693519730194,0.19474322555935017
snap_mathoverflow,16,187986,rho,4,NA,0.017692806911152957,0.11365208047407786
snap_mathoverflow,16,187986,rho,5,NA,0.008979392082389114,0.0740906237698552
snap_mathoverflow,16,187986,rho,6,NA,0.005005691913227581,0.05136552722011214
snap_mathoverflow,16,187986,rho,7,NA,0.0028299979785728724,0.03776345046971583
snap_mathoverflow,16,187986,rho,8,NA,0.0016437394274041684,0.028821295202834253
snap_mathoverflow,16,187986,rho,9,NA,0.0009734767482684881,0.022576149287712916
snap_mathoverflow,16,187986,rho,10,NA,0.0005957890481206047,0.018309874139563583
snap_mathoverflow,16,187986,rho,11,NA,0.00035640951985786175,0.015166023001712893
snap_mathoverflow,16,187986,rho,12,NA,0.00021278180290021598,0.012761588628940453
snap_mathoverflow,16,187986,rho,13,NA,0.00010639090145010799,0.010718883321098379
snap_mathoverflow,16,187986,rho,14,NA,3.191727043503239e-05,0.009224091155724362
snap_mathoverflow,16,187986,rho,15,NA,1.06390901450108e-05,0.007963358973540583
snap_mathoverflow,16,187986,rho,16,NA,0.0,0.0069792431351270836
snap_mathoverflow,16,187986,mean_P,NA,NA,0.07488822305916398,NA
snap_mathoverflow,16,187986,median_P,NA,NA,0.0625,NA
snap_mathoverflow,16,187986,relative_survival,4,0.2,0.017692806911152957,0.11365208047407786
snap_mathoverflow,16,187986,relative_survival,7,0.4,0.0028299979785728724,0.03776345046971583
snap_mathoverflow,16,187986,relative_survival,10,0.6,0.0005957890481206047,0.018309874139563583
snap_mathoverflow,16,187986,relative_survival,13,0.8,0.00010639090145010799,0.010718883321098379
snap_mathoverflow,16,187986,relative_survival,16,1.0,0.0,0.0069792431351270836
snap_mathoverflow,17,187986,rho,2,NA,0.12133350355877566,0.3963273860819423
snap_mathoverflow,17,187986,rho,3,NA,0.04031683210451842,0.19474322555935017
snap_mathoverflow,17,187986,rho,4,NA,0.01839498686072367,0.11365208047407786
snap_mathoverflow,17,187986,rho,5,NA,0.009548583405147191,0.0740906237698552
snap_mathoverflow,17,187986,rho,6,NA,0.005340823252795421,0.05136552722011214
snap_mathoverflow,17,187986,rho,7,NA,0.0030853361420531316,0.03776345046971583
snap_mathoverflow,17,187986,rho,8,NA,0.0017820475992893089,0.028821295202834253
snap_mathoverflow,17,187986,rho,9,NA,0.0011437021905886609,0.022576149287712916
snap_mathoverflow,17,187986,rho,10,NA,0.0006862213143531966,0.018309874139563583
snap_mathoverflow,17,187986,rho,11,NA,0.00042024406072792655,0.015166023001712893
snap_mathoverflow,17,187986,rho,12,NA,0.00026597725362526996,0.012761588628940453
snap_mathoverflow,17,187986,rho,13,NA,0.00014894726203015118,0.010718883321098379
snap_mathoverflow,17,187986,rho,14,NA,7.979317608758099e-05,0.009224091155724362
snap_mathoverflow,17,187986,rho,15,NA,4.25563605800432e-05,0.007963358973540583
snap_mathoverflow,17,187986,rho,16,NA,1.5958635217516196e-05,0.0069792431351270836
snap_mathoverflow,17,187986,rho,17,NA,0.0,0.0061547136488887474
snap_mathoverflow,17,187986,mean_P,NA,NA,0.070741500775089,NA
snap_mathoverflow,17,187986,median_P,NA,NA,0.058823529411764705,NA
snap_mathoverflow,17,187986,relative_survival,4,0.2,0.01839498686072367,0.11365208047407786
snap_mathoverflow,17,187986,relative_survival,7,0.4,0.0030853361420531316,0.03776345046971583
snap_mathoverflow,17,187986,relative_survival,11,0.6,0.00042024406072792655,0.015166023001712893
snap_mathoverflow,17,187986,relative_survival,14,0.8,7.979317608758099e-05,0.009224091155724362
snap_mathoverflow,17,187986,relative_survival,17,1.0,0.0,0.0061547136488887474
snap_mathoverflow,18,187986,rho,2,NA,0.12270594618748204,0.3963273860819423
snap_mathoverflow,18,187986,rho,3,NA,0.04130094794293192,0.19474322555935017
snap_mathoverflow,18,187986,rho,4,NA,0.018980136818699266,0.11365208047407786
snap_mathoverflow,18,187986,rho,5,NA,0.009963507920802613,0.0740906237698552
snap_mathoverflow,18,187986,rho,6,NA,0.005622759141638207,0.05136552722011214
snap_mathoverflow,18,187986,rho,7,NA,0.0032927983998808424,0.03776345046971583
snap_mathoverflow,18,187986,rho,8,NA,0.002021427127552052,0.028821295202834253
snap_mathoverflow,18,187986,rho,9,NA,0.0012873299075463066,0.022576149287712916
snap_mathoverflow,18,187986,rho,10,NA,0.0007606949453682721,0.018309874139563583
snap_mathoverflow,18,187986,rho,11,NA,0.0004947176917430022,0.015166023001712893
snap_mathoverflow,18,187986,rho,12,NA,0.0003085336142053132,0.012761588628940453
snap_mathoverflow,18,187986,rho,13,NA,0.0001702254423201728,0.010718883321098379
snap_mathoverflow,18,187986,rho,14,NA,8.51127211600864e-05,0.009224091155724362
snap_mathoverflow,18,187986,rho,15,NA,5.851499579755939e-05,0.007963358973540583
snap_mathoverflow,18,187986,rho,16,NA,1.06390901450108e-05,0.0069792431351270836
snap_mathoverflow,18,187986,rho,17,NA,5.3195450725054e-06,0.0061547136488887474
snap_mathoverflow,18,187986,rho,18,NA,0.0,0.005394018703520475
snap_mathoverflow,18,187986,mean_P,NA,NA,0.0670593673051303,NA
snap_mathoverflow,18,187986,median_P,NA,NA,0.05555555555555555,NA
snap_mathoverflow,18,187986,relative_survival,4,0.2,0.018980136818699266,0.11365208047407786
snap_mathoverflow,18,187986,relative_survival,8,0.4,0.002021427127552052,0.028821295202834253
snap_mathoverflow,18,187986,relative_survival,11,0.6,0.0004947176917430022,0.015166023001712893
snap_mathoverflow,18,187986,relative_survival,15,0.8,5.851499579755939e-05,0.007963358973540583
snap_mathoverflow,18,187986,relative_survival,18,1.0,0.0,0.005394018703520475
snap_mathoverflow,19,187986,rho,2,NA,0.1240411520006809,0.3963273860819423
snap_mathoverflow,19,187986,rho,3,NA,0.042210590150330345,0.19474322555935017
snap_mathoverflow,19,187986,rho,4,NA,0.01927803134275957,0.11365208047407786
snap_mathoverflow,19,187986,rho,5,NA,0.010234804719500388,0.0740906237698552
snap_mathoverflow,19,187986,rho,6,NA,0.005824901854393412,0.05136552722011214
snap_mathoverflow,19,187986,rho,7,NA,0.003447065206983499,0.03776345046971583
snap_mathoverflow,19,187986,rho,8,NA,0.002117178938857149,0.028821295202834253
snap_mathoverflow,19,187986,rho,9,NA,0.0013352058131988552,0.022576149287712916
snap_mathoverflow,19,187986,rho,10,NA,0.0008670858468183801,0.018309874139563583
snap_mathoverflow,19,187986,rho,11,NA,0.0005213154171055291,0.015166023001712893
snap_mathoverflow,19,187986,rho,12,NA,0.00036172906493036716,0.012761588628940453
snap_mathoverflow,19,187986,rho,13,NA,0.00022874043811773218,0.010718883321098379
snap_mathoverflow,19,187986,rho,14,NA,0.00014362771695764577,0.009224091155724362
snap_mathoverflow,19,187986,rho,15,NA,6.383454087006479e-05,0.007963358973540583
snap_mathoverflow,19,187986,rho,16,NA,3.191727043503239e-05,0.0069792431351270836
snap_mathoverflow,19,187986,rho,17,NA,1.5958635217516196e-05,0.0061547136488887474
snap_mathoverflow,19,187986,rho,18,NA,5.3195450725054e-06,0.005394018703520475
snap_mathoverflow,19,187986,rho,19,NA,0.0,0.0047929101103273645
snap_mathoverflow,19,187986,mean_P,NA,NA,0.06372255044748572,NA
snap_mathoverflow,19,187986,median_P,NA,NA,0.05263157894736842,NA
snap_mathoverflow,19,187986,relative_survival,4,0.2,0.01927803134275957,0.11365208047407786
snap_mathoverflow,19,187986,relative_survival,8,0.4,0.002117178938857149,0.028821295202834253
snap_mathoverflow,19,187986,relative_survival,12,0.6,0.00036172906493036716,0.012761588628940453
snap_mathoverflow,19,187986,relative_survival,16,0.8,3.191727043503239e-05,0.0069792431351270836
snap_mathoverflow,19,187986,relative_survival,19,1.0,0.0,0.0047929101103273645
snap_mathoverflow,20,187986,rho,2,NA,0.12465821922909152,0.3963273860819423
snap_mathoverflow,20,187986,rho,3,NA,0.042322300596852956,0.19474322555935017
snap_mathoverflow,20,187986,rho,4,NA,0.0199004181162427,0.11365208047407786
snap_mathoverflow,20,187986,rho,5,NA,0.010548657878778208,0.0740906237698552
snap_mathoverflow,20,187986,rho,6,NA,0.005973849116423563,0.05136552722011214
snap_mathoverflow,20,187986,rho,7,NA,0.0036811251901737365,0.03776345046971583
snap_mathoverflow,20,187986,rho,8,NA,0.002223569840307257,0.028821295202834253
snap_mathoverflow,20,187986,rho,9,NA,0.0014203185343589417,0.022576149287712916
snap_mathoverflow,20,187986,rho,10,NA,0.0009362399327609502,0.018309874139563583
snap_mathoverflow,20,187986,rho,11,NA,0.0006170672284106264,0.015166023001712893
snap_mathoverflow,20,187986,rho,12,NA,0.00039364633536539956,0.012761588628940453
snap_mathoverflow,20,187986,rho,13,NA,0.0002766163437702808,0.010718883321098379
snap_mathoverflow,20,187986,rho,14,NA,0.000186184077537689,0.009224091155724362
snap_mathoverflow,20,187986,rho,15,NA,0.00010107135637760258,0.007963358973540583
snap_mathoverflow,20,187986,rho,16,NA,6.383454087006479e-05,0.0069792431351270836
snap_mathoverflow,20,187986,rho,17,NA,3.191727043503239e-05,0.0061547136488887474
snap_mathoverflow,20,187986,rho,18,NA,5.3195450725054e-06,0.005394018703520475
snap_mathoverflow,20,187986,rho,19,NA,5.3195450725054e-06,0.0047929101103273645
snap_mathoverflow,20,187986,rho,20,NA,0.0,0.004260955603076825
snap_mathoverflow,20,187986,mean_P,NA,NA,0.06066728373389511,NA
snap_mathoverflow,20,187986,median_P,NA,NA,0.05,NA
snap_mathoverflow,20,187986,relative_survival,4,0.2,0.0199004181162427,0.11365208047407786
snap_mathoverflow,20,187986,relative_survival,8,0.4,0.002223569840307257,0.028821295202834253
snap_mathoverflow,20,187986,relative_survival,12,0.6,0.00039364633536539956,0.012761588628940453
snap_mathoverflow,20,187986,relative_survival,16,0.8,6.383454087006479e-05,0.0069792431351270836
snap_mathoverflow,20,187986,relative_survival,20,1.0,0.0,0.004260955603076825
snap_bitcoin_otc,2,21492,rho,2,NA,0.013260748185371301,0.6560580681183696
snap_bitcoin_otc,2,21492,mean_P,NA,NA,0.5066303740926856,NA
snap_bitcoin_otc,2,21492,median_P,NA,NA,0.5,NA
snap_bitcoin_otc,2,21492,relative_survival,1,0.2,1.0,1.0
snap_bitcoin_otc,2,21492,relative_survival,1,0.4,1.0,1.0
snap_bitcoin_otc,2,21492,relative_survival,2,0.6,0.013260748185371301,0.6560580681183696
snap_bitcoin_otc,2,21492,relative_survival,2,0.8,0.013260748185371301,0.6560580681183696
snap_bitcoin_otc,2,21492,relative_survival,2,1.0,0.013260748185371301,0.6560580681183696
snap_bitcoin_otc,3,21492,rho,2,NA,0.017774055462497673,0.6560580681183696
snap_bitcoin_otc,3,21492,rho,3,NA,0.0,0.0
snap_bitcoin_otc,3,21492,mean_P,NA,NA,0.33925801848749915,NA
snap_bitcoin_otc,3,21492,median_P,NA,NA,0.3333333333333333,NA
snap_bitcoin_otc,3,21492,relative_survival,1,0.2,1.0,1.0
snap_bitcoin_otc,3,21492,relative_survival,2,0.4,0.017774055462497673,0.6560580681183696
snap_bitcoin_otc,3,21492,relative_survival,2,0.6,0.017774055462497673,0.6560580681183696
snap_bitcoin_otc,3,21492,relative_survival,3,0.8,0.0,0.0
snap_bitcoin_otc,3,21492,relative_survival,3,1.0,0.0,0.0
snap_bitcoin_otc,4,21492,rho,2,NA,0.024753396612693095,0.6560580681183696
snap_bitcoin_otc,4,21492,rho,3,NA,0.0,0.0
snap_bitcoin_otc,4,21492,rho,4,NA,0.0,0.0
snap_bitcoin_otc,4,21492,mean_P,NA,NA,0.2561883491531733,NA
snap_bitcoin_otc,4,21492,median_P,NA,NA,0.25,NA
snap_bitcoin_otc,4,21492,relative_survival,1,0.2,1.0,1.0
snap_bitcoin_otc,4,21492,relative_survival,2,0.4,0.024753396612693095,0.6560580681183696
snap_bitcoin_otc,4,21492,relative_survival,3,0.6,0.0,0.0
snap_bitcoin_otc,4,21492,relative_survival,4,0.8,0.0,0.0
snap_bitcoin_otc,4,21492,relative_survival,4,1.0,0.0,0.0
snap_bitcoin_otc,5,21492,rho,2,NA,0.024799925553694396,0.6560580681183696
snap_bitcoin_otc,5,21492,rho,3,NA,0.0,0.0
snap_bitcoin_otc,5,21492,rho,4,NA,0.0,0.0
snap_bitcoin_otc,5,21492,rho,5,NA,0.0,0.0
snap_bitcoin_otc,5,21492,mean_P,NA,NA,0.20495998511073887,NA
snap_bitcoin_otc,5,21492,median_P,NA,NA,0.2,NA
snap_bitcoin_otc,5,21492,relative_survival,1,0.2,1.0,1.0
snap_bitcoin_otc,5,21492,relative_survival,2,0.4,0.024799925553694396,0.6560580681183696
snap_bitcoin_otc,5,21492,relative_survival,3,0.6,0.0,0.0
snap_bitcoin_otc,5,21492,relative_survival,4,0.8,0.0,0.0
snap_bitcoin_otc,5,21492,relative_survival,5,1.0,0.0,0.0
snap_bitcoin_otc,6,21492,rho,2,NA,0.030522985296854644,0.6560580681183696
snap_bitcoin_otc,6,21492,rho,3,NA,0.0,0.0
snap_bitcoin_otc,6,21492,rho,4,NA,0.0,0.0
snap_bitcoin_otc,6,21492,rho,5,NA,0.0,0.0
snap_bitcoin_otc,6,21492,rho,6,NA,0.0,0.0
snap_bitcoin_otc,6,21492,mean_P,NA,NA,0.1717538308828091,NA
snap_bitcoin_otc,6,21492,median_P,NA,NA,0.16666666666666666,NA
snap_bitcoin_otc,6,21492,relative_survival,2,0.2,0.030522985296854644,0.6560580681183696
snap_bitcoin_otc,6,21492,relative_survival,3,0.4,0.0,0.0
snap_bitcoin_otc,6,21492,relative_survival,4,0.6,0.0,0.0
snap_bitcoin_otc,6,21492,relative_survival,5,0.8,0.0,0.0
snap_bitcoin_otc,6,21492,relative_survival,6,1.0,0.0,0.0
snap_bitcoin_otc,7,21492,rho,2,NA,0.03280290340591848,0.6560580681183696
snap_bitcoin_otc,7,21492,rho,3,NA,0.0,0.0
snap_bitcoin_otc,7,21492,rho,4,NA,0.0,0.0
snap_bitcoin_otc,7,21492,rho,5,NA,0.0,0.0
snap_bitcoin_otc,7,21492,rho,6,NA,0.0,0.0
snap_bitcoin_otc,7,21492,rho,7,NA,0.0,0.0
snap_bitcoin_otc,7,21492,mean_P,NA,NA,0.14754327191513117,NA
snap_bitcoin_otc,7,21492,median_P,NA,NA,0.14285714285714285,NA
snap_bitcoin_otc,7,21492,relative_survival,2,0.2,0.03280290340591848,0.6560580681183696
snap_bitcoin_otc,7,21492,relative_survival,3,0.4,0.0,0.0
snap_bitcoin_otc,7,21492,relative_survival,5,0.6,0.0,0.0
snap_bitcoin_otc,7,21492,relative_survival,6,0.8,0.0,0.0
snap_bitcoin_otc,7,21492,relative_survival,7,1.0,0.0,0.0
snap_bitcoin_otc,8,21492,rho,2,NA,0.036711334450027916,0.6560580681183696
snap_bitcoin_otc,8,21492,rho,3,NA,0.0,0.0
snap_bitcoin_otc,8,21492,rho,4,NA,0.0,0.0
snap_bitcoin_otc,8,21492,rho,5,NA,0.0,0.0
snap_bitcoin_otc,8,21492,rho,6,NA,0.0,0.0
snap_bitcoin_otc,8,21492,rho,7,NA,0.0,0.0
snap_bitcoin_otc,8,21492,rho,8,NA,0.0,0.0
snap_bitcoin_otc,8,21492,mean_P,NA,NA,0.12958891680625348,NA
snap_bitcoin_otc,8,21492,median_P,NA,NA,0.125,NA
snap_bitcoin_otc,8,21492,relative_survival,2,0.2,0.036711334450027916,0.6560580681183696
snap_bitcoin_otc,8,21492,relative_survival,4,0.4,0.0,0.0
snap_bitcoin_otc,8,21492,relative_survival,5,0.6,0.0,0.0
snap_bitcoin_otc,8,21492,relative_survival,7,0.8,0.0,0.0
snap_bitcoin_otc,8,21492,relative_survival,8,1.0,0.0,0.0
snap_bitcoin_otc,9,21492,rho,2,NA,0.04061976549413735,0.6560580681183696
snap_bitcoin_otc,9,21492,rho,3,NA,0.0,0.0
snap_bitcoin_otc,9,21492,rho,4,NA,0.0,0.0
snap_bitcoin_otc,9,21492,rho,5,NA,0.0,0.0
snap_bitcoin_otc,9,21492,rho,6,NA,0.0,0.0
snap_bitcoin_otc,9,21492,rho,7,NA,0.0,0.0
snap_bitcoin_otc,9,21492,rho,8,NA,0.0,0.0
snap_bitcoin_otc,9,21492,rho,9,NA,0.0,0.0
snap_bitcoin_otc,9,21492,mean_P,NA,NA,0.11562441838823753,NA
snap_bitcoin_otc,9,21492,median_P,NA,NA,0.1111111111111111,NA
snap_bitcoin_otc,9,21492,relative_survival,2,0.2,0.04061976549413735,0.6560580681183696
snap_bitcoin_otc,9,21492,relative_survival,4,0.4,0.0,0.0
snap_bitcoin_otc,9,21492,relative_survival,6,0.6,0.0,0.0
snap_bitcoin_otc,9,21492,relative_survival,8,0.8,0.0,0.0
snap_bitcoin_otc,9,21492,relative_survival,9,1.0,0.0,0.0
snap_bitcoin_otc,10,21492,rho,2,NA,0.041829517960171224,0.6560580681183696
snap_bitcoin_otc,10,21492,rho,3,NA,0.0,0.0
snap_bitcoin_otc,10,21492,rho,4,NA,0.0,0.0
snap_bitcoin_otc,10,21492,rho,5,NA,0.0,0.0
snap_bitcoin_otc,10,21492,rho,6,NA,0.0,0.0
snap_bitcoin_otc,10,21492,rho,7,NA,0.0,0.0
snap_bitcoin_otc,10,21492,rho,8,NA,0.0,0.0
snap_bitcoin_otc,10,21492,rho,9,NA,0.0,0.0
snap_bitcoin_otc,10,21492,rho,10,NA,0.0,0.0
snap_bitcoin_otc,10,21492,mean_P,NA,NA,0.10418295179601714,NA
snap_bitcoin_otc,10,21492,median_P,NA,NA,0.1,NA
snap_bitcoin_otc,10,21492,relative_survival,2,0.2,0.041829517960171224,0.6560580681183696
snap_bitcoin_otc,10,21492,relative_survival,4,0.4,0.0,0.0
snap_bitcoin_otc,10,21492,relative_survival,6,0.6,0.0,0.0
snap_bitcoin_otc,10,21492,relative_survival,8,0.8,0.0,0.0
snap_bitcoin_otc,10,21492,relative_survival,10,1.0,0.0,0.0
snap_bitcoin_otc,11,21492,rho,2,NA,0.04355108877721943,0.6560580681183696
snap_bitcoin_otc,11,21492,rho,3,NA,0.0,0.0
snap_bitcoin_otc,11,21492,rho,4,NA,0.0,0.0
snap_bitcoin_otc,11,21492,rho,5,NA,0.0,0.0
snap_bitcoin_otc,11,21492,rho,6,NA,0.0,0.0
snap_bitcoin_otc,11,21492,rho,7,NA,0.0,0.0
snap_bitcoin_otc,11,21492,rho,8,NA,0.0,0.0
snap_bitcoin_otc,11,21492,rho,9,NA,0.0,0.0
snap_bitcoin_otc,11,21492,rho,10,NA,0.0,0.0
snap_bitcoin_otc,11,21492,rho,11,NA,0.0,0.0
snap_bitcoin_otc,11,21492,mean_P,NA,NA,0.09486828079792904,NA
snap_bitcoin_otc,11,21492,median_P,NA,NA,0.09090909090909091,NA
snap_bitcoin_otc,11,21492,relative_survival,3,0.2,0.0,0.0
snap_bitcoin_otc,11,21492,relative_survival,5,0.4,0.0,0.0
snap_bitcoin_otc,11,21492,relative_survival,7,0.6,0.0,0.0
snap_bitcoin_otc,11,21492,relative_survival,9,0.8,0.0,0.0
snap_bitcoin_otc,11,21492,relative_survival,11,1.0,0.0,0.0
snap_bitcoin_otc,12,21492,rho,2,NA,0.04508654383026242,0.6560580681183696
snap_bitcoin_otc,12,21492,rho,3,NA,0.0,0.0
snap_bitcoin_otc,12,21492,rho,4,NA,0.0,0.0
snap_bitcoin_otc,12,21492,rho,5,NA,0.0,0.0
snap_bitcoin_otc,12,21492,rho,6,NA,0.0,0.0
snap_bitcoin_otc,12,21492,rho,7,NA,0.0,0.0
snap_bitcoin_otc,12,21492,rho,8,NA,0.0,0.0
snap_bitcoin_otc,12,21492,rho,9,NA,0.0,0.0
snap_bitcoin_otc,12,21492,rho,10,NA,0.0,0.0
snap_bitcoin_otc,12,21492,rho,11,NA,0.0,0.0
snap_bitcoin_otc,12,21492,rho,12,NA,0.0,0.0
snap_bitcoin_otc,12,21492,mean_P,NA,NA,0.08709054531918853,NA
snap_bitcoin_otc,12,21492,median_P,NA,NA,0.08333333333333333,NA
snap_bitcoin_otc,12,21492,relative_survival,3,0.2,0.0,0.0
snap_bitcoin_otc,12,21492,relative_survival,5,0.4,0.0,0.0
snap_bitcoin_otc,12,21492,relative_survival,8,0.6,0.0,0.0
snap_bitcoin_otc,12,21492,relative_survival,10,0.8,0.0,0.0
snap_bitcoin_otc,12,21492,relative_survival,12,1.0,0.0,0.0
snap_bitcoin_otc,13,21492,rho,2,NA,0.04680811464731063,0.6560580681183696
snap_bitcoin_otc,13,21492,rho,3,NA,0.0,0.0
snap_bitcoin_otc,13,21492,rho,4,NA,0.0,0.0
snap_bitcoin_otc,13,21492,rho,5,NA,0.0,0.0
snap_bitcoin_otc,13,21492,rho,6,NA,0.0,0.0
snap_bitcoin_otc,13,21492,rho,7,NA,0.0,0.0
snap_bitcoin_otc,13,21492,rho,8,NA,0.0,0.0
snap_bitcoin_otc,13,21492,rho,9,NA,0.0,0.0
snap_bitcoin_otc,13,21492,rho,10,NA,0.0,0.0
snap_bitcoin_otc,13,21492,rho,11,NA,0.0,0.0
snap_bitcoin_otc,13,21492,rho,12,NA,0.0,0.0
snap_bitcoin_otc,13,21492,rho,13,NA,0.0,0.0
snap_bitcoin_otc,13,21492,mean_P,NA,NA,0.08052370112671618,NA
snap_bitcoin_otc,13,21492,median_P,NA,NA,0.07692307692307693,NA
snap_bitcoin_otc,13,21492,relative_survival,3,0.2,0.0,0.0
snap_bitcoin_otc,13,21492,relative_survival,6,0.4,0.0,0.0
snap_bitcoin_otc,13,21492,relative_survival,8,0.6,0.0,0.0
snap_bitcoin_otc,13,21492,relative_survival,11,0.8,0.0,0.0
snap_bitcoin_otc,13,21492,relative_survival,13,1.0,0.0,0.0
snap_bitcoin_otc,14,21492,rho,2,NA,0.047459519821328865,0.6560580681183696
snap_bitcoin_otc,14,21492,rho,3,NA,0.0,0.0
snap_bitcoin_otc,14,21492,rho,4,NA,0.0,0.0
snap_bitcoin_otc,14,21492,rho,5,NA,0.0,0.0
snap_bitcoin_otc,14,21492,rho,6,NA,0.0,0.0
snap_bitcoin_otc,14,21492,rho,7,NA,0.0,0.0
snap_bitcoin_otc,14,21492,rho,8,NA,0.0,0.0
snap_bitcoin_otc,14,21492,rho,9,NA,0.0,0.0
snap_bitcoin_otc,14,21492,rho,10,NA,0.0,0.0
snap_bitcoin_otc,14,21492,rho,11,NA,0.0,0.0
snap_bitcoin_otc,14,21492,rho,12,NA,0.0,0.0
snap_bitcoin_otc,14,21492,rho,13,NA,0.0,0.0
snap_bitcoin_otc,14,21492,rho,14,NA,0.0,0.0
snap_bitcoin_otc,14,21492,mean_P,NA,NA,0.07481853713009491,NA
snap_bitcoin_otc,14,21492,median_P,NA,NA,0.07142857142857142,NA
snap_bitcoin_otc,14,21492,relative_survival,3,0.2,0.0,0.0
snap_bitcoin_otc,14,21492,relative_survival,6,0.4,0.0,0.0
snap_bitcoin_otc,14,21492,relative_survival,9,0.6,0.0,0.0
snap_bitcoin_otc,14,21492,relative_survival,12,0.8,0.0,0.0
snap_bitcoin_otc,14,21492,relative_survival,14,1.0,0.0,0.0
snap_bitcoin_otc,15,21492,rho,2,NA,0.05025125628140704,0.6560580681183696
snap_bitcoin_otc,15,21492,rho,3,NA,0.0,0.0
snap_bitcoin_otc,15,21492,rho,4,NA,0.0,0.0
snap_bitcoin_otc,15,21492,rho,5,NA,0.0,0.0
snap_bitcoin_otc,15,21492,rho,6,NA,0.0,0.0
snap_bitcoin_otc,15,21492,rho,7,NA,0.0,0.0
snap_bitcoin_otc,15,21492,rho,8,NA,0.0,0.0
snap_bitcoin_otc,15,21492,rho,9,NA,0.0,0.0
snap_bitcoin_otc,15,21492,rho,10,NA,0.0,0.0
snap_bitcoin_otc,15,21492,rho,11,NA,0.0,0.0
snap_bitcoin_otc,15,21492,rho,12,NA,0.0,0.0
snap_bitcoin_otc,15,21492,rho,13,NA,0.0,0.0
snap_bitcoin_otc,15,21492,rho,14,NA,0.0,0.0
snap_bitcoin_otc,15,21492,rho,15,NA,0.0,0.0
snap_bitcoin_otc,15,21492,mean_P,NA,NA,0.07001675041876047,NA
snap_bitcoin_otc,15,21492,median_P,NA,NA,0.06666666666666667,NA
snap_bitcoin_otc,15,21492,relative_survival,3,0.2,0.0,0.0
snap_bitcoin_otc,15,21492,relative_survival,6,0.4,0.0,0.0
snap_bitcoin_otc,15,21492,relative_survival,9,0.6,0.0,0.0
snap_bitcoin_otc,15,21492,relative_survival,12,0.8,0.0,0.0
snap_bitcoin_otc,15,21492,relative_survival,15,1.0,0.0,0.0
snap_bitcoin_otc,16,21492,rho,2,NA,0.05071654569142006,0.6560580681183696
snap_bitcoin_otc,16,21492,rho,3,NA,0.0,0.0
snap_bitcoin_otc,16,21492,rho,4,NA,0.0,0.0
snap_bitcoin_otc,16,21492,rho,5,NA,0.0,0.0
snap_bitcoin_otc,16,21492,rho,6,NA,0.0,0.0
snap_bitcoin_otc,16,21492,rho,7,NA,0.0,0.0
snap_bitcoin_otc,16,21492,rho,8,NA,0.0,0.0
snap_bitcoin_otc,16,21492,rho,9,NA,0.0,0.0
snap_bitcoin_otc,16,21492,rho,10,NA,0.0,0.0
snap_bitcoin_otc,16,21492,rho,11,NA,0.0,0.0
snap_bitcoin_otc,16,21492,rho,12,NA,0.0,0.0
snap_bitcoin_otc,16,21492,rho,13,NA,0.0,0.0
snap_bitcoin_otc,16,21492,rho,14,NA,0.0,0.0
snap_bitcoin_otc,16,21492,rho,15,NA,0.0,0.0
snap_bitcoin_otc,16,21492,rho,16,NA,0.0,0.0
snap_bitcoin_otc,16,21492,mean_P,NA,NA,0.06566978410571375,NA
snap_bitcoin_otc,16,21492,median_P,NA,NA,0.0625,NA
snap_bitcoin_otc,16,21492,relative_survival,4,0.2,0.0,0.0
snap_bitcoin_otc,16,21492,relative_survival,7,0.4,0.0,0.0
snap_bitcoin_otc,16,21492,relative_survival,10,0.6,0.0,0.0
snap_bitcoin_otc,16,21492,relative_survival,13,0.8,0.0,0.0
snap_bitcoin_otc,16,21492,relative_survival,16,1.0,0.0,0.0
snap_bitcoin_otc,17,21492,rho,2,NA,0.05336869532849432,0.6560580681183696
snap_bitcoin_otc,17,21492,rho,3,NA,0.0,0.0
snap_bitcoin_otc,17,21492,rho,4,NA,0.0,0.0
snap_bitcoin_otc,17,21492,rho,5,NA,0.0,0.0
snap_bitcoin_otc,17,21492,rho,6,NA,0.0,0.0
snap_bitcoin_otc,17,21492,rho,7,NA,0.0,0.0
snap_bitcoin_otc,17,21492,rho,8,NA,0.0,0.0
snap_bitcoin_otc,17,21492,rho,9,NA,0.0,0.0
snap_bitcoin_otc,17,21492,rho,10,NA,0.0,0.0
snap_bitcoin_otc,17,21492,rho,11,NA,0.0,0.0
snap_bitcoin_otc,17,21492,rho,12,NA,0.0,0.0
snap_bitcoin_otc,17,21492,rho,13,NA,0.0,0.0
snap_bitcoin_otc,17,21492,rho,14,NA,0.0,0.0
snap_bitcoin_otc,17,21492,rho,15,NA,0.0,0.0
snap_bitcoin_otc,17,21492,rho,16,NA,0.0,0.0
snap_bitcoin_otc,17,21492,rho,17,NA,0.0,0.0
snap_bitcoin_otc,17,21492,mean_P,NA,NA,0.0619628644310879,NA
snap_bitcoin_otc,17,21492,median_P,NA,NA,0.058823529411764705,NA
snap_bitcoin_otc,17,21492,relative_survival,4,0.2,0.0,0.0
snap_bitcoin_otc,17,21492,relative_survival,7,0.4,0.0,0.0
snap_bitcoin_otc,17,21492,relative_survival,11,0.6,0.0,0.0
snap_bitcoin_otc,17,21492,relative_survival,14,0.8,0.0,0.0
snap_bitcoin_otc,17,21492,relative_survival,17,1.0,0.0,0.0
snap_bitcoin_otc,18,21492,rho,2,NA,0.055322910850549044,0.6560580681183696
snap_bitcoin_otc,18,21492,rho,3,NA,0.0,0.0
snap_bitcoin_otc,18,21492,rho,4,NA,0.0,0.0
snap_bitcoin_otc,18,21492,rho,5,NA,0.0,0.0
snap_bitcoin_otc,18,21492,rho,6,NA,0.0,0.0
snap_bitcoin_otc,18,21492,rho,7,NA,0.0,0.0
snap_bitcoin_otc,18,21492,rho,8,NA,0.0,0.0
snap_bitcoin_otc,18,21492,rho,9,NA,0.0,0.0
snap_bitcoin_otc,18,21492,rho,10,NA,0.0,0.0
snap_bitcoin_otc,18,21492,rho,11,NA,0.0,0.0
snap_bitcoin_otc,18,21492,rho,12,NA,0.0,0.0
snap_bitcoin_otc,18,21492,rho,13,NA,0.0,0.0
snap_bitcoin_otc,18,21492,rho,14,NA,0.0,0.0
snap_bitcoin_otc,18,21492,rho,15,NA,0.0,0.0
snap_bitcoin_otc,18,21492,rho,16,NA,0.0,0.0
snap_bitcoin_otc,18,21492,rho,17,NA,0.0,0.0
snap_bitcoin_otc,18,21492,rho,18,NA,0.0,0.0
snap_bitcoin_otc,18,21492,mean_P,NA,NA,0.0586290506028083,NA
snap_bitcoin_otc,18,21492,median_P,NA,NA,0.05555555555555555,NA
snap_bitcoin_otc,18,21492,relative_survival,4,0.2,0.0,0.0
snap_bitcoin_otc,18,21492,relative_survival,8,0.4,0.0,0.0
snap_bitcoin_otc,18,21492,relative_survival,11,0.6,0.0,0.0
snap_bitcoin_otc,18,21492,relative_survival,15,0.8,0.0,0.0
snap_bitcoin_otc,18,21492,relative_survival,18,1.0,0.0,0.0
snap_bitcoin_otc,19,21492,rho,2,NA,0.056532663316582916,0.6560580681183696
snap_bitcoin_otc,19,21492,rho,3,NA,0.0,0.0
snap_bitcoin_otc,19,21492,rho,4,NA,0.0,0.0
snap_bitcoin_otc,19,21492,rho,5,NA,0.0,0.0
snap_bitcoin_otc,19,21492,rho,6,NA,0.0,0.0
snap_bitcoin_otc,19,21492,rho,7,NA,0.0,0.0
snap_bitcoin_otc,19,21492,rho,8,NA,0.0,0.0
snap_bitcoin_otc,19,21492,rho,9,NA,0.0,0.0
snap_bitcoin_otc,19,21492,rho,10,NA,0.0,0.0
snap_bitcoin_otc,19,21492,rho,11,NA,0.0,0.0
snap_bitcoin_otc,19,21492,rho,12,NA,0.0,0.0
snap_bitcoin_otc,19,21492,rho,13,NA,0.0,0.0
snap_bitcoin_otc,19,21492,rho,14,NA,0.0,0.0
snap_bitcoin_otc,19,21492,rho,15,NA,0.0,0.0
snap_bitcoin_otc,19,21492,rho,16,NA,0.0,0.0
snap_bitcoin_otc,19,21492,rho,17,NA,0.0,0.0
snap_bitcoin_otc,19,21492,rho,18,NA,0.0,0.0
snap_bitcoin_otc,19,21492,rho,19,NA,0.0,0.0
snap_bitcoin_otc,19,21492,mean_P,NA,NA,0.05560698227982013,NA
snap_bitcoin_otc,19,21492,median_P,NA,NA,0.05263157894736842,NA
snap_bitcoin_otc,19,21492,relative_survival,4,0.2,0.0,0.0
snap_bitcoin_otc,19,21492,relative_survival,8,0.4,0.0,0.0
snap_bitcoin_otc,19,21492,relative_survival,12,0.6,0.0,0.0
snap_bitcoin_otc,19,21492,relative_survival,16,0.8,0.0,0.0
snap_bitcoin_otc,19,21492,relative_survival,19,1.0,0.0,0.0
snap_bitcoin_otc,20,21492,rho,2,NA,0.05667225013958682,0.6560580681183696
snap_bitcoin_otc,20,21492,rho,3,NA,0.0,0.0
snap_bitcoin_otc,20,21492,rho,4,NA,0.0,0.0
snap_bitcoin_otc,20,21492,rho,5,NA,0.0,0.0
snap_bitcoin_otc,20,21492,rho,6,NA,0.0,0.0
snap_bitcoin_otc,20,21492,rho,7,NA,0.0,0.0
snap_bitcoin_otc,20,21492,rho,8,NA,0.0,0.0
snap_bitcoin_otc,20,21492,rho,9,NA,0.0,0.0
snap_bitcoin_otc,20,21492,rho,10,NA,0.0,0.0
snap_bitcoin_otc,20,21492,rho,11,NA,0.0,0.0
snap_bitcoin_otc,20,21492,rho,12,NA,0.0,0.0
snap_bitcoin_otc,20,21492,rho,13,NA,0.0,0.0
snap_bitcoin_otc,20,21492,rho,14,NA,0.0,0.0
snap_bitcoin_otc,20,21492,rho,15,NA,0.0,0.0
snap_bitcoin_otc,20,21492,rho,16,NA,0.0,0.0
snap_bitcoin_otc,20,21492,rho,17,NA,0.0,0.0
snap_bitcoin_otc,20,21492,rho,18,NA,0.0,0.0
snap_bitcoin_otc,20,21492,rho,19,NA,0.0,0.0
snap_bitcoin_otc,20,21492,rho,20,NA,0.0,0.0
snap_bitcoin_otc,20,21492,mean_P,NA,NA,0.05283361250697935,NA
snap_bitcoin_otc,20,21492,median_P,NA,NA,0.05,NA
snap_bitcoin_otc,20,21492,relative_survival,4,0.2,0.0,0.0
snap_bitcoin_otc,20,21492,relative_survival,8,0.4,0.0,0.0
snap_bitcoin_otc,20,21492,relative_survival,12,0.6,0.0,0.0
snap_bitcoin_otc,20,21492,relative_survival,16,0.8,0.0,0.0
snap_bitcoin_otc,20,21492,relative_survival,20,1.0,0.0,0.0
nr_radoslaw_email,2,3250,rho,2,NA,0.45815384615384613,0.8513846153846154
nr_radoslaw_email,2,3250,mean_P,NA,NA,0.7290769230769231,NA
nr_radoslaw_email,2,3250,median_P,NA,NA,0.5,NA
nr_radoslaw_email,2,3250,relative_survival,1,0.2,1.0,1.0
nr_radoslaw_email,2,3250,relative_survival,1,0.4,1.0,1.0
nr_radoslaw_email,2,3250,relative_survival,2,0.6,0.45815384615384613,0.8513846153846154
nr_radoslaw_email,2,3250,relative_survival,2,0.8,0.45815384615384613,0.8513846153846154
nr_radoslaw_email,2,3250,relative_survival,2,1.0,0.45815384615384613,0.8513846153846154
nr_radoslaw_email,3,3250,rho,2,NA,0.5061538461538462,0.8513846153846154
nr_radoslaw_email,3,3250,rho,3,NA,0.30923076923076925,0.6061538461538462
nr_radoslaw_email,3,3250,mean_P,NA,NA,0.6051282051282051,NA
nr_radoslaw_email,3,3250,median_P,NA,NA,0.6666666666666666,NA
nr_radoslaw_email,3,3250,relative_survival,1,0.2,1.0,1.0
nr_radoslaw_email,3,3250,relative_survival,2,0.4,0.5061538461538462,0.8513846153846154
nr_radoslaw_email,3,3250,relative_survival,2,0.6,0.5061538461538462,0.8513846153846154
nr_radoslaw_email,3,3250,relative_survival,3,0.8,0.30923076923076925,0.6061538461538462
nr_radoslaw_email,3,3250,relative_survival,3,1.0,0.30923076923076925,0.6061538461538462
nr_radoslaw_email,4,3250,rho,2,NA,0.5326153846153846,0.8513846153846154
nr_radoslaw_email,4,3250,rho,3,NA,0.35446153846153844,0.6061538461538462
nr_radoslaw_email,4,3250,rho,4,NA,0.24215384615384616,0.5627692307692308
nr_radoslaw_email,4,3250,mean_P,NA,NA,0.5323076923076923,NA
nr_radoslaw_email,4,3250,median_P,NA,NA,0.5,NA
nr_radoslaw_email,4,3250,relative_survival,1,0.2,1.0,1.0
nr_radoslaw_email,4,3250,relative_survival,2,0.4,0.5326153846153846,0.8513846153846154
nr_radoslaw_email,4,3250,relative_survival,3,0.6,0.35446153846153844,0.6061538461538462
nr_radoslaw_email,4,3250,relative_survival,4,0.8,0.24215384615384616,0.5627692307692308
nr_radoslaw_email,4,3250,relative_survival,4,1.0,0.24215384615384616,0.5627692307692308
nr_radoslaw_email,5,3250,rho,2,NA,0.5510769230769231,0.8513846153846154
nr_radoslaw_email,5,3250,rho,3,NA,0.3756923076923077,0.6061538461538462
nr_radoslaw_email,5,3250,rho,4,NA,0.28523076923076923,0.5627692307692308
nr_radoslaw_email,5,3250,rho,5,NA,0.19692307692307692,0.48307692307692307
nr_radoslaw_email,5,3250,mean_P,NA,NA,0.4817846153846154,NA
nr_radoslaw_email,5,3250,median_P,NA,NA,0.4,NA
nr_radoslaw_email,5,3250,relative_survival,1,0.2,1.0,1.0
nr_radoslaw_email,5,3250,relative_survival,2,0.4,0.5510769230769231,0.8513846153846154
nr_radoslaw_email,5,3250,relative_survival,3,0.6,0.3756923076923077,0.6061538461538462
nr_radoslaw_email,5,3250,relative_survival,4,0.8,0.28523076923076923,0.5627692307692308
nr_radoslaw_email,5,3250,relative_survival,5,1.0,0.19692307692307692,0.48307692307692307
nr_radoslaw_email,6,3250,rho,2,NA,0.5683076923076923,0.8513846153846154
nr_radoslaw_email,6,3250,rho,3,NA,0.3953846153846154,0.6061538461538462
nr_radoslaw_email,6,3250,rho,4,NA,0.3046153846153846,0.5627692307692308
nr_radoslaw_email,6,3250,rho,5,NA,0.2353846153846154,0.48307692307692307
nr_radoslaw_email,6,3250,rho,6,NA,0.16615384615384615,0.4556923076923077
nr_radoslaw_email,6,3250,mean_P,NA,NA,0.444974358974359,NA
nr_radoslaw_email,6,3250,median_P,NA,NA,0.3333333333333333,NA
nr_radoslaw_email,6,3250,relative_survival,2,0.2,0.5683076923076923,0.8513846153846154
nr_radoslaw_email,6,3250,relative_survival,3,0.4,0.3953846153846154,0.6061538461538462
nr_radoslaw_email,6,3250,relative_survival,4,0.6,0.3046153846153846,0.5627692307692308
nr_radoslaw_email,6,3250,relative_survival,5,0.8,0.2353846153846154,0.48307692307692307
nr_radoslaw_email,6,3250,relative_survival,6,1.0,0.16615384615384615,0.4556923076923077
nr_radoslaw_email,7,3250,rho,2,NA,0.5769230769230769,0.8513846153846154
nr_radoslaw_email,7,3250,rho,3,NA,0.4043076923076923,0.6061538461538462
nr_radoslaw_email,7,3250,rho,4,NA,0.32184615384615384,0.5627692307692308
nr_radoslaw_email,7,3250,rho,5,NA,0.26153846153846155,0.48307692307692307
nr_radoslaw_email,7,3250,rho,6,NA,0.20153846153846153,0.4556923076923077
nr_radoslaw_email,7,3250,rho,7,NA,0.13230769230769232,0.41323076923076923
nr_radoslaw_email,7,3250,mean_P,NA,NA,0.41406593406593406,NA
nr_radoslaw_email,7,3250,median_P,NA,NA,0.2857142857142857,NA
nr_radoslaw_email,7,3250,relative_survival,2,0.2,0.5769230769230769,0.8513846153846154
nr_radoslaw_email,7,3250,relative_survival,3,0.4,0.4043076923076923,0.6061538461538462
nr_radoslaw_email,7,3250,relative_survival,5,0.6,0.26153846153846155,0.48307692307692307
nr_radoslaw_email,7,3250,relative_survival,6,0.8,0.20153846153846153,0.4556923076923077
nr_radoslaw_email,7,3250,relative_survival,7,1.0,0.13230769230769232,0.41323076923076923
nr_radoslaw_email,8,3250,rho,2,NA,0.58,0.8513846153846154
nr_radoslaw_email,8,3250,rho,3,NA,0.4123076923076923,0.6061538461538462
nr_radoslaw_email,8,3250,rho,4,NA,0.32953846153846156,0.5627692307692308
nr_radoslaw_email,8,3250,rho,5,NA,0.2726153846153846,0.48307692307692307
nr_radoslaw_email,8,3250,rho,6,NA,0.22,0.4556923076923077
nr_radoslaw_email,8,3250,rho,7,NA,0.16953846153846153,0.41323076923076923
nr_radoslaw_email,8,3250,rho,8,NA,0.11661538461538462,0.3966153846153846
nr_radoslaw_email,8,3250,mean_P,NA,NA,0.3875769230769231,NA
nr_radoslaw_email,8,3250,median_P,NA,NA,0.25,NA
nr_radoslaw_email,8,3250,relative_survival,2,0.2,0.58,0.8513846153846154
nr_radoslaw_email,8,3250,relative_survival,4,0.4,0.32953846153846156,0.5627692307692308
nr_radoslaw_email,8,3250,relative_survival,5,0.6,0.2726153846153846,0.48307692307692307
nr_radoslaw_email,8,3250,relative_survival,7,0.8,0.16953846153846153,0.41323076923076923
nr_radoslaw_email,8,3250,relative_survival,8,1.0,0.11661538461538462,0.3966153846153846
nr_radoslaw_email,9,3250,rho,2,NA,0.5836923076923077,0.8513846153846154
nr_radoslaw_email,9,3250,rho,3,NA,0.41723076923076924,0.6061538461538462
nr_radoslaw_email,9,3250,rho,4,NA,0.33507692307692305,0.5627692307692308
nr_radoslaw_email,9,3250,rho,5,NA,0.28307692307692306,0.48307692307692307
nr_radoslaw_email,9,3250,rho,6,NA,0.23753846153846153,0.4556923076923077
nr_radoslaw_email,9,3250,rho,7,NA,0.19138461538461538,0.41323076923076923
nr_radoslaw_email,9,3250,rho,8,NA,0.14153846153846153,0.3966153846153846
nr_radoslaw_email,9,3250,rho,9,NA,0.09138461538461538,0.3646153846153846
nr_radoslaw_email,9,3250,mean_P,NA,NA,0.36454700854700856,NA
nr_radoslaw_email,9,3250,median_P,NA,NA,0.2222222222222222,NA
nr_radoslaw_email,9,3250,relative_survival,2,0.2,0.5836923076923077,0.8513846153846154
nr_radoslaw_email,9,3250,relative_survival,4,0.4,0.33507692307692305,0.5627692307692308
nr_radoslaw_email,9,3250,relative_survival,6,0.6,0.23753846153846153,0.4556923076923077
nr_radoslaw_email,9,3250,relative_survival,8,0.8,0.14153846153846153,0.3966153846153846
nr_radoslaw_email,9,3250,relative_survival,9,1.0,0.09138461538461538,0.3646153846153846
nr_radoslaw_email,10,3250,rho,2,NA,0.5913846153846154,0.8513846153846154
nr_radoslaw_email,10,3250,rho,3,NA,0.42338461538461536,0.6061538461538462
nr_radoslaw_email,10,3250,rho,4,NA,0.3446153846153846,0.5627692307692308
nr_radoslaw_email,10,3250,rho,5,NA,0.296,0.48307692307692307
nr_radoslaw_email,10,3250,rho,6,NA,0.2473846153846154,0.4556923076923077
nr_radoslaw_email,10,3250,rho,7,NA,0.20707692307692308,0.41323076923076923
nr_radoslaw_email,10,3250,rho,8,NA,0.1683076923076923,0.3966153846153846
nr_radoslaw_email,10,3250,rho,9,NA,0.12923076923076923,0.3646153846153846
nr_radoslaw_email,10,3250,rho,10,NA,0.07753846153846154,0.34984615384615386
nr_radoslaw_email,10,3250,mean_P,NA,NA,0.3484923076923077,NA
nr_radoslaw_email,10,3250,median_P,NA,NA,0.2,NA
nr_radoslaw_email,10,3250,relative_survival,2,0.2,0.5913846153846154,0.8513846153846154
nr_radoslaw_email,10,3250,relative_survival,4,0.4,0.3446153846153846,0.5627692307692308
nr_radoslaw_email,10,3250,relative_survival,6,0.6,0.2473846153846154,0.4556923076923077
nr_radoslaw_email,10,3250,relative_survival,8,0.8,0.1683076923076923,0.3966153846153846
nr_radoslaw_email,10,3250,relative_survival,10,1.0,0.07753846153846154,0.34984615384615386
nr_radoslaw_email,11,3250,rho,2,NA,0.616,0.8513846153846154
nr_radoslaw_email,11,3250,rho,3,NA,0.42923076923076925,0.6061538461538462
nr_radoslaw_email,11,3250,rho,4,NA,0.34923076923076923,0.5627692307692308
nr_radoslaw_email,11,3250,rho,5,NA,0.29446153846153844,0.48307692307692307
nr_radoslaw_email,11,3250,rho,6,NA,0.24984615384615386,0.4556923076923077
nr_radoslaw_email,11,3250,rho,7,NA,0.21476923076923077,0.41323076923076923
nr_radoslaw_email,11,3250,rho,8,NA,0.17661538461538462,0.3966153846153846
nr_radoslaw_email,11,3250,rho,9,NA,0.14523076923076922,0.3646153846153846
nr_radoslaw_email,11,3250,rho,10,NA,0.10184615384615385,0.34984615384615386
nr_radoslaw_email,11,3250,rho,11,NA,0.06338461538461539,0.32861538461538464
nr_radoslaw_email,11,3250,mean_P,NA,NA,0.33096503496503493,NA
nr_radoslaw_email,11,3250,median_P,NA,NA,0.18181818181818182,NA
nr_radoslaw_email,11,3250,relative_survival,3,0.2,0.42923076923076925,0.6061538461538462
nr_radoslaw_email,11,3250,relative_survival,5,0.4,0.29446153846153844,0.48307692307692307
nr_radoslaw_email,11,3250,relative_survival,7,0.6,0.21476923076923077,0.41323076923076923
nr_radoslaw_email,11,3250,relative_survival,9,0.8,0.14523076923076922,0.3646153846153846
nr_radoslaw_email,11,3250,relative_survival,11,1.0,0.06338461538461539,0.32861538461538464
nr_radoslaw_email,12,3250,rho,2,NA,0.6190769230769231,0.8513846153846154
nr_radoslaw_email,12,3250,rho,3,NA,0.4329230769230769,0.6061538461538462
nr_radoslaw_email,12,3250,rho,4,NA,0.35292307692307695,0.5627692307692308
nr_radoslaw_email,12,3250,rho,5,NA,0.3018461538461538,0.48307692307692307
nr_radoslaw_email,12,3250,rho,6,NA,0.2603076923076923,0.4556923076923077
nr_radoslaw_email,12,3250,rho,7,NA,0.2276923076923077,0.41323076923076923
nr_radoslaw_email,12,3250,rho,8,NA,0.1963076923076923,0.3966153846153846
nr_radoslaw_email,12,3250,rho,9,NA,0.16430769230769232,0.3646153846153846
nr_radoslaw_email,12,3250,rho,10,NA,0.1236923076923077,0.34984615384615386
nr_radoslaw_email,12,3250,rho,11,NA,0.09015384615384615,0.32861538461538464
nr_radoslaw_email,12,3250,rho,12,NA,0.06092307692307692,0.3221538461538462
nr_radoslaw_email,12,3250,mean_P,NA,NA,0.31917948717948724,NA
nr_radoslaw_email,12,3250,median_P,NA,NA,0.16666666666666666,NA
nr_radoslaw_email,12,3250,relative_survival,3,0.2,0.4329230769230769,0.6061538461538462
nr_radoslaw_email,12,3250,relative_survival,5,0.4,0.3018461538461538,0.48307692307692307
nr_radoslaw_email,12,3250,relative_survival,8,0.6,0.1963076923076923,0.3966153846153846
nr_radoslaw_email,12,3250,relative_survival,10,0.8,0.1236923076923077,0.34984615384615386
nr_radoslaw_email,12,3250,relative_survival,12,1.0,0.06092307692307692,0.3221538461538462
nr_radoslaw_email,13,3250,rho,2,NA,0.6126153846153846,0.8513846153846154
nr_radoslaw_email,13,3250,rho,3,NA,0.43538461538461537,0.6061538461538462
nr_radoslaw_email,13,3250,rho,4,NA,0.36246153846153845,0.5627692307692308
nr_radoslaw_email,13,3250,rho,5,NA,0.3070769230769231,0.48307692307692307
nr_radoslaw_email,13,3250,rho,6,NA,0.26492307692307693,0.4556923076923077
nr_radoslaw_email,13,3250,rho,7,NA,0.232,0.41323076923076923
nr_radoslaw_email,13,3250,rho,8,NA,0.2,0.3966153846153846
nr_radoslaw_email,13,3250,rho,9,NA,0.16984615384615384,0.3646153846153846
nr_radoslaw_email,13,3250,rho,10,NA,0.136,0.34984615384615386
nr_radoslaw_email,13,3250,rho,11,NA,0.10430769230769231,0.32861538461538464
nr_radoslaw_email,13,3250,rho,12,NA,0.07538461538461538,0.3221538461538462
nr_radoslaw_email,13,3250,rho,13,NA,0.04892307692307692,0.3083076923076923
nr_radoslaw_email,13,3250,mean_P,NA,NA,0.30376331360946746,NA
nr_radoslaw_email,13,3250,median_P,NA,NA,0.15384615384615385,NA
nr_radoslaw_email,13,3250,relative_survival,3,0.2,0.43538461538461537,0.6061538461538462
nr_radoslaw_email,13,3250,relative_survival,6,0.4,0.26492307692307693,0.4556923076923077
nr_radoslaw_email,13,3250,relative_survival,8,0.6,0.2,0.3966153846153846
nr_radoslaw_email,13,3250,relative_survival,11,0.8,0.10430769230769231,0.32861538461538464
nr_radoslaw_email,13,3250,relative_survival,13,1.0,0.04892307692307692,0.3083076923076923
nr_radoslaw_email,14,3250,rho,2,NA,0.6212307692307693,0.8513846153846154
nr_radoslaw_email,14,3250,rho,3,NA,0.44,0.6061538461538462
nr_radoslaw_email,14,3250,rho,4,NA,0.364,0.5627692307692308
nr_radoslaw_email,14,3250,rho,5,NA,0.31046153846153846,0.48307692307692307
nr_radoslaw_email,14,3250,rho,6,NA,0.26892307692307693,0.4556923076923077
nr_radoslaw_email,14,3250,rho,7,NA,0.236,0.41323076923076923
nr_radoslaw_email,14,3250,rho,8,NA,0.208,0.3966153846153846
nr_radoslaw_email,14,3250,rho,9,NA,0.17753846153846153,0.3646153846153846
nr_radoslaw_email,14,3250,rho,10,NA,0.14953846153846154,0.34984615384615386
nr_radoslaw_email,14,3250,rho,11,NA,0.11784615384615385,0.32861538461538464
nr_radoslaw_email,14,3250,rho,12,NA,0.09076923076923077,0.3221538461538462
nr_radoslaw_email,14,3250,rho,13,NA,0.07138461538461538,0.3083076923076923
nr_radoslaw_email,14,3250,rho,14,NA,0.04461538461538461,0.2987692307692308
nr_radoslaw_email,14,3250,mean_P,NA,NA,0.2928791208791209,NA
nr_radoslaw_email,14,3250,median_P,NA,NA,0.14285714285714285,NA
nr_radoslaw_email,14,3250,relative_survival,3,0.2,0.44,0.6061538461538462
nr_radoslaw_email,14,3250,relative_survival,6,0.4,0.26892307692307693,0.4556923076923077
nr_radoslaw_email,14,3250,relative_survival,9,0.6,0.17753846153846153,0.3646153846153846
nr_radoslaw_email,14,3250,relative_survival,12,0.8,0.09076923076923077,0.3221538461538462
nr_radoslaw_email,14,3250,relative_survival,14,1.0,0.04461538461538461,0.2987692307692308
nr_radoslaw_email,15,3250,rho,2,NA,0.6015384615384616,0.8513846153846154
nr_radoslaw_email,15,3250,rho,3,NA,0.43876923076923074,0.6061538461538462
nr_radoslaw_email,15,3250,rho,4,NA,0.36215384615384616,0.5627692307692308
nr_radoslaw_email,15,3250,rho,5,NA,0.3141538461538462,0.48307692307692307
nr_radoslaw_email,15,3250,rho,6,NA,0.27384615384615385,0.4556923076923077
nr_radoslaw_email,15,3250,rho,7,NA,0.23876923076923076,0.41323076923076923
nr_radoslaw_email,15,3250,rho,8,NA,0.2113846153846154,0.3966153846153846
nr_radoslaw_email,15,3250,rho,9,NA,0.18584615384615386,0.3646153846153846
nr_radoslaw_email,15,3250,rho,10,NA,0.15630769230769231,0.34984615384615386
nr_radoslaw_email,15,3250,rho,11,NA,0.13076923076923078,0.32861538461538464
nr_radoslaw_email,15,3250,rho,12,NA,0.1036923076923077,0.3221538461538462
nr_radoslaw_email,15,3250,rho,13,NA,0.07907692307692307,0.3083076923076923
nr_radoslaw_email,15,3250,rho,14,NA,0.06,0.2987692307692308
nr_radoslaw_email,15,3250,rho,15,NA,0.044,0.2815384615384615
nr_radoslaw_email,15,3250,mean_P,NA,NA,0.2800205128205128,NA
nr_radoslaw_email,15,3250,median_P,NA,NA,0.13333333333333333,NA
nr_radoslaw_email,15,3250,relative_survival,3,0.2,0.43876923076923074,0.6061538461538462
nr_radoslaw_email,15,3250,relative_survival,6,0.4,0.27384615384615385,0.4556923076923077
nr_radoslaw_email,15,3250,relative_survival,9,0.6,0.18584615384615386,0.3646153846153846
nr_radoslaw_email,15,3250,relative_survival,12,0.8,0.1036923076923077,0.3221538461538462
nr_radoslaw_email,15,3250,relative_survival,15,1.0,0.044,0.2815384615384615
nr_radoslaw_email,16,3250,rho,2,NA,0.6033846153846154,0.8513846153846154
nr_radoslaw_email,16,3250,rho,3,NA,0.44246153846153846,0.6061538461538462
nr_radoslaw_email,16,3250,rho,4,NA,0.3689230769230769,0.5627692307692308
nr_radoslaw_email,16,3250,rho,5,NA,0.3172307692307692,0.48307692307692307
nr_radoslaw_email,16,3250,rho,6,NA,0.2775384615384615,0.4556923076923077
nr_radoslaw_email,16,3250,rho,7,NA,0.244,0.41323076923076923
nr_radoslaw_email,16,3250,rho,8,NA,0.2153846153846154,0.3966153846153846
nr_radoslaw_email,16,3250,rho,9,NA,0.18830769230769231,0.3646153846153846
nr_radoslaw_email,16,3250,rho,10,NA,0.15876923076923077,0.34984615384615386
nr_radoslaw_email,16,3250,rho,11,NA,0.13107692307692306,0.32861538461538464
nr_radoslaw_email,16,3250,rho,12,NA,0.11015384615384616,0.3221538461538462
nr_radoslaw_email,16,3250,rho,13,NA,0.08953846153846154,0.3083076923076923
nr_radoslaw_email,16,3250,rho,14,NA,0.07353846153846154,0.2987692307692308
nr_radoslaw_email,16,3250,rho,15,NA,0.05723076923076923,0.2815384615384615
nr_radoslaw_email,16,3250,rho,16,NA,0.04,0.2753846153846154
nr_radoslaw_email,16,3250,mean_P,NA,NA,0.26984615384615385,NA
nr_radoslaw_email,16,3250,median_P,NA,NA,0.125,NA
nr_radoslaw_email,16,3250,relative_survival,4,0.2,0.3689230769230769,0.5627692307692308
nr_radoslaw_email,16,3250,relative_survival,7,0.4,0.244,0.41323076923076923
nr_radoslaw_email,16,3250,relative_survival,10,0.6,0.15876923076923077,0.34984615384615386
nr_radoslaw_email,16,3250,relative_survival,13,0.8,0.08953846153846154,0.3083076923076923
nr_radoslaw_email,16,3250,relative_survival,16,1.0,0.04,0.2753846153846154
nr_radoslaw_email,17,3250,rho,2,NA,0.6086153846153847,0.8513846153846154
nr_radoslaw_email,17,3250,rho,3,NA,0.444,0.6061538461538462
nr_radoslaw_email,17,3250,rho,4,NA,0.368,0.5627692307692308
nr_radoslaw_email,17,3250,rho,5,NA,0.31846153846153846,0.48307692307692307
nr_radoslaw_email,17,3250,rho,6,NA,0.2796923076923077,0.4556923076923077
nr_radoslaw_email,17,3250,rho,7,NA,0.2489230769230769,0.41323076923076923
nr_radoslaw_email,17,3250,rho,8,NA,0.2163076923076923,0.3966153846153846
nr_radoslaw_email,17,3250,rho,9,NA,0.19507692307692306,0.3646153846153846
nr_radoslaw_email,17,3250,rho,10,NA,0.16338461538461538,0.34984615384615386
nr_radoslaw_email,17,3250,rho,11,NA,0.13784615384615384,0.32861538461538464
nr_radoslaw_email,17,3250,rho,12,NA,0.1163076923076923,0.3221538461538462
nr_radoslaw_email,17,3250,rho,13,NA,0.09538461538461539,0.3083076923076923
nr_radoslaw_email,17,3250,rho,14,NA,0.07876923076923077,0.2987692307692308
nr_radoslaw_email,17,3250,rho,15,NA,0.06584615384615385,0.2815384615384615
nr_radoslaw_email,17,3250,rho,16,NA,0.052307692307692305,0.2753846153846154
nr_radoslaw_email,17,3250,rho,17,NA,0.035076923076923075,0.2670769230769231
nr_radoslaw_email,17,3250,mean_P,NA,NA,0.26023529411764706,NA
nr_radoslaw_email,17,3250,median_P,NA,NA,0.11764705882352941,NA
nr_radoslaw_email,17,3250,relative_survival,4,0.2,0.368,0.5627692307692308
nr_radoslaw_email,17,3250,relative_survival,7,0.4,0.2489230769230769,0.41323076923076923
nr_radoslaw_email,17,3250,relative_survival,11,0.6,0.13784615384615384,0.32861538461538464
nr_radoslaw_email,17,3250,relative_survival,14,0.8,0.07876923076923077,0.2987692307692308
nr_radoslaw_email,17,3250,relative_survival,17,1.0,0.035076923076923075,0.2670769230769231
nr_radoslaw_email,18,3250,rho,2,NA,0.6086153846153847,0.8513846153846154
nr_radoslaw_email,18,3250,rho,3,NA,0.4473846153846154,0.6061538461538462
nr_radoslaw_email,18,3250,rho,4,NA,0.3698461538461538,0.5627692307692308
nr_radoslaw_email,18,3250,rho,5,NA,0.31876923076923075,0.48307692307692307
nr_radoslaw_email,18,3250,rho,6,NA,0.284,0.4556923076923077
nr_radoslaw_email,18,3250,rho,7,NA,0.24984615384615386,0.41323076923076923
nr_radoslaw_email,18,3250,rho,8,NA,0.22584615384615384,0.3966153846153846
nr_radoslaw_email,18,3250,rho,9,NA,0.2,0.3646153846153846
nr_radoslaw_email,18,3250,rho,10,NA,0.1686153846153846,0.34984615384615386
nr_radoslaw_email,18,3250,rho,11,NA,0.14676923076923076,0.32861538461538464
nr_radoslaw_email,18,3250,rho,12,NA,0.12523076923076923,0.3221538461538462
nr_radoslaw_email,18,3250,rho,13,NA,0.10492307692307692,0.3083076923076923
nr_radoslaw_email,18,3250,rho,14,NA,0.09015384615384615,0.2987692307692308
nr_radoslaw_email,18,3250,rho,15,NA,0.07384615384615385,0.2815384615384615
nr_radoslaw_email,18,3250,rho,16,NA,0.06061538461538461,0.2753846153846154
nr_radoslaw_email,18,3250,rho,17,NA,0.04584615384615385,0.2670769230769231
nr_radoslaw_email,18,3250,rho,18,NA,0.03230769230769231,0.2603076923076923
nr_radoslaw_email,18,3250,mean_P,NA,NA,0.2529230769230769,NA
nr_radoslaw_email,18,3250,median_P,NA,NA,0.1111111111111111,NA
nr_radoslaw_email,18,3250,relative_survival,4,0.2,0.3698461538461538,0.5627692307692308
nr_radoslaw_email,18,3250,relative_survival,8,0.4,0.22584615384615384,0.3966153846153846
nr_radoslaw_email,18,3250,relative_survival,11,0.6,0.14676923076923076,0.32861538461538464
nr_radoslaw_email,18,3250,relative_survival,15,0.8,0.07384615384615385,0.2815384615384615
nr_radoslaw_email,18,3250,relative_survival,18,1.0,0.03230769230769231,0.2603076923076923
nr_radoslaw_email,19,3250,rho,2,NA,0.6073846153846154,0.8513846153846154
nr_radoslaw_email,19,3250,rho,3,NA,0.45076923076923076,0.6061538461538462
nr_radoslaw_email,19,3250,rho,4,NA,0.37415384615384617,0.5627692307692308
nr_radoslaw_email,19,3250,rho,5,NA,0.3221538461538462,0.48307692307692307
nr_radoslaw_email,19,3250,rho,6,NA,0.28523076923076923,0.4556923076923077
nr_radoslaw_email,19,3250,rho,7,NA,0.2529230769230769,0.41323076923076923
nr_radoslaw_email,19,3250,rho,8,NA,0.22892307692307692,0.3966153846153846
nr_radoslaw_email,19,3250,rho,9,NA,0.20492307692307693,0.3646153846153846
nr_radoslaw_email,19,3250,rho,10,NA,0.17507692307692307,0.34984615384615386
nr_radoslaw_email,19,3250,rho,11,NA,0.1513846153846154,0.32861538461538464
nr_radoslaw_email,19,3250,rho,12,NA,0.12738461538461537,0.3221538461538462
nr_radoslaw_email,19,3250,rho,13,NA,0.112,0.3083076923076923
nr_radoslaw_email,19,3250,rho,14,NA,0.09415384615384616,0.2987692307692308
nr_radoslaw_email,19,3250,rho,15,NA,0.07846153846153846,0.2815384615384615
nr_radoslaw_email,19,3250,rho,16,NA,0.06861538461538462,0.2753846153846154
nr_radoslaw_email,19,3250,rho,17,NA,0.05692307692307692,0.2670769230769231
nr_radoslaw_email,19,3250,rho,18,NA,0.045230769230769234,0.2603076923076923
nr_radoslaw_email,19,3250,rho,19,NA,0.028,0.25046153846153846
nr_radoslaw_email,19,3250,mean_P,NA,NA,0.2454574898785425,NA
nr_radoslaw_email,19,3250,median_P,NA,NA,0.10526315789473684,NA
nr_radoslaw_email,19,3250,relative_survival,4,0.2,0.37415384615384617,0.5627692307692308
nr_radoslaw_email,19,3250,relative_survival,8,0.4,0.22892307692307692,0.3966153846153846
nr_radoslaw_email,19,3250,relative_survival,12,0.6,0.12738461538461537,0.3221538461538462
nr_radoslaw_email,19,3250,relative_survival,16,0.8,0.06861538461538462,0.2753846153846154
nr_radoslaw_email,19,3250,relative_survival,19,1.0,0.028,0.25046153846153846
nr_radoslaw_email,20,3250,rho,2,NA,0.6138461538461538,0.8513846153846154
nr_radoslaw_email,20,3250,rho,3,NA,0.45384615384615384,0.6061538461538462
nr_radoslaw_email,20,3250,rho,4,NA,0.3781538461538462,0.5627692307692308
nr_radoslaw_email,20,3250,rho,5,NA,0.32646153846153847,0.48307692307692307
nr_radoslaw_email,20,3250,rho,6,NA,0.2916923076923077,0.4556923076923077
nr_radoslaw_email,20,3250,rho,7,NA,0.2553846153846154,0.41323076923076923
nr_radoslaw_email,20,3250,rho,8,NA,0.22923076923076924,0.3966153846153846
nr_radoslaw_email,20,3250,rho,9,NA,0.20984615384615385,0.3646153846153846
nr_radoslaw_email,20,3250,rho,10,NA,0.17969230769230768,0.34984615384615386
nr_radoslaw_email,20,3250,rho,11,NA,0.15661538461538463,0.32861538461538464
nr_radoslaw_email,20,3250,rho,12,NA,0.1363076923076923,0.3221538461538462
nr_radoslaw_email,20,3250,rho,13,NA,0.11723076923076924,0.3083076923076923
nr_radoslaw_email,20,3250,rho,14,NA,0.10338461538461538,0.2987692307692308
nr_radoslaw_email,20,3250,rho,15,NA,0.08738461538461538,0.2815384615384615
nr_radoslaw_email,20,3250,rho,16,NA,0.07323076923076922,0.2753846153846154
nr_radoslaw_email,20,3250,rho,17,NA,0.06215384615384616,0.2670769230769231
nr_radoslaw_email,20,3250,rho,18,NA,0.052307692307692305,0.2603076923076923
nr_radoslaw_email,20,3250,rho,19,NA,0.04153846153846154,0.25046153846153846
nr_radoslaw_email,20,3250,rho,20,NA,0.02276923076923077,0.24307692307692308
nr_radoslaw_email,20,3250,mean_P,NA,NA,0.23955384615384617,NA
nr_radoslaw_email,20,3250,median_P,NA,NA,0.1,NA
nr_radoslaw_email,20,3250,relative_survival,4,0.2,0.3781538461538462,0.5627692307692308
nr_radoslaw_email,20,3250,relative_survival,8,0.4,0.22923076923076924,0.3966153846153846
nr_radoslaw_email,20,3250,relative_survival,12,0.6,0.1363076923076923,0.3221538461538462
nr_radoslaw_email,20,3250,relative_survival,16,0.8,0.07323076923076922,0.2753846153846154
nr_radoslaw_email,20,3250,relative_survival,20,1.0,0.02276923076923077,0.24307692307692308
nr_enron_employees,2,1526,rho,2,NA,0.19003931847968544,0.8722149410222805
nr_enron_employees,2,1526,mean_P,NA,NA,0.5950196592398427,NA
nr_enron_employees,2,1526,median_P,NA,NA,0.5,NA
nr_enron_employees,2,1526,relative_survival,1,0.2,1.0,1.0
nr_enron_employees,2,1526,relative_survival,1,0.4,1.0,1.0
nr_enron_employees,2,1526,relative_survival,2,0.6,0.19003931847968544,0.8722149410222805
nr_enron_employees,2,1526,relative_survival,2,0.8,0.19003931847968544,0.8722149410222805
nr_enron_employees,2,1526,relative_survival,2,1.0,0.19003931847968544,0.8722149410222805
nr_enron_employees,3,1526,rho,2,NA,0.2758846657929227,0.8722149410222805
nr_enron_employees,3,1526,rho,3,NA,0.04128440366972477,0.7398427260812582
nr_enron_employees,3,1526,mean_P,NA,NA,0.43905635648754915,NA
nr_enron_employees,3,1526,median_P,NA,NA,0.3333333333333333,NA
nr_enron_employees,3,1526,relative_survival,1,0.2,1.0,1.0
nr_enron_employees,3,1526,relative_survival,2,0.4,0.2758846657929227,0.8722149410222805
nr_enron_employees,3,1526,relative_survival,2,0.6,0.2758846657929227,0.8722149410222805
nr_enron_employees,3,1526,relative_survival,3,0.8,0.04128440366972477,0.7398427260812582
nr_enron_employees,3,1526,relative_survival,3,1.0,0.04128440366972477,0.7398427260812582
nr_enron_employees,4,1526,rho,2,NA,0.40039318479685454,0.8722149410222805
nr_enron_employees,4,1526,rho,3,NA,0.11467889908256881,0.7398427260812582
nr_enron_employees,4,1526,rho,4,NA,0.015727391874180863,0.6939711664482306
nr_enron_employees,4,1526,mean_P,NA,NA,0.382699868938401,NA
nr_enron_employees,4,1526,median_P,NA,NA,0.25,NA
nr_enron_employees,4,1526,relative_survival,1,0.2,1.0,1.0
nr_enron_employees,4,1526,relative_survival,2,0.4,0.40039318479685454,0.8722149410222805
nr_enron_employees,4,1526,relative_survival,3,0.6,0.11467889908256881,0.7398427260812582
nr_enron_employees,4,1526,relative_survival,4,0.8,0.015727391874180863,0.6939711664482306
nr_enron_employees,4,1526,relative_survival,4,1.0,0.015727391874180863,0.6939711664482306
nr_enron_employees,5,1526,rho,2,NA,0.41284403669724773,0.8722149410222805
nr_enron_employees,5,1526,rho,3,NA,0.14809960681520315,0.7398427260812582
nr_enron_employees,5,1526,rho,4,NA,0.051769331585845346,0.6939711664482306
nr_enron_employees,5,1526,rho,5,NA,0.007863695937090432,0.6290956749672346
nr_enron_employees,5,1526,mean_P,NA,NA,0.32411533420707733,NA
nr_enron_employees,5,1526,median_P,NA,NA,0.2,NA
nr_enron_employees,5,1526,relative_survival,1,0.2,1.0,1.0
nr_enron_employees,5,1526,relative_survival,2,0.4,0.41284403669724773,0.8722149410222805
nr_enron_employees,5,1526,relative_survival,3,0.6,0.14809960681520315,0.7398427260812582
nr_enron_employees,5,1526,relative_survival,4,0.8,0.051769331585845346,0.6939711664482306
nr_enron_employees,5,1526,relative_survival,5,1.0,0.007863695937090432,0.6290956749672346
nr_enron_employees,6,1526,rho,2,NA,0.4148099606815203,0.8722149410222805
nr_enron_employees,6,1526,rho,3,NA,0.16972477064220184,0.7398427260812582
nr_enron_employees,6,1526,rho,4,NA,0.07404980340760157,0.6939711664482306
nr_enron_employees,6,1526,rho,5,NA,0.022935779816513763,0.6290956749672346
nr_enron_employees,6,1526,rho,6,NA,0.0045871559633027525,0.5753604193971167
nr_enron_employees,6,1526,mean_P,NA,NA,0.28101791175185664,NA
nr_enron_employees,6,1526,median_P,NA,NA,0.16666666666666666,NA
nr_enron_employees,6,1526,relative_survival,2,0.2,0.4148099606815203,0.8722149410222805
nr_enron_employees,6,1526,relative_survival,3,0.4,0.16972477064220184,0.7398427260812582
nr_enron_employees,6,1526,relative_survival,4,0.6,0.07404980340760157,0.6939711664482306
nr_enron_employees,6,1526,relative_survival,5,0.8,0.022935779816513763,0.6290956749672346
nr_enron_employees,6,1526,relative_survival,6,1.0,0.0045871559633027525,0.5753604193971167
nr_enron_employees,7,1526,rho,2,NA,0.4521625163826999,0.8722149410222805
nr_enron_employees,7,1526,rho,3,NA,0.21363040629095675,0.7398427260812582
nr_enron_employees,7,1526,rho,4,NA,0.08846657929226737,0.6939711664482306
nr_enron_employees,7,1526,rho,5,NA,0.04456094364351245,0.6290956749672346
nr_enron_employees,7,1526,rho,6,NA,0.014416775884665793,0.5753604193971167
nr_enron_employees,7,1526,rho,7,NA,0.003931847968545216,0.5275229357798165
nr_enron_employees,7,1526,mean_P,NA,NA,0.2595955813518067,NA
nr_enron_employees,7,1526,median_P,NA,NA,0.14285714285714285,NA
nr_enron_employees,7,1526,relative_survival,2,0.2,0.4521625163826999,0.8722149410222805
nr_enron_employees,7,1526,relative_survival,3,0.4,0.21363040629095675,0.7398427260812582
nr_enron_employees,7,1526,relative_survival,5,0.6,0.04456094364351245,0.6290956749672346
nr_enron_employees,7,1526,relative_survival,6,0.8,0.014416775884665793,0.5753604193971167
nr_enron_employees,7,1526,relative_survival,7,1.0,0.003931847968545216,0.5275229357798165
nr_enron_employees,8,1526,rho,2,NA,0.47313237221494103,0.8722149410222805
nr_enron_employees,8,1526,rho,3,NA,0.2398427260812582,0.7398427260812582
nr_enron_employees,8,1526,rho,4,NA,0.10943643512450851,0.6939711664482306
nr_enron_employees,8,1526,rho,5,NA,0.05897771952817824,0.6290956749672346
nr_enron_employees,8,1526,rho,6,NA,0.020969855832241154,0.5753604193971167
nr_enron_employees,8,1526,rho,7,NA,0.009174311926605505,0.5275229357798165
nr_enron_employees,8,1526,rho,8,NA,0.002621231979030144,0.5
nr_enron_employees,8,1526,mean_P,NA,NA,0.23926933158584535,NA
nr_enron_employees,8,1526,median_P,NA,NA,0.125,NA
nr_enron_employees,8,1526,relative_survival,2,0.2,0.47313237221494103,0.8722149410222805
nr_enron_employees,8,1526,relative_survival,4,0.4,0.10943643512450851,0.6939711664482306
nr_enron_employees,8,1526,relative_survival,5,0.6,0.05897771952817824,0.6290956749672346
nr_enron_employees,8,1526,relative_survival,7,0.8,0.009174311926605505,0.5275229357798165
nr_enron_employees,8,1526,relative_survival,8,1.0,0.002621231979030144,0.5
nr_enron_employees,9,1526,rho,2,NA,0.4737876802096986,0.8722149410222805
nr_enron_employees,9,1526,rho,3,NA,0.2346002621231979,0.7398427260812582
nr_enron_employees,9,1526,rho,4,NA,0.12123197903014417,0.6939711664482306
nr_enron_employees,9,1526,rho,5,NA,0.06815203145478375,0.6290956749672346
nr_enron_employees,9,1526,rho,6,NA,0.03800786369593709,0.5753604193971167
nr_enron_employees,9,1526,rho,7,NA,0.013761467889908258,0.5275229357798165
nr_enron_employees,9,1526,rho,8,NA,0.0045871559633027525,0.5
nr_enron_employees,9,1526,rho,9,NA,0.000655307994757536,0.47706422018348627
nr_enron_employees,9,1526,mean_P,NA,NA,0.21719819426241446,NA
nr_enron_employees,9,1526,median_P,NA,NA,0.1111111111111111,NA
nr_enron_employees,9,1526,relative_survival,2,0.2,0.4737876802096986,0.8722149410222805
nr_enron_employees,9,1526,relative_survival,4,0.4,0.12123197903014417,0.6939711664482306
nr_enron_employees,9,1526,relative_survival,6,0.6,0.03800786369593709,0.5753604193971167
nr_enron_employees,9,1526,relative_survival,8,0.8,0.0045871559633027525,0.5
nr_enron_employees,9,1526,relative_survival,9,1.0,0.000655307994757536,0.47706422018348627
nr_enron_employees,10,1526,rho,2,NA,0.4849279161205767,0.8722149410222805
nr_enron_employees,10,1526,rho,3,NA,0.25688073394495414,0.7398427260812582
nr_enron_employees,10,1526,rho,4,NA,0.13892529488859764,0.6939711664482306
nr_enron_employees,10,1526,rho,5,NA,0.08584534731323722,0.6290956749672346
nr_enron_employees,10,1526,rho,6,NA,0.047182175622542594,0.5753604193971167
nr_enron_employees,10,1526,rho,7,NA,0.022280471821756225,0.5275229357798165
nr_enron_employees,10,1526,rho,8,NA,0.009174311926605505,0.5
nr_enron_employees,10,1526,rho,9,NA,0.005242463958060288,0.47706422018348627
nr_enron_employees,10,1526,rho,10,NA,0.000655307994757536,0.4580602883355177
nr_enron_employees,10,1526,mean_P,NA,NA,0.20511140235910877,NA
nr_enron_employees,10,1526,median_P,NA,NA,0.1,NA
nr_enron_employees,10,1526,relative_survival,2,0.2,0.4849279161205767,0.8722149410222805
nr_enron_employees,10,1526,relative_survival,4,0.4,0.13892529488859764,0.6939711664482306
nr_enron_employees,10,1526,relative_survival,6,0.6,0.047182175622542594,0.5753604193971167
nr_enron_employees,10,1526,relative_survival,8,0.8,0.009174311926605505,0.5
nr_enron_employees,10,1526,relative_survival,10,1.0,0.000655307994757536,0.4580602883355177
nr_enron_employees,11,1526,rho,2,NA,0.5,0.8722149410222805
nr_enron_employees,11,1526,rho,3,NA,0.27719528178243774,0.7398427260812582
nr_enron_employees,11,1526,rho,4,NA,0.1474442988204456,0.6939711664482306
nr_enron_employees,11,1526,rho,5,NA,0.08846657929226737,0.6290956749672346
nr_enron_employees,11,1526,rho,6,NA,0.05504587155963303,0.5753604193971167
nr_enron_employees,11,1526,rho,7,NA,0.030799475753604193,0.5275229357798165
nr_enron_employees,11,1526,rho,8,NA,0.01310615989515072,0.5
nr_enron_employees,11,1526,rho,9,NA,0.007208387942332897,0.47706422018348627
nr_enron_employees,11,1526,rho,10,NA,0.00327653997378768,0.4580602883355177
nr_enron_employees,11,1526,rho,11,NA,0.000655307994757536,0.4338138925294889
nr_enron_employees,11,1526,mean_P,NA,NA,0.19301799118312882,NA
nr_enron_employees,11,1526,median_P,NA,NA,0.13636363636363635,NA
nr_enron_employees,11,1526,relative_survival,3,0.2,0.27719528178243774,0.7398427260812582
nr_enron_employees,11,1526,relative_survival,5,0.4,0.08846657929226737,0.6290956749672346
nr_enron_employees,11,1526,relative_survival,7,0.6,0.030799475753604193,0.5275229357798165
nr_enron_employees,11,1526,relative_survival,9,0.8,0.007208387942332897,0.47706422018348627
nr_enron_employees,11,1526,relative_survival,11,1.0,0.000655307994757536,0.4338138925294889
nr_enron_employees,12,1526,rho,2,NA,0.49017038007863695,0.8722149410222805
nr_enron_employees,12,1526,rho,3,NA,0.28768020969855834,0.7398427260812582
nr_enron_employees,12,1526,rho,4,NA,0.16644823066841416,0.6939711664482306
nr_enron_employees,12,1526,rho,5,NA,0.10681520314547838,0.6290956749672346
nr_enron_employees,12,1526,rho,6,NA,0.06880733944954129,0.5753604193971167
nr_enron_employees,12,1526,rho,7,NA,0.04259501965923984,0.5275229357798165
nr_enron_employees,12,1526,rho,8,NA,0.022280471821756225,0.5
nr_enron_employees,12,1526,rho,9,NA,0.009174311926605505,0.47706422018348627
nr_enron_employees,12,1526,rho,10,NA,0.0045871559633027525,0.4580602883355177
nr_enron_employees,12,1526,rho,11,NA,0.002621231979030144,0.4338138925294889
nr_enron_employees,12,1526,rho,12,NA,0.000655307994757536,0.41284403669724773
nr_enron_employees,12,1526,mean_P,NA,NA,0.1834862385321101,NA
nr_enron_employees,12,1526,median_P,NA,NA,0.08333333333333333,NA
nr_enron_employees,12,1526,relative_survival,3,0.2,0.28768020969855834,0.7398427260812582
nr_enron_employees,12,1526,relative_survival,5,0.4,0.10681520314547838,0.6290956749672346
nr_enron_employees,12,1526,relative_survival,8,0.6,0.022280471821756225,0.5
nr_enron_employees,12,1526,relative_survival,10,0.8,0.0045871559633027525,0.4580602883355177
nr_enron_employees,12,1526,relative_survival,12,1.0,0.000655307994757536,0.41284403669724773
nr_enron_employees,13,1526,rho,2,NA,0.5006553079947575,0.8722149410222805
nr_enron_employees,13,1526,rho,3,NA,0.29423328964613366,0.7398427260812582
nr_enron_employees,13,1526,rho,4,NA,0.17955439056356487,0.6939711664482306
nr_enron_employees,13,1526,rho,5,NA,0.10681520314547838,0.6290956749672346
nr_enron_employees,13,1526,rho,6,NA,0.07142857142857142,0.5753604193971167
nr_enron_employees,13,1526,rho,7,NA,0.045871559633027525,0.5275229357798165
nr_enron_employees,13,1526,rho,8,NA,0.02621231979030144,0.5
nr_enron_employees,13,1526,rho,9,NA,0.011795543905635648,0.47706422018348627
nr_enron_employees,13,1526,rho,10,NA,0.007208387942332897,0.4580602883355177
nr_enron_employees,13,1526,rho,11,NA,0.00327653997378768,0.4338138925294889
nr_enron_employees,13,1526,rho,12,NA,0.001965923984272608,0.41284403669724773
nr_enron_employees,13,1526,rho,13,NA,0.000655307994757536,0.39711664482306686
nr_enron_employees,13,1526,mean_P,NA,NA,0.17305171892327856,NA
nr_enron_employees,13,1526,median_P,NA,NA,0.15384615384615385,NA
nr_enron_employees,13,1526,relative_survival,3,0.2,0.29423328964613366,0.7398427260812582
nr_enron_employees,13,1526,relative_survival,6,0.4,0.07142857142857142,0.5753604193971167
nr_enron_employees,13,1526,relative_survival,8,0.6,0.02621231979030144,0.5
nr_enron_employees,13,1526,relative_survival,11,0.8,0.00327653997378768,0.4338138925294889
nr_enron_employees,13,1526,relative_survival,13,1.0,0.000655307994757536,0.39711664482306686
nr_enron_employees,14,1526,rho,2,NA,0.5255570117955439,0.8722149410222805
nr_enron_employees,14,1526,rho,3,NA,0.3132372214941022,0.7398427260812582
nr_enron_employees,14,1526,rho,4,NA,0.2018348623853211,0.6939711664482306
nr_enron_employees,14,1526,rho,5,NA,0.12254259501965924,0.6290956749672346
nr_enron_employees,14,1526,rho,6,NA,0.0799475753604194,0.5753604193971167
nr_enron_employees,14,1526,rho,7,NA,0.0563564875491481,0.5275229357798165
nr_enron_employees,14,1526,rho,8,NA,0.03669724770642202,0.5
nr_enron_employees,14,1526,rho,9,NA,0.019659239842726082,0.47706422018348627
nr_enron_employees,14,1526,rho,10,NA,0.010484927916120577,0.4580602883355177
nr_enron_employees,14,1526,rho,11,NA,0.007863695937090432,0.4338138925294889
nr_enron_employees,14,1526,rho,12,NA,0.003931847968545216,0.41284403669724773
nr_enron_employees,14,1526,rho,13,NA,0.001965923984272608,0.39711664482306686
nr_enron_employees,14,1526,rho,14,NA,0.000655307994757536,0.3794233289646134
nr_enron_employees,14,1526,mean_P,NA,NA,0.1700524246395806,NA
nr_enron_employees,14,1526,median_P,NA,NA,0.14285714285714285,NA
nr_enron_employees,14,1526,relative_survival,3,0.2,0.3132372214941022,0.7398427260812582
nr_enron_employees,14,1526,relative_survival,6,0.4,0.0799475753604194,0.5753604193971167
nr_enron_employees,14,1526,relative_survival,9,0.6,0.019659239842726082,0.47706422018348627
nr_enron_employees,14,1526,relative_survival,12,0.8,0.003931847968545216,0.41284403669724773
nr_enron_employees,14,1526,relative_survival,14,1.0,0.000655307994757536,0.3794233289646134
nr_enron_employees,15,1526,rho,2,NA,0.5091743119266054,0.8722149410222805
nr_enron_employees,15,1526,rho,3,NA,0.32044560943643513,0.7398427260812582
nr_enron_employees,15,1526,rho,4,NA,0.20707732634338138,0.6939711664482306
nr_enron_employees,15,1526,rho,5,NA,0.13237221494102228,0.6290956749672346
nr_enron_employees,15,1526,rho,6,NA,0.08781127129750983,0.5753604193971167
nr_enron_employees,15,1526,rho,7,NA,0.05963302752293578,0.5275229357798165
nr_enron_employees,15,1526,rho,8,NA,0.03800786369593709,0.5
nr_enron_employees,15,1526,rho,9,NA,0.026867627785058978,0.47706422018348627
nr_enron_employees,15,1526,rho,10,NA,0.011795543905635648,0.4580602883355177
nr_enron_employees,15,1526,rho,11,NA,0.007863695937090432,0.4338138925294889
nr_enron_employees,15,1526,rho,12,NA,0.005242463958060288,0.41284403669724773
nr_enron_employees,15,1526,rho,13,NA,0.002621231979030144,0.39711664482306686
nr_enron_employees,15,1526,rho,14,NA,0.001965923984272608,0.3794233289646134
nr_enron_employees,15,1526,rho,15,NA,0.000655307994757536,0.3420707732634338
nr_enron_employees,15,1526,mean_P,NA,NA,0.16076889471384884,NA
nr_enron_employees,15,1526,median_P,NA,NA,0.13333333333333333,NA
nr_enron_employees,15,1526,relative_survival,3,0.2,0.32044560943643513,0.7398427260812582
nr_enron_employees,15,1526,relative_survival,6,0.4,0.08781127129750983,0.5753604193971167
nr_enron_employees,15,1526,relative_survival,9,0.6,0.026867627785058978,0.47706422018348627
nr_enron_employees,15,1526,relative_survival,12,0.8,0.005242463958060288,0.41284403669724773
nr_enron_employees,15,1526,relative_survival,15,1.0,0.000655307994757536,0.3420707732634338
nr_enron_employees,16,1526,rho,2,NA,0.5373525557011796,0.8722149410222805
nr_enron_employees,16,1526,rho,3,NA,0.34993446920052423,0.7398427260812582
nr_enron_employees,16,1526,rho,4,NA,0.22083879423328964,0.6939711664482306
nr_enron_employees,16,1526,rho,5,NA,0.14416775884665792,0.6290956749672346
nr_enron_employees,16,1526,rho,6,NA,0.09370904325032765,0.5753604193971167
nr_enron_employees,16,1526,rho,7,NA,0.06618610747051114,0.5275229357798165
nr_enron_employees,16,1526,rho,8,NA,0.04193971166448231,0.5
nr_enron_employees,16,1526,rho,9,NA,0.03145478374836173,0.47706422018348627
nr_enron_employees,16,1526,rho,10,NA,0.019003931847968544,0.4580602883355177
nr_enron_employees,16,1526,rho,11,NA,0.009829619921363041,0.4338138925294889
nr_enron_employees,16,1526,rho,12,NA,0.005897771952817824,0.41284403669724773
nr_enron_employees,16,1526,rho,13,NA,0.00327653997378768,0.39711664482306686
nr_enron_employees,16,1526,rho,14,NA,0.002621231979030144,0.3794233289646134
nr_enron_employees,16,1526,rho,15,NA,0.001310615989515072,0.3420707732634338
nr_enron_employees,16,1526,rho,16,NA,0.000655307994757536,0.32961992136304064
nr_enron_employees,16,1526,mean_P,NA,NA,0.15801114023591087,NA
nr_enron_employees,16,1526,median_P,NA,NA,0.125,NA
nr_enron_employees,16,1526,relative_survival,4,0.2,0.22083879423328964,0.6939711664482306
nr_enron_employees,16,1526,relative_survival,7,0.4,0.06618610747051114,0.5275229357798165
nr_enron_employees,16,1526,relative_survival,10,0.6,0.019003931847968544,0.4580602883355177
nr_enron_employees,16,1526,relative_survival,13,0.8,0.00327653997378768,0.39711664482306686
nr_enron_employees,16,1526,relative_survival,16,1.0,0.000655307994757536,0.32961992136304064
nr_enron_employees,17,1526,rho,2,NA,0.5307994757536042,0.8722149410222805
nr_enron_employees,17,1526,rho,3,NA,0.336173001310616,0.7398427260812582
nr_enron_employees,17,1526,rho,4,NA,0.21363040629095675,0.6939711664482306
nr_enron_employees,17,1526,rho,5,NA,0.14416775884665792,0.6290956749672346
nr_enron_employees,17,1526,rho,6,NA,0.0982961992136304,0.5753604193971167
nr_enron_employees,17,1526,rho,7,NA,0.06946264744429882,0.5275229357798165
nr_enron_employees,17,1526,rho,8,NA,0.045871559633027525,0.5
nr_enron_employees,17,1526,rho,9,NA,0.03407601572739188,0.47706422018348627
nr_enron_employees,17,1526,rho,10,NA,0.02162516382699869,0.4580602883355177
nr_enron_employees,17,1526,rho,11,NA,0.013761467889908258,0.4338138925294889
nr_enron_employees,17,1526,rho,12,NA,0.00851900393184797,0.41284403669724773
nr_enron_employees,17,1526,rho,13,NA,0.003931847968545216,0.39711664482306686
nr_enron_employees,17,1526,rho,14,NA,0.002621231979030144,0.3794233289646134
nr_enron_employees,17,1526,rho,15,NA,0.002621231979030144,0.3420707732634338
nr_enron_employees,17,1526,rho,16,NA,0.001310615989515072,0.32961992136304064
nr_enron_employees,17,1526,rho,17,NA,0.000655307994757536,0.30799475753604194
nr_enron_employees,17,1526,mean_P,NA,NA,0.1486778197517539,NA
nr_enron_employees,17,1526,median_P,NA,NA,0.11764705882352941,NA
nr_enron_employees,17,1526,relative_survival,4,0.2,0.21363040629095675,0.6939711664482306
nr_enron_employees,17,1526,relative_survival,7,0.4,0.06946264744429882,0.5275229357798165
nr_enron_employees,17,1526,relative_survival,11,0.6,0.013761467889908258,0.4338138925294889
nr_enron_employees,17,1526,relative_survival,14,0.8,0.002621231979030144,0.3794233289646134
nr_enron_employees,17,1526,relative_survival,17,1.0,0.000655307994757536,0.30799475753604194
nr_enron_employees,18,1526,rho,2,NA,0.5131061598951507,0.8722149410222805
nr_enron_employees,18,1526,rho,3,NA,0.34600262123197906,0.7398427260812582
nr_enron_employees,18,1526,rho,4,NA,0.2306684141546527,0.6939711664482306
nr_enron_employees,18,1526,rho,5,NA,0.15006553079947577,0.6290956749672346
nr_enron_employees,18,1526,rho,6,NA,0.10878112712975098,0.5753604193971167
nr_enron_employees,18,1526,rho,7,NA,0.07536041939711664,0.5275229357798165
nr_enron_employees,18,1526,rho,8,NA,0.055701179554390565,0.5
nr_enron_employees,18,1526,rho,9,NA,0.04128440366972477,0.47706422018348627
nr_enron_employees,18,1526,rho,10,NA,0.03014416775884666,0.4580602883355177
nr_enron_employees,18,1526,rho,11,NA,0.015727391874180863,0.4338138925294889
nr_enron_employees,18,1526,rho,12,NA,0.009829619921363041,0.41284403669724773
nr_enron_employees,18,1526,rho,13,NA,0.00655307994757536,0.39711664482306686
nr_enron_employees,18,1526,rho,14,NA,0.005242463958060288,0.3794233289646134
nr_enron_employees,18,1526,rho,15,NA,0.002621231979030144,0.3420707732634338
nr_enron_employees,18,1526,rho,16,NA,0.001965923984272608,0.32961992136304064
nr_enron_employees,18,1526,rho,17,NA,0.000655307994757536,0.30799475753604194
nr_enron_employees,18,1526,rho,18,NA,0.000655307994757536,0.2981651376146789
nr_enron_employees,18,1526,mean_P,NA,NA,0.1441313528469492,NA
nr_enron_employees,18,1526,median_P,NA,NA,0.1111111111111111,NA
nr_enron_employees,18,1526,relative_survival,4,0.2,0.2306684141546527,0.6939711664482306
nr_enron_employees,18,1526,relative_survival,8,0.4,0.055701179554390565,0.5
nr_enron_employees,18,1526,relative_survival,11,0.6,0.015727391874180863,0.4338138925294889
nr_enron_employees,18,1526,relative_survival,15,0.8,0.002621231979030144,0.3420707732634338
nr_enron_employees,18,1526,relative_survival,18,1.0,0.000655307994757536,0.2981651376146789
nr_enron_employees,19,1526,rho,2,NA,0.5301441677588467,0.8722149410222805
nr_enron_employees,19,1526,rho,3,NA,0.3414154652686763,0.7398427260812582
nr_enron_employees,19,1526,rho,4,NA,0.23328964613368283,0.6939711664482306
nr_enron_employees,19,1526,rho,5,NA,0.1618610747051114,0.6290956749672346
nr_enron_employees,19,1526,rho,6,NA,0.11402359108781127,0.5753604193971167
nr_enron_employees,19,1526,rho,7,NA,0.08060288335517693,0.5275229357798165
nr_enron_employees,19,1526,rho,8,NA,0.05963302752293578,0.5
nr_enron_employees,19,1526,rho,9,NA,0.04456094364351245,0.47706422018348627
nr_enron_employees,19,1526,rho,10,NA,0.03211009174311927,0.4580602883355177
nr_enron_employees,19,1526,rho,11,NA,0.022935779816513763,0.4338138925294889
nr_enron_employees,19,1526,rho,12,NA,0.014416775884665793,0.41284403669724773
nr_enron_employees,19,1526,rho,13,NA,0.009174311926605505,0.39711664482306686
nr_enron_employees,19,1526,rho,14,NA,0.005242463958060288,0.3794233289646134
nr_enron_employees,19,1526,rho,15,NA,0.00327653997378768,0.3420707732634338
nr_enron_employees,19,1526,rho,16,NA,0.002621231979030144,0.32961992136304064
nr_enron_employees,19,1526,rho,17,NA,0.001965923984272608,0.30799475753604194
nr_enron_employees,19,1526,rho,18,NA,0.000655307994757536,0.2981651376146789
nr_enron_employees,19,1526,rho,19,NA,0.000655307994757536,0.28833551769331583
nr_enron_employees,19,1526,mean_P,NA,NA,0.13992550182796437,NA
nr_enron_employees,19,1526,median_P,NA,NA,0.10526315789473684,NA
nr_enron_employees,19,1526,relative_survival,4,0.2,0.23328964613368283,0.6939711664482306
nr_enron_employees,19,1526,relative_survival,8,0.4,0.05963302752293578,0.5
nr_enron_employees,19,1526,relative_survival,12,0.6,0.014416775884665793,0.41284403669724773
nr_enron_employees,19,1526,relative_survival,16,0.8,0.002621231979030144,0.32961992136304064
nr_enron_employees,19,1526,relative_survival,19,1.0,0.000655307994757536,0.28833551769331583
nr_enron_employees,20,1526,rho,2,NA,0.5301441677588467,0.8722149410222805
nr_enron_employees,20,1526,rho,3,NA,0.35910878112712974,0.7398427260812582
nr_enron_employees,20,1526,rho,4,NA,0.2509829619921363,0.6939711664482306
nr_enron_employees,20,1526,rho,5,NA,0.1710353866317169,0.6290956749672346
nr_enron_employees,20,1526,rho,6,NA,0.12057667103538663,0.5753604193971167
nr_enron_employees,20,1526,rho,7,NA,0.08060288335517693,0.5275229357798165
nr_enron_employees,20,1526,rho,8,NA,0.062254259501965926,0.5
nr_enron_employees,20,1526,rho,9,NA,0.04456094364351245,0.47706422018348627
nr_enron_employees,20,1526,rho,10,NA,0.0327653997378768,0.4580602883355177
nr_enron_employees,20,1526,rho,11,NA,0.02621231979030144,0.4338138925294889
nr_enron_employees,20,1526,rho,12,NA,0.019003931847968544,0.41284403669724773
nr_enron_employees,20,1526,rho,13,NA,0.010484927916120577,0.39711664482306686
nr_enron_employees,20,1526,rho,14,NA,0.007208387942332897,0.3794233289646134
nr_enron_employees,20,1526,rho,15,NA,0.005242463958060288,0.3420707732634338
nr_enron_employees,20,1526,rho,16,NA,0.002621231979030144,0.32961992136304064
nr_enron_employees,20,1526,rho,17,NA,0.002621231979030144,0.30799475753604194
nr_enron_employees,20,1526,rho,18,NA,0.001965923984272608,0.2981651376146789
nr_enron_employees,20,1526,rho,19,NA,0.000655307994757536,0.28833551769331583
nr_enron_employees,20,1526,rho,20,NA,0.000655307994757536,0.27522935779816515
nr_enron_employees,20,1526,mean_P,NA,NA,0.136435124508519,NA
nr_enron_employees,20,1526,median_P,NA,NA,0.1,NA
nr_enron_employees,20,1526,relative_survival,4,0.2,0.2509829619921363,0.6939711664482306
nr_enron_employees,20,1526,relative_survival,8,0.4,0.062254259501965926,0.5
nr_enron_employees,20,1526,relative_survival,12,0.6,0.019003931847968544,0.41284403669724773
nr_enron_employees,20,1526,relative_survival,16,0.8,0.002621231979030144,0.32961992136304064
nr_enron_employees,20,1526,relative_survival,20,1.0,0.000655307994757536,0.27522935779816515
nr_digg_reply,2,85155,rho,2,NA,0.0016910339968293114,0.01007574423110798
nr_digg_reply,2,85155,mean_P,NA,NA,0.5008455169984146,NA
nr_digg_reply,2,85155,median_P,NA,NA,0.5,NA
nr_digg_reply,2,85155,relative_survival,1,0.2,1.0,1.0
nr_digg_reply,2,85155,relative_survival,1,0.4,1.0,1.0
nr_digg_reply,2,85155,relative_survival,2,0.6,0.0016910339968293114,0.01007574423110798
nr_digg_reply,2,85155,relative_survival,2,0.8,0.0016910339968293114,0.01007574423110798
nr_digg_reply,2,85155,relative_survival,2,1.0,0.0016910339968293114,0.01007574423110798
nr_digg_reply,3,85155,rho,2,NA,0.002489577828665375,0.01007574423110798
nr_digg_reply,3,85155,rho,3,NA,7.045974986788797e-05,0.0011038694145969114
nr_digg_reply,3,85155,mean_P,NA,NA,0.3341866791928443,NA
nr_digg_reply,3,85155,median_P,NA,NA,0.3333333333333333,NA
nr_digg_reply,3,85155,relative_survival,1,0.2,1.0,1.0
nr_digg_reply,3,85155,relative_survival,2,0.4,0.002489577828665375,0.01007574423110798
nr_digg_reply,3,85155,relative_survival,2,0.6,0.002489577828665375,0.01007574423110798
nr_digg_reply,3,85155,relative_survival,3,0.8,7.045974986788797e-05,0.0011038694145969114
nr_digg_reply,3,85155,relative_survival,3,1.0,7.045974986788797e-05,0.0011038694145969114
nr_digg_reply,4,85155,rho,2,NA,0.0029123363278727027,0.01007574423110798
nr_digg_reply,4,85155,rho,3,NA,0.00011743291644647995,0.0011038694145969114
nr_digg_reply,4,85155,rho,4,NA,1.1743291644647994e-05,0.0004110152075626798
nr_digg_reply,4,85155,mean_P,NA,NA,0.25076037813399094,NA
nr_digg_reply,4,85155,median_P,NA,NA,0.25,NA
nr_digg_reply,4,85155,relative_survival,1,0.2,1.0,1.0
nr_digg_reply,4,85155,relative_survival,2,0.4,0.0029123363278727027,0.01007574423110798
nr_digg_reply,4,85155,relative_survival,3,0.6,0.00011743291644647995,0.0011038694145969114
nr_digg_reply,4,85155,relative_survival,4,0.8,1.1743291644647994e-05,0.0004110152075626798
nr_digg_reply,4,85155,relative_survival,4,1.0,1.1743291644647994e-05,0.0004110152075626798
nr_digg_reply,5,85155,rho,2,NA,0.0030649991192531266,0.01007574423110798
nr_digg_reply,5,85155,rho,3,NA,0.00011743291644647995,0.0011038694145969114
nr_digg_reply,5,85155,rho,4,NA,2.348658328929599e-05,0.0004110152075626798
nr_digg_reply,5,85155,rho,5,NA,0.0,0.00017614937466971993
nr_digg_reply,5,85155,mean_P,NA,NA,0.2006411837237978,NA
nr_digg_reply,5,85155,median_P,NA,NA,0.2,NA
nr_digg_reply,5,85155,relative_survival,1,0.2,1.0,1.0
nr_digg_reply,5,85155,relative_survival,2,0.4,0.0030649991192531266,0.01007574423110798
nr_digg_reply,5,85155,relative_survival,3,0.6,0.00011743291644647995,0.0011038694145969114
nr_digg_reply,5,85155,relative_survival,4,0.8,2.348658328929599e-05,0.0004110152075626798
nr_digg_reply,5,85155,relative_survival,5,1.0,0.0,0.00017614937466971993
nr_digg_reply,6,85155,rho,2,NA,0.0033233515354353827,0.01007574423110798
nr_digg_reply,6,85155,rho,3,NA,0.00015266279138042394,0.0011038694145969114
nr_digg_reply,6,85155,rho,4,NA,2.348658328929599e-05,0.0004110152075626798
nr_digg_reply,6,85155,rho,5,NA,0.0,0.00017614937466971993
nr_digg_reply,6,85155,rho,6,NA,0.0,0.00010568962480183196
nr_digg_reply,6,85155,mean_P,NA,NA,0.1672499168183508,NA
nr_digg_reply,6,85155,median_P,NA,NA,0.16666666666666666,NA
nr_digg_reply,6,85155,relative_survival,2,0.2,0.0033233515354353827,0.01007574423110798
nr_digg_reply,6,85155,relative_survival,3,0.4,0.00015266279138042394,0.0011038694145969114
nr_digg_reply,6,85155,relative_survival,4,0.6,2.348658328929599e-05,0.0004110152075626798
nr_digg_reply,6,85155,relative_survival,5,0.8,0.0,0.00017614937466971993
nr_digg_reply,6,85155,relative_survival,6,1.0,0.0,0.00010568962480183196
nr_digg_reply,7,85155,rho,2,NA,0.0035229874933943982,0.01007574423110798
nr_digg_reply,7,85155,rho,3,NA,0.00021137924960366392,0.0011038694145969114
nr_digg_reply,7,85155,rho,4,NA,4.697316657859198e-05,0.0004110152075626798
nr_digg_reply,7,85155,rho,5,NA,0.0,0.00017614937466971993
nr_digg_reply,7,85155,rho,6,NA,0.0,0.00010568962480183196
nr_digg_reply,7,85155,rho,7,NA,0.0,7.045974986788797e-05
nr_digg_reply,7,85155,mean_P,NA,NA,0.14339733427279663,NA
nr_digg_reply,7,85155,median_P,NA,NA,0.14285714285714285,NA
nr_digg_reply,7,85155,relative_survival,2,0.2,0.0035229874933943982,0.01007574423110798
nr_digg_reply,7,85155,relative_survival,3,0.4,0.00021137924960366392,0.0011038694145969114
nr_digg_reply,7,85155,relative_survival,5,0.6,0.0,0.00017614937466971993
nr_digg_reply,7,85155,relative_survival,6,0.8,0.0,0.00010568962480183196
nr_digg_reply,7,85155,relative_survival,7,1.0,0.0,7.045974986788797e-05
nr_digg_reply,8,85155,rho,2,NA,0.0036286771181962304,0.01007574423110798
nr_digg_reply,8,85155,rho,3,NA,0.00021137924960366392,0.0011038694145969114
nr_digg_reply,8,85155,rho,4,NA,4.697316657859198e-05,0.0004110152075626798
nr_digg_reply,8,85155,rho,5,NA,0.0,0.00017614937466971993
nr_digg_reply,8,85155,rho,6,NA,0.0,0.00010568962480183196
nr_digg_reply,8,85155,rho,7,NA,0.0,7.045974986788797e-05
nr_digg_reply,8,85155,rho,8,NA,0.0,4.697316657859198e-05
nr_digg_reply,8,85155,mean_P,NA,NA,0.1254858786917973,NA
nr_digg_reply,8,85155,median_P,NA,NA,0.125,NA
nr_digg_reply,8,85155,relative_survival,2,0.2,0.0036286771181962304,0.01007574423110798
nr_digg_reply,8,85155,relative_survival,4,0.4,4.697316657859198e-05,0.0004110152075626798
nr_digg_reply,8,85155,relative_survival,5,0.6,0.0,0.00017614937466971993
nr_digg_reply,8,85155,relative_survival,7,0.8,0.0,7.045974986788797e-05
nr_digg_reply,8,85155,relative_survival,8,1.0,0.0,4.697316657859198e-05
nr_digg_reply,9,85155,rho,2,NA,0.003887029534378486,0.01007574423110798
nr_digg_reply,9,85155,rho,3,NA,0.0002231225412483119,0.0011038694145969114
nr_digg_reply,9,85155,rho,4,NA,5.8716458223239976e-05,0.0004110152075626798
nr_digg_reply,9,85155,rho,5,NA,2.348658328929599e-05,0.00017614937466971993
nr_digg_reply,9,85155,rho,6,NA,0.0,0.00010568962480183196
nr_digg_reply,9,85155,rho,7,NA,0.0,7.045974986788797e-05
nr_digg_reply,9,85155,rho,8,NA,0.0,4.697316657859198e-05
nr_digg_reply,9,85155,rho,9,NA,0.0,2.348658328929599e-05
nr_digg_reply,9,85155,mean_P,NA,NA,0.11157692834634886,NA
nr_digg_reply,9,85155,median_P,NA,NA,0.1111111111111111,NA
nr_digg_reply,9,85155,relative_survival,2,0.2,0.003887029534378486,0.01007574423110798
nr_digg_reply,9,85155,relative_survival,4,0.4,5.8716458223239976e-05,0.0004110152075626798
nr_digg_reply,9,85155,relative_survival,6,0.6,0.0,0.00010568962480183196
nr_digg_reply,9,85155,relative_survival,8,0.8,0.0,4.697316657859198e-05
nr_digg_reply,9,85155,relative_survival,9,1.0,0.0,2.348658328929599e-05
nr_digg_reply,10,85155,rho,2,NA,0.003875286242733838,0.01007574423110798
nr_digg_reply,10,85155,rho,3,NA,0.0002466091245376079,0.0011038694145969114
nr_digg_reply,10,85155,rho,4,NA,5.8716458223239976e-05,0.0004110152075626798
nr_digg_reply,10,85155,rho,5,NA,1.1743291644647994e-05,0.00017614937466971993
nr_digg_reply,10,85155,rho,6,NA,0.0,0.00010568962480183196
nr_digg_reply,10,85155,rho,7,NA,0.0,7.045974986788797e-05
nr_digg_reply,10,85155,rho,8,NA,0.0,4.697316657859198e-05
nr_digg_reply,10,85155,rho,9,NA,0.0,2.348658328929599e-05
nr_digg_reply,10,85155,rho,10,NA,0.0,2.348658328929599e-05
nr_digg_reply,10,85155,mean_P,NA,NA,0.10041923551171394,NA
nr_digg_reply,10,85155,median_P,NA,NA,0.1,NA
nr_digg_reply,10,85155,relative_survival,2,0.2,0.003875286242733838,0.01007574423110798
nr_digg_reply,10,85155,relative_survival,4,0.4,5.8716458223239976e-05,0.0004110152075626798
nr_digg_reply,10,85155,relative_survival,6,0.6,0.0,0.00010568962480183196
nr_digg_reply,10,85155,relative_survival,8,0.8,0.0,4.697316657859198e-05
nr_digg_reply,10,85155,relative_survival,10,1.0,0.0,2.348658328929599e-05
nr_digg_reply,11,85155,rho,2,NA,0.0040162057424696146,0.01007574423110798
nr_digg_reply,11,85155,rho,3,NA,0.0002348658328929599,0.0011038694145969114
nr_digg_reply,11,85155,rho,4,NA,4.697316657859198e-05,0.0004110152075626798
nr_digg_reply,11,85155,rho,5,NA,1.1743291644647994e-05,0.00017614937466971993
nr_digg_reply,11,85155,rho,6,NA,0.0,0.00010568962480183196
nr_digg_reply,11,85155,rho,7,NA,0.0,7.045974986788797e-05
nr_digg_reply,11,85155,rho,8,NA,0.0,4.697316657859198e-05
nr_digg_reply,11,85155,rho,9,NA,0.0,2.348658328929599e-05
nr_digg_reply,11,85155,rho,10,NA,0.0,2.348658328929599e-05
nr_digg_reply,11,85155,rho,11,NA,0.0,2.348658328929599e-05
nr_digg_reply,11,85155,mean_P,NA,NA,0.09130088982123506,NA
nr_digg_reply,11,85155,median_P,NA,NA,0.09090909090909091,NA
nr_digg_reply,11,85155,relative_survival,3,0.2,0.0002348658328929599,0.0011038694145969114
nr_digg_reply,11,85155,relative_survival,5,0.4,1.1743291644647994e-05,0.00017614937466971993
nr_digg_reply,11,85155,relative_survival,7,0.6,0.0,7.045974986788797e-05
nr_digg_reply,11,85155,relative_survival,9,0.8,0.0,2.348658328929599e-05
nr_digg_reply,11,85155,relative_survival,11,1.0,0.0,2.348658328929599e-05
nr_digg_reply,12,85155,rho,2,NA,0.004027949034114262,0.01007574423110798
nr_digg_reply,12,85155,rho,3,NA,0.0003053255827608479,0.0011038694145969114
nr_digg_reply,12,85155,rho,4,NA,5.8716458223239976e-05,0.0004110152075626798
nr_digg_reply,12,85155,rho,5,NA,2.348658328929599e-05,0.00017614937466971993
nr_digg_reply,12,85155,rho,6,NA,0.0,0.00010568962480183196
nr_digg_reply,12,85155,rho,7,NA,0.0,7.045974986788797e-05
nr_digg_reply,12,85155,rho,8,NA,0.0,4.697316657859198e-05
nr_digg_reply,12,85155,rho,9,NA,0.0,2.348658328929599e-05
nr_digg_reply,12,85155,rho,10,NA,0.0,2.348658328929599e-05
nr_digg_reply,12,85155,rho,11,NA,0.0,2.348658328929599e-05
nr_digg_reply,12,85155,rho,12,NA,0.0,2.348658328929599e-05
nr_digg_reply,12,85155,mean_P,NA,NA,0.08370128980486562,NA
nr_digg_reply,12,85155,median_P,NA,NA,0.08333333333333333,NA
nr_digg_reply,12,85155,relative_survival,3,0.2,0.0003053255827608479,0.0011038694145969114
nr_digg_reply,12,85155,relative_survival,5,0.4,2.348658328929599e-05,0.00017614937466971993
nr_digg_reply,12,85155,relative_survival,8,0.6,0.0,4.697316657859198e-05
nr_digg_reply,12,85155,relative_survival,10,0.8,0.0,2.348658328929599e-05
nr_digg_reply,12,85155,relative_survival,12,1.0,0.0,2.348658328929599e-05
nr_digg_reply,13,85155,rho,2,NA,0.004168868533850038,0.01007574423110798
nr_digg_reply,13,85155,rho,3,NA,0.0002700957078269039,0.0011038694145969114
nr_digg_reply,13,85155,rho,4,NA,0.00010568962480183196,0.0004110152075626798
nr_digg_reply,13,85155,rho,5,NA,3.5229874933943984e-05,0.00017614937466971993
nr_digg_reply,13,85155,rho,6,NA,0.0,0.00010568962480183196
nr_digg_reply,13,85155,rho,7,NA,0.0,7.045974986788797e-05
nr_digg_reply,13,85155,rho,8,NA,0.0,4.697316657859198e-05
nr_digg_reply,13,85155,rho,9,NA,0.0,2.348658328929599e-05
nr_digg_reply,13,85155,rho,10,NA,0.0,2.348658328929599e-05
nr_digg_reply,13,85155,rho,11,NA,0.0,2.348658328929599e-05
nr_digg_reply,13,85155,rho,12,NA,0.0,2.348658328929599e-05
nr_digg_reply,13,85155,rho,13,NA,0.0,2.348658328929599e-05
nr_digg_reply,13,85155,mean_P,NA,NA,0.07727537567241632,NA
nr_digg_reply,13,85155,median_P,NA,NA,0.07692307692307693,NA
nr_digg_reply,13,85155,relative_survival,3,0.2,0.0002700957078269039,0.0011038694145969114
nr_digg_reply,13,85155,relative_survival,6,0.4,0.0,0.00010568962480183196
nr_digg_reply,13,85155,relative_survival,8,0.6,0.0,4.697316657859198e-05
nr_digg_reply,13,85155,relative_survival,11,0.8,0.0,2.348658328929599e-05
nr_digg_reply,13,85155,relative_survival,13,1.0,0.0,2.348658328929599e-05
nr_digg_reply,14,85155,rho,2,NA,0.004380247783453702,0.01007574423110798
nr_digg_reply,14,85155,rho,3,NA,0.00031706887440549587,0.0011038694145969114
nr_digg_reply,14,85155,rho,4,NA,9.394633315718395e-05,0.0004110152075626798
nr_digg_reply,14,85155,rho,5,NA,3.5229874933943984e-05,0.00017614937466971993
nr_digg_reply,14,85155,rho,6,NA,1.1743291644647994e-05,0.00010568962480183196
nr_digg_reply,14,85155,rho,7,NA,0.0,7.045974986788797e-05
nr_digg_reply,14,85155,rho,8,NA,0.0,4.697316657859198e-05
nr_digg_reply,14,85155,rho,9,NA,0.0,2.348658328929599e-05
nr_digg_reply,14,85155,rho,10,NA,0.0,2.348658328929599e-05
nr_digg_reply,14,85155,rho,11,NA,0.0,2.348658328929599e-05
nr_digg_reply,14,85155,rho,12,NA,0.0,2.348658328929599e-05
nr_digg_reply,14,85155,rho,13,NA,0.0,2.348658328929599e-05
nr_digg_reply,14,85155,rho,14,NA,0.0,2.348658328929599e-05
nr_digg_reply,14,85155,mean_P,NA,NA,0.07177415972554249,NA
nr_digg_reply,14,85155,median_P,NA,NA,0.07142857142857142,NA
nr_digg_reply,14,85155,relative_survival,3,0.2,0.00031706887440549587,0.0011038694145969114
nr_digg_reply,14,85155,relative_survival,6,0.4,1.1743291644647994e-05,0.00010568962480183196
nr_digg_reply,14,85155,relative_survival,9,0.6,0.0,2.348658328929599e-05
nr_digg_reply,14,85155,relative_survival,12,0.8,0.0,2.348658328929599e-05
nr_digg_reply,14,85155,relative_survival,14,1.0,0.0,2.348658328929599e-05
nr_digg_reply,15,85155,rho,2,NA,0.004074922200692855,0.01007574423110798
nr_digg_reply,15,85155,rho,3,NA,0.00031706887440549587,0.0011038694145969114
nr_digg_reply,15,85155,rho,4,NA,0.00010568962480183196,0.0004110152075626798
nr_digg_reply,15,85155,rho,5,NA,3.5229874933943984e-05,0.00017614937466971993
nr_digg_reply,15,85155,rho,6,NA,1.1743291644647994e-05,0.00010568962480183196
nr_digg_reply,15,85155,rho,7,NA,0.0,7.045974986788797e-05
nr_digg_reply,15,85155,rho,8,NA,0.0,4.697316657859198e-05
nr_digg_reply,15,85155,rho,9,NA,0.0,2.348658328929599e-05
nr_digg_reply,15,85155,rho,10,NA,0.0,2.348658328929599e-05
nr_digg_reply,15,85155,rho,11,NA,0.0,2.348658328929599e-05
nr_digg_reply,15,85155,rho,12,NA,0.0,2.348658328929599e-05
nr_digg_reply,15,85155,rho,13,NA,0.0,2.348658328929599e-05
nr_digg_reply,15,85155,rho,14,NA,0.0,2.348658328929599e-05
nr_digg_reply,15,85155,rho,15,NA,0.0,2.348658328929599e-05
nr_digg_reply,15,85155,mean_P,NA,NA,0.0669696435910986,NA
nr_digg_reply,15,85155,median_P,NA,NA,0.06666666666666667,NA
nr_digg_reply,15,85155,relative_survival,3,0.2,0.00031706887440549587,0.0011038694145969114
nr_digg_reply,15,85155,relative_survival,6,0.4,1.1743291644647994e-05,0.00010568962480183196
nr_digg_reply,15,85155,relative_survival,9,0.6,0.0,2.348658328929599e-05
nr_digg_reply,15,85155,relative_survival,12,0.8,0.0,2.348658328929599e-05
nr_digg_reply,15,85155,relative_survival,15,1.0,0.0,2.348658328929599e-05
nr_digg_reply,16,85155,rho,2,NA,0.0044389642416769425,0.01007574423110798
nr_digg_reply,16,85155,rho,3,NA,0.00032881216605014385,0.0011038694145969114
nr_digg_reply,16,85155,rho,4,NA,0.00011743291644647995,0.0004110152075626798
nr_digg_reply,16,85155,rho,5,NA,4.697316657859198e-05,0.00017614937466971993
nr_digg_reply,16,85155,rho,6,NA,1.1743291644647994e-05,0.00010568962480183196
nr_digg_reply,16,85155,rho,7,NA,1.1743291644647994e-05,7.045974986788797e-05
nr_digg_reply,16,85155,rho,8,NA,0.0,4.697316657859198e-05
nr_digg_reply,16,85155,rho,9,NA,0.0,2.348658328929599e-05
nr_digg_reply,16,85155,rho,10,NA,0.0,2.348658328929599e-05
nr_digg_reply,16,85155,rho,11,NA,0.0,2.348658328929599e-05
nr_digg_reply,16,85155,rho,12,NA,0.0,2.348658328929599e-05
nr_digg_reply,16,85155,rho,13,NA,0.0,2.348658328929599e-05
nr_digg_reply,16,85155,rho,14,NA,0.0,2.348658328929599e-05
nr_digg_reply,16,85155,rho,15,NA,0.0,2.348658328929599e-05
nr_digg_reply,16,85155,rho,16,NA,0.0,2.348658328929599e-05
nr_digg_reply,16,85155,mean_P,NA,NA,0.0628097293171276,NA
nr_digg_reply,16,85155,median_P,NA,NA,0.0625,NA
nr_digg_reply,16,85155,relative_survival,4,0.2,0.00011743291644647995,0.0004110152075626798
nr_digg_reply,16,85155,relative_survival,7,0.4,1.1743291644647994e-05,7.045974986788797e-05
nr_digg_reply,16,85155,relative_survival,10,0.6,0.0,2.348658328929599e-05
nr_digg_reply,16,85155,relative_survival,13,0.8,0.0,2.348658328929599e-05
nr_digg_reply,16,85155,relative_survival,16,1.0,0.0,2.348658328929599e-05
nr_digg_reply,17,85155,rho,2,NA,0.004403734366742998,0.01007574423110798
nr_digg_reply,17,85155,rho,3,NA,0.0002818389994715519,0.0011038694145969114
nr_digg_reply,17,85155,rho,4,NA,0.00010568962480183196,0.0004110152075626798
nr_digg_reply,17,85155,rho,5,NA,3.5229874933943984e-05,0.00017614937466971993
nr_digg_reply,17,85155,rho,6,NA,1.1743291644647994e-05,0.00010568962480183196
nr_digg_reply,17,85155,rho,7,NA,0.0,7.045974986788797e-05
nr_digg_reply,17,85155,rho,8,NA,0.0,4.697316657859198e-05
nr_digg_reply,17,85155,rho,9,NA,0.0,2.348658328929599e-05
nr_digg_reply,17,85155,rho,10,NA,0.0,2.348658328929599e-05
nr_digg_reply,17,85155,rho,11,NA,0.0,2.348658328929599e-05
nr_digg_reply,17,85155,rho,12,NA,0.0,2.348658328929599e-05
nr_digg_reply,17,85155,rho,13,NA,0.0,2.348658328929599e-05
nr_digg_reply,17,85155,rho,14,NA,0.0,2.348658328929599e-05
nr_digg_reply,17,85155,rho,15,NA,0.0,2.348658328929599e-05
nr_digg_reply,17,85155,rho,16,NA,0.0,2.348658328929599e-05
nr_digg_reply,17,85155,rho,17,NA,0.0,2.348658328929599e-05
nr_digg_reply,17,85155,mean_P,NA,NA,0.05910813153868205,NA
nr_digg_reply,17,85155,median_P,NA,NA,0.058823529411764705,NA
nr_digg_reply,17,85155,relative_survival,4,0.2,0.00010568962480183196,0.0004110152075626798
nr_digg_reply,17,85155,relative_survival,7,0.4,0.0,7.045974986788797e-05
nr_digg_reply,17,85155,relative_survival,11,0.6,0.0,2.348658328929599e-05
nr_digg_reply,17,85155,relative_survival,14,0.8,0.0,2.348658328929599e-05
nr_digg_reply,17,85155,relative_survival,17,1.0,0.0,2.348658328929599e-05
nr_digg_reply,18,85155,rho,2,NA,0.004497680699900182,0.01007574423110798
nr_digg_reply,18,85155,rho,3,NA,0.0003053255827608479,0.0011038694145969114
nr_digg_reply,18,85155,rho,4,NA,9.394633315718395e-05,0.0004110152075626798
nr_digg_reply,18,85155,rho,5,NA,3.5229874933943984e-05,0.00017614937466971993
nr_digg_reply,18,85155,rho,6,NA,1.1743291644647994e-05,0.00010568962480183196
nr_digg_reply,18,85155,rho,7,NA,0.0,7.045974986788797e-05
nr_digg_reply,18,85155,rho,8,NA,0.0,4.697316657859198e-05
nr_digg_reply,18,85155,rho,9,NA,0.0,2.348658328929599e-05
nr_digg_reply,18,85155,rho,10,NA,0.0,2.348658328929599e-05
nr_digg_reply,18,85155,rho,11,NA,0.0,2.348658328929599e-05
nr_digg_reply,18,85155,rho,12,NA,0.0,2.348658328929599e-05
nr_digg_reply,18,85155,rho,13,NA,0.0,2.348658328929599e-05
nr_digg_reply,18,85155,rho,14,NA,0.0,2.348658328929599e-05
nr_digg_reply,18,85155,rho,15,NA,0.0,2.348658328929599e-05
nr_digg_reply,18,85155,rho,16,NA,0.0,2.348658328929599e-05
nr_digg_reply,18,85155,rho,17,NA,0.0,2.348658328929599e-05
nr_digg_reply,18,85155,rho,18,NA,0.0,2.348658328929599e-05
nr_digg_reply,18,85155,mean_P,NA,NA,0.05583021809902206,NA
nr_digg_reply,18,85155,median_P,NA,NA,0.05555555555555555,NA
nr_digg_reply,18,85155,relative_survival,4,0.2,9.394633315718395e-05,0.0004110152075626798
nr_digg_reply,18,85155,relative_survival,8,0.4,0.0,4.697316657859198e-05
nr_digg_reply,18,85155,relative_survival,11,0.6,0.0,2.348658328929599e-05
nr_digg_reply,18,85155,relative_survival,15,0.8,0.0,2.348658328929599e-05
nr_digg_reply,18,85155,relative_survival,18,1.0,0.0,2.348658328929599e-05
nr_digg_reply,19,85155,rho,2,NA,0.004462450824966238,0.01007574423110798
nr_digg_reply,19,85155,rho,3,NA,0.00035229874933943986,0.0011038694145969114
nr_digg_reply,19,85155,rho,4,NA,0.00012917620809112793,0.0004110152075626798
nr_digg_reply,19,85155,rho,5,NA,4.697316657859198e-05,0.00017614937466971993
nr_digg_reply,19,85155,rho,6,NA,1.1743291644647994e-05,0.00010568962480183196
nr_digg_reply,19,85155,rho,7,NA,1.1743291644647994e-05,7.045974986788797e-05
nr_digg_reply,19,85155,rho,8,NA,0.0,4.697316657859198e-05
nr_digg_reply,19,85155,rho,9,NA,0.0,2.348658328929599e-05
nr_digg_reply,19,85155,rho,10,NA,0.0,2.348658328929599e-05
nr_digg_reply,19,85155,rho,11,NA,0.0,2.348658328929599e-05
nr_digg_reply,19,85155,rho,12,NA,0.0,2.348658328929599e-05
nr_digg_reply,19,85155,rho,13,NA,0.0,2.348658328929599e-05
nr_digg_reply,19,85155,rho,14,NA,0.0,2.348658328929599e-05
nr_digg_reply,19,85155,rho,15,NA,0.0,2.348658328929599e-05
nr_digg_reply,19,85155,rho,16,NA,0.0,2.348658328929599e-05
nr_digg_reply,19,85155,rho,17,NA,0.0,2.348658328929599e-05
nr_digg_reply,19,85155,rho,18,NA,0.0,2.348658328929599e-05
nr_digg_reply,19,85155,rho,19,NA,0.0,1.1743291644647994e-05
nr_digg_reply,19,85155,mean_P,NA,NA,0.05289549397538234,NA
nr_digg_reply,19,85155,median_P,NA,NA,0.05263157894736842,NA
nr_digg_reply,19,85155,relative_survival,4,0.2,0.00012917620809112793,0.0004110152075626798
nr_digg_reply,19,85155,relative_survival,8,0.4,0.0,4.697316657859198e-05
nr_digg_reply,19,85155,relative_survival,12,0.6,0.0,2.348658328929599e-05
nr_digg_reply,19,85155,relative_survival,16,0.8,0.0,2.348658328929599e-05
nr_digg_reply,19,85155,relative_survival,19,1.0,0.0,1.1743291644647994e-05
nr_digg_reply,20,85155,rho,2,NA,0.00456814044976807,0.01007574423110798
nr_digg_reply,20,85155,rho,3,NA,0.00036404204098408784,0.0011038694145969114
nr_digg_reply,20,85155,rho,4,NA,0.00012917620809112793,0.0004110152075626798
nr_digg_reply,20,85155,rho,5,NA,3.5229874933943984e-05,0.00017614937466971993
nr_digg_reply,20,85155,rho,6,NA,1.1743291644647994e-05,0.00010568962480183196
nr_digg_reply,20,85155,rho,7,NA,1.1743291644647994e-05,7.045974986788797e-05
nr_digg_reply,20,85155,rho,8,NA,0.0,4.697316657859198e-05
nr_digg_reply,20,85155,rho,9,NA,0.0,2.348658328929599e-05
nr_digg_reply,20,85155,rho,10,NA,0.0,2.348658328929599e-05
nr_digg_reply,20,85155,rho,11,NA,0.0,2.348658328929599e-05
nr_digg_reply,20,85155,rho,12,NA,0.0,2.348658328929599e-05
nr_digg_reply,20,85155,rho,13,NA,0.0,2.348658328929599e-05
nr_digg_reply,20,85155,rho,14,NA,0.0,2.348658328929599e-05
nr_digg_reply,20,85155,rho,15,NA,0.0,2.348658328929599e-05
nr_digg_reply,20,85155,rho,16,NA,0.0,2.348658328929599e-05
nr_digg_reply,20,85155,rho,17,NA,0.0,2.348658328929599e-05
nr_digg_reply,20,85155,rho,18,NA,0.0,2.348658328929599e-05
nr_digg_reply,20,85155,rho,19,NA,0.0,1.1743291644647994e-05
nr_digg_reply,20,85155,rho,20,NA,0.0,1.1743291644647994e-05
nr_digg_reply,20,85155,mean_P,NA,NA,0.050256003757853336,NA
nr_digg_reply,20,85155,median_P,NA,NA,0.05,NA
nr_digg_reply,20,85155,relative_survival,4,0.2,0.00012917620809112793,0.0004110152075626798
nr_digg_reply,20,85155,relative_survival,8,0.4,0.0,4.697316657859198e-05
nr_digg_reply,20,85155,relative_survival,12,0.6,0.0,2.348658328929599e-05
nr_digg_reply,20,85155,relative_survival,16,0.8,0.0,2.348658328929599e-05
nr_digg_reply,20,85155,relative_survival,20,1.0,0.0,1.1743291644647994e-05
jodie_wikipedia,2,18257,rho,2,NA,0.14892917784959195,0.4829928246699896
jodie_wikipedia,2,18257,mean_P,NA,NA,0.574464588924796,NA
jodie_wikipedia,2,18257,median_P,NA,NA,0.5,NA
jodie_wikipedia,2,18257,relative_survival,1,0.2,1.0,1.0
jodie_wikipedia,2,18257,relative_survival,1,0.4,1.0,1.0
jodie_wikipedia,2,18257,relative_survival,2,0.6,0.14892917784959195,0.4829928246699896
jodie_wikipedia,2,18257,relative_survival,2,0.8,0.14892917784959195,0.4829928246699896
jodie_wikipedia,2,18257,relative_survival,2,1.0,0.14892917784959195,0.4829928246699896
jodie_wikipedia,3,18257,rho,2,NA,0.19061182012378813,0.4829928246699896
jodie_wikipedia,3,18257,rho,3,NA,0.0666045900202662,0.32431396176808897
jodie_wikipedia,3,18257,mean_P,NA,NA,0.4190721367146847,NA
jodie_wikipedia,3,18257,median_P,NA,NA,0.3333333333333333,NA
jodie_wikipedia,3,18257,relative_survival,1,0.2,1.0,1.0
jodie_wikipedia,3,18257,relative_survival,2,0.4,0.19061182012378813,0.4829928246699896
jodie_wikipedia,3,18257,relative_survival,2,0.6,0.19061182012378813,0.4829928246699896
jodie_wikipedia,3,18257,relative_survival,3,0.8,0.0666045900202662,0.32431396176808897
jodie_wikipedia,3,18257,relative_survival,3,1.0,0.0666045900202662,0.32431396176808897
jodie_wikipedia,4,18257,rho,2,NA,0.21487648573150026,0.4829928246699896
jodie_wikipedia,4,18257,rho,3,NA,0.08982855890891166,0.32431396176808897
jodie_wikipedia,4,18257,rho,4,NA,0.03976556937065235,0.2504244947143561
jodie_wikipedia,4,18257,mean_P,NA,NA,0.33611765350276607,NA
jodie_wikipedia,4,18257,median_P,NA,NA,0.25,NA
jodie_wikipedia,4,18257,relative_survival,1,0.2,1.0,1.0
jodie_wikipedia,4,18257,relative_survival,2,0.4,0.21487648573150026,0.4829928246699896
jodie_wikipedia,4,18257,relative_survival,3,0.6,0.08982855890891166,0.32431396176808897
jodie_wikipedia,4,18257,relative_survival,4,0.8,0.03976556937065235,0.2504244947143561
jodie_wikipedia,4,18257,relative_survival,4,1.0,0.03976556937065235,0.2504244947143561
jodie_wikipedia,5,18257,rho,2,NA,0.2276387139179493,0.4829928246699896
jodie_wikipedia,5,18257,rho,3,NA,0.10642493290244838,0.32431396176808897
jodie_wikipedia,5,18257,rho,4,NA,0.05690967847948732,0.2504244947143561
jodie_wikipedia,5,18257,rho,5,NA,0.02568877690748754,0.20835843785945116
jodie_wikipedia,5,18257,mean_P,NA,NA,0.28333242044147455,NA
jodie_wikipedia,5,18257,median_P,NA,NA,0.2,NA
jodie_wikipedia,5,18257,relative_survival,1,0.2,1.0,1.0
jodie_wikipedia,5,18257,relative_survival,2,0.4,0.2276387139179493,0.4829928246699896
jodie_wikipedia,5,18257,relative_survival,3,0.6,0.10642493290244838,0.32431396176808897
jodie_wikipedia,5,18257,relative_survival,4,0.8,0.05690967847948732,0.2504244947143561
jodie_wikipedia,5,18257,relative_survival,5,1.0,0.02568877690748754,0.20835843785945116
jodie_wikipedia,6,18257,rho,2,NA,0.23716930492413868,0.4829928246699896
jodie_wikipedia,6,18257,rho,3,NA,0.11705099413923427,0.32431396176808897
jodie_wikipedia,6,18257,rho,4,NA,0.06654981650873637,0.2504244947143561
jodie_wikipedia,6,18257,rho,5,NA,0.03757462890945939,0.20835843785945116
jodie_wikipedia,6,18257,rho,6,NA,0.01796571178178233,0.18223147285972505
jodie_wikipedia,6,18257,mean_P,NA,NA,0.24605174271055852,NA
jodie_wikipedia,6,18257,median_P,NA,NA,0.16666666666666666,NA
jodie_wikipedia,6,18257,relative_survival,2,0.2,0.23716930492413868,0.4829928246699896
jodie_wikipedia,6,18257,relative_survival,3,0.4,0.11705099413923427,0.32431396176808897
jodie_wikipedia,6,18257,relative_survival,4,0.6,0.06654981650873637,0.2504244947143561
jodie_wikipedia,6,18257,relative_survival,5,0.8,0.03757462890945939,0.20835843785945116
jodie_wikipedia,6,18257,relative_survival,6,1.0,0.01796571178178233,0.18223147285972505
jodie_wikipedia,7,18257,rho,2,NA,0.24412554088842636,0.4829928246699896
jodie_wikipedia,7,18257,rho,3,NA,0.12603385003012543,0.32431396176808897
jodie_wikipedia,7,18257,rho,4,NA,0.07613518102645561,0.2504244947143561
jodie_wikipedia,7,18257,rho,5,NA,0.04748863449635756,0.20835843785945116
jodie_wikipedia,7,18257,rho,6,NA,0.027989264391740154,0.18223147285972505
jodie_wikipedia,7,18257,rho,7,NA,0.012214493071150792,0.16174617954757078
jodie_wikipedia,7,18257,mean_P,NA,NA,0.21914099484346508,NA
jodie_wikipedia,7,18257,median_P,NA,NA,0.14285714285714285,NA
jodie_wikipedia,7,18257,relative_survival,2,0.2,0.24412554088842636,0.4829928246699896
jodie_wikipedia,7,18257,relative_survival,3,0.4,0.12603385003012543,0.32431396176808897
jodie_wikipedia,7,18257,relative_survival,5,0.6,0.04748863449635756,0.20835843785945116
jodie_wikipedia,7,18257,relative_survival,6,0.8,0.027989264391740154,0.18223147285972505
jodie_wikipedia,7,18257,relative_survival,7,1.0,0.012214493071150792,0.16174617954757078
jodie_wikipedia,8,18257,rho,2,NA,0.25179383250260173,0.4829928246699896
jodie_wikipedia,8,18257,rho,3,NA,0.13288053897135346,0.32431396176808897
jodie_wikipedia,8,18257,rho,4,NA,0.08254368187544503,0.2504244947143561
jodie_wikipedia,8,18257,rho,5,NA,0.05247302404557156,0.20835843785945116
jodie_wikipedia,8,18257,rho,6,NA,0.033795256613901516,0.18223147285972505
jodie_wikipedia,8,18257,rho,7,NA,0.020047105219915647,0.16174617954757078
jodie_wikipedia,8,18257,rho,8,NA,0.009092402913950814,0.14788848113052527
jodie_wikipedia,8,18257,mean_P,NA,NA,0.19782823026784246,NA
jodie_wikipedia,8,18257,median_P,NA,NA,0.125,NA
jodie_wikipedia,8,18257,relative_survival,2,0.2,0.25179383250260173,0.4829928246699896
jodie_wikipedia,8,18257,relative_survival,4,0.4,0.08254368187544503,0.2504244947143561
jodie_wikipedia,8,18257,relative_survival,5,0.6,0.05247302404557156,0.20835843785945116
jodie_wikipedia,8,18257,relative_survival,7,0.8,0.020047105219915647,0.16174617954757078
jodie_wikipedia,8,18257,relative_survival,8,1.0,0.009092402913950814,0.14788848113052527
jodie_wikipedia,9,18257,rho,2,NA,0.2575998247247631,0.4829928246699896
jodie_wikipedia,9,18257,rho,3,NA,0.13835789012433586,0.32431396176808897
jodie_wikipedia,9,18257,rho,4,NA,0.08763761844771868,0.2504244947143561
jodie_wikipedia,9,18257,rho,5,NA,0.05921016596373994,0.20835843785945116
jodie_wikipedia,9,18257,rho,6,NA,0.04058717204359971,0.18223147285972505
jodie_wikipedia,9,18257,rho,7,NA,0.02557922988442789,0.16174617954757078
jodie_wikipedia,9,18257,rho,8,NA,0.014953168647642,0.14788848113052527
jodie_wikipedia,9,18257,rho,9,NA,0.006737141918168374,0.13693377882456045
jodie_wikipedia,9,18257,mean_P,NA,NA,0.18118469019493286,NA
jodie_wikipedia,9,18257,median_P,NA,NA,0.1111111111111111,NA
jodie_wikipedia,9,18257,relative_survival,2,0.2,0.2575998247247631,0.4829928246699896
jodie_wikipedia,9,18257,relative_survival,4,0.4,0.08763761844771868,0.2504244947143561
jodie_wikipedia,9,18257,relative_survival,6,0.6,0.04058717204359971,0.18223147285972505
jodie_wikipedia,9,18257,relative_survival,8,0.8,0.014953168647642,0.14788848113052527
jodie_wikipedia,9,18257,relative_survival,9,1.0,0.006737141918168374,0.13693377882456045
jodie_wikipedia,10,18257,rho,2,NA,0.2612696499972613,0.4829928246699896
jodie_wikipedia,10,18257,rho,3,NA,0.14334227967354987,0.32431396176808897
jodie_wikipedia,10,18257,rho,4,NA,0.09388179876211863,0.2504244947143561
jodie_wikipedia,10,18257,rho,5,NA,0.06353727337459604,0.20835843785945116
jodie_wikipedia,10,18257,rho,6,NA,0.04381880922385934,0.18223147285972505
jodie_wikipedia,10,18257,rho,7,NA,0.03154954264117873,0.16174617954757078
jodie_wikipedia,10,18257,rho,8,NA,0.01955414361614723,0.14788848113052527
jodie_wikipedia,10,18257,rho,9,NA,0.01128334337514378,0.13693377882456045
jodie_wikipedia,10,18257,rho,10,NA,0.005093936572273648,0.12784137591060962
jodie_wikipedia,10,18257,mean_P,NA,NA,0.1673330777236129,NA
jodie_wikipedia,10,18257,median_P,NA,NA,0.1,NA
jodie_wikipedia,10,18257,relative_survival,2,0.2,0.2612696499972613,0.4829928246699896
jodie_wikipedia,10,18257,relative_survival,4,0.4,0.09388179876211863,0.2504244947143561
jodie_wikipedia,10,18257,relative_survival,6,0.6,0.04381880922385934,0.18223147285972505
jodie_wikipedia,10,18257,relative_survival,8,0.8,0.01955414361614723,0.14788848113052527
jodie_wikipedia,10,18257,relative_survival,10,1.0,0.005093936572273648,0.12784137591060962
jodie_wikipedia,11,18257,rho,2,NA,0.2664183600810648,0.4829928246699896
jodie_wikipedia,11,18257,rho,3,NA,0.14788848113052527,0.32431396176808897
jodie_wikipedia,11,18257,rho,4,NA,0.09607273922331161,0.2504244947143561
jodie_wikipedia,11,18257,rho,5,NA,0.06748096620474339,0.20835843785945116
jodie_wikipedia,11,18257,rho,6,NA,0.04732431396176809,0.18223147285972505
jodie_wikipedia,11,18257,rho,7,NA,0.034671632798378704,0.16174617954757078
jodie_wikipedia,11,18257,rho,8,NA,0.023497836446294572,0.14788848113052527
jodie_wikipedia,11,18257,rho,9,NA,0.014953168647642,0.13693377882456045
jodie_wikipedia,11,18257,rho,10,NA,0.008982855890891164,0.12784137591060962
jodie_wikipedia,11,18257,rho,11,NA,0.004436654433915758,0.12017308429643424
jodie_wikipedia,11,18257,mean_P,NA,NA,0.15561154625623047,NA
jodie_wikipedia,11,18257,median_P,NA,NA,0.09090909090909091,NA
jodie_wikipedia,11,18257,relative_survival,3,0.2,0.14788848113052527,0.32431396176808897
jodie_wikipedia,11,18257,relative_survival,5,0.4,0.06748096620474339,0.20835843785945116
jodie_wikipedia,11,18257,relative_survival,7,0.6,0.034671632798378704,0.16174617954757078
jodie_wikipedia,11,18257,relative_survival,9,0.8,0.014953168647642,0.13693377882456045
jodie_wikipedia,11,18257,relative_survival,11,1.0,0.004436654433915758,0.12017308429643424
jodie_wikipedia,12,18257,rho,2,NA,0.26986909130744374,0.4829928246699896
jodie_wikipedia,12,18257,rho,3,NA,0.14914827189571123,0.32431396176808897
jodie_wikipedia,12,18257,rho,4,NA,0.09952347044969052,0.2504244947143561
jodie_wikipedia,12,18257,rho,5,NA,0.0704387358273539,0.20835843785945116
jodie_wikipedia,12,18257,rho,6,NA,0.05028208358437859,0.18223147285972505
jodie_wikipedia,12,18257,rho,7,NA,0.03708166730569097,0.16174617954757078
jodie_wikipedia,12,18257,rho,8,NA,0.026948567672673496,0.14788848113052527
jodie_wikipedia,12,18257,rho,9,NA,0.019225502546968285,0.13693377882456045
jodie_wikipedia,12,18257,rho,10,NA,0.011831078490442022,0.12784137591060962
jodie_wikipedia,12,18257,rho,11,NA,0.007065782987347319,0.12017308429643424
jodie_wikipedia,12,18257,rho,12,NA,0.0036150517609683957,0.1130525277975571
jodie_wikipedia,12,18257,mean_P,NA,NA,0.14541910865238902,NA
jodie_wikipedia,12,18257,median_P,NA,NA,0.08333333333333333,NA
jodie_wikipedia,12,18257,relative_survival,3,0.2,0.14914827189571123,0.32431396176808897
jodie_wikipedia,12,18257,relative_survival,5,0.4,0.0704387358273539,0.20835843785945116
jodie_wikipedia,12,18257,relative_survival,8,0.6,0.026948567672673496,0.14788848113052527
jodie_wikipedia,12,18257,relative_survival,10,0.8,0.011831078490442022,0.12784137591060962
jodie_wikipedia,12,18257,relative_survival,12,1.0,0.0036150517609683957,0.1130525277975571
jodie_wikipedia,13,18257,rho,2,NA,0.27107410856109987,0.4829928246699896
jodie_wikipedia,13,18257,rho,3,NA,0.15369447335268663,0.32431396176808897
jodie_wikipedia,13,18257,rho,4,NA,0.1033028427452484,0.2504244947143561
jodie_wikipedia,13,18257,rho,5,NA,0.07367037300761352,0.20835843785945116
jodie_wikipedia,13,18257,rho,6,NA,0.05362326778769787,0.18223147285972505
jodie_wikipedia,13,18257,rho,7,NA,0.03954647532453306,0.16174617954757078
jodie_wikipedia,13,18257,rho,8,NA,0.029906337295284,0.14788848113052527
jodie_wikipedia,13,18257,rho,9,NA,0.021580763542750726,0.13693377882456045
jodie_wikipedia,13,18257,rho,10,NA,0.015172262693761297,0.12784137591060962
jodie_wikipedia,13,18257,rho,11,NA,0.009640138029249056,0.12017308429643424
jodie_wikipedia,13,18257,rho,12,NA,0.005148710083803473,0.1130525277975571
jodie_wikipedia,13,18257,rho,13,NA,0.0025743550419017364,0.10697266801774662
jodie_wikipedia,13,18257,mean_P,NA,NA,0.1368410851896638,NA
jodie_wikipedia,13,18257,median_P,NA,NA,0.07692307692307693,NA
jodie_wikipedia,13,18257,relative_survival,3,0.2,0.15369447335268663,0.32431396176808897
jodie_wikipedia,13,18257,relative_survival,6,0.4,0.05362326778769787,0.18223147285972505
jodie_wikipedia,13,18257,relative_survival,8,0.6,0.029906337295284,0.14788848113052527
jodie_wikipedia,13,18257,relative_survival,11,0.8,0.009640138029249056,0.12017308429643424
jodie_wikipedia,13,18257,relative_survival,13,1.0,0.0025743550419017364,0.10697266801774662
jodie_wikipedia,14,18257,rho,2,NA,0.27425097222982964,0.4829928246699896
jodie_wikipedia,14,18257,rho,3,NA,0.15709043106753573,0.32431396176808897
jodie_wikipedia,14,18257,rho,4,NA,0.10538423618338172,0.2504244947143561
jodie_wikipedia,14,18257,rho,5,NA,0.07618995453798542,0.20835843785945116
jodie_wikipedia,14,18257,rho,6,NA,0.05729309306019609,0.18223147285972505
jodie_wikipedia,14,18257,rho,7,NA,0.04228515090102426,0.16174617954757078
jodie_wikipedia,14,18257,rho,8,NA,0.03220682477953662,0.14788848113052527
jodie_wikipedia,14,18257,rho,9,NA,0.02410034507312264,0.13693377882456045
jodie_wikipedia,14,18257,rho,10,NA,0.01823957933943145,0.12784137591060962
jodie_wikipedia,14,18257,rho,11,NA,0.01232404009421044,0.12017308429643424
jodie_wikipedia,14,18257,rho,12,NA,0.008106479706413977,0.1130525277975571
jodie_wikipedia,14,18257,rho,13,NA,0.004710521991564879,0.10697266801774662
jodie_wikipedia,14,18257,rho,14,NA,0.0023004874842526154,0.10198827846853262
jodie_wikipedia,14,18257,mean_P,NA,NA,0.1296058654606061,NA
jodie_wikipedia,14,18257,median_P,NA,NA,0.07142857142857142,NA
jodie_wikipedia,14,18257,relative_survival,3,0.2,0.15709043106753573,0.32431396176808897
jodie_wikipedia,14,18257,relative_survival,6,0.4,0.05729309306019609,0.18223147285972505
jodie_wikipedia,14,18257,relative_survival,9,0.6,0.02410034507312264,0.13693377882456045
jodie_wikipedia,14,18257,relative_survival,12,0.8,0.008106479706413977,0.1130525277975571
jodie_wikipedia,14,18257,relative_survival,14,1.0,0.0023004874842526154,0.10198827846853262
jodie_wikipedia,15,18257,rho,2,NA,0.2761132716218437,0.4829928246699896
jodie_wikipedia,15,18257,rho,3,NA,0.15867886290190064,0.32431396176808897
jodie_wikipedia,15,18257,rho,4,NA,0.10861587336364134,0.2504244947143561
jodie_wikipedia,15,18257,rho,5,NA,0.07887385660294681,0.20835843785945116
jodie_wikipedia,15,18257,rho,6,NA,0.05926493947526976,0.18223147285972505
jodie_wikipedia,15,18257,rho,7,NA,0.04529769403516459,0.16174617954757078
jodie_wikipedia,15,18257,rho,8,NA,0.034452538752259405,0.14788848113052527
jodie_wikipedia,15,18257,rho,9,NA,0.02623651202278578,0.13693377882456045
jodie_wikipedia,15,18257,rho,10,NA,0.020156652242975297,0.12784137591060962
jodie_wikipedia,15,18257,rho,11,NA,0.01391247192857534,0.12017308429643424
jodie_wikipedia,15,18257,rho,12,NA,0.009092402913950814,0.1130525277975571
jodie_wikipedia,15,18257,rho,13,NA,0.006791915429698198,0.10697266801774662
jodie_wikipedia,15,18257,rho,14,NA,0.00366982527249822,0.10198827846853262
jodie_wikipedia,15,18257,rho,15,NA,0.0016979788574245495,0.09842800021909405
jodie_wikipedia,15,18257,mean_P,NA,NA,0.12285698636139562,NA
jodie_wikipedia,15,18257,median_P,NA,NA,0.06666666666666667,NA
jodie_wikipedia,15,18257,relative_survival,3,0.2,0.15867886290190064,0.32431396176808897
jodie_wikipedia,15,18257,relative_survival,6,0.4,0.05926493947526976,0.18223147285972505
jodie_wikipedia,15,18257,relative_survival,9,0.6,0.02623651202278578,0.13693377882456045
jodie_wikipedia,15,18257,relative_survival,12,0.8,0.009092402913950814,0.1130525277975571
jodie_wikipedia,15,18257,relative_survival,15,1.0,0.0016979788574245495,0.09842800021909405
jodie_wikipedia,16,18257,rho,2,NA,0.27896149422139455,0.4829928246699896
jodie_wikipedia,16,18257,rho,3,NA,0.16169140603604096,0.32431396176808897
jodie_wikipedia,16,18257,rho,4,NA,0.11119022840554307,0.2504244947143561
jodie_wikipedia,16,18257,rho,5,NA,0.08248890836391522,0.20835843785945116
jodie_wikipedia,16,18257,rho,6,NA,0.06172974749411185,0.18223147285972505
jodie_wikipedia,16,18257,rho,7,NA,0.046119296708111955,0.16174617954757078
jodie_wikipedia,16,18257,rho,8,NA,0.036424385167333075,0.14788848113052527
jodie_wikipedia,16,18257,rho,9,NA,0.027715396834091032,0.13693377882456045
jodie_wikipedia,16,18257,rho,10,NA,0.021306895985101604,0.12784137591060962
jodie_wikipedia,16,18257,rho,11,NA,0.016048638878238482,0.12017308429643424
jodie_wikipedia,16,18257,rho,12,NA,0.011502437421263077,0.1130525277975571
jodie_wikipedia,16,18257,rho,13,NA,0.008161253217943802,0.10697266801774662
jodie_wikipedia,16,18257,rho,14,NA,0.005148710083803473,0.10198827846853262
jodie_wikipedia,16,18257,rho,15,NA,0.003395957714849099,0.09842800021909405
jodie_wikipedia,16,18257,rho,16,NA,0.001533658322835077,0.09481294845812566
jodie_wikipedia,16,18257,mean_P,NA,NA,0.11708865092841102,NA
jodie_wikipedia,16,18257,median_P,NA,NA,0.0625,NA
jodie_wikipedia,16,18257,relative_survival,4,0.2,0.11119022840554307,0.2504244947143561
jodie_wikipedia,16,18257,relative_survival,7,0.4,0.046119296708111955,0.16174617954757078
jodie_wikipedia,16,18257,relative_survival,10,0.6,0.021306895985101604,0.12784137591060962
jodie_wikipedia,16,18257,relative_survival,13,0.8,0.008161253217943802,0.10697266801774662
jodie_wikipedia,16,18257,relative_survival,16,1.0,0.001533658322835077,0.09481294845812566
jodie_wikipedia,17,18257,rho,2,NA,0.2820835843785945,0.4829928246699896
jodie_wikipedia,17,18257,rho,3,NA,0.1631155173358164,0.32431396176808897
jodie_wikipedia,17,18257,rho,4,NA,0.11299775428602728,0.2504244947143561
jodie_wikipedia,17,18257,rho,5,NA,0.08369392561757134,0.20835843785945116
jodie_wikipedia,17,18257,rho,6,NA,0.06386591444377498,0.18223147285972505
jodie_wikipedia,17,18257,rho,7,NA,0.04880319877307334,0.16174617954757078
jodie_wikipedia,17,18257,rho,8,NA,0.038067590513227806,0.14788848113052527
jodie_wikipedia,17,18257,rho,9,NA,0.028920414087747166,0.13693377882456045
jodie_wikipedia,17,18257,rho,10,NA,0.022895327819466505,0.12784137591060962
jodie_wikipedia,17,18257,rho,11,NA,0.017527523689543738,0.12017308429643424
jodie_wikipedia,17,18257,rho,12,NA,0.013748151393985868,0.1130525277975571
jodie_wikipedia,17,18257,rho,13,NA,0.009201949937010461,0.10697266801774662
jodie_wikipedia,17,18257,rho,14,NA,0.006463274360519253,0.10198827846853262
jodie_wikipedia,17,18257,rho,15,NA,0.004053239853206989,0.09842800021909405
jodie_wikipedia,17,18257,rho,16,NA,0.002519581530371912,0.09481294845812566
jodie_wikipedia,17,18257,rho,17,NA,0.0014241112997754287,0.09103357616256778
jodie_wikipedia,17,18257,mean_P,NA,NA,0.11172829760704193,NA
jodie_wikipedia,17,18257,median_P,NA,NA,0.058823529411764705,NA
jodie_wikipedia,17,18257,relative_survival,4,0.2,0.11299775428602728,0.2504244947143561
jodie_wikipedia,17,18257,relative_survival,7,0.4,0.04880319877307334,0.16174617954757078
jodie_wikipedia,17,18257,relative_survival,11,0.6,0.017527523689543738,0.12017308429643424
jodie_wikipedia,17,18257,relative_survival,14,0.8,0.006463274360519253,0.10198827846853262
jodie_wikipedia,17,18257,relative_survival,17,1.0,0.0014241112997754287,0.09103357616256778
jodie_wikipedia,18,18257,rho,2,NA,0.283179054609191,0.4829928246699896
jodie_wikipedia,18,18257,rho,3,NA,0.164484855124062,0.32431396176808897
jodie_wikipedia,18,18257,rho,4,NA,0.1148600536780413,0.2504244947143561
jodie_wikipedia,18,18257,rho,5,NA,0.08484416935969764,0.20835843785945116
jodie_wikipedia,18,18257,rho,6,NA,0.06567344032425919,0.18223147285972505
jodie_wikipedia,18,18257,rho,7,NA,0.050446404118968065,0.16174617954757078
jodie_wikipedia,18,18257,rho,8,NA,0.03960124883606288,0.14788848113052527
jodie_wikipedia,18,18257,rho,9,NA,0.0312756750835296,0.13693377882456045
jodie_wikipedia,18,18257,rho,10,NA,0.024428986142301583,0.12784137591060962
jodie_wikipedia,18,18257,rho,11,NA,0.01928027605849811,0.12017308429643424
jodie_wikipedia,18,18257,rho,12,NA,0.015227036205291122,0.1130525277975571
jodie_wikipedia,18,18257,rho,13,NA,0.010078326121487648,0.10697266801774662
jodie_wikipedia,18,18257,rho,14,NA,0.006737141918168374,0.10198827846853262
jodie_wikipedia,18,18257,rho,15,NA,0.004984389549214,0.09842800021909405
jodie_wikipedia,18,18257,rho,16,NA,0.0036150517609683957,0.09481294845812566
jodie_wikipedia,18,18257,rho,17,NA,0.002245713972722791,0.09103357616256778
jodie_wikipedia,18,18257,rho,18,NA,0.0007668291614175385,0.08769239195924851
jodie_wikipedia,18,18257,mean_P,NA,NA,0.10676270289021562,NA
jodie_wikipedia,18,18257,median_P,NA,NA,0.05555555555555555,NA
jodie_wikipedia,18,18257,relative_survival,4,0.2,0.1148600536780413,0.2504244947143561
jodie_wikipedia,18,18257,relative_survival,8,0.4,0.03960124883606288,0.14788848113052527
jodie_wikipedia,18,18257,relative_survival,11,0.6,0.01928027605849811,0.12017308429643424
jodie_wikipedia,18,18257,relative_survival,15,0.8,0.004984389549214,0.09842800021909405
jodie_wikipedia,18,18257,relative_survival,18,1.0,0.0007668291614175385,0.08769239195924851
jodie_wikipedia,19,18257,rho,2,NA,0.28328860163225067,0.4829928246699896
jodie_wikipedia,19,18257,rho,3,NA,0.16689488963137428,0.32431396176808897
jodie_wikipedia,19,18257,rho,4,NA,0.1150791477241606,0.2504244947143561
jodie_wikipedia,19,18257,rho,5,NA,0.08714465684395027,0.20835843785945116
jodie_wikipedia,19,18257,rho,6,NA,0.06742619269321357,0.18223147285972505
jodie_wikipedia,19,18257,rho,7,NA,0.05219915648792244,0.16174617954757078
jodie_wikipedia,19,18257,rho,8,NA,0.04129922769348743,0.14788848113052527
jodie_wikipedia,19,18257,rho,9,NA,0.03237114531412609,0.13693377882456045
jodie_wikipedia,19,18257,rho,10,NA,0.025360135838308595,0.12784137591060962
jodie_wikipedia,19,18257,rho,11,NA,0.020156652242975297,0.12017308429643424
jodie_wikipedia,19,18257,rho,12,NA,0.015172262693761297,0.1130525277975571
jodie_wikipedia,19,18257,rho,13,NA,0.011502437421263077,0.10697266801774662
jodie_wikipedia,19,18257,rho,14,NA,0.008270800241003452,0.10198827846853262
jodie_wikipedia,19,18257,rho,15,NA,0.005696445199101715,0.09842800021909405
jodie_wikipedia,19,18257,rho,16,NA,0.00432710741085611,0.09481294845812566
jodie_wikipedia,19,18257,rho,17,NA,0.00301254313414033,0.09103357616256778
jodie_wikipedia,19,18257,rho,18,NA,0.0017527523689543736,0.08769239195924851
jodie_wikipedia,19,18257,rho,19,NA,0.0007668291614175385,0.08489894287122747
jodie_wikipedia,19,18257,mean_P,NA,NA,0.10219584124906667,NA
jodie_wikipedia,19,18257,median_P,NA,NA,0.05263157894736842,NA
jodie_wikipedia,19,18257,relative_survival,4,0.2,0.1150791477241606,0.2504244947143561
jodie_wikipedia,19,18257,relative_survival,8,0.4,0.04129922769348743,0.14788848113052527
jodie_wikipedia,19,18257,relative_survival,12,0.6,0.015172262693761297,0.1130525277975571
jodie_wikipedia,19,18257,relative_survival,16,0.8,0.00432710741085611,0.09481294845812566
jodie_wikipedia,19,18257,relative_survival,19,1.0,0.0007668291614175385,0.08489894287122747
jodie_wikipedia,20,18257,rho,2,NA,0.2864106917894506,0.4829928246699896
jodie_wikipedia,20,18257,rho,3,NA,0.16645670153913567,0.32431396176808897
jodie_wikipedia,20,18257,rho,4,NA,0.11781782330065181,0.2504244947143561
jodie_wikipedia,20,18257,rho,5,NA,0.08906172974749411,0.20835843785945116
jodie_wikipedia,20,18257,rho,6,NA,0.06917894506216793,0.18223147285972505
jodie_wikipedia,20,18257,rho,7,NA,0.05378758832228734,0.16174617954757078
jodie_wikipedia,20,18257,rho,8,NA,0.04217560387796462,0.14788848113052527
jodie_wikipedia,20,18257,rho,9,NA,0.033795256613901516,0.13693377882456045
jodie_wikipedia,20,18257,rho,10,NA,0.027222435230322615,0.12784137591060962
jodie_wikipedia,20,18257,rho,11,NA,0.021964178123459493,0.12017308429643424
jodie_wikipedia,20,18257,rho,12,NA,0.017144109108834966,0.1130525277975571
jodie_wikipedia,20,18257,rho,13,NA,0.012817001697978857,0.10697266801774662
jodie_wikipedia,20,18257,rho,14,NA,0.009475817494659583,0.10198827846853262
jodie_wikipedia,20,18257,rho,15,NA,0.006846688941228022,0.09842800021909405
jodie_wikipedia,20,18257,rho,16,NA,0.005258257106863121,0.09481294845812566
jodie_wikipedia,20,18257,rho,17,NA,0.0035602782494385714,0.09103357616256778
jodie_wikipedia,20,18257,rho,18,NA,0.0025743550419017364,0.08769239195924851
jodie_wikipedia,20,18257,rho,19,NA,0.0014241112997754287,0.08489894287122747
jodie_wikipedia,20,18257,rho,20,NA,0.0005477351152982418,0.08226981431779591
jodie_wikipedia,20,18257,mean_P,NA,NA,0.09837596538314072,NA
jodie_wikipedia,20,18257,median_P,NA,NA,0.05,NA
jodie_wikipedia,20,18257,relative_survival,4,0.2,0.11781782330065181,0.2504244947143561
jodie_wikipedia,20,18257,relative_survival,8,0.4,0.04217560387796462,0.14788848113052527
jodie_wikipedia,20,18257,relative_survival,12,0.6,0.017144109108834966,0.1130525277975571
jodie_wikipedia,20,18257,relative_survival,16,0.8,0.005258257106863121,0.09481294845812566
jodie_wikipedia,20,18257,relative_survival,20,1.0,0.0005477351152982418,0.08226981431779591
jodie_reddit,2,78516,rho,2,NA,0.3183045493912069,0.5407942330225687
jodie_reddit,2,78516,mean_P,NA,NA,0.6591522746956034,NA
jodie_reddit,2,78516,median_P,NA,NA,0.5,NA
jodie_reddit,2,78516,relative_survival,1,0.2,1.0,1.0
jodie_reddit,2,78516,relative_survival,1,0.4,1.0,1.0
jodie_reddit,2,78516,relative_survival,2,0.6,0.3183045493912069,0.5407942330225687
jodie_reddit,2,78516,relative_survival,2,0.8,0.3183045493912069,0.5407942330225687
jodie_reddit,2,78516,relative_survival,2,1.0,0.3183045493912069,0.5407942330225687
jodie_reddit,3,78516,rho,2,NA,0.374993631871211,0.5407942330225687
jodie_reddit,3,78516,rho,3,NA,0.18309643894238117,0.3849279127821081
jodie_reddit,3,78516,mean_P,NA,NA,0.519363356937864,NA
jodie_reddit,3,78516,median_P,NA,NA,0.3333333333333333,NA
jodie_reddit,3,78516,relative_survival,1,0.2,1.0,1.0
jodie_reddit,3,78516,relative_survival,2,0.4,0.374993631871211,0.5407942330225687
jodie_reddit,3,78516,relative_survival,2,0.6,0.374993631871211,0.5407942330225687
jodie_reddit,3,78516,relative_survival,3,0.8,0.18309643894238117,0.3849279127821081
jodie_reddit,3,78516,relative_survival,3,1.0,0.18309643894238117,0.3849279127821081
jodie_reddit,4,78516,rho,2,NA,0.4020709154821947,0.5407942330225687
jodie_reddit,4,78516,rho,3,NA,0.22391614448010597,0.3849279127821081
jodie_reddit,4,78516,rho,4,NA,0.1279357073717459,0.309987773192725
jodie_reddit,4,78516,mean_P,NA,NA,0.4384806918335116,NA
jodie_reddit,4,78516,median_P,NA,NA,0.25,NA
jodie_reddit,4,78516,relative_survival,1,0.2,1.0,1.0
jodie_reddit,4,78516,relative_survival,2,0.4,0.4020709154821947,0.5407942330225687
jodie_reddit,4,78516,relative_survival,3,0.6,0.22391614448010597,0.3849279127821081
jodie_reddit,4,78516,relative_survival,4,0.8,0.1279357073717459,0.309987773192725
jodie_reddit,4,78516,relative_survival,4,1.0,0.1279357073717459,0.309987773192725
jodie_reddit,5,78516,rho,2,NA,0.4188445667125172,0.5407942330225687
jodie_reddit,5,78516,rho,3,NA,0.24763105609047836,0.3849279127821081
jodie_reddit,5,78516,rho,4,NA,0.16144480105965664,0.309987773192725
jodie_reddit,5,78516,rho,5,NA,0.09899893015436344,0.2638825207600998
jodie_reddit,5,78516,mean_P,NA,NA,0.38538387080340314,NA
jodie_reddit,5,78516,median_P,NA,NA,0.2,NA
jodie_reddit,5,78516,relative_survival,1,0.2,1.0,1.0
jodie_reddit,5,78516,relative_survival,2,0.4,0.4188445667125172,0.5407942330225687
jodie_reddit,5,78516,relative_survival,3,0.6,0.24763105609047836,0.3849279127821081
jodie_reddit,5,78516,relative_survival,4,0.8,0.16144480105965664,0.309987773192725
jodie_reddit,5,78516,relative_survival,5,1.0,0.09899893015436344,0.2638825207600998
jodie_reddit,6,78516,rho,2,NA,0.43010341841153393,0.5407942330225687
jodie_reddit,6,78516,rho,3,NA,0.2638952570176779,0.3849279127821081
jodie_reddit,6,78516,rho,4,NA,0.1811223190177798,0.309987773192725
jodie_reddit,6,78516,rho,5,NA,0.12517193947730398,0.2638825207600998
jodie_reddit,6,78516,rho,6,NA,0.07812420398390137,0.23222018442100972
jodie_reddit,6,78516,mean_P,NA,NA,0.34640285631803286,NA
jodie_reddit,6,78516,median_P,NA,NA,0.16666666666666666,NA
jodie_reddit,6,78516,relative_survival,2,0.2,0.43010341841153393,0.5407942330225687
jodie_reddit,6,78516,relative_survival,3,0.4,0.2638952570176779,0.3849279127821081
jodie_reddit,6,78516,relative_survival,4,0.6,0.1811223190177798,0.309987773192725
jodie_reddit,6,78516,relative_survival,5,0.8,0.12517193947730398,0.2638825207600998
jodie_reddit,6,78516,relative_survival,6,1.0,0.07812420398390137,0.23222018442100972
jodie_reddit,7,78516,rho,2,NA,0.43787253553415867,0.5407942330225687
jodie_reddit,7,78516,rho,3,NA,0.2753324163227877,0.3849279127821081
jodie_reddit,7,78516,rho,4,NA,0.19342554383819857,0.309987773192725
jodie_reddit,7,78516,rho,5,NA,0.14065922869224107,0.2638825207600998
jodie_reddit,7,78516,rho,6,NA,0.10047633603341995,0.23222018442100972
jodie_reddit,7,78516,rho,7,NA,0.06252228845076163,0.2094732283865709
jodie_reddit,7,78516,mean_P,NA,NA,0.3157554784102239,NA
jodie_reddit,7,78516,median_P,NA,NA,0.14285714285714285,NA
jodie_reddit,7,78516,relative_survival,2,0.2,0.43787253553415867,0.5407942330225687
jodie_reddit,7,78516,relative_survival,3,0.4,0.2753324163227877,0.3849279127821081
jodie_reddit,7,78516,relative_survival,5,0.6,0.14065922869224107,0.2638825207600998
jodie_reddit,7,78516,relative_survival,6,0.8,0.10047633603341995,0.23222018442100972
jodie_reddit,7,78516,relative_survival,7,1.0,0.06252228845076163,0.2094732283865709
jodie_reddit,8,78516,rho,2,NA,0.443845840338275,0.5407942330225687
jodie_reddit,8,78516,rho,3,NA,0.2835090936879107,0.3849279127821081
jodie_reddit,8,78516,rho,4,NA,0.20306689082480003,0.309987773192725
jodie_reddit,8,78516,rho,5,NA,0.15240205817922461,0.2638825207600998
jodie_reddit,8,78516,rho,6,NA,0.1158362626725763,0.23222018442100972
jodie_reddit,8,78516,rho,7,NA,0.08402109124254929,0.2094732283865709
jodie_reddit,8,78516,rho,8,NA,0.05202761220642926,0.19202455550461053
jodie_reddit,8,78516,mean_P,NA,NA,0.29183860614397067,NA
jodie_reddit,8,78516,median_P,NA,NA,0.125,NA
jodie_reddit,8,78516,relative_survival,2,0.2,0.443845840338275,0.5407942330225687
jodie_reddit,8,78516,relative_survival,4,0.4,0.20306689082480003,0.309987773192725
jodie_reddit,8,78516,relative_survival,5,0.6,0.15240205817922461,0.2638825207600998
jodie_reddit,8,78516,relative_survival,7,0.8,0.08402109124254929,0.2094732283865709
jodie_reddit,8,78516,relative_survival,8,1.0,0.05202761220642926,0.19202455550461053
jodie_reddit,9,78516,rho,2,NA,0.44969178256661063,0.5407942330225687
jodie_reddit,9,78516,rho,3,NA,0.2906668704467879,0.3849279127821081
jodie_reddit,9,78516,rho,4,NA,0.21125630444750115,0.309987773192725
jodie_reddit,9,78516,rho,5,NA,0.16238728412043404,0.2638825207600998
jodie_reddit,9,78516,rho,6,NA,0.1264073564623771,0.23222018442100972
jodie_reddit,9,78516,rho,7,NA,0.09736868918437007,0.2094732283865709
jodie_reddit,9,78516,rho,8,NA,0.07092821845228998,0.19202455550461053
jodie_reddit,9,78516,rho,9,NA,0.04461511029599063,0.17795099088083957
jodie_reddit,9,78516,mean_P,NA,NA,0.27259129066404014,NA
jodie_reddit,9,78516,median_P,NA,NA,0.1111111111111111,NA
jodie_reddit,9,78516,relative_survival,2,0.2,0.44969178256661063,0.5407942330225687
jodie_reddit,9,78516,relative_survival,4,0.4,0.21125630444750115,0.309987773192725
jodie_reddit,9,78516,relative_survival,6,0.6,0.1264073564623771,0.23222018442100972
jodie_reddit,9,78516,relative_survival,8,0.8,0.07092821845228998,0.19202455550461053
jodie_reddit,9,78516,relative_survival,9,1.0,0.04461511029599063,0.17795099088083957
jodie_reddit,10,78516,rho,2,NA,0.4540348464007336,0.5407942330225687
jodie_reddit,10,78516,rho,3,NA,0.29573590096286106,0.3849279127821081
jodie_reddit,10,78516,rho,4,NA,0.21745886188802283,0.309987773192725
jodie_reddit,10,78516,rho,5,NA,0.16909929186407865,0.2638825207600998
jodie_reddit,10,78516,rho,6,NA,0.1345967700850782,0.23222018442100972
jodie_reddit,10,78516,rho,7,NA,0.10718834377706454,0.2094732283865709
jodie_reddit,10,78516,rho,8,NA,0.08329512456059911,0.19202455550461053
jodie_reddit,10,78516,rho,9,NA,0.0603443884049111,0.17795099088083957
jodie_reddit,10,78516,rho,10,NA,0.03643843293086759,0.16620816139385602
jodie_reddit,10,78516,mean_P,NA,NA,0.2558191960874217,NA
jodie_reddit,10,78516,median_P,NA,NA,0.1,NA
jodie_reddit,10,78516,relative_survival,2,0.2,0.4540348464007336,0.5407942330225687
jodie_reddit,10,78516,relative_survival,4,0.4,0.21745886188802283,0.309987773192725
jodie_reddit,10,78516,relative_survival,6,0.6,0.1345967700850782,0.23222018442100972
jodie_reddit,10,78516,relative_survival,8,0.8,0.08329512456059911,0.19202455550461053
jodie_reddit,10,78516,relative_survival,10,1.0,0.03643843293086759,0.16620816139385602
jodie_reddit,11,78516,rho,2,NA,0.4586453716439961,0.5407942330225687
jodie_reddit,11,78516,rho,3,NA,0.3006775689031535,0.3849279127821081
jodie_reddit,11,78516,rho,4,NA,0.22269346375261093,0.309987773192725
jodie_reddit,11,78516,rho,5,NA,0.17424473992562026,0.2638825207600998
jodie_reddit,11,78516,rho,6,NA,0.1404045035406796,0.23222018442100972
jodie_reddit,11,78516,rho,7,NA,0.11443527433898823,0.2094732283865709
jodie_reddit,11,78516,rho,8,NA,0.09241428498649956,0.19202455550461053
jodie_reddit,11,78516,rho,9,NA,0.07211269040705079,0.17795099088083957
jodie_reddit,11,78516,rho,10,NA,0.05173467828213358,0.16620816139385602
jodie_reddit,11,78516,rho,11,NA,0.030541545672219676,0.15600641907381935
jodie_reddit,11,78516,mean_P,NA,NA,0.2416276474048138,NA
jodie_reddit,11,78516,median_P,NA,NA,0.09090909090909091,NA
jodie_reddit,11,78516,relative_survival,3,0.2,0.3006775689031535,0.3849279127821081
jodie_reddit,11,78516,relative_survival,5,0.4,0.17424473992562026,0.2638825207600998
jodie_reddit,11,78516,relative_survival,7,0.6,0.11443527433898823,0.2094732283865709
jodie_reddit,11,78516,relative_survival,9,0.8,0.07211269040705079,0.17795099088083957
jodie_reddit,11,78516,relative_survival,11,1.0,0.030541545672219676,0.15600641907381935
jodie_reddit,12,78516,rho,2,NA,0.46025014009883336,0.5407942330225687
jodie_reddit,12,78516,rho,3,NA,0.30418003973712365,0.3849279127821081
jodie_reddit,12,78516,rho,4,NA,0.2273294615110296,0.309987773192725
jodie_reddit,12,78516,rho,5,NA,0.17881705639614856,0.2638825207600998
jodie_reddit,12,78516,rho,6,NA,0.14618676448112486,0.23222018442100972
jodie_reddit,12,78516,rho,7,NA,0.12037037037037036,0.2094732283865709
jodie_reddit,12,78516,rho,8,NA,0.09842579856335014,0.19202455550461053
jodie_reddit,12,78516,rho,9,NA,0.07961434612053594,0.17795099088083957
jodie_reddit,12,78516,rho,10,NA,0.06135055275357889,0.16620816139385602
jodie_reddit,12,78516,rho,11,NA,0.04382546232615008,0.15600641907381935
jodie_reddit,12,78516,rho,12,NA,0.025408833868256153,0.14730755514799532
jodie_reddit,12,78516,mean_P,NA,NA,0.22881323551887514,NA
jodie_reddit,12,78516,median_P,NA,NA,0.08333333333333333,NA
jodie_reddit,12,78516,relative_survival,3,0.2,0.30418003973712365,0.3849279127821081
jodie_reddit,12,78516,relative_survival,5,0.4,0.17881705639614856,0.2638825207600998
jodie_reddit,12,78516,relative_survival,8,0.6,0.09842579856335014,0.19202455550461053
jodie_reddit,12,78516,relative_survival,10,0.8,0.06135055275357889,0.16620816139385602
jodie_reddit,12,78516,relative_survival,12,1.0,0.025408833868256153,0.14730755514799532
jodie_reddit,13,78516,rho,2,NA,0.46310306179632177,0.5407942330225687
jodie_reddit,13,78516,rho,3,NA,0.3073004228437516,0.3849279127821081
jodie_reddit,13,78516,rho,4,NA,0.2316088440572622,0.309987773192725
jodie_reddit,13,78516,rho,5,NA,0.18388608691222172,0.2638825207600998
jodie_reddit,13,78516,rho,6,NA,0.151077487391105,0.23222018442100972
jodie_reddit,13,78516,rho,7,NA,0.12577054358347342,0.2094732283865709
jodie_reddit,13,78516,rho,8,NA,0.10457741097355953,0.19202455550461053
jodie_reddit,13,78516,rho,9,NA,0.08631361760660247,0.17795099088083957
jodie_reddit,13,78516,rho,10,NA,0.07003668042182486,0.16620816139385602
jodie_reddit,13,78516,rho,11,NA,0.05425645728259208,0.15600641907381935
jodie_reddit,13,78516,rho,12,NA,0.0380559376432829,0.14730755514799532
jodie_reddit,13,78516,rho,13,NA,0.022568648428345814,0.13978042691935402
jodie_reddit,13,78516,mean_P,NA,NA,0.21835039991848795,NA
jodie_reddit,13,78516,median_P,NA,NA,0.07692307692307693,NA
jodie_reddit,13,78516,relative_survival,3,0.2,0.3073004228437516,0.3849279127821081
jodie_reddit,13,78516,relative_survival,6,0.4,0.151077487391105,0.23222018442100972
jodie_reddit,13,78516,relative_survival,8,0.6,0.10457741097355953,0.19202455550461053
jodie_reddit,13,78516,relative_survival,11,0.8,0.05425645728259208,0.15600641907381935
jodie_reddit,13,78516,relative_survival,13,1.0,0.022568648428345814,0.13978042691935402
jodie_reddit,14,78516,rho,2,NA,0.46501350043303274,0.5407942330225687
jodie_reddit,14,78516,rho,3,NA,0.3108793112231902,0.3849279127821081
jodie_reddit,14,78516,rho,4,NA,0.23500942483060777,0.309987773192725
jodie_reddit,14,78516,rho,5,NA,0.18640786591268022,0.2638825207600998
jodie_reddit,14,78516,rho,6,NA,0.15344643130062663,0.23222018442100972
jodie_reddit,14,78516,rho,7,NA,0.12929848693259974,0.2094732283865709
jodie_reddit,14,78516,rho,8,NA,0.10925161750471242,0.19202455550461053
jodie_reddit,14,78516,rho,9,NA,0.09101329665291151,0.17795099088083957
jodie_reddit,14,78516,rho,10,NA,0.07523307351367874,0.16620816139385602
jodie_reddit,14,78516,rho,11,NA,0.06052269601100413,0.15600641907381935
jodie_reddit,14,78516,rho,12,NA,0.04577410973559529,0.14730755514799532
jodie_reddit,14,78516,rho,13,NA,0.031254776096591774,0.13978042691935402
jodie_reddit,14,78516,rho,14,NA,0.018671353609455398,0.1333104080696928
jodie_reddit,14,78516,mean_P,NA,NA,0.2079839959826205,NA
jodie_reddit,14,78516,median_P,NA,NA,0.07142857142857142,NA
jodie_reddit,14,78516,relative_survival,3,0.2,0.3108793112231902,0.3849279127821081
jodie_reddit,14,78516,relative_survival,6,0.4,0.15344643130062663,0.23222018442100972
jodie_reddit,14,78516,relative_survival,9,0.6,0.09101329665291151,0.17795099088083957
jodie_reddit,14,78516,relative_survival,12,0.8,0.04577410973559529,0.14730755514799532
jodie_reddit,14,78516,relative_survival,14,1.0,0.018671353609455398,0.1333104080696928
jodie_reddit,15,78516,rho,2,NA,0.46702582913036833,0.5407942330225687
jodie_reddit,15,78516,rho,3,NA,0.3134265627388048,0.3849279127821081
jodie_reddit,15,78516,rho,4,NA,0.2375184675734882,0.309987773192725
jodie_reddit,15,78516,rho,5,NA,0.19120943501961385,0.2638825207600998
jodie_reddit,15,78516,rho,6,NA,0.15812063783177951,0.23222018442100972
jodie_reddit,15,78516,rho,7,NA,0.13403637475164298,0.2094732283865709
jodie_reddit,15,78516,rho,8,NA,0.11377298894492842,0.19202455550461053
jodie_reddit,15,78516,rho,9,NA,0.09634978857812421,0.17795099088083957
jodie_reddit,15,78516,rho,10,NA,0.08072240052982832,0.16620816139385602
jodie_reddit,15,78516,rho,11,NA,0.06736206633042946,0.15600641907381935
jodie_reddit,15,78516,rho,12,NA,0.05354322685821998,0.14730755514799532
jodie_reddit,15,78516,rho,13,NA,0.04056498038616333,0.13978042691935402
jodie_reddit,15,78516,rho,14,NA,0.027879667838402365,0.1333104080696928
jodie_reddit,15,78516,rho,15,NA,0.016595343624229455,0.12740078455346682
jodie_reddit,15,78516,mean_P,NA,NA,0.1998751846757349,NA
jodie_reddit,15,78516,median_P,NA,NA,0.06666666666666667,NA
jodie_reddit,15,78516,relative_survival,3,0.2,0.3134265627388048,0.3849279127821081
jodie_reddit,15,78516,relative_survival,6,0.4,0.15812063783177951,0.23222018442100972
jodie_reddit,15,78516,relative_survival,9,0.6,0.09634978857812421,0.17795099088083957
jodie_reddit,15,78516,relative_survival,12,0.8,0.05354322685821998,0.14730755514799532
jodie_reddit,15,78516,relative_survival,15,1.0,0.016595343624229455,0.12740078455346682
jodie_reddit,16,78516,rho,2,NA,0.4690763666004381,0.5407942330225687
jodie_reddit,16,78516,rho,3,NA,0.3159101329665291,0.3849279127821081
jodie_reddit,16,78516,rho,4,NA,0.24032044424066432,0.309987773192725
jodie_reddit,16,78516,rho,5,NA,0.1932217637169494,0.2638825207600998
jodie_reddit,16,78516,rho,6,NA,0.16076977940801876,0.23222018442100972
jodie_reddit,16,78516,rho,7,NA,0.1368892964491314,0.2094732283865709
jodie_reddit,16,78516,rho,8,NA,0.11721177849100821,0.19202455550461053
jodie_reddit,16,78516,rho,9,NA,0.10103673136685516,0.17795099088083957
jodie_reddit,16,78516,rho,10,NA,0.08530745325793469,0.16620816139385602
jodie_reddit,16,78516,rho,11,NA,0.07218910795251923,0.15600641907381935
jodie_reddit,16,78516,rho,12,NA,0.06005145448061541,0.14730755514799532
jodie_reddit,16,78516,rho,13,NA,0.047315196902542156,0.13978042691935402
jodie_reddit,16,78516,rho,14,NA,0.035075653370013754,0.1333104080696928
jodie_reddit,16,78516,rho,15,NA,0.02438993326201029,0.12740078455346682
jodie_reddit,16,78516,rho,16,NA,0.014901421366345712,0.12224260023434715
jodie_reddit,16,78516,mean_P,NA,NA,0.19210415711447348,NA
jodie_reddit,16,78516,median_P,NA,NA,0.0625,NA
jodie_reddit,16,78516,relative_survival,4,0.2,0.24032044424066432,0.309987773192725
jodie_reddit,16,78516,relative_survival,7,0.4,0.1368892964491314,0.2094732283865709
jodie_reddit,16,78516,relative_survival,10,0.6,0.08530745325793469,0.16620816139385602
jodie_reddit,16,78516,relative_survival,13,0.8,0.047315196902542156,0.13978042691935402
jodie_reddit,16,78516,relative_survival,16,1.0,0.014901421366345712,0.12224260023434715
jodie_reddit,17,78516,rho,2,NA,0.47069387131285345,0.5407942330225687
jodie_reddit,17,78516,rho,3,NA,0.3182536043608946,0.3849279127821081
jodie_reddit,17,78516,rho,4,NA,0.24314789342299659,0.309987773192725
jodie_reddit,17,78516,rho,5,NA,0.19550155382342452,0.2638825207600998
jodie_reddit,17,78516,rho,6,NA,0.16296041571144734,0.23222018442100972
jodie_reddit,17,78516,rho,7,NA,0.13951296551021447,0.2094732283865709
jodie_reddit,17,78516,rho,8,NA,0.12023027153701156,0.19202455550461053
jodie_reddit,17,78516,rho,9,NA,0.10400427938254624,0.17795099088083957
jodie_reddit,17,78516,rho,10,NA,0.08911559427377859,0.16620816139385602
jodie_reddit,17,78516,rho,11,NA,0.07594630393805084,0.15600641907381935
jodie_reddit,17,78516,rho,12,NA,0.06398695807224006,0.14730755514799532
jodie_reddit,17,78516,rho,13,NA,0.052269601100412656,0.13978042691935402
jodie_reddit,17,78516,rho,14,NA,0.04127821081053543,0.1333104080696928
jodie_reddit,17,78516,rho,15,NA,0.03055428192979775,0.12740078455346682
jodie_reddit,17,78516,rho,16,NA,0.0215752203372561,0.12224260023434715
jodie_reddit,17,78516,rho,17,NA,0.012736257578073258,0.1175938662183504
jodie_reddit,17,78516,mean_P,NA,NA,0.18480984018244315,NA
jodie_reddit,17,78516,median_P,NA,NA,0.058823529411764705,NA
jodie_reddit,17,78516,relative_survival,4,0.2,0.24314789342299659,0.309987773192725
jodie_reddit,17,78516,relative_survival,7,0.4,0.13951296551021447,0.2094732283865709
jodie_reddit,17,78516,relative_survival,11,0.6,0.07594630393805084,0.15600641907381935
jodie_reddit,17,78516,relative_survival,14,0.8,0.04127821081053543,0.1333104080696928
jodie_reddit,17,78516,relative_survival,17,1.0,0.012736257578073258,0.1175938662183504
jodie_reddit,18,78516,rho,2,NA,0.4717637169494116,0.5407942330225687
jodie_reddit,18,78516,rho,3,NA,0.31918335116409396,0.3849279127821081
jodie_reddit,18,78516,rho,4,NA,0.24546589230220592,0.309987773192725
jodie_reddit,18,78516,rho,5,NA,0.19812522288450762,0.2638825207600998
jodie_reddit,18,78516,rho,6,NA,0.16557134851495237,0.23222018442100972
jodie_reddit,18,78516,rho,7,NA,0.1418309643894238,0.2094732283865709
jodie_reddit,18,78516,rho,8,NA,0.12315961077996841,0.19202455550461053
jodie_reddit,18,78516,rho,9,NA,0.10731570635284528,0.17795099088083957
jodie_reddit,18,78516,rho,10,NA,0.092490702531968,0.16620816139385602
jodie_reddit,18,78516,rho,11,NA,0.07923225839319374,0.15600641907381935
jodie_reddit,18,78516,rho,12,NA,0.06806256049722349,0.14730755514799532
jodie_reddit,18,78516,rho,13,NA,0.05712211523765857,0.13978042691935402
jodie_reddit,18,78516,rho,14,NA,0.04674206531152886,0.1333104080696928
jodie_reddit,18,78516,rho,15,NA,0.036412960415711446,0.12740078455346682
jodie_reddit,18,78516,rho,16,NA,0.02688623974731265,0.12224260023434715
jodie_reddit,18,78516,rho,17,NA,0.01918080391257833,0.1175938662183504
jodie_reddit,18,78516,rho,18,NA,0.011653675683937033,0.11332721992969585
jodie_reddit,18,78516,mean_P,NA,NA,0.17834439972602892,NA
jodie_reddit,18,78516,median_P,NA,NA,0.05555555555555555,NA
jodie_reddit,18,78516,relative_survival,4,0.2,0.24546589230220592,0.309987773192725
jodie_reddit,18,78516,relative_survival,8,0.4,0.12315961077996841,0.19202455550461053
jodie_reddit,18,78516,relative_survival,11,0.6,0.07923225839319374,0.15600641907381935
jodie_reddit,18,78516,relative_survival,15,0.8,0.036412960415711446,0.12740078455346682
jodie_reddit,18,78516,relative_survival,18,1.0,0.011653675683937033,0.11332721992969585
jodie_reddit,19,78516,rho,2,NA,0.47389067196494983,0.5407942330225687
jodie_reddit,19,78516,rho,3,NA,0.3212466248917418,0.3849279127821081
jodie_reddit,19,78516,rho,4,NA,0.2463319578175149,0.309987773192725
jodie_reddit,19,78516,rho,5,NA,0.19993377146059402,0.2638825207600998
jodie_reddit,19,78516,rho,6,NA,0.16748178715166334,0.23222018442100972
jodie_reddit,19,78516,rho,7,NA,0.14367772173824445,0.2094732283865709
jodie_reddit,19,78516,rho,8,NA,0.1252101482500382,0.19202455550461053
jodie_reddit,19,78516,rho,9,NA,0.10985022161088186,0.17795099088083957
jodie_reddit,19,78516,rho,10,NA,0.0953945692597687,0.16620816139385602
jodie_reddit,19,78516,rho,11,NA,0.08262010290896123,0.15600641907381935
jodie_reddit,19,78516,rho,12,NA,0.07124662489174181,0.14730755514799532
jodie_reddit,19,78516,rho,13,NA,0.06096846502623669,0.13978042691935402
jodie_reddit,19,78516,rho,14,NA,0.05097050282744918,0.1333104080696928
jodie_reddit,19,78516,rho,15,NA,0.04109990320444241,0.12740078455346682
jodie_reddit,19,78516,rho,16,NA,0.03195527026338581,0.12224260023434715
jodie_reddit,19,78516,rho,17,NA,0.02372764786795048,0.1175938662183504
jodie_reddit,19,78516,rho,18,NA,0.017092057669774313,0.11332721992969585
jodie_reddit,19,78516,rho,19,NA,0.010290896123083194,0.10931529879260278
jodie_reddit,19,78516,mean_P,NA,NA,0.1722625760488643,NA
jodie_reddit,19,78516,median_P,NA,NA,0.05263157894736842,NA
jodie_reddit,19,78516,relative_survival,4,0.2,0.2463319578175149,0.309987773192725
jodie_reddit,19,78516,relative_survival,8,0.4,0.1252101482500382,0.19202455550461053
jodie_reddit,19,78516,relative_survival,12,0.6,0.07124662489174181,0.14730755514799532
jodie_reddit,19,78516,relative_survival,16,0.8,0.03195527026338581,0.12224260023434715
jodie_reddit,19,78516,relative_survival,19,1.0,0.010290896123083194,0.10931529879260278
jodie_reddit,20,78516,rho,2,NA,0.4751006164348668,0.5407942330225687
jodie_reddit,20,78516,rho,3,NA,0.32232920678587806,0.3849279127821081
jodie_reddit,20,78516,rho,4,NA,0.2480004075602425,0.309987773192725
jodie_reddit,20,78516,rho,5,NA,0.20204799021855419,0.2638825207600998
jodie_reddit,20,78516,rho,6,NA,0.16954506087931123,0.23222018442100972
jodie_reddit,20,78516,rho,7,NA,0.1458810942992511,0.2094732283865709
jodie_reddit,20,78516,rho,8,NA,0.1274517295837791,0.19202455550461053
jodie_reddit,20,78516,rho,9,NA,0.11229558306587192,0.17795099088083957
jodie_reddit,20,78516,rho,10,NA,0.09799276580569566,0.16620816139385602
jodie_reddit,20,78516,rho,11,NA,0.08532018951551276,0.15600641907381935
jodie_reddit,20,78516,rho,12,NA,0.07415049161954251,0.14730755514799532
jodie_reddit,20,78516,rho,13,NA,0.06433083702684803,0.13978042691935402
jodie_reddit,20,78516,rho,14,NA,0.05479138010087116,0.1333104080696928
jodie_reddit,20,78516,rho,15,NA,0.04573590096286107,0.12740078455346682
jodie_reddit,20,78516,rho,16,NA,0.03617097152172805,0.12224260023434715
jodie_reddit,20,78516,rho,17,NA,0.028070711702073464,0.1175938662183504
jodie_reddit,20,78516,rho,18,NA,0.021205868867491977,0.11332721992969585
jodie_reddit,20,78516,rho,19,NA,0.015181619033063325,0.10931529879260278
jodie_reddit,20,78516,rho,20,NA,0.009348413062305772,0.105876509246523
jodie_reddit,20,78516,mean_P,NA,NA,0.16674754190228744,NA
jodie_reddit,20,78516,median_P,NA,NA,0.05,NA
jodie_reddit,20,78516,relative_survival,4,0.2,0.2480004075602425,0.309987773192725
jodie_reddit,20,78516,relative_survival,8,0.4,0.1274517295837791,0.19202455550461053
jodie_reddit,20,78516,relative_survival,12,0.6,0.07415049161954251,0.14730755514799532
jodie_reddit,20,78516,relative_survival,16,0.8,0.03617097152172805,0.12224260023434715
jodie_reddit,20,78516,relative_survival,20,1.0,0.009348413062305772,0.105876509246523
jodie_lastfm,2,154993,rho,2,NA,0.23732039511461808,0.6818695037840419
jodie_lastfm,2,154993,mean_P,NA,NA,0.618660197557309,NA
jodie_lastfm,2,154993,median_P,NA,NA,0.5,NA
jodie_lastfm,2,154993,relative_survival,1,0.2,1.0,1.0
jodie_lastfm,2,154993,relative_survival,1,0.4,1.0,1.0
jodie_lastfm,2,154993,relative_survival,2,0.6,0.23732039511461808,0.6818695037840419
jodie_lastfm,2,154993,relative_survival,2,0.8,0.23732039511461808,0.6818695037840419
jodie_lastfm,2,154993,relative_survival,2,1.0,0.23732039511461808,0.6818695037840419
jodie_lastfm,3,154993,rho,2,NA,0.33249243514223226,0.6818695037840419
jodie_lastfm,3,154993,rho,3,NA,0.07490660868555354,0.5321337092642894
jodie_lastfm,3,154993,mean_P,NA,NA,0.4691330146092619,NA
jodie_lastfm,3,154993,median_P,NA,NA,0.3333333333333333,NA
jodie_lastfm,3,154993,relative_survival,1,0.2,1.0,1.0
jodie_lastfm,3,154993,relative_survival,2,0.4,0.33249243514223226,0.6818695037840419
jodie_lastfm,3,154993,relative_survival,2,0.6,0.33249243514223226,0.6818695037840419
jodie_lastfm,3,154993,relative_survival,3,0.8,0.07490660868555354,0.5321337092642894
jodie_lastfm,3,154993,relative_survival,3,1.0,0.07490660868555354,0.5321337092642894
jodie_lastfm,4,154993,rho,2,NA,0.38260437568148237,0.6818695037840419
jodie_lastfm,4,154993,rho,3,NA,0.12945100746485325,0.5321337092642894
jodie_lastfm,4,154993,rho,4,NA,0.027962553147561502,0.4388456252863033
jodie_lastfm,4,154993,mean_P,NA,NA,0.38500448407347426,NA
jodie_lastfm,4,154993,median_P,NA,NA,0.25,NA
jodie_lastfm,4,154993,relative_survival,1,0.2,1.0,1.0
jodie_lastfm,4,154993,relative_survival,2,0.4,0.38260437568148237,0.6818695037840419
jodie_lastfm,4,154993,relative_survival,3,0.6,0.12945100746485325,0.5321337092642894
jodie_lastfm,4,154993,relative_survival,4,0.8,0.027962553147561502,0.4388456252863033
jodie_lastfm,4,154993,relative_survival,4,1.0,0.027962553147561502,0.4388456252863033
jodie_lastfm,5,154993,rho,2,NA,0.42136096468872786,0.6818695037840419
jodie_lastfm,5,154993,rho,3,NA,0.17106579006793854,0.5321337092642894
jodie_lastfm,5,154993,rho,4,NA,0.059602691734465425,0.4388456252863033
jodie_lastfm,5,154993,rho,5,NA,0.01218119527978683,0.37162968650197103
jodie_lastfm,5,154993,mean_P,NA,NA,0.33284212835418375,NA
jodie_lastfm,5,154993,median_P,NA,NA,0.2,NA
jodie_lastfm,5,154993,relative_survival,1,0.2,1.0,1.0
jodie_lastfm,5,154993,relative_survival,2,0.4,0.42136096468872786,0.6818695037840419
jodie_lastfm,5,154993,relative_survival,3,0.6,0.17106579006793854,0.5321337092642894
jodie_lastfm,5,154993,relative_survival,4,0.8,0.059602691734465425,0.4388456252863033
jodie_lastfm,5,154993,relative_survival,5,1.0,0.01218119527978683,0.37162968650197103
jodie_lastfm,6,154993,rho,2,NA,0.44604595046227896,0.6818695037840419
jodie_lastfm,6,154993,rho,3,NA,0.20553186272928456,0.5321337092642894
jodie_lastfm,6,154993,rho,4,NA,0.08639099830314917,0.4388456252863033
jodie_lastfm,6,154993,rho,5,NA,0.030343305826714753,0.37162968650197103
jodie_lastfm,6,154993,rho,6,NA,0.006213183821204829,0.32126612169581853
jodie_lastfm,6,154993,mean_P,NA,NA,0.2957542168571054,NA
jodie_lastfm,6,154993,median_P,NA,NA,0.16666666666666666,NA
jodie_lastfm,6,154993,relative_survival,2,0.2,0.44604595046227896,0.6818695037840419
jodie_lastfm,6,154993,relative_survival,3,0.4,0.20553186272928456,0.5321337092642894
jodie_lastfm,6,154993,relative_survival,4,0.6,0.08639099830314917,0.4388456252863033
jodie_lastfm,6,154993,relative_survival,5,0.8,0.030343305826714753,0.37162968650197103
jodie_lastfm,6,154993,relative_survival,6,1.0,0.006213183821204829,0.32126612169581853
jodie_lastfm,7,154993,rho,2,NA,0.4719890575703419,0.6818695037840419
jodie_lastfm,7,154993,rho,3,NA,0.22910712096675334,0.5321337092642894
jodie_lastfm,7,154993,rho,4,NA,0.11055337983005684,0.4388456252863033
jodie_lastfm,7,154993,rho,5,NA,0.0489635015774906,0.37162968650197103
jodie_lastfm,7,154993,rho,6,NA,0.0175685353532095,0.32126612169581853
jodie_lastfm,7,154993,rho,7,NA,0.0032517597568922467,0.2816191698979954
jodie_lastfm,7,154993,mean_P,NA,NA,0.2687761935792492,NA
jodie_lastfm,7,154993,median_P,NA,NA,0.14285714285714285,NA
jodie_lastfm,7,154993,relative_survival,2,0.2,0.4719890575703419,0.6818695037840419
jodie_lastfm,7,154993,relative_survival,3,0.4,0.22910712096675334,0.5321337092642894
jodie_lastfm,7,154993,relative_survival,5,0.6,0.0489635015774906,0.37162968650197103
jodie_lastfm,7,154993,relative_survival,6,0.8,0.0175685353532095,0.32126612169581853
jodie_lastfm,7,154993,relative_survival,7,1.0,0.0032517597568922467,0.2816191698979954
jodie_lastfm,8,154993,rho,2,NA,0.49068022426819274,0.6818695037840419
jodie_lastfm,8,154993,rho,3,NA,0.2498370894169414,0.5321337092642894
jodie_lastfm,8,154993,rho,4,NA,0.129954255998658,0.4388456252863033
jodie_lastfm,8,154993,rho,5,NA,0.0630867200454214,0.37162968650197103
jodie_lastfm,8,154993,rho,6,NA,0.028291600265818458,0.32126612169581853
jodie_lastfm,8,154993,rho,7,NA,0.009916576877665444,0.2816191698979954
jodie_lastfm,8,154993,rho,8,NA,0.001838792719671211,0.2505919622176485
jodie_lastfm,8,154993,mean_P,NA,NA,0.2467006574490461,NA
jodie_lastfm,8,154993,median_P,NA,NA,0.125,NA
jodie_lastfm,8,154993,relative_survival,2,0.2,0.49068022426819274,0.6818695037840419
jodie_lastfm,8,154993,relative_survival,4,0.4,0.129954255998658,0.4388456252863033
jodie_lastfm,8,154993,relative_survival,5,0.6,0.0630867200454214,0.37162968650197103
jodie_lastfm,8,154993,relative_survival,7,0.8,0.009916576877665444,0.2816191698979954
jodie_lastfm,8,154993,relative_survival,8,1.0,0.001838792719671211,0.2505919622176485
jodie_lastfm,9,154993,rho,2,NA,0.5018613743846496,0.6818695037840419
jodie_lastfm,9,154993,rho,3,NA,0.2691024755956721,0.5321337092642894
jodie_lastfm,9,154993,rho,4,NA,0.14418070493506158,0.4388456252863033
jodie_lastfm,9,154993,rho,5,NA,0.07686153568225662,0.37162968650197103
jodie_lastfm,9,154993,rho,6,NA,0.03849206093178401,0.32126612169581853
jodie_lastfm,9,154993,rho,7,NA,0.016968508255211526,0.2816191698979954
jodie_lastfm,9,154993,rho,8,NA,0.006477711896666301,0.2505919622176485
jodie_lastfm,9,154993,rho,9,NA,0.0014387746543392283,0.22421657752285587
jodie_lastfm,9,154993,mean_P,NA,NA,0.22837590514840458,NA
jodie_lastfm,9,154993,median_P,NA,NA,0.2222222222222222,NA
jodie_lastfm,9,154993,relative_survival,2,0.2,0.5018613743846496,0.6818695037840419
jodie_lastfm,9,154993,relative_survival,4,0.4,0.14418070493506158,0.4388456252863033
jodie_lastfm,9,154993,relative_survival,6,0.6,0.03849206093178401,0.32126612169581853
jodie_lastfm,9,154993,relative_survival,8,0.8,0.006477711896666301,0.2505919622176485
jodie_lastfm,9,154993,relative_survival,9,1.0,0.0014387746543392283,0.22421657752285587
jodie_lastfm,10,154993,rho,2,NA,0.5128554192769996,0.6818695037840419
jodie_lastfm,10,154993,rho,3,NA,0.28149658371668396,0.5321337092642894
jodie_lastfm,10,154993,rho,4,NA,0.15692966779144865,0.4388456252863033
jodie_lastfm,10,154993,rho,5,NA,0.08802333008587485,0.37162968650197103
jodie_lastfm,10,154993,rho,6,NA,0.04766021691302188,0.32126612169581853
jodie_lastfm,10,154993,rho,7,NA,0.02391075726000529,0.2816191698979954
jodie_lastfm,10,154993,rho,8,NA,0.011071467743704554,0.2505919622176485
jodie_lastfm,10,154993,rho,9,NA,0.004135670643190338,0.22421657752285587
jodie_lastfm,10,154993,rho,10,NA,0.001071016110404986,0.2022801029723923
jodie_lastfm,10,154993,mean_P,NA,NA,0.21271541295413338,NA
jodie_lastfm,10,154993,median_P,NA,NA,0.2,NA
jodie_lastfm,10,154993,relative_survival,2,0.2,0.5128554192769996,0.6818695037840419
jodie_lastfm,10,154993,relative_survival,4,0.4,0.15692966779144865,0.4388456252863033
jodie_lastfm,10,154993,relative_survival,6,0.6,0.04766021691302188,0.32126612169581853
jodie_lastfm,10,154993,relative_survival,8,0.8,0.011071467743704554,0.2505919622176485
jodie_lastfm,10,154993,relative_survival,10,1.0,0.001071016110404986,0.2022801029723923
jodie_lastfm,11,154993,rho,2,NA,0.5227203809204287,0.6818695037840419
jodie_lastfm,11,154993,rho,3,NA,0.29495525604382133,0.5321337092642894
jodie_lastfm,11,154993,rho,4,NA,0.17141419289903415,0.4388456252863033
jodie_lastfm,11,154993,rho,5,NA,0.09962385398050234,0.37162968650197103
jodie_lastfm,11,154993,rho,6,NA,0.05685418051137793,0.32126612169581853
jodie_lastfm,11,154993,rho,7,NA,0.0318917628538063,0.2816191698979954
jodie_lastfm,11,154993,rho,8,NA,0.01616847212454756,0.2505919622176485
jodie_lastfm,11,154993,rho,9,NA,0.007819707986812308,0.22421657752285587
jodie_lastfm,11,154993,rho,10,NA,0.0028065783616034274,0.2022801029723923
jodie_lastfm,11,154993,rho,11,NA,0.0008451994606208023,0.18407282909550754
jodie_lastfm,11,154993,mean_P,NA,NA,0.20046359864932314,NA
jodie_lastfm,11,154993,median_P,NA,NA,0.18181818181818182,NA
jodie_lastfm,11,154993,relative_survival,3,0.2,0.29495525604382133,0.5321337092642894
jodie_lastfm,11,154993,relative_survival,5,0.4,0.09962385398050234,0.37162968650197103
jodie_lastfm,11,154993,relative_survival,7,0.6,0.0318917628538063,0.2816191698979954
jodie_lastfm,11,154993,relative_survival,9,0.8,0.007819707986812308,0.22421657752285587
jodie_lastfm,11,154993,relative_survival,11,1.0,0.0008451994606208023,0.18407282909550754
jodie_lastfm,12,154993,rho,2,NA,0.5281141728981309,0.6818695037840419
jodie_lastfm,12,154993,rho,3,NA,0.30513636099694824,0.5321337092642894
jodie_lastfm,12,154993,rho,4,NA,0.18203402734317034,0.4388456252863033
jodie_lastfm,12,154993,rho,5,NA,0.10980495893362927,0.37162968650197103
jodie_lastfm,12,154993,rho,6,NA,0.06528036750046776,0.32126612169581853
jodie_lastfm,12,154993,rho,7,NA,0.038563031878859046,0.2816191698979954
jodie_lastfm,12,154993,rho,8,NA,0.020962237004251805,0.2505919622176485
jodie_lastfm,12,154993,rho,9,NA,0.011039208222306814,0.22421657752285587
jodie_lastfm,12,154993,rho,10,NA,0.005309917222068093,0.2022801029723923
jodie_lastfm,12,154993,rho,11,NA,0.0019420231881439806,0.18407282909550754
jodie_lastfm,12,154993,rho,12,NA,0.0005677675766002335,0.16800758743943275
jodie_lastfm,12,154993,mean_P,NA,NA,0.189062839397048,NA
jodie_lastfm,12,154993,median_P,NA,NA,0.16666666666666666,NA
jodie_lastfm,12,154993,relative_survival,3,0.2,0.30513636099694824,0.5321337092642894
jodie_lastfm,12,154993,relative_survival,5,0.4,0.10980495893362927,0.37162968650197103
jodie_lastfm,12,154993,relative_survival,8,0.6,0.020962237004251805,0.2505919622176485
jodie_lastfm,12,154993,relative_survival,10,0.8,0.005309917222068093,0.2022801029723923
jodie_lastfm,12,154993,relative_survival,12,1.0,0.0005677675766002335,0.16800758743943275
jodie_lastfm,13,154993,rho,2,NA,0.537592020284787,0.6818695037840419
jodie_lastfm,13,154993,rho,3,NA,0.31503358216177507,0.5321337092642894
jodie_lastfm,13,154993,rho,4,NA,0.192447400850361,0.4388456252863033
jodie_lastfm,13,154993,rho,5,NA,0.11821179020988044,0.37162968650197103
jodie_lastfm,13,154993,rho,6,NA,0.07359687211680528,0.32126612169581853
jodie_lastfm,13,154993,rho,7,NA,0.04408586194215223,0.2816191698979954
jodie_lastfm,13,154993,rho,8,NA,0.026046337576535714,0.2505919622176485
jodie_lastfm,13,154993,rho,9,NA,0.014252256553521771,0.22421657752285587
jodie_lastfm,13,154993,rho,10,NA,0.007722929422619086,0.2022801029723923
jodie_lastfm,13,154993,rho,11,NA,0.0036517778222242294,0.18407282909550754
jodie_lastfm,13,154993,rho,12,NA,0.0012839289516300737,0.16800758743943275
jodie_lastfm,13,154993,rho,13,NA,0.0005097004380843006,0.15441987702670443
jodie_lastfm,13,154993,mean_P,NA,NA,0.17957188141002894,NA
jodie_lastfm,13,154993,median_P,NA,NA,0.15384615384615385,NA
jodie_lastfm,13,154993,relative_survival,3,0.2,0.31503358216177507,0.5321337092642894
jodie_lastfm,13,154993,relative_survival,6,0.4,0.07359687211680528,0.32126612169581853
jodie_lastfm,13,154993,relative_survival,8,0.6,0.026046337576535714,0.2505919622176485
jodie_lastfm,13,154993,relative_survival,11,0.8,0.0036517778222242294,0.18407282909550754
jodie_lastfm,13,154993,relative_survival,13,1.0,0.0005097004380843006,0.15441987702670443
jodie_lastfm,14,154993,rho,2,NA,0.5431342060609189,0.6818695037840419
jodie_lastfm,14,154993,rho,3,NA,0.3246082081126244,0.5321337092642894
jodie_lastfm,14,154993,rho,4,NA,0.20064777118966662,0.4388456252863033
jodie_lastfm,14,154993,rho,5,NA,0.1256637396527585,0.37162968650197103
jodie_lastfm,14,154993,rho,6,NA,0.07974553689521462,0.32126612169581853
jodie_lastfm,14,154993,rho,7,NA,0.049615143909724956,0.2816191698979954
jodie_lastfm,14,154993,rho,8,NA,0.03067235294497171,0.2505919622176485
jodie_lastfm,14,154993,rho,9,NA,0.01845244623950759,0.22421657752285587
jodie_lastfm,14,154993,rho,10,NA,0.010735968721168053,0.2022801029723923
jodie_lastfm,14,154993,rho,11,NA,0.005793810043034201,0.18407282909550754
jodie_lastfm,14,154993,rho,12,NA,0.0028194821701625233,0.16800758743943275
jodie_lastfm,14,154993,rho,13,NA,0.0009419780248140239,0.15441987702670443
jodie_lastfm,14,154993,rho,14,NA,0.00038066235249333843,0.14229674888543353
jodie_lastfm,14,154993,mean_P,NA,NA,0.17094366473693273,NA
jodie_lastfm,14,154993,median_P,NA,NA,0.14285714285714285,NA
jodie_lastfm,14,154993,relative_survival,3,0.2,0.3246082081126244,0.5321337092642894
jodie_lastfm,14,154993,relative_survival,6,0.4,0.07974553689521462,0.32126612169581853
jodie_lastfm,14,154993,relative_survival,9,0.6,0.01845244623950759,0.22421657752285587
jodie_lastfm,14,154993,relative_survival,12,0.8,0.0028194821701625233,0.16800758743943275
jodie_lastfm,14,154993,relative_survival,14,1.0,0.00038066235249333843,0.14229674888543353
jodie_lastfm,15,154993,rho,2,NA,0.5481086242604505,0.6818695037840419
jodie_lastfm,15,154993,rho,3,NA,0.33109237191357027,0.5321337092642894
jodie_lastfm,15,154993,rho,4,NA,0.20899008342312234,0.4388456252863033
jodie_lastfm,15,154993,rho,5,NA,0.13314149671275477,0.37162968650197103
jodie_lastfm,15,154993,rho,6,NA,0.08609421070628996,0.32126612169581853
jodie_lastfm,15,154993,rho,7,NA,0.05583477963520933,0.2816191698979954
jodie_lastfm,15,154993,rho,8,NA,0.034801571683882496,0.2505919622176485
jodie_lastfm,15,154993,rho,9,NA,0.021549360293690683,0.22421657752285587
jodie_lastfm,15,154993,rho,10,NA,0.012574761440839263,0.2022801029723923
jodie_lastfm,15,154993,rho,11,NA,0.0075551799113508355,0.18407282909550754
jodie_lastfm,15,154993,rho,12,NA,0.0040711516003948565,0.16800758743943275
jodie_lastfm,15,154993,rho,13,NA,0.001967830805262173,0.15441987702670443
jodie_lastfm,15,154993,rho,14,NA,0.0007290651835889362,0.14229674888543353
jodie_lastfm,15,154993,rho,15,NA,0.0003161433096978573,0.1317220777712542
jodie_lastfm,15,154993,mean_P,NA,NA,0.16312177539200695,NA
jodie_lastfm,15,154993,median_P,NA,NA,0.13333333333333333,NA
jodie_lastfm,15,154993,relative_survival,3,0.2,0.33109237191357027,0.5321337092642894
jodie_lastfm,15,154993,relative_survival,6,0.4,0.08609421070628996,0.32126612169581853
jodie_lastfm,15,154993,relative_survival,9,0.6,0.021549360293690683,0.22421657752285587
jodie_lastfm,15,154993,relative_survival,12,0.8,0.0040711516003948565,0.16800758743943275
jodie_lastfm,15,154993,relative_survival,15,1.0,0.0003161433096978573,0.1317220777712542
jodie_lastfm,16,154993,rho,2,NA,0.5528765815230365,0.6818695037840419
jodie_lastfm,16,154993,rho,3,NA,0.3378539675985367,0.5321337092642894
jodie_lastfm,16,154993,rho,4,NA,0.21319027310910815,0.4388456252863033
jodie_lastfm,16,154993,rho,5,NA,0.13897401818146626,0.37162968650197103
jodie_lastfm,16,154993,rho,6,NA,0.09060409179769409,0.32126612169581853
jodie_lastfm,16,154993,rho,7,NA,0.0603898240565703,0.2816191698979954
jodie_lastfm,16,154993,rho,8,NA,0.038659810443052264,0.2505919622176485
jodie_lastfm,16,154993,rho,9,NA,0.024536591975121456,0.22421657752285587
jodie_lastfm,16,154993,rho,10,NA,0.01545231074951772,0.2022801029723923
jodie_lastfm,16,154993,rho,11,NA,0.009406876439581142,0.18407282909550754
jodie_lastfm,16,154993,rho,12,NA,0.00569703147884098,0.16800758743943275
jodie_lastfm,16,154993,rho,13,NA,0.003019491202828515,0.15441987702670443
jodie_lastfm,16,154993,rho,14,NA,0.001477486080016517,0.14229674888543353
jodie_lastfm,16,154993,rho,15,NA,0.0006387385236752628,0.1317220777712542
jodie_lastfm,16,154993,rho,16,NA,0.00028388378830011677,0.12219261515036163
jodie_lastfm,16,154993,mean_P,NA,NA,0.15581631105920912,NA
jodie_lastfm,16,154993,median_P,NA,NA,0.125,NA
jodie_lastfm,16,154993,relative_survival,4,0.2,0.21319027310910815,0.4388456252863033
jodie_lastfm,16,154993,relative_survival,7,0.4,0.0603898240565703,0.2816191698979954
jodie_lastfm,16,154993,relative_survival,10,0.6,0.01545231074951772,0.2022801029723923
jodie_lastfm,16,154993,relative_survival,13,0.8,0.003019491202828515,0.15441987702670443
jodie_lastfm,16,154993,relative_survival,16,1.0,0.00028388378830011677,0.12219261515036163
jodie_lastfm,17,154993,rho,2,NA,0.5578316440097295,0.6818695037840419
jodie_lastfm,17,154993,rho,3,NA,0.3452607537114579,0.5321337092642894
jodie_lastfm,17,154993,rho,4,NA,0.22168097914099347,0.4388456252863033
jodie_lastfm,17,154993,rho,5,NA,0.14610337241036692,0.37162968650197103
jodie_lastfm,17,154993,rho,6,NA,0.09660436277767383,0.32126612169581853
jodie_lastfm,17,154993,rho,7,NA,0.06515778131915635,0.2816191698979954
jodie_lastfm,17,154993,rho,8,NA,0.043298729620047355,0.2505919622176485
jodie_lastfm,17,154993,rho,9,NA,0.028027072190356984,0.22421657752285587
jodie_lastfm,17,154993,rho,10,NA,0.017858871045789166,0.2022801029723923
jodie_lastfm,17,154993,rho,11,NA,0.011490841521875182,0.18407282909550754
jodie_lastfm,17,154993,rho,12,NA,0.007187421367416593,0.16800758743943275
jodie_lastfm,17,154993,rho,13,NA,0.004303420154458589,0.15441987702670443
jodie_lastfm,17,154993,rho,14,NA,0.0024581755305078294,0.14229674888543353
jodie_lastfm,17,154993,rho,15,NA,0.0012968327601891698,0.1317220777712542
jodie_lastfm,17,154993,rho,16,NA,0.0005484118637615892,0.12219261515036163
jodie_lastfm,17,154993,rho,17,NA,0.00026452807546147245,0.11359867865000355
jodie_lastfm,17,154993,mean_P,NA,NA,0.14996312926466127,NA
jodie_lastfm,17,154993,median_P,NA,NA,0.11764705882352941,NA
jodie_lastfm,17,154993,relative_survival,4,0.2,0.22168097914099347,0.4388456252863033
jodie_lastfm,17,154993,relative_survival,7,0.4,0.06515778131915635,0.2816191698979954
jodie_lastfm,17,154993,relative_survival,11,0.6,0.011490841521875182,0.18407282909550754
jodie_lastfm,17,154993,relative_survival,14,0.8,0.0024581755305078294,0.14229674888543353
jodie_lastfm,17,154993,relative_survival,17,1.0,0.00026452807546147245,0.11359867865000355
jodie_lastfm,18,154993,rho,2,NA,0.5613414799378036,0.6818695037840419
jodie_lastfm,18,154993,rho,3,NA,0.35003516287832354,0.5321337092642894
jodie_lastfm,18,154993,rho,4,NA,0.2273328472898776,0.4388456252863033
jodie_lastfm,18,154993,rho,5,NA,0.15083261824727567,0.37162968650197103
jodie_lastfm,18,154993,rho,6,NA,0.10210138522384882,0.32126612169581853
jodie_lastfm,18,154993,rho,7,NA,0.06969347002767867,0.2816191698979954
jodie_lastfm,18,154993,rho,8,NA,0.04709244933642164,0.2505919622176485
jodie_lastfm,18,154993,rho,9,NA,0.031046563393185497,0.22421657752285587
jodie_lastfm,18,154993,rho,10,NA,0.020658997503113043,0.2022801029723923
jodie_lastfm,18,154993,rho,11,NA,0.013432864710019162,0.18407282909550754
jodie_lastfm,18,154993,rho,12,NA,0.008652003638874013,0.16800758743943275
jodie_lastfm,18,154993,rho,13,NA,0.005638964340325047,0.15441987702670443
jodie_lastfm,18,154993,rho,14,NA,0.00320659642693541,0.14229674888543353
jodie_lastfm,18,154993,rho,15,NA,0.0019936384223803658,0.1317220777712542
jodie_lastfm,18,154993,rho,16,NA,0.0009032665991367352,0.12219261515036163
jodie_lastfm,18,154993,rho,17,NA,0.0005097004380843006,0.11359867865000355
jodie_lastfm,18,154993,rho,18,NA,0.0002516242669023762,0.10587574922738446
jodie_lastfm,18,154993,mean_P,NA,NA,0.14415131292667696,NA
jodie_lastfm,18,154993,median_P,NA,NA,0.1111111111111111,NA
jodie_lastfm,18,154993,relative_survival,4,0.2,0.2273328472898776,0.4388456252863033
jodie_lastfm,18,154993,relative_survival,8,0.4,0.04709244933642164,0.2505919622176485
jodie_lastfm,18,154993,relative_survival,11,0.6,0.013432864710019162,0.18407282909550754
jodie_lastfm,18,154993,relative_survival,15,0.8,0.0019936384223803658,0.1317220777712542
jodie_lastfm,18,154993,relative_survival,18,1.0,0.0002516242669023762,0.10587574922738446
jodie_lastfm,19,154993,rho,2,NA,0.563406089307259,0.6818695037840419
jodie_lastfm,19,154993,rho,3,NA,0.3546031111082436,0.5321337092642894
jodie_lastfm,19,154993,rho,4,NA,0.23317182066286865,0.4388456252863033
jodie_lastfm,19,154993,rho,5,NA,0.1572587149097056,0.37162968650197103
jodie_lastfm,19,154993,rho,6,NA,0.10675320820940301,0.32126612169581853
jodie_lastfm,19,154993,rho,7,NA,0.07372591020239623,0.2816191698979954
jodie_lastfm,19,154993,rho,8,NA,0.051557167097868936,0.2505919622176485
jodie_lastfm,19,154993,rho,9,NA,0.03467253359829153,0.22421657752285587
jodie_lastfm,19,154993,rho,10,NA,0.02306555779938449,0.2022801029723923
jodie_lastfm,19,154993,rho,11,NA,0.015439406940958625,0.18407282909550754
jodie_lastfm,19,154993,rho,12,NA,0.010361758272954262,0.16800758743943275
jodie_lastfm,19,154993,rho,13,NA,0.006819662823482351,0.15441987702670443
jodie_lastfm,19,154993,rho,14,NA,0.0044647177614472915,0.14229674888543353
jodie_lastfm,19,154993,rho,15,NA,0.0028130302658829756,0.1317220777712542
jodie_lastfm,19,154993,rho,16,NA,0.0016516874955643157,0.12219261515036163
jodie_lastfm,19,154993,rho,17,NA,0.0007935842263844174,0.11359867865000355
jodie_lastfm,19,154993,rho,18,NA,0.0004580852038479157,0.10587574922738446
jodie_lastfm,19,154993,rho,19,NA,0.00024517236262282813,0.0987592988070429
jodie_lastfm,19,154993,mean_P,NA,NA,0.1390137483288719,NA
jodie_lastfm,19,154993,median_P,NA,NA,0.10526315789473684,NA
jodie_lastfm,19,154993,relative_survival,4,0.2,0.23317182066286865,0.4388456252863033
jodie_lastfm,19,154993,relative_survival,8,0.4,0.051557167097868936,0.2505919622176485
jodie_lastfm,19,154993,relative_survival,12,0.6,0.010361758272954262,0.16800758743943275
jodie_lastfm,19,154993,relative_survival,16,0.8,0.0016516874955643157,0.12219261515036163
jodie_lastfm,19,154993,relative_survival,19,1.0,0.00024517236262282813,0.0987592988070429
jodie_lastfm,20,154993,rho,2,NA,0.5662836386159374,0.6818695037840419
jodie_lastfm,20,154993,rho,3,NA,0.3597968940532798,0.5321337092642894
jodie_lastfm,20,154993,rho,4,NA,0.23812043124528204,0.4388456252863033
jodie_lastfm,20,154993,rho,5,NA,0.1614976160213687,0.37162968650197103
jodie_lastfm,20,154993,rho,6,NA,0.11125018549224804,0.32126612169581853
jodie_lastfm,20,154993,rho,7,NA,0.07666152664959063,0.2816191698979954
jodie_lastfm,20,154993,rho,8,NA,0.054350841650913265,0.2505919622176485
jodie_lastfm,20,154993,rho,9,NA,0.03781461098243147,0.22421657752285587
jodie_lastfm,20,154993,rho,10,NA,0.0255882523726878,0.2022801029723923
jodie_lastfm,20,154993,rho,11,NA,0.017658862013123174,0.18407282909550754
jodie_lastfm,20,154993,rho,12,NA,0.012032801481357222,0.16800758743943275
jodie_lastfm,20,154993,rho,13,NA,0.008110043679391972,0.15441987702670443
jodie_lastfm,20,154993,rho,14,NA,0.005413147690540863,0.14229674888543353
jodie_lastfm,20,154993,rho,15,NA,0.0035162878323537193,0.1317220777712542
jodie_lastfm,20,154993,rho,16,NA,0.002096868890853135,0.12219261515036163
jodie_lastfm,20,154993,rho,17,NA,0.0011161794403618229,0.11359867865000355
jodie_lastfm,20,154993,rho,18,NA,0.0006451904279548108,0.10587574922738446
jodie_lastfm,20,154993,rho,19,NA,0.0004645371081274638,0.0987592988070429
jodie_lastfm,20,154993,rho,20,NA,0.00023872045834328001,0.09244933642164485
jodie_lastfm,20,154993,mean_P,NA,NA,0.13413283180530736,NA
jodie_lastfm,20,154993,median_P,NA,NA,0.1,NA
jodie_lastfm,20,154993,relative_survival,4,0.2,0.23812043124528204,0.4388456252863033
jodie_lastfm,20,154993,relative_survival,8,0.4,0.054350841650913265,0.2505919622176485
jodie_lastfm,20,154993,relative_survival,12,0.6,0.012032801481357222,0.16800758743943275
jodie_lastfm,20,154993,relative_survival,16,0.8,0.002096868890853135,0.12219261515036163
jodie_lastfm,20,154993,relative_survival,20,1.0,0.00023872045834328001,0.09244933642164485
jodie_mooc,2,178443,rho,2,NA,0.06107832753316185,0.5397465857444674
jodie_mooc,2,178443,mean_P,NA,NA,0.530539163766581,NA
jodie_mooc,2,178443,median_P,NA,NA,0.5,NA
jodie_mooc,2,178443,relative_survival,1,0.2,1.0,1.0
jodie_mooc,2,178443,relative_survival,1,0.4,1.0,1.0
jodie_mooc,2,178443,relative_survival,2,0.6,0.06107832753316185,0.5397465857444674
jodie_mooc,2,178443,relative_survival,2,0.8,0.06107832753316185,0.5397465857444674
jodie_mooc,2,178443,relative_survival,2,1.0,0.06107832753316185,0.5397465857444674
jodie_mooc,3,178443,rho,2,NA,0.1007828830494892,0.5397465857444674
jodie_mooc,3,178443,rho,3,NA,0.005839399696261551,0.29283300549755387
jodie_mooc,3,178443,mean_P,NA,NA,0.3688740942485834,NA
jodie_mooc,3,178443,median_P,NA,NA,0.3333333333333333,NA
jodie_mooc,3,178443,relative_survival,1,0.2,1.0,1.0
jodie_mooc,3,178443,relative_survival,2,0.4,0.1007828830494892,0.5397465857444674
jodie_mooc,3,178443,relative_survival,2,0.6,0.1007828830494892,0.5397465857444674
jodie_mooc,3,178443,relative_survival,3,0.8,0.005839399696261551,0.29283300549755387
jodie_mooc,3,178443,relative_survival,3,1.0,0.005839399696261551,0.29283300549755387
jodie_mooc,4,178443,rho,2,NA,0.12019524441978671,0.5397465857444674
jodie_mooc,4,178443,rho,3,NA,0.011124000381074068,0.29283300549755387
jodie_mooc,4,178443,rho,4,NA,0.000997517414524526,0.1670897709632768
jodie_mooc,4,178443,mean_P,NA,NA,0.28307919055384634,NA
jodie_mooc,4,178443,median_P,NA,NA,0.25,NA
jodie_mooc,4,178443,relative_survival,1,0.2,1.0,1.0
jodie_mooc,4,178443,relative_survival,2,0.4,0.12019524441978671,0.5397465857444674
jodie_mooc,4,178443,relative_survival,3,0.6,0.011124000381074068,0.29283300549755387
jodie_mooc,4,178443,relative_survival,4,0.8,0.000997517414524526,0.1670897709632768
jodie_mooc,4,178443,relative_survival,4,1.0,0.000997517414524526,0.1670897709632768
jodie_mooc,5,178443,rho,2,NA,0.14028569347074415,0.5397465857444674
jodie_mooc,5,178443,rho,3,NA,0.017843232853067926,0.29283300549755387
jodie_mooc,5,178443,rho,4,NA,0.002549833840498086,0.1670897709632768
jodie_mooc,5,178443,rho,5,NA,0.00046513452475020035,0.0981601968135483
jodie_mooc,5,178443,mean_P,NA,NA,0.2322287789378121,NA
jodie_mooc,5,178443,median_P,NA,NA,0.2,NA
jodie_mooc,5,178443,relative_survival,1,0.2,1.0,1.0
jodie_mooc,5,178443,relative_survival,2,0.4,0.14028569347074415,0.5397465857444674
jodie_mooc,5,178443,relative_survival,3,0.6,0.017843232853067926,0.29283300549755387
jodie_mooc,5,178443,relative_survival,4,0.8,0.002549833840498086,0.1670897709632768
jodie_mooc,5,178443,relative_survival,5,1.0,0.00046513452475020035,0.0981601968135483
jodie_mooc,6,178443,rho,2,NA,0.15132563339553806,0.5397465857444674
jodie_mooc,6,178443,rho,3,NA,0.023318370572115464,0.29283300549755387
jodie_mooc,6,178443,rho,4,NA,0.003889197110561916,0.1670897709632768
jodie_mooc,6,178443,rho,5,NA,0.0008350005323828897,0.0981601968135483
jodie_mooc,6,178443,rho,6,NA,0.00020174509507237605,0.06193014015680077
jodie_mooc,6,178443,mean_P,NA,NA,0.19659499111761175,NA
jodie_mooc,6,178443,median_P,NA,NA,0.16666666666666666,NA
jodie_mooc,6,178443,relative_survival,2,0.2,0.15132563339553806,0.5397465857444674
jodie_mooc,6,178443,relative_survival,3,0.4,0.023318370572115464,0.29283300549755387
jodie_mooc,6,178443,relative_survival,4,0.6,0.003889197110561916,0.1670897709632768
jodie_mooc,6,178443,relative_survival,5,0.8,0.0008350005323828897,0.0981601968135483
jodie_mooc,6,178443,relative_survival,6,1.0,0.00020174509507237605,0.06193014015680077
jodie_mooc,7,178443,rho,2,NA,0.1611102705065483,0.5397465857444674
jodie_mooc,7,178443,rho,3,NA,0.02831716570557545,0.29283300549755387
jodie_mooc,7,178443,rho,4,NA,0.005391077262767383,0.1670897709632768
jodie_mooc,7,178443,rho,5,NA,0.0012777189354583817,0.0981601968135483
jodie_mooc,7,178443,rho,6,NA,0.000397886159726075,0.06193014015680077
jodie_mooc,7,178443,rho,7,NA,6.724836502412535e-05,0.04030979080154447
jodie_mooc,7,178443,mean_P,NA,NA,0.17093733813358564,NA
jodie_mooc,7,178443,median_P,NA,NA,0.14285714285714285,NA
jodie_mooc,7,178443,relative_survival,2,0.2,0.1611102705065483,0.5397465857444674
jodie_mooc,7,178443,relative_survival,3,0.4,0.02831716570557545,0.29283300549755387
jodie_mooc,7,178443,relative_survival,5,0.6,0.0012777189354583817,0.0981601968135483
jodie_mooc,7,178443,relative_survival,6,0.8,0.000397886159726075,0.06193014015680077
jodie_mooc,7,178443,relative_survival,7,1.0,6.724836502412535e-05,0.04030979080154447
jodie_mooc,8,178443,rho,2,NA,0.16432698396686898,0.5397465857444674
jodie_mooc,8,178443,rho,3,NA,0.03137136228375448,0.29283300549755387
jodie_mooc,8,178443,rho,4,NA,0.006338158403523814,0.1670897709632768
jodie_mooc,8,178443,rho,5,NA,0.0017260413689525506,0.0981601968135483
jodie_mooc,8,178443,rho,6,NA,0.0005660070722863883,0.06193014015680077
jodie_mooc,8,178443,rho,7,NA,0.00015130882130428205,0.04030979080154447
jodie_mooc,8,178443,rho,8,NA,5.604030418677113e-05,0.027420520838587113
jodie_mooc,8,178443,mean_P,NA,NA,0.15056698777760966,NA
jodie_mooc,8,178443,median_P,NA,NA,0.125,NA
jodie_mooc,8,178443,relative_survival,2,0.2,0.16432698396686898,0.5397465857444674
jodie_mooc,8,178443,relative_survival,4,0.4,0.006338158403523814,0.1670897709632768
jodie_mooc,8,178443,relative_survival,5,0.6,0.0017260413689525506,0.0981601968135483
jodie_mooc,8,178443,relative_survival,7,0.8,0.00015130882130428205,0.04030979080154447
jodie_mooc,8,178443,relative_survival,8,1.0,5.604030418677113e-05,0.027420520838587113
jodie_mooc,9,178443,rho,2,NA,0.17479531278895782,0.5397465857444674
jodie_mooc,9,178443,rho,3,NA,0.03512606266426814,0.29283300549755387
jodie_mooc,9,178443,rho,4,NA,0.007727957947355738,0.1670897709632768
jodie_mooc,9,178443,rho,5,NA,0.0020566791636545,0.0981601968135483
jodie_mooc,9,178443,rho,6,NA,0.0006892957414972848,0.06193014015680077
jodie_mooc,9,178443,rho,7,NA,0.0002802015209338556,0.04030979080154447
jodie_mooc,9,178443,rho,8,NA,9.526851711751092e-05,0.027420520838587113
jodie_mooc,9,178443,rho,9,NA,1.6812091256031338e-05,0.019345113005273393
jodie_mooc,9,178443,mean_P,NA,NA,0.13564306560389344,NA
jodie_mooc,9,178443,median_P,NA,NA,0.1111111111111111,NA
jodie_mooc,9,178443,relative_survival,2,0.2,0.17479531278895782,0.5397465857444674
jodie_mooc,9,178443,relative_survival,4,0.4,0.007727957947355738,0.1670897709632768
jodie_mooc,9,178443,relative_survival,6,0.6,0.0006892957414972848,0.06193014015680077
jodie_mooc,9,178443,relative_survival,8,0.8,9.526851711751092e-05,0.027420520838587113
jodie_mooc,9,178443,relative_survival,9,1.0,1.6812091256031338e-05,0.019345113005273393
jodie_mooc,10,178443,rho,2,NA,0.17887504693375475,0.5397465857444674
jodie_mooc,10,178443,rho,3,NA,0.03811301087742304,0.29283300549755387
jodie_mooc,10,178443,rho,4,NA,0.0088879922440219,0.1670897709632768
jodie_mooc,10,178443,rho,5,NA,0.002538625779660732,0.0981601968135483
jodie_mooc,10,178443,rho,6,NA,0.0009246650190817236,0.06193014015680077
jodie_mooc,10,178443,rho,7,NA,0.00042030228140078343,0.04030979080154447
jodie_mooc,10,178443,rho,8,NA,0.00017372494297899048,0.027420520838587113
jodie_mooc,10,178443,rho,9,NA,5.043627376809401e-05,0.019345113005273393
jodie_mooc,10,178443,rho,10,NA,5.604030418677112e-06,0.01399326395543675
jodie_mooc,10,178443,mean_P,NA,NA,0.12299894083825089,NA
jodie_mooc,10,178443,median_P,NA,NA,0.1,NA
jodie_mooc,10,178443,relative_survival,2,0.2,0.17887504693375475,0.5397465857444674
jodie_mooc,10,178443,relative_survival,4,0.4,0.0088879922440219,0.1670897709632768
jodie_mooc,10,178443,relative_survival,6,0.6,0.0009246650190817236,0.06193014015680077
jodie_mooc,10,178443,relative_survival,8,0.8,0.00017372494297899048,0.027420520838587113
jodie_mooc,10,178443,relative_survival,10,1.0,5.604030418677112e-06,0.01399326395543675
jodie_mooc,11,178443,rho,2,NA,0.18159860571723183,0.5397465857444674
jodie_mooc,11,178443,rho,3,NA,0.03939072981288142,0.29283300549755387
jodie_mooc,11,178443,rho,4,NA,0.010395476426646044,0.1670897709632768
jodie_mooc,11,178443,rho,5,NA,0.0029253038785494526,0.0981601968135483
jodie_mooc,11,178443,rho,6,NA,0.0010703698099673285,0.06193014015680077
jodie_mooc,11,178443,rho,7,NA,0.0004034901901447521,0.04030979080154447
jodie_mooc,11,178443,rho,8,NA,0.00018493300381634473,0.027420520838587113
jodie_mooc,11,178443,rho,9,NA,6.164433460544824e-05,0.019345113005273393
jodie_mooc,11,178443,rho,10,NA,1.6812091256031338e-05,0.01399326395543675
jodie_mooc,11,178443,rho,11,NA,5.604030418677112e-06,0.01005363057110674
jodie_mooc,11,178443,mean_P,NA,NA,0.11236845175413795,NA
jodie_mooc,11,178443,median_P,NA,NA,0.09090909090909091,NA
jodie_mooc,11,178443,relative_survival,3,0.2,0.03939072981288142,0.29283300549755387
jodie_mooc,11,178443,relative_survival,5,0.4,0.0029253038785494526,0.0981601968135483
jodie_mooc,11,178443,relative_survival,7,0.6,0.0004034901901447521,0.04030979080154447
jodie_mooc,11,178443,relative_survival,9,0.8,6.164433460544824e-05,0.019345113005273393
jodie_mooc,11,178443,relative_survival,11,1.0,5.604030418677112e-06,0.01005363057110674
jodie_mooc,12,178443,rho,2,NA,0.18590250107877584,0.5397465857444674
jodie_mooc,12,178443,rho,3,NA,0.04165475810202698,0.29283300549755387
jodie_mooc,12,178443,rho,4,NA,0.01119685277651687,0.1670897709632768
jodie_mooc,12,178443,rho,5,NA,0.0032615457036700795,0.0981601968135483
jodie_mooc,12,178443,rho,6,NA,0.0012721149050397046,0.06193014015680077
jodie_mooc,12,178443,rho,7,NA,0.0005155707985182944,0.04030979080154447
jodie_mooc,12,178443,rho,8,NA,0.0002633894296778243,0.027420520838587113
jodie_mooc,12,178443,rho,9,NA,0.00010087254753618803,0.019345113005273393
jodie_mooc,12,178443,rho,10,NA,2.8020152093385564e-05,0.01399326395543675
jodie_mooc,12,178443,rho,11,NA,1.1208060837354225e-05,0.01005363057110674
jodie_mooc,12,178443,rho,12,NA,0.0,0.007722353916937061
jodie_mooc,12,178443,mean_P,NA,NA,0.10368390279622439,NA
jodie_mooc,12,178443,median_P,NA,NA,0.08333333333333333,NA
jodie_mooc,12,178443,relative_survival,3,0.2,0.04165475810202698,0.29283300549755387
jodie_mooc,12,178443,relative_survival,5,0.4,0.0032615457036700795,0.0981601968135483
jodie_mooc,12,178443,relative_survival,8,0.6,0.0002633894296778243,0.027420520838587113
jodie_mooc,12,178443,relative_survival,10,0.8,2.8020152093385564e-05,0.01399326395543675
jodie_mooc,12,178443,relative_survival,12,1.0,0.0,0.007722353916937061
jodie_mooc,13,178443,rho,2,NA,0.1905202221437658,0.5397465857444674
jodie_mooc,13,178443,rho,3,NA,0.04418777985126903,0.29283300549755387
jodie_mooc,13,178443,rho,4,NA,0.012603464411604827,0.1670897709632768
jodie_mooc,13,178443,rho,5,NA,0.003777116502188374,0.0981601968135483
jodie_mooc,13,178443,rho,6,NA,0.0015467123955548831,0.06193014015680077
jodie_mooc,13,178443,rho,7,NA,0.0006780876806599306,0.04030979080154447
jodie_mooc,13,178443,rho,8,NA,0.00031942973386459543,0.027420520838587113
jodie_mooc,13,178443,rho,9,NA,0.00014570479088560492,0.019345113005273393
jodie_mooc,13,178443,rho,10,NA,4.48322433494169e-05,0.01399326395543675
jodie_mooc,13,178443,rho,11,NA,1.1208060837354225e-05,0.01005363057110674
jodie_mooc,13,178443,rho,12,NA,1.1208060837354225e-05,0.007722353916937061
jodie_mooc,13,178443,rho,13,NA,0.0,0.0058898359700296455
jodie_mooc,13,178443,mean_P,NA,NA,0.09644967429806285,NA
jodie_mooc,13,178443,median_P,NA,NA,0.07692307692307693,NA
jodie_mooc,13,178443,relative_survival,3,0.2,0.04418777985126903,0.29283300549755387
jodie_mooc,13,178443,relative_survival,6,0.4,0.0015467123955548831,0.06193014015680077
jodie_mooc,13,178443,relative_survival,8,0.6,0.00031942973386459543,0.027420520838587113
jodie_mooc,13,178443,relative_survival,11,0.8,1.1208060837354225e-05,0.01005363057110674
jodie_mooc,13,178443,relative_survival,13,1.0,0.0,0.0058898359700296455
jodie_mooc,14,178443,rho,2,NA,0.19366968723906233,0.5397465857444674
jodie_mooc,14,178443,rho,3,NA,0.04572328418598656,0.29283300549755387
jodie_mooc,14,178443,rho,4,NA,0.013404840761475653,0.1670897709632768
jodie_mooc,14,178443,rho,5,NA,0.004214230874845189,0.0981601968135483
jodie_mooc,14,178443,rho,6,NA,0.0016195647909976855,0.06193014015680077
jodie_mooc,14,178443,rho,7,NA,0.0007285239544280246,0.04030979080154447
jodie_mooc,14,178443,rho,8,NA,0.00038107406847004367,0.027420520838587113
jodie_mooc,14,178443,rho,9,NA,0.00019053703423502184,0.019345113005273393
jodie_mooc,14,178443,rho,10,NA,7.845642586147958e-05,0.01399326395543675
jodie_mooc,14,178443,rho,11,NA,3.3624182512062675e-05,0.01005363057110674
jodie_mooc,14,178443,rho,12,NA,1.1208060837354225e-05,0.007722353916937061
jodie_mooc,14,178443,rho,13,NA,5.604030418677112e-06,0.0058898359700296455
jodie_mooc,14,178443,rho,14,NA,0.0,0.004410371939498887
jodie_mooc,14,178443,mean_P,NA,NA,0.09000433111493786,NA
jodie_mooc,14,178443,median_P,NA,NA,0.07142857142857142,NA
jodie_mooc,14,178443,relative_survival,3,0.2,0.04572328418598656,0.29283300549755387
jodie_mooc,14,178443,relative_survival,6,0.4,0.0016195647909976855,0.06193014015680077
jodie_mooc,14,178443,relative_survival,9,0.6,0.00019053703423502184,0.019345113005273393
jodie_mooc,14,178443,relative_survival,12,0.8,1.1208060837354225e-05,0.007722353916937061
jodie_mooc,14,178443,relative_survival,14,1.0,0.0,0.004410371939498887
jodie_mooc,15,178443,rho,2,NA,0.19616348077537366,0.5397465857444674
jodie_mooc,15,178443,rho,3,NA,0.04690013057390875,0.29283300549755387
jodie_mooc,15,178443,rho,4,NA,0.014178196959253094,0.1670897709632768
jodie_mooc,15,178443,rho,5,NA,0.004528056578291107,0.0981601968135483
jodie_mooc,15,178443,rho,6,NA,0.0018157058556513845,0.06193014015680077
jodie_mooc,15,178443,rho,7,NA,0.0007789602281961187,0.04030979080154447
jodie_mooc,15,178443,rho,8,NA,0.000397886159726075,0.027420520838587113
jodie_mooc,15,178443,rho,9,NA,0.00020734912549105316,0.019345113005273393
jodie_mooc,15,178443,rho,10,NA,0.00010647657795486513,0.01399326395543675
jodie_mooc,15,178443,rho,11,NA,4.48322433494169e-05,0.01005363057110674
jodie_mooc,15,178443,rho,12,NA,1.6812091256031338e-05,0.007722353916937061
jodie_mooc,15,178443,rho,13,NA,0.0,0.0058898359700296455
jodie_mooc,15,178443,rho,14,NA,0.0,0.004410371939498887
jodie_mooc,15,178443,rho,15,NA,0.0,0.0034072504945556843
jodie_mooc,15,178443,mean_P,NA,NA,0.08434252581123011,NA
jodie_mooc,15,178443,median_P,NA,NA,0.06666666666666667,NA
jodie_mooc,15,178443,relative_survival,3,0.2,0.04690013057390875,0.29283300549755387
jodie_mooc,15,178443,relative_survival,6,0.4,0.0018157058556513845,0.06193014015680077
jodie_mooc,15,178443,relative_survival,9,0.6,0.00020734912549105316,0.019345113005273393
jodie_mooc,15,178443,relative_survival,12,0.8,1.6812091256031338e-05,0.007722353916937061
jodie_mooc,15,178443,relative_survival,15,1.0,0.0,0.0034072504945556843
jodie_mooc,16,178443,rho,2,NA,0.19788391811390751,0.5397465857444674
jodie_mooc,16,178443,rho,3,NA,0.048278722056903325,0.29283300549755387
jodie_mooc,16,178443,rho,4,NA,0.014889908822425088,0.1670897709632768
jodie_mooc,16,178443,rho,5,NA,0.004937150798854536,0.0981601968135483
jodie_mooc,16,178443,rho,6,NA,0.0020566791636545,0.06193014015680077
jodie_mooc,16,178443,rho,7,NA,0.000947081140756432,0.04030979080154447
jodie_mooc,16,178443,rho,8,NA,0.00046513452475020035,0.027420520838587113
jodie_mooc,16,178443,rho,9,NA,0.0002577853992591472,0.019345113005273393
jodie_mooc,16,178443,rho,10,NA,0.00011768463879221936,0.01399326395543675
jodie_mooc,16,178443,rho,11,NA,5.604030418677113e-05,0.01005363057110674
jodie_mooc,16,178443,rho,12,NA,2.241612167470845e-05,0.007722353916937061
jodie_mooc,16,178443,rho,13,NA,5.604030418677112e-06,0.0058898359700296455
jodie_mooc,16,178443,rho,14,NA,0.0,0.004410371939498887
jodie_mooc,16,178443,rho,15,NA,0.0,0.0034072504945556843
jodie_mooc,16,178443,rho,16,NA,0.0,0.002734766844314431
jodie_mooc,16,178443,mean_P,NA,NA,0.07936988281972394,NA
jodie_mooc,16,178443,median_P,NA,NA,0.0625,NA
jodie_mooc,16,178443,relative_survival,4,0.2,0.014889908822425088,0.1670897709632768
jodie_mooc,16,178443,relative_survival,7,0.4,0.000947081140756432,0.04030979080154447
jodie_mooc,16,178443,relative_survival,10,0.6,0.00011768463879221936,0.01399326395543675
jodie_mooc,16,178443,relative_survival,13,0.8,5.604030418677112e-06,0.0058898359700296455
jodie_mooc,16,178443,relative_survival,16,1.0,0.0,0.002734766844314431
jodie_mooc,17,178443,rho,2,NA,0.20055143659319782,0.5397465857444674
jodie_mooc,17,178443,rho,3,NA,0.049270635441009174,0.29283300549755387
jodie_mooc,17,178443,rho,4,NA,0.015366251408012642,0.1670897709632768
jodie_mooc,17,178443,rho,5,NA,0.0053238288977432565,0.0981601968135483
jodie_mooc,17,178443,rho,6,NA,0.002185571863284074,0.06193014015680077
jodie_mooc,17,178443,rho,7,NA,0.0010311415970365887,0.04030979080154447
jodie_mooc,17,178443,rho,8,NA,0.0005043627376809402,0.027420520838587113
jodie_mooc,17,178443,rho,9,NA,0.00029701361218988694,0.019345113005273393
jodie_mooc,17,178443,rho,10,NA,0.00019614106465369894,0.01399326395543675
jodie_mooc,17,178443,rho,11,NA,7.845642586147958e-05,0.01005363057110674
jodie_mooc,17,178443,rho,12,NA,3.3624182512062675e-05,0.007722353916937061
jodie_mooc,17,178443,rho,13,NA,1.6812091256031338e-05,0.0058898359700296455
jodie_mooc,17,178443,rho,14,NA,1.1208060837354225e-05,0.004410371939498887
jodie_mooc,17,178443,rho,15,NA,5.604030418677112e-06,0.0034072504945556843
jodie_mooc,17,178443,rho,16,NA,0.0,0.002734766844314431
jodie_mooc,17,178443,rho,17,NA,0.0,0.00209590737658524
jodie_mooc,17,178443,mean_P,NA,NA,0.07499247576504081,NA
jodie_mooc,17,178443,median_P,NA,NA,0.058823529411764705,NA
jodie_mooc,17,178443,relative_survival,4,0.2,0.015366251408012642,0.1670897709632768
jodie_mooc,17,178443,relative_survival,7,0.4,0.0010311415970365887,0.04030979080154447
jodie_mooc,17,178443,relative_survival,11,0.6,7.845642586147958e-05,0.01005363057110674
jodie_mooc,17,178443,relative_survival,14,0.8,1.1208060837354225e-05,0.004410371939498887
jodie_mooc,17,178443,relative_survival,17,1.0,0.0,0.00209590737658524
jodie_mooc,18,178443,rho,2,NA,0.20253526336140953,0.5397465857444674
jodie_mooc,18,178443,rho,3,NA,0.050940636505774954,0.29283300549755387
jodie_mooc,18,178443,rho,4,NA,0.015999506845323155,0.1670897709632768
jodie_mooc,18,178443,rho,5,NA,0.005671278783701238,0.0981601968135483
jodie_mooc,18,178443,rho,6,NA,0.0022640282891455534,0.06193014015680077
jodie_mooc,18,178443,rho,7,NA,0.001092785931642037,0.04030979080154447
jodie_mooc,18,178443,rho,8,NA,0.0005379869201930028,0.027420520838587113
jodie_mooc,18,178443,rho,9,NA,0.00033624182512062675,0.019345113005273393
jodie_mooc,18,178443,rho,10,NA,0.00018493300381634473,0.01399326395543675
jodie_mooc,18,178443,rho,11,NA,9.526851711751092e-05,0.01005363057110674
jodie_mooc,18,178443,rho,12,NA,5.043627376809401e-05,0.007722353916937061
jodie_mooc,18,178443,rho,13,NA,2.241612167470845e-05,0.0058898359700296455
jodie_mooc,18,178443,rho,14,NA,1.1208060837354225e-05,0.004410371939498887
jodie_mooc,18,178443,rho,15,NA,1.1208060837354225e-05,0.0034072504945556843
jodie_mooc,18,178443,rho,16,NA,0.0,0.002734766844314431
jodie_mooc,18,178443,rho,17,NA,0.0,0.00209590737658524
jodie_mooc,18,178443,rho,18,NA,0.0,0.0017036252472778421
jodie_mooc,18,178443,mean_P,NA,NA,0.07109739991668676,NA
jodie_mooc,18,178443,median_P,NA,NA,0.05555555555555555,NA
jodie_mooc,18,178443,relative_survival,4,0.2,0.015999506845323155,0.1670897709632768
jodie_mooc,18,178443,relative_survival,8,0.4,0.0005379869201930028,0.027420520838587113
jodie_mooc,18,178443,relative_survival,11,0.6,9.526851711751092e-05,0.01005363057110674
jodie_mooc,18,178443,relative_survival,15,0.8,1.1208060837354225e-05,0.0034072504945556843
jodie_mooc,18,178443,relative_survival,18,1.0,0.0,0.0017036252472778421
jodie_mooc,19,178443,rho,2,NA,0.20574076876089284,0.5397465857444674
jodie_mooc,19,178443,rho,3,NA,0.052218355441233336,0.29283300549755387
jodie_mooc,19,178443,rho,4,NA,0.016952192016498266,0.1670897709632768
jodie_mooc,19,178443,rho,5,NA,0.006153225399707469,0.0981601968135483
jodie_mooc,19,178443,rho,6,NA,0.002533021749242055,0.06193014015680077
jodie_mooc,19,178443,rho,7,NA,0.0011600342966661622,0.04030979080154447
jodie_mooc,19,178443,rho,8,NA,0.0006668796198225764,0.027420520838587113
jodie_mooc,19,178443,rho,9,NA,0.00032503376428327254,0.019345113005273393
jodie_mooc,19,178443,rho,10,NA,0.00018493300381634473,0.01399326395543675
jodie_mooc,19,178443,rho,11,NA,0.00010087254753618803,0.01005363057110674
jodie_mooc,19,178443,rho,12,NA,5.043627376809401e-05,0.007722353916937061
jodie_mooc,19,178443,rho,13,NA,2.8020152093385564e-05,0.0058898359700296455
jodie_mooc,19,178443,rho,14,NA,1.6812091256031338e-05,0.004410371939498887
jodie_mooc,19,178443,rho,15,NA,5.604030418677112e-06,0.0034072504945556843
jodie_mooc,19,178443,rho,16,NA,0.0,0.002734766844314431
jodie_mooc,19,178443,rho,17,NA,0.0,0.00209590737658524
jodie_mooc,19,178443,rho,18,NA,0.0,0.0017036252472778421
jodie_mooc,19,178443,rho,19,NA,0.0,0.0013729874525758926
jodie_mooc,19,178443,mean_P,NA,NA,0.06769137837617022,NA
jodie_mooc,19,178443,median_P,NA,NA,0.05263157894736842,NA
jodie_mooc,19,178443,relative_survival,4,0.2,0.016952192016498266,0.1670897709632768
jodie_mooc,19,178443,relative_survival,8,0.4,0.0006668796198225764,0.027420520838587113
jodie_mooc,19,178443,relative_survival,12,0.6,5.043627376809401e-05,0.007722353916937061
jodie_mooc,19,178443,relative_survival,16,0.8,0.0,0.002734766844314431
jodie_mooc,19,178443,relative_survival,19,1.0,0.0,0.0013729874525758926
jodie_mooc,20,178443,rho,2,NA,0.20744999803858935,0.5397465857444674
jodie_mooc,20,178443,rho,3,NA,0.05338399376831818,0.29283300549755387
jodie_mooc,20,178443,rho,4,NA,0.017316453993712278,0.1670897709632768
jodie_mooc,20,178443,rho,5,NA,0.006298930190593075,0.0981601968135483
jodie_mooc,20,178443,rho,6,NA,0.0028076192397572335,0.06193014015680077
jodie_mooc,20,178443,rho,7,NA,0.0012553028137836733,0.04030979080154447
jodie_mooc,20,178443,rho,8,NA,0.0006780876806599306,0.027420520838587113
jodie_mooc,20,178443,rho,9,NA,0.0004146982509821063,0.019345113005273393
jodie_mooc,20,178443,rho,10,NA,0.00021295315590973027,0.01399326395543675
jodie_mooc,20,178443,rho,11,NA,0.00015130882130428205,0.01005363057110674
jodie_mooc,20,178443,rho,12,NA,5.604030418677113e-05,0.007722353916937061
jodie_mooc,20,178443,rho,13,NA,3.922821293073979e-05,0.0058898359700296455
jodie_mooc,20,178443,rho,14,NA,1.6812091256031338e-05,0.004410371939498887
jodie_mooc,20,178443,rho,15,NA,1.1208060837354225e-05,0.0034072504945556843
jodie_mooc,20,178443,rho,16,NA,0.0,0.002734766844314431
jodie_mooc,20,178443,rho,17,NA,0.0,0.00209590737658524
jodie_mooc,20,178443,rho,18,NA,0.0,0.0017036252472778421
jodie_mooc,20,178443,rho,19,NA,0.0,0.0013729874525758926
jodie_mooc,20,178443,rho,20,NA,0.0,0.0010703698099673285
jodie_mooc,20,178443,mean_P,NA,NA,0.06450463173114103,NA
jodie_mooc,20,178443,median_P,NA,NA,0.05,NA
jodie_mooc,20,178443,relative_survival,4,0.2,0.017316453993712278,0.1670897709632768
jodie_mooc,20,178443,relative_survival,8,0.4,0.0006780876806599306,0.027420520838587113
jodie_mooc,20,178443,relative_survival,12,0.6,5.604030418677113e-05,0.007722353916937061
jodie_mooc,20,178443,relative_survival,16,0.8,0.0,0.002734766844314431
jodie_mooc,20,178443,relative_survival,20,1.0,0.0,0.0010703698099673285
copenhagen_bluetooth,2,79530,rho,2,NA,0.35353954482585187,0.7412297246322143
copenhagen_bluetooth,2,79530,mean_P,NA,NA,0.6767697724129259,NA
copenhagen_bluetooth,2,79530,median_P,NA,NA,0.5,NA
copenhagen_bluetooth,2,79530,relative_survival,1,0.2,1.0,1.0
copenhagen_bluetooth,2,79530,relative_survival,1,0.4,1.0,1.0
copenhagen_bluetooth,2,79530,relative_survival,2,0.6,0.35353954482585187,0.7412297246322143
copenhagen_bluetooth,2,79530,relative_survival,2,0.8,0.35353954482585187,0.7412297246322143
copenhagen_bluetooth,2,79530,relative_survival,2,1.0,0.35353954482585187,0.7412297246322143
copenhagen_bluetooth,3,79530,rho,2,NA,0.4046900540676474,0.7412297246322143
copenhagen_bluetooth,3,79530,rho,3,NA,0.1453288067395951,0.6266063120834905
copenhagen_bluetooth,3,79530,mean_P,NA,NA,0.516672953602414,NA
copenhagen_bluetooth,3,79530,median_P,NA,NA,0.3333333333333333,NA
copenhagen_bluetooth,3,79530,relative_survival,1,0.2,1.0,1.0
copenhagen_bluetooth,3,79530,relative_survival,2,0.4,0.4046900540676474,0.7412297246322143
copenhagen_bluetooth,3,79530,relative_survival,2,0.6,0.4046900540676474,0.7412297246322143
copenhagen_bluetooth,3,79530,relative_survival,3,0.8,0.1453288067395951,0.6266063120834905
copenhagen_bluetooth,3,79530,relative_survival,3,1.0,0.1453288067395951,0.6266063120834905
copenhagen_bluetooth,4,79530,rho,2,NA,0.43813655224443604,0.7412297246322143
copenhagen_bluetooth,4,79530,rho,3,NA,0.2033572236891739,0.6266063120834905
copenhagen_bluetooth,4,79530,rho,4,NA,0.08086256758455929,0.5567333081855903
copenhagen_bluetooth,4,79530,mean_P,NA,NA,0.4305890858795423,NA
copenhagen_bluetooth,4,79530,median_P,NA,NA,0.25,NA
copenhagen_bluetooth,4,79530,relative_survival,1,0.2,1.0,1.0
copenhagen_bluetooth,4,79530,relative_survival,2,0.4,0.43813655224443604,0.7412297246322143
copenhagen_bluetooth,4,79530,relative_survival,3,0.6,0.2033572236891739,0.6266063120834905
copenhagen_bluetooth,4,79530,relative_survival,4,0.8,0.08086256758455929,0.5567333081855903
copenhagen_bluetooth,4,79530,relative_survival,4,1.0,0.08086256758455929,0.5567333081855903
copenhagen_bluetooth,5,79530,rho,2,NA,0.44692568841946434,0.7412297246322143
copenhagen_bluetooth,5,79530,rho,3,NA,0.22074688796680497,0.6266063120834905
copenhagen_bluetooth,5,79530,rho,4,NA,0.1074311580535647,0.5567333081855903
copenhagen_bluetooth,5,79530,rho,5,NA,0.041518923676600025,0.5068401860932982
copenhagen_bluetooth,5,79530,mean_P,NA,NA,0.36332453162328676,NA
copenhagen_bluetooth,5,79530,median_P,NA,NA,0.2,NA
copenhagen_bluetooth,5,79530,relative_survival,1,0.2,1.0,1.0
copenhagen_bluetooth,5,79530,relative_survival,2,0.4,0.44692568841946434,0.7412297246322143
copenhagen_bluetooth,5,79530,relative_survival,3,0.6,0.22074688796680497,0.6266063120834905
copenhagen_bluetooth,5,79530,relative_survival,4,0.8,0.1074311580535647,0.5567333081855903
copenhagen_bluetooth,5,79530,relative_survival,5,1.0,0.041518923676600025,0.5068401860932982
copenhagen_bluetooth,6,79530,rho,2,NA,0.4555136426505721,0.7412297246322143
copenhagen_bluetooth,6,79530,rho,3,NA,0.23119577517917766,0.6266063120834905
copenhagen_bluetooth,6,79530,rho,4,NA,0.11926317113039105,0.5567333081855903
copenhagen_bluetooth,6,79530,rho,5,NA,0.05978875895888344,0.5068401860932982
copenhagen_bluetooth,6,79530,rho,6,NA,0.02511002137558154,0.46903055450773296
copenhagen_bluetooth,6,79530,mean_P,NA,NA,0.3151452282157676,NA
copenhagen_bluetooth,6,79530,median_P,NA,NA,0.16666666666666666,NA
copenhagen_bluetooth,6,79530,relative_survival,2,0.2,0.4555136426505721,0.7412297246322143
copenhagen_bluetooth,6,79530,relative_survival,3,0.4,0.23119577517917766,0.6266063120834905
copenhagen_bluetooth,6,79530,relative_survival,4,0.6,0.11926317113039105,0.5567333081855903
copenhagen_bluetooth,6,79530,relative_survival,5,0.8,0.05978875895888344,0.5068401860932982
copenhagen_bluetooth,6,79530,relative_survival,6,1.0,0.02511002137558154,0.46903055450773296
copenhagen_bluetooth,7,79530,rho,2,NA,0.4636489375078587,0.7412297246322143
copenhagen_bluetooth,7,79530,rho,3,NA,0.23955739972337484,0.6266063120834905
copenhagen_bluetooth,7,79530,rho,4,NA,0.12825348924933988,0.5567333081855903
copenhagen_bluetooth,7,79530,rho,5,NA,0.06730793411291337,0.5068401860932982
copenhagen_bluetooth,7,79530,rho,6,NA,0.03374827109266943,0.46903055450773296
copenhagen_bluetooth,7,79530,rho,7,NA,0.01449767383377342,0.43806110901546585
copenhagen_bluetooth,7,79530,mean_P,NA,NA,0.27814481507427563,NA
copenhagen_bluetooth,7,79530,median_P,NA,NA,0.14285714285714285,NA
copenhagen_bluetooth,7,79530,relative_survival,2,0.2,0.4636489375078587,0.7412297246322143
copenhagen_bluetooth,7,79530,relative_survival,3,0.4,0.23955739972337484,0.6266063120834905
copenhagen_bluetooth,7,79530,relative_survival,5,0.6,0.06730793411291337,0.5068401860932982
copenhagen_bluetooth,7,79530,relative_survival,6,0.8,0.03374827109266943,0.46903055450773296
copenhagen_bluetooth,7,79530,relative_survival,7,1.0,0.01449767383377342,0.43806110901546585
copenhagen_bluetooth,8,79530,rho,2,NA,0.4690179806362379,0.7412297246322143
copenhagen_bluetooth,8,79530,rho,3,NA,0.2462592732302276,0.6266063120834905
copenhagen_bluetooth,8,79530,rho,4,NA,0.1389790016346033,0.5567333081855903
copenhagen_bluetooth,8,79530,rho,5,NA,0.08035961272475796,0.5068401860932982
copenhagen_bluetooth,8,79530,rho,6,NA,0.04820822331195775,0.46903055450773296
copenhagen_bluetooth,8,79530,rho,7,NA,0.027323022758707405,0.43806110901546585
copenhagen_bluetooth,8,79530,rho,8,NA,0.012460706651578021,0.41166855274739095
copenhagen_bluetooth,8,79530,mean_P,NA,NA,0.2528259776185087,NA
copenhagen_bluetooth,8,79530,median_P,NA,NA,0.125,NA
copenhagen_bluetooth,8,79530,relative_survival,2,0.2,0.4690179806362379,0.7412297246322143
copenhagen_bluetooth,8,79530,relative_survival,4,0.4,0.1389790016346033,0.5567333081855903
copenhagen_bluetooth,8,79530,relative_survival,5,0.6,0.08035961272475796,0.5068401860932982
copenhagen_bluetooth,8,79530,relative_survival,7,0.8,0.027323022758707405,0.43806110901546585
copenhagen_bluetooth,8,79530,relative_survival,8,1.0,0.012460706651578021,0.41166855274739095
copenhagen_bluetooth,9,79530,rho,2,NA,0.4730541933861436,0.7412297246322143
copenhagen_bluetooth,9,79530,rho,3,NA,0.250572111153024,0.6266063120834905
copenhagen_bluetooth,9,79530,rho,4,NA,0.14315352697095435,0.5567333081855903
copenhagen_bluetooth,9,79530,rho,5,NA,0.08361624544197158,0.5068401860932982
copenhagen_bluetooth,9,79530,rho,6,NA,0.04993084370677732,0.46903055450773296
copenhagen_bluetooth,9,79530,rho,7,NA,0.02976235382874387,0.43806110901546585
copenhagen_bluetooth,9,79530,rho,8,NA,0.01647177165849365,0.41166855274739095
copenhagen_bluetooth,9,79530,rho,9,NA,0.006110901546586194,0.389048157927826
copenhagen_bluetooth,9,79530,mean_P,NA,NA,0.22807466085474387,NA
copenhagen_bluetooth,9,79530,median_P,NA,NA,0.1111111111111111,NA
copenhagen_bluetooth,9,79530,relative_survival,2,0.2,0.4730541933861436,0.7412297246322143
copenhagen_bluetooth,9,79530,relative_survival,4,0.4,0.14315352697095435,0.5567333081855903
copenhagen_bluetooth,9,79530,relative_survival,6,0.6,0.04993084370677732,0.46903055450773296
copenhagen_bluetooth,9,79530,relative_survival,8,0.8,0.01647177165849365,0.41166855274739095
copenhagen_bluetooth,9,79530,relative_survival,9,1.0,0.006110901546586194,0.389048157927826
copenhagen_bluetooth,10,79530,rho,2,NA,0.46934490129510875,0.7412297246322143
copenhagen_bluetooth,10,79530,rho,3,NA,0.24999371306425247,0.6266063120834905
copenhagen_bluetooth,10,79530,rho,4,NA,0.1427134414686282,0.5567333081855903
copenhagen_bluetooth,10,79530,rho,5,NA,0.08404375707280272,0.5068401860932982
copenhagen_bluetooth,10,79530,rho,6,NA,0.05184207217402238,0.46903055450773296
copenhagen_bluetooth,10,79530,rho,7,NA,0.031308940022632965,0.43806110901546585
copenhagen_bluetooth,10,79530,rho,8,NA,0.01767886332201685,0.41166855274739095
copenhagen_bluetooth,10,79530,rho,9,NA,0.007695209354960392,0.389048157927826
copenhagen_bluetooth,10,79530,rho,10,NA,0.002665660756947064,0.3702879416572363
copenhagen_bluetooth,10,79530,mean_P,NA,NA,0.20572865585313724,NA
copenhagen_bluetooth,10,79530,median_P,NA,NA,0.1,NA
copenhagen_bluetooth,10,79530,relative_survival,2,0.2,0.46934490129510875,0.7412297246322143
copenhagen_bluetooth,10,79530,relative_survival,4,0.4,0.1427134414686282,0.5567333081855903
copenhagen_bluetooth,10,79530,relative_survival,6,0.6,0.05184207217402238,0.46903055450773296
copenhagen_bluetooth,10,79530,relative_survival,8,0.8,0.01767886332201685,0.41166855274739095
copenhagen_bluetooth,10,79530,relative_survival,10,1.0,0.002665660756947064,0.3702879416572363
copenhagen_bluetooth,11,79530,rho,2,NA,0.4730290456431535,0.7412297246322143
copenhagen_bluetooth,11,79530,rho,3,NA,0.25333836288193134,0.6266063120834905
copenhagen_bluetooth,11,79530,rho,4,NA,0.14630956871620773,0.5567333081855903
copenhagen_bluetooth,11,79530,rho,5,NA,0.08834402112410411,0.5068401860932982
copenhagen_bluetooth,11,79530,rho,6,NA,0.05581541556645291,0.46903055450773296
copenhagen_bluetooth,11,79530,rho,7,NA,0.035948698604300264,0.43806110901546585
copenhagen_bluetooth,11,79530,rho,8,NA,0.022167735445743745,0.41166855274739095
copenhagen_bluetooth,11,79530,rho,9,NA,0.012661888595498555,0.389048157927826
copenhagen_bluetooth,11,79530,rho,10,NA,0.005834276373695461,0.3702879416572363
copenhagen_bluetooth,11,79530,rho,11,NA,0.0013956997359486987,0.35254620897774425
copenhagen_bluetooth,11,79530,mean_P,NA,NA,0.1904404284260942,NA
copenhagen_bluetooth,11,79530,median_P,NA,NA,0.09090909090909091,NA
copenhagen_bluetooth,11,79530,relative_survival,3,0.2,0.25333836288193134,0.6266063120834905
copenhagen_bluetooth,11,79530,relative_survival,5,0.4,0.08834402112410411,0.5068401860932982
copenhagen_bluetooth,11,79530,relative_survival,7,0.6,0.035948698604300264,0.43806110901546585
copenhagen_bluetooth,11,79530,relative_survival,9,0.8,0.012661888595498555,0.389048157927826
copenhagen_bluetooth,11,79530,relative_survival,11,1.0,0.0013956997359486987,0.35254620897774425
copenhagen_bluetooth,12,79530,rho,2,NA,0.47813403747013705,0.7412297246322143
copenhagen_bluetooth,12,79530,rho,3,NA,0.25734942788884696,0.6266063120834905
copenhagen_bluetooth,12,79530,rho,4,NA,0.1499308437067773,0.5567333081855903
copenhagen_bluetooth,12,79530,rho,5,NA,0.09258141581793033,0.5068401860932982
copenhagen_bluetooth,12,79530,rho,6,NA,0.060744373192505974,0.46903055450773296
copenhagen_bluetooth,12,79530,rho,7,NA,0.04046271847101723,0.43806110901546585
copenhagen_bluetooth,12,79530,rho,8,NA,0.02733559663020244,0.41166855274739095
copenhagen_bluetooth,12,79530,rho,9,NA,0.01803093172387778,0.389048157927826
copenhagen_bluetooth,12,79530,rho,10,NA,0.011957751791776688,0.3702879416572363
copenhagen_bluetooth,12,79530,rho,11,NA,0.006488117691437194,0.35254620897774425
copenhagen_bluetooth,12,79530,rho,12,NA,0.0025022004275116307,0.33741984156921917
copenhagen_bluetooth,12,79530,mean_P,NA,NA,0.17879311790100175,NA
copenhagen_bluetooth,12,79530,median_P,NA,NA,0.08333333333333333,NA
copenhagen_bluetooth,12,79530,relative_survival,3,0.2,0.25734942788884696,0.6266063120834905
copenhagen_bluetooth,12,79530,relative_survival,5,0.4,0.09258141581793033,0.5068401860932982
copenhagen_bluetooth,12,79530,relative_survival,8,0.6,0.02733559663020244,0.41166855274739095
copenhagen_bluetooth,12,79530,relative_survival,10,0.8,0.011957751791776688,0.3702879416572363
copenhagen_bluetooth,12,79530,relative_survival,12,1.0,0.0025022004275116307,0.33741984156921917
copenhagen_bluetooth,13,79530,rho,2,NA,0.4758707406010311,0.7412297246322143
copenhagen_bluetooth,13,79530,rho,3,NA,0.2570853765874513,0.6266063120834905
copenhagen_bluetooth,13,79530,rho,4,NA,0.1513516911857161,0.5567333081855903
copenhagen_bluetooth,13,79530,rho,5,NA,0.09409028039733434,0.5068401860932982
copenhagen_bluetooth,13,79530,rho,6,NA,0.06153652709669307,0.46903055450773296
copenhagen_bluetooth,13,79530,rho,7,NA,0.04163208852005532,0.43806110901546585
copenhagen_bluetooth,13,79530,rho,8,NA,0.028756444109141206,0.41166855274739095
copenhagen_bluetooth,13,79530,rho,9,NA,0.01953979630328178,0.389048157927826
copenhagen_bluetooth,13,79530,rho,10,NA,0.012775053438953854,0.3702879416572363
copenhagen_bluetooth,13,79530,rho,11,NA,0.007292845467119326,0.35254620897774425
copenhagen_bluetooth,13,79530,rho,12,NA,0.0034326669181440964,0.33741984156921917
copenhagen_bluetooth,13,79530,rho,13,NA,0.0009304664906324658,0.32321136677983153
copenhagen_bluetooth,13,79530,mean_P,NA,NA,0.16571492131658105,NA
copenhagen_bluetooth,13,79530,median_P,NA,NA,0.07692307692307693,NA
copenhagen_bluetooth,13,79530,relative_survival,3,0.2,0.2570853765874513,0.6266063120834905
copenhagen_bluetooth,13,79530,relative_survival,6,0.4,0.06153652709669307,0.46903055450773296
copenhagen_bluetooth,13,79530,relative_survival,8,0.6,0.028756444109141206,0.41166855274739095
copenhagen_bluetooth,13,79530,relative_survival,11,0.8,0.007292845467119326,0.35254620897774425
copenhagen_bluetooth,13,79530,relative_survival,13,1.0,0.0009304664906324658,0.32321136677983153
copenhagen_bluetooth,14,79530,rho,2,NA,0.47783226455425626,0.7412297246322143
copenhagen_bluetooth,14,79530,rho,3,NA,0.25882057085376586,0.6266063120834905
copenhagen_bluetooth,14,79530,rho,4,NA,0.15169118571608198,0.5567333081855903
copenhagen_bluetooth,14,79530,rho,5,NA,0.09322268326417704,0.5068401860932982
copenhagen_bluetooth,14,79530,rho,6,NA,0.06195146485602917,0.46903055450773296
copenhagen_bluetooth,14,79530,rho,7,NA,0.04141833270463976,0.43806110901546585
copenhagen_bluetooth,14,79530,rho,8,NA,0.028869608952596503,0.41166855274739095
copenhagen_bluetooth,14,79530,rho,9,NA,0.019778699861687413,0.389048157927826
copenhagen_bluetooth,14,79530,rho,10,NA,0.01317741732679492,0.3702879416572363
copenhagen_bluetooth,14,79530,rho,11,NA,0.007921539041870993,0.35254620897774425
copenhagen_bluetooth,14,79530,rho,12,NA,0.004161951464856029,0.33741984156921917
copenhagen_bluetooth,14,79530,rho,13,NA,0.0017980636237897648,0.32321136677983153
copenhagen_bluetooth,14,79530,rho,14,NA,0.0007292845467119326,0.3103734439834025
copenhagen_bluetooth,14,79530,mean_P,NA,NA,0.1543837904833755,NA
copenhagen_bluetooth,14,79530,median_P,NA,NA,0.07142857142857142,NA
copenhagen_bluetooth,14,79530,relative_survival,3,0.2,0.25882057085376586,0.6266063120834905
copenhagen_bluetooth,14,79530,relative_survival,6,0.4,0.06195146485602917,0.46903055450773296
copenhagen_bluetooth,14,79530,relative_survival,9,0.6,0.019778699861687413,0.389048157927826
copenhagen_bluetooth,14,79530,relative_survival,12,0.8,0.004161951464856029,0.33741984156921917
copenhagen_bluetooth,14,79530,relative_survival,14,1.0,0.0007292845467119326,0.3103734439834025
copenhagen_bluetooth,15,79530,rho,2,NA,0.4776939519678109,0.7412297246322143
copenhagen_bluetooth,15,79530,rho,3,NA,0.2593109518420722,0.6266063120834905
copenhagen_bluetooth,15,79530,rho,4,NA,0.15320005029548597,0.5567333081855903
copenhagen_bluetooth,15,79530,rho,5,NA,0.09605180435055953,0.5068401860932982
copenhagen_bluetooth,15,79530,rho,6,NA,0.06395071042373947,0.46903055450773296
copenhagen_bluetooth,15,79530,rho,7,NA,0.04368162957374576,0.43806110901546585
copenhagen_bluetooth,15,79530,rho,8,NA,0.030567081604426,0.41166855274739095
copenhagen_bluetooth,15,79530,rho,9,NA,0.02138815541305168,0.389048157927826
copenhagen_bluetooth,15,79530,rho,10,NA,0.014610838677228719,0.3702879416572363
copenhagen_bluetooth,15,79530,rho,11,NA,0.00958129007921539,0.35254620897774425
copenhagen_bluetooth,15,79530,rho,12,NA,0.005331321513894128,0.33741984156921917
copenhagen_bluetooth,15,79530,rho,13,NA,0.0025399220419967308,0.32321136677983153
copenhagen_bluetooth,15,79530,rho,14,NA,0.0012825348924933987,0.3103734439834025
copenhagen_bluetooth,15,79530,rho,15,NA,0.0005532503457814661,0.2982773796051804
copenhagen_bluetooth,15,79530,mean_P,NA,NA,0.14531623286810008,NA
copenhagen_bluetooth,15,79530,median_P,NA,NA,0.06666666666666667,NA
copenhagen_bluetooth,15,79530,relative_survival,3,0.2,0.2593109518420722,0.6266063120834905
copenhagen_bluetooth,15,79530,relative_survival,6,0.4,0.06395071042373947,0.46903055450773296
copenhagen_bluetooth,15,79530,relative_survival,9,0.6,0.02138815541305168,0.389048157927826
copenhagen_bluetooth,15,79530,relative_survival,12,0.8,0.005331321513894128,0.33741984156921917
copenhagen_bluetooth,15,79530,relative_survival,15,1.0,0.0005532503457814661,0.2982773796051804
copenhagen_bluetooth,16,79530,rho,2,NA,0.48391801835785236,0.7412297246322143
copenhagen_bluetooth,16,79530,rho,3,NA,0.2654344272601534,0.6266063120834905
copenhagen_bluetooth,16,79530,rho,4,NA,0.15948698604300265,0.5567333081855903
copenhagen_bluetooth,16,79530,rho,5,NA,0.10266566075694707,0.5068401860932982
copenhagen_bluetooth,16,79530,rho,6,NA,0.07017477681378097,0.46903055450773296
copenhagen_bluetooth,16,79530,rho,7,NA,0.050471520181063746,0.43806110901546585
copenhagen_bluetooth,16,79530,rho,8,NA,0.0371683641393185,0.41166855274739095
copenhagen_bluetooth,16,79530,rho,9,NA,0.02761222180309317,0.389048157927826
copenhagen_bluetooth,16,79530,rho,10,NA,0.020910348296240413,0.3702879416572363
copenhagen_bluetooth,16,79530,rho,11,NA,0.015491009681881052,0.35254620897774425
copenhagen_bluetooth,16,79530,rho,12,NA,0.011027285301144222,0.33741984156921917
copenhagen_bluetooth,16,79530,rho,13,NA,0.007582044511505092,0.32321136677983153
copenhagen_bluetooth,16,79530,rho,14,NA,0.004740349553627562,0.3103734439834025
copenhagen_bluetooth,16,79530,rho,15,NA,0.002477052684521564,0.2982773796051804
copenhagen_bluetooth,16,79530,rho,16,NA,0.000980761976612599,0.28692317364516534
copenhagen_bluetooth,16,79530,mean_P,NA,NA,0.1412588017100465,NA
copenhagen_bluetooth,16,79530,median_P,NA,NA,0.0625,NA
copenhagen_bluetooth,16,79530,relative_survival,4,0.2,0.15948698604300265,0.5567333081855903
copenhagen_bluetooth,16,79530,relative_survival,7,0.4,0.050471520181063746,0.43806110901546585
copenhagen_bluetooth,16,79530,relative_survival,10,0.6,0.020910348296240413,0.3702879416572363
copenhagen_bluetooth,16,79530,relative_survival,13,0.8,0.007582044511505092,0.32321136677983153
copenhagen_bluetooth,16,79530,relative_survival,16,1.0,0.000980761976612599,0.28692317364516534
copenhagen_bluetooth,17,79530,rho,2,NA,0.48051049918269834,0.7412297246322143
copenhagen_bluetooth,17,79530,rho,3,NA,0.2622783855149,0.6266063120834905
copenhagen_bluetooth,17,79530,rho,4,NA,0.15712309820193637,0.5567333081855903
copenhagen_bluetooth,17,79530,rho,5,NA,0.10010059097196027,0.5068401860932982
copenhagen_bluetooth,17,79530,rho,6,NA,0.06752168992832894,0.46903055450773296
copenhagen_bluetooth,17,79530,rho,7,NA,0.047818433295611716,0.43806110901546585
copenhagen_bluetooth,17,79530,rho,8,NA,0.0343769646674211,0.41166855274739095
copenhagen_bluetooth,17,79530,rho,9,NA,0.02533635106249214,0.389048157927826
copenhagen_bluetooth,17,79530,rho,10,NA,0.018496164969194016,0.3702879416572363
copenhagen_bluetooth,17,79530,rho,11,NA,0.01332830378473532,0.35254620897774425
copenhagen_bluetooth,17,79530,rho,12,NA,0.009028039733433925,0.33741984156921917
copenhagen_bluetooth,17,79530,rho,13,NA,0.0053941908713692945,0.32321136677983153
copenhagen_bluetooth,17,79530,rho,14,NA,0.0030428769017980637,0.3103734439834025
copenhagen_bluetooth,17,79530,rho,15,NA,0.0016346032943543318,0.2982773796051804
copenhagen_bluetooth,17,79530,rho,16,NA,0.0008801710046523325,0.28692317364516534
copenhagen_bluetooth,17,79530,rho,17,NA,0.0003772161448509996,0.27639884320382246
copenhagen_bluetooth,17,79530,mean_P,NA,NA,0.13101456350174923,NA
copenhagen_bluetooth,17,79530,median_P,NA,NA,0.058823529411764705,NA
copenhagen_bluetooth,17,79530,relative_survival,4,0.2,0.15712309820193637,0.5567333081855903
copenhagen_bluetooth,17,79530,relative_survival,7,0.4,0.047818433295611716,0.43806110901546585
copenhagen_bluetooth,17,79530,relative_survival,11,0.6,0.01332830378473532,0.35254620897774425
copenhagen_bluetooth,17,79530,relative_survival,14,0.8,0.0030428769017980637,0.3103734439834025
copenhagen_bluetooth,17,79530,relative_survival,17,1.0,0.0003772161448509996,0.27639884320382246
copenhagen_bluetooth,18,79530,rho,2,NA,0.48799195272224316,0.7412297246322143
copenhagen_bluetooth,18,79530,rho,3,NA,0.27043882811517667,0.6266063120834905
copenhagen_bluetooth,18,79530,rho,4,NA,0.16512008047277757,0.5567333081855903
copenhagen_bluetooth,18,79530,rho,5,NA,0.10860052810260279,0.5068401860932982
copenhagen_bluetooth,18,79530,rho,6,NA,0.07457563183704262,0.46903055450773296
copenhagen_bluetooth,18,79530,rho,7,NA,0.053451527725386645,0.43806110901546585
copenhagen_bluetooth,18,79530,rho,8,NA,0.04009807619766126,0.41166855274739095
copenhagen_bluetooth,18,79530,rho,9,NA,0.030365899660505468,0.389048157927826
copenhagen_bluetooth,18,79530,rho,10,NA,0.02347541808122721,0.3702879416572363
copenhagen_bluetooth,18,79530,rho,11,NA,0.01769143719351188,0.35254620897774425
copenhagen_bluetooth,18,79530,rho,12,NA,0.013076826354834654,0.33741984156921917
copenhagen_bluetooth,18,79530,rho,13,NA,0.009229221677354458,0.32321136677983153
copenhagen_bluetooth,18,79530,rho,14,NA,0.005821702502200428,0.3103734439834025
copenhagen_bluetooth,18,79530,rho,15,NA,0.0034452407896391297,0.2982773796051804
copenhagen_bluetooth,18,79530,rho,16,NA,0.0018986545957500314,0.28692317364516534
copenhagen_bluetooth,18,79530,rho,17,NA,0.0007418584182069659,0.27639884320382246
copenhagen_bluetooth,18,79530,rho,18,NA,0.0003017729158807997,0.2670564566830127
copenhagen_bluetooth,18,79530,mean_P,NA,NA,0.12812914763122232,NA
copenhagen_bluetooth,18,79530,median_P,NA,NA,0.05555555555555555,NA
copenhagen_bluetooth,18,79530,relative_survival,4,0.2,0.16512008047277757,0.5567333081855903
copenhagen_bluetooth,18,79530,relative_survival,8,0.4,0.04009807619766126,0.41166855274739095
copenhagen_bluetooth,18,79530,relative_survival,11,0.6,0.01769143719351188,0.35254620897774425
copenhagen_bluetooth,18,79530,relative_survival,15,0.8,0.0034452407896391297,0.2982773796051804
copenhagen_bluetooth,18,79530,relative_survival,18,1.0,0.0003017729158807997,0.2670564566830127
copenhagen_bluetooth,19,79530,rho,2,NA,0.4824091537784484,0.7412297246322143
copenhagen_bluetooth,19,79530,rho,3,NA,0.26549729661762855,0.6266063120834905
copenhagen_bluetooth,19,79530,rho,4,NA,0.15941154281403244,0.5567333081855903
copenhagen_bluetooth,19,79530,rho,5,NA,0.10370929209103483,0.5068401860932982
copenhagen_bluetooth,19,79530,rho,6,NA,0.07096693071796806,0.46903055450773296
copenhagen_bluetooth,19,79530,rho,7,NA,0.05072299761096442,0.43806110901546585
copenhagen_bluetooth,19,79530,rho,8,NA,0.037621023513139694,0.41166855274739095
copenhagen_bluetooth,19,79530,rho,9,NA,0.028266063120834906,0.389048157927826
copenhagen_bluetooth,19,79530,rho,10,NA,0.02104866088268578,0.3702879416572363
copenhagen_bluetooth,19,79530,rho,11,NA,0.015365270966930718,0.35254620897774425
copenhagen_bluetooth,19,79530,rho,12,NA,0.011102728530114422,0.33741984156921917
copenhagen_bluetooth,19,79530,rho,13,NA,0.007795800326920659,0.32321136677983153
copenhagen_bluetooth,19,79530,rho,14,NA,0.004891236011567962,0.3103734439834025
copenhagen_bluetooth,19,79530,rho,15,NA,0.002929712058342764,0.2982773796051804
copenhagen_bluetooth,19,79530,rho,16,NA,0.0018232113667798315,0.28692317364516534
copenhagen_bluetooth,19,79530,rho,17,NA,0.0010436313340877656,0.27639884320382246
copenhagen_bluetooth,19,79530,rho,18,NA,0.0006035458317615994,0.2670564566830127
copenhagen_bluetooth,19,79530,rho,19,NA,0.0002389035584056331,0.25757575757575757
copenhagen_bluetooth,19,79530,mean_P,NA,NA,0.11923405269113937,NA
copenhagen_bluetooth,19,79530,median_P,NA,NA,0.05263157894736842,NA
copenhagen_bluetooth,19,79530,relative_survival,4,0.2,0.15941154281403244,0.5567333081855903
copenhagen_bluetooth,19,79530,relative_survival,8,0.4,0.037621023513139694,0.41166855274739095
copenhagen_bluetooth,19,79530,relative_survival,12,0.6,0.011102728530114422,0.33741984156921917
copenhagen_bluetooth,19,79530,relative_survival,16,0.8,0.0018232113667798315,0.28692317364516534
copenhagen_bluetooth,19,79530,relative_survival,19,1.0,0.0002389035584056331,0.25757575757575757
copenhagen_bluetooth,20,79530,rho,2,NA,0.48799195272224316,0.7412297246322143
copenhagen_bluetooth,20,79530,rho,3,NA,0.2708286181315227,0.6266063120834905
copenhagen_bluetooth,20,79530,rho,4,NA,0.1644159436690557,0.5567333081855903
copenhagen_bluetooth,20,79530,rho,5,NA,0.10670187350685276,0.5068401860932982
copenhagen_bluetooth,20,79530,rho,6,NA,0.07400980761976612,0.46903055450773296
copenhagen_bluetooth,20,79530,rho,7,NA,0.05270966930717968,0.43806110901546585
copenhagen_bluetooth,20,79530,rho,8,NA,0.0381491261159311,0.41166855274739095
copenhagen_bluetooth,20,79530,rho,9,NA,0.027863699232993838,0.389048157927826
copenhagen_bluetooth,20,79530,rho,10,NA,0.02049541053690431,0.3702879416572363
copenhagen_bluetooth,20,79530,rho,11,NA,0.014774299006664151,0.35254620897774425
copenhagen_bluetooth,20,79530,rho,12,NA,0.010511756569847857,0.33741984156921917
copenhagen_bluetooth,20,79530,rho,13,NA,0.007443731925059726,0.32321136677983153
copenhagen_bluetooth,20,79530,rho,14,NA,0.005306173770904061,0.3103734439834025
copenhagen_bluetooth,20,79530,rho,15,NA,0.003608701119074563,0.2982773796051804
copenhagen_bluetooth,20,79530,rho,16,NA,0.002351313969571231,0.28692317364516534
copenhagen_bluetooth,20,79530,rho,17,NA,0.0014082736074437319,0.27639884320382246
copenhagen_bluetooth,20,79530,rho,18,NA,0.0008550232616622659,0.2670564566830127
copenhagen_bluetooth,20,79530,rho,19,NA,0.0005406764742864327,0.25757575757575757
copenhagen_bluetooth,20,79530,rho,20,NA,0.00021375581541556646,0.24839683138438326
copenhagen_bluetooth,20,79530,mean_P,NA,NA,0.11450899031811894,NA
copenhagen_bluetooth,20,79530,median_P,NA,NA,0.05,NA
copenhagen_bluetooth,20,79530,relative_survival,4,0.2,0.1644159436690557,0.5567333081855903
copenhagen_bluetooth,20,79530,relative_survival,8,0.4,0.0381491261159311,0.41166855274739095
copenhagen_bluetooth,20,79530,relative_survival,12,0.6,0.010511756569847857,0.33741984156921917
copenhagen_bluetooth,20,79530,relative_survival,16,0.8,0.002351313969571231,0.28692317364516534
copenhagen_bluetooth,20,79530,relative_survival,20,1.0,0.00021375581541556646,0.24839683138438326
