target,strategy,slice_type,slice_value,model_label,rank,mae,mae_group_macro,n,n_groups
C_one_step,recency_biased,budget,100,hist_gradient_boosting [combined],1.0,0.11415325657387186,0.11406372405762134,738,36
C_one_step,recency_biased,budget,100,extra_trees [combined],2.0,0.11585886329927741,0.11624548749834535,738,36
C_one_step,recency_biased,budget,100,random_forest [combined],3.0,0.11906938155733537,0.12067983626940897,738,36
C_one_step,recency_biased,budget,100,hist_gradient_boosting [patterns],4.0,0.12411906177017398,0.12716560022418957,738,36
C_one_step,recency_biased,budget,100,extra_trees [patterns],5.0,0.12528209406949226,0.12808313553388617,738,36
C_one_step,recency_biased,budget,100,random_forest [patterns],6.0,0.1256086228974032,0.1285269615174124,738,36
C_one_step,recency_biased,budget,100,ridge [combined],7.0,0.13147499088398082,0.1313949762287888,738,36
C_one_step,recency_biased,budget,100,hist_gradient_boosting [occupancy],8.0,0.12287929519034971,0.13142501604186135,738,36
C_one_step,recency_biased,budget,100,extra_trees [occupancy],9.0,0.1265672556557457,0.13374897136511973,738,36
C_one_step,recency_biased,budget,100,random_forest [occupancy],10.0,0.12720724487010843,0.134499111877544,738,36
C_one_step,recency_biased,budget,100,ridge [patterns],11.0,0.13769980036931434,0.14436673371034942,738,36
C_one_step,recency_biased,budget,100,ridge [occupancy],12.0,0.13677279739611642,0.14911493421698532,738,36
C_one_step,recency_biased,budget,100,extra_trees [crawl],13.0,0.17430435021070748,0.16759872941388798,738,36
C_one_step,recency_biased,budget,100,hist_gradient_boosting [crawl],14.0,0.17573880954298468,0.17014155599993983,738,36
C_one_step,recency_biased,budget,100,random_forest [crawl],15.0,0.17786860761135223,0.1704613857652137,738,36
C_one_step,recency_biased,budget,100,mask_mle,16.0,0.16957596859946408,0.18565283712655875,738,36
C_one_step,recency_biased,budget,100,ridge [crawl],17.0,0.20780268196216203,0.20842899084399272,738,36
C_one_step,recency_biased,budget,100,mean_floor,18.0,0.214985320074523,0.2199143560138682,738,36
C_one_step,recency_biased,budget,100,plugin,19.0,0.28152538165081603,0.290856924864797,737,36
C_one_step,recency_biased,budget,1600,extra_trees [combined],1.0,0.0452353543316494,0.0410079377696338,738,36
C_one_step,recency_biased,budget,1600,random_forest [combined],2.0,0.046460807673537614,0.0422542140911462,738,36
C_one_step,recency_biased,budget,1600,hist_gradient_boosting [combined],3.0,0.046671013340662176,0.04386291626866586,738,36
C_one_step,recency_biased,budget,1600,extra_trees [patterns],4.0,0.049229482464602084,0.04617474573939337,738,36
C_one_step,recency_biased,budget,1600,random_forest [patterns],5.0,0.05062168118083263,0.04673737571543976,738,36
C_one_step,recency_biased,budget,1600,hist_gradient_boosting [patterns],6.0,0.05202444589114762,0.04992319827040058,738,36
C_one_step,recency_biased,budget,1600,extra_trees [occupancy],7.0,0.06725891660368744,0.06839822919967467,738,36
C_one_step,recency_biased,budget,1600,random_forest [occupancy],8.0,0.06689191872845379,0.0684648544622453,738,36
C_one_step,recency_biased,budget,1600,ridge [combined],9.0,0.07528777681194233,0.0733089804132118,738,36
C_one_step,recency_biased,budget,1600,hist_gradient_boosting [occupancy],10.0,0.07843953769105896,0.08097360507259622,738,36
C_one_step,recency_biased,budget,1600,ridge [patterns],11.0,0.07592173138230669,0.08214264614452679,738,36
C_one_step,recency_biased,budget,1600,extra_trees [crawl],12.0,0.11259328488340802,0.0989701921535965,738,36
C_one_step,recency_biased,budget,1600,ridge [occupancy],13.0,0.0951942002931195,0.10208308207400324,738,36
C_one_step,recency_biased,budget,1600,hist_gradient_boosting [crawl],14.0,0.11678922076125167,0.10601393739867693,738,36
C_one_step,recency_biased,budget,1600,random_forest [crawl],15.0,0.12076385255675931,0.1084534644863681,738,36
C_one_step,recency_biased,budget,1600,mask_mle,16.0,0.09865729841441481,0.11248725854122209,738,36
C_one_step,recency_biased,budget,1600,ridge [crawl],17.0,0.16365439461390405,0.16367077600459176,738,36
C_one_step,recency_biased,budget,1600,mean_floor,18.0,0.214985320074523,0.2199143560138682,738,36
C_one_step,recency_biased,budget,1600,plugin,19.0,0.2233573187386499,0.23132733098842417,738,36
C_one_step,recency_biased,budget,3200,extra_trees [combined],1.0,0.03841532897548409,0.03259969479106614,738,36
C_one_step,recency_biased,budget,3200,random_forest [combined],2.0,0.03888674488978147,0.033469196912516846,738,36
C_one_step,recency_biased,budget,3200,hist_gradient_boosting [combined],3.0,0.03881555182274273,0.03497742267682298,738,36
C_one_step,recency_biased,budget,3200,extra_trees [patterns],4.0,0.04042803939306204,0.03500427517641986,738,36
C_one_step,recency_biased,budget,3200,random_forest [patterns],5.0,0.04354539289648418,0.03826101689588669,738,36
C_one_step,recency_biased,budget,3200,hist_gradient_boosting [patterns],6.0,0.043803611232015566,0.039983227782314223,738,36
C_one_step,recency_biased,budget,3200,extra_trees [occupancy],7.0,0.05684766690037791,0.054022726999728994,738,36
C_one_step,recency_biased,budget,3200,random_forest [occupancy],8.0,0.05877401908128451,0.055531861536743984,738,36
C_one_step,recency_biased,budget,3200,hist_gradient_boosting [occupancy],9.0,0.06865964960080435,0.06667172159737744,738,36
C_one_step,recency_biased,budget,3200,ridge [patterns],10.0,0.06573894201291643,0.06867126649453731,738,36
C_one_step,recency_biased,budget,3200,ridge [combined],11.0,0.07553847571571318,0.07135321264484296,738,36
C_one_step,recency_biased,budget,3200,extra_trees [crawl],12.0,0.09641659714723055,0.08172270257050723,738,36
C_one_step,recency_biased,budget,3200,ridge [occupancy],13.0,0.08941742064133516,0.08854164349878318,738,36
C_one_step,recency_biased,budget,3200,random_forest [crawl],14.0,0.11352413890132407,0.09972575911516383,738,36
C_one_step,recency_biased,budget,3200,hist_gradient_boosting [crawl],15.0,0.11110803445528361,0.1008226619513929,738,36
C_one_step,recency_biased,budget,3200,mask_mle,16.0,0.09817871445803682,0.10898812430087595,738,36
C_one_step,recency_biased,budget,3200,ridge [crawl],17.0,0.1791791960351492,0.1705719467199296,738,36
C_one_step,recency_biased,budget,3200,plugin,18.0,0.19009341355766,0.195884168393564,738,36
C_one_step,recency_biased,budget,3200,mean_floor,19.0,0.214985320074523,0.2199143560138682,738,36
C_one_step,recency_biased,budget,400,hist_gradient_boosting [combined],1.0,0.07376880068261715,0.07176983504033119,738,36
C_one_step,recency_biased,budget,400,extra_trees [combined],2.0,0.07642610173471388,0.07459298530633184,738,36
C_one_step,recency_biased,budget,400,random_forest [combined],3.0,0.07859496941160071,0.07683013165728338,738,36
C_one_step,recency_biased,budget,400,random_forest [patterns],4.0,0.08458381639075054,0.08472521392196847,738,36
C_one_step,recency_biased,budget,400,hist_gradient_boosting [patterns],5.0,0.08348178996352773,0.08474606922799804,738,36
C_one_step,recency_biased,budget,400,extra_trees [patterns],6.0,0.08450443994468056,0.08645349974436484,738,36
C_one_step,recency_biased,budget,400,ridge [combined],7.0,0.0945236450888099,0.0950709633545084,738,36
C_one_step,recency_biased,budget,400,extra_trees [occupancy],8.0,0.09545388677638098,0.1018555454013358,738,36
C_one_step,recency_biased,budget,400,random_forest [occupancy],9.0,0.0970015997213903,0.1036710040649975,738,36
C_one_step,recency_biased,budget,400,hist_gradient_boosting [occupancy],10.0,0.10008512578060871,0.1055744887784924,738,36
C_one_step,recency_biased,budget,400,ridge [patterns],11.0,0.10564825614267238,0.11303456831258675,738,36
C_one_step,recency_biased,budget,400,ridge [occupancy],12.0,0.11094029708730924,0.12344235245203425,738,36
C_one_step,recency_biased,budget,400,mask_mle,13.0,0.11328942086828667,0.13007697679803812,738,36
C_one_step,recency_biased,budget,400,hist_gradient_boosting [crawl],14.0,0.15029767207438516,0.14185699936423826,738,36
C_one_step,recency_biased,budget,400,random_forest [crawl],15.0,0.1541443521851756,0.14565409821137065,738,36
C_one_step,recency_biased,budget,400,extra_trees [crawl],16.0,0.15685093606694886,0.14743115151654362,738,36
C_one_step,recency_biased,budget,400,ridge [crawl],17.0,0.1921817376026633,0.19575843151774447,738,36
C_one_step,recency_biased,budget,400,mean_floor,18.0,0.214985320074523,0.2199143560138682,738,36
C_one_step,recency_biased,budget,400,plugin,19.0,0.26543462305056353,0.2754163218380532,738,36
C_one_step,recency_biased,coverage_band,high(>.15),extra_trees [combined],1.0,0.04212264880635793,0.03415027172279191,1074,34
C_one_step,recency_biased,coverage_band,high(>.15),random_forest [combined],2.0,0.043285363111183535,0.03422243290483107,1074,34
C_one_step,recency_biased,coverage_band,high(>.15),hist_gradient_boosting [combined],3.0,0.04195479155830322,0.03682426174766582,1074,34
C_one_step,recency_biased,coverage_band,high(>.15),extra_trees [patterns],4.0,0.044573883786413214,0.03803410699362472,1074,34
C_one_step,recency_biased,coverage_band,high(>.15),random_forest [patterns],5.0,0.04633685930504386,0.03900420638218404,1074,34
C_one_step,recency_biased,coverage_band,high(>.15),hist_gradient_boosting [patterns],6.0,0.046136461764503124,0.042552515338968644,1074,34
C_one_step,recency_biased,coverage_band,high(>.15),random_forest [occupancy],7.0,0.06445882797000242,0.06462523725629389,1074,34
C_one_step,recency_biased,coverage_band,high(>.15),extra_trees [occupancy],8.0,0.06395442316380413,0.0650119682090843,1074,34
C_one_step,recency_biased,coverage_band,high(>.15),ridge [patterns],9.0,0.0665543392068903,0.07151765653580329,1074,34
C_one_step,recency_biased,coverage_band,high(>.15),ridge [combined],10.0,0.08534577634497238,0.07219543151762522,1074,34
C_one_step,recency_biased,coverage_band,high(>.15),hist_gradient_boosting [occupancy],11.0,0.0749441800149719,0.07622218624390328,1074,34
C_one_step,recency_biased,coverage_band,high(>.15),ridge [occupancy],12.0,0.09652197766653232,0.09379737563688742,1074,34
C_one_step,recency_biased,coverage_band,high(>.15),extra_trees [crawl],13.0,0.11306347457364567,0.09437214497413471,1074,34
C_one_step,recency_biased,coverage_band,high(>.15),hist_gradient_boosting [crawl],14.0,0.12439661601764387,0.10929737886000149,1074,34
C_one_step,recency_biased,coverage_band,high(>.15),random_forest [crawl],15.0,0.12982044225012634,0.11025701490522141,1074,34
C_one_step,recency_biased,coverage_band,high(>.15),mask_mle,16.0,0.10341017819195072,0.12287470371447316,1074,34
C_one_step,recency_biased,coverage_band,high(>.15),ridge [crawl],17.0,0.20010002896067175,0.19042651313124517,1074,34
C_one_step,recency_biased,coverage_band,high(>.15),mean_floor,18.0,0.24009823971652294,0.22611825661462,1074,34
C_one_step,recency_biased,coverage_band,high(>.15),plugin,19.0,0.222261628521553,0.2387691303008293,1074,34
C_one_step,recency_biased,coverage_band,low(<.02),extra_trees [combined],1.0,0.11190568309982135,0.10584884994989463,467,26
C_one_step,recency_biased,coverage_band,low(<.02),hist_gradient_boosting [combined],2.0,0.11408314404451582,0.10702821406276376,467,26
C_one_step,recency_biased,coverage_band,low(<.02),random_forest [combined],3.0,0.11393779333716302,0.11021926121584381,467,26
C_one_step,recency_biased,coverage_band,low(<.02),random_forest [patterns],4.0,0.1203211914744221,0.11239869171677046,467,26
C_one_step,recency_biased,coverage_band,low(<.02),extra_trees [patterns],5.0,0.12038531452370611,0.11513672489409701,467,26
C_one_step,recency_biased,coverage_band,low(<.02),ridge [combined],6.0,0.12480533930883023,0.11588943130951186,467,26
C_one_step,recency_biased,coverage_band,low(<.02),hist_gradient_boosting [patterns],7.0,0.12590446075759226,0.11725770074224992,467,26
C_one_step,recency_biased,coverage_band,low(<.02),extra_trees [occupancy],8.0,0.12422054501458178,0.13067785640183158,467,26
C_one_step,recency_biased,coverage_band,low(<.02),hist_gradient_boosting [occupancy],9.0,0.12093714559845158,0.13071550475443702,467,26
C_one_step,recency_biased,coverage_band,low(<.02),random_forest [occupancy],10.0,0.12437117657073839,0.13411815426830126,467,26
C_one_step,recency_biased,coverage_band,low(<.02),ridge [patterns],11.0,0.14574164870229764,0.13629554659524776,467,26
C_one_step,recency_biased,coverage_band,low(<.02),ridge [occupancy],12.0,0.13207033607591814,0.14134051731810393,467,26
C_one_step,recency_biased,coverage_band,low(<.02),extra_trees [crawl],13.0,0.16506808304650541,0.16188472518609448,467,26
C_one_step,recency_biased,coverage_band,low(<.02),hist_gradient_boosting [crawl],14.0,0.16741378223348272,0.1690396949919777,467,26
C_one_step,recency_biased,coverage_band,low(<.02),random_forest [crawl],15.0,0.1684400518717676,0.16906916155732968,467,26
C_one_step,recency_biased,coverage_band,low(<.02),ridge [crawl],16.0,0.18318648064971693,0.18928408662287358,467,26
C_one_step,recency_biased,coverage_band,low(<.02),mask_mle,17.0,0.1617919883494034,0.1916541630942943,467,26
C_one_step,recency_biased,coverage_band,low(<.02),mean_floor,18.0,0.18770601290890052,0.19803622453118483,467,26
C_one_step,recency_biased,coverage_band,low(<.02),plugin,19.0,0.27921320745480777,0.25847869183216055,466,26
C_one_step,recency_biased,coverage_band,mid,hist_gradient_boosting [combined],1.0,0.07330920548793421,0.07521930780266282,1411,36
C_one_step,recency_biased,coverage_band,mid,extra_trees [combined],2.0,0.07522383391219355,0.07792078095196049,1411,36
C_one_step,recency_biased,coverage_band,mid,random_forest [combined],3.0,0.07736736735431471,0.08099073844259176,1411,36
C_one_step,recency_biased,coverage_band,mid,hist_gradient_boosting [patterns],4.0,0.08191537322997473,0.08740042419354878,1411,36
C_one_step,recency_biased,coverage_band,mid,random_forest [patterns],5.0,0.08409747523142808,0.08885022353985676,1411,36
C_one_step,recency_biased,coverage_band,mid,extra_trees [patterns],6.0,0.08284721485771587,0.0890538899012871,1411,36
C_one_step,recency_biased,coverage_band,mid,ridge [combined],7.0,0.09082304072402923,0.09681398815716409,1411,36
C_one_step,recency_biased,coverage_band,mid,extra_trees [occupancy],8.0,0.09124324361529013,0.10080973194149526,1411,36
C_one_step,recency_biased,coverage_band,mid,random_forest [occupancy],9.0,0.09276929037122289,0.10335486470010058,1411,36
C_one_step,recency_biased,coverage_band,mid,hist_gradient_boosting [occupancy],10.0,0.09648422860907564,0.10594491882224075,1411,36
C_one_step,recency_biased,coverage_band,mid,ridge [patterns],11.0,0.1024774857684959,0.11506337701586508,1411,36
C_one_step,recency_biased,coverage_band,mid,ridge [occupancy],12.0,0.10893989299580879,0.127594070748802,1411,36
C_one_step,recency_biased,coverage_band,mid,hist_gradient_boosting [crawl],13.0,0.13963068453397304,0.1361385648275477,1411,36
C_one_step,recency_biased,coverage_band,mid,extra_trees [crawl],14.0,0.1418319828041872,0.13643434852232583,1411,36
C_one_step,recency_biased,coverage_band,mid,mask_mle,15.0,0.11863943656253927,0.1369869631831837,1411,36
C_one_step,recency_biased,coverage_band,mid,random_forest [crawl],16.0,0.1416310721652388,0.1374335738942746,1411,36
C_one_step,recency_biased,coverage_band,mid,ridge [crawl],17.0,0.1755805627006826,0.18848540443793402,1411,36
C_one_step,recency_biased,coverage_band,mid,mean_floor,18.0,0.20489897050034708,0.21882559299854654,1411,36
C_one_step,recency_biased,coverage_band,mid,plugin,19.0,0.24073653778636125,0.26698058531515073,1411,36
C_one_step,recency_biased,data_block,mechanistic_activity,extra_trees [crawl],1.0,0.03173930847663121,0.03173930847663121,216,6
C_one_step,recency_biased,data_block,mechanistic_activity,random_forest [crawl],2.0,0.036349856987568714,0.036349856987568714,216,6
C_one_step,recency_biased,data_block,mechanistic_activity,hist_gradient_boosting [crawl],3.0,0.04452027407683546,0.04452027407683545,216,6
C_one_step,recency_biased,data_block,mechanistic_activity,hist_gradient_boosting [combined],4.0,0.05103941900111449,0.05103941900111451,216,6
C_one_step,recency_biased,data_block,mechanistic_activity,extra_trees [combined],5.0,0.05276390649600685,0.05276390649600685,216,6
C_one_step,recency_biased,data_block,mechanistic_activity,random_forest [combined],6.0,0.05627871679275958,0.05627871679275958,216,6
C_one_step,recency_biased,data_block,mechanistic_activity,random_forest [patterns],7.0,0.07141167958519537,0.07141167958519538,216,6
C_one_step,recency_biased,data_block,mechanistic_activity,extra_trees [patterns],8.0,0.07619723357275039,0.07619723357275039,216,6
C_one_step,recency_biased,data_block,mechanistic_activity,hist_gradient_boosting [patterns],9.0,0.07661321760917063,0.07661321760917061,216,6
C_one_step,recency_biased,data_block,mechanistic_activity,ridge [combined],10.0,0.08993971482181223,0.08993971482181223,216,6
C_one_step,recency_biased,data_block,mechanistic_activity,random_forest [occupancy],11.0,0.1226959186861561,0.1226959186861561,216,6
C_one_step,recency_biased,data_block,mechanistic_activity,extra_trees [occupancy],12.0,0.12351318377777748,0.1235131837777775,216,6
C_one_step,recency_biased,data_block,mechanistic_activity,ridge [crawl],13.0,0.12734900697288365,0.12734900697288368,216,6
C_one_step,recency_biased,data_block,mechanistic_activity,hist_gradient_boosting [occupancy],14.0,0.1383738479820257,0.13837384798202568,216,6
C_one_step,recency_biased,data_block,mechanistic_activity,ridge [patterns],15.0,0.1505228704472808,0.15052287044728077,216,6
C_one_step,recency_biased,data_block,mechanistic_activity,plugin,16.0,0.15234836160877208,0.15234836160877208,216,6
C_one_step,recency_biased,data_block,mechanistic_activity,mean_floor,17.0,0.16712419428727718,0.16712419428727712,216,6
C_one_step,recency_biased,data_block,mechanistic_activity,ridge [occupancy],18.0,0.17917330922977318,0.17917330922977315,216,6
C_one_step,recency_biased,data_block,mechanistic_activity,mask_mle,19.0,0.24355344131285886,0.24355344131285891,216,6
C_one_step,recency_biased,data_block,mechanistic_dar,extra_trees [combined],1.0,0.07922675696869409,0.07922675696869409,864,12
C_one_step,recency_biased,data_block,mechanistic_dar,hist_gradient_boosting [combined],2.0,0.0819193925724962,0.0819193925724962,864,12
C_one_step,recency_biased,data_block,mechanistic_dar,random_forest [combined],3.0,0.08252270869608141,0.08252270869608143,864,12
C_one_step,recency_biased,data_block,mechanistic_dar,extra_trees [patterns],4.0,0.08560708253556931,0.08560708253556931,864,12
C_one_step,recency_biased,data_block,mechanistic_dar,random_forest [patterns],5.0,0.08795801252340597,0.08795801252340597,864,12
C_one_step,recency_biased,data_block,mechanistic_dar,hist_gradient_boosting [patterns],6.0,0.08983911178610277,0.08983911178610278,864,12
C_one_step,recency_biased,data_block,mechanistic_dar,extra_trees [occupancy],7.0,0.10023473659216203,0.10023473659216203,864,12
C_one_step,recency_biased,data_block,mechanistic_dar,random_forest [occupancy],8.0,0.10343419846919742,0.1034341984691974,864,12
C_one_step,recency_biased,data_block,mechanistic_dar,hist_gradient_boosting [occupancy],9.0,0.10506685716814415,0.10506685716814412,864,12
C_one_step,recency_biased,data_block,mechanistic_dar,ridge [combined],10.0,0.10933354468183486,0.10933354468183483,864,12
C_one_step,recency_biased,data_block,mechanistic_dar,ridge [patterns],11.0,0.1142858835477946,0.1142858835477946,864,12
C_one_step,recency_biased,data_block,mechanistic_dar,ridge [occupancy],12.0,0.13084109512780803,0.130841095127808,864,12
C_one_step,recency_biased,data_block,mechanistic_dar,mask_mle,13.0,0.13428551580225245,0.13428551580225245,864,12
C_one_step,recency_biased,data_block,mechanistic_dar,extra_trees [crawl],14.0,0.17170730601582068,0.17170730601582065,864,12
C_one_step,recency_biased,data_block,mechanistic_dar,hist_gradient_boosting [crawl],15.0,0.17908946405572215,0.1790894640557222,864,12
C_one_step,recency_biased,data_block,mechanistic_dar,random_forest [crawl],16.0,0.18449833110250233,0.18449833110250233,864,12
C_one_step,recency_biased,data_block,mechanistic_dar,ridge [crawl],17.0,0.25242066579351374,0.2524206657935138,864,12
C_one_step,recency_biased,data_block,mechanistic_dar,mean_floor,18.0,0.316707849208726,0.316707849208726,864,12
C_one_step,recency_biased,data_block,mechanistic_dar,plugin,19.0,0.43133457240990986,0.43133457240990997,864,12
C_one_step,recency_biased,data_block,real_controlled,hist_gradient_boosting [combined],1.0,0.08425764162395472,0.08425764162395472,432,6
C_one_step,recency_biased,data_block,real_controlled,hist_gradient_boosting [patterns],2.0,0.08630470388867222,0.08630470388867222,432,6
C_one_step,recency_biased,data_block,real_controlled,mask_mle,3.0,0.09198635223010211,0.09198635223010211,432,6
C_one_step,recency_biased,data_block,real_controlled,random_forest [occupancy],4.0,0.09201689077719483,0.09201689077719483,432,6
C_one_step,recency_biased,data_block,real_controlled,extra_trees [combined],5.0,0.09301489761393603,0.09301489761393604,432,6
C_one_step,recency_biased,data_block,real_controlled,random_forest [combined],6.0,0.0932136226360835,0.09321362263608352,432,6
C_one_step,recency_biased,data_block,real_controlled,extra_trees [occupancy],7.0,0.09374207985555259,0.09374207985555259,432,6
C_one_step,recency_biased,data_block,real_controlled,extra_trees [patterns],8.0,0.0974807019009749,0.09748070190097491,432,6
C_one_step,recency_biased,data_block,real_controlled,random_forest [patterns],9.0,0.10107308467870199,0.101073084678702,432,6
C_one_step,recency_biased,data_block,real_controlled,hist_gradient_boosting [occupancy],10.0,0.10446331387876852,0.10446331387876852,432,6
C_one_step,recency_biased,data_block,real_controlled,ridge [occupancy],11.0,0.10613803737849192,0.10613803737849192,432,6
C_one_step,recency_biased,data_block,real_controlled,ridge [patterns],12.0,0.11807166343387403,0.11807166343387403,432,6
C_one_step,recency_biased,data_block,real_controlled,ridge [combined],13.0,0.1314077977402725,0.13140779774027253,432,6
C_one_step,recency_biased,data_block,real_controlled,hist_gradient_boosting [crawl],14.0,0.13180387323686082,0.13180387323686082,432,6
C_one_step,recency_biased,data_block,real_controlled,plugin,15.0,0.13971218543445912,0.13972727917599606,431,6
C_one_step,recency_biased,data_block,real_controlled,ridge [crawl],16.0,0.14991329971619133,0.1499132997161913,432,6
C_one_step,recency_biased,data_block,real_controlled,mean_floor,17.0,0.15624437931440185,0.15624437931440188,432,6
C_one_step,recency_biased,data_block,real_controlled,random_forest [crawl],18.0,0.1751584441640984,0.17515844416409834,432,6
C_one_step,recency_biased,data_block,real_controlled,extra_trees [crawl],19.0,0.17802009433354107,0.17802009433354107,432,6
C_one_step,recency_biased,data_block,real_empirical,mask_mle,1.0,0.11938366602017621,0.11938366602017621,72,6
C_one_step,recency_biased,data_block,real_empirical,hist_gradient_boosting [combined],2.0,0.1209726814592446,0.1209726814592446,72,6
C_one_step,recency_biased,data_block,real_empirical,random_forest [combined],3.0,0.12536743214167936,0.12536743214167936,72,6
C_one_step,recency_biased,data_block,real_empirical,ridge [patterns],4.0,0.1290004825698429,0.1290004825698429,72,6
C_one_step,recency_biased,data_block,real_empirical,extra_trees [combined],5.0,0.13262463866040813,0.13262463866040816,72,6
C_one_step,recency_biased,data_block,real_empirical,random_forest [patterns],6.0,0.13609634909260868,0.13609634909260865,72,6
C_one_step,recency_biased,data_block,real_empirical,extra_trees [patterns],7.0,0.13628815287180737,0.13628815287180737,72,6
C_one_step,recency_biased,data_block,real_empirical,hist_gradient_boosting [patterns],8.0,0.13761023408264872,0.13761023408264872,72,6
C_one_step,recency_biased,data_block,real_empirical,mean_floor,9.0,0.1397782751552884,0.13977827515528843,72,6
C_one_step,recency_biased,data_block,real_empirical,ridge [combined],10.0,0.1456399327750475,0.1456399327750475,72,6
C_one_step,recency_biased,data_block,real_empirical,random_forest [crawl],11.0,0.1574788612279922,0.15747886122799223,72,6
C_one_step,recency_biased,data_block,real_empirical,random_forest [occupancy],12.0,0.16040599657561747,0.16040599657561747,72,6
C_one_step,recency_biased,data_block,real_empirical,extra_trees [occupancy],13.0,0.16147253041709256,0.16147253041709259,72,6
C_one_step,recency_biased,data_block,real_empirical,ridge [occupancy],14.0,0.16579150133560006,0.16579150133560008,72,6
C_one_step,recency_biased,data_block,real_empirical,hist_gradient_boosting [occupancy],15.0,0.172927202236749,0.17292720223674904,72,6
C_one_step,recency_biased,data_block,real_empirical,extra_trees [crawl],16.0,0.1836643796447173,0.18366437964471735,72,6
C_one_step,recency_biased,data_block,real_empirical,hist_gradient_boosting [crawl],17.0,0.18378551848869107,0.18378551848869107,72,6
C_one_step,recency_biased,data_block,real_empirical,ridge [crawl],18.0,0.18385966734457668,0.1838596673445767,72,6
C_one_step,recency_biased,data_block,real_empirical,plugin,19.0,0.18884388610109207,0.18884388610109207,72,6
C_one_step,recency_biased,data_block,real_shuffle,hist_gradient_boosting [combined],1.0,0.13987093722929853,0.13987093722929853,216,6
C_one_step,recency_biased,data_block,real_shuffle,ridge [patterns],2.0,0.15004783232977079,0.15004783232977084,216,6
C_one_step,recency_biased,data_block,real_shuffle,mask_mle,3.0,0.15187654446647067,0.15187654446647067,216,6
C_one_step,recency_biased,data_block,real_shuffle,random_forest [combined],4.0,0.16104341532972985,0.16104341532972988,216,6
C_one_step,recency_biased,data_block,real_shuffle,extra_trees [combined],5.0,0.1626181443300154,0.1626181443300154,216,6
C_one_step,recency_biased,data_block,real_shuffle,hist_gradient_boosting [patterns],6.0,0.16610668905227316,0.16610668905227316,216,6
C_one_step,recency_biased,data_block,real_shuffle,extra_trees [patterns],7.0,0.16648953918009327,0.16648953918009327,216,6
C_one_step,recency_biased,data_block,real_shuffle,random_forest [patterns],8.0,0.16843611995703625,0.16843611995703625,216,6
C_one_step,recency_biased,data_block,real_shuffle,ridge [combined],9.0,0.18188820737735725,0.18188820737735725,216,6
C_one_step,recency_biased,data_block,real_shuffle,random_forest [occupancy],10.0,0.20821575895687167,0.2082157589568717,216,6
C_one_step,recency_biased,data_block,real_shuffle,extra_trees [occupancy],11.0,0.20870563100518635,0.20870563100518633,216,6
C_one_step,recency_biased,data_block,real_shuffle,hist_gradient_boosting [occupancy],12.0,0.2160154304847129,0.21601543048471286,216,6
C_one_step,recency_biased,data_block,real_shuffle,ridge [occupancy],13.0,0.219751946117315,0.21975194611731497,216,6
C_one_step,recency_biased,data_block,real_shuffle,mean_floor,14.0,0.24252082075453535,0.24252082075453538,216,6
C_one_step,recency_biased,data_block,real_shuffle,ridge [crawl],15.0,0.30413778094546945,0.3041377809454695,216,6
C_one_step,recency_biased,data_block,real_shuffle,extra_trees [crawl],16.0,0.30531407437140756,0.3053140743714075,216,6
C_one_step,recency_biased,data_block,real_shuffle,random_forest [crawl],17.0,0.3185082725461779,0.3185082725461779,216,6
C_one_step,recency_biased,data_block,real_shuffle,hist_gradient_boosting [crawl],18.0,0.32639403500274516,0.3263940350027452,216,6
C_one_step,recency_biased,data_block,real_shuffle,plugin,19.0,0.33910579407565,0.33910579407564995,216,6
C_one_step,recency_biased,data_block,synthetic_controlled,extra_trees [combined],1.0,0.033797445940631804,0.033797445940631804,1152,12
C_one_step,recency_biased,data_block,synthetic_controlled,random_forest [combined],2.0,0.035873996407936856,0.03587399640793686,1152,12
C_one_step,recency_biased,data_block,synthetic_controlled,extra_trees [patterns],3.0,0.037048993732706835,0.03704899373270683,1152,12
C_one_step,recency_biased,data_block,synthetic_controlled,random_forest [patterns],4.0,0.03763191287023035,0.037631912870230357,1152,12
C_one_step,recency_biased,data_block,synthetic_controlled,hist_gradient_boosting [combined],5.0,0.03875975431498415,0.03875975431498414,1152,12
C_one_step,recency_biased,data_block,synthetic_controlled,extra_trees [occupancy],6.0,0.03902568111504526,0.03902568111504526,1152,12
C_one_step,recency_biased,data_block,synthetic_controlled,random_forest [occupancy],7.0,0.039985235238402556,0.03998523523840256,1152,12
C_one_step,recency_biased,data_block,synthetic_controlled,hist_gradient_boosting [patterns],8.0,0.04052992480941366,0.04052992480941366,1152,12
C_one_step,recency_biased,data_block,synthetic_controlled,hist_gradient_boosting [occupancy],9.0,0.0418421736104136,0.0418421736104136,1152,12
C_one_step,recency_biased,data_block,synthetic_controlled,ridge [combined],10.0,0.050055130320835285,0.050055130320835285,1152,12
C_one_step,recency_biased,data_block,synthetic_controlled,ridge [patterns],11.0,0.05223539421694526,0.05223539421694525,1152,12
C_one_step,recency_biased,data_block,synthetic_controlled,ridge [occupancy],12.0,0.05386498124073507,0.05386498124073508,1152,12
C_one_step,recency_biased,data_block,synthetic_controlled,extra_trees [crawl],13.0,0.07582876304875591,0.0758287630487559,1152,12
C_one_step,recency_biased,data_block,synthetic_controlled,random_forest [crawl],14.0,0.08235005389474472,0.08235005389474473,1152,12
C_one_step,recency_biased,data_block,synthetic_controlled,hist_gradient_boosting [crawl],15.0,0.09008722179564142,0.09008722179564142,1152,12
C_one_step,recency_biased,data_block,synthetic_controlled,mask_mle,16.0,0.09049509047632923,0.09049509047632921,1152,12
C_one_step,recency_biased,data_block,synthetic_controlled,plugin,17.0,0.13529663073881615,0.13529663073881615,1152,12
C_one_step,recency_biased,data_block,synthetic_controlled,ridge [crawl],18.0,0.13793979911083168,0.13793979911083168,1152,12
C_one_step,recency_biased,data_block,synthetic_controlled,mean_floor,19.0,0.16923277102397463,0.1692327710239747,1152,12
C_one_step,recency_biased,domain,controlled,extra_trees [combined],1.0,0.033797445940631804,0.033797445940631804,1152,12
C_one_step,recency_biased,domain,controlled,random_forest [combined],2.0,0.035873996407936856,0.03587399640793686,1152,12
C_one_step,recency_biased,domain,controlled,extra_trees [patterns],3.0,0.037048993732706835,0.03704899373270683,1152,12
C_one_step,recency_biased,domain,controlled,random_forest [patterns],4.0,0.03763191287023035,0.037631912870230357,1152,12
C_one_step,recency_biased,domain,controlled,hist_gradient_boosting [combined],5.0,0.03875975431498415,0.03875975431498414,1152,12
C_one_step,recency_biased,domain,controlled,extra_trees [occupancy],6.0,0.03902568111504526,0.03902568111504526,1152,12
C_one_step,recency_biased,domain,controlled,random_forest [occupancy],7.0,0.039985235238402556,0.03998523523840256,1152,12
C_one_step,recency_biased,domain,controlled,hist_gradient_boosting [patterns],8.0,0.04052992480941366,0.04052992480941366,1152,12
C_one_step,recency_biased,domain,controlled,hist_gradient_boosting [occupancy],9.0,0.0418421736104136,0.0418421736104136,1152,12
C_one_step,recency_biased,domain,controlled,ridge [combined],10.0,0.050055130320835285,0.050055130320835285,1152,12
C_one_step,recency_biased,domain,controlled,ridge [patterns],11.0,0.05223539421694526,0.05223539421694525,1152,12
C_one_step,recency_biased,domain,controlled,ridge [occupancy],12.0,0.05386498124073507,0.05386498124073508,1152,12
C_one_step,recency_biased,domain,controlled,extra_trees [crawl],13.0,0.07582876304875591,0.0758287630487559,1152,12
C_one_step,recency_biased,domain,controlled,random_forest [crawl],14.0,0.08235005389474472,0.08235005389474473,1152,12
C_one_step,recency_biased,domain,controlled,hist_gradient_boosting [crawl],15.0,0.09008722179564142,0.09008722179564142,1152,12
C_one_step,recency_biased,domain,controlled,mask_mle,16.0,0.09049509047632923,0.09049509047632921,1152,12
C_one_step,recency_biased,domain,controlled,plugin,17.0,0.13529663073881615,0.13529663073881615,1152,12
C_one_step,recency_biased,domain,controlled,ridge [crawl],18.0,0.13793979911083168,0.13793979911083168,1152,12
C_one_step,recency_biased,domain,controlled,mean_floor,19.0,0.16923277102397463,0.1692327710239747,1152,12
C_one_step,recency_biased,domain,email,ridge [combined],1.0,0.09212789665334074,0.09212789665334074,120,1
C_one_step,recency_biased,domain,email,ridge [occupancy],2.0,0.09661977571556911,0.09661977571556911,120,1
C_one_step,recency_biased,domain,email,extra_trees [occupancy],3.0,0.10139866068015839,0.1013986606801584,120,1
C_one_step,recency_biased,domain,email,random_forest [occupancy],4.0,0.10154424027272532,0.10154424027272532,120,1
C_one_step,recency_biased,domain,email,random_forest [combined],5.0,0.1051342045385901,0.10513420453859008,120,1
C_one_step,recency_biased,domain,email,extra_trees [combined],6.0,0.10625180374883772,0.10625180374883772,120,1
C_one_step,recency_biased,domain,email,hist_gradient_boosting [occupancy],7.0,0.10639384482310693,0.10639384482310693,120,1
C_one_step,recency_biased,domain,email,mask_mle,8.0,0.11162934278372265,0.11162934278372265,120,1
C_one_step,recency_biased,domain,email,hist_gradient_boosting [combined],9.0,0.11410877358639868,0.11410877358639869,120,1
C_one_step,recency_biased,domain,email,extra_trees [crawl],10.0,0.11860768359815353,0.11860768359815353,120,1
C_one_step,recency_biased,domain,email,random_forest [patterns],11.0,0.1305172685589837,0.1305172685589837,120,1
C_one_step,recency_biased,domain,email,extra_trees [patterns],12.0,0.13232831342687948,0.13232831342687945,120,1
C_one_step,recency_biased,domain,email,random_forest [crawl],13.0,0.13508638255164426,0.13508638255164426,120,1
C_one_step,recency_biased,domain,email,hist_gradient_boosting [patterns],14.0,0.14285245271873132,0.14285245271873132,120,1
C_one_step,recency_biased,domain,email,ridge [crawl],15.0,0.16310874892436036,0.16310874892436036,120,1
C_one_step,recency_biased,domain,email,mean_floor,16.0,0.16442472551180448,0.1644247255118045,120,1
C_one_step,recency_biased,domain,email,hist_gradient_boosting [crawl],17.0,0.17979891134434597,0.17979891134434597,120,1
C_one_step,recency_biased,domain,email,ridge [patterns],18.0,0.2254196219411068,0.22541962194110682,120,1
C_one_step,recency_biased,domain,email,plugin,19.0,0.27789435623296027,0.27789435623296027,120,1
C_one_step,recency_biased,domain,mechanistic,extra_trees [combined],1.0,0.07393418687415665,0.07040580681113168,1080,18
C_one_step,recency_biased,domain,mechanistic,hist_gradient_boosting [combined],2.0,0.07574339785821986,0.07162606804870231,1080,18
C_one_step,recency_biased,domain,mechanistic,random_forest [combined],3.0,0.07727391031541704,0.07377471139497413,1080,18
C_one_step,recency_biased,domain,mechanistic,random_forest [patterns],4.0,0.08464874593576387,0.08244256821066913,1080,18
C_one_step,recency_biased,domain,mechanistic,extra_trees [patterns],5.0,0.08372511274300555,0.08247046621462967,1080,18
C_one_step,recency_biased,domain,mechanistic,hist_gradient_boosting [patterns],6.0,0.08719393295071635,0.08543048039379206,1080,18
C_one_step,recency_biased,domain,mechanistic,ridge [combined],7.0,0.10545477870983033,0.10286893472849395,1080,18
C_one_step,recency_biased,domain,mechanistic,extra_trees [occupancy],8.0,0.10489042602928512,0.10799421898736718,1080,18
C_one_step,recency_biased,domain,mechanistic,random_forest [occupancy],9.0,0.10728654251258914,0.10985477187485031,1080,18
C_one_step,recency_biased,domain,mechanistic,hist_gradient_boosting [occupancy],10.0,0.11172825533092044,0.116169187439438,1080,18
C_one_step,recency_biased,domain,mechanistic,extra_trees [crawl],11.0,0.14371370650798276,0.12505130683609084,1080,18
C_one_step,recency_biased,domain,mechanistic,ridge [patterns],12.0,0.12153328092769185,0.12636487918095665,1080,18
C_one_step,recency_biased,domain,mechanistic,hist_gradient_boosting [crawl],13.0,0.15217562605994486,0.13423306739609328,1080,18
C_one_step,recency_biased,domain,mechanistic,random_forest [crawl],14.0,0.15486863627951558,0.13511550639752445,1080,18
C_one_step,recency_biased,domain,mechanistic,ridge [occupancy],15.0,0.14050753794820103,0.14695183316179639,1080,18
C_one_step,recency_biased,domain,mechanistic,mask_mle,16.0,0.15613910090437372,0.17070815763912128,1080,18
C_one_step,recency_biased,domain,mechanistic,ridge [crawl],17.0,0.2274063340293877,0.21073011285330373,1080,18
C_one_step,recency_biased,domain,mechanistic,mean_floor,18.0,0.28679111822443626,0.2668466309015764,1080,18
C_one_step,recency_biased,domain,mechanistic,plugin,19.0,0.37553733024968233,0.3383391688095306,1080,18
C_one_step,recency_biased,domain,messaging,ridge [patterns],1.0,0.08959057935341823,0.08959057935341824,120,1
C_one_step,recency_biased,domain,messaging,ridge [combined],2.0,0.0904627245932582,0.0904627245932582,120,1
C_one_step,recency_biased,domain,messaging,extra_trees [patterns],3.0,0.0969531429744306,0.0969531429744306,120,1
C_one_step,recency_biased,domain,messaging,hist_gradient_boosting [combined],4.0,0.09789284665111923,0.09789284665111923,120,1
C_one_step,recency_biased,domain,messaging,random_forest [patterns],5.0,0.10011262141569197,0.10011262141569195,120,1
C_one_step,recency_biased,domain,messaging,random_forest [combined],6.0,0.10450756143719679,0.10450756143719678,120,1
C_one_step,recency_biased,domain,messaging,hist_gradient_boosting [patterns],7.0,0.104730547328767,0.104730547328767,120,1
C_one_step,recency_biased,domain,messaging,extra_trees [combined],8.0,0.10905850768530764,0.10905850768530763,120,1
C_one_step,recency_biased,domain,messaging,ridge [crawl],9.0,0.11061176742950127,0.11061176742950127,120,1
C_one_step,recency_biased,domain,messaging,mean_floor,10.0,0.11325223241261272,0.11325223241261274,120,1
C_one_step,recency_biased,domain,messaging,hist_gradient_boosting [crawl],11.0,0.11573034518091042,0.11573034518091042,120,1
C_one_step,recency_biased,domain,messaging,extra_trees [crawl],12.0,0.12565655727502809,0.12565655727502809,120,1
C_one_step,recency_biased,domain,messaging,random_forest [crawl],13.0,0.1357102519475997,0.1357102519475997,120,1
C_one_step,recency_biased,domain,messaging,ridge [occupancy],14.0,0.13644649246483753,0.13644649246483753,120,1
C_one_step,recency_biased,domain,messaging,extra_trees [occupancy],15.0,0.1423357847677384,0.14233578476773842,120,1
C_one_step,recency_biased,domain,messaging,random_forest [occupancy],16.0,0.14238827516588556,0.14238827516588556,120,1
C_one_step,recency_biased,domain,messaging,hist_gradient_boosting [occupancy],17.0,0.1428115055483282,0.14281150554832817,120,1
C_one_step,recency_biased,domain,messaging,mask_mle,18.0,0.148688636361222,0.148688636361222,120,1
C_one_step,recency_biased,domain,messaging,plugin,19.0,0.1947209481752538,0.1947209481752538,120,1
C_one_step,recency_biased,domain,proximity,hist_gradient_boosting [combined],1.0,0.10391929637425079,0.10391929637425079,480,4
C_one_step,recency_biased,domain,proximity,mask_mle,2.0,0.10396021713379397,0.10396021713379397,480,4
C_one_step,recency_biased,domain,proximity,hist_gradient_boosting [patterns],3.0,0.11116802867385063,0.11116802867385064,480,4
C_one_step,recency_biased,domain,proximity,ridge [patterns],4.0,0.11438354370072865,0.11438354370072866,480,4
C_one_step,recency_biased,domain,proximity,random_forest [combined],5.0,0.12275647059815877,0.12275647059815878,480,4
C_one_step,recency_biased,domain,proximity,extra_trees [combined],6.0,0.12295769074157423,0.12295769074157423,480,4
C_one_step,recency_biased,domain,proximity,extra_trees [patterns],7.0,0.12577578317236296,0.12577578317236296,480,4
C_one_step,recency_biased,domain,proximity,random_forest [patterns],8.0,0.1295190100617205,0.1295190100617205,480,4
C_one_step,recency_biased,domain,proximity,random_forest [occupancy],9.0,0.13959006385675748,0.13959006385675748,480,4
C_one_step,recency_biased,domain,proximity,extra_trees [occupancy],10.0,0.14157267402292087,0.1415726740229209,480,4
C_one_step,recency_biased,domain,proximity,hist_gradient_boosting [occupancy],11.0,0.15486166895166603,0.1548616689516661,480,4
C_one_step,recency_biased,domain,proximity,ridge [occupancy],12.0,0.16101476754867283,0.16101476754867283,480,4
C_one_step,recency_biased,domain,proximity,ridge [combined],13.0,0.17631504589066344,0.17631504589066344,480,4
C_one_step,recency_biased,domain,proximity,plugin,14.0,0.1886132081688627,0.1886877253105834,479,4
C_one_step,recency_biased,domain,proximity,mean_floor,15.0,0.20130181251469156,0.20130181251469154,480,4
C_one_step,recency_biased,domain,proximity,hist_gradient_boosting [crawl],16.0,0.21918631530639965,0.21918631530639962,480,4
C_one_step,recency_biased,domain,proximity,ridge [crawl],17.0,0.23093279218325455,0.23093279218325452,480,4
C_one_step,recency_biased,domain,proximity,random_forest [crawl],18.0,0.2568939929528564,0.2568939929528564,480,4
C_one_step,recency_biased,domain,proximity,extra_trees [crawl],19.0,0.2640930150957326,0.2640930150957326,480,4
C_one_step,recency_biased,overall,all,extra_trees [combined],1.0,0.0689839120852812,0.06611152634134428,2952,36
C_one_step,recency_biased,overall,all,hist_gradient_boosting [combined],2.0,0.06835215560497349,0.06616847451086035,2952,36
C_one_step,recency_biased,overall,all,random_forest [combined],3.0,0.07075297588306378,0.06830834473258884,2952,36
C_one_step,recency_biased,overall,all,extra_trees [patterns],4.0,0.07486101396795924,0.07392891404851605,2952,36
C_one_step,recency_biased,overall,all,random_forest [patterns],5.0,0.07608987834136764,0.07456264201267684,2952,36
C_one_step,recency_biased,overall,all,hist_gradient_boosting [patterns],6.0,0.07585722721421623,0.0754545238762256,2952,36
C_one_step,recency_biased,overall,all,extra_trees [occupancy],7.0,0.086531931484048,0.0895063682414648,2952,36
C_one_step,recency_biased,overall,all,random_forest [occupancy],8.0,0.08746869560030926,0.0905417079853827,2952,36
C_one_step,recency_biased,overall,all,ridge [combined],9.0,0.09420622212511155,0.092782033160338,2952,36
C_one_step,recency_biased,overall,all,hist_gradient_boosting [occupancy],10.0,0.09251590206570542,0.09616120787258185,2952,36
C_one_step,recency_biased,overall,all,ridge [patterns],11.0,0.09625218247680245,0.10205380366550004,2952,36
C_one_step,recency_biased,overall,all,ridge [occupancy],12.0,0.10808117885447008,0.11579550306045151,2952,36
C_one_step,recency_biased,overall,all,extra_trees [crawl],13.0,0.13504129207707372,0.12393069391363383,2952,36
C_one_step,recency_biased,overall,all,hist_gradient_boosting [crawl],14.0,0.13848343420847628,0.12970878867856198,2952,36
C_one_step,recency_biased,overall,all,random_forest [crawl],15.0,0.1415752378136528,0.13107367689452906,2952,36
C_one_step,recency_biased,overall,all,mask_mle,16.0,0.11992535058505058,0.13430129919167375,2952,36
C_one_step,recency_biased,overall,all,ridge [crawl],17.0,0.18570450255346965,0.18460753627156462,2952,36
C_one_step,recency_biased,overall,all,mean_floor,18.0,0.214985320074523,0.2199143560138682,2952,36
C_one_step,recency_biased,overall,all,plugin,19.0,0.24008864741533173,0.24836196703021918,2951,36
C_one_step,recent_history,budget,100,extra_trees [combined],1.0,0.11339320074235233,0.11221657223634011,738,36
C_one_step,recent_history,budget,100,hist_gradient_boosting [combined],2.0,0.11443225241841228,0.11451224621087354,738,36
C_one_step,recent_history,budget,100,random_forest [combined],3.0,0.11697151557643304,0.11783964229937895,738,36
C_one_step,recent_history,budget,100,hist_gradient_boosting [occupancy],4.0,0.11687394476686921,0.11914372140401072,738,36
C_one_step,recent_history,budget,100,random_forest [occupancy],5.0,0.118749467632033,0.12162164785633364,738,36
C_one_step,recent_history,budget,100,ridge [combined],6.0,0.12209398372724538,0.1237812263497761,738,36
C_one_step,recent_history,budget,100,hist_gradient_boosting [patterns],7.0,0.12103909556011025,0.12423502077123103,738,36
C_one_step,recent_history,budget,100,extra_trees [patterns],8.0,0.12283670380409895,0.12488488700225026,738,36
C_one_step,recent_history,budget,100,extra_trees [occupancy],9.0,0.1223371578701258,0.1263324090244805,738,36
C_one_step,recent_history,budget,100,random_forest [patterns],10.0,0.12570459468157305,0.12809150769873517,738,36
C_one_step,recent_history,budget,100,ridge [patterns],11.0,0.1394924112253168,0.1460112454357329,738,36
C_one_step,recent_history,budget,100,ridge [occupancy],12.0,0.14018514678822258,0.14928837032532177,738,36
C_one_step,recent_history,budget,100,random_forest [crawl],13.0,0.16855721137908103,0.1621370720458314,738,36
C_one_step,recent_history,budget,100,extra_trees [crawl],14.0,0.17236065352012706,0.16523064978089355,738,36
C_one_step,recent_history,budget,100,hist_gradient_boosting [crawl],15.0,0.17405450986173202,0.16954169905602273,738,36
C_one_step,recent_history,budget,100,mask_mle,16.0,0.19797007306637884,0.20848726385593416,738,36
C_one_step,recent_history,budget,100,ridge [crawl],17.0,0.20876521115657065,0.2124971367303028,738,36
C_one_step,recent_history,budget,100,mean_floor,18.0,0.214985320074523,0.2199143560138682,738,36
C_one_step,recent_history,budget,100,plugin,19.0,0.31495087155376195,0.3286798077532318,738,36
C_one_step,recent_history,budget,1600,extra_trees [combined],1.0,0.044596943256777793,0.03991530168707785,738,36
C_one_step,recent_history,budget,1600,random_forest [combined],2.0,0.045982550082401756,0.04142114565680529,738,36
C_one_step,recent_history,budget,1600,hist_gradient_boosting [combined],3.0,0.04892631796783645,0.044396596274670345,738,36
C_one_step,recent_history,budget,1600,extra_trees [patterns],4.0,0.0508824038537068,0.04639764623994795,738,36
C_one_step,recent_history,budget,1600,random_forest [patterns],5.0,0.050600163969408495,0.04665699255664116,738,36
C_one_step,recent_history,budget,1600,hist_gradient_boosting [patterns],6.0,0.053563794169383006,0.05013948204018202,738,36
C_one_step,recent_history,budget,1600,extra_trees [occupancy],7.0,0.056179942385363835,0.054831574362407466,738,36
C_one_step,recent_history,budget,1600,random_forest [occupancy],8.0,0.0587845814249046,0.05795734893315444,738,36
C_one_step,recent_history,budget,1600,ridge [combined],9.0,0.06439193443646503,0.06150404651455467,738,36
C_one_step,recent_history,budget,1600,hist_gradient_boosting [occupancy],10.0,0.06338310868713845,0.06303259425683012,738,36
C_one_step,recent_history,budget,1600,ridge [patterns],11.0,0.0730540832228745,0.07222934398637126,738,36
C_one_step,recent_history,budget,1600,ridge [occupancy],12.0,0.0847072228670518,0.08497105225352483,738,36
C_one_step,recent_history,budget,1600,mask_mle,13.0,0.08158331274373339,0.08687822993239439,738,36
C_one_step,recent_history,budget,1600,extra_trees [crawl],14.0,0.10903691387596325,0.09474338931999121,738,36
C_one_step,recent_history,budget,1600,random_forest [crawl],15.0,0.10957605746316107,0.0980210887958924,738,36
C_one_step,recent_history,budget,1600,hist_gradient_boosting [crawl],16.0,0.1135105558932323,0.10362723841883699,738,36
C_one_step,recent_history,budget,1600,ridge [crawl],17.0,0.15739892053132956,0.1575665310026157,738,36
C_one_step,recent_history,budget,1600,mean_floor,18.0,0.214985320074523,0.2199143560138682,738,36
C_one_step,recent_history,budget,1600,plugin,19.0,0.27425749101012054,0.28718950129849957,738,36
C_one_step,recent_history,budget,3200,extra_trees [combined],1.0,0.037821753383815854,0.032338034590296154,738,36
C_one_step,recent_history,budget,3200,random_forest [combined],2.0,0.04042130657294089,0.03572360399665291,738,36
C_one_step,recent_history,budget,3200,extra_trees [patterns],3.0,0.04348772153811811,0.037287251464854426,738,36
C_one_step,recent_history,budget,3200,random_forest [patterns],4.0,0.043911617500168296,0.038508144187052895,738,36
C_one_step,recent_history,budget,3200,hist_gradient_boosting [combined],5.0,0.044615333282954577,0.039971670784156456,738,36
C_one_step,recent_history,budget,3200,extra_trees [occupancy],6.0,0.04566367310556333,0.04315113487251762,738,36
C_one_step,recent_history,budget,3200,hist_gradient_boosting [patterns],7.0,0.04883463693046121,0.04426995632708343,738,36
C_one_step,recent_history,budget,3200,random_forest [occupancy],8.0,0.05002851748545102,0.04754022792528046,738,36
C_one_step,recent_history,budget,3200,hist_gradient_boosting [occupancy],9.0,0.05645093009744214,0.054306371788057486,738,36
C_one_step,recent_history,budget,3200,ridge [combined],10.0,0.06800449912628823,0.0632750481897057,738,36
C_one_step,recent_history,budget,3200,ridge [patterns],11.0,0.06684011455649394,0.06486500457664941,738,36
C_one_step,recent_history,budget,3200,mask_mle,12.0,0.0635910600157021,0.06936888425722147,738,36
C_one_step,recent_history,budget,3200,ridge [occupancy],13.0,0.08307426454930711,0.08073289266313094,738,36
C_one_step,recent_history,budget,3200,extra_trees [crawl],14.0,0.09863745229951854,0.08334130767360712,738,36
C_one_step,recent_history,budget,3200,random_forest [crawl],15.0,0.10831721248837986,0.09469969276244411,738,36
C_one_step,recent_history,budget,3200,hist_gradient_boosting [crawl],16.0,0.11094527952439724,0.09989837718991944,738,36
C_one_step,recent_history,budget,3200,ridge [crawl],17.0,0.1688796899105839,0.16155521215065685,738,36
C_one_step,recent_history,budget,3200,mean_floor,18.0,0.214985320074523,0.2199143560138682,738,36
C_one_step,recent_history,budget,3200,plugin,19.0,0.24565789754580572,0.2572120356327148,738,36
C_one_step,recent_history,budget,400,hist_gradient_boosting [combined],1.0,0.07240052149960102,0.06889561165558494,738,36
C_one_step,recent_history,budget,400,extra_trees [combined],2.0,0.07392548334510796,0.07007779505125004,738,36
C_one_step,recent_history,budget,400,random_forest [combined],3.0,0.07643875042893253,0.07281105615456736,738,36
C_one_step,recent_history,budget,400,ridge [combined],4.0,0.08328575414129302,0.08015614300054247,738,36
C_one_step,recent_history,budget,400,hist_gradient_boosting [patterns],5.0,0.0812529677136637,0.08162598143824246,738,36
C_one_step,recent_history,budget,400,random_forest [patterns],6.0,0.08485674372501066,0.0846652325378615,738,36
C_one_step,recent_history,budget,400,extra_trees [patterns],7.0,0.08521979754857598,0.08536950123041137,738,36
C_one_step,recent_history,budget,400,extra_trees [occupancy],8.0,0.08452350779834257,0.08657836718623536,738,36
C_one_step,recent_history,budget,400,random_forest [occupancy],9.0,0.0861958687071579,0.08806697837754157,738,36
C_one_step,recent_history,budget,400,hist_gradient_boosting [occupancy],10.0,0.08928530636253514,0.09098788726287943,738,36
C_one_step,recent_history,budget,400,ridge [patterns],11.0,0.09937101424667737,0.10214991688607425,738,36
C_one_step,recent_history,budget,400,ridge [occupancy],12.0,0.1081104952813908,0.11606711643426898,738,36
C_one_step,recent_history,budget,400,extra_trees [crawl],13.0,0.1365130274984288,0.12594551522608616,738,36
C_one_step,recent_history,budget,400,random_forest [crawl],14.0,0.13802000722039032,0.13028723778244047,738,36
C_one_step,recent_history,budget,400,mask_mle,15.0,0.1318650692066093,0.13581521938252258,738,36
C_one_step,recent_history,budget,400,hist_gradient_boosting [crawl],16.0,0.1448422625954328,0.13610701512150347,738,36
C_one_step,recent_history,budget,400,ridge [crawl],17.0,0.18622099820828084,0.18819991208629946,738,36
C_one_step,recent_history,budget,400,mean_floor,18.0,0.214985320074523,0.2199143560138682,738,36
C_one_step,recent_history,budget,400,plugin,19.0,0.3040021131862789,0.31746372434155085,738,36
C_one_step,recent_history,coverage_band,high(>.15),extra_trees [combined],1.0,0.04461718879623627,0.034700105902670544,1146,35
C_one_step,recent_history,coverage_band,high(>.15),random_forest [combined],2.0,0.04659402910797088,0.03680418097054899,1146,35
C_one_step,recent_history,coverage_band,high(>.15),hist_gradient_boosting [combined],3.0,0.0482237908330276,0.04139502141229693,1146,35
C_one_step,recent_history,coverage_band,high(>.15),extra_trees [patterns],4.0,0.0504846880614398,0.04184826888628222,1146,35
C_one_step,recent_history,coverage_band,high(>.15),random_forest [patterns],5.0,0.05034207555562575,0.04223544886987381,1146,35
C_one_step,recent_history,coverage_band,high(>.15),hist_gradient_boosting [patterns],6.0,0.051280669820341074,0.0450918218662691,1146,35
C_one_step,recent_history,coverage_band,high(>.15),extra_trees [occupancy],7.0,0.052234642431925084,0.04815098779406821,1146,35
C_one_step,recent_history,coverage_band,high(>.15),random_forest [occupancy],8.0,0.055830080088078375,0.05121059326460818,1146,35
C_one_step,recent_history,coverage_band,high(>.15),hist_gradient_boosting [occupancy],9.0,0.06003353742207601,0.05569293343734105,1146,35
C_one_step,recent_history,coverage_band,high(>.15),ridge [combined],10.0,0.0675040541036539,0.0578942124782395,1146,35
C_one_step,recent_history,coverage_band,high(>.15),ridge [patterns],11.0,0.06745172248156871,0.06485754316332086,1146,35
C_one_step,recent_history,coverage_band,high(>.15),ridge [occupancy],12.0,0.08763976365914322,0.07978564441866097,1146,35
C_one_step,recent_history,coverage_band,high(>.15),extra_trees [crawl],13.0,0.10160816137621524,0.0864679914088236,1146,35
C_one_step,recent_history,coverage_band,high(>.15),mask_mle,14.0,0.08631312620698982,0.08712777145646801,1146,35
C_one_step,recent_history,coverage_band,high(>.15),random_forest [crawl],15.0,0.11074931015394614,0.0998795628923582,1146,35
C_one_step,recent_history,coverage_band,high(>.15),hist_gradient_boosting [crawl],16.0,0.11489528426767175,0.10808256286612221,1146,35
C_one_step,recent_history,coverage_band,high(>.15),ridge [crawl],17.0,0.18030371908047246,0.1745092173665396,1146,35
C_one_step,recent_history,coverage_band,high(>.15),mean_floor,18.0,0.23757908382337037,0.22571562054297517,1146,35
C_one_step,recent_history,coverage_band,high(>.15),plugin,19.0,0.28225245136982385,0.29966107529386016,1146,35
C_one_step,recent_history,coverage_band,low(<.02),extra_trees [combined],1.0,0.10906381009452787,0.09917300413716834,454,26
C_one_step,recent_history,coverage_band,low(<.02),ridge [combined],2.0,0.11675792591217735,0.10161714581853833,454,26
C_one_step,recent_history,coverage_band,low(<.02),hist_gradient_boosting [combined],3.0,0.11426437417051521,0.10589638466064241,454,26
C_one_step,recent_history,coverage_band,low(<.02),random_forest [combined],4.0,0.11280124795911199,0.10787601963374345,454,26
C_one_step,recent_history,coverage_band,low(<.02),hist_gradient_boosting [occupancy],5.0,0.11745471866051631,0.10930079342085584,454,26
C_one_step,recent_history,coverage_band,low(<.02),random_forest [patterns],6.0,0.11955000640142753,0.10969641180545302,454,26
C_one_step,recent_history,coverage_band,low(<.02),extra_trees [patterns],7.0,0.11753708323885925,0.10981775894436037,454,26
C_one_step,recent_history,coverage_band,low(<.02),hist_gradient_boosting [patterns],8.0,0.11845542203896615,0.11039874556648316,454,26
C_one_step,recent_history,coverage_band,low(<.02),random_forest [occupancy],9.0,0.11876225338927478,0.1190406814655926,454,26
C_one_step,recent_history,coverage_band,low(<.02),extra_trees [occupancy],10.0,0.1229203564270802,0.11992422080636272,454,26
C_one_step,recent_history,coverage_band,low(<.02),ridge [patterns],11.0,0.1428509923184986,0.13392188076948303,454,26
C_one_step,recent_history,coverage_band,low(<.02),ridge [occupancy],12.0,0.1438001208810453,0.1434050142097239,454,26
C_one_step,recent_history,coverage_band,low(<.02),random_forest [crawl],13.0,0.16466561163738036,0.15019615402269973,454,26
C_one_step,recent_history,coverage_band,low(<.02),hist_gradient_boosting [crawl],14.0,0.16909515837737757,0.15396756661150393,454,26
C_one_step,recent_history,coverage_band,low(<.02),extra_trees [crawl],15.0,0.1676713384029723,0.15520689382202515,454,26
C_one_step,recent_history,coverage_band,low(<.02),ridge [crawl],16.0,0.19090868986862813,0.19424601095298305,454,26
C_one_step,recent_history,coverage_band,low(<.02),mask_mle,17.0,0.19928019088558374,0.19879339247476538,454,26
C_one_step,recent_history,coverage_band,low(<.02),mean_floor,18.0,0.19224356973344695,0.20546663280342742,454,26
C_one_step,recent_history,coverage_band,low(<.02),plugin,19.0,0.302520069386336,0.2793065404358278,454,26
C_one_step,recent_history,coverage_band,mid,hist_gradient_boosting [combined],1.0,0.0737986949752323,0.07466013705475119,1352,36
C_one_step,recent_history,coverage_band,mid,extra_trees [combined],2.0,0.07279579795406906,0.07531548962749349,1352,36
C_one_step,recent_history,coverage_band,mid,random_forest [combined],3.0,0.07536560546777457,0.07846040056358912,1352,36
C_one_step,recent_history,coverage_band,mid,hist_gradient_boosting [patterns],4.0,0.08307335475438515,0.08858461208386861,1352,36
C_one_step,recent_history,coverage_band,mid,extra_trees [patterns],5.0,0.08282068212173725,0.08914750926653595,1352,36
C_one_step,recent_history,coverage_band,mid,random_forest [patterns],6.0,0.08371023740799649,0.08952796967722308,1352,36
C_one_step,recent_history,coverage_band,mid,ridge [combined],7.0,0.0879519749625572,0.08958367743525343,1352,36
C_one_step,recent_history,coverage_band,mid,extra_trees [occupancy],8.0,0.0829563738541075,0.09124949876301171,1352,36
C_one_step,recent_history,coverage_band,mid,random_forest [occupancy],9.0,0.08406389822078164,0.09246541215611838,1352,36
C_one_step,recent_history,coverage_band,mid,hist_gradient_boosting [occupancy],10.0,0.08761847026549363,0.09503383909240681,1352,36
C_one_step,recent_history,coverage_band,mid,ridge [patterns],11.0,0.10160436500224077,0.10917463218704042,1352,36
C_one_step,recent_history,coverage_band,mid,ridge [occupancy],12.0,0.10454474669177131,0.11779052419245797,1352,36
C_one_step,recent_history,coverage_band,mid,extra_trees [crawl],13.0,0.13953159634401457,0.132412077218857,1352,36
C_one_step,recent_history,coverage_band,mid,random_forest [crawl],14.0,0.13711710312932995,0.13289320707134847,1352,36
C_one_step,recent_history,coverage_band,mid,mask_mle,15.0,0.1192078201173545,0.13689709811583872,1352,36
C_one_step,recent_history,coverage_band,mid,hist_gradient_boosting [crawl],16.0,0.14242235720230545,0.1392940823278,1352,36
C_one_step,recent_history,coverage_band,mid,ridge [crawl],17.0,0.17676984449024696,0.18570496521339783,1352,36
C_one_step,recent_history,coverage_band,mid,mean_floor,18.0,0.20347075010312474,0.21463776999985199,1352,36
C_one_step,recent_history,coverage_band,mid,plugin,19.0,0.28082798721982916,0.3112311297734028,1352,36
C_one_step,recent_history,data_block,mechanistic_activity,extra_trees [crawl],1.0,0.031070963906181123,0.03107096390618112,216,6
C_one_step,recent_history,data_block,mechanistic_activity,random_forest [crawl],2.0,0.03335079934999617,0.03335079934999618,216,6
C_one_step,recent_history,data_block,mechanistic_activity,extra_trees [combined],3.0,0.04300804772613822,0.04300804772613822,216,6
C_one_step,recent_history,data_block,mechanistic_activity,hist_gradient_boosting [crawl],4.0,0.044978479537479514,0.04497847953747952,216,6
C_one_step,recent_history,data_block,mechanistic_activity,hist_gradient_boosting [combined],5.0,0.05037263797196498,0.050372637971964986,216,6
C_one_step,recent_history,data_block,mechanistic_activity,random_forest [combined],6.0,0.05064035698720852,0.05064035698720853,216,6
C_one_step,recent_history,data_block,mechanistic_activity,ridge [combined],7.0,0.06791890604707067,0.06791890604707067,216,6
C_one_step,recent_history,data_block,mechanistic_activity,extra_trees [patterns],8.0,0.06988785630572575,0.06988785630572576,216,6
C_one_step,recent_history,data_block,mechanistic_activity,random_forest [patterns],9.0,0.07017253169541296,0.07017253169541297,216,6
C_one_step,recent_history,data_block,mechanistic_activity,hist_gradient_boosting [patterns],10.0,0.07446804121293712,0.07446804121293712,216,6
C_one_step,recent_history,data_block,mechanistic_activity,random_forest [occupancy],11.0,0.08984700655181987,0.08984700655181987,216,6
C_one_step,recent_history,data_block,mechanistic_activity,extra_trees [occupancy],12.0,0.08985043946548901,0.08985043946548903,216,6
C_one_step,recent_history,data_block,mechanistic_activity,mask_mle,13.0,0.09712300302921972,0.09712300302921972,216,6
C_one_step,recent_history,data_block,mechanistic_activity,hist_gradient_boosting [occupancy],14.0,0.0983307692937342,0.0983307692937342,216,6
C_one_step,recent_history,data_block,mechanistic_activity,ridge [patterns],15.0,0.11908040241972767,0.11908040241972767,216,6
C_one_step,recent_history,data_block,mechanistic_activity,ridge [crawl],16.0,0.12832719860669992,0.12832719860669992,216,6
C_one_step,recent_history,data_block,mechanistic_activity,ridge [occupancy],17.0,0.14103440073546716,0.14103440073546714,216,6
C_one_step,recent_history,data_block,mechanistic_activity,mean_floor,18.0,0.16712419428727718,0.16712419428727712,216,6
C_one_step,recent_history,data_block,mechanistic_activity,plugin,19.0,0.20228825495164096,0.20228825495164096,216,6
C_one_step,recent_history,data_block,mechanistic_dar,extra_trees [combined],1.0,0.07771549810499588,0.07771549810499591,864,12
C_one_step,recent_history,data_block,mechanistic_dar,hist_gradient_boosting [combined],2.0,0.0809370185389519,0.08093701853895188,864,12
C_one_step,recent_history,data_block,mechanistic_dar,random_forest [combined],3.0,0.08212885844436713,0.08212885844436713,864,12
C_one_step,recent_history,data_block,mechanistic_dar,extra_trees [patterns],4.0,0.08466659207886813,0.08466659207886813,864,12
C_one_step,recent_history,data_block,mechanistic_dar,random_forest [patterns],5.0,0.08768490896478644,0.08768490896478644,864,12
C_one_step,recent_history,data_block,mechanistic_dar,hist_gradient_boosting [patterns],6.0,0.08829861290569276,0.08829861290569276,864,12
C_one_step,recent_history,data_block,mechanistic_dar,extra_trees [occupancy],7.0,0.08976706501222585,0.08976706501222582,864,12
C_one_step,recent_history,data_block,mechanistic_dar,hist_gradient_boosting [occupancy],8.0,0.0904203582521597,0.0904203582521597,864,12
C_one_step,recent_history,data_block,mechanistic_dar,random_forest [occupancy],9.0,0.09126506433589443,0.09126506433589443,864,12
C_one_step,recent_history,data_block,mechanistic_dar,ridge [combined],10.0,0.09876726955059015,0.09876726955059016,864,12
C_one_step,recent_history,data_block,mechanistic_dar,ridge [patterns],11.0,0.10672753784300912,0.1067275378430091,864,12
C_one_step,recent_history,data_block,mechanistic_dar,ridge [occupancy],12.0,0.12254203439825259,0.1225420343982526,864,12
C_one_step,recent_history,data_block,mechanistic_dar,extra_trees [crawl],13.0,0.15181170176340328,0.15181170176340328,864,12
C_one_step,recent_history,data_block,mechanistic_dar,random_forest [crawl],14.0,0.1669953600094321,0.16699536000943208,864,12
C_one_step,recent_history,data_block,mechanistic_dar,hist_gradient_boosting [crawl],15.0,0.17398164125389534,0.17398164125389537,864,12
C_one_step,recent_history,data_block,mechanistic_dar,mask_mle,16.0,0.2181631047127317,0.2181631047127317,864,12
C_one_step,recent_history,data_block,mechanistic_dar,ridge [crawl],17.0,0.25195617515485336,0.2519561751548533,864,12
C_one_step,recent_history,data_block,mechanistic_dar,mean_floor,18.0,0.316707849208726,0.316707849208726,864,12
C_one_step,recent_history,data_block,mechanistic_dar,plugin,19.0,0.5190345001665309,0.5190345001665307,864,12
C_one_step,recent_history,data_block,real_controlled,extra_trees [occupancy],1.0,0.08118347350169738,0.08118347350169738,432,6
C_one_step,recent_history,data_block,real_controlled,random_forest [occupancy],2.0,0.08310961775437732,0.08310961775437732,432,6
C_one_step,recent_history,data_block,real_controlled,hist_gradient_boosting [combined],3.0,0.08509424345237242,0.08509424345237243,432,6
C_one_step,recent_history,data_block,real_controlled,random_forest [combined],4.0,0.08693855777673373,0.08693855777673372,432,6
C_one_step,recent_history,data_block,real_controlled,extra_trees [combined],5.0,0.08730895305923234,0.08730895305923232,432,6
C_one_step,recent_history,data_block,real_controlled,mask_mle,6.0,0.09067568268676593,0.09067568268676594,432,6
C_one_step,recent_history,data_block,real_controlled,hist_gradient_boosting [occupancy],7.0,0.09195921815772207,0.09195921815772207,432,6
C_one_step,recent_history,data_block,real_controlled,random_forest [patterns],8.0,0.09280888385319651,0.09280888385319648,432,6
C_one_step,recent_history,data_block,real_controlled,hist_gradient_boosting [patterns],9.0,0.09299888277276162,0.09299888277276162,432,6
C_one_step,recent_history,data_block,real_controlled,extra_trees [patterns],10.0,0.09809579899050723,0.09809579899050724,432,6
C_one_step,recent_history,data_block,real_controlled,ridge [occupancy],11.0,0.10045644768774835,0.10045644768774832,432,6
C_one_step,recent_history,data_block,real_controlled,ridge [combined],12.0,0.11019729777862795,0.11019729777862797,432,6
C_one_step,recent_history,data_block,real_controlled,ridge [patterns],13.0,0.11194560282800557,0.11194560282800559,432,6
C_one_step,recent_history,data_block,real_controlled,mean_floor,14.0,0.15624437931440185,0.15624437931440188,432,6
C_one_step,recent_history,data_block,real_controlled,plugin,15.0,0.16047351113566558,0.16047351113566555,432,6
C_one_step,recent_history,data_block,real_controlled,hist_gradient_boosting [crawl],16.0,0.16846977398802318,0.1684697739880232,432,6
C_one_step,recent_history,data_block,real_controlled,ridge [crawl],17.0,0.17757162799840265,0.17757162799840265,432,6
C_one_step,recent_history,data_block,real_controlled,random_forest [crawl],18.0,0.18287720262010423,0.1828772026201042,432,6
C_one_step,recent_history,data_block,real_controlled,extra_trees [crawl],19.0,0.19936737647237426,0.19936737647237424,432,6
C_one_step,recent_history,data_block,real_empirical,mask_mle,1.0,0.10609697869031619,0.10609697869031619,72,6
C_one_step,recent_history,data_block,real_empirical,random_forest [combined],2.0,0.11729532139020621,0.1172953213902062,72,6
C_one_step,recent_history,data_block,real_empirical,extra_trees [combined],3.0,0.11875084285261339,0.11875084285261339,72,6
C_one_step,recent_history,data_block,real_empirical,extra_trees [patterns],4.0,0.12091788041041579,0.1209178804104158,72,6
C_one_step,recent_history,data_block,real_empirical,random_forest [crawl],5.0,0.12679128220196015,0.12679128220196012,72,6
C_one_step,recent_history,data_block,real_empirical,ridge [combined],6.0,0.12747640758183543,0.1274764075818354,72,6
C_one_step,recent_history,data_block,real_empirical,random_forest [patterns],7.0,0.13134740388367894,0.1313474038836789,72,6
C_one_step,recent_history,data_block,real_empirical,hist_gradient_boosting [crawl],8.0,0.13594421171150117,0.1359442117115012,72,6
C_one_step,recent_history,data_block,real_empirical,hist_gradient_boosting [combined],9.0,0.13664159095846046,0.13664159095846043,72,6
C_one_step,recent_history,data_block,real_empirical,random_forest [occupancy],10.0,0.13898458797104618,0.13898458797104618,72,6
C_one_step,recent_history,data_block,real_empirical,mean_floor,11.0,0.1397782751552884,0.13977827515528843,72,6
C_one_step,recent_history,data_block,real_empirical,extra_trees [occupancy],12.0,0.14181956405178126,0.14181956405178123,72,6
C_one_step,recent_history,data_block,real_empirical,ridge [patterns],13.0,0.14458655505148402,0.144586555051484,72,6
C_one_step,recent_history,data_block,real_empirical,hist_gradient_boosting [patterns],14.0,0.1448426758611229,0.1448426758611229,72,6
C_one_step,recent_history,data_block,real_empirical,hist_gradient_boosting [occupancy],15.0,0.15557549200321685,0.15557549200321688,72,6
C_one_step,recent_history,data_block,real_empirical,ridge [occupancy],16.0,0.16075203558468903,0.160752035584689,72,6
C_one_step,recent_history,data_block,real_empirical,extra_trees [crawl],17.0,0.166441942366027,0.16644194236602702,72,6
C_one_step,recent_history,data_block,real_empirical,ridge [crawl],18.0,0.1935548527260498,0.19355485272604978,72,6
C_one_step,recent_history,data_block,real_empirical,plugin,19.0,0.2327436642407242,0.2327436642407242,72,6
C_one_step,recent_history,data_block,real_shuffle,mask_mle,1.0,0.15081596496719044,0.15081596496719044,216,6
C_one_step,recent_history,data_block,real_shuffle,ridge [combined],2.0,0.1575662635046423,0.1575662635046423,216,6
C_one_step,recent_history,data_block,real_shuffle,hist_gradient_boosting [patterns],3.0,0.17466623932772915,0.17466623932772915,216,6
C_one_step,recent_history,data_block,real_shuffle,hist_gradient_boosting [combined],4.0,0.17782368759652367,0.17782368759652367,216,6
C_one_step,recent_history,data_block,real_shuffle,extra_trees [combined],5.0,0.17936171415342694,0.17936171415342694,216,6
C_one_step,recent_history,data_block,real_shuffle,random_forest [combined],6.0,0.18080210847799133,0.1808021084779913,216,6
C_one_step,recent_history,data_block,real_shuffle,random_forest [patterns],7.0,0.19316517983799286,0.1931651798379929,216,6
C_one_step,recent_history,data_block,real_shuffle,extra_trees [occupancy],8.0,0.19338905483344732,0.19338905483344734,216,6
C_one_step,recent_history,data_block,real_shuffle,ridge [patterns],9.0,0.19709939462550724,0.1970993946255073,216,6
C_one_step,recent_history,data_block,real_shuffle,extra_trees [patterns],10.0,0.19801434642494023,0.19801434642494029,216,6
C_one_step,recent_history,data_block,real_shuffle,random_forest [occupancy],11.0,0.20092725900557545,0.20092725900557543,216,6
C_one_step,recent_history,data_block,real_shuffle,hist_gradient_boosting [occupancy],12.0,0.20608907394068707,0.206089073940687,216,6
C_one_step,recent_history,data_block,real_shuffle,ridge [occupancy],13.0,0.22453232340728044,0.22453232340728038,216,6
C_one_step,recent_history,data_block,real_shuffle,random_forest [crawl],14.0,0.24000991368627955,0.24000991368627952,216,6
C_one_step,recent_history,data_block,real_shuffle,mean_floor,15.0,0.24252082075453535,0.24252082075453538,216,6
C_one_step,recent_history,data_block,real_shuffle,hist_gradient_boosting [crawl],16.0,0.25123110809383503,0.25123110809383503,216,6
C_one_step,recent_history,data_block,real_shuffle,ridge [crawl],17.0,0.254671114817439,0.25467111481743904,216,6
C_one_step,recent_history,data_block,real_shuffle,extra_trees [crawl],18.0,0.25593254346068844,0.2559325434606885,216,6
C_one_step,recent_history,data_block,real_shuffle,plugin,19.0,0.3922038786418035,0.39220387864180356,216,6
C_one_step,recent_history,data_block,synthetic_controlled,extra_trees [combined],1.0,0.032656770522243694,0.032656770522243694,1152,12
C_one_step,recent_history,data_block,synthetic_controlled,random_forest [combined],2.0,0.034330899468352875,0.034330899468352875,1152,12
C_one_step,recent_history,data_block,synthetic_controlled,extra_trees [patterns],3.0,0.03566715853995301,0.035667158539953024,1152,12
C_one_step,recent_history,data_block,synthetic_controlled,hist_gradient_boosting [combined],4.0,0.03567485044591629,0.03567485044591629,1152,12
C_one_step,recent_history,data_block,synthetic_controlled,random_forest [patterns],5.0,0.03728542059688329,0.037285420596883286,1152,12
C_one_step,recent_history,data_block,synthetic_controlled,extra_trees [occupancy],6.0,0.03802345086114499,0.03802345086114499,1152,12
C_one_step,recent_history,data_block,synthetic_controlled,random_forest [occupancy],7.0,0.03817988113172642,0.03817988113172643,1152,12
C_one_step,recent_history,data_block,synthetic_controlled,hist_gradient_boosting [patterns],8.0,0.03832846239634887,0.03832846239634887,1152,12
C_one_step,recent_history,data_block,synthetic_controlled,hist_gradient_boosting [occupancy],9.0,0.039737286996226,0.03973728699622601,1152,12
C_one_step,recent_history,data_block,synthetic_controlled,ridge [combined],10.0,0.05074267622843223,0.050742676228432225,1152,12
C_one_step,recent_history,data_block,synthetic_controlled,ridge [patterns],11.0,0.05229597631594593,0.05229597631594593,1152,12
C_one_step,recent_history,data_block,synthetic_controlled,mask_mle,12.0,0.053557643358088707,0.053557643358088707,1152,12
C_one_step,recent_history,data_block,synthetic_controlled,ridge [occupancy],13.0,0.058380954394547685,0.05838095439454768,1152,12
C_one_step,recent_history,data_block,synthetic_controlled,extra_trees [crawl],14.0,0.07807627120482283,0.07807627120482284,1152,12
C_one_step,recent_history,data_block,synthetic_controlled,random_forest [crawl],15.0,0.08298384690645487,0.08298384690645487,1152,12
C_one_step,recent_history,data_block,synthetic_controlled,hist_gradient_boosting [crawl],16.0,0.09038705732101962,0.09038705732101963,1152,12
C_one_step,recent_history,data_block,synthetic_controlled,ridge [crawl],17.0,0.12259442126076367,0.12259442126076368,1152,12
C_one_step,recent_history,data_block,synthetic_controlled,plugin,18.0,0.15412035577813998,0.15412035577814,1152,12
C_one_step,recent_history,data_block,synthetic_controlled,mean_floor,19.0,0.16923277102397463,0.1692327710239747,1152,12
C_one_step,recent_history,domain,controlled,extra_trees [combined],1.0,0.032656770522243694,0.032656770522243694,1152,12
C_one_step,recent_history,domain,controlled,random_forest [combined],2.0,0.034330899468352875,0.034330899468352875,1152,12
C_one_step,recent_history,domain,controlled,extra_trees [patterns],3.0,0.03566715853995301,0.035667158539953024,1152,12
C_one_step,recent_history,domain,controlled,hist_gradient_boosting [combined],4.0,0.03567485044591629,0.03567485044591629,1152,12
C_one_step,recent_history,domain,controlled,random_forest [patterns],5.0,0.03728542059688329,0.037285420596883286,1152,12
C_one_step,recent_history,domain,controlled,extra_trees [occupancy],6.0,0.03802345086114499,0.03802345086114499,1152,12
C_one_step,recent_history,domain,controlled,random_forest [occupancy],7.0,0.03817988113172642,0.03817988113172643,1152,12
C_one_step,recent_history,domain,controlled,hist_gradient_boosting [patterns],8.0,0.03832846239634887,0.03832846239634887,1152,12
C_one_step,recent_history,domain,controlled,hist_gradient_boosting [occupancy],9.0,0.039737286996226,0.03973728699622601,1152,12
C_one_step,recent_history,domain,controlled,ridge [combined],10.0,0.05074267622843223,0.050742676228432225,1152,12
C_one_step,recent_history,domain,controlled,ridge [patterns],11.0,0.05229597631594593,0.05229597631594593,1152,12
C_one_step,recent_history,domain,controlled,mask_mle,12.0,0.053557643358088707,0.053557643358088707,1152,12
C_one_step,recent_history,domain,controlled,ridge [occupancy],13.0,0.058380954394547685,0.05838095439454768,1152,12
C_one_step,recent_history,domain,controlled,extra_trees [crawl],14.0,0.07807627120482283,0.07807627120482284,1152,12
C_one_step,recent_history,domain,controlled,random_forest [crawl],15.0,0.08298384690645487,0.08298384690645487,1152,12
C_one_step,recent_history,domain,controlled,hist_gradient_boosting [crawl],16.0,0.09038705732101962,0.09038705732101963,1152,12
C_one_step,recent_history,domain,controlled,ridge [crawl],17.0,0.12259442126076367,0.12259442126076368,1152,12
C_one_step,recent_history,domain,controlled,plugin,18.0,0.15412035577813998,0.15412035577814,1152,12
C_one_step,recent_history,domain,controlled,mean_floor,19.0,0.16923277102397463,0.1692327710239747,1152,12
C_one_step,recent_history,domain,email,extra_trees [combined],1.0,0.09512149988297156,0.09512149988297156,120,1
C_one_step,recent_history,domain,email,hist_gradient_boosting [combined],2.0,0.0961144739687592,0.0961144739687592,120,1
C_one_step,recent_history,domain,email,ridge [combined],3.0,0.10298857826453285,0.10298857826453285,120,1
C_one_step,recent_history,domain,email,random_forest [combined],4.0,0.10309266788636891,0.10309266788636891,120,1
C_one_step,recent_history,domain,email,extra_trees [patterns],5.0,0.1036872329695465,0.1036872329695465,120,1
C_one_step,recent_history,domain,email,hist_gradient_boosting [patterns],6.0,0.10429216589037073,0.10429216589037073,120,1
C_one_step,recent_history,domain,email,random_forest [patterns],7.0,0.1058294721048483,0.1058294721048483,120,1
C_one_step,recent_history,domain,email,hist_gradient_boosting [occupancy],8.0,0.11939066236449994,0.11939066236449994,120,1
C_one_step,recent_history,domain,email,ridge [occupancy],9.0,0.11990029617834355,0.11990029617834355,120,1
C_one_step,recent_history,domain,email,extra_trees [occupancy],10.0,0.12039698162473637,0.12039698162473637,120,1
C_one_step,recent_history,domain,email,hist_gradient_boosting [crawl],11.0,0.12129454337437566,0.12129454337437567,120,1
C_one_step,recent_history,domain,email,random_forest [occupancy],12.0,0.12183575641397718,0.12183575641397718,120,1
C_one_step,recent_history,domain,email,ridge [patterns],13.0,0.1268811501531242,0.1268811501531242,120,1
C_one_step,recent_history,domain,email,mask_mle,14.0,0.15037130654959704,0.15037130654959704,120,1
C_one_step,recent_history,domain,email,random_forest [crawl],15.0,0.16094366226640247,0.16094366226640247,120,1
C_one_step,recent_history,domain,email,ridge [crawl],16.0,0.16175221995778452,0.1617522199577845,120,1
C_one_step,recent_history,domain,email,mean_floor,17.0,0.16442472551180448,0.1644247255118045,120,1
C_one_step,recent_history,domain,email,extra_trees [crawl],18.0,0.16616089635611012,0.16616089635611012,120,1
C_one_step,recent_history,domain,email,plugin,19.0,0.29904343432063135,0.29904343432063135,120,1
C_one_step,recent_history,domain,mechanistic,extra_trees [combined],1.0,0.07077400802922434,0.06614634797870998,1080,18
C_one_step,recent_history,domain,mechanistic,hist_gradient_boosting [combined],2.0,0.07482414242555452,0.0707488916832896,1080,18
C_one_step,recent_history,domain,mechanistic,random_forest [combined],3.0,0.0758311581529354,0.07163269129198092,1080,18
C_one_step,recent_history,domain,mechanistic,extra_trees [patterns],4.0,0.08171084492423966,0.079740346821154,1080,18
C_one_step,recent_history,domain,mechanistic,random_forest [patterns],5.0,0.08418243351091174,0.08184744987499529,1080,18
C_one_step,recent_history,domain,mechanistic,hist_gradient_boosting [patterns],6.0,0.08553249856714162,0.08368842234144089,1080,18
C_one_step,recent_history,domain,mechanistic,ridge [combined],7.0,0.09259759684988625,0.08848448171608364,1080,18
C_one_step,recent_history,domain,mechanistic,extra_trees [occupancy],8.0,0.08978373990287847,0.08979485649664688,1080,18
C_one_step,recent_history,domain,mechanistic,random_forest [occupancy],9.0,0.09098145277907951,0.09079237840786958,1080,18
C_one_step,recent_history,domain,mechanistic,hist_gradient_boosting [occupancy],10.0,0.09200244046047461,0.09305716193268454,1080,18
C_one_step,recent_history,domain,mechanistic,ridge [patterns],11.0,0.10919811075835284,0.11084515936858196,1080,18
C_one_step,recent_history,domain,mechanistic,extra_trees [crawl],12.0,0.12766355419195885,0.11156478914432921,1080,18
C_one_step,recent_history,domain,mechanistic,random_forest [crawl],13.0,0.14026644787754491,0.12244717312295347,1080,18
C_one_step,recent_history,domain,mechanistic,ridge [occupancy],14.0,0.12624050766569553,0.12870615651065745,1080,18
C_one_step,recent_history,domain,mechanistic,hist_gradient_boosting [crawl],15.0,0.14818100891061217,0.13098058734842344,1080,18
C_one_step,recent_history,domain,mechanistic,mask_mle,16.0,0.19395508437602932,0.17781640415156105,1080,18
C_one_step,recent_history,domain,mechanistic,ridge [crawl],17.0,0.22723037984522265,0.21074651630546887,1080,18
C_one_step,recent_history,domain,mechanistic,mean_floor,18.0,0.28679111822443626,0.2668466309015764,1080,18
C_one_step,recent_history,domain,mechanistic,plugin,19.0,0.4556852511235529,0.4134524184282342,1080,18
C_one_step,recent_history,domain,messaging,random_forest [combined],1.0,0.06483480065836099,0.06483480065836099,120,1
C_one_step,recent_history,domain,messaging,extra_trees [combined],2.0,0.06605656868916959,0.06605656868916959,120,1
C_one_step,recent_history,domain,messaging,extra_trees [occupancy],3.0,0.06666174362057466,0.06666174362057466,120,1
C_one_step,recent_history,domain,messaging,ridge [occupancy],4.0,0.06822256288531593,0.06822256288531593,120,1
C_one_step,recent_history,domain,messaging,random_forest [occupancy],5.0,0.06920216980933717,0.06920216980933717,120,1
C_one_step,recent_history,domain,messaging,random_forest [patterns],6.0,0.07128941809864561,0.07128941809864563,120,1
C_one_step,recent_history,domain,messaging,hist_gradient_boosting [occupancy],7.0,0.07541759876365924,0.07541759876365924,120,1
C_one_step,recent_history,domain,messaging,ridge [combined],8.0,0.07686427199704703,0.07686427199704705,120,1
C_one_step,recent_history,domain,messaging,extra_trees [patterns],9.0,0.08175507822772196,0.08175507822772198,120,1
C_one_step,recent_history,domain,messaging,hist_gradient_boosting [patterns],10.0,0.08310914536488326,0.08310914536488326,120,1
C_one_step,recent_history,domain,messaging,hist_gradient_boosting [combined],11.0,0.09426512115110412,0.09426512115110414,120,1
C_one_step,recent_history,domain,messaging,random_forest [crawl],12.0,0.10310131014991031,0.10310131014991031,120,1
C_one_step,recent_history,domain,messaging,mask_mle,13.0,0.10638190408095802,0.10638190408095802,120,1
C_one_step,recent_history,domain,messaging,mean_floor,14.0,0.11325223241261272,0.11325223241261274,120,1
C_one_step,recent_history,domain,messaging,hist_gradient_boosting [crawl],15.0,0.1222185534939949,0.12221855349399492,120,1
C_one_step,recent_history,domain,messaging,ridge [crawl],16.0,0.14734310614465168,0.1473431061446517,120,1
C_one_step,recent_history,domain,messaging,extra_trees [crawl],17.0,0.15099950063089124,0.15099950063089124,120,1
C_one_step,recent_history,domain,messaging,ridge [patterns],18.0,0.17613462126073756,0.17613462126073756,120,1
C_one_step,recent_history,domain,messaging,plugin,19.0,0.2362006965366318,0.23620069653663184,120,1
C_one_step,recent_history,domain,proximity,mask_mle,1.0,0.10120154279923368,0.1012015427992337,480,4
C_one_step,recent_history,domain,proximity,hist_gradient_boosting [combined],2.0,0.12950681838937406,0.12950681838937406,480,4
C_one_step,recent_history,domain,proximity,extra_trees [occupancy],3.0,0.13459845412301838,0.13459845412301835,480,4
C_one_step,recent_history,domain,proximity,random_forest [combined],4.0,0.1352180818865049,0.13521808188650492,480,4
C_one_step,recent_history,domain,proximity,ridge [patterns],5.0,0.13537981053094045,0.13537981053094045,480,4
C_one_step,recent_history,domain,proximity,extra_trees [combined],6.0,0.13680893840720793,0.13680893840720793,480,4
C_one_step,recent_history,domain,proximity,hist_gradient_boosting [patterns],7.0,0.13717487575831852,0.13717487575831852,480,4
C_one_step,recent_history,domain,proximity,random_forest [occupancy],8.0,0.13830412917127688,0.13830412917127688,480,4
C_one_step,recent_history,domain,proximity,ridge [combined],9.0,0.1442406351497345,0.1442406351497345,480,4
C_one_step,recent_history,domain,proximity,random_forest [patterns],10.0,0.145874714426652,0.145874714426652,480,4
C_one_step,recent_history,domain,proximity,extra_trees [patterns],11.0,0.14916977924492486,0.14916977924492486,480,4
C_one_step,recent_history,domain,proximity,hist_gradient_boosting [occupancy],12.0,0.15013763813370176,0.15013763813370176,480,4
C_one_step,recent_history,domain,proximity,ridge [occupancy],13.0,0.16853243902403817,0.16853243902403817,480,4
C_one_step,recent_history,domain,proximity,mean_floor,14.0,0.20130181251469156,0.20130181251469154,480,4
C_one_step,recent_history,domain,proximity,plugin,15.0,0.2220184223327034,0.2220184223327034,480,4
C_one_step,recent_history,domain,proximity,hist_gradient_boosting [crawl],16.0,0.22419015277107915,0.22419015277107915,480,4
C_one_step,recent_history,domain,proximity,random_forest [crawl],17.0,0.22560139274313543,0.2256013927431354,480,4
C_one_step,recent_history,domain,proximity,ridge [crawl],18.0,0.22617586324970831,0.22617586324970834,480,4
C_one_step,recent_history,domain,proximity,extra_trees [crawl],19.0,0.24027647549060033,0.24027647549060033,480,4
C_one_step,recent_history,overall,all,extra_trees [combined],1.0,0.06743434518201348,0.06363692589124102,2952,36
C_one_step,recent_history,overall,all,hist_gradient_boosting [combined],2.0,0.07009360629220109,0.06694403123132132,2952,36
C_one_step,recent_history,overall,all,random_forest [combined],3.0,0.06995353066517705,0.06694886202685113,2952,36
C_one_step,recent_history,overall,all,extra_trees [patterns],4.0,0.07560665668612496,0.07348482148436601,2952,36
C_one_step,recent_history,overall,all,random_forest [patterns],5.0,0.07626827996904013,0.07448046924507269,2952,36
C_one_step,recent_history,overall,all,hist_gradient_boosting [patterns],6.0,0.07617262359340454,0.07506761014418473,2952,36
C_one_step,recent_history,overall,all,extra_trees [occupancy],7.0,0.0771760702898489,0.07772337136141022,2952,36
C_one_step,recent_history,overall,all,random_forest [occupancy],8.0,0.07843960881238662,0.07879655077307755,2952,36
C_one_step,recent_history,overall,all,hist_gradient_boosting [occupancy],9.0,0.08149832247849624,0.08186764367794443,2952,36
C_one_step,recent_history,overall,all,ridge [combined],10.0,0.0844440428578229,0.08217911601364472,2952,36
C_one_step,recent_history,overall,all,ridge [patterns],11.0,0.09468940581284065,0.09631387772120696,2952,36
C_one_step,recent_history,overall,all,ridge [occupancy],12.0,0.10401928237149306,0.10776485791906161,2952,36
C_one_step,recent_history,overall,all,extra_trees [crawl],13.0,0.1291370117985094,0.11731521550014451,2952,36
C_one_step,recent_history,overall,all,random_forest [crawl],14.0,0.13111762213775308,0.12128627284665211,2952,36
C_one_step,recent_history,overall,all,mask_mle,15.0,0.11875237875810589,0.12513739935701812,2952,36
C_one_step,recent_history,overall,all,hist_gradient_boosting [crawl],16.0,0.1358381519686986,0.1272935824465707,2952,36
C_one_step,recent_history,overall,all,ridge [crawl],17.0,0.18031620495169123,0.17995469799246866,2952,36
C_one_step,recent_history,overall,all,mean_floor,18.0,0.214985320074523,0.2199143560138682,2952,36
C_one_step,recent_history,overall,all,plugin,19.0,0.28471709332399175,0.2976362672564993,2952,36
C_one_step,time_agnostic,budget,100,ridge [combined],1.5,0.20919906647650247,0.21639841333320484,69,18
C_one_step,time_agnostic,budget,100,ridge [crawl],1.5,0.20919906647650247,0.21639841333320484,69,18
C_one_step,time_agnostic,budget,100,random_forest [combined],3.5,0.23629796826604613,0.2477488466791531,69,18
C_one_step,time_agnostic,budget,100,random_forest [crawl],3.5,0.23629796826604613,0.2477488466791531,69,18
C_one_step,time_agnostic,budget,100,mean_floor,5.0,0.24390284675362858,0.2481566204562622,69,18
C_one_step,time_agnostic,budget,100,extra_trees [combined],6.5,0.2452079597942109,0.2577441045381999,69,18
C_one_step,time_agnostic,budget,100,extra_trees [crawl],6.5,0.2452079597942109,0.2577441045381999,69,18
C_one_step,time_agnostic,budget,100,hist_gradient_boosting [combined],8.5,0.2574664081160882,0.26781708846286373,69,18
C_one_step,time_agnostic,budget,100,hist_gradient_boosting [crawl],8.5,0.2574664081160882,0.26781708846286373,69,18
C_one_step,time_agnostic,budget,1600,ridge [combined],1.5,0.21417825560495904,0.22015683553724794,69,18
C_one_step,time_agnostic,budget,1600,ridge [crawl],1.5,0.21417825560495904,0.22015683553724794,69,18
C_one_step,time_agnostic,budget,1600,mean_floor,3.0,0.24390284675362858,0.2481566204562622,69,18
C_one_step,time_agnostic,budget,1600,extra_trees [combined],4.5,0.24426530082938586,0.26056925506781287,69,18
C_one_step,time_agnostic,budget,1600,extra_trees [crawl],4.5,0.24426530082938586,0.26056925506781287,69,18
C_one_step,time_agnostic,budget,1600,hist_gradient_boosting [combined],6.5,0.24477188660537239,0.26220866777987817,69,18
C_one_step,time_agnostic,budget,1600,hist_gradient_boosting [crawl],6.5,0.24477188660537239,0.26220866777987817,69,18
C_one_step,time_agnostic,budget,1600,random_forest [combined],8.5,0.24709213886677484,0.2657916435060227,69,18
C_one_step,time_agnostic,budget,1600,random_forest [crawl],8.5,0.24709213886677484,0.2657916435060227,69,18
C_one_step,time_agnostic,budget,3200,ridge [combined],1.5,0.23100949206817364,0.23718697880957476,69,18
C_one_step,time_agnostic,budget,3200,ridge [crawl],1.5,0.23100949206817364,0.23718697880957476,69,18
C_one_step,time_agnostic,budget,3200,hist_gradient_boosting [combined],3.5,0.21926087519004403,0.24380431285511023,69,18
C_one_step,time_agnostic,budget,3200,hist_gradient_boosting [crawl],3.5,0.21926087519004403,0.24380431285511023,69,18
C_one_step,time_agnostic,budget,3200,mean_floor,5.0,0.24390284675362858,0.2481566204562622,69,18
C_one_step,time_agnostic,budget,3200,extra_trees [combined],6.5,0.2261653049527198,0.2490097039251138,69,18
C_one_step,time_agnostic,budget,3200,extra_trees [crawl],6.5,0.2261653049527198,0.2490097039251138,69,18
C_one_step,time_agnostic,budget,3200,random_forest [combined],8.5,0.23302866697240943,0.2524867183354587,69,18
C_one_step,time_agnostic,budget,3200,random_forest [crawl],8.5,0.23302866697240943,0.2524867183354587,69,18
C_one_step,time_agnostic,budget,400,ridge [combined],1.5,0.1962952502987175,0.20159422479469688,69,18
C_one_step,time_agnostic,budget,400,ridge [crawl],1.5,0.1962952502987175,0.20159422479469688,69,18
C_one_step,time_agnostic,budget,400,mean_floor,3.0,0.24390284675362858,0.2481566204562622,69,18
C_one_step,time_agnostic,budget,400,random_forest [combined],4.5,0.2353590076200032,0.24965282120387336,69,18
C_one_step,time_agnostic,budget,400,random_forest [crawl],4.5,0.2353590076200032,0.24965282120387336,69,18
C_one_step,time_agnostic,budget,400,extra_trees [combined],6.5,0.2487138293348212,0.2620610416412077,69,18
C_one_step,time_agnostic,budget,400,extra_trees [crawl],6.5,0.2487138293348212,0.2620610416412077,69,18
C_one_step,time_agnostic,budget,400,hist_gradient_boosting [combined],8.5,0.2522970045562574,0.269935975683431,69,18
C_one_step,time_agnostic,budget,400,hist_gradient_boosting [crawl],8.5,0.2522970045562574,0.269935975683431,69,18
C_one_step,time_agnostic,coverage_band,high(>.15),ridge [combined],1.5,0.21349930598168418,0.2294834438258009,139,18
C_one_step,time_agnostic,coverage_band,high(>.15),ridge [crawl],1.5,0.21349930598168418,0.2294834438258009,139,18
C_one_step,time_agnostic,coverage_band,high(>.15),hist_gradient_boosting [combined],3.5,0.2396414236684965,0.23833127041572086,139,18
C_one_step,time_agnostic,coverage_band,high(>.15),hist_gradient_boosting [crawl],3.5,0.2396414236684965,0.23833127041572086,139,18
C_one_step,time_agnostic,coverage_band,high(>.15),random_forest [combined],5.5,0.24967915145790473,0.2448895621890106,139,18
C_one_step,time_agnostic,coverage_band,high(>.15),random_forest [crawl],5.5,0.24967915145790473,0.2448895621890106,139,18
C_one_step,time_agnostic,coverage_band,high(>.15),extra_trees [combined],7.5,0.24962129012967468,0.24655340335749132,139,18
C_one_step,time_agnostic,coverage_band,high(>.15),extra_trees [crawl],7.5,0.24962129012967468,0.24655340335749132,139,18
C_one_step,time_agnostic,coverage_band,high(>.15),mean_floor,9.0,0.25317827744126087,0.2481566204562622,139,18
C_one_step,time_agnostic,coverage_band,low(<.02),ridge [combined],1.5,0.2038409431063971,0.220973659604363,30,8
C_one_step,time_agnostic,coverage_band,low(<.02),ridge [crawl],1.5,0.2038409431063971,0.220973659604363,30,8
C_one_step,time_agnostic,coverage_band,low(<.02),mean_floor,3.0,0.22549604959162148,0.238948938608113,30,8
C_one_step,time_agnostic,coverage_band,low(<.02),random_forest [combined],4.5,0.23426678853364186,0.2512635487412961,30,8
C_one_step,time_agnostic,coverage_band,low(<.02),random_forest [crawl],4.5,0.23426678853364186,0.2512635487412961,30,8
C_one_step,time_agnostic,coverage_band,low(<.02),extra_trees [combined],6.5,0.24227267074989417,0.2624764576208719,30,8
C_one_step,time_agnostic,coverage_band,low(<.02),extra_trees [crawl],6.5,0.24227267074989417,0.2624764576208719,30,8
C_one_step,time_agnostic,coverage_band,low(<.02),hist_gradient_boosting [combined],8.5,0.2552666680661525,0.27142210766342867,30,8
C_one_step,time_agnostic,coverage_band,low(<.02),hist_gradient_boosting [crawl],8.5,0.2552666680661525,0.27142210766342867,30,8
C_one_step,time_agnostic,coverage_band,mid,ridge [combined],1.5,0.2140694450681338,0.21613225324865265,107,18
C_one_step,time_agnostic,coverage_band,mid,ridge [crawl],1.5,0.2140694450681338,0.21613225324865265,107,18
C_one_step,time_agnostic,coverage_band,mid,random_forest [combined],3.5,0.22373141336806637,0.24574725755674218,107,18
C_one_step,time_agnostic,coverage_band,mid,random_forest [crawl],3.5,0.22373141336806637,0.24574725755674218,107,18
C_one_step,time_agnostic,coverage_band,mid,mean_floor,5.0,0.23701423973754757,0.2481566204562622,107,18
C_one_step,time_agnostic,coverage_band,mid,extra_trees [combined],6.5,0.2296708018537093,0.25137805421415005,107,18
C_one_step,time_agnostic,coverage_band,mid,extra_trees [crawl],6.5,0.2296708018537093,0.25137805421415005,107,18
C_one_step,time_agnostic,coverage_band,mid,hist_gradient_boosting [combined],8.5,0.24508203837728956,0.26458197851497745,107,18
C_one_step,time_agnostic,coverage_band,mid,hist_gradient_boosting [crawl],8.5,0.24508203837728956,0.26458197851497745,107,18
C_one_step,time_agnostic,data_block,mechanistic_activity,mean_floor,1.0,0.07667117967734105,0.07667117967734105,12,1
C_one_step,time_agnostic,data_block,mechanistic_activity,ridge [combined],2.5,0.12173333319589547,0.12173333319589547,12,1
C_one_step,time_agnostic,data_block,mechanistic_activity,ridge [crawl],2.5,0.12173333319589547,0.12173333319589547,12,1
C_one_step,time_agnostic,data_block,mechanistic_activity,random_forest [combined],4.5,0.29386590468701024,0.2938659046870102,12,1
C_one_step,time_agnostic,data_block,mechanistic_activity,random_forest [crawl],4.5,0.29386590468701024,0.2938659046870102,12,1
C_one_step,time_agnostic,data_block,mechanistic_activity,extra_trees [combined],6.5,0.30333486406577764,0.30333486406577764,12,1
C_one_step,time_agnostic,data_block,mechanistic_activity,extra_trees [crawl],6.5,0.30333486406577764,0.30333486406577764,12,1
C_one_step,time_agnostic,data_block,mechanistic_activity,hist_gradient_boosting [combined],8.5,0.3252998770448702,0.3252998770448702,12,1
C_one_step,time_agnostic,data_block,mechanistic_activity,hist_gradient_boosting [crawl],8.5,0.3252998770448702,0.3252998770448702,12,1
C_one_step,time_agnostic,data_block,mechanistic_dar,ridge [combined],1.5,0.26231108660468844,0.26231108660468844,96,8
C_one_step,time_agnostic,data_block,mechanistic_dar,ridge [crawl],1.5,0.26231108660468844,0.26231108660468844,96,8
C_one_step,time_agnostic,data_block,mechanistic_dar,random_forest [combined],3.5,0.2994037286642033,0.2994037286642033,96,8
C_one_step,time_agnostic,data_block,mechanistic_dar,random_forest [crawl],3.5,0.2994037286642033,0.2994037286642033,96,8
C_one_step,time_agnostic,data_block,mechanistic_dar,extra_trees [combined],5.5,0.30290951701264907,0.3029095170126491,96,8
C_one_step,time_agnostic,data_block,mechanistic_dar,extra_trees [crawl],5.5,0.30290951701264907,0.3029095170126491,96,8
C_one_step,time_agnostic,data_block,mechanistic_dar,mean_floor,7.0,0.30390049535868147,0.3039004953586815,96,8
C_one_step,time_agnostic,data_block,mechanistic_dar,hist_gradient_boosting [combined],8.5,0.30878853284300106,0.308788532843001,96,8
C_one_step,time_agnostic,data_block,mechanistic_dar,hist_gradient_boosting [crawl],8.5,0.30878853284300106,0.308788532843001,96,8
C_one_step,time_agnostic,data_block,real_controlled,ridge [combined],1.5,0.12161403999876987,0.12161403999876985,36,3
C_one_step,time_agnostic,data_block,real_controlled,ridge [crawl],1.5,0.12161403999876987,0.12161403999876985,36,3
C_one_step,time_agnostic,data_block,real_controlled,mean_floor,3.0,0.2188324568314719,0.21883245683147187,36,3
C_one_step,time_agnostic,data_block,real_controlled,random_forest [combined],4.5,0.2552928498629606,0.2552928498629607,36,3
C_one_step,time_agnostic,data_block,real_controlled,random_forest [crawl],4.5,0.2552928498629606,0.2552928498629607,36,3
C_one_step,time_agnostic,data_block,real_controlled,hist_gradient_boosting [combined],6.5,0.26569835683244963,0.26569835683244963,36,3
C_one_step,time_agnostic,data_block,real_controlled,hist_gradient_boosting [crawl],6.5,0.26569835683244963,0.26569835683244963,36,3
C_one_step,time_agnostic,data_block,real_controlled,extra_trees [combined],8.5,0.27196812475155885,0.2719681247515589,36,3
C_one_step,time_agnostic,data_block,real_controlled,extra_trees [crawl],8.5,0.27196812475155885,0.2719681247515589,36,3
C_one_step,time_agnostic,data_block,real_shuffle,mean_floor,1.0,0.2791232189198025,0.2791232189198025,24,2
C_one_step,time_agnostic,data_block,real_shuffle,ridge [combined],2.5,0.2965908146708194,0.29659081467081944,24,2
C_one_step,time_agnostic,data_block,real_shuffle,ridge [crawl],2.5,0.2965908146708194,0.29659081467081944,24,2
C_one_step,time_agnostic,data_block,real_shuffle,hist_gradient_boosting [combined],4.5,0.3453860622348497,0.34538606223484963,24,2
C_one_step,time_agnostic,data_block,real_shuffle,hist_gradient_boosting [crawl],4.5,0.3453860622348497,0.34538606223484963,24,2
C_one_step,time_agnostic,data_block,real_shuffle,extra_trees [combined],6.5,0.34560515386476737,0.3456051538647673,24,2
C_one_step,time_agnostic,data_block,real_shuffle,extra_trees [crawl],6.5,0.34560515386476737,0.3456051538647673,24,2
C_one_step,time_agnostic,data_block,real_shuffle,random_forest [combined],8.5,0.36046377376475847,0.36046377376475847,24,2
C_one_step,time_agnostic,data_block,real_shuffle,random_forest [crawl],8.5,0.36046377376475847,0.36046377376475847,24,2
C_one_step,time_agnostic,data_block,synthetic_controlled,random_forest [combined],1.5,0.1440911570890064,0.1373837303311621,108,5
C_one_step,time_agnostic,data_block,synthetic_controlled,random_forest [crawl],1.5,0.1440911570890064,0.1373837303311621,108,5
C_one_step,time_agnostic,data_block,synthetic_controlled,hist_gradient_boosting [combined],3.5,0.14620585204818942,0.1391880553008503,108,5
C_one_step,time_agnostic,data_block,synthetic_controlled,hist_gradient_boosting [crawl],3.5,0.14620585204818942,0.1391880553008503,108,5
C_one_step,time_agnostic,data_block,synthetic_controlled,extra_trees [combined],5.5,0.14570006539865116,0.14013641931933135,108,5
C_one_step,time_agnostic,data_block,synthetic_controlled,extra_trees [crawl],5.5,0.14570006539865116,0.14013641931933135,108,5
C_one_step,time_agnostic,data_block,synthetic_controlled,ridge [combined],7.5,0.1903528994674085,0.18069203676437381,108,5
C_one_step,time_agnostic,data_block,synthetic_controlled,ridge [crawl],7.5,0.1903528994674085,0.18069203676437381,108,5
C_one_step,time_agnostic,data_block,synthetic_controlled,mean_floor,9.0,0.20968294716140493,0.2044473180961765,108,5
C_one_step,time_agnostic,domain,controlled,random_forest [combined],1.5,0.1440911570890064,0.1373837303311621,108,5
C_one_step,time_agnostic,domain,controlled,random_forest [crawl],1.5,0.1440911570890064,0.1373837303311621,108,5
C_one_step,time_agnostic,domain,controlled,hist_gradient_boosting [combined],3.5,0.14620585204818942,0.1391880553008503,108,5
C_one_step,time_agnostic,domain,controlled,hist_gradient_boosting [crawl],3.5,0.14620585204818942,0.1391880553008503,108,5
C_one_step,time_agnostic,domain,controlled,extra_trees [combined],5.5,0.14570006539865116,0.14013641931933135,108,5
C_one_step,time_agnostic,domain,controlled,extra_trees [crawl],5.5,0.14570006539865116,0.14013641931933135,108,5
C_one_step,time_agnostic,domain,controlled,ridge [combined],7.5,0.1903528994674085,0.18069203676437381,108,5
C_one_step,time_agnostic,domain,controlled,ridge [crawl],7.5,0.1903528994674085,0.18069203676437381,108,5
C_one_step,time_agnostic,domain,controlled,mean_floor,9.0,0.20968294716140493,0.2044473180961765,108,5
C_one_step,time_agnostic,domain,email,ridge [combined],1.5,0.10711296695548773,0.10711296695548773,12,1
C_one_step,time_agnostic,domain,email,ridge [crawl],1.5,0.10711296695548773,0.10711296695548773,12,1
C_one_step,time_agnostic,domain,email,random_forest [combined],3.5,0.11692264573007655,0.11692264573007655,12,1
C_one_step,time_agnostic,domain,email,random_forest [crawl],3.5,0.11692264573007655,0.11692264573007655,12,1
C_one_step,time_agnostic,domain,email,mean_floor,5.0,0.11848852478084426,0.11848852478084426,12,1
C_one_step,time_agnostic,domain,email,extra_trees [combined],6.5,0.1337971905639141,0.1337971905639141,12,1
C_one_step,time_agnostic,domain,email,extra_trees [crawl],6.5,0.1337971905639141,0.1337971905639141,12,1
C_one_step,time_agnostic,domain,email,hist_gradient_boosting [combined],8.5,0.1966824258271064,0.19668242582710638,12,1
C_one_step,time_agnostic,domain,email,hist_gradient_boosting [crawl],8.5,0.1966824258271064,0.19668242582710638,12,1
C_one_step,time_agnostic,domain,mechanistic,ridge [combined],1.5,0.24669133622593367,0.24669133622593367,108,9
C_one_step,time_agnostic,domain,mechanistic,ridge [crawl],1.5,0.24669133622593367,0.24669133622593367,108,9
C_one_step,time_agnostic,domain,mechanistic,mean_floor,3.0,0.27865279361631035,0.27865279361631035,108,9
C_one_step,time_agnostic,domain,mechanistic,random_forest [combined],4.5,0.29878841488895963,0.29878841488895963,108,9
C_one_step,time_agnostic,domain,mechanistic,random_forest [crawl],4.5,0.29878841488895963,0.29878841488895963,108,9
C_one_step,time_agnostic,domain,mechanistic,extra_trees [combined],6.5,0.30295677779633,0.30295677779633,108,9
C_one_step,time_agnostic,domain,mechanistic,extra_trees [crawl],6.5,0.30295677779633,0.30295677779633,108,9
C_one_step,time_agnostic,domain,mechanistic,hist_gradient_boosting [combined],8.5,0.31062312664320874,0.3106231266432087,108,9
C_one_step,time_agnostic,domain,mechanistic,hist_gradient_boosting [crawl],8.5,0.31062312664320874,0.3106231266432087,108,9
C_one_step,time_agnostic,domain,proximity,ridge [combined],1.5,0.2127276955956152,0.2360729531085001,48,3
C_one_step,time_agnostic,domain,proximity,ridge [crawl],1.5,0.2127276955956152,0.2360729531085001,48,3
C_one_step,time_agnostic,domain,proximity,mean_floor,3.0,0.2740638208882941,0.2727396368013998,48,3
C_one_step,time_agnostic,domain,proximity,hist_gradient_boosting [combined],4.5,0.3227961922849854,0.3362387864651791,48,3
C_one_step,time_agnostic,domain,proximity,hist_gradient_boosting [crawl],4.5,0.3227961922849854,0.3362387864651791,48,3
C_one_step,time_agnostic,domain,proximity,extra_trees [combined],6.5,0.34332937285507437,0.3570460619826543,48,3
C_one_step,time_agnostic,domain,proximity,extra_trees [crawl],6.5,0.34332937285507437,0.3570460619826543,48,3
C_one_step,time_agnostic,domain,proximity,random_forest [combined],8.5,0.34247086284708056,0.3592077007912538,48,3
C_one_step,time_agnostic,domain,proximity,random_forest [crawl],8.5,0.34247086284708056,0.3592077007912538,48,3
C_one_step,time_agnostic,overall,all,ridge [combined],1.5,0.21267051611208818,0.21883411311868115,276,18
C_one_step,time_agnostic,overall,all,ridge [crawl],1.5,0.21267051611208818,0.21883411311868115,276,18
C_one_step,time_agnostic,overall,all,mean_floor,3.0,0.24390284675362864,0.2481566204562622,276,18
C_one_step,time_agnostic,overall,all,random_forest [combined],4.5,0.23794444543130835,0.25392000743112697,276,18
C_one_step,time_agnostic,overall,all,random_forest [crawl],4.5,0.23794444543130835,0.25392000743112697,276,18
C_one_step,time_agnostic,overall,all,extra_trees [combined],6.5,0.24108809872778444,0.25734602629308356,276,18
C_one_step,time_agnostic,overall,all,extra_trees [crawl],6.5,0.24108809872778444,0.25734602629308356,276,18
C_one_step,time_agnostic,overall,all,hist_gradient_boosting [combined],8.5,0.24344904361694047,0.2609415111953208,276,18
C_one_step,time_agnostic,overall,all,hist_gradient_boosting [crawl],8.5,0.24344904361694047,0.2609415111953208,276,18
C_one_step,time_agnostic_t,budget,100,hist_gradient_boosting [patterns],1.0,0.11760045980641919,0.11265422086940914,738,36
C_one_step,time_agnostic_t,budget,100,hist_gradient_boosting [combined],2.0,0.11781744360717541,0.11289073160047937,738,36
C_one_step,time_agnostic_t,budget,100,extra_trees [combined],3.0,0.11777044134912752,0.11377647620109888,738,36
C_one_step,time_agnostic_t,budget,100,random_forest [combined],4.0,0.11829298379888217,0.11433923394097015,738,36
C_one_step,time_agnostic_t,budget,100,extra_trees [patterns],5.0,0.11911242405690853,0.11461166559330588,738,36
C_one_step,time_agnostic_t,budget,100,random_forest [patterns],6.0,0.12000614558516919,0.11552694014322691,738,36
C_one_step,time_agnostic_t,budget,100,hist_gradient_boosting [occupancy],7.0,0.1238255251632586,0.12420957773949934,738,36
C_one_step,time_agnostic_t,budget,100,random_forest [occupancy],8.0,0.12723567542797354,0.12716602371601937,738,36
C_one_step,time_agnostic_t,budget,100,extra_trees [occupancy],9.0,0.12822112496902247,0.12797000623395735,738,36
C_one_step,time_agnostic_t,budget,100,ridge [occupancy],10.0,0.1425563518367478,0.1462250545366367,738,36
C_one_step,time_agnostic_t,budget,100,ridge [combined],11.0,0.14950403700235157,0.1486135596995039,738,36
C_one_step,time_agnostic_t,budget,100,ridge [patterns],12.0,0.14901081912276562,0.14878408840269475,738,36
C_one_step,time_agnostic_t,budget,100,random_forest [crawl],13.0,0.17839907401269947,0.18198390451486304,738,36
C_one_step,time_agnostic_t,budget,100,extra_trees [crawl],14.0,0.18020144347205083,0.18440789976562277,738,36
C_one_step,time_agnostic_t,budget,100,hist_gradient_boosting [crawl],15.0,0.1820284441256807,0.18443072408262517,738,36
C_one_step,time_agnostic_t,budget,100,ridge [crawl],16.0,0.1844578574237857,0.18583127472857056,738,36
C_one_step,time_agnostic_t,budget,100,mask_mle,17.0,0.18691875220783094,0.19230930231584784,738,36
C_one_step,time_agnostic_t,budget,100,mean_floor,18.0,0.214985320074523,0.2199143560138682,738,36
C_one_step,time_agnostic_t,budget,100,plugin,19.0,0.3133145401594064,0.3258137182791684,738,36
C_one_step,time_agnostic_t,budget,1600,extra_trees [combined],1.0,0.040868508458705044,0.034833756709709555,738,36
C_one_step,time_agnostic_t,budget,1600,random_forest [combined],2.0,0.04219745845242942,0.03558308659778725,738,36
C_one_step,time_agnostic_t,budget,1600,extra_trees [occupancy],3.0,0.04114564231417931,0.03873981127783955,738,36
C_one_step,time_agnostic_t,budget,1600,random_forest [occupancy],4.0,0.04157502502533052,0.03886928850615899,738,36
C_one_step,time_agnostic_t,budget,1600,extra_trees [patterns],5.0,0.045077915222003564,0.03960157423208688,738,36
C_one_step,time_agnostic_t,budget,1600,random_forest [patterns],6.0,0.04581990856599367,0.039710999377716265,738,36
C_one_step,time_agnostic_t,budget,1600,hist_gradient_boosting [combined],7.0,0.04854698271232615,0.04201315845373036,738,36
C_one_step,time_agnostic_t,budget,1600,hist_gradient_boosting [occupancy],8.0,0.04539179773594193,0.0437143261538552,738,36
C_one_step,time_agnostic_t,budget,1600,hist_gradient_boosting [patterns],9.0,0.05051412652143932,0.04458265634899375,738,36
C_one_step,time_agnostic_t,budget,1600,ridge [combined],10.0,0.07063845617876298,0.06890142905451557,738,36
C_one_step,time_agnostic_t,budget,1600,ridge [patterns],11.0,0.07055588797875939,0.07048476423878498,738,36
C_one_step,time_agnostic_t,budget,1600,mask_mle,12.0,0.07251959231687471,0.07305515777400094,738,36
C_one_step,time_agnostic_t,budget,1600,ridge [occupancy],13.0,0.08430086986755377,0.0836157653731217,738,36
C_one_step,time_agnostic_t,budget,1600,extra_trees [crawl],14.0,0.1332010863157678,0.12874087375158158,738,36
C_one_step,time_agnostic_t,budget,1600,random_forest [crawl],15.0,0.13777596889938648,0.13677049669326125,738,36
C_one_step,time_agnostic_t,budget,1600,hist_gradient_boosting [crawl],16.0,0.1488487949473801,0.1519668457246408,738,36
C_one_step,time_agnostic_t,budget,1600,ridge [crawl],17.0,0.18310108995815313,0.17916106742651394,738,36
C_one_step,time_agnostic_t,budget,1600,mean_floor,18.0,0.214985320074523,0.2199143560138682,738,36
C_one_step,time_agnostic_t,budget,1600,plugin,19.0,0.2833429911748567,0.2933313736612119,738,36
C_one_step,time_agnostic_t,budget,3200,extra_trees [combined],1.0,0.03493848674114125,0.02887206682336601,738,36
C_one_step,time_agnostic_t,budget,3200,random_forest [combined],2.0,0.03735687837832577,0.03120310116673275,738,36
C_one_step,time_agnostic_t,budget,3200,extra_trees [occupancy],3.0,0.03382775287286627,0.03179368344767571,738,36
C_one_step,time_agnostic_t,budget,3200,extra_trees [patterns],4.0,0.038626495965584776,0.032683344607244556,738,36
C_one_step,time_agnostic_t,budget,3200,random_forest [patterns],5.0,0.04182810198300878,0.03548584347651165,738,36
C_one_step,time_agnostic_t,budget,3200,random_forest [occupancy],6.0,0.037535821970126525,0.03556286795884808,738,36
C_one_step,time_agnostic_t,budget,3200,hist_gradient_boosting [combined],7.0,0.04391048448923125,0.03750021978718535,738,36
C_one_step,time_agnostic_t,budget,3200,hist_gradient_boosting [patterns],8.0,0.04576217420270931,0.03986783796388191,738,36
C_one_step,time_agnostic_t,budget,3200,hist_gradient_boosting [occupancy],9.0,0.04102301234289432,0.04056432422901784,738,36
C_one_step,time_agnostic_t,budget,3200,mask_mle,10.0,0.055379346890918536,0.05508086723120896,738,36
C_one_step,time_agnostic_t,budget,3200,ridge [patterns],11.0,0.0650959594165089,0.06529406122240416,738,36
C_one_step,time_agnostic_t,budget,3200,ridge [combined],12.0,0.06840394232574484,0.0680852726249476,738,36
C_one_step,time_agnostic_t,budget,3200,ridge [occupancy],13.0,0.08009822016654121,0.08021945092903854,738,36
C_one_step,time_agnostic_t,budget,3200,extra_trees [crawl],14.0,0.1258112904808431,0.1174342384019394,738,36
C_one_step,time_agnostic_t,budget,3200,random_forest [crawl],15.0,0.13931249126867062,0.13373253380958944,738,36
C_one_step,time_agnostic_t,budget,3200,hist_gradient_boosting [crawl],16.0,0.13954763218451707,0.13664654000421905,738,36
C_one_step,time_agnostic_t,budget,3200,ridge [crawl],17.0,0.1925828669461961,0.18624204637454556,738,36
C_one_step,time_agnostic_t,budget,3200,mean_floor,18.0,0.214985320074523,0.2199143560138682,738,36
C_one_step,time_agnostic_t,budget,3200,plugin,19.0,0.2563314872111466,0.2641681544674339,738,36
C_one_step,time_agnostic_t,budget,400,extra_trees [combined],1.0,0.06839149674079899,0.06216465971079588,738,36
C_one_step,time_agnostic_t,budget,400,random_forest [combined],2.0,0.06955293684807724,0.06329412139295375,738,36
C_one_step,time_agnostic_t,budget,400,hist_gradient_boosting [combined],3.0,0.07304284424829613,0.06671718098541503,738,36
C_one_step,time_agnostic_t,budget,400,random_forest [patterns],4.0,0.07317587643791526,0.0674921495579106,738,36
C_one_step,time_agnostic_t,budget,400,extra_trees [patterns],5.0,0.07339195522998794,0.06859841816937838,738,36
C_one_step,time_agnostic_t,budget,400,random_forest [occupancy],6.0,0.07146296862780407,0.0691448389767669,738,36
C_one_step,time_agnostic_t,budget,400,extra_trees [occupancy],7.0,0.07266436233409793,0.07042742725188945,738,36
C_one_step,time_agnostic_t,budget,400,hist_gradient_boosting [patterns],8.0,0.07650823878446975,0.07066454678714892,738,36
C_one_step,time_agnostic_t,budget,400,hist_gradient_boosting [occupancy],9.0,0.07295078113167572,0.07127329015420608,738,36
C_one_step,time_agnostic_t,budget,400,ridge [combined],10.0,0.09968362826072548,0.0980584980224053,738,36
C_one_step,time_agnostic_t,budget,400,ridge [patterns],11.0,0.09939456308278558,0.0983787531678111,738,36
C_one_step,time_agnostic_t,budget,400,ridge [occupancy],12.0,0.10953088697368007,0.11104225410335637,738,36
C_one_step,time_agnostic_t,budget,400,mask_mle,13.0,0.1225568694317161,0.12400234344382526,738,36
C_one_step,time_agnostic_t,budget,400,random_forest [crawl],14.0,0.16143447951707496,0.16363487553754405,738,36
C_one_step,time_agnostic_t,budget,400,hist_gradient_boosting [crawl],15.0,0.16172224559405143,0.16515587257025025,738,36
C_one_step,time_agnostic_t,budget,400,extra_trees [crawl],16.0,0.16257366896991163,0.16544805118941044,738,36
C_one_step,time_agnostic_t,budget,400,ridge [crawl],17.0,0.18047246838329548,0.17953937698433414,738,36
C_one_step,time_agnostic_t,budget,400,mean_floor,18.0,0.214985320074523,0.2199143560138682,738,36
C_one_step,time_agnostic_t,budget,400,plugin,19.0,0.3071542566827689,0.31904905933780664,738,36
C_one_step,time_agnostic_t,coverage_band,high(>.15),extra_trees [combined],1.0,0.04438773616855557,0.03132928907144252,1362,36
C_one_step,time_agnostic_t,coverage_band,high(>.15),random_forest [combined],2.0,0.04701595371928828,0.03294654440617729,1362,36
C_one_step,time_agnostic_t,coverage_band,high(>.15),extra_trees [occupancy],3.0,0.040848130958116576,0.034903699149347205,1362,36
C_one_step,time_agnostic_t,coverage_band,high(>.15),extra_trees [patterns],4.0,0.049048628066048996,0.036207758874817815,1362,36
C_one_step,time_agnostic_t,coverage_band,high(>.15),random_forest [occupancy],5.0,0.04376113322950535,0.03718152608918015,1362,36
C_one_step,time_agnostic_t,coverage_band,high(>.15),random_forest [patterns],6.0,0.051721049962905205,0.037718667246684344,1362,36
C_one_step,time_agnostic_t,coverage_band,high(>.15),hist_gradient_boosting [combined],7.0,0.053142574043290584,0.039897665561279966,1362,36
C_one_step,time_agnostic_t,coverage_band,high(>.15),hist_gradient_boosting [patterns],8.0,0.05571245980781066,0.04245336934383811,1362,36
C_one_step,time_agnostic_t,coverage_band,high(>.15),hist_gradient_boosting [occupancy],9.0,0.04767761835643493,0.04288483700423727,1362,36
C_one_step,time_agnostic_t,coverage_band,high(>.15),ridge [patterns],10.0,0.0768531006269738,0.06863595434595471,1362,36
C_one_step,time_agnostic_t,coverage_band,high(>.15),ridge [combined],11.0,0.08114026543302846,0.07108176328106469,1362,36
C_one_step,time_agnostic_t,coverage_band,high(>.15),mask_mle,12.0,0.07322769196740771,0.07132309793800289,1362,36
C_one_step,time_agnostic_t,coverage_band,high(>.15),ridge [occupancy],13.0,0.08639094357378727,0.07822483426643582,1362,36
C_one_step,time_agnostic_t,coverage_band,high(>.15),extra_trees [crawl],14.0,0.1425393866157681,0.12328294487664304,1362,36
C_one_step,time_agnostic_t,coverage_band,high(>.15),random_forest [crawl],15.0,0.15099700361385515,0.1349795927514485,1362,36
C_one_step,time_agnostic_t,coverage_band,high(>.15),hist_gradient_boosting [crawl],16.0,0.15553613801918686,0.1432330039017695,1362,36
C_one_step,time_agnostic_t,coverage_band,high(>.15),ridge [crawl],17.0,0.19492084113090016,0.1809950358355496,1362,36
C_one_step,time_agnostic_t,coverage_band,high(>.15),mean_floor,18.0,0.2277237354251696,0.22184558139481755,1362,36
C_one_step,time_agnostic_t,coverage_band,high(>.15),plugin,19.0,0.28816597348348544,0.2974487184848999,1362,36
C_one_step,time_agnostic_t,coverage_band,low(<.02),hist_gradient_boosting [combined],1.0,0.11495148232300997,0.1076355905605548,409,21
C_one_step,time_agnostic_t,coverage_band,low(<.02),hist_gradient_boosting [patterns],2.0,0.11625598168175583,0.108706149120181,409,21
C_one_step,time_agnostic_t,coverage_band,low(<.02),random_forest [combined],3.0,0.11878236578019347,0.11120493678869431,409,21
C_one_step,time_agnostic_t,coverage_band,low(<.02),random_forest [patterns],4.0,0.11944422463256986,0.11165674470231159,409,21
C_one_step,time_agnostic_t,coverage_band,low(<.02),extra_trees [combined],5.0,0.1190124827494219,0.1167845687725546,409,21
C_one_step,time_agnostic_t,coverage_band,low(<.02),hist_gradient_boosting [occupancy],6.0,0.12246589893617074,0.11698119060890955,409,21
C_one_step,time_agnostic_t,coverage_band,low(<.02),extra_trees [patterns],7.0,0.11983973704246965,0.11968276482466925,409,21
C_one_step,time_agnostic_t,coverage_band,low(<.02),random_forest [occupancy],8.0,0.1274786348166365,0.12238433019361897,409,21
C_one_step,time_agnostic_t,coverage_band,low(<.02),extra_trees [occupancy],9.0,0.13232486472348637,0.13213297679756858,409,21
C_one_step,time_agnostic_t,coverage_band,low(<.02),ridge [combined],10.0,0.14015013333598716,0.13494122967304745,409,21
C_one_step,time_agnostic_t,coverage_band,low(<.02),ridge [occupancy],11.0,0.14588172065738708,0.14488088149072792,409,21
C_one_step,time_agnostic_t,coverage_band,low(<.02),random_forest [crawl],12.0,0.16299529912031283,0.16198729810290807,409,21
C_one_step,time_agnostic_t,coverage_band,low(<.02),hist_gradient_boosting [crawl],13.0,0.16597608228651825,0.1630376828178356,409,21
C_one_step,time_agnostic_t,coverage_band,low(<.02),extra_trees [crawl],14.0,0.16768785826110458,0.16458740376928255,409,21
C_one_step,time_agnostic_t,coverage_band,low(<.02),ridge [crawl],15.0,0.1756460457023334,0.16795784176751963,409,21
C_one_step,time_agnostic_t,coverage_band,low(<.02),ridge [patterns],16.0,0.1473604659612189,0.17370377079699825,409,21
C_one_step,time_agnostic_t,coverage_band,low(<.02),mask_mle,17.0,0.19442248866788645,0.20427860549892268,409,21
C_one_step,time_agnostic_t,coverage_band,low(<.02),mean_floor,18.0,0.20156515988437734,0.21436013199658951,409,21
C_one_step,time_agnostic_t,coverage_band,low(<.02),plugin,19.0,0.31584158340035406,0.32782682355784315,409,21
C_one_step,time_agnostic_t,coverage_band,mid,extra_trees [combined],1.0,0.07129624950191879,0.07434108342587259,1181,36
C_one_step,time_agnostic_t,coverage_band,mid,random_forest [combined],2.0,0.0717389275603587,0.07487401375593768,1181,36
C_one_step,time_agnostic_t,coverage_band,mid,random_forest [patterns],3.0,0.0744757037375124,0.07777004233203569,1181,36
C_one_step,time_agnostic_t,coverage_band,mid,extra_trees [patterns],4.0,0.07453294114635138,0.07830629869143428,1181,36
C_one_step,time_agnostic_t,coverage_band,mid,hist_gradient_boosting [combined],5.0,0.07594679179933489,0.07835483559593563,1181,36
C_one_step,time_agnostic_t,coverage_band,mid,hist_gradient_boosting [patterns],6.0,0.07694755523151689,0.07936095912389272,1181,36
C_one_step,time_agnostic_t,coverage_band,mid,random_forest [occupancy],7.0,0.07898558788926381,0.08477976437081064,1181,36
C_one_step,time_agnostic_t,coverage_band,mid,extra_trees [occupancy],8.0,0.07944778259177121,0.08480007992928165,1181,36
C_one_step,time_agnostic_t,coverage_band,mid,hist_gradient_boosting [occupancy],9.0,0.07956780272437299,0.08666401346510899,1181,36
C_one_step,time_agnostic_t,coverage_band,mid,ridge [combined],10.0,0.10049055123308562,0.11083113509157508,1181,36
C_one_step,time_agnostic_t,coverage_band,mid,ridge [patterns],11.0,0.10033012854642501,0.11089420881112858,1181,36
C_one_step,time_agnostic_t,coverage_band,mid,ridge [occupancy],12.0,0.11010738508965986,0.12314499278055305,1181,36
C_one_step,time_agnostic_t,coverage_band,mid,mask_mle,13.0,0.12153049244755487,0.13491110305920315,1181,36
C_one_step,time_agnostic_t,coverage_band,mid,extra_trees [crawl],14.0,0.15359541783115932,0.1669690903456667,1181,36
C_one_step,time_agnostic_t,coverage_band,mid,random_forest [crawl],15.0,0.15492417429866298,0.16784590386811832,1181,36
C_one_step,time_agnostic_t,coverage_band,mid,hist_gradient_boosting [crawl],16.0,0.15817115546078234,0.173574658332362,1181,36
C_one_step,time_agnostic_t,coverage_band,mid,ridge [crawl],17.0,0.17718198334334911,0.18528673004339322,1181,36
C_one_step,time_agnostic_t,coverage_band,mid,mean_floor,18.0,0.20494224116697768,0.22295938374582588,1181,36
C_one_step,time_agnostic_t,coverage_band,mid,plugin,19.0,0.2832552697909769,0.30966496135274313,1181,36
C_one_step,time_agnostic_t,data_block,mechanistic_activity,extra_trees [combined],1.0,0.04110655674065692,0.04110655674065691,216,6
C_one_step,time_agnostic_t,data_block,mechanistic_activity,random_forest [combined],2.0,0.042296384618071566,0.042296384618071566,216,6
C_one_step,time_agnostic_t,data_block,mechanistic_activity,hist_gradient_boosting [combined],3.0,0.04656815323734293,0.04656815323734293,216,6
C_one_step,time_agnostic_t,data_block,mechanistic_activity,random_forest [patterns],4.0,0.049600359201514045,0.04960035920151404,216,6
C_one_step,time_agnostic_t,data_block,mechanistic_activity,extra_trees [patterns],5.0,0.05101000577737084,0.05101000577737085,216,6
C_one_step,time_agnostic_t,data_block,mechanistic_activity,extra_trees [occupancy],6.0,0.052025780332549794,0.05202578033254981,216,6
C_one_step,time_agnostic_t,data_block,mechanistic_activity,random_forest [occupancy],7.0,0.052665411001441766,0.05266541100144176,216,6
C_one_step,time_agnostic_t,data_block,mechanistic_activity,hist_gradient_boosting [patterns],8.0,0.05452188552735103,0.05452188552735104,216,6
C_one_step,time_agnostic_t,data_block,mechanistic_activity,hist_gradient_boosting [occupancy],9.0,0.061309366960814814,0.061309366960814814,216,6
C_one_step,time_agnostic_t,data_block,mechanistic_activity,ridge [combined],10.0,0.08273265035181078,0.08273265035181078,216,6
C_one_step,time_agnostic_t,data_block,mechanistic_activity,ridge [patterns],11.0,0.08435843513605022,0.08435843513605022,216,6
C_one_step,time_agnostic_t,data_block,mechanistic_activity,ridge [occupancy],12.0,0.0863100885217731,0.08631008852177313,216,6
C_one_step,time_agnostic_t,data_block,mechanistic_activity,mask_mle,13.0,0.08780006155924223,0.08780006155924225,216,6
C_one_step,time_agnostic_t,data_block,mechanistic_activity,extra_trees [crawl],14.0,0.1163340187047201,0.11633401870472011,216,6
C_one_step,time_agnostic_t,data_block,mechanistic_activity,ridge [crawl],15.0,0.12294413435940663,0.12294413435940664,216,6
C_one_step,time_agnostic_t,data_block,mechanistic_activity,random_forest [crawl],16.0,0.12963181183687544,0.12963181183687544,216,6
C_one_step,time_agnostic_t,data_block,mechanistic_activity,hist_gradient_boosting [crawl],17.0,0.14230975987336517,0.14230975987336517,216,6
C_one_step,time_agnostic_t,data_block,mechanistic_activity,mean_floor,18.0,0.16712419428727718,0.16712419428727712,216,6
C_one_step,time_agnostic_t,data_block,mechanistic_activity,plugin,19.0,0.22487799193650598,0.224877991936506,216,6
C_one_step,time_agnostic_t,data_block,mechanistic_dar,extra_trees [combined],1.0,0.05863880749292894,0.058638807492928956,864,12
C_one_step,time_agnostic_t,data_block,mechanistic_dar,random_forest [combined],2.0,0.05897791302463942,0.058977913024639415,864,12
C_one_step,time_agnostic_t,data_block,mechanistic_dar,random_forest [patterns],3.0,0.05973177796953607,0.059731777969536076,864,12
C_one_step,time_agnostic_t,data_block,mechanistic_dar,extra_trees [patterns],4.0,0.06034965979608386,0.06034965979608386,864,12
C_one_step,time_agnostic_t,data_block,mechanistic_dar,hist_gradient_boosting [patterns],5.0,0.06044794008960843,0.06044794008960843,864,12
C_one_step,time_agnostic_t,data_block,mechanistic_dar,hist_gradient_boosting [combined],6.0,0.06095925898129261,0.06095925898129261,864,12
C_one_step,time_agnostic_t,data_block,mechanistic_dar,extra_trees [occupancy],7.0,0.08361543549723668,0.08361543549723667,864,12
C_one_step,time_agnostic_t,data_block,mechanistic_dar,random_forest [occupancy],8.0,0.08394969581653466,0.08394969581653462,864,12
C_one_step,time_agnostic_t,data_block,mechanistic_dar,hist_gradient_boosting [occupancy],9.0,0.08538911797953457,0.08538911797953457,864,12
C_one_step,time_agnostic_t,data_block,mechanistic_dar,ridge [combined],10.0,0.12114268449186003,0.12114268449186004,864,12
C_one_step,time_agnostic_t,data_block,mechanistic_dar,ridge [patterns],11.0,0.12352007361080419,0.12352007361080419,864,12
C_one_step,time_agnostic_t,data_block,mechanistic_dar,ridge [occupancy],12.0,0.1470836454179706,0.1470836454179706,864,12
C_one_step,time_agnostic_t,data_block,mechanistic_dar,mask_mle,13.0,0.16564354926288416,0.1656435492628842,864,12
C_one_step,time_agnostic_t,data_block,mechanistic_dar,extra_trees [crawl],14.0,0.19757558769867045,0.19757558769867045,864,12
C_one_step,time_agnostic_t,data_block,mechanistic_dar,random_forest [crawl],15.0,0.20357537565678552,0.2035753756567855,864,12
C_one_step,time_agnostic_t,data_block,mechanistic_dar,hist_gradient_boosting [crawl],16.0,0.21467575694344687,0.2146757569434469,864,12
C_one_step,time_agnostic_t,data_block,mechanistic_dar,ridge [crawl],17.0,0.2449168901942706,0.24491689019427054,864,12
C_one_step,time_agnostic_t,data_block,mechanistic_dar,mean_floor,18.0,0.316707849208726,0.316707849208726,864,12
C_one_step,time_agnostic_t,data_block,mechanistic_dar,plugin,19.0,0.49153629705034474,0.4915362970503448,864,12
C_one_step,time_agnostic_t,data_block,real_controlled,hist_gradient_boosting [occupancy],1.0,0.07172576130759795,0.07172576130759793,432,6
C_one_step,time_agnostic_t,data_block,real_controlled,extra_trees [occupancy],2.0,0.07208100392492506,0.07208100392492506,432,6
C_one_step,time_agnostic_t,data_block,real_controlled,random_forest [occupancy],3.0,0.07316137864404759,0.07316137864404758,432,6
C_one_step,time_agnostic_t,data_block,real_controlled,mask_mle,4.0,0.08041281366408468,0.08041281366408469,432,6
C_one_step,time_agnostic_t,data_block,real_controlled,ridge [occupancy],5.0,0.08663772205693726,0.08663772205693726,432,6
C_one_step,time_agnostic_t,data_block,real_controlled,extra_trees [combined],6.0,0.09730662366233823,0.09730662366233826,432,6
C_one_step,time_agnostic_t,data_block,real_controlled,random_forest [combined],7.0,0.09996440187210673,0.09996440187210671,432,6
C_one_step,time_agnostic_t,data_block,real_controlled,extra_trees [patterns],8.0,0.10196151175270599,0.101961511752706,432,6
C_one_step,time_agnostic_t,data_block,real_controlled,random_forest [patterns],9.0,0.10504944292736589,0.10504944292736589,432,6
C_one_step,time_agnostic_t,data_block,real_controlled,ridge [patterns],10.0,0.10691292951166557,0.10691292951166559,432,6
C_one_step,time_agnostic_t,data_block,real_controlled,hist_gradient_boosting [combined],11.0,0.110696358679931,0.110696358679931,432,6
C_one_step,time_agnostic_t,data_block,real_controlled,hist_gradient_boosting [patterns],12.0,0.11139191289014193,0.11139191289014194,432,6
C_one_step,time_agnostic_t,data_block,real_controlled,ridge [combined],13.0,0.11423914405969796,0.11423914405969797,432,6
C_one_step,time_agnostic_t,data_block,real_controlled,ridge [crawl],14.0,0.12789116343981025,0.12789116343981027,432,6
C_one_step,time_agnostic_t,data_block,real_controlled,mean_floor,15.0,0.15624437931440185,0.15624437931440188,432,6
C_one_step,time_agnostic_t,data_block,real_controlled,hist_gradient_boosting [crawl],16.0,0.16439739622702035,0.16439739622702035,432,6
C_one_step,time_agnostic_t,data_block,real_controlled,extra_trees [crawl],17.0,0.16778502818887636,0.16778502818887633,432,6
C_one_step,time_agnostic_t,data_block,real_controlled,random_forest [crawl],18.0,0.1702007008677255,0.17020070086772554,432,6
C_one_step,time_agnostic_t,data_block,real_controlled,plugin,19.0,0.1758808060976445,0.17588080609764453,432,6
C_one_step,time_agnostic_t,data_block,real_empirical,random_forest [occupancy],1.0,0.09962628320659188,0.09962628320659188,72,6
C_one_step,time_agnostic_t,data_block,real_empirical,extra_trees [occupancy],2.0,0.10304550475765331,0.1030455047576533,72,6
C_one_step,time_agnostic_t,data_block,real_empirical,hist_gradient_boosting [occupancy],3.0,0.1035741254707021,0.1035741254707021,72,6
C_one_step,time_agnostic_t,data_block,real_empirical,ridge [occupancy],4.0,0.10565695570835959,0.10565695570835959,72,6
C_one_step,time_agnostic_t,data_block,real_empirical,mask_mle,5.0,0.1346340005033729,0.1346340005033729,72,6
C_one_step,time_agnostic_t,data_block,real_empirical,mean_floor,6.0,0.1397782751552884,0.13977827515528843,72,6
C_one_step,time_agnostic_t,data_block,real_empirical,ridge [patterns],7.0,0.14200801366014015,0.14200801366014018,72,6
C_one_step,time_agnostic_t,data_block,real_empirical,extra_trees [combined],8.0,0.1479115134329369,0.14791151343293693,72,6
C_one_step,time_agnostic_t,data_block,real_empirical,random_forest [combined],9.0,0.15044893296869408,0.15044893296869408,72,6
C_one_step,time_agnostic_t,data_block,real_empirical,ridge [combined],10.0,0.15127932388287535,0.15127932388287538,72,6
C_one_step,time_agnostic_t,data_block,real_empirical,hist_gradient_boosting [combined],11.0,0.15440460724953992,0.1544046072495399,72,6
C_one_step,time_agnostic_t,data_block,real_empirical,extra_trees [crawl],12.0,0.15503251230397114,0.15503251230397117,72,6
C_one_step,time_agnostic_t,data_block,real_empirical,hist_gradient_boosting [crawl],13.0,0.15718493481349913,0.15718493481349913,72,6
C_one_step,time_agnostic_t,data_block,real_empirical,random_forest [crawl],14.0,0.16253611899628653,0.1625361189962865,72,6
C_one_step,time_agnostic_t,data_block,real_empirical,random_forest [patterns],15.0,0.16871816832267733,0.16871816832267736,72,6
C_one_step,time_agnostic_t,data_block,real_empirical,hist_gradient_boosting [patterns],16.0,0.16953353720010897,0.16953353720010897,72,6
C_one_step,time_agnostic_t,data_block,real_empirical,extra_trees [patterns],17.0,0.17418744474526912,0.17418744474526915,72,6
C_one_step,time_agnostic_t,data_block,real_empirical,ridge [crawl],18.0,0.22703912847008667,0.22703912847008664,72,6
C_one_step,time_agnostic_t,data_block,real_empirical,plugin,19.0,0.2779595970456378,0.27795959704563783,72,6
C_one_step,time_agnostic_t,data_block,real_shuffle,hist_gradient_boosting [occupancy],1.0,0.1448138192852688,0.1448138192852688,216,6
C_one_step,time_agnostic_t,data_block,real_shuffle,extra_trees [occupancy],2.0,0.14644457496351915,0.14644457496351918,216,6
C_one_step,time_agnostic_t,data_block,real_shuffle,random_forest [occupancy],3.0,0.1500633010680121,0.15006330106801213,216,6
C_one_step,time_agnostic_t,data_block,real_shuffle,ridge [patterns],4.0,0.16743658500916753,0.1674365850091675,216,6
C_one_step,time_agnostic_t,data_block,real_shuffle,extra_trees [combined],5.0,0.17192635912355744,0.1719263591235574,216,6
C_one_step,time_agnostic_t,data_block,real_shuffle,extra_trees [patterns],6.0,0.17409572693028258,0.1740957269302826,216,6
C_one_step,time_agnostic_t,data_block,real_shuffle,random_forest [combined],7.0,0.17527438052316063,0.17527438052316066,216,6
C_one_step,time_agnostic_t,data_block,real_shuffle,ridge [combined],8.0,0.17724032146593074,0.17724032146593074,216,6
C_one_step,time_agnostic_t,data_block,real_shuffle,random_forest [patterns],9.0,0.1784043098464087,0.17840430984640873,216,6
C_one_step,time_agnostic_t,data_block,real_shuffle,hist_gradient_boosting [combined],10.0,0.17918791609814197,0.17918791609814197,216,6
C_one_step,time_agnostic_t,data_block,real_shuffle,hist_gradient_boosting [patterns],11.0,0.18339880738821132,0.18339880738821135,216,6
C_one_step,time_agnostic_t,data_block,real_shuffle,ridge [occupancy],12.0,0.18423823003545095,0.18423823003545095,216,6
C_one_step,time_agnostic_t,data_block,real_shuffle,mask_mle,13.0,0.2131158797613568,0.21311587976135682,216,6
C_one_step,time_agnostic_t,data_block,real_shuffle,mean_floor,14.0,0.24252082075453535,0.24252082075453538,216,6
C_one_step,time_agnostic_t,data_block,real_shuffle,extra_trees [crawl],15.0,0.2592881923726061,0.2592881923726061,216,6
C_one_step,time_agnostic_t,data_block,real_shuffle,random_forest [crawl],16.0,0.2595023511844506,0.25950235118445064,216,6
C_one_step,time_agnostic_t,data_block,real_shuffle,hist_gradient_boosting [crawl],17.0,0.27107687308977757,0.2710768730897775,216,6
C_one_step,time_agnostic_t,data_block,real_shuffle,ridge [crawl],18.0,0.3625370372948623,0.36253703729486225,216,6
C_one_step,time_agnostic_t,data_block,real_shuffle,plugin,19.0,0.4783452721649817,0.47834527216498174,216,6
C_one_step,time_agnostic_t,data_block,synthetic_controlled,extra_trees [combined],1.0,0.0381666170815884,0.0381666170815884,1152,12
C_one_step,time_agnostic_t,data_block,synthetic_controlled,random_forest [combined],2.0,0.0393856277016169,0.0393856277016169,1152,12
C_one_step,time_agnostic_t,data_block,synthetic_controlled,extra_trees [patterns],3.0,0.040354404464124846,0.040354404464124846,1152,12
C_one_step,time_agnostic_t,data_block,synthetic_controlled,hist_gradient_boosting [combined],4.0,0.04229030713896593,0.04229030713896592,1152,12
C_one_step,time_agnostic_t,data_block,synthetic_controlled,random_forest [patterns],5.0,0.04241860407492605,0.04241860407492606,1152,12
C_one_step,time_agnostic_t,data_block,synthetic_controlled,extra_trees [occupancy],6.0,0.043326607835121905,0.043326607835121905,1152,12
C_one_step,time_agnostic_t,data_block,synthetic_controlled,random_forest [occupancy],7.0,0.04333564013734378,0.04333564013734378,1152,12
C_one_step,time_agnostic_t,data_block,synthetic_controlled,hist_gradient_boosting [patterns],8.0,0.04371399178851162,0.043713991788511625,1152,12
C_one_step,time_agnostic_t,data_block,synthetic_controlled,hist_gradient_boosting [occupancy],9.0,0.045358829688887076,0.04535882968888707,1152,12
C_one_step,time_agnostic_t,data_block,synthetic_controlled,ridge [combined],10.0,0.05681330225132106,0.05681330225132106,1152,12
C_one_step,time_agnostic_t,data_block,synthetic_controlled,ridge [patterns],11.0,0.05721719180706015,0.05721719180706014,1152,12
C_one_step,time_agnostic_t,data_block,synthetic_controlled,mask_mle,12.0,0.060969246942559376,0.060969246942559396,1152,12
C_one_step,time_agnostic_t,data_block,synthetic_controlled,ridge [occupancy],13.0,0.06667830511994105,0.06667830511994105,1152,12
C_one_step,time_agnostic_t,data_block,synthetic_controlled,extra_trees [crawl],14.0,0.09430033735263273,0.09430033735263273,1152,12
C_one_step,time_agnostic_t,data_block,synthetic_controlled,hist_gradient_boosting [crawl],15.0,0.09497935333392427,0.09497935333392428,1152,12
C_one_step,time_agnostic_t,data_block,synthetic_controlled,random_forest [crawl],16.0,0.09558770745342055,0.09558770745342056,1152,12
C_one_step,time_agnostic_t,data_block,synthetic_controlled,ridge [crawl],17.0,0.1375915057118225,0.13759150571182246,1152,12
C_one_step,time_agnostic_t,data_block,synthetic_controlled,plugin,18.0,0.15938242378429535,0.15938242378429537,1152,12
C_one_step,time_agnostic_t,data_block,synthetic_controlled,mean_floor,19.0,0.16923277102397463,0.1692327710239747,1152,12
C_one_step,time_agnostic_t,domain,controlled,extra_trees [combined],1.0,0.0381666170815884,0.0381666170815884,1152,12
C_one_step,time_agnostic_t,domain,controlled,random_forest [combined],2.0,0.0393856277016169,0.0393856277016169,1152,12
C_one_step,time_agnostic_t,domain,controlled,extra_trees [patterns],3.0,0.040354404464124846,0.040354404464124846,1152,12
C_one_step,time_agnostic_t,domain,controlled,hist_gradient_boosting [combined],4.0,0.04229030713896593,0.04229030713896592,1152,12
C_one_step,time_agnostic_t,domain,controlled,random_forest [patterns],5.0,0.04241860407492605,0.04241860407492606,1152,12
C_one_step,time_agnostic_t,domain,controlled,extra_trees [occupancy],6.0,0.043326607835121905,0.043326607835121905,1152,12
C_one_step,time_agnostic_t,domain,controlled,random_forest [occupancy],7.0,0.04333564013734378,0.04333564013734378,1152,12
C_one_step,time_agnostic_t,domain,controlled,hist_gradient_boosting [patterns],8.0,0.04371399178851162,0.043713991788511625,1152,12
C_one_step,time_agnostic_t,domain,controlled,hist_gradient_boosting [occupancy],9.0,0.045358829688887076,0.04535882968888707,1152,12
C_one_step,time_agnostic_t,domain,controlled,ridge [combined],10.0,0.05681330225132106,0.05681330225132106,1152,12
C_one_step,time_agnostic_t,domain,controlled,ridge [patterns],11.0,0.05721719180706015,0.05721719180706014,1152,12
C_one_step,time_agnostic_t,domain,controlled,mask_mle,12.0,0.060969246942559376,0.060969246942559396,1152,12
C_one_step,time_agnostic_t,domain,controlled,ridge [occupancy],13.0,0.06667830511994105,0.06667830511994105,1152,12
C_one_step,time_agnostic_t,domain,controlled,extra_trees [crawl],14.0,0.09430033735263273,0.09430033735263273,1152,12
C_one_step,time_agnostic_t,domain,controlled,hist_gradient_boosting [crawl],15.0,0.09497935333392427,0.09497935333392428,1152,12
C_one_step,time_agnostic_t,domain,controlled,random_forest [crawl],16.0,0.09558770745342055,0.09558770745342056,1152,12
C_one_step,time_agnostic_t,domain,controlled,ridge [crawl],17.0,0.1375915057118225,0.13759150571182246,1152,12
C_one_step,time_agnostic_t,domain,controlled,plugin,18.0,0.15938242378429535,0.15938242378429537,1152,12
C_one_step,time_agnostic_t,domain,controlled,mean_floor,19.0,0.16923277102397463,0.1692327710239747,1152,12
C_one_step,time_agnostic_t,domain,email,hist_gradient_boosting [occupancy],1.0,0.0939891314971837,0.0939891314971837,120,1
C_one_step,time_agnostic_t,domain,email,extra_trees [occupancy],2.0,0.09698882729661974,0.09698882729661974,120,1
C_one_step,time_agnostic_t,domain,email,random_forest [occupancy],3.0,0.09965594854468005,0.09965594854468005,120,1
C_one_step,time_agnostic_t,domain,email,random_forest [combined],4.0,0.10462875560386246,0.10462875560386246,120,1
C_one_step,time_agnostic_t,domain,email,extra_trees [combined],5.0,0.10486110500704075,0.10486110500704077,120,1
C_one_step,time_agnostic_t,domain,email,random_forest [patterns],6.0,0.11327150205898849,0.1132715020589885,120,1
C_one_step,time_agnostic_t,domain,email,extra_trees [patterns],7.0,0.11672095307845802,0.116720953078458,120,1
C_one_step,time_agnostic_t,domain,email,ridge [occupancy],8.0,0.12412512425027175,0.12412512425027175,120,1
C_one_step,time_agnostic_t,domain,email,hist_gradient_boosting [combined],9.0,0.13032117825059017,0.13032117825059014,120,1
C_one_step,time_agnostic_t,domain,email,hist_gradient_boosting [patterns],10.0,0.1415746376135544,0.14157463761355443,120,1
C_one_step,time_agnostic_t,domain,email,mask_mle,11.0,0.14783542528531016,0.14783542528531016,120,1
C_one_step,time_agnostic_t,domain,email,ridge [patterns],12.0,0.15015064052602323,0.1501506405260232,120,1
C_one_step,time_agnostic_t,domain,email,ridge [combined],13.0,0.1525917267667266,0.1525917267667266,120,1
C_one_step,time_agnostic_t,domain,email,random_forest [crawl],14.0,0.1641559466765468,0.1641559466765468,120,1
C_one_step,time_agnostic_t,domain,email,mean_floor,15.0,0.16442472551180448,0.1644247255118045,120,1
C_one_step,time_agnostic_t,domain,email,extra_trees [crawl],16.0,0.1666283971969636,0.16662839719696362,120,1
C_one_step,time_agnostic_t,domain,email,hist_gradient_boosting [crawl],17.0,0.17266055561722785,0.17266055561722785,120,1
C_one_step,time_agnostic_t,domain,email,ridge [crawl],18.0,0.23102925072056,0.23102925072056,120,1
C_one_step,time_agnostic_t,domain,email,plugin,19.0,0.33397247455693774,0.33397247455693774,120,1
C_one_step,time_agnostic_t,domain,mechanistic,extra_trees [combined],1.0,0.05513235734247454,0.05279472390883827,1080,18
C_one_step,time_agnostic_t,domain,mechanistic,random_forest [combined],2.0,0.055641607343325857,0.05341740355578347,1080,18
C_one_step,time_agnostic_t,domain,mechanistic,hist_gradient_boosting [combined],3.0,0.058081037832502666,0.05616222373330938,1080,18
C_one_step,time_agnostic_t,domain,mechanistic,random_forest [patterns],4.0,0.05770549421593167,0.0563546383801954,1080,18
C_one_step,time_agnostic_t,domain,mechanistic,extra_trees [patterns],5.0,0.05848172899234126,0.05723644178984619,1080,18
C_one_step,time_agnostic_t,domain,mechanistic,hist_gradient_boosting [patterns],6.0,0.05926272917715695,0.058472588568855954,1080,18
C_one_step,time_agnostic_t,domain,mechanistic,extra_trees [occupancy],7.0,0.0772975044642993,0.07308555044234105,1080,18
C_one_step,time_agnostic_t,domain,mechanistic,random_forest [occupancy],8.0,0.07769283885351606,0.07352160087817035,1080,18
C_one_step,time_agnostic_t,domain,mechanistic,hist_gradient_boosting [occupancy],9.0,0.0805731677757906,0.07736253430662797,1080,18
C_one_step,time_agnostic_t,domain,mechanistic,ridge [combined],10.0,0.11346067766385019,0.10833933977851029,1080,18
C_one_step,time_agnostic_t,domain,mechanistic,ridge [patterns],11.0,0.1156877459158534,0.11046619411921954,1080,18
C_one_step,time_agnostic_t,domain,mechanistic,ridge [occupancy],12.0,0.13492893403873107,0.1268257931192381,1080,18
C_one_step,time_agnostic_t,domain,mechanistic,mask_mle,13.0,0.15007485172215576,0.13969572002833686,1080,18
C_one_step,time_agnostic_t,domain,mechanistic,extra_trees [crawl],14.0,0.18132727389988038,0.170495064700687,1080,18
C_one_step,time_agnostic_t,domain,mechanistic,random_forest [crawl],15.0,0.18878666289280352,0.1789275210501488,1080,18
C_one_step,time_agnostic_t,domain,mechanistic,hist_gradient_boosting [crawl],16.0,0.20020255752943053,0.19055375792008633,1080,18
C_one_step,time_agnostic_t,domain,mechanistic,ridge [crawl],17.0,0.22052233902729781,0.20425930491598263,1080,18
C_one_step,time_agnostic_t,domain,mechanistic,mean_floor,18.0,0.28679111822443626,0.2668466309015764,1080,18
C_one_step,time_agnostic_t,domain,mechanistic,plugin,19.0,0.43820463602757703,0.4026501953457319,1080,18
C_one_step,time_agnostic_t,domain,messaging,ridge [occupancy],1.0,0.06868569787536467,0.06868569787536467,120,1
C_one_step,time_agnostic_t,domain,messaging,ridge [combined],2.0,0.07058737959197228,0.07058737959197228,120,1
C_one_step,time_agnostic_t,domain,messaging,ridge [patterns],3.0,0.07141072540866862,0.07141072540866861,120,1
C_one_step,time_agnostic_t,domain,messaging,extra_trees [combined],4.0,0.07200300774131432,0.07200300774131432,120,1
C_one_step,time_agnostic_t,domain,messaging,random_forest [occupancy],5.0,0.07393932748208056,0.07393932748208056,120,1
C_one_step,time_agnostic_t,domain,messaging,extra_trees [patterns],6.0,0.07422072978604873,0.07422072978604873,120,1
C_one_step,time_agnostic_t,domain,messaging,extra_trees [occupancy],7.0,0.0763749377881411,0.07637493778814108,120,1
C_one_step,time_agnostic_t,domain,messaging,hist_gradient_boosting [occupancy],8.0,0.07707339438976608,0.07707339438976607,120,1
C_one_step,time_agnostic_t,domain,messaging,random_forest [combined],9.0,0.07771875410706895,0.07771875410706895,120,1
C_one_step,time_agnostic_t,domain,messaging,random_forest [patterns],10.0,0.07797534029666221,0.07797534029666223,120,1
C_one_step,time_agnostic_t,domain,messaging,hist_gradient_boosting [patterns],11.0,0.07914243383782837,0.07914243383782837,120,1
C_one_step,time_agnostic_t,domain,messaging,hist_gradient_boosting [combined],12.0,0.08144096990826562,0.08144096990826563,120,1
C_one_step,time_agnostic_t,domain,messaging,mask_mle,13.0,0.09581182075740671,0.09581182075740671,120,1
C_one_step,time_agnostic_t,domain,messaging,mean_floor,14.0,0.11325223241261272,0.11325223241261274,120,1
C_one_step,time_agnostic_t,domain,messaging,random_forest [crawl],15.0,0.12144756595855254,0.12144756595855255,120,1
C_one_step,time_agnostic_t,domain,messaging,hist_gradient_boosting [crawl],16.0,0.1219196684191755,0.1219196684191755,120,1
C_one_step,time_agnostic_t,domain,messaging,ridge [crawl],17.0,0.12279539491275658,0.12279539491275658,120,1
C_one_step,time_agnostic_t,domain,messaging,extra_trees [crawl],18.0,0.13209513294519437,0.13209513294519434,120,1
C_one_step,time_agnostic_t,domain,messaging,plugin,19.0,0.24491713021551995,0.24491713021552,120,1
C_one_step,time_agnostic_t,domain,proximity,hist_gradient_boosting [occupancy],1.0,0.10248989120407698,0.10248989120407698,480,4
C_one_step,time_agnostic_t,domain,proximity,extra_trees [occupancy],2.0,0.10288884670847395,0.10288884670847398,480,4
C_one_step,time_agnostic_t,domain,proximity,random_forest [occupancy],3.0,0.10491884973454693,0.1049188497345469,480,4
C_one_step,time_agnostic_t,domain,proximity,mask_mle,4.0,0.1275569667551135,0.1275569667551135,480,4
C_one_step,time_agnostic_t,domain,proximity,ridge [occupancy],5.0,0.12852699119204128,0.1285269911920413,480,4
C_one_step,time_agnostic_t,domain,proximity,ridge [patterns],6.0,0.13747896037997248,0.13747896037997248,480,4
C_one_step,time_agnostic_t,domain,proximity,extra_trees [combined],7.0,0.14291352172955704,0.14291352172955704,480,4
C_one_step,time_agnostic_t,domain,proximity,random_forest [combined],8.0,0.14582189543788965,0.14582189543788962,480,4
C_one_step,time_agnostic_t,domain,proximity,extra_trees [patterns],9.0,0.1485011336917262,0.14850113369172627,480,4
C_one_step,time_agnostic_t,domain,proximity,ridge [combined],10.0,0.1494704963061536,0.14947049630615358,480,4
C_one_step,time_agnostic_t,domain,proximity,hist_gradient_boosting [combined],11.0,0.1504814391038188,0.15048143910381884,480,4
C_one_step,time_agnostic_t,domain,proximity,random_forest [patterns],12.0,0.1523224527250021,0.1523224527250021,480,4
C_one_step,time_agnostic_t,domain,proximity,hist_gradient_boosting [patterns],13.0,0.1530329476429935,0.1530329476429935,480,4
C_one_step,time_agnostic_t,domain,proximity,mean_floor,14.0,0.20130181251469156,0.20130181251469154,480,4
C_one_step,time_agnostic_t,domain,proximity,extra_trees [crawl],15.0,0.21626020624771763,0.21626020624771763,480,4
C_one_step,time_agnostic_t,domain,proximity,hist_gradient_boosting [crawl],16.0,0.21987493370764224,0.21987493370764224,480,4
C_one_step,time_agnostic_t,domain,proximity,random_forest [crawl],17.0,0.22293622850462388,0.22293622850462388,480,4
C_one_step,time_agnostic_t,domain,proximity,ridge [crawl],18.0,0.2238434217407011,0.22384342174070113,480,4
C_one_step,time_agnostic_t,domain,proximity,plugin,19.0,0.27051963632585313,0.2705196363258531,480,4
C_one_step,time_agnostic_t,overall,all,extra_trees [combined],1.0,0.0654922333224432,0.05991173986124259,2952,36
C_one_step,time_agnostic_t,overall,all,random_forest [combined],2.0,0.06685006436942864,0.06110488577461096,2952,36
C_one_step,time_agnostic_t,overall,all,extra_trees [patterns],3.0,0.0690521976186212,0.06387375065050392,2952,36
C_one_step,time_agnostic_t,overall,all,random_forest [patterns],4.0,0.07020750814302172,0.06455398313884136,2952,36
C_one_step,time_agnostic_t,overall,all,hist_gradient_boosting [combined],5.0,0.07082943876425724,0.06478032270670253,2952,36
C_one_step,time_agnostic_t,overall,all,hist_gradient_boosting [patterns],6.0,0.07259624982875938,0.06694231549235842,2952,36
C_one_step,time_agnostic_t,overall,all,extra_trees [occupancy],7.0,0.0689647206225415,0.06723273205284051,2952,36
C_one_step,time_agnostic_t,overall,all,random_forest [occupancy],8.0,0.06945237276280868,0.06768575478944833,2952,36
C_one_step,time_agnostic_t,overall,all,hist_gradient_boosting [occupancy],9.0,0.07079777909344265,0.06994037956914463,2952,36
C_one_step,time_agnostic_t,overall,all,ridge [patterns],10.0,0.09601430740020488,0.09573541675792377,2952,36
C_one_step,time_agnostic_t,overall,all,ridge [combined],11.0,0.09705751594189621,0.09591468985034309,2952,36
C_one_step,time_agnostic_t,overall,all,ridge [occupancy],12.0,0.10412158221113071,0.10527563123553833,2952,36
C_one_step,time_agnostic_t,overall,all,mask_mle,13.0,0.10934364021183508,0.11111191769122075,2952,36
C_one_step,time_agnostic_t,overall,all,extra_trees [crawl],14.0,0.15044687230964332,0.14900776577713856,2952,36
C_one_step,time_agnostic_t,overall,all,random_forest [crawl],15.0,0.15423050342445788,0.15403045263881446,2952,36
C_one_step,time_agnostic_t,overall,all,hist_gradient_boosting [crawl],16.0,0.15803677921290732,0.15954999559543384,2952,36
C_one_step,time_agnostic_t,overall,all,ridge [crawl],17.0,0.18515357067785762,0.18269344137849106,2952,36
C_one_step,time_agnostic_t,overall,all,mean_floor,18.0,0.214985320074523,0.2199143560138682,2952,36
C_one_step,time_agnostic_t,overall,all,plugin,19.0,0.29003581880704465,0.3005905764364052,2952,36
C_one_step,time_respecting,budget,100,extra_trees [combined],1.0,0.12766093918305121,0.1268568436424114,738,36
C_one_step,time_respecting,budget,100,hist_gradient_boosting [combined],2.0,0.12902861535671628,0.12878708588402393,738,36
C_one_step,time_respecting,budget,100,random_forest [combined],3.0,0.12960023646814767,0.12944022093453994,738,36
C_one_step,time_respecting,budget,100,hist_gradient_boosting [patterns],4.0,0.1312199568431238,0.131858138024555,738,36
C_one_step,time_respecting,budget,100,extra_trees [patterns],5.0,0.1320281192161016,0.1328496506730492,738,36
C_one_step,time_respecting,budget,100,random_forest [patterns],6.0,0.1326598274390971,0.13319933879690954,738,36
C_one_step,time_respecting,budget,100,ridge [combined],7.0,0.1473159096214582,0.14862887094717397,738,36
C_one_step,time_respecting,budget,100,random_forest [occupancy],8.0,0.14870041384921298,0.15178139196497697,738,36
C_one_step,time_respecting,budget,100,hist_gradient_boosting [occupancy],9.0,0.14785292216883847,0.15261903147300637,738,36
C_one_step,time_respecting,budget,100,extra_trees [occupancy],10.0,0.14917467519622202,0.15269583317722113,738,36
C_one_step,time_respecting,budget,100,ridge [patterns],11.0,0.15092249929657273,0.1551060865475013,738,36
C_one_step,time_respecting,budget,100,ridge [occupancy],12.0,0.15433642859663108,0.1651062705979755,738,36
C_one_step,time_respecting,budget,100,extra_trees [crawl],13.0,0.179999538864532,0.17496636388277426,738,36
C_one_step,time_respecting,budget,100,random_forest [crawl],14.0,0.18607838040364139,0.18067244788048673,738,36
C_one_step,time_respecting,budget,100,hist_gradient_boosting [crawl],15.0,0.18962202320395471,0.18504557359679247,738,36
C_one_step,time_respecting,budget,100,ridge [crawl],16.0,0.20744181031981118,0.2108234979387661,738,36
C_one_step,time_respecting,budget,100,mean_floor,17.0,0.214985320074523,0.2199143560138682,738,36
C_one_step,time_respecting,budget,100,mask_mle,18.0,0.2042867958391955,0.2199229951726068,738,36
C_one_step,time_respecting,budget,100,plugin,19.0,0.2814129891588437,0.2926166000000338,736,36
C_one_step,time_respecting,budget,1600,random_forest [combined],1.0,0.04731723059411328,0.04143496827541752,738,36
C_one_step,time_respecting,budget,1600,extra_trees [combined],2.0,0.04873733483207503,0.04291120327774847,738,36
C_one_step,time_respecting,budget,1600,random_forest [patterns],3.0,0.04860883809595005,0.043256834884953806,738,36
C_one_step,time_respecting,budget,1600,hist_gradient_boosting [combined],4.0,0.04973928743694315,0.04527484182495945,738,36
C_one_step,time_respecting,budget,1600,extra_trees [patterns],5.0,0.05258755896298623,0.04678472092386929,738,36
C_one_step,time_respecting,budget,1600,hist_gradient_boosting [patterns],6.0,0.04966717342289408,0.04684475227770024,738,36
C_one_step,time_respecting,budget,1600,ridge [combined],7.0,0.08511884068487081,0.08454338117265894,738,36
C_one_step,time_respecting,budget,1600,extra_trees [occupancy],8.0,0.08712275205859502,0.09114238074054389,738,36
C_one_step,time_respecting,budget,1600,random_forest [occupancy],9.0,0.08765838586547324,0.09202763498220606,738,36
C_one_step,time_respecting,budget,1600,ridge [patterns],10.0,0.08994535782564309,0.09289269605853276,738,36
C_one_step,time_respecting,budget,1600,hist_gradient_boosting [occupancy],11.0,0.09076847505604207,0.09518699270845177,738,36
C_one_step,time_respecting,budget,1600,extra_trees [crawl],12.0,0.12638170926955947,0.11487104941290016,738,36
C_one_step,time_respecting,budget,1600,ridge [occupancy],13.0,0.1124427926720329,0.120476185890095,738,36
C_one_step,time_respecting,budget,1600,random_forest [crawl],14.0,0.1375172382877023,0.12785696096639712,738,36
C_one_step,time_respecting,budget,1600,hist_gradient_boosting [crawl],15.0,0.14149741291613904,0.13205283340198135,738,36
C_one_step,time_respecting,budget,1600,mask_mle,16.0,0.12441080321814614,0.1364749388105876,738,36
C_one_step,time_respecting,budget,1600,ridge [crawl],17.0,0.16822996635071516,0.17142157546917516,738,36
C_one_step,time_respecting,budget,1600,mean_floor,18.0,0.214985320074523,0.2199143560138682,738,36
C_one_step,time_respecting,budget,1600,plugin,19.0,0.21863426854743412,0.22779705891825752,738,36
C_one_step,time_respecting,budget,3200,extra_trees [combined],1.0,0.04427682360379944,0.036866069638620505,738,36
C_one_step,time_respecting,budget,3200,random_forest [combined],2.0,0.04525252641879277,0.038384081908740104,738,36
C_one_step,time_respecting,budget,3200,random_forest [patterns],3.0,0.04494000896925539,0.03855947518940122,738,36
C_one_step,time_respecting,budget,3200,extra_trees [patterns],4.0,0.046669445079373824,0.038915157985558675,738,36
C_one_step,time_respecting,budget,3200,hist_gradient_boosting [patterns],5.0,0.043679160834047805,0.039787269307989585,738,36
C_one_step,time_respecting,budget,3200,hist_gradient_boosting [combined],6.0,0.04551215255696415,0.04029125279417343,738,36
C_one_step,time_respecting,budget,3200,extra_trees [occupancy],7.0,0.07451925344484386,0.07420913040689418,738,36
C_one_step,time_respecting,budget,3200,random_forest [occupancy],8.0,0.07494452746488271,0.07454023958050299,738,36
C_one_step,time_respecting,budget,3200,ridge [combined],9.0,0.08331352646763619,0.08177243926043093,738,36
C_one_step,time_respecting,budget,3200,hist_gradient_boosting [occupancy],10.0,0.08060432213643262,0.08195549407251052,738,36
C_one_step,time_respecting,budget,3200,ridge [patterns],11.0,0.08558090973517075,0.08627687458765701,738,36
C_one_step,time_respecting,budget,3200,extra_trees [crawl],12.0,0.11442782505018242,0.10063329662480525,738,36
C_one_step,time_respecting,budget,3200,ridge [occupancy],13.0,0.10158473760410772,0.10331799876006237,738,36
C_one_step,time_respecting,budget,3200,mask_mle,14.0,0.1112171536585442,0.11982604999194635,738,36
C_one_step,time_respecting,budget,3200,random_forest [crawl],15.0,0.13214052208364974,0.12018761317663963,738,36
C_one_step,time_respecting,budget,3200,hist_gradient_boosting [crawl],16.0,0.1328293988256273,0.12120541652542406,738,36
C_one_step,time_respecting,budget,3200,ridge [crawl],17.0,0.18531742863229153,0.17853048566466173,738,36
C_one_step,time_respecting,budget,3200,plugin,18.0,0.18863107370265583,0.1966632714483113,738,36
C_one_step,time_respecting,budget,3200,mean_floor,19.0,0.214985320074523,0.2199143560138682,738,36
C_one_step,time_respecting,budget,400,random_forest [combined],1.0,0.07717761334133967,0.07432103299438664,738,36
C_one_step,time_respecting,budget,400,hist_gradient_boosting [combined],2.0,0.07904186778947236,0.07551294587419408,738,36
C_one_step,time_respecting,budget,400,extra_trees [combined],3.0,0.07939296415192951,0.07623797206665782,738,36
C_one_step,time_respecting,budget,400,random_forest [patterns],4.0,0.07944354767780039,0.07692637429215453,738,36
C_one_step,time_respecting,budget,400,extra_trees [patterns],5.0,0.084133673229916,0.0816258523943349,738,36
C_one_step,time_respecting,budget,400,hist_gradient_boosting [patterns],6.0,0.0835631116055226,0.08201909889001274,738,36
C_one_step,time_respecting,budget,400,ridge [combined],7.0,0.10747565569577407,0.10762395118400347,738,36
C_one_step,time_respecting,budget,400,ridge [patterns],8.0,0.11178141728451599,0.11589556709214653,738,36
C_one_step,time_respecting,budget,400,extra_trees [occupancy],9.0,0.1118957311518074,0.11706966675308167,738,36
C_one_step,time_respecting,budget,400,hist_gradient_boosting [occupancy],10.0,0.1133213498551578,0.11983735787586519,738,36
C_one_step,time_respecting,budget,400,random_forest [occupancy],11.0,0.11439827958795463,0.12210842408886016,738,36
C_one_step,time_respecting,budget,400,ridge [occupancy],12.0,0.12886722035457068,0.13886160750466386,738,36
C_one_step,time_respecting,budget,400,extra_trees [crawl],13.0,0.16107736028046155,0.1521872468172218,738,36
C_one_step,time_respecting,budget,400,random_forest [crawl],14.0,0.16654447342516965,0.15807405986934087,738,36
C_one_step,time_respecting,budget,400,hist_gradient_boosting [crawl],15.0,0.16918163926812685,0.16052325170873935,738,36
C_one_step,time_respecting,budget,400,mask_mle,16.0,0.15377693827014716,0.16646508995992695,738,36
C_one_step,time_respecting,budget,400,ridge [crawl],17.0,0.1954144105944167,0.20308953572409116,738,36
C_one_step,time_respecting,budget,400,mean_floor,18.0,0.214985320074523,0.2199143560138682,738,36
C_one_step,time_respecting,budget,400,plugin,19.0,0.2598629340236338,0.2715954634374254,738,36
C_one_step,time_respecting,coverage_band,high(>.15),random_forest [combined],1.0,0.04323302636600634,0.041066348462445834,912,28
C_one_step,time_respecting,coverage_band,high(>.15),extra_trees [combined],2.0,0.045523293843698444,0.04172827312202038,912,28
C_one_step,time_respecting,coverage_band,high(>.15),random_forest [patterns],3.0,0.04219433874465127,0.04289555656511087,912,28
C_one_step,time_respecting,coverage_band,high(>.15),hist_gradient_boosting [combined],4.0,0.04584774655031918,0.043331962735766415,912,28
C_one_step,time_respecting,coverage_band,high(>.15),extra_trees [patterns],5.0,0.04653505743844705,0.04444902091951307,912,28
C_one_step,time_respecting,coverage_band,high(>.15),hist_gradient_boosting [patterns],6.0,0.0439560081967392,0.04550920089738863,912,28
C_one_step,time_respecting,coverage_band,high(>.15),ridge [combined],7.0,0.088343221042083,0.09929301110990826,912,28
C_one_step,time_respecting,coverage_band,high(>.15),ridge [patterns],8.0,0.08740419777240598,0.10184460125146585,912,28
C_one_step,time_respecting,coverage_band,high(>.15),random_forest [occupancy],9.0,0.09136923531776175,0.11791159858112313,912,28
C_one_step,time_respecting,coverage_band,high(>.15),extra_trees [occupancy],10.0,0.09219504453180795,0.1200030701253503,912,28
C_one_step,time_respecting,coverage_band,high(>.15),hist_gradient_boosting [occupancy],11.0,0.09596467191195635,0.12561307155587248,912,28
C_one_step,time_respecting,coverage_band,high(>.15),mask_mle,12.0,0.11036252323171995,0.1377906651303127,912,28
C_one_step,time_respecting,coverage_band,high(>.15),ridge [occupancy],13.0,0.11280267904490698,0.13898307661375192,912,28
C_one_step,time_respecting,coverage_band,high(>.15),extra_trees [crawl],14.0,0.13814671765046754,0.1432108562972482,912,28
C_one_step,time_respecting,coverage_band,high(>.15),random_forest [crawl],15.0,0.15773155022689886,0.16648426919653567,912,28
C_one_step,time_respecting,coverage_band,high(>.15),hist_gradient_boosting [crawl],16.0,0.15533623526963902,0.16827810345218355,912,28
C_one_step,time_respecting,coverage_band,high(>.15),ridge [crawl],17.0,0.20934462273268825,0.21807829396404377,912,28
C_one_step,time_respecting,coverage_band,high(>.15),mean_floor,18.0,0.2582060229236033,0.2620550514141497,912,28
C_one_step,time_respecting,coverage_band,high(>.15),plugin,19.0,0.23085815540652369,0.2640400298467605,912,28
C_one_step,time_respecting,coverage_band,low(<.02),hist_gradient_boosting [combined],1.0,0.11635303550870207,0.10763086020891045,533,30
C_one_step,time_respecting,coverage_band,low(<.02),extra_trees [combined],2.0,0.1160204806991221,0.10767588383966348,533,30
C_one_step,time_respecting,coverage_band,low(<.02),random_forest [combined],3.0,0.11588270942987189,0.10986223620844802,533,30
C_one_step,time_respecting,coverage_band,low(<.02),random_forest [patterns],4.0,0.12157071263719182,0.11143636786038774,533,30
C_one_step,time_respecting,coverage_band,low(<.02),hist_gradient_boosting [patterns],5.0,0.1207429207265665,0.11271151541649395,533,30
C_one_step,time_respecting,coverage_band,low(<.02),extra_trees [patterns],6.0,0.1215423277603018,0.11313585207995978,533,30
C_one_step,time_respecting,coverage_band,low(<.02),ridge [combined],7.0,0.14193120287866126,0.13053754009926774,533,30
C_one_step,time_respecting,coverage_band,low(<.02),hist_gradient_boosting [occupancy],8.0,0.13429285719937084,0.1419024479420975,533,30
C_one_step,time_respecting,coverage_band,low(<.02),extra_trees [occupancy],9.0,0.1336693451742004,0.14368516341613616,533,30
C_one_step,time_respecting,coverage_band,low(<.02),random_forest [occupancy],10.0,0.13636967245685497,0.146162256887397,533,30
C_one_step,time_respecting,coverage_band,low(<.02),ridge [patterns],11.0,0.15372880022257066,0.1472468610484454,533,30
C_one_step,time_respecting,coverage_band,low(<.02),extra_trees [crawl],12.0,0.14795287600694454,0.15355560537601684,533,30
C_one_step,time_respecting,coverage_band,low(<.02),hist_gradient_boosting [crawl],13.0,0.1657135995638149,0.15910750403908747,533,30
C_one_step,time_respecting,coverage_band,low(<.02),random_forest [crawl],14.0,0.1587511449268996,0.16284467635876795,533,30
C_one_step,time_respecting,coverage_band,low(<.02),ridge [occupancy],15.0,0.14939389907719228,0.16965638024672827,533,30
C_one_step,time_respecting,coverage_band,low(<.02),ridge [crawl],16.0,0.18125994426683614,0.19634672177152465,533,30
C_one_step,time_respecting,coverage_band,low(<.02),mean_floor,17.0,0.1946686590959138,0.21528940582930897,533,30
C_one_step,time_respecting,coverage_band,low(<.02),mask_mle,18.0,0.2033241803219561,0.22883906020526112,533,30
C_one_step,time_respecting,coverage_band,low(<.02),plugin,19.0,0.26360824576143793,0.23488347060986936,532,30
C_one_step,time_respecting,coverage_band,mid,extra_trees [combined],1.0,0.07836368240796687,0.08247702866463297,1507,36
C_one_step,time_respecting,coverage_band,mid,random_forest [combined],2.0,0.07944560694293751,0.08342175772757815,1507,36
C_one_step,time_respecting,coverage_band,mid,hist_gradient_boosting [combined],3.0,0.07964317617608593,0.08449957854175677,1507,36
C_one_step,time_respecting,coverage_band,mid,random_forest [patterns],4.0,0.08114990922338869,0.08583035125115548,1507,36
C_one_step,time_respecting,coverage_band,mid,extra_trees [patterns],5.0,0.08331588502210892,0.08844522307568228,1507,36
C_one_step,time_respecting,coverage_band,mid,hist_gradient_boosting [patterns],6.0,0.0815896768241792,0.08873524844872004,1507,36
C_one_step,time_respecting,coverage_band,mid,ridge [combined],7.0,0.10359715556599965,0.11028267255299247,1507,36
C_one_step,time_respecting,coverage_band,mid,extra_trees [occupancy],8.0,0.10393770295655338,0.11607886658460753,1507,36
C_one_step,time_respecting,coverage_band,mid,hist_gradient_boosting [occupancy],9.0,0.10625206596601638,0.11783163658808908,1507,36
C_one_step,time_respecting,coverage_band,mid,random_forest [occupancy],10.0,0.10494625598216989,0.11812956467375485,1507,36
C_one_step,time_respecting,coverage_band,mid,ridge [patterns],11.0,0.1073416038551159,0.1191035349418247,1507,36
C_one_step,time_respecting,coverage_band,mid,ridge [occupancy],12.0,0.12239788903296615,0.13944174139116888,1507,36
C_one_step,time_respecting,coverage_band,mid,extra_trees [crawl],13.0,0.149026873581982,0.1438032611052088,1507,36
C_one_step,time_respecting,coverage_band,mid,random_forest [crawl],14.0,0.15313706650746586,0.1494623468232212,1507,36
C_one_step,time_respecting,coverage_band,mid,hist_gradient_boosting [crawl],15.0,0.15743748827896195,0.15270502194862956,1507,36
C_one_step,time_respecting,coverage_band,mid,mask_mle,16.0,0.15203852597794368,0.16901792990249728,1507,36
C_one_step,time_respecting,coverage_band,mid,ridge [crawl],17.0,0.17962310703764017,0.19047122074767725,1507,36
C_one_step,time_respecting,coverage_band,mid,mean_floor,18.0,0.1960148484774676,0.20825981627920673,1507,36
C_one_step,time_respecting,coverage_band,mid,plugin,19.0,0.2315261642995236,0.26487104207275514,1506,36
C_one_step,time_respecting,data_block,mechanistic_activity,extra_trees [crawl],1.0,0.038118224987649114,0.038118224987649114,216,6
C_one_step,time_respecting,data_block,mechanistic_activity,random_forest [crawl],2.0,0.04612133366987044,0.046121333669870444,216,6
C_one_step,time_respecting,data_block,mechanistic_activity,extra_trees [combined],3.0,0.046638590859753394,0.04663859085975338,216,6
C_one_step,time_respecting,data_block,mechanistic_activity,random_forest [combined],4.0,0.04750969151538933,0.04750969151538933,216,6
C_one_step,time_respecting,data_block,mechanistic_activity,hist_gradient_boosting [combined],5.0,0.052746212953330436,0.052746212953330436,216,6
C_one_step,time_respecting,data_block,mechanistic_activity,random_forest [patterns],6.0,0.05492541747178791,0.0549254174717879,216,6
C_one_step,time_respecting,data_block,mechanistic_activity,extra_trees [patterns],7.0,0.05721722464955016,0.05721722464955017,216,6
C_one_step,time_respecting,data_block,mechanistic_activity,hist_gradient_boosting [crawl],8.0,0.060259275736113914,0.060259275736113914,216,6
C_one_step,time_respecting,data_block,mechanistic_activity,hist_gradient_boosting [patterns],9.0,0.06485337618054815,0.06485337618054814,216,6
C_one_step,time_respecting,data_block,mechanistic_activity,ridge [combined],10.0,0.10994328883376425,0.10994328883376425,216,6
C_one_step,time_respecting,data_block,mechanistic_activity,extra_trees [occupancy],11.0,0.12898952012848047,0.12898952012848047,216,6
C_one_step,time_respecting,data_block,mechanistic_activity,random_forest [occupancy],12.0,0.1364523141414167,0.1364523141414167,216,6
C_one_step,time_respecting,data_block,mechanistic_activity,ridge [patterns],13.0,0.14150541258861388,0.14150541258861385,216,6
C_one_step,time_respecting,data_block,mechanistic_activity,hist_gradient_boosting [occupancy],14.0,0.1471171348890895,0.1471171348890895,216,6
C_one_step,time_respecting,data_block,mechanistic_activity,ridge [crawl],15.0,0.1521583983417184,0.15215839834171843,216,6
C_one_step,time_respecting,data_block,mechanistic_activity,plugin,16.0,0.16487190686189812,0.16487190686189815,216,6
C_one_step,time_respecting,data_block,mechanistic_activity,mean_floor,17.0,0.16712419428727718,0.16712419428727712,216,6
C_one_step,time_respecting,data_block,mechanistic_activity,ridge [occupancy],18.0,0.17498737423634966,0.1749873742363497,216,6
C_one_step,time_respecting,data_block,mechanistic_activity,mask_mle,19.0,0.2427145836558786,0.24271458365587853,216,6
C_one_step,time_respecting,data_block,mechanistic_dar,extra_trees [combined],1.0,0.08402663751499782,0.08402663751499782,864,12
C_one_step,time_respecting,data_block,mechanistic_dar,random_forest [combined],2.0,0.0850781877503242,0.08507818775032422,864,12
C_one_step,time_respecting,data_block,mechanistic_dar,random_forest [patterns],3.0,0.0851951672326223,0.08519516723262228,864,12
C_one_step,time_respecting,data_block,mechanistic_dar,extra_trees [patterns],4.0,0.08573414416779689,0.08573414416779689,864,12
C_one_step,time_respecting,data_block,mechanistic_dar,hist_gradient_boosting [combined],5.0,0.08671776694592556,0.08671776694592555,864,12
C_one_step,time_respecting,data_block,mechanistic_dar,hist_gradient_boosting [patterns],6.0,0.08877657077203947,0.08877657077203945,864,12
C_one_step,time_respecting,data_block,mechanistic_dar,ridge [combined],7.0,0.12425634808578392,0.12425634808578394,864,12
C_one_step,time_respecting,data_block,mechanistic_dar,ridge [patterns],8.0,0.12854315621561907,0.1285431562156191,864,12
C_one_step,time_respecting,data_block,mechanistic_dar,hist_gradient_boosting [occupancy],9.0,0.13179455552370684,0.1317945555237068,864,12
C_one_step,time_respecting,data_block,mechanistic_dar,random_forest [occupancy],10.0,0.13347140680167047,0.1334714068016705,864,12
C_one_step,time_respecting,data_block,mechanistic_dar,extra_trees [occupancy],11.0,0.13386695034849866,0.13386695034849866,864,12
C_one_step,time_respecting,data_block,mechanistic_dar,ridge [occupancy],12.0,0.16638271979907948,0.16638271979907948,864,12
C_one_step,time_respecting,data_block,mechanistic_dar,mask_mle,13.0,0.17005729093227037,0.1700572909322704,864,12
C_one_step,time_respecting,data_block,mechanistic_dar,extra_trees [crawl],14.0,0.19694317326144317,0.1969431732614432,864,12
C_one_step,time_respecting,data_block,mechanistic_dar,hist_gradient_boosting [crawl],15.0,0.2103398127166024,0.2103398127166024,864,12
C_one_step,time_respecting,data_block,mechanistic_dar,random_forest [crawl],16.0,0.2172907461583544,0.2172907461583544,864,12
C_one_step,time_respecting,data_block,mechanistic_dar,ridge [crawl],17.0,0.26584715677484344,0.26584715677484344,864,12
C_one_step,time_respecting,data_block,mechanistic_dar,mean_floor,18.0,0.316707849208726,0.316707849208726,864,12
C_one_step,time_respecting,data_block,mechanistic_dar,plugin,19.0,0.42729977526899376,0.4272997752689937,864,12
C_one_step,time_respecting,data_block,real_controlled,hist_gradient_boosting [patterns],1.0,0.09607608571060712,0.0960760857106071,432,6
C_one_step,time_respecting,data_block,real_controlled,hist_gradient_boosting [combined],2.0,0.1031517986026276,0.10315179860262762,432,6
C_one_step,time_respecting,data_block,real_controlled,random_forest [patterns],3.0,0.10357441552101028,0.10357441552101028,432,6
C_one_step,time_respecting,data_block,real_controlled,extra_trees [occupancy],4.0,0.10417908117253832,0.10417908117253832,432,6
C_one_step,time_respecting,data_block,real_controlled,random_forest [combined],5.0,0.10457389600933509,0.10457389600933509,432,6
C_one_step,time_respecting,data_block,real_controlled,random_forest [occupancy],6.0,0.10481503010568055,0.10481503010568054,432,6
C_one_step,time_respecting,data_block,real_controlled,extra_trees [combined],7.0,0.10859098826643308,0.10859098826643308,432,6
C_one_step,time_respecting,data_block,real_controlled,ridge [occupancy],8.0,0.10943261215289944,0.10943261215289944,432,6
C_one_step,time_respecting,data_block,real_controlled,extra_trees [patterns],9.0,0.1106733639518129,0.11067336395181289,432,6
C_one_step,time_respecting,data_block,real_controlled,hist_gradient_boosting [occupancy],10.0,0.11197337917249686,0.11197337917249688,432,6
C_one_step,time_respecting,data_block,real_controlled,mask_mle,11.0,0.11978873775907241,0.11978873775907241,432,6
C_one_step,time_respecting,data_block,real_controlled,plugin,12.0,0.13612284261630178,0.1358777489435626,430,6
C_one_step,time_respecting,data_block,real_controlled,ridge [patterns],13.0,0.13845275778549437,0.13845275778549435,432,6
C_one_step,time_respecting,data_block,real_controlled,ridge [combined],14.0,0.14709511338198744,0.14709511338198744,432,6
C_one_step,time_respecting,data_block,real_controlled,mean_floor,15.0,0.15624437931440185,0.15624437931440188,432,6
C_one_step,time_respecting,data_block,real_controlled,ridge [crawl],16.0,0.17247561580786244,0.17247561580786241,432,6
C_one_step,time_respecting,data_block,real_controlled,hist_gradient_boosting [crawl],17.0,0.17521864279581165,0.17521864279581165,432,6
C_one_step,time_respecting,data_block,real_controlled,extra_trees [crawl],18.0,0.18077286645909751,0.18077286645909751,432,6
C_one_step,time_respecting,data_block,real_controlled,random_forest [crawl],19.0,0.18328335956569713,0.1832833595656971,432,6
C_one_step,time_respecting,data_block,real_empirical,random_forest [combined],1.0,0.13260289336712888,0.13260289336712885,72,6
C_one_step,time_respecting,data_block,real_empirical,extra_trees [combined],2.0,0.13800816484810685,0.13800816484810685,72,6
C_one_step,time_respecting,data_block,real_empirical,mean_floor,3.0,0.1397782751552884,0.13977827515528843,72,6
C_one_step,time_respecting,data_block,real_empirical,random_forest [patterns],4.0,0.14003658989523748,0.14003658989523746,72,6
C_one_step,time_respecting,data_block,real_empirical,ridge [combined],5.0,0.14181567013740168,0.14181567013740168,72,6
C_one_step,time_respecting,data_block,real_empirical,hist_gradient_boosting [patterns],6.0,0.14225477545017148,0.14225477545017148,72,6
C_one_step,time_respecting,data_block,real_empirical,hist_gradient_boosting [combined],7.0,0.1442614663170489,0.1442614663170489,72,6
C_one_step,time_respecting,data_block,real_empirical,extra_trees [patterns],8.0,0.1493127502350119,0.14931275023501192,72,6
C_one_step,time_respecting,data_block,real_empirical,random_forest [crawl],9.0,0.15569097381487285,0.15569097381487282,72,6
C_one_step,time_respecting,data_block,real_empirical,ridge [patterns],10.0,0.15944168142897644,0.15944168142897647,72,6
C_one_step,time_respecting,data_block,real_empirical,extra_trees [occupancy],11.0,0.1662842308541263,0.16628423085412627,72,6
C_one_step,time_respecting,data_block,real_empirical,random_forest [occupancy],12.0,0.1663443196528576,0.1663443196528576,72,6
C_one_step,time_respecting,data_block,real_empirical,ridge [occupancy],13.0,0.16844531708802457,0.16844531708802454,72,6
C_one_step,time_respecting,data_block,real_empirical,mask_mle,14.0,0.16871052182401375,0.16871052182401378,72,6
C_one_step,time_respecting,data_block,real_empirical,hist_gradient_boosting [crawl],15.0,0.17009505631655486,0.17009505631655486,72,6
C_one_step,time_respecting,data_block,real_empirical,hist_gradient_boosting [occupancy],16.0,0.17206444850749836,0.17206444850749836,72,6
C_one_step,time_respecting,data_block,real_empirical,extra_trees [crawl],17.0,0.17921138045794305,0.17921138045794305,72,6
C_one_step,time_respecting,data_block,real_empirical,plugin,18.0,0.1792419045225354,0.1792419045225354,72,6
C_one_step,time_respecting,data_block,real_empirical,ridge [crawl],19.0,0.19106410534029972,0.19106410534029974,72,6
C_one_step,time_respecting,data_block,real_shuffle,hist_gradient_boosting [patterns],1.0,0.14641030296220806,0.14641030296220808,216,6
C_one_step,time_respecting,data_block,real_shuffle,hist_gradient_boosting [combined],2.0,0.14770646103594062,0.14770646103594062,216,6
C_one_step,time_respecting,data_block,real_shuffle,mask_mle,3.0,0.14897406286468418,0.1489740628646842,216,6
C_one_step,time_respecting,data_block,real_shuffle,random_forest [combined],4.0,0.15200212544356223,0.1520021254435622,216,6
C_one_step,time_respecting,data_block,real_shuffle,extra_trees [combined],5.0,0.1543687585257078,0.15436875852570775,216,6
C_one_step,time_respecting,data_block,real_shuffle,random_forest [patterns],6.0,0.15457023181782417,0.15457023181782417,216,6
C_one_step,time_respecting,data_block,real_shuffle,extra_trees [patterns],7.0,0.1621503223564783,0.1621503223564783,216,6
C_one_step,time_respecting,data_block,real_shuffle,ridge [combined],8.0,0.1818102724495198,0.18181027244951983,216,6
C_one_step,time_respecting,data_block,real_shuffle,ridge [patterns],9.0,0.18912123033601255,0.18912123033601255,216,6
C_one_step,time_respecting,data_block,real_shuffle,hist_gradient_boosting [occupancy],10.0,0.220673162904333,0.220673162904333,216,6
C_one_step,time_respecting,data_block,real_shuffle,extra_trees [occupancy],11.0,0.22256957833864177,0.22256957833864177,216,6
C_one_step,time_respecting,data_block,real_shuffle,random_forest [occupancy],12.0,0.22508246637489837,0.22508246637489837,216,6
C_one_step,time_respecting,data_block,real_shuffle,ridge [occupancy],13.0,0.23155731070613395,0.23155731070613395,216,6
C_one_step,time_respecting,data_block,real_shuffle,mean_floor,14.0,0.24252082075453535,0.24252082075453538,216,6
C_one_step,time_respecting,data_block,real_shuffle,ridge [crawl],15.0,0.27625497359465984,0.27625497359465984,216,6
C_one_step,time_respecting,data_block,real_shuffle,extra_trees [crawl],16.0,0.29672427383772165,0.2967242738377217,216,6
C_one_step,time_respecting,data_block,real_shuffle,random_forest [crawl],17.0,0.3092912326304308,0.3092912326304308,216,6
C_one_step,time_respecting,data_block,real_shuffle,plugin,18.0,0.3160100311578041,0.3160100311578041,216,6
C_one_step,time_respecting,data_block,real_shuffle,hist_gradient_boosting [crawl],19.0,0.3367278413756488,0.33672784137564876,216,6
C_one_step,time_respecting,data_block,synthetic_controlled,extra_trees [combined],1.0,0.042175115023012695,0.042175115023012695,1152,12
C_one_step,time_respecting,data_block,synthetic_controlled,random_forest [combined],2.0,0.043049562289103,0.043049562289102984,1152,12
C_one_step,time_respecting,data_block,synthetic_controlled,hist_gradient_boosting [combined],3.0,0.043994139308390565,0.04399413930839057,1152,12
C_one_step,time_respecting,data_block,synthetic_controlled,random_forest [patterns],4.0,0.04503895248030951,0.045038952480309515,1152,12
C_one_step,time_respecting,data_block,synthetic_controlled,extra_trees [patterns],5.0,0.04579858493927084,0.04579858493927084,1152,12
C_one_step,time_respecting,data_block,synthetic_controlled,hist_gradient_boosting [patterns],6.0,0.04628157508285772,0.04628157508285773,1152,12
C_one_step,time_respecting,data_block,synthetic_controlled,extra_trees [occupancy],7.0,0.0550226752503027,0.055022675250302695,1152,12
C_one_step,time_respecting,data_block,synthetic_controlled,random_forest [occupancy],8.0,0.055121609119449064,0.05512160911944906,1152,12
C_one_step,time_respecting,data_block,synthetic_controlled,hist_gradient_boosting [occupancy],9.0,0.056549823516349886,0.0565498235163499,1152,12
C_one_step,time_respecting,data_block,synthetic_controlled,ridge [combined],10.0,0.05920763103164014,0.059207631031640146,1152,12
C_one_step,time_respecting,data_block,synthetic_controlled,ridge [patterns],11.0,0.06045645974695316,0.06045645974695315,1152,12
C_one_step,time_respecting,data_block,synthetic_controlled,ridge [occupancy],12.0,0.06595949404115209,0.06595949404115209,1152,12
C_one_step,time_respecting,data_block,synthetic_controlled,extra_trees [crawl],13.0,0.08329011176172371,0.0832901117617237,1152,12
C_one_step,time_respecting,data_block,synthetic_controlled,random_forest [crawl],14.0,0.09057865697134121,0.0905786569713412,1152,12
C_one_step,time_respecting,data_block,synthetic_controlled,hist_gradient_boosting [crawl],15.0,0.09707133397912499,0.09707133397912497,1152,12
C_one_step,time_respecting,data_block,synthetic_controlled,mask_mle,16.0,0.12388396584246607,0.12388396584246607,1152,12
C_one_step,time_respecting,data_block,synthetic_controlled,ridge [crawl],17.0,0.12823832910324526,0.12823832910324526,1152,12
C_one_step,time_respecting,data_block,synthetic_controlled,plugin,18.0,0.13451812848577996,0.13451812848577996,1152,12
C_one_step,time_respecting,data_block,synthetic_controlled,mean_floor,19.0,0.16923277102397463,0.1692327710239747,1152,12
C_one_step,time_respecting,domain,controlled,extra_trees [combined],1.0,0.042175115023012695,0.042175115023012695,1152,12
C_one_step,time_respecting,domain,controlled,random_forest [combined],2.0,0.043049562289103,0.043049562289102984,1152,12
C_one_step,time_respecting,domain,controlled,hist_gradient_boosting [combined],3.0,0.043994139308390565,0.04399413930839057,1152,12
C_one_step,time_respecting,domain,controlled,random_forest [patterns],4.0,0.04503895248030951,0.045038952480309515,1152,12
C_one_step,time_respecting,domain,controlled,extra_trees [patterns],5.0,0.04579858493927084,0.04579858493927084,1152,12
C_one_step,time_respecting,domain,controlled,hist_gradient_boosting [patterns],6.0,0.04628157508285772,0.04628157508285773,1152,12
C_one_step,time_respecting,domain,controlled,extra_trees [occupancy],7.0,0.0550226752503027,0.055022675250302695,1152,12
C_one_step,time_respecting,domain,controlled,random_forest [occupancy],8.0,0.055121609119449064,0.05512160911944906,1152,12
C_one_step,time_respecting,domain,controlled,hist_gradient_boosting [occupancy],9.0,0.056549823516349886,0.0565498235163499,1152,12
C_one_step,time_respecting,domain,controlled,ridge [combined],10.0,0.05920763103164014,0.059207631031640146,1152,12
C_one_step,time_respecting,domain,controlled,ridge [patterns],11.0,0.06045645974695316,0.06045645974695315,1152,12
C_one_step,time_respecting,domain,controlled,ridge [occupancy],12.0,0.06595949404115209,0.06595949404115209,1152,12
C_one_step,time_respecting,domain,controlled,extra_trees [crawl],13.0,0.08329011176172371,0.0832901117617237,1152,12
C_one_step,time_respecting,domain,controlled,random_forest [crawl],14.0,0.09057865697134121,0.0905786569713412,1152,12
C_one_step,time_respecting,domain,controlled,hist_gradient_boosting [crawl],15.0,0.09707133397912499,0.09707133397912497,1152,12
C_one_step,time_respecting,domain,controlled,mask_mle,16.0,0.12388396584246607,0.12388396584246607,1152,12
C_one_step,time_respecting,domain,controlled,ridge [crawl],17.0,0.12823832910324526,0.12823832910324526,1152,12
C_one_step,time_respecting,domain,controlled,plugin,18.0,0.13451812848577996,0.13451812848577996,1152,12
C_one_step,time_respecting,domain,controlled,mean_floor,19.0,0.16923277102397463,0.1692327710239747,1152,12
C_one_step,time_respecting,domain,email,extra_trees [occupancy],1.0,0.07422857670014592,0.07422857670014592,120,1
C_one_step,time_respecting,domain,email,random_forest [occupancy],2.0,0.08123676273617227,0.08123676273617225,120,1
C_one_step,time_respecting,domain,email,hist_gradient_boosting [occupancy],3.0,0.08221540042853186,0.08221540042853186,120,1
C_one_step,time_respecting,domain,email,ridge [occupancy],4.0,0.09240884646725268,0.09240884646725266,120,1
C_one_step,time_respecting,domain,email,extra_trees [crawl],5.0,0.09826788066719247,0.09826788066719246,120,1
C_one_step,time_respecting,domain,email,random_forest [combined],6.0,0.12387130026820008,0.12387130026820009,120,1
C_one_step,time_respecting,domain,email,ridge [combined],7.0,0.1289092240441475,0.1289092240441475,120,1
C_one_step,time_respecting,domain,email,mask_mle,8.0,0.13098275041520427,0.13098275041520427,120,1
C_one_step,time_respecting,domain,email,ridge [crawl],9.0,0.133817520204729,0.13381752020472898,120,1
C_one_step,time_respecting,domain,email,extra_trees [combined],10.0,0.13582172277048485,0.13582172277048482,120,1
C_one_step,time_respecting,domain,email,random_forest [patterns],11.0,0.14400880485658732,0.14400880485658732,120,1
C_one_step,time_respecting,domain,email,hist_gradient_boosting [combined],12.0,0.14549914724467614,0.14549914724467614,120,1
C_one_step,time_respecting,domain,email,hist_gradient_boosting [patterns],13.0,0.14592819970941212,0.1459281997094121,120,1
C_one_step,time_respecting,domain,email,extra_trees [patterns],14.0,0.14886029246422053,0.14886029246422053,120,1
C_one_step,time_respecting,domain,email,random_forest [crawl],15.0,0.14921114503006724,0.14921114503006724,120,1
C_one_step,time_respecting,domain,email,mean_floor,16.0,0.16442472551180448,0.1644247255118045,120,1
C_one_step,time_respecting,domain,email,hist_gradient_boosting [crawl],17.0,0.20332618866805408,0.20332618866805408,120,1
C_one_step,time_respecting,domain,email,ridge [patterns],18.0,0.2254504711512893,0.22545047115128933,120,1
C_one_step,time_respecting,domain,email,plugin,19.0,0.2736470529358475,0.2736470529358475,120,1
C_one_step,time_respecting,domain,mechanistic,extra_trees [combined],1.0,0.07654902818394894,0.071563955296583,1080,18
C_one_step,time_respecting,domain,mechanistic,random_forest [combined],2.0,0.07756448850333723,0.07255535567201257,1080,18
C_one_step,time_respecting,domain,mechanistic,random_forest [patterns],3.0,0.07914121728045542,0.07510525064567748,1080,18
C_one_step,time_respecting,domain,mechanistic,hist_gradient_boosting [combined],4.0,0.07992345614740655,0.07539391561506051,1080,18
C_one_step,time_respecting,domain,mechanistic,extra_trees [patterns],5.0,0.08003076026414754,0.07622850432838131,1080,18
C_one_step,time_respecting,domain,mechanistic,hist_gradient_boosting [patterns],6.0,0.08399193185374121,0.08080217257487568,1080,18
C_one_step,time_respecting,domain,mechanistic,ridge [combined],7.0,0.12139373623537998,0.11948532833511069,1080,18
C_one_step,time_respecting,domain,mechanistic,extra_trees [occupancy],8.0,0.13289146430449503,0.13224114027515924,1080,18
C_one_step,time_respecting,domain,mechanistic,ridge [patterns],9.0,0.13113560749021802,0.13286390833995068,1080,18
C_one_step,time_respecting,domain,mechanistic,random_forest [occupancy],10.0,0.1340675882696197,0.1344650425815859,1080,18
C_one_step,time_respecting,domain,mechanistic,hist_gradient_boosting [occupancy],11.0,0.13485907139678335,0.13690208197883438,1080,18
C_one_step,time_respecting,domain,mechanistic,extra_trees [crawl],12.0,0.16517818360668435,0.14400152383684517,1080,18
C_one_step,time_respecting,domain,mechanistic,random_forest [crawl],13.0,0.18305686366065763,0.16023427532885975,1080,18
C_one_step,time_respecting,domain,mechanistic,hist_gradient_boosting [crawl],14.0,0.18032370532050468,0.16031296705643958,1080,18
C_one_step,time_respecting,domain,mechanistic,ridge [occupancy],15.0,0.16810365068653352,0.1692509379448362,1080,18
C_one_step,time_respecting,domain,mechanistic,mask_mle,16.0,0.18458874947699203,0.19427638850680645,1080,18
C_one_step,time_respecting,domain,mechanistic,ridge [crawl],17.0,0.2431094050882185,0.22795090396380177,1080,18
C_one_step,time_respecting,domain,mechanistic,mean_floor,18.0,0.28679111822443626,0.2668466309015764,1080,18
C_one_step,time_respecting,domain,mechanistic,plugin,19.0,0.3748142015875746,0.3398238191332952,1080,18
C_one_step,time_respecting,domain,messaging,hist_gradient_boosting [combined],1.0,0.0797540681114703,0.07975406811147032,120,1
C_one_step,time_respecting,domain,messaging,random_forest [combined],2.0,0.07977533097489378,0.07977533097489378,120,1
C_one_step,time_respecting,domain,messaging,random_forest [patterns],3.0,0.08173848567580277,0.08173848567580277,120,1
C_one_step,time_respecting,domain,messaging,extra_trees [combined],4.0,0.08301133547355762,0.08301133547355762,120,1
C_one_step,time_respecting,domain,messaging,hist_gradient_boosting [patterns],5.0,0.085966765410536,0.085966765410536,120,1
C_one_step,time_respecting,domain,messaging,extra_trees [patterns],6.0,0.08735477537764916,0.08735477537764916,120,1
C_one_step,time_respecting,domain,messaging,mean_floor,7.0,0.11325223241261272,0.11325223241261274,120,1
C_one_step,time_respecting,domain,messaging,ridge [crawl],8.0,0.1316992285933293,0.1316992285933293,120,1
C_one_step,time_respecting,domain,messaging,hist_gradient_boosting [crawl],9.0,0.14399899988583392,0.14399899988583392,120,1
C_one_step,time_respecting,domain,messaging,extra_trees [crawl],10.0,0.15305464348436798,0.15305464348436795,120,1
C_one_step,time_respecting,domain,messaging,ridge [combined],11.0,0.15412119294571838,0.1541211929457184,120,1
C_one_step,time_respecting,domain,messaging,ridge [patterns],12.0,0.16329364022729376,0.16329364022729376,120,1
C_one_step,time_respecting,domain,messaging,mask_mle,13.0,0.16498321113666467,0.16498321113666473,120,1
C_one_step,time_respecting,domain,messaging,random_forest [crawl],14.0,0.16617834687418098,0.16617834687418098,120,1
C_one_step,time_respecting,domain,messaging,hist_gradient_boosting [occupancy],15.0,0.1699357941369045,0.1699357941369045,120,1
C_one_step,time_respecting,domain,messaging,ridge [occupancy],16.0,0.18211033588046818,0.18211033588046818,120,1
C_one_step,time_respecting,domain,messaging,extra_trees [occupancy],17.0,0.18211163209408293,0.18211163209408293,120,1
C_one_step,time_respecting,domain,messaging,random_forest [occupancy],18.0,0.18719853636632428,0.18719853636632428,120,1
C_one_step,time_respecting,domain,messaging,plugin,19.0,0.1981553978187676,0.19815539781876762,120,1
C_one_step,time_respecting,domain,proximity,hist_gradient_boosting [patterns],1.0,0.11571758851007875,0.11571758851007874,480,4
C_one_step,time_respecting,domain,proximity,hist_gradient_boosting [combined],2.0,0.12463044231705885,0.12463044231705886,480,4
C_one_step,time_respecting,domain,proximity,mask_mle,3.0,0.12616328015790787,0.12616328015790787,480,4
C_one_step,time_respecting,domain,proximity,random_forest [patterns],4.0,0.1273422441381182,0.12734224413811823,480,4
C_one_step,time_respecting,domain,proximity,random_forest [combined],5.0,0.13149623905230046,0.13149623905230046,480,4
C_one_step,time_respecting,domain,proximity,extra_trees [combined],6.0,0.13319079094256367,0.13319079094256367,480,4
C_one_step,time_respecting,domain,proximity,extra_trees [patterns],7.0,0.1359168181918312,0.1359168181918312,480,4
C_one_step,time_respecting,domain,proximity,ridge [patterns],8.0,0.13644226002785131,0.13644226002785131,480,4
C_one_step,time_respecting,domain,proximity,random_forest [occupancy],9.0,0.15346346013612125,0.15346346013612125,480,4
C_one_step,time_respecting,domain,proximity,extra_trees [occupancy],10.0,0.15477506573723504,0.154775065737235,480,4
C_one_step,time_respecting,domain,proximity,ridge [occupancy],11.0,0.15932714273164325,0.15932714273164322,480,4
C_one_step,time_respecting,domain,proximity,hist_gradient_boosting [occupancy],12.0,0.1628508331969627,0.1628508331969627,480,4
C_one_step,time_respecting,domain,proximity,ridge [combined],13.0,0.1647149709192164,0.16471497091921639,480,4
C_one_step,time_respecting,domain,proximity,plugin,14.0,0.1738077658790046,0.17356753067348768,478,4
C_one_step,time_respecting,domain,proximity,mean_floor,15.0,0.20130181251469156,0.20130181251469154,480,4
C_one_step,time_respecting,domain,proximity,ridge [crawl],16.0,0.2418232209462035,0.2418232209462035,480,4
C_one_step,time_respecting,domain,proximity,hist_gradient_boosting [crawl],17.0,0.2479072684442837,0.2479072684442837,480,4
C_one_step,time_respecting,domain,proximity,random_forest [crawl],18.0,0.24864235138899013,0.2486423513889901,480,4
C_one_step,time_respecting,domain,proximity,extra_trees [crawl],19.0,0.2602725790709639,0.2602725790709639,480,4
C_one_step,time_respecting,overall,all,extra_trees [combined],1.0,0.07501701544271379,0.07071802215635954,2952,36
C_one_step,time_respecting,overall,all,random_forest [combined],2.0,0.07483690170559835,0.07089507602827105,2952,36
C_one_step,time_respecting,overall,all,hist_gradient_boosting [combined],3.0,0.075830480785024,0.07246653159433772,2952,36
C_one_step,time_respecting,overall,all,random_forest [patterns],4.0,0.07641305554552573,0.07298550579085478,2952,36
C_one_step,time_respecting,overall,all,extra_trees [patterns],5.0,0.07885469912209442,0.07504384549420301,2952,36
C_one_step,time_respecting,overall,all,hist_gradient_boosting [patterns],6.0,0.07703235067639708,0.07512731462506439,2952,36
C_one_step,time_respecting,overall,all,ridge [combined],7.0,0.10580598311743483,0.10564216064106681,2952,36
C_one_step,time_respecting,overall,all,extra_trees [occupancy],8.0,0.10567810296286707,0.10877925276943524,2952,36
C_one_step,time_respecting,overall,all,random_forest [occupancy],9.0,0.10642540169188087,0.11011442265413657,2952,36
C_one_step,time_respecting,overall,all,hist_gradient_boosting [occupancy],10.0,0.10813676730411774,0.11239971903245845,2952,36
C_one_step,time_respecting,overall,all,ridge [patterns],11.0,0.10955754603547564,0.1125428060714594,2952,36
C_one_step,time_respecting,overall,all,ridge [occupancy],12.0,0.12430779480683558,0.13194051568819914,2952,36
C_one_step,time_respecting,overall,all,extra_trees [crawl],13.0,0.14547160836618386,0.13566448918442536,2952,36
C_one_step,time_respecting,overall,all,random_forest [crawl],14.0,0.15557015355004078,0.14669777047321605,2952,36
C_one_step,time_respecting,overall,all,hist_gradient_boosting [crawl],15.0,0.15828261855346196,0.1497067688082343,2952,36
C_one_step,time_respecting,overall,all,mask_mle,16.0,0.14842292274650823,0.16067226848376692,2952,36
C_one_step,time_respecting,overall,all,ridge [crawl],17.0,0.18910090397430868,0.19096627369917354,2952,36
C_one_step,time_respecting,overall,all,mean_floor,18.0,0.214985320074523,0.2199143560138682,2952,36
C_one_step,time_respecting,overall,all,plugin,19.0,0.23710529759692103,0.24714219054658995,2950,36
rho_W5_k2,recency_biased,budget,100,hist_gradient_boosting [combined],1.0,0.11514493649437867,0.1118502453617338,738,36
rho_W5_k2,recency_biased,budget,100,extra_trees [combined],2.0,0.11624075831907536,0.1142200687733493,738,36
rho_W5_k2,recency_biased,budget,100,random_forest [combined],3.0,0.11872534887626958,0.1179979586230459,738,36
rho_W5_k2,recency_biased,budget,100,hist_gradient_boosting [patterns],4.0,0.12725934464885413,0.12772749724762378,738,36
rho_W5_k2,recency_biased,budget,100,random_forest [patterns],5.0,0.12835694409201523,0.12825096811081524,738,36
rho_W5_k2,recency_biased,budget,100,extra_trees [patterns],6.0,0.12939747466239868,0.1291209263475566,738,36
rho_W5_k2,recency_biased,budget,100,hist_gradient_boosting [occupancy],7.0,0.12739913581458354,0.13252469801921754,738,36
rho_W5_k2,recency_biased,budget,100,random_forest [occupancy],8.0,0.1323776822081647,0.13624557620696265,738,36
rho_W5_k2,recency_biased,budget,100,extra_trees [occupancy],9.0,0.13260651532388323,0.13694746411143605,738,36
rho_W5_k2,recency_biased,budget,100,ridge [combined],10.0,0.14034601845096176,0.14036782128338895,738,36
rho_W5_k2,recency_biased,budget,100,extra_trees [crawl],11.0,0.16213624076116634,0.15366372249034502,738,36
rho_W5_k2,recency_biased,budget,100,hist_gradient_boosting [crawl],12.0,0.16304570449497657,0.1559950342674122,738,36
rho_W5_k2,recency_biased,budget,100,random_forest [crawl],13.0,0.1650419127904887,0.15645033768730712,738,36
rho_W5_k2,recency_biased,budget,100,ridge [occupancy],14.0,0.1437133103527153,0.1575624604073082,738,36
rho_W5_k2,recency_biased,budget,100,ridge [patterns],15.0,0.15311784566562106,0.16039607120671642,738,36
rho_W5_k2,recency_biased,budget,100,ridge [crawl],16.0,0.1950897495866478,0.1960924623718382,738,36
rho_W5_k2,recency_biased,budget,100,mean_floor,17.0,0.20599039699670083,0.20995974043553522,738,36
rho_W5_k2,recency_biased,budget,100,mask_mle,18.0,0.20880105081126907,0.2150297658894418,738,36
rho_W5_k2,recency_biased,budget,100,occ_mle,19.0,0.21438189715694936,0.2232584754391005,738,36
rho_W5_k2,recency_biased,budget,100,beta_mle_lofo,20.0,0.211951887672017,0.22973455890055686,738,36
rho_W5_k2,recency_biased,budget,100,plugin,21.0,0.3968061551143421,0.3994843880791279,738,36
rho_W5_k2,recency_biased,budget,1600,extra_trees [combined],1.0,0.04655539778230286,0.04184932019372624,738,36
rho_W5_k2,recency_biased,budget,1600,random_forest [combined],2.0,0.048042717208530136,0.04285801059686567,738,36
rho_W5_k2,recency_biased,budget,1600,hist_gradient_boosting [combined],3.0,0.04926153974079197,0.044631308171933046,738,36
rho_W5_k2,recency_biased,budget,1600,random_forest [patterns],4.0,0.05511312039220798,0.050769665076874936,738,36
rho_W5_k2,recency_biased,budget,1600,extra_trees [patterns],5.0,0.05400128160030575,0.05100696341237817,738,36
rho_W5_k2,recency_biased,budget,1600,hist_gradient_boosting [patterns],6.0,0.05783601329940099,0.054012528720206794,738,36
rho_W5_k2,recency_biased,budget,1600,random_forest [occupancy],7.0,0.062307119990318766,0.06498139707483712,738,36
rho_W5_k2,recency_biased,budget,1600,extra_trees [occupancy],8.0,0.06339017468553361,0.06538508108579738,738,36
rho_W5_k2,recency_biased,budget,1600,hist_gradient_boosting [occupancy],9.0,0.06716878073481423,0.07069153269147774,738,36
rho_W5_k2,recency_biased,budget,1600,ridge [combined],10.0,0.08276577288122848,0.08021730833616797,738,36
rho_W5_k2,recency_biased,budget,1600,extra_trees [crawl],11.0,0.10252237828705825,0.08929158941892677,738,36
rho_W5_k2,recency_biased,budget,1600,random_forest [crawl],12.0,0.10666973072226468,0.09425102183414014,738,36
rho_W5_k2,recency_biased,budget,1600,ridge [patterns],13.0,0.09009924696317739,0.09679957300697799,738,36
rho_W5_k2,recency_biased,budget,1600,hist_gradient_boosting [crawl],14.0,0.11383506957799466,0.10151882783621596,738,36
rho_W5_k2,recency_biased,budget,1600,mask_mle,15.0,0.09490944963945541,0.10343951423309669,738,36
rho_W5_k2,recency_biased,budget,1600,ridge [occupancy],16.0,0.09378076555666495,0.10581952841251441,738,36
rho_W5_k2,recency_biased,budget,1600,occ_mle,17.0,0.10414996063739622,0.10923249741447129,738,36
rho_W5_k2,recency_biased,budget,1600,beta_mle_lofo,18.0,0.1059664311680597,0.11584081031965694,738,36
rho_W5_k2,recency_biased,budget,1600,ridge [crawl],19.0,0.1574335836445215,0.1570728560659536,738,36
rho_W5_k2,recency_biased,budget,1600,mean_floor,20.0,0.20599039699670083,0.20995974043553522,738,36
rho_W5_k2,recency_biased,budget,1600,plugin,21.0,0.330391539076514,0.33103600860507165,738,36
rho_W5_k2,recency_biased,budget,3200,extra_trees [combined],1.0,0.03856586035615117,0.03326960736170346,738,36
rho_W5_k2,recency_biased,budget,3200,random_forest [combined],2.0,0.041351300023107475,0.03593418363847028,738,36
rho_W5_k2,recency_biased,budget,3200,extra_trees [patterns],3.0,0.04310353461367187,0.0388260905188534,738,36
rho_W5_k2,recency_biased,budget,3200,hist_gradient_boosting [combined],4.0,0.04511755590034932,0.040437690860424966,738,36
rho_W5_k2,recency_biased,budget,3200,random_forest [patterns],5.0,0.045914249662576546,0.04154341608226247,738,36
rho_W5_k2,recency_biased,budget,3200,hist_gradient_boosting [patterns],6.0,0.05219591825040169,0.047918894945818885,738,36
rho_W5_k2,recency_biased,budget,3200,extra_trees [occupancy],7.0,0.05025881884909002,0.04987109039510404,738,36
rho_W5_k2,recency_biased,budget,3200,random_forest [occupancy],8.0,0.0507720033983745,0.05031091251198665,738,36
rho_W5_k2,recency_biased,budget,3200,hist_gradient_boosting [occupancy],9.0,0.057323883531201686,0.057268431556527735,738,36
rho_W5_k2,recency_biased,budget,3200,extra_trees [crawl],10.0,0.08827929595325795,0.07441458617548238,738,36
rho_W5_k2,recency_biased,budget,3200,ridge [combined],11.0,0.0841813388222798,0.07721246544965628,738,36
rho_W5_k2,recency_biased,budget,3200,mask_mle,12.0,0.07705975267053178,0.08519722133179285,738,36
rho_W5_k2,recency_biased,budget,3200,ridge [occupancy],13.0,0.08169675229843515,0.08607201217059726,738,36
rho_W5_k2,recency_biased,budget,3200,ridge [patterns],14.0,0.08525724850091759,0.08624597608176862,738,36
rho_W5_k2,recency_biased,budget,3200,random_forest [crawl],15.0,0.1003147703926554,0.08704149487965301,738,36
rho_W5_k2,recency_biased,budget,3200,occ_mle,16.0,0.08389792732924523,0.0881995128816497,738,36
rho_W5_k2,recency_biased,budget,3200,hist_gradient_boosting [crawl],17.0,0.10521313157722195,0.09368228246030737,738,36
rho_W5_k2,recency_biased,budget,3200,beta_mle_lofo,18.0,0.09051341104762808,0.09862434421300864,738,36
rho_W5_k2,recency_biased,budget,3200,ridge [crawl],19.0,0.1598030963038198,0.1529620127839645,738,36
rho_W5_k2,recency_biased,budget,3200,mean_floor,20.0,0.20599039699670083,0.20995974043553522,738,36
rho_W5_k2,recency_biased,budget,3200,plugin,21.0,0.28670225544106903,0.2850529221486287,738,36
rho_W5_k2,recency_biased,budget,400,hist_gradient_boosting [combined],1.0,0.07850585034096427,0.07456220852068453,738,36
rho_W5_k2,recency_biased,budget,400,extra_trees [combined],2.0,0.07930270515565382,0.07644289143887807,738,36
rho_W5_k2,recency_biased,budget,400,random_forest [combined],3.0,0.08139580480896892,0.07829895081122355,738,36
rho_W5_k2,recency_biased,budget,400,hist_gradient_boosting [patterns],4.0,0.08838760271691881,0.08795971374329331,738,36
rho_W5_k2,recency_biased,budget,400,random_forest [patterns],5.0,0.08958458207782592,0.08873988663654782,738,36
rho_W5_k2,recency_biased,budget,400,extra_trees [patterns],6.0,0.08967889703106519,0.09088365488564147,738,36
rho_W5_k2,recency_biased,budget,400,hist_gradient_boosting [occupancy],7.0,0.10038092698188335,0.10446521977337281,738,36
rho_W5_k2,recency_biased,budget,400,ridge [combined],8.0,0.10305974150505254,0.10490882959380173,738,36
rho_W5_k2,recency_biased,budget,400,extra_trees [occupancy],9.0,0.10083052289283902,0.1057687192802011,738,36
rho_W5_k2,recency_biased,budget,400,random_forest [occupancy],10.0,0.10085551548739424,0.10650558833007179,738,36
rho_W5_k2,recency_biased,budget,400,random_forest [crawl],11.0,0.13764430676214418,0.12823867564086447,738,36
rho_W5_k2,recency_biased,budget,400,ridge [patterns],12.0,0.12037271920225127,0.12827208874444082,738,36
rho_W5_k2,recency_biased,budget,400,extra_trees [crawl],13.0,0.13879794746299695,0.12909108367149277,738,36
rho_W5_k2,recency_biased,budget,400,hist_gradient_boosting [crawl],14.0,0.13759766767724452,0.12930137726291335,738,36
rho_W5_k2,recency_biased,budget,400,ridge [occupancy],15.0,0.12040517177926578,0.1357901452955621,738,36
rho_W5_k2,recency_biased,budget,400,mask_mle,16.0,0.14426421618074914,0.15073965954120505,738,36
rho_W5_k2,recency_biased,budget,400,occ_mle,17.0,0.14824457448636996,0.15113320715411327,738,36
rho_W5_k2,recency_biased,budget,400,beta_mle_lofo,18.0,0.148526644155015,0.16374294683789795,738,36
rho_W5_k2,recency_biased,budget,400,ridge [crawl],19.0,0.18251884915449984,0.18767118953009407,738,36
rho_W5_k2,recency_biased,budget,400,mean_floor,20.0,0.20599039699670083,0.20995974043553522,738,36
rho_W5_k2,recency_biased,budget,400,plugin,21.0,0.3801695903108694,0.38287750223410666,738,36
rho_W5_k2,recency_biased,coverage_band,high(>.15),extra_trees [combined],1.0,0.03575382188771242,0.03180751396827574,1074,34
rho_W5_k2,recency_biased,coverage_band,high(>.15),random_forest [combined],2.0,0.03863026568922882,0.033665644196487036,1074,34
rho_W5_k2,recency_biased,coverage_band,high(>.15),hist_gradient_boosting [combined],3.0,0.040023701117410236,0.03706205051389266,1074,34
rho_W5_k2,recency_biased,coverage_band,high(>.15),extra_trees [patterns],4.0,0.04098002422143573,0.038872117445652714,1074,34
rho_W5_k2,recency_biased,coverage_band,high(>.15),random_forest [patterns],5.0,0.043153488626894825,0.039632820044382656,1074,34
rho_W5_k2,recency_biased,coverage_band,high(>.15),hist_gradient_boosting [patterns],6.0,0.0465953359152986,0.04439442396314396,1074,34
rho_W5_k2,recency_biased,coverage_band,high(>.15),random_forest [occupancy],7.0,0.051066130731076326,0.056927911870219644,1074,34
rho_W5_k2,recency_biased,coverage_band,high(>.15),extra_trees [occupancy],8.0,0.05172990967454882,0.057851386526998935,1074,34
rho_W5_k2,recency_biased,coverage_band,high(>.15),hist_gradient_boosting [occupancy],9.0,0.055549112159430834,0.06342436146902233,1074,34
rho_W5_k2,recency_biased,coverage_band,high(>.15),ridge [combined],10.0,0.08549905612012881,0.07225358237413738,1074,34
rho_W5_k2,recency_biased,coverage_band,high(>.15),ridge [patterns],11.0,0.07887863011889328,0.07879771915068166,1074,34
rho_W5_k2,recency_biased,coverage_band,high(>.15),extra_trees [crawl],12.0,0.09582408366237821,0.08203849801104661,1074,34
rho_W5_k2,recency_biased,coverage_band,high(>.15),ridge [occupancy],13.0,0.07917480450926427,0.08624028291633173,1074,34
rho_W5_k2,recency_biased,coverage_band,high(>.15),random_forest [crawl],14.0,0.10646612980577025,0.0919029344184714,1074,34
rho_W5_k2,recency_biased,coverage_band,high(>.15),mask_mle,15.0,0.07927277938594657,0.0998811903681004,1074,34
rho_W5_k2,recency_biased,coverage_band,high(>.15),hist_gradient_boosting [crawl],16.0,0.10815255814990528,0.10044431434861091,1074,34
rho_W5_k2,recency_biased,coverage_band,high(>.15),occ_mle,17.0,0.08251068216800407,0.10153517177680527,1074,34
rho_W5_k2,recency_biased,coverage_band,high(>.15),beta_mle_lofo,18.0,0.08812689752439906,0.108127758111,1074,34
rho_W5_k2,recency_biased,coverage_band,high(>.15),ridge [crawl],19.0,0.17301357308935505,0.17019940529446664,1074,34
rho_W5_k2,recency_biased,coverage_band,high(>.15),mean_floor,20.0,0.21145300679976328,0.19756797307404347,1074,34
rho_W5_k2,recency_biased,coverage_band,high(>.15),plugin,21.0,0.320229105918702,0.3394045678570735,1074,34
rho_W5_k2,recency_biased,coverage_band,low(<.02),extra_trees [combined],1.0,0.12042285454416597,0.11677893909161112,467,26
rho_W5_k2,recency_biased,coverage_band,low(<.02),hist_gradient_boosting [combined],2.0,0.12319639810810382,0.11765693934917304,467,26
rho_W5_k2,recency_biased,coverage_band,low(<.02),hist_gradient_boosting [patterns],3.0,0.13623060589604188,0.11920753010695344,467,26
rho_W5_k2,recency_biased,coverage_band,low(<.02),random_forest [combined],4.0,0.12229669256586942,0.12172178471882293,467,26
rho_W5_k2,recency_biased,coverage_band,low(<.02),random_forest [patterns],5.0,0.1330533517741719,0.12663149189398304,467,26
rho_W5_k2,recency_biased,coverage_band,low(<.02),extra_trees [patterns],6.0,0.13408698313678777,0.1312279082685831,467,26
rho_W5_k2,recency_biased,coverage_band,low(<.02),ridge [combined],7.0,0.1412004077574659,0.14412597139462757,467,26
rho_W5_k2,recency_biased,coverage_band,low(<.02),hist_gradient_boosting [occupancy],8.0,0.13537833047809342,0.1541133332324016,467,26
rho_W5_k2,recency_biased,coverage_band,low(<.02),extra_trees [occupancy],9.0,0.13924597221467264,0.15557914613528442,467,26
rho_W5_k2,recency_biased,coverage_band,low(<.02),random_forest [occupancy],10.0,0.13927887776086126,0.15782407562617837,467,26
rho_W5_k2,recency_biased,coverage_band,low(<.02),extra_trees [crawl],11.0,0.158995052758868,0.1608256066307057,467,26
rho_W5_k2,recency_biased,coverage_band,low(<.02),hist_gradient_boosting [crawl],12.0,0.16304300815664233,0.16860334012720937,467,26
rho_W5_k2,recency_biased,coverage_band,low(<.02),random_forest [crawl],13.0,0.1620220362658713,0.16863224441620517,467,26
rho_W5_k2,recency_biased,coverage_band,low(<.02),ridge [patterns],14.0,0.16893130363020442,0.17254746961906547,467,26
rho_W5_k2,recency_biased,coverage_band,low(<.02),ridge [occupancy],15.0,0.1526614944727892,0.1804192433565978,467,26
rho_W5_k2,recency_biased,coverage_band,low(<.02),ridge [crawl],16.0,0.18392714876554098,0.20204397328106502,467,26
rho_W5_k2,recency_biased,coverage_band,low(<.02),beta_mle_lofo,17.0,0.2200479058818122,0.2152239885162267,467,26
rho_W5_k2,recency_biased,coverage_band,low(<.02),occ_mle,18.0,0.22307614248382496,0.2227855507992445,467,26
rho_W5_k2,recency_biased,coverage_band,low(<.02),mean_floor,19.0,0.19967152025650547,0.2276983927232728,467,26
rho_W5_k2,recency_biased,coverage_band,low(<.02),mask_mle,20.0,0.20973526556922018,0.2280998503141266,467,26
rho_W5_k2,recency_biased,coverage_band,low(<.02),plugin,21.0,0.3919613615917494,0.3735651470622602,467,26
rho_W5_k2,recency_biased,coverage_band,mid,hist_gradient_boosting [combined],1.0,0.07941026247417594,0.07672694033564015,1411,36
rho_W5_k2,recency_biased,coverage_band,mid,extra_trees [combined],2.0,0.07972607141814356,0.07876338419538063,1411,36
rho_W5_k2,recency_biased,coverage_band,mid,random_forest [combined],3.0,0.0815455247045796,0.08097000796772066,1411,36
rho_W5_k2,recency_biased,coverage_band,mid,hist_gradient_boosting [patterns],4.0,0.08978591701857729,0.09034425438022956,1411,36
rho_W5_k2,recency_biased,coverage_band,mid,random_forest [patterns],5.0,0.08994775574057436,0.09052706204927222,1411,36
rho_W5_k2,recency_biased,coverage_band,mid,extra_trees [patterns],6.0,0.08980194864421681,0.09201110211498972,1411,36
rho_W5_k2,recency_biased,coverage_band,mid,extra_trees [occupancy],7.0,0.09607632843215853,0.10279402026982136,1411,36
rho_W5_k2,recency_biased,coverage_band,mid,hist_gradient_boosting [occupancy],8.0,0.09716218694515519,0.10333135210713155,1411,36
rho_W5_k2,recency_biased,coverage_band,mid,random_forest [occupancy],9.0,0.09616600470636423,0.10371053739102674,1411,36
rho_W5_k2,recency_biased,coverage_band,mid,ridge [combined],10.0,0.10281633067964051,0.10709095473951355,1411,36
rho_W5_k2,recency_biased,coverage_band,mid,extra_trees [crawl],11.0,0.1316338136123319,0.12349125943704593,1411,36
rho_W5_k2,recency_biased,coverage_band,mid,random_forest [crawl],12.0,0.13191217399368882,0.1244250851159108,1411,36
rho_W5_k2,recency_biased,coverage_band,mid,hist_gradient_boosting [crawl],13.0,0.13553185602657603,0.1283751079050498,1411,36
rho_W5_k2,recency_biased,coverage_band,mid,ridge [patterns],14.0,0.11881117149680724,0.13158307051736062,1411,36
rho_W5_k2,recency_biased,coverage_band,mid,ridge [occupancy],15.0,0.1191319560798891,0.1398371835551704,1411,36
rho_W5_k2,recency_biased,coverage_band,mid,mask_mle,16.0,0.1448547868628969,0.1542627101572907,1411,36
rho_W5_k2,recency_biased,coverage_band,mid,occ_mle,17.0,0.15138529142719234,0.15724163856099072,1411,36
rho_W5_k2,recency_biased,coverage_band,mid,beta_mle_lofo,18.0,0.15139944723991233,0.16554225844581708,1411,36
rho_W5_k2,recency_biased,coverage_band,mid,ridge [crawl],19.0,0.1708612754793536,0.17974543866257703,1411,36
rho_W5_k2,recency_biased,coverage_band,mid,mean_floor,20.0,0.2039238289663551,0.21526910132793442,1411,36
rho_W5_k2,recency_biased,coverage_band,mid,plugin,21.0,0.35567066254978696,0.37332198014729767,1411,36
rho_W5_k2,recency_biased,data_block,mechanistic_activity,extra_trees [crawl],1.0,0.03387707164454707,0.03387707164454707,216,6
rho_W5_k2,recency_biased,data_block,mechanistic_activity,random_forest [crawl],2.0,0.03867221649171587,0.03867221649171587,216,6
rho_W5_k2,recency_biased,data_block,mechanistic_activity,hist_gradient_boosting [combined],3.0,0.050159087563934536,0.05015908756393453,216,6
rho_W5_k2,recency_biased,data_block,mechanistic_activity,hist_gradient_boosting [crawl],4.0,0.05020426658074104,0.05020426658074104,216,6
rho_W5_k2,recency_biased,data_block,mechanistic_activity,extra_trees [combined],5.0,0.05473655627949329,0.05473655627949328,216,6
rho_W5_k2,recency_biased,data_block,mechanistic_activity,random_forest [combined],6.0,0.05853047062601156,0.05853047062601157,216,6
rho_W5_k2,recency_biased,data_block,mechanistic_activity,random_forest [patterns],7.0,0.07689660594330607,0.07689660594330607,216,6
rho_W5_k2,recency_biased,data_block,mechanistic_activity,hist_gradient_boosting [patterns],8.0,0.08261837273308675,0.08261837273308675,216,6
rho_W5_k2,recency_biased,data_block,mechanistic_activity,extra_trees [patterns],9.0,0.08406066410794547,0.08406066410794548,216,6
rho_W5_k2,recency_biased,data_block,mechanistic_activity,ridge [combined],10.0,0.11080816132620919,0.11080816132620919,216,6
rho_W5_k2,recency_biased,data_block,mechanistic_activity,extra_trees [occupancy],11.0,0.12445387419766982,0.12445387419766983,216,6
rho_W5_k2,recency_biased,data_block,mechanistic_activity,random_forest [occupancy],12.0,0.12590051943077232,0.12590051943077232,216,6
rho_W5_k2,recency_biased,data_block,mechanistic_activity,hist_gradient_boosting [occupancy],13.0,0.13028117371582318,0.13028117371582318,216,6
rho_W5_k2,recency_biased,data_block,mechanistic_activity,ridge [crawl],14.0,0.15135959683937047,0.15135959683937047,216,6
rho_W5_k2,recency_biased,data_block,mechanistic_activity,mean_floor,15.0,0.18840720221874255,0.18840720221874255,216,6
rho_W5_k2,recency_biased,data_block,mechanistic_activity,occ_mle,16.0,0.19237062278730685,0.19237062278730685,216,6
rho_W5_k2,recency_biased,data_block,mechanistic_activity,mask_mle,17.0,0.1936801858051521,0.19368018580515212,216,6
rho_W5_k2,recency_biased,data_block,mechanistic_activity,ridge [patterns],18.0,0.19752145220104128,0.19752145220104125,216,6
rho_W5_k2,recency_biased,data_block,mechanistic_activity,plugin,19.0,0.21527851049106364,0.2152785104910636,216,6
rho_W5_k2,recency_biased,data_block,mechanistic_activity,ridge [occupancy],20.0,0.22058313700726354,0.2205831370072636,216,6
rho_W5_k2,recency_biased,data_block,mechanistic_activity,beta_mle_lofo,21.0,0.27735537893431195,0.277355378934312,216,6
rho_W5_k2,recency_biased,data_block,mechanistic_dar,extra_trees [combined],1.0,0.06275252569663554,0.06275252569663554,864,12
rho_W5_k2,recency_biased,data_block,mechanistic_dar,random_forest [combined],2.0,0.0645227491286758,0.0645227491286758,864,12
rho_W5_k2,recency_biased,data_block,mechanistic_dar,hist_gradient_boosting [combined],3.0,0.06648685126177771,0.06648685126177771,864,12
rho_W5_k2,recency_biased,data_block,mechanistic_dar,extra_trees [patterns],4.0,0.07072759568174256,0.07072759568174256,864,12
rho_W5_k2,recency_biased,data_block,mechanistic_dar,random_forest [patterns],5.0,0.07234859009121333,0.07234859009121332,864,12
rho_W5_k2,recency_biased,data_block,mechanistic_dar,hist_gradient_boosting [patterns],6.0,0.07445213520396449,0.07445213520396447,864,12
rho_W5_k2,recency_biased,data_block,mechanistic_dar,random_forest [occupancy],7.0,0.08458259393487966,0.08458259393487966,864,12
rho_W5_k2,recency_biased,data_block,mechanistic_dar,extra_trees [occupancy],8.0,0.0847954084072432,0.08479540840724321,864,12
rho_W5_k2,recency_biased,data_block,mechanistic_dar,hist_gradient_boosting [occupancy],9.0,0.08586542604664746,0.08586542604664747,864,12
rho_W5_k2,recency_biased,data_block,mechanistic_dar,ridge [combined],10.0,0.0967354521042201,0.09673545210422012,864,12
rho_W5_k2,recency_biased,data_block,mechanistic_dar,ridge [patterns],11.0,0.10028764958811776,0.10028764958811774,864,12
rho_W5_k2,recency_biased,data_block,mechanistic_dar,ridge [occupancy],12.0,0.11519806777808939,0.1151980677780894,864,12
rho_W5_k2,recency_biased,data_block,mechanistic_dar,extra_trees [crawl],13.0,0.12644356237948381,0.12644356237948381,864,12
rho_W5_k2,recency_biased,data_block,mechanistic_dar,beta_mle_lofo,14.0,0.12926139001633408,0.12926139001633405,864,12
rho_W5_k2,recency_biased,data_block,mechanistic_dar,random_forest [crawl],15.0,0.13387313123774403,0.13387313123774403,864,12
rho_W5_k2,recency_biased,data_block,mechanistic_dar,hist_gradient_boosting [crawl],16.0,0.13420401150232072,0.13420401150232072,864,12
rho_W5_k2,recency_biased,data_block,mechanistic_dar,occ_mle,17.0,0.13614465810495383,0.13614465810495383,864,12
rho_W5_k2,recency_biased,data_block,mechanistic_dar,mask_mle,18.0,0.1451920477350561,0.14519204773505606,864,12
rho_W5_k2,recency_biased,data_block,mechanistic_dar,ridge [crawl],19.0,0.19982299342745138,0.19982299342745136,864,12
rho_W5_k2,recency_biased,data_block,mechanistic_dar,mean_floor,20.0,0.26195544802524845,0.26195544802524845,864,12
rho_W5_k2,recency_biased,data_block,mechanistic_dar,plugin,21.0,0.5142404699117041,0.5142404699117041,864,12
rho_W5_k2,recency_biased,data_block,real_controlled,extra_trees [combined],1.0,0.11116625607262638,0.11116625607262641,432,6
rho_W5_k2,recency_biased,data_block,real_controlled,random_forest [occupancy],2.0,0.11315579352161977,0.11315579352161977,432,6
rho_W5_k2,recency_biased,data_block,real_controlled,extra_trees [occupancy],3.0,0.11364883456138743,0.11364883456138741,432,6
rho_W5_k2,recency_biased,data_block,real_controlled,hist_gradient_boosting [combined],4.0,0.11442485934943102,0.11442485934943103,432,6
rho_W5_k2,recency_biased,data_block,real_controlled,hist_gradient_boosting [occupancy],5.0,0.11676711310555803,0.11676711310555803,432,6
rho_W5_k2,recency_biased,data_block,real_controlled,extra_trees [patterns],6.0,0.11833392869795735,0.11833392869795738,432,6
rho_W5_k2,recency_biased,data_block,real_controlled,random_forest [combined],7.0,0.1184715784237925,0.11847157842379248,432,6
rho_W5_k2,recency_biased,data_block,real_controlled,ridge [occupancy],8.0,0.11968865603040052,0.11968865603040052,432,6
rho_W5_k2,recency_biased,data_block,real_controlled,hist_gradient_boosting [patterns],9.0,0.12210540506584466,0.12210540506584466,432,6
rho_W5_k2,recency_biased,data_block,real_controlled,random_forest [patterns],10.0,0.12450210707996294,0.12450210707996294,432,6
rho_W5_k2,recency_biased,data_block,real_controlled,mask_mle,11.0,0.13214376254272445,0.13214376254272447,432,6
rho_W5_k2,recency_biased,data_block,real_controlled,beta_mle_lofo,12.0,0.1442161192235255,0.1442161192235255,432,6
rho_W5_k2,recency_biased,data_block,real_controlled,occ_mle,13.0,0.14427057221675532,0.14427057221675535,432,6
rho_W5_k2,recency_biased,data_block,real_controlled,ridge [patterns],14.0,0.15352859457087614,0.15352859457087617,432,6
rho_W5_k2,recency_biased,data_block,real_controlled,ridge [combined],15.0,0.16070146421089154,0.16070146421089157,432,6
rho_W5_k2,recency_biased,data_block,real_controlled,hist_gradient_boosting [crawl],16.0,0.1620414143509027,0.16204141435090266,432,6
rho_W5_k2,recency_biased,data_block,real_controlled,ridge [crawl],17.0,0.17087636495798292,0.1708763649579829,432,6
rho_W5_k2,recency_biased,data_block,real_controlled,mean_floor,18.0,0.1782145177625851,0.17821451776258512,432,6
rho_W5_k2,recency_biased,data_block,real_controlled,random_forest [crawl],19.0,0.18035118940156536,0.1803511894015654,432,6
rho_W5_k2,recency_biased,data_block,real_controlled,extra_trees [crawl],20.0,0.1812347238497075,0.18123472384970749,432,6
rho_W5_k2,recency_biased,data_block,real_controlled,plugin,21.0,0.24740788545051953,0.24740788545051953,432,6
rho_W5_k2,recency_biased,data_block,real_empirical,random_forest [combined],1.0,0.0957197040563325,0.0957197040563325,72,6
rho_W5_k2,recency_biased,data_block,real_empirical,extra_trees [combined],2.0,0.10344055749797187,0.10344055749797187,72,6
rho_W5_k2,recency_biased,data_block,real_empirical,random_forest [patterns],3.0,0.10410670025428669,0.1041067002542867,72,6
rho_W5_k2,recency_biased,data_block,real_empirical,mean_floor,4.0,0.10611441324204729,0.10611441324204729,72,6
rho_W5_k2,recency_biased,data_block,real_empirical,extra_trees [occupancy],5.0,0.107387294044636,0.10738729404463597,72,6
rho_W5_k2,recency_biased,data_block,real_empirical,random_forest [occupancy],6.0,0.10775396934343837,0.10775396934343835,72,6
rho_W5_k2,recency_biased,data_block,real_empirical,hist_gradient_boosting [combined],7.0,0.10908401154396673,0.10908401154396674,72,6
rho_W5_k2,recency_biased,data_block,real_empirical,extra_trees [patterns],8.0,0.10989937488833358,0.10989937488833357,72,6
rho_W5_k2,recency_biased,data_block,real_empirical,hist_gradient_boosting [occupancy],9.0,0.11559039640219004,0.11559039640219004,72,6
rho_W5_k2,recency_biased,data_block,real_empirical,occ_mle,10.0,0.11692133311951897,0.11692133311951895,72,6
rho_W5_k2,recency_biased,data_block,real_empirical,mask_mle,11.0,0.11969771290117055,0.11969771290117055,72,6
rho_W5_k2,recency_biased,data_block,real_empirical,ridge [occupancy],12.0,0.12171289799245003,0.12171289799245005,72,6
rho_W5_k2,recency_biased,data_block,real_empirical,hist_gradient_boosting [crawl],13.0,0.12231896397181602,0.12231896397181603,72,6
rho_W5_k2,recency_biased,data_block,real_empirical,random_forest [crawl],14.0,0.12484845509002218,0.12484845509002217,72,6
rho_W5_k2,recency_biased,data_block,real_empirical,hist_gradient_boosting [patterns],15.0,0.12625189095451742,0.12625189095451742,72,6
rho_W5_k2,recency_biased,data_block,real_empirical,ridge [crawl],16.0,0.1305201957596892,0.13052019575968915,72,6
rho_W5_k2,recency_biased,data_block,real_empirical,beta_mle_lofo,17.0,0.14240857388329153,0.14240857388329153,72,6
rho_W5_k2,recency_biased,data_block,real_empirical,extra_trees [crawl],18.0,0.14441358606195898,0.14441358606195898,72,6
rho_W5_k2,recency_biased,data_block,real_empirical,ridge [patterns],19.0,0.16593796364701935,0.16593796364701932,72,6
rho_W5_k2,recency_biased,data_block,real_empirical,ridge [combined],20.0,0.16650132994400252,0.16650132994400255,72,6
rho_W5_k2,recency_biased,data_block,real_empirical,plugin,21.0,0.2785437372623629,0.27854373726236287,72,6
rho_W5_k2,recency_biased,data_block,real_shuffle,hist_gradient_boosting [combined],1.0,0.08690844957553384,0.08690844957553384,216,6
rho_W5_k2,recency_biased,data_block,real_shuffle,random_forest [combined],2.0,0.09315795431276522,0.09315795431276519,216,6
rho_W5_k2,recency_biased,data_block,real_shuffle,extra_trees [combined],3.0,0.09672668120084334,0.09672668120084332,216,6
rho_W5_k2,recency_biased,data_block,real_shuffle,random_forest [patterns],4.0,0.10239579493163094,0.10239579493163094,216,6
rho_W5_k2,recency_biased,data_block,real_shuffle,extra_trees [patterns],5.0,0.10339777988266921,0.10339777988266922,216,6
rho_W5_k2,recency_biased,data_block,real_shuffle,hist_gradient_boosting [occupancy],6.0,0.10504304276982826,0.10504304276982825,216,6
rho_W5_k2,recency_biased,data_block,real_shuffle,random_forest [occupancy],7.0,0.10612471404339249,0.1061247140433925,216,6
rho_W5_k2,recency_biased,data_block,real_shuffle,extra_trees [occupancy],8.0,0.10926418552593704,0.10926418552593703,216,6
rho_W5_k2,recency_biased,data_block,real_shuffle,hist_gradient_boosting [patterns],9.0,0.1098473886878527,0.10984738868785267,216,6
rho_W5_k2,recency_biased,data_block,real_shuffle,ridge [occupancy],10.0,0.13111372291583775,0.13111372291583775,216,6
rho_W5_k2,recency_biased,data_block,real_shuffle,ridge [combined],11.0,0.1474673842666385,0.1474673842666385,216,6
rho_W5_k2,recency_biased,data_block,real_shuffle,occ_mle,12.0,0.1540844406706982,0.1540844406706982,216,6
rho_W5_k2,recency_biased,data_block,real_shuffle,mask_mle,13.0,0.15897740122266557,0.15897740122266557,216,6
rho_W5_k2,recency_biased,data_block,real_shuffle,ridge [patterns],14.0,0.18575635511173377,0.1857563551117338,216,6
rho_W5_k2,recency_biased,data_block,real_shuffle,extra_trees [crawl],15.0,0.18592671849096817,0.18592671849096817,216,6
rho_W5_k2,recency_biased,data_block,real_shuffle,beta_mle_lofo,16.0,0.19298801262740006,0.19298801262740004,216,6
rho_W5_k2,recency_biased,data_block,real_shuffle,random_forest [crawl],17.0,0.1996816924141886,0.19968169241418862,216,6
rho_W5_k2,recency_biased,data_block,real_shuffle,ridge [crawl],18.0,0.2025268972503299,0.20252689725032988,216,6
rho_W5_k2,recency_biased,data_block,real_shuffle,mean_floor,19.0,0.20386039198373226,0.20386039198373226,216,6
rho_W5_k2,recency_biased,data_block,real_shuffle,hist_gradient_boosting [crawl],20.0,0.21632042263598528,0.21632042263598528,216,6
rho_W5_k2,recency_biased,data_block,real_shuffle,plugin,21.0,0.4809319228657706,0.4809319228657705,216,6
rho_W5_k2,recency_biased,data_block,synthetic_controlled,extra_trees [combined],1.0,0.0561847051125476,0.05618470511254759,1152,12
rho_W5_k2,recency_biased,data_block,synthetic_controlled,random_forest [combined],2.0,0.05822769143365331,0.05822769143365333,1152,12
rho_W5_k2,recency_biased,data_block,synthetic_controlled,hist_gradient_boosting [combined],3.0,0.05922676882397954,0.059226768823979536,1152,12
rho_W5_k2,recency_biased,data_block,synthetic_controlled,hist_gradient_boosting [patterns],4.0,0.06303133005154206,0.06303133005154206,1152,12
rho_W5_k2,recency_biased,data_block,synthetic_controlled,extra_trees [patterns],5.0,0.06311548430140265,0.06311548430140265,1152,12
rho_W5_k2,recency_biased,data_block,synthetic_controlled,random_forest [patterns],6.0,0.06326572249056113,0.06326572249056113,1152,12
rho_W5_k2,recency_biased,data_block,synthetic_controlled,extra_trees [occupancy],7.0,0.06560327774878723,0.06560327774878723,1152,12
rho_W5_k2,recency_biased,data_block,synthetic_controlled,random_forest [occupancy],8.0,0.06574660831246111,0.06574660831246111,1152,12
rho_W5_k2,recency_biased,data_block,synthetic_controlled,hist_gradient_boosting [occupancy],9.0,0.06614028845863668,0.06614028845863666,1152,12
rho_W5_k2,recency_biased,data_block,synthetic_controlled,ridge [combined],10.0,0.07123467232947316,0.07123467232947314,1152,12
rho_W5_k2,recency_biased,data_block,synthetic_controlled,ridge [patterns],11.0,0.07251797627091564,0.07251797627091564,1152,12
rho_W5_k2,recency_biased,data_block,synthetic_controlled,ridge [occupancy],12.0,0.07678417328664701,0.07678417328664701,1152,12
rho_W5_k2,recency_biased,data_block,synthetic_controlled,extra_trees [crawl],13.0,0.10198353388377245,0.10198353388377242,1152,12
rho_W5_k2,recency_biased,data_block,synthetic_controlled,mask_mle,14.0,0.1042978555177445,0.1042978555177445,1152,12
rho_W5_k2,recency_biased,data_block,synthetic_controlled,random_forest [crawl],15.0,0.1059768746107726,0.10597687461077258,1152,12
rho_W5_k2,recency_biased,data_block,synthetic_controlled,beta_mle_lofo,16.0,0.10868444936451802,0.108684449364518,1152,12
rho_W5_k2,recency_biased,data_block,synthetic_controlled,hist_gradient_boosting [crawl],17.0,0.11389056067818605,0.11389056067818604,1152,12
rho_W5_k2,recency_biased,data_block,synthetic_controlled,occ_mle,18.0,0.1242978957467866,0.12429789574678657,1152,12
rho_W5_k2,recency_biased,data_block,synthetic_controlled,ridge [crawl],19.0,0.1566781448538224,0.1566781448538224,1152,12
rho_W5_k2,recency_biased,data_block,synthetic_controlled,mean_floor,20.0,0.1843710373835482,0.1843710373835482,1152,12
rho_W5_k2,recency_biased,data_block,synthetic_controlled,plugin,21.0,0.2666690497148257,0.2666690497148257,1152,12
rho_W5_k2,recency_biased,domain,controlled,extra_trees [combined],1.0,0.0561847051125476,0.05618470511254759,1152,12
rho_W5_k2,recency_biased,domain,controlled,random_forest [combined],2.0,0.05822769143365331,0.05822769143365333,1152,12
rho_W5_k2,recency_biased,domain,controlled,hist_gradient_boosting [combined],3.0,0.05922676882397954,0.059226768823979536,1152,12
rho_W5_k2,recency_biased,domain,controlled,hist_gradient_boosting [patterns],4.0,0.06303133005154206,0.06303133005154206,1152,12
rho_W5_k2,recency_biased,domain,controlled,extra_trees [patterns],5.0,0.06311548430140265,0.06311548430140265,1152,12
rho_W5_k2,recency_biased,domain,controlled,random_forest [patterns],6.0,0.06326572249056113,0.06326572249056113,1152,12
rho_W5_k2,recency_biased,domain,controlled,extra_trees [occupancy],7.0,0.06560327774878723,0.06560327774878723,1152,12
rho_W5_k2,recency_biased,domain,controlled,random_forest [occupancy],8.0,0.06574660831246111,0.06574660831246111,1152,12
rho_W5_k2,recency_biased,domain,controlled,hist_gradient_boosting [occupancy],9.0,0.06614028845863668,0.06614028845863666,1152,12
rho_W5_k2,recency_biased,domain,controlled,ridge [combined],10.0,0.07123467232947316,0.07123467232947314,1152,12
rho_W5_k2,recency_biased,domain,controlled,ridge [patterns],11.0,0.07251797627091564,0.07251797627091564,1152,12
rho_W5_k2,recency_biased,domain,controlled,ridge [occupancy],12.0,0.07678417328664701,0.07678417328664701,1152,12
rho_W5_k2,recency_biased,domain,controlled,extra_trees [crawl],13.0,0.10198353388377245,0.10198353388377242,1152,12
rho_W5_k2,recency_biased,domain,controlled,mask_mle,14.0,0.1042978555177445,0.1042978555177445,1152,12
rho_W5_k2,recency_biased,domain,controlled,random_forest [crawl],15.0,0.1059768746107726,0.10597687461077258,1152,12
rho_W5_k2,recency_biased,domain,controlled,beta_mle_lofo,16.0,0.10868444936451802,0.108684449364518,1152,12
rho_W5_k2,recency_biased,domain,controlled,hist_gradient_boosting [crawl],17.0,0.11389056067818605,0.11389056067818604,1152,12
rho_W5_k2,recency_biased,domain,controlled,occ_mle,18.0,0.1242978957467866,0.12429789574678657,1152,12
rho_W5_k2,recency_biased,domain,controlled,ridge [crawl],19.0,0.1566781448538224,0.1566781448538224,1152,12
rho_W5_k2,recency_biased,domain,controlled,mean_floor,20.0,0.1843710373835482,0.1843710373835482,1152,12
rho_W5_k2,recency_biased,domain,controlled,plugin,21.0,0.2666690497148257,0.2666690497148257,1152,12
rho_W5_k2,recency_biased,domain,email,ridge [combined],1.0,0.11284619533587907,0.11284619533587907,120,1
rho_W5_k2,recency_biased,domain,email,ridge [occupancy],2.0,0.1131434991993595,0.1131434991993595,120,1
rho_W5_k2,recency_biased,domain,email,random_forest [occupancy],3.0,0.1186636439544257,0.1186636439544257,120,1
rho_W5_k2,recency_biased,domain,email,extra_trees [occupancy],4.0,0.12183628739665804,0.12183628739665804,120,1
rho_W5_k2,recency_biased,domain,email,extra_trees [combined],5.0,0.12617246802540735,0.12617246802540735,120,1
rho_W5_k2,recency_biased,domain,email,random_forest [combined],6.0,0.12635701777513295,0.12635701777513295,120,1
rho_W5_k2,recency_biased,domain,email,hist_gradient_boosting [occupancy],7.0,0.1280712128743673,0.1280712128743673,120,1
rho_W5_k2,recency_biased,domain,email,extra_trees [crawl],8.0,0.1339032164234977,0.1339032164234977,120,1
rho_W5_k2,recency_biased,domain,email,hist_gradient_boosting [combined],9.0,0.1374192654858924,0.13741926548589242,120,1
rho_W5_k2,recency_biased,domain,email,random_forest [crawl],10.0,0.14552485213249644,0.14552485213249644,120,1
rho_W5_k2,recency_biased,domain,email,mask_mle,11.0,0.15231103486604597,0.15231103486604594,120,1
rho_W5_k2,recency_biased,domain,email,random_forest [patterns],12.0,0.15527542935005212,0.15527542935005212,120,1
rho_W5_k2,recency_biased,domain,email,extra_trees [patterns],13.0,0.15686594333561413,0.15686594333561413,120,1
rho_W5_k2,recency_biased,domain,email,occ_mle,14.0,0.15765774725241546,0.15765774725241546,120,1
rho_W5_k2,recency_biased,domain,email,hist_gradient_boosting [patterns],15.0,0.1728388581723772,0.1728388581723772,120,1
rho_W5_k2,recency_biased,domain,email,ridge [crawl],16.0,0.17337405406658474,0.1733740540665847,120,1
rho_W5_k2,recency_biased,domain,email,beta_mle_lofo,17.0,0.17337645734607599,0.17337645734607599,120,1
rho_W5_k2,recency_biased,domain,email,hist_gradient_boosting [crawl],18.0,0.17908759319586942,0.17908759319586945,120,1
rho_W5_k2,recency_biased,domain,email,mean_floor,19.0,0.1922013100152259,0.19220131001522583,120,1
rho_W5_k2,recency_biased,domain,email,ridge [patterns],20.0,0.26406446986127946,0.2640644698612795,120,1
rho_W5_k2,recency_biased,domain,email,plugin,21.0,0.3761114172996823,0.3761114172996823,120,1
rho_W5_k2,recency_biased,domain,mechanistic,extra_trees [combined],1.0,0.061149331813207086,0.060080535890921466,1080,18
rho_W5_k2,recency_biased,domain,mechanistic,hist_gradient_boosting [combined],2.0,0.06322129852220908,0.06104426336249665,1080,18
rho_W5_k2,recency_biased,domain,mechanistic,random_forest [combined],3.0,0.06332429342814294,0.06252532296112105,1080,18
rho_W5_k2,recency_biased,domain,mechanistic,random_forest [patterns],4.0,0.07325819326163187,0.07386459537524424,1080,18
rho_W5_k2,recency_biased,domain,mechanistic,extra_trees [patterns],5.0,0.07339420936698314,0.07517195182381019,1080,18
rho_W5_k2,recency_biased,domain,mechanistic,hist_gradient_boosting [patterns],6.0,0.07608538270978892,0.07717421438033857,1080,18
rho_W5_k2,recency_biased,domain,mechanistic,extra_trees [crawl],7.0,0.10793026423249646,0.09558806546783823,1080,18
rho_W5_k2,recency_biased,domain,mechanistic,extra_trees [occupancy],8.0,0.09272710156532853,0.09801489700405208,1080,18
rho_W5_k2,recency_biased,domain,mechanistic,random_forest [occupancy],9.0,0.09284617903405819,0.0983552357668439,1080,18
rho_W5_k2,recency_biased,domain,mechanistic,hist_gradient_boosting [occupancy],10.0,0.09474857558048261,0.10067067526970602,1080,18
rho_W5_k2,recency_biased,domain,mechanistic,ridge [combined],11.0,0.09954999394861791,0.10142635517821647,1080,18
rho_W5_k2,recency_biased,domain,mechanistic,random_forest [crawl],12.0,0.11483294828853839,0.10213949298906796,1080,18
rho_W5_k2,recency_biased,domain,mechanistic,hist_gradient_boosting [crawl],13.0,0.1174040625180048,0.10620409652846084,1080,18
rho_W5_k2,recency_biased,domain,mechanistic,ridge [patterns],14.0,0.11973441011070245,0.1326989171257589,1080,18
rho_W5_k2,recency_biased,domain,mechanistic,ridge [occupancy],15.0,0.1362750816239242,0.1503264241878141,1080,18
rho_W5_k2,recency_biased,domain,mechanistic,occ_mle,16.0,0.14738985104142444,0.15488664633240481,1080,18
rho_W5_k2,recency_biased,domain,mechanistic,mask_mle,17.0,0.1548896753490753,0.1613547604250881,1080,18
rho_W5_k2,recency_biased,domain,mechanistic,beta_mle_lofo,18.0,0.15888018779992966,0.1786260529889934,1080,18
rho_W5_k2,recency_biased,domain,mechanistic,ridge [crawl],19.0,0.1901303141098352,0.18366852789809107,1080,18
rho_W5_k2,recency_biased,domain,mechanistic,mean_floor,20.0,0.2472457988639472,0.23743936608974645,1080,18
rho_W5_k2,recency_biased,domain,mechanistic,plugin,21.0,0.45444807802757603,0.41458648343815724,1080,18
rho_W5_k2,recency_biased,domain,messaging,ridge [patterns],1.0,0.10917991913265872,0.10917991913265872,120,1
rho_W5_k2,recency_biased,domain,messaging,ridge [combined],2.0,0.11625325440962658,0.1162532544096266,120,1
rho_W5_k2,recency_biased,domain,messaging,extra_trees [patterns],3.0,0.12607022759533582,0.12607022759533582,120,1
rho_W5_k2,recency_biased,domain,messaging,random_forest [patterns],4.0,0.1269371958259979,0.1269371958259979,120,1
rho_W5_k2,recency_biased,domain,messaging,hist_gradient_boosting [patterns],5.0,0.1352420454072553,0.13524204540725526,120,1
rho_W5_k2,recency_biased,domain,messaging,hist_gradient_boosting [combined],6.0,0.13664032288478953,0.1366403228847895,120,1
rho_W5_k2,recency_biased,domain,messaging,ridge [crawl],7.0,0.1376572890485796,0.1376572890485796,120,1
rho_W5_k2,recency_biased,domain,messaging,extra_trees [combined],8.0,0.1410182393317569,0.1410182393317569,120,1
rho_W5_k2,recency_biased,domain,messaging,random_forest [combined],9.0,0.14175069562929024,0.1417506956292902,120,1
rho_W5_k2,recency_biased,domain,messaging,extra_trees [crawl],10.0,0.15560009675269998,0.1556000967527,120,1
rho_W5_k2,recency_biased,domain,messaging,mean_floor,11.0,0.16168521462639113,0.1616852146263911,120,1
rho_W5_k2,recency_biased,domain,messaging,hist_gradient_boosting [crawl],12.0,0.1621060473481096,0.16210604734810957,120,1
rho_W5_k2,recency_biased,domain,messaging,mask_mle,13.0,0.16861854719296113,0.16861854719296113,120,1
rho_W5_k2,recency_biased,domain,messaging,random_forest [crawl],14.0,0.16866165025309493,0.16866165025309493,120,1
rho_W5_k2,recency_biased,domain,messaging,ridge [occupancy],15.0,0.16952454602591352,0.16952454602591352,120,1
rho_W5_k2,recency_biased,domain,messaging,occ_mle,16.0,0.1764460140373941,0.17644601403739413,120,1
rho_W5_k2,recency_biased,domain,messaging,hist_gradient_boosting [occupancy],17.0,0.17837547634979486,0.17837547634979486,120,1
rho_W5_k2,recency_biased,domain,messaging,extra_trees [occupancy],18.0,0.17887491088893512,0.17887491088893512,120,1
rho_W5_k2,recency_biased,domain,messaging,random_forest [occupancy],19.0,0.17915533074564866,0.17915533074564866,120,1
rho_W5_k2,recency_biased,domain,messaging,beta_mle_lofo,20.0,0.24310213567170594,0.24310213567170594,120,1
rho_W5_k2,recency_biased,domain,messaging,plugin,21.0,0.27731987750221504,0.27731987750221504,120,1
rho_W5_k2,recency_biased,domain,proximity,hist_gradient_boosting [combined],1.0,0.08993888036240268,0.08993888036240268,480,4
rho_W5_k2,recency_biased,domain,proximity,random_forest [occupancy],2.0,0.09130468721548159,0.09130468721548159,480,4
rho_W5_k2,recency_biased,domain,proximity,extra_trees [combined],3.0,0.09229504379114797,0.09229504379114797,480,4
rho_W5_k2,recency_biased,domain,proximity,extra_trees [occupancy],4.0,0.09238312912721745,0.09238312912721745,480,4
rho_W5_k2,recency_biased,domain,proximity,hist_gradient_boosting [occupancy],5.0,0.09308665819571288,0.09308665819571289,480,4
rho_W5_k2,recency_biased,domain,proximity,random_forest [combined],6.0,0.09587652727950167,0.09587652727950166,480,4
rho_W5_k2,recency_biased,domain,proximity,extra_trees [patterns],7.0,0.09878040027587533,0.09878040027587534,480,4
rho_W5_k2,recency_biased,domain,proximity,hist_gradient_boosting [patterns],8.0,0.10124374721706338,0.10124374721706339,480,4
rho_W5_k2,recency_biased,domain,proximity,random_forest [patterns],9.0,0.10319285283533104,0.10319285283533106,480,4
rho_W5_k2,recency_biased,domain,proximity,ridge [occupancy],10.0,0.11431088913203673,0.11431088913203671,480,4
rho_W5_k2,recency_biased,domain,proximity,mask_mle,11.0,0.12819147825907531,0.12819147825907534,480,4
rho_W5_k2,recency_biased,domain,proximity,occ_mle,12.0,0.13319377294236942,0.13319377294236945,480,4
rho_W5_k2,recency_biased,domain,proximity,beta_mle_lofo,13.0,0.1338807508115512,0.13388075081155124,480,4
rho_W5_k2,recency_biased,domain,proximity,ridge [patterns],14.0,0.1533456922126371,0.15334569221263708,480,4
rho_W5_k2,recency_biased,domain,proximity,hist_gradient_boosting [crawl],15.0,0.17623089756178345,0.17623089756178345,480,4
rho_W5_k2,recency_biased,domain,proximity,ridge [combined],16.0,0.17869197776501367,0.1786919777650137,480,4
rho_W5_k2,recency_biased,domain,proximity,mean_floor,17.0,0.17957577320490897,0.17957577320490897,480,4
rho_W5_k2,recency_biased,domain,proximity,ridge [crawl],18.0,0.18674602580999536,0.1867460258099954,480,4
rho_W5_k2,recency_biased,domain,proximity,random_forest [crawl],19.0,0.19235347471489922,0.19235347471489922,480,4
rho_W5_k2,recency_biased,domain,proximity,extra_trees [crawl],20.0,0.19606448440091687,0.19606448440091687,480,4
rho_W5_k2,recency_biased,domain,proximity,plugin,21.0,0.31751019908394446,0.31751019908394446,480,4
rho_W5_k2,recency_biased,overall,all,extra_trees [combined],1.0,0.07016618040329581,0.06644547194191426,2952,36
rho_W5_k2,recency_biased,overall,all,hist_gradient_boosting [combined],2.0,0.07200747061912106,0.06787036322869407,2952,36
rho_W5_k2,recency_biased,overall,all,random_forest [combined],3.0,0.07237879272921903,0.06877227591740134,2952,36
rho_W5_k2,recency_biased,overall,all,random_forest [patterns],4.0,0.07974222405615643,0.0773259839766251,2952,36
rho_W5_k2,recency_biased,overall,all,extra_trees [patterns],5.0,0.07904529697686037,0.07745940879110741,2952,36
rho_W5_k2,recency_biased,overall,all,hist_gradient_boosting [patterns],6.0,0.08141971972889389,0.0794046586642357,2952,36
rho_W5_k2,recency_biased,overall,all,extra_trees [occupancy],7.0,0.08677150793783646,0.08949308871813463,2952,36
rho_W5_k2,recency_biased,overall,all,random_forest [occupancy],8.0,0.08657808027106303,0.08951086853096454,2952,36
rho_W5_k2,recency_biased,overall,all,hist_gradient_boosting [occupancy],9.0,0.0880681817656207,0.09123747051014895,2952,36
rho_W5_k2,recency_biased,overall,all,ridge [combined],10.0,0.10258821791488064,0.10067660616575373,2952,36
rho_W5_k2,recency_biased,overall,all,extra_trees [crawl],11.0,0.12293396561611987,0.11161524543906173,2952,36
rho_W5_k2,recency_biased,overall,all,random_forest [crawl],12.0,0.12741768016688823,0.1164953825104912,2952,36
rho_W5_k2,recency_biased,overall,all,ridge [patterns],13.0,0.11221176508299183,0.11792842725997597,2952,36
rho_W5_k2,recency_biased,overall,all,hist_gradient_boosting [crawl],14.0,0.12992289333185944,0.12012438045671223,2952,36
rho_W5_k2,recency_biased,overall,all,ridge [occupancy],15.0,0.1098989999967703,0.1213110365714955,2952,36
rho_W5_k2,recency_biased,overall,all,mask_mle,16.0,0.13125861732550134,0.13860154024888413,2952,36
rho_W5_k2,recency_biased,overall,all,occ_mle,17.0,0.13766858990249017,0.14295592322233372,2952,36
rho_W5_k2,recency_biased,overall,all,beta_mle_lofo,18.0,0.13923959351067994,0.1519856650677801,2952,36
rho_W5_k2,recency_biased,overall,all,ridge [crawl],19.0,0.17371131967237224,0.17344963018796258,2952,36
rho_W5_k2,recency_biased,overall,all,mean_floor,20.0,0.20599039699670083,0.20995974043553522,2952,36
rho_W5_k2,recency_biased,overall,all,plugin,21.0,0.3485173849856987,0.3496127052667337,2952,36
rho_W5_k2,recent_history,budget,100,extra_trees [combined],1.0,0.11586743621965459,0.11087567837916312,738,36
rho_W5_k2,recent_history,budget,100,hist_gradient_boosting [combined],2.0,0.11809786040498982,0.11315601178600262,738,36
rho_W5_k2,recent_history,budget,100,random_forest [combined],3.0,0.1182277220622787,0.11551018886959213,738,36
rho_W5_k2,recent_history,budget,100,hist_gradient_boosting [occupancy],4.0,0.11935297863756046,0.11825117296022748,738,36
rho_W5_k2,recent_history,budget,100,random_forest [occupancy],5.0,0.12359114471824853,0.12252956375517228,738,36
rho_W5_k2,recent_history,budget,100,hist_gradient_boosting [patterns],6.0,0.12283456068047877,0.12282939679405055,738,36
rho_W5_k2,recent_history,budget,100,random_forest [patterns],7.0,0.12792870603349765,0.12764855941650669,738,36
rho_W5_k2,recent_history,budget,100,extra_trees [occupancy],8.0,0.12808797092519633,0.1278247511389862,738,36
rho_W5_k2,recent_history,budget,100,extra_trees [patterns],9.0,0.12878174911344104,0.12798284143229888,738,36
rho_W5_k2,recent_history,budget,100,ridge [combined],10.0,0.13653589347693568,0.13481178313666478,738,36
rho_W5_k2,recent_history,budget,100,random_forest [crawl],11.0,0.16619368432190318,0.15516963435631287,738,36
rho_W5_k2,recent_history,budget,100,extra_trees [crawl],12.0,0.16699693552799408,0.1556608386928182,738,36
rho_W5_k2,recent_history,budget,100,ridge [occupancy],13.0,0.14601602103779834,0.15770412913803442,738,36
rho_W5_k2,recent_history,budget,100,ridge [patterns],14.0,0.15125372173738544,0.1578708012778198,738,36
rho_W5_k2,recent_history,budget,100,hist_gradient_boosting [crawl],15.0,0.1692198153449825,0.1600746664302406,738,36
rho_W5_k2,recent_history,budget,100,mask_mle,16.0,0.18441097843801182,0.19224957211961827,738,36
rho_W5_k2,recent_history,budget,100,ridge [crawl],17.0,0.19856397722196562,0.20176502300053167,738,36
rho_W5_k2,recent_history,budget,100,beta_mle_lofo,18.0,0.1877542543189346,0.20190238870256264,738,36
rho_W5_k2,recent_history,budget,100,occ_mle,19.0,0.19180895336436782,0.20280193987087347,738,36
rho_W5_k2,recent_history,budget,100,mean_floor,20.0,0.20599039699670083,0.20995974043553522,738,36
rho_W5_k2,recent_history,budget,100,plugin,21.0,0.39262834436104976,0.39430416551133496,738,36
rho_W5_k2,recent_history,budget,1600,extra_trees [combined],1.0,0.04237009113253818,0.037706735180799617,738,36
rho_W5_k2,recent_history,budget,1600,random_forest [combined],2.0,0.04318327396094407,0.03852215229623433,738,36
rho_W5_k2,recent_history,budget,1600,hist_gradient_boosting [combined],3.0,0.050776925100403277,0.04572046380427272,738,36
rho_W5_k2,recent_history,budget,1600,random_forest [patterns],4.0,0.05210391312365392,0.04899475622085801,738,36
rho_W5_k2,recent_history,budget,1600,extra_trees [patterns],5.0,0.052579052175636624,0.04954058207975137,738,36
rho_W5_k2,recent_history,budget,1600,extra_trees [occupancy],6.0,0.048436954256686975,0.05017566246226949,738,36
rho_W5_k2,recent_history,budget,1600,random_forest [occupancy],7.0,0.0487554823189339,0.05051420052478975,738,36
rho_W5_k2,recent_history,budget,1600,hist_gradient_boosting [patterns],8.0,0.05638609030440318,0.0531662754780627,738,36
rho_W5_k2,recent_history,budget,1600,hist_gradient_boosting [occupancy],9.0,0.05168790964857255,0.055015683506572224,738,36
rho_W5_k2,recent_history,budget,1600,ridge [combined],10.0,0.07098419794563064,0.06639129253753265,738,36
rho_W5_k2,recent_history,budget,1600,occ_mle,11.0,0.07600815153205673,0.07701844739032421,738,36
rho_W5_k2,recent_history,budget,1600,ridge [patterns],12.0,0.07775612886978105,0.0785761763637642,738,36
rho_W5_k2,recent_history,budget,1600,beta_mle_lofo,13.0,0.0773372131086732,0.07881635099508211,738,36
rho_W5_k2,recent_history,budget,1600,ridge [occupancy],14.0,0.07584936213274014,0.08269056928333701,738,36
rho_W5_k2,recent_history,budget,1600,mask_mle,15.0,0.08001474281564801,0.08781884401298157,738,36
rho_W5_k2,recent_history,budget,1600,extra_trees [crawl],16.0,0.11114446380855625,0.0950346282747149,738,36
rho_W5_k2,recent_history,budget,1600,random_forest [crawl],17.0,0.11315974388966368,0.09782069163956077,738,36
rho_W5_k2,recent_history,budget,1600,hist_gradient_boosting [crawl],18.0,0.11764575287702782,0.10468759031816775,738,36
rho_W5_k2,recent_history,budget,1600,ridge [crawl],19.0,0.15885719383784544,0.15622667120477388,738,36
rho_W5_k2,recent_history,budget,1600,mean_floor,20.0,0.20599039699670083,0.20995974043553522,738,36
rho_W5_k2,recent_history,budget,1600,plugin,21.0,0.3193999665130879,0.32111916684567626,738,36
rho_W5_k2,recent_history,budget,3200,extra_trees [combined],1.0,0.03270211184559459,0.028857673430950796,738,36
rho_W5_k2,recent_history,budget,3200,random_forest [combined],2.0,0.03528286576746661,0.032045909979727234,738,36
rho_W5_k2,recent_history,budget,3200,extra_trees [occupancy],3.0,0.03626591197363308,0.03745255742219091,738,36
rho_W5_k2,recent_history,budget,3200,extra_trees [patterns],4.0,0.041880665599997036,0.037749050760682294,738,36
rho_W5_k2,recent_history,budget,3200,random_forest [patterns],5.0,0.04196707817659182,0.0384450688188234,738,36
rho_W5_k2,recent_history,budget,3200,random_forest [occupancy],6.0,0.03769962287895973,0.03872893539742426,738,36
rho_W5_k2,recent_history,budget,3200,hist_gradient_boosting [combined],7.0,0.04284444698920648,0.038735457724796814,738,36
rho_W5_k2,recent_history,budget,3200,hist_gradient_boosting [occupancy],8.0,0.04103831363511723,0.0433048661447908,738,36
rho_W5_k2,recent_history,budget,3200,hist_gradient_boosting [patterns],9.0,0.04778537470475131,0.044117381011070815,738,36
rho_W5_k2,recent_history,budget,3200,ridge [combined],10.0,0.07067579217434282,0.06435061149809557,738,36
rho_W5_k2,recent_history,budget,3200,occ_mle,11.0,0.06543825694980425,0.06692134698631952,738,36
rho_W5_k2,recent_history,budget,3200,ridge [patterns],12.0,0.06947323655744725,0.06937113758506597,738,36
rho_W5_k2,recent_history,budget,3200,ridge [occupancy],13.0,0.06492650239654327,0.07013020230305776,738,36
rho_W5_k2,recent_history,budget,3200,beta_mle_lofo,14.0,0.06961572627479967,0.07161403816811451,738,36
rho_W5_k2,recent_history,budget,3200,mask_mle,15.0,0.07623022135693527,0.08433953970321814,738,36
rho_W5_k2,recent_history,budget,3200,extra_trees [crawl],16.0,0.10254564998819966,0.08616274908310319,738,36
rho_W5_k2,recent_history,budget,3200,random_forest [crawl],17.0,0.10857494414319702,0.09323048181968475,738,36
rho_W5_k2,recent_history,budget,3200,hist_gradient_boosting [crawl],18.0,0.11580524384657115,0.10046981747391209,738,36
rho_W5_k2,recent_history,budget,3200,ridge [crawl],19.0,0.161735903625202,0.15206899496497026,738,36
rho_W5_k2,recent_history,budget,3200,mean_floor,20.0,0.20599039699670083,0.20995974043553522,738,36
rho_W5_k2,recent_history,budget,3200,plugin,21.0,0.2742534863078388,0.2737860024702125,738,36
rho_W5_k2,recent_history,budget,400,extra_trees [combined],1.0,0.07606827349995056,0.06994395185476295,738,36
rho_W5_k2,recent_history,budget,400,hist_gradient_boosting [combined],2.0,0.0792252525545445,0.07084982777737273,738,36
rho_W5_k2,recent_history,budget,400,random_forest [combined],3.0,0.07975972481408584,0.07346901610795095,738,36
rho_W5_k2,recent_history,budget,400,hist_gradient_boosting [patterns],4.0,0.0855228623454123,0.08364697784721328,738,36
rho_W5_k2,recent_history,budget,400,extra_trees [occupancy],5.0,0.08438535855544889,0.08714004424925051,738,36
rho_W5_k2,recent_history,budget,400,random_forest [patterns],6.0,0.0895080131643951,0.08772196902207746,738,36
rho_W5_k2,recent_history,budget,400,extra_trees [patterns],7.0,0.08925604890446917,0.08868522622613094,738,36
rho_W5_k2,recent_history,budget,400,random_forest [occupancy],8.0,0.0866962333391478,0.08932930278549549,738,36
rho_W5_k2,recent_history,budget,400,ridge [combined],9.0,0.09495456214758986,0.09086011602093261,738,36
rho_W5_k2,recent_history,budget,400,hist_gradient_boosting [occupancy],10.0,0.08927995838834814,0.09133248671759425,738,36
rho_W5_k2,recent_history,budget,400,ridge [patterns],11.0,0.11101389094446852,0.11510736582951148,738,36
rho_W5_k2,recent_history,budget,400,occ_mle,12.0,0.11339188106782294,0.1166561872485367,738,36
rho_W5_k2,recent_history,budget,400,mask_mle,13.0,0.11203656270553725,0.12002080091879844,738,36
rho_W5_k2,recent_history,budget,400,beta_mle_lofo,14.0,0.11385181583386346,0.12053922982632909,738,36
rho_W5_k2,recent_history,budget,400,extra_trees [crawl],15.0,0.13637794396060587,0.12224041047266093,738,36
rho_W5_k2,recent_history,budget,400,ridge [occupancy],16.0,0.11221186818001126,0.12439845529084789,738,36
rho_W5_k2,recent_history,budget,400,random_forest [crawl],17.0,0.13983474248805566,0.12674999272888357,738,36
rho_W5_k2,recent_history,budget,400,hist_gradient_boosting [crawl],18.0,0.1408088814903733,0.1299631888249438,738,36
rho_W5_k2,recent_history,budget,400,ridge [crawl],19.0,0.1809206701078144,0.18338155539729661,738,36
rho_W5_k2,recent_history,budget,400,mean_floor,20.0,0.20599039699670083,0.20995974043553522,738,36
rho_W5_k2,recent_history,budget,400,plugin,21.0,0.37143100702633175,0.3737492209149756,738,36
rho_W5_k2,recent_history,coverage_band,high(>.15),extra_trees [combined],1.0,0.03772364044684499,0.03160704269783064,1146,35
rho_W5_k2,recent_history,coverage_band,high(>.15),random_forest [combined],2.0,0.039434003683096186,0.03364685237490475,1146,35
rho_W5_k2,recent_history,coverage_band,high(>.15),hist_gradient_boosting [combined],3.0,0.04620127930476268,0.04062226293750722,1146,35
rho_W5_k2,recent_history,coverage_band,high(>.15),extra_trees [occupancy],4.0,0.04244971440830611,0.04235559174329158,1146,35
rho_W5_k2,recent_history,coverage_band,high(>.15),random_forest [patterns],5.0,0.046359889871452946,0.042406726882505345,1146,35
rho_W5_k2,recent_history,coverage_band,high(>.15),extra_trees [patterns],6.0,0.046154639063040244,0.04242972534871343,1146,35
rho_W5_k2,recent_history,coverage_band,high(>.15),random_forest [occupancy],7.0,0.0436196709609472,0.0428862040383579,1146,35
rho_W5_k2,recent_history,coverage_band,high(>.15),hist_gradient_boosting [patterns],8.0,0.049299716600886695,0.0469470998015703,1146,35
rho_W5_k2,recent_history,coverage_band,high(>.15),hist_gradient_boosting [occupancy],9.0,0.04660032390226066,0.04780062981686503,1146,35
rho_W5_k2,recent_history,coverage_band,high(>.15),ridge [combined],10.0,0.06997681836467992,0.060636250964718294,1146,35
rho_W5_k2,recent_history,coverage_band,high(>.15),ridge [occupancy],11.0,0.06403828580420581,0.06472869394032177,1146,35
rho_W5_k2,recent_history,coverage_band,high(>.15),ridge [patterns],12.0,0.06741792431310525,0.06719863502867744,1146,35
rho_W5_k2,recent_history,coverage_band,high(>.15),occ_mle,13.0,0.0651208103483273,0.0733817281053304,1146,35
rho_W5_k2,recent_history,coverage_band,high(>.15),beta_mle_lofo,14.0,0.06836989145852072,0.07658415861712638,1146,35
rho_W5_k2,recent_history,coverage_band,high(>.15),extra_trees [crawl],15.0,0.10354002681154835,0.08739392064467615,1146,35
rho_W5_k2,recent_history,coverage_band,high(>.15),mask_mle,16.0,0.08125517213845737,0.09174222451812218,1146,35
rho_W5_k2,recent_history,coverage_band,high(>.15),random_forest [crawl],17.0,0.112650867083362,0.09740580246974977,1146,35
rho_W5_k2,recent_history,coverage_band,high(>.15),hist_gradient_boosting [crawl],18.0,0.11694386199140644,0.10391826530446183,1146,35
rho_W5_k2,recent_history,coverage_band,high(>.15),ridge [crawl],19.0,0.1677513631340896,0.16519735713740186,1146,35
rho_W5_k2,recent_history,coverage_band,high(>.15),mean_floor,20.0,0.21311644453562145,0.20193376278780345,1146,35
rho_W5_k2,recent_history,coverage_band,high(>.15),plugin,21.0,0.29922507781544755,0.3153923505317216,1146,35
rho_W5_k2,recent_history,coverage_band,low(<.02),extra_trees [combined],1.0,0.1184082705606044,0.10027101937827862,454,26
rho_W5_k2,recent_history,coverage_band,low(<.02),hist_gradient_boosting [combined],2.0,0.1196111213246739,0.10047927681785157,454,26
rho_W5_k2,recent_history,coverage_band,low(<.02),random_forest [combined],3.0,0.12105769200912234,0.10599686514729968,454,26
rho_W5_k2,recent_history,coverage_band,low(<.02),hist_gradient_boosting [occupancy],4.0,0.12364327614773837,0.10693616924883934,454,26
rho_W5_k2,recent_history,coverage_band,low(<.02),hist_gradient_boosting [patterns],5.0,0.1241331926600809,0.11610048384411903,454,26
rho_W5_k2,recent_history,coverage_band,low(<.02),random_forest [patterns],6.0,0.1301299003440457,0.11923886690914168,454,26
rho_W5_k2,recent_history,coverage_band,low(<.02),random_forest [occupancy],7.0,0.125993539091792,0.12229369506379782,454,26
rho_W5_k2,recent_history,coverage_band,low(<.02),extra_trees [patterns],8.0,0.13212778248077484,0.12394462032650133,454,26
rho_W5_k2,recent_history,coverage_band,low(<.02),extra_trees [occupancy],9.0,0.13036674161486836,0.12480536045925893,454,26
rho_W5_k2,recent_history,coverage_band,low(<.02),extra_trees [crawl],10.0,0.15893864188549278,0.1332915570297087,454,26
rho_W5_k2,recent_history,coverage_band,low(<.02),random_forest [crawl],11.0,0.1563896467675343,0.13443266200131843,454,26
rho_W5_k2,recent_history,coverage_band,low(<.02),ridge [combined],12.0,0.13730757664361026,0.13561606121405628,454,26
rho_W5_k2,recent_history,coverage_band,low(<.02),hist_gradient_boosting [crawl],13.0,0.16240605692186572,0.13797391117343538,454,26
rho_W5_k2,recent_history,coverage_band,low(<.02),ridge [patterns],14.0,0.16669003621836734,0.1765875108672274,454,26
rho_W5_k2,recent_history,coverage_band,low(<.02),ridge [occupancy],15.0,0.16092892655136637,0.18688039582561183,454,26
rho_W5_k2,recent_history,coverage_band,low(<.02),ridge [crawl],16.0,0.19398785881190425,0.20028985371756583,454,26
rho_W5_k2,recent_history,coverage_band,low(<.02),occ_mle,17.0,0.20826427226442543,0.21493986902477505,454,26
rho_W5_k2,recent_history,coverage_band,low(<.02),mask_mle,18.0,0.2013221430365593,0.21625367201728957,454,26
rho_W5_k2,recent_history,coverage_band,low(<.02),beta_mle_lofo,19.0,0.20602625825474744,0.2168232110269906,454,26
rho_W5_k2,recent_history,coverage_band,low(<.02),mean_floor,20.0,0.2040358781242281,0.23122299999712695,454,26
rho_W5_k2,recent_history,coverage_band,low(<.02),plugin,21.0,0.38561279650472985,0.3686321796222375,454,26
rho_W5_k2,recent_history,coverage_band,mid,extra_trees [combined],1.0,0.07401123726651762,0.07288343048437868,1352,36
rho_W5_k2,recent_history,coverage_band,mid,hist_gradient_boosting [combined],2.0,0.07948736301894108,0.07535613605331204,1352,36
rho_W5_k2,recent_history,coverage_band,mid,random_forest [combined],3.0,0.07682780068147511,0.07569492995188705,1352,36
rho_W5_k2,recent_history,coverage_band,mid,hist_gradient_boosting [patterns],4.0,0.0871245374834103,0.08910494523514649,1352,36
rho_W5_k2,recent_history,coverage_band,mid,random_forest [patterns],5.0,0.08704532677421922,0.0897526043410559,1352,36
rho_W5_k2,recent_history,coverage_band,mid,random_forest [occupancy],6.0,0.08269729509873147,0.09026778337582132,1352,36
rho_W5_k2,recent_history,coverage_band,mid,extra_trees [occupancy],7.0,0.08245721821717701,0.09048417959347,1352,36
rho_W5_k2,recent_history,coverage_band,mid,hist_gradient_boosting [occupancy],8.0,0.08348006046258852,0.09073124930889435,1352,36
rho_W5_k2,recent_history,coverage_band,mid,extra_trees [patterns],9.0,0.08708871083070968,0.09074255086078586,1352,36
rho_W5_k2,recent_history,coverage_band,mid,ridge [combined],10.0,0.0982647598500873,0.0951757586926114,1352,36
rho_W5_k2,recent_history,coverage_band,mid,ridge [patterns],11.0,0.1104072131202258,0.11787114927578263,1352,36
rho_W5_k2,recent_history,coverage_band,mid,mask_mle,12.0,0.11062750644529262,0.12147480553227916,1352,36
rho_W5_k2,recent_history,coverage_band,mid,occ_mle,13.0,0.11867251257643342,0.12509812964054742,1352,36
rho_W5_k2,recent_history,coverage_band,mid,beta_mle_lofo,14.0,0.1177135593037336,0.12513365186181058,1352,36
rho_W5_k2,recent_history,coverage_band,mid,ridge [occupancy],15.0,0.10947867017708168,0.1266167915739541,1352,36
rho_W5_k2,recent_history,coverage_band,mid,extra_trees [crawl],16.0,0.1411086914959649,0.12752624411652402,1352,36
rho_W5_k2,recent_history,coverage_band,mid,random_forest [crawl],17.0,0.140081646038467,0.12856975511802735,1352,36
rho_W5_k2,recent_history,coverage_band,mid,hist_gradient_boosting [crawl],18.0,0.14300147793034748,0.133132466039383,1352,36
rho_W5_k2,recent_history,coverage_band,mid,ridge [crawl],19.0,0.17481052189706764,0.1792627761844568,1352,36
rho_W5_k2,recent_history,coverage_band,mid,mean_floor,20.0,0.20060644809766212,0.20939375804652435,1352,36
rho_W5_k2,recent_history,coverage_band,mid,plugin,21.0,0.3579969679852672,0.3735790404111503,1352,36
rho_W5_k2,recent_history,data_block,mechanistic_activity,extra_trees [crawl],1.0,0.02908332921426217,0.029083329214262165,216,6
rho_W5_k2,recent_history,data_block,mechanistic_activity,random_forest [crawl],2.0,0.031159956036243757,0.031159956036243757,216,6
rho_W5_k2,recent_history,data_block,mechanistic_activity,hist_gradient_boosting [crawl],3.0,0.04117884101962851,0.04117884101962851,216,6
rho_W5_k2,recent_history,data_block,mechanistic_activity,hist_gradient_boosting [combined],4.0,0.043236831504249715,0.04323683150424972,216,6
rho_W5_k2,recent_history,data_block,mechanistic_activity,extra_trees [combined],5.0,0.04371979336868961,0.04371979336868961,216,6
rho_W5_k2,recent_history,data_block,mechanistic_activity,random_forest [combined],6.0,0.05102014402912924,0.05102014402912924,216,6
rho_W5_k2,recent_history,data_block,mechanistic_activity,hist_gradient_boosting [patterns],7.0,0.07541071474598825,0.07541071474598822,216,6
rho_W5_k2,recent_history,data_block,mechanistic_activity,random_forest [patterns],8.0,0.07791004204720092,0.07791004204720092,216,6
rho_W5_k2,recent_history,data_block,mechanistic_activity,extra_trees [patterns],9.0,0.08124558362506408,0.08124558362506407,216,6
rho_W5_k2,recent_history,data_block,mechanistic_activity,ridge [combined],10.0,0.0831694766334401,0.0831694766334401,216,6
rho_W5_k2,recent_history,data_block,mechanistic_activity,random_forest [occupancy],11.0,0.09908157756506114,0.09908157756506115,216,6
rho_W5_k2,recent_history,data_block,mechanistic_activity,extra_trees [occupancy],12.0,0.09933505995405266,0.09933505995405266,216,6
rho_W5_k2,recent_history,data_block,mechanistic_activity,hist_gradient_boosting [occupancy],13.0,0.10240937848189512,0.10240937848189513,216,6
rho_W5_k2,recent_history,data_block,mechanistic_activity,ridge [crawl],14.0,0.14388066976783095,0.14388066976783095,216,6
rho_W5_k2,recent_history,data_block,mechanistic_activity,ridge [patterns],15.0,0.15980069547855894,0.15980069547855894,216,6
rho_W5_k2,recent_history,data_block,mechanistic_activity,occ_mle,16.0,0.18656788469870655,0.18656788469870653,216,6
rho_W5_k2,recent_history,data_block,mechanistic_activity,mean_floor,17.0,0.18840720221874255,0.18840720221874255,216,6
rho_W5_k2,recent_history,data_block,mechanistic_activity,ridge [occupancy],18.0,0.1897642111066654,0.1897642111066654,216,6
rho_W5_k2,recent_history,data_block,mechanistic_activity,mask_mle,19.0,0.20284629357509645,0.20284629357509645,216,6
rho_W5_k2,recent_history,data_block,mechanistic_activity,plugin,20.0,0.20626282787938147,0.20626282787938144,216,6
rho_W5_k2,recent_history,data_block,mechanistic_activity,beta_mle_lofo,21.0,0.20880463561249785,0.20880463561249785,216,6
rho_W5_k2,recent_history,data_block,mechanistic_dar,extra_trees [combined],1.0,0.05587670751311644,0.05587670751311646,864,12
rho_W5_k2,recent_history,data_block,mechanistic_dar,random_forest [combined],2.0,0.059316057140862084,0.05931605714086208,864,12
rho_W5_k2,recent_history,data_block,mechanistic_dar,hist_gradient_boosting [combined],3.0,0.06307609217945177,0.06307609217945179,864,12
rho_W5_k2,recent_history,data_block,mechanistic_dar,random_forest [occupancy],4.0,0.06703467244700853,0.06703467244700852,864,12
rho_W5_k2,recent_history,data_block,mechanistic_dar,extra_trees [patterns],5.0,0.06893923956943163,0.06893923956943164,864,12
rho_W5_k2,recent_history,data_block,mechanistic_dar,extra_trees [occupancy],6.0,0.06898724613548549,0.06898724613548547,864,12
rho_W5_k2,recent_history,data_block,mechanistic_dar,hist_gradient_boosting [occupancy],7.0,0.07029179199245918,0.07029179199245918,864,12
rho_W5_k2,recent_history,data_block,mechanistic_dar,random_forest [patterns],8.0,0.0703457900052695,0.07034579000526951,864,12
rho_W5_k2,recent_history,data_block,mechanistic_dar,hist_gradient_boosting [patterns],9.0,0.0728140427182636,0.0728140427182636,864,12
rho_W5_k2,recent_history,data_block,mechanistic_dar,ridge [combined],10.0,0.0813316671111443,0.08133166711114428,864,12
rho_W5_k2,recent_history,data_block,mechanistic_dar,beta_mle_lofo,11.0,0.08604310750244003,0.08604310750244,864,12
rho_W5_k2,recent_history,data_block,mechanistic_dar,ridge [patterns],12.0,0.08898698738905358,0.08898698738905357,864,12
rho_W5_k2,recent_history,data_block,mechanistic_dar,occ_mle,13.0,0.0891947018946898,0.08919470189468981,864,12
rho_W5_k2,recent_history,data_block,mechanistic_dar,ridge [occupancy],14.0,0.09963188475693675,0.09963188475693678,864,12
rho_W5_k2,recent_history,data_block,mechanistic_dar,extra_trees [crawl],15.0,0.1112170014618079,0.11121700146180791,864,12
rho_W5_k2,recent_history,data_block,mechanistic_dar,mask_mle,16.0,0.11548213164644583,0.11548213164644583,864,12
rho_W5_k2,recent_history,data_block,mechanistic_dar,random_forest [crawl],17.0,0.12088988940068494,0.12088988940068494,864,12
rho_W5_k2,recent_history,data_block,mechanistic_dar,hist_gradient_boosting [crawl],18.0,0.13212834166072443,0.13212834166072443,864,12
rho_W5_k2,recent_history,data_block,mechanistic_dar,ridge [crawl],19.0,0.2001059572300829,0.20010595723008287,864,12
rho_W5_k2,recent_history,data_block,mechanistic_dar,mean_floor,20.0,0.26195544802524845,0.26195544802524845,864,12
rho_W5_k2,recent_history,data_block,mechanistic_dar,plugin,21.0,0.5050497559645305,0.5050497559645305,864,12
rho_W5_k2,recent_history,data_block,real_controlled,extra_trees [occupancy],1.0,0.08857849800330873,0.08857849800330873,432,6
rho_W5_k2,recent_history,data_block,real_controlled,hist_gradient_boosting [occupancy],2.0,0.09149284381567085,0.09149284381567084,432,6
rho_W5_k2,recent_history,data_block,real_controlled,random_forest [occupancy],3.0,0.09160955176048834,0.09160955176048834,432,6
rho_W5_k2,recent_history,data_block,real_controlled,extra_trees [combined],4.0,0.09986685759161461,0.09986685759161461,432,6
rho_W5_k2,recent_history,data_block,real_controlled,random_forest [combined],5.0,0.10073848501702348,0.10073848501702348,432,6
rho_W5_k2,recent_history,data_block,real_controlled,ridge [occupancy],6.0,0.10189469755184924,0.10189469755184925,432,6
rho_W5_k2,recent_history,data_block,real_controlled,hist_gradient_boosting [patterns],7.0,0.1081064405615778,0.10810644056157781,432,6
rho_W5_k2,recent_history,data_block,real_controlled,hist_gradient_boosting [combined],8.0,0.10883971745519652,0.10883971745519654,432,6
rho_W5_k2,recent_history,data_block,real_controlled,random_forest [patterns],9.0,0.1098789973112764,0.10987899731127641,432,6
rho_W5_k2,recent_history,data_block,real_controlled,extra_trees [patterns],10.0,0.11204928131506851,0.11204928131506849,432,6
rho_W5_k2,recent_history,data_block,real_controlled,beta_mle_lofo,11.0,0.11823763352327889,0.11823763352327887,432,6
rho_W5_k2,recent_history,data_block,real_controlled,mask_mle,12.0,0.11844785962316719,0.11844785962316719,432,6
rho_W5_k2,recent_history,data_block,real_controlled,occ_mle,13.0,0.11938539112052678,0.11938539112052678,432,6
rho_W5_k2,recent_history,data_block,real_controlled,ridge [combined],14.0,0.1378303754603642,0.13783037546036417,432,6
rho_W5_k2,recent_history,data_block,real_controlled,ridge [patterns],15.0,0.14047010372358232,0.14047010372358237,432,6
rho_W5_k2,recent_history,data_block,real_controlled,mean_floor,16.0,0.1782145177625851,0.17821451776258512,432,6
rho_W5_k2,recent_history,data_block,real_controlled,hist_gradient_boosting [crawl],17.0,0.1788858548512488,0.17888585485124878,432,6
rho_W5_k2,recent_history,data_block,real_controlled,random_forest [crawl],18.0,0.1891886248485866,0.1891886248485866,432,6
rho_W5_k2,recent_history,data_block,real_controlled,extra_trees [crawl],19.0,0.19860749340981756,0.19860749340981754,432,6
rho_W5_k2,recent_history,data_block,real_controlled,ridge [crawl],20.0,0.2017240235854985,0.20172402358549854,432,6
rho_W5_k2,recent_history,data_block,real_controlled,plugin,21.0,0.24292338413888423,0.24292338413888423,432,6
rho_W5_k2,recent_history,data_block,real_empirical,random_forest [occupancy],1.0,0.0888940744262699,0.0888940744262699,72,6
rho_W5_k2,recent_history,data_block,real_empirical,extra_trees [occupancy],2.0,0.09252000597650306,0.09252000597650306,72,6
rho_W5_k2,recent_history,data_block,real_empirical,hist_gradient_boosting [occupancy],3.0,0.09509107544551536,0.09509107544551536,72,6
rho_W5_k2,recent_history,data_block,real_empirical,random_forest [combined],4.0,0.10447883582617737,0.10447883582617734,72,6
rho_W5_k2,recent_history,data_block,real_empirical,mean_floor,5.0,0.10611441324204729,0.10611441324204729,72,6
rho_W5_k2,recent_history,data_block,real_empirical,extra_trees [combined],6.0,0.11207439904741236,0.11207439904741234,72,6
rho_W5_k2,recent_history,data_block,real_empirical,extra_trees [patterns],7.0,0.11351277995962504,0.11351277995962501,72,6
rho_W5_k2,recent_history,data_block,real_empirical,random_forest [crawl],8.0,0.11829068914852645,0.11829068914852643,72,6
rho_W5_k2,recent_history,data_block,real_empirical,ridge [occupancy],9.0,0.12014299973299097,0.12014299973299099,72,6
rho_W5_k2,recent_history,data_block,real_empirical,random_forest [patterns],10.0,0.12418658471213789,0.12418658471213789,72,6
rho_W5_k2,recent_history,data_block,real_empirical,hist_gradient_boosting [combined],11.0,0.12748375652285915,0.12748375652285918,72,6
rho_W5_k2,recent_history,data_block,real_empirical,hist_gradient_boosting [patterns],12.0,0.13637299509347006,0.13637299509347006,72,6
rho_W5_k2,recent_history,data_block,real_empirical,mask_mle,13.0,0.1405442452711781,0.14054424527117812,72,6
rho_W5_k2,recent_history,data_block,real_empirical,extra_trees [crawl],14.0,0.14307117187004156,0.14307117187004156,72,6
rho_W5_k2,recent_history,data_block,real_empirical,occ_mle,15.0,0.1461901863733689,0.14619018637336892,72,6
rho_W5_k2,recent_history,data_block,real_empirical,beta_mle_lofo,16.0,0.15154530258571786,0.15154530258571783,72,6
rho_W5_k2,recent_history,data_block,real_empirical,ridge [patterns],17.0,0.15355338825114334,0.1535533882511433,72,6
rho_W5_k2,recent_history,data_block,real_empirical,ridge [crawl],18.0,0.15519590433561437,0.15519590433561437,72,6
rho_W5_k2,recent_history,data_block,real_empirical,ridge [combined],19.0,0.1631674969453184,0.16316749694531843,72,6
rho_W5_k2,recent_history,data_block,real_empirical,hist_gradient_boosting [crawl],20.0,0.16337423670590795,0.16337423670590792,72,6
rho_W5_k2,recent_history,data_block,real_empirical,plugin,21.0,0.2698396728868729,0.2698396728868729,72,6
rho_W5_k2,recent_history,data_block,real_shuffle,hist_gradient_boosting [occupancy],1.0,0.09747552322428372,0.0974755232242837,216,6
rho_W5_k2,recent_history,data_block,real_shuffle,extra_trees [occupancy],2.0,0.10460984712993787,0.10460984712993789,216,6
rho_W5_k2,recent_history,data_block,real_shuffle,random_forest [occupancy],3.0,0.10703787404606799,0.10703787404606797,216,6
rho_W5_k2,recent_history,data_block,real_shuffle,extra_trees [combined],4.0,0.11345554496698271,0.1134555449669827,216,6
rho_W5_k2,recent_history,data_block,real_shuffle,hist_gradient_boosting [patterns],5.0,0.11601357617476138,0.11601357617476138,216,6
rho_W5_k2,recent_history,data_block,real_shuffle,random_forest [combined],6.0,0.11610842530053572,0.11610842530053576,216,6
rho_W5_k2,recent_history,data_block,real_shuffle,ridge [occupancy],7.0,0.11959093546105881,0.11959093546105881,216,6
rho_W5_k2,recent_history,data_block,real_shuffle,hist_gradient_boosting [combined],8.0,0.12170658772105997,0.12170658772105997,216,6
rho_W5_k2,recent_history,data_block,real_shuffle,random_forest [patterns],9.0,0.12245174567976018,0.12245174567976021,216,6
rho_W5_k2,recent_history,data_block,real_shuffle,extra_trees [patterns],10.0,0.13405052288417207,0.13405052288417207,216,6
rho_W5_k2,recent_history,data_block,real_shuffle,ridge [combined],11.0,0.15161755372113997,0.15161755372113997,216,6
rho_W5_k2,recent_history,data_block,real_shuffle,ridge [crawl],12.0,0.16868186317562875,0.16868186317562872,216,6
rho_W5_k2,recent_history,data_block,real_shuffle,ridge [patterns],13.0,0.16985812962439545,0.16985812962439542,216,6
rho_W5_k2,recent_history,data_block,real_shuffle,extra_trees [crawl],14.0,0.19012348058014028,0.19012348058014028,216,6
rho_W5_k2,recent_history,data_block,real_shuffle,hist_gradient_boosting [crawl],15.0,0.19232233498412674,0.19232233498412668,216,6
rho_W5_k2,recent_history,data_block,real_shuffle,mean_floor,16.0,0.20386039198373226,0.20386039198373226,216,6
rho_W5_k2,recent_history,data_block,real_shuffle,random_forest [crawl],17.0,0.20432861790257734,0.2043286179025773,216,6
rho_W5_k2,recent_history,data_block,real_shuffle,mask_mle,18.0,0.2214446871569817,0.22144468715698173,216,6
rho_W5_k2,recent_history,data_block,real_shuffle,occ_mle,19.0,0.22412817728228282,0.22412817728228282,216,6
rho_W5_k2,recent_history,data_block,real_shuffle,beta_mle_lofo,20.0,0.23211190461481276,0.23211190461481276,216,6
rho_W5_k2,recent_history,data_block,real_shuffle,plugin,21.0,0.44515123656626643,0.4451512365662665,216,6
rho_W5_k2,recent_history,data_block,synthetic_controlled,extra_trees [combined],1.0,0.0552193159618937,0.055219315961893715,1152,12
rho_W5_k2,recent_history,data_block,synthetic_controlled,random_forest [combined],2.0,0.0569725701932055,0.05697257019320551,1152,12
rho_W5_k2,recent_history,data_block,synthetic_controlled,extra_trees [patterns],3.0,0.05900824216705631,0.0590082421670563,1152,12
rho_W5_k2,recent_history,data_block,synthetic_controlled,hist_gradient_boosting [combined],4.0,0.05936972166689612,0.05936972166689611,1152,12
rho_W5_k2,recent_history,data_block,synthetic_controlled,random_forest [patterns],5.0,0.06026616379887538,0.06026616379887537,1152,12
rho_W5_k2,recent_history,data_block,synthetic_controlled,hist_gradient_boosting [patterns],6.0,0.06064800490717924,0.06064800490717925,1152,12
rho_W5_k2,recent_history,data_block,synthetic_controlled,random_forest [occupancy],7.0,0.061267790261252036,0.061267790261252036,1152,12
rho_W5_k2,recent_history,data_block,synthetic_controlled,extra_trees [occupancy],8.0,0.06139895857270256,0.06139895857270256,1152,12
rho_W5_k2,recent_history,data_block,synthetic_controlled,hist_gradient_boosting [occupancy],9.0,0.06260794036286228,0.06260794036286228,1152,12
rho_W5_k2,recent_history,data_block,synthetic_controlled,mask_mle,10.0,0.07063801590791191,0.07063801590791192,1152,12
rho_W5_k2,recent_history,data_block,synthetic_controlled,ridge [patterns],11.0,0.07150935569049682,0.07150935569049684,1152,12
rho_W5_k2,recent_history,data_block,synthetic_controlled,ridge [combined],12.0,0.07214382642350872,0.07214382642350871,1152,12
rho_W5_k2,recent_history,data_block,synthetic_controlled,ridge [occupancy],13.0,0.07716432712982521,0.0771643271298252,1152,12
rho_W5_k2,recent_history,data_block,synthetic_controlled,beta_mle_lofo,14.0,0.08634323958188588,0.08634323958188588,1152,12
rho_W5_k2,recent_history,data_block,synthetic_controlled,occ_mle,15.0,0.08832544363082843,0.08832544363082843,1152,12
rho_W5_k2,recent_history,data_block,synthetic_controlled,extra_trees [crawl],16.0,0.12331097512006556,0.12331097512006557,1152,12
rho_W5_k2,recent_history,data_block,synthetic_controlled,random_forest [crawl],17.0,0.12493781839213575,0.12493781839213573,1152,12
rho_W5_k2,recent_history,data_block,synthetic_controlled,hist_gradient_boosting [crawl],18.0,0.12799586657662043,0.1279958665766204,1152,12
rho_W5_k2,recent_history,data_block,synthetic_controlled,ridge [crawl],19.0,0.15445610954290634,0.15445610954290637,1152,12
rho_W5_k2,recent_history,data_block,synthetic_controlled,mean_floor,20.0,0.1843710373835482,0.1843710373835482,1152,12
rho_W5_k2,recent_history,data_block,synthetic_controlled,plugin,21.0,0.26089606253147946,0.2608960625314794,1152,12
rho_W5_k2,recent_history,domain,controlled,extra_trees [combined],1.0,0.0552193159618937,0.055219315961893715,1152,12
rho_W5_k2,recent_history,domain,controlled,random_forest [combined],2.0,0.0569725701932055,0.05697257019320551,1152,12
rho_W5_k2,recent_history,domain,controlled,extra_trees [patterns],3.0,0.05900824216705631,0.0590082421670563,1152,12
rho_W5_k2,recent_history,domain,controlled,hist_gradient_boosting [combined],4.0,0.05936972166689612,0.05936972166689611,1152,12
rho_W5_k2,recent_history,domain,controlled,random_forest [patterns],5.0,0.06026616379887538,0.06026616379887537,1152,12
rho_W5_k2,recent_history,domain,controlled,hist_gradient_boosting [patterns],6.0,0.06064800490717924,0.06064800490717925,1152,12
rho_W5_k2,recent_history,domain,controlled,random_forest [occupancy],7.0,0.061267790261252036,0.061267790261252036,1152,12
rho_W5_k2,recent_history,domain,controlled,extra_trees [occupancy],8.0,0.06139895857270256,0.06139895857270256,1152,12
rho_W5_k2,recent_history,domain,controlled,hist_gradient_boosting [occupancy],9.0,0.06260794036286228,0.06260794036286228,1152,12
rho_W5_k2,recent_history,domain,controlled,mask_mle,10.0,0.07063801590791191,0.07063801590791192,1152,12
rho_W5_k2,recent_history,domain,controlled,ridge [patterns],11.0,0.07150935569049682,0.07150935569049684,1152,12
rho_W5_k2,recent_history,domain,controlled,ridge [combined],12.0,0.07214382642350872,0.07214382642350871,1152,12
rho_W5_k2,recent_history,domain,controlled,ridge [occupancy],13.0,0.07716432712982521,0.0771643271298252,1152,12
rho_W5_k2,recent_history,domain,controlled,beta_mle_lofo,14.0,0.08634323958188588,0.08634323958188588,1152,12
rho_W5_k2,recent_history,domain,controlled,occ_mle,15.0,0.08832544363082843,0.08832544363082843,1152,12
rho_W5_k2,recent_history,domain,controlled,extra_trees [crawl],16.0,0.12331097512006556,0.12331097512006557,1152,12
rho_W5_k2,recent_history,domain,controlled,random_forest [crawl],17.0,0.12493781839213575,0.12493781839213573,1152,12
rho_W5_k2,recent_history,domain,controlled,hist_gradient_boosting [crawl],18.0,0.12799586657662043,0.1279958665766204,1152,12
rho_W5_k2,recent_history,domain,controlled,ridge [crawl],19.0,0.15445610954290634,0.15445610954290637,1152,12
rho_W5_k2,recent_history,domain,controlled,mean_floor,20.0,0.1843710373835482,0.1843710373835482,1152,12
rho_W5_k2,recent_history,domain,controlled,plugin,21.0,0.26089606253147946,0.2608960625314794,1152,12
rho_W5_k2,recent_history,domain,email,ridge [combined],1.0,0.10469795769994418,0.1046979576999442,120,1
rho_W5_k2,recent_history,domain,email,extra_trees [combined],2.0,0.10630922659139366,0.10630922659139366,120,1
rho_W5_k2,recent_history,domain,email,hist_gradient_boosting [combined],3.0,0.10698229376219398,0.10698229376219398,120,1
rho_W5_k2,recent_history,domain,email,random_forest [combined],4.0,0.11040446581716702,0.11040446581716702,120,1
rho_W5_k2,recent_history,domain,email,hist_gradient_boosting [patterns],5.0,0.1112681392011968,0.11126813920119681,120,1
rho_W5_k2,recent_history,domain,email,random_forest [patterns],6.0,0.11946414091483343,0.11946414091483343,120,1
rho_W5_k2,recent_history,domain,email,hist_gradient_boosting [occupancy],7.0,0.11952181146247697,0.11952181146247695,120,1
rho_W5_k2,recent_history,domain,email,random_forest [occupancy],8.0,0.12155679668687379,0.12155679668687379,120,1
rho_W5_k2,recent_history,domain,email,ridge [occupancy],9.0,0.1216659178490799,0.12166591784907989,120,1
rho_W5_k2,recent_history,domain,email,extra_trees [occupancy],10.0,0.12239580563482182,0.12239580563482182,120,1
rho_W5_k2,recent_history,domain,email,extra_trees [patterns],11.0,0.12251659681719522,0.12251659681719522,120,1
rho_W5_k2,recent_history,domain,email,extra_trees [crawl],12.0,0.13288008880417337,0.13288008880417335,120,1
rho_W5_k2,recent_history,domain,email,random_forest [crawl],13.0,0.144739683413012,0.144739683413012,120,1
rho_W5_k2,recent_history,domain,email,ridge [crawl],14.0,0.15522575645231576,0.15522575645231576,120,1
rho_W5_k2,recent_history,domain,email,hist_gradient_boosting [crawl],15.0,0.15974465314563105,0.15974465314563105,120,1
rho_W5_k2,recent_history,domain,email,ridge [patterns],16.0,0.1721102953675811,0.1721102953675811,120,1
rho_W5_k2,recent_history,domain,email,mask_mle,17.0,0.18790867621022744,0.18790867621022742,120,1
rho_W5_k2,recent_history,domain,email,beta_mle_lofo,18.0,0.1905720738859967,0.1905720738859967,120,1
rho_W5_k2,recent_history,domain,email,occ_mle,19.0,0.19078690919236585,0.19078690919236588,120,1
rho_W5_k2,recent_history,domain,email,mean_floor,20.0,0.1922013100152259,0.19220131001522583,120,1
rho_W5_k2,recent_history,domain,email,plugin,21.0,0.37240069206948595,0.37240069206948595,120,1
rho_W5_k2,recent_history,domain,mechanistic,extra_trees [combined],1.0,0.053445324684231084,0.05182440279830751,1080,18
rho_W5_k2,recent_history,domain,mechanistic,hist_gradient_boosting [combined],2.0,0.05910824004441136,0.05646300528771776,1080,18
rho_W5_k2,recent_history,domain,mechanistic,random_forest [combined],3.0,0.05765687451851552,0.056550752770284464,1080,18
rho_W5_k2,recent_history,domain,mechanistic,random_forest [patterns],4.0,0.07185864041365579,0.07286720735257997,1080,18
rho_W5_k2,recent_history,domain,mechanistic,extra_trees [patterns],5.0,0.07140050838055813,0.07304135425464245,1080,18
rho_W5_k2,recent_history,domain,mechanistic,hist_gradient_boosting [patterns],6.0,0.07333337712380852,0.07367960006083846,1080,18
rho_W5_k2,recent_history,domain,mechanistic,random_forest [occupancy],7.0,0.07344405347061905,0.07771697415302607,1080,18
rho_W5_k2,recent_history,domain,mechanistic,extra_trees [occupancy],8.0,0.07505680889919893,0.07910318407500788,1080,18
rho_W5_k2,recent_history,domain,mechanistic,hist_gradient_boosting [occupancy],9.0,0.07671530929034637,0.0809976541556045,1080,18
rho_W5_k2,recent_history,domain,mechanistic,ridge [combined],10.0,0.08169922901560345,0.08194427028524288,1080,18
rho_W5_k2,recent_history,domain,mechanistic,extra_trees [crawl],11.0,0.09479026701229876,0.08383911071262598,1080,18
rho_W5_k2,recent_history,domain,mechanistic,random_forest [crawl],12.0,0.10294390272779672,0.09097991161253789,1080,18
rho_W5_k2,recent_history,domain,mechanistic,hist_gradient_boosting [crawl],13.0,0.11393844153250525,0.10181184144702579,1080,18
rho_W5_k2,recent_history,domain,mechanistic,ridge [patterns],14.0,0.10314972900695464,0.11259155675222204,1080,18
rho_W5_k2,recent_history,domain,mechanistic,occ_mle,15.0,0.10866933845549313,0.12165242949602868,1080,18
rho_W5_k2,recent_history,domain,mechanistic,beta_mle_lofo,16.0,0.11059541312445159,0.12696361687245933,1080,18
rho_W5_k2,recent_history,domain,mechanistic,ridge [occupancy],17.0,0.11765835002688248,0.1296759935401796,1080,18
rho_W5_k2,recent_history,domain,mechanistic,mask_mle,18.0,0.13295496403217597,0.14460351895599602,1080,18
rho_W5_k2,recent_history,domain,mechanistic,ridge [crawl],19.0,0.18886089973763248,0.18136419474266557,1080,18
rho_W5_k2,recent_history,domain,mechanistic,mean_floor,20.0,0.2472457988639472,0.23743936608974645,1080,18
rho_W5_k2,recent_history,domain,mechanistic,plugin,21.0,0.4452923703475007,0.40545411326948083,1080,18
rho_W5_k2,recent_history,domain,messaging,extra_trees [occupancy],1.0,0.06629660248979234,0.06629660248979234,120,1
rho_W5_k2,recent_history,domain,messaging,random_forest [occupancy],2.0,0.07000907981393104,0.07000907981393104,120,1
rho_W5_k2,recent_history,domain,messaging,hist_gradient_boosting [occupancy],3.0,0.07531459575174601,0.07531459575174601,120,1
rho_W5_k2,recent_history,domain,messaging,ridge [occupancy],4.0,0.08713722697255752,0.08713722697255752,120,1
rho_W5_k2,recent_history,domain,messaging,random_forest [combined],5.0,0.08997034888402933,0.08997034888402933,120,1
rho_W5_k2,recent_history,domain,messaging,extra_trees [combined],6.0,0.09788719479075274,0.09788719479075275,120,1
rho_W5_k2,recent_history,domain,messaging,random_forest [patterns],7.0,0.10182529244600257,0.10182529244600255,120,1
rho_W5_k2,recent_history,domain,messaging,extra_trees [patterns],8.0,0.10949630005710051,0.10949630005710051,120,1
rho_W5_k2,recent_history,domain,messaging,hist_gradient_boosting [patterns],9.0,0.11404809181752928,0.11404809181752928,120,1
rho_W5_k2,recent_history,domain,messaging,mask_mle,10.0,0.125282984647856,0.12528298464785598,120,1
rho_W5_k2,recent_history,domain,messaging,beta_mle_lofo,11.0,0.1316865012553641,0.1316865012553641,120,1
rho_W5_k2,recent_history,domain,messaging,occ_mle,12.0,0.1335109075400623,0.1335109075400623,120,1
rho_W5_k2,recent_history,domain,messaging,hist_gradient_boosting [combined],13.0,0.13617243152998626,0.13617243152998623,120,1
rho_W5_k2,recent_history,domain,messaging,ridge [combined],14.0,0.14018863995522546,0.14018863995522546,120,1
rho_W5_k2,recent_history,domain,messaging,random_forest [crawl],15.0,0.14038044106314299,0.14038044106314299,120,1
rho_W5_k2,recent_history,domain,messaging,hist_gradient_boosting [crawl],16.0,0.16107080265384977,0.16107080265384977,120,1
rho_W5_k2,recent_history,domain,messaging,mean_floor,17.0,0.16168521462639113,0.1616852146263911,120,1
rho_W5_k2,recent_history,domain,messaging,ridge [patterns],18.0,0.1739759042571508,0.1739759042571508,120,1
rho_W5_k2,recent_history,domain,messaging,ridge [crawl],19.0,0.2060405611165573,0.2060405611165573,120,1
rho_W5_k2,recent_history,domain,messaging,extra_trees [crawl],20.0,0.20731156515775406,0.20731156515775404,120,1
rho_W5_k2,recent_history,domain,messaging,plugin,21.0,0.3160377868008714,0.3160377868008714,120,1
rho_W5_k2,recent_history,domain,proximity,hist_gradient_boosting [occupancy],1.0,0.09176210439830298,0.091762104398303,480,4
rho_W5_k2,recent_history,domain,proximity,extra_trees [occupancy],2.0,0.09349997827677183,0.09349997827677183,480,4
rho_W5_k2,recent_history,domain,proximity,random_forest [occupancy],3.0,0.09605828194390936,0.09605828194390938,480,4
rho_W5_k2,recent_history,domain,proximity,extra_trees [combined],4.0,0.10669722157917061,0.10669722157917061,480,4
rho_W5_k2,recent_history,domain,proximity,random_forest [combined],5.0,0.10849154959918973,0.10849154959918975,480,4
rho_W5_k2,recent_history,domain,proximity,hist_gradient_boosting [combined],6.0,0.11105759233953766,0.11105759233953769,480,4
rho_W5_k2,recent_history,domain,proximity,ridge [occupancy],7.0,0.11134181250868007,0.11134181250868007,480,4
rho_W5_k2,recent_history,domain,proximity,hist_gradient_boosting [patterns],8.0,0.11362879729340163,0.11362879729340164,480,4
rho_W5_k2,recent_history,domain,proximity,random_forest [patterns],9.0,0.11730001250265255,0.11730001250265255,480,4
rho_W5_k2,recent_history,domain,proximity,extra_trees [patterns],10.0,0.1201907812568089,0.12019078125680892,480,4
rho_W5_k2,recent_history,domain,proximity,ridge [patterns],11.0,0.13937071001369059,0.13937071001369059,480,4
rho_W5_k2,recent_history,domain,proximity,mask_mle,12.0,0.14903690445764808,0.14903690445764808,480,4
rho_W5_k2,recent_history,domain,proximity,occ_mle,13.0,0.14915860555839966,0.1491586055583997,480,4
rho_W5_k2,recent_history,domain,proximity,beta_mle_lofo,14.0,0.1530313788501342,0.1530313788501342,480,4
rho_W5_k2,recent_history,domain,proximity,ridge [combined],15.0,0.15552871221684614,0.1555287122168461,480,4
rho_W5_k2,recent_history,domain,proximity,mean_floor,16.0,0.17957577320490897,0.17957577320490897,480,4
rho_W5_k2,recent_history,domain,proximity,ridge [crawl],17.0,0.19042126591410552,0.19042126591410552,480,4
rho_W5_k2,recent_history,domain,proximity,hist_gradient_boosting [crawl],18.0,0.19184459166499696,0.19184459166499696,480,4
rho_W5_k2,recent_history,domain,proximity,extra_trees [crawl],19.0,0.20071507261992333,0.20071507261992333,480,4
rho_W5_k2,recent_history,domain,proximity,random_forest [crawl],20.0,0.20868121267312792,0.2086812126731279,480,4
rho_W5_k2,recent_history,domain,proximity,plugin,21.0,0.2873154333952573,0.2873154333952573,480,4
rho_W5_k2,recent_history,overall,all,extra_trees [combined],1.0,0.06675197817443448,0.061846009711419105,2952,36
rho_W5_k2,recent_history,overall,all,random_forest [combined],2.0,0.06911339665119381,0.06488681681337616,2952,36
rho_W5_k2,recent_history,overall,all,hist_gradient_boosting [combined],3.0,0.07273612126228601,0.06711544027311123,2952,36
rho_W5_k2,recent_history,overall,all,random_forest [occupancy],4.0,0.07418562081382249,0.07527550061572044,2952,36
rho_W5_k2,recent_history,overall,all,extra_trees [occupancy],5.0,0.07429404892774132,0.07564825381817426,2952,36
rho_W5_k2,recent_history,overall,all,random_forest [patterns],6.0,0.07787692762453463,0.07570258836956639,2952,36
rho_W5_k2,recent_history,overall,all,hist_gradient_boosting [patterns],7.0,0.07813222200876138,0.07594000778259932,2952,36
rho_W5_k2,recent_history,overall,all,extra_trees [patterns],8.0,0.07812437894838596,0.07598942512471586,2952,36
rho_W5_k2,recent_history,overall,all,hist_gradient_boosting [occupancy],9.0,0.0753397900773996,0.0769760523322962,2952,36
rho_W5_k2,recent_history,overall,all,ridge [combined],10.0,0.09328761143612473,0.08910345079830641,2952,36
rho_W5_k2,recent_history,overall,all,ridge [patterns],11.0,0.10237424452727055,0.10523137026404035,2952,36
rho_W5_k2,recent_history,overall,all,ridge [occupancy],12.0,0.09975093843677327,0.10873083900381926,2952,36
rho_W5_k2,recent_history,overall,all,extra_trees [crawl],13.0,0.12926624832133896,0.11477465663082431,2952,36
rho_W5_k2,recent_history,overall,all,occ_mle,14.0,0.11166181072851293,0.11584948037401348,2952,36
rho_W5_k2,recent_history,overall,all,beta_mle_lofo,15.0,0.11213975238406773,0.11821800192302206,2952,36
rho_W5_k2,recent_history,overall,all,random_forest [crawl],16.0,0.1319407787107049,0.11824270013611045,2952,36
rho_W5_k2,recent_history,overall,all,mask_mle,17.0,0.11317312632903308,0.1211071891886541,2952,36
rho_W5_k2,recent_history,overall,all,hist_gradient_boosting [crawl],18.0,0.1358699233897387,0.12379881576181602,2952,36
rho_W5_k2,recent_history,overall,all,ridge [crawl],19.0,0.17501943619820684,0.1733605611418931,2952,36
rho_W5_k2,recent_history,overall,all,mean_floor,20.0,0.20599039699670083,0.20995974043553522,2952,36
rho_W5_k2,recent_history,overall,all,plugin,21.0,0.33942820105207705,0.3407396389355498,2952,36
rho_W5_k2,time_agnostic,budget,100,ridge [combined],1.5,0.14551633889659815,0.1480215107953314,69,18
rho_W5_k2,time_agnostic,budget,100,ridge [crawl],1.5,0.14551633889659815,0.1480215107953314,69,18
rho_W5_k2,time_agnostic,budget,100,mean_floor,3.0,0.1478210627785022,0.15037936326863488,69,18
rho_W5_k2,time_agnostic,budget,100,random_forest [combined],4.5,0.15703237639829362,0.1636020700133981,69,18
rho_W5_k2,time_agnostic,budget,100,random_forest [crawl],4.5,0.15703237639829362,0.1636020700133981,69,18
rho_W5_k2,time_agnostic,budget,100,extra_trees [combined],6.5,0.16670381335302095,0.17354516698164257,69,18
rho_W5_k2,time_agnostic,budget,100,extra_trees [crawl],6.5,0.16670381335302095,0.17354516698164257,69,18
rho_W5_k2,time_agnostic,budget,100,hist_gradient_boosting [combined],8.5,0.1696523777306993,0.1735713142026444,69,18
rho_W5_k2,time_agnostic,budget,100,hist_gradient_boosting [crawl],8.5,0.1696523777306993,0.1735713142026444,69,18
rho_W5_k2,time_agnostic,budget,1600,mean_floor,1.0,0.1478210627785022,0.15037936326863488,69,18
rho_W5_k2,time_agnostic,budget,1600,ridge [combined],2.5,0.17840070995351215,0.16904708355904352,69,18
rho_W5_k2,time_agnostic,budget,1600,ridge [crawl],2.5,0.17840070995351215,0.16904708355904352,69,18
rho_W5_k2,time_agnostic,budget,1600,hist_gradient_boosting [combined],4.5,0.19123906905838542,0.19664475138136214,69,18
rho_W5_k2,time_agnostic,budget,1600,hist_gradient_boosting [crawl],4.5,0.19123906905838542,0.19664475138136214,69,18
rho_W5_k2,time_agnostic,budget,1600,random_forest [combined],6.5,0.19038687952294941,0.19672036737787002,69,18
rho_W5_k2,time_agnostic,budget,1600,random_forest [crawl],6.5,0.19038687952294941,0.19672036737787002,69,18
rho_W5_k2,time_agnostic,budget,1600,extra_trees [combined],8.5,0.19108138222847212,0.1969938995609658,69,18
rho_W5_k2,time_agnostic,budget,1600,extra_trees [crawl],8.5,0.19108138222847212,0.1969938995609658,69,18
rho_W5_k2,time_agnostic,budget,3200,mean_floor,1.0,0.1478210627785022,0.15037936326863488,69,18
rho_W5_k2,time_agnostic,budget,3200,hist_gradient_boosting [combined],2.5,0.17946484460337989,0.1858269413690177,69,18
rho_W5_k2,time_agnostic,budget,3200,hist_gradient_boosting [crawl],2.5,0.17946484460337989,0.1858269413690177,69,18
rho_W5_k2,time_agnostic,budget,3200,random_forest [combined],4.5,0.18915474231477872,0.19808882469574438,69,18
rho_W5_k2,time_agnostic,budget,3200,random_forest [crawl],4.5,0.18915474231477872,0.19808882469574438,69,18
rho_W5_k2,time_agnostic,budget,3200,extra_trees [combined],6.5,0.1911552081097882,0.20002761188191392,69,18
rho_W5_k2,time_agnostic,budget,3200,extra_trees [crawl],6.5,0.1911552081097882,0.20002761188191392,69,18
rho_W5_k2,time_agnostic,budget,3200,ridge [combined],8.5,0.21248378506330776,0.20414434083873095,69,18
rho_W5_k2,time_agnostic,budget,3200,ridge [crawl],8.5,0.21248378506330776,0.20414434083873095,69,18
rho_W5_k2,time_agnostic,budget,400,ridge [combined],1.5,0.14801352534552523,0.14529903507788908,69,18
rho_W5_k2,time_agnostic,budget,400,ridge [crawl],1.5,0.14801352534552523,0.14529903507788908,69,18
rho_W5_k2,time_agnostic,budget,400,mean_floor,3.0,0.1478210627785022,0.15037936326863488,69,18
rho_W5_k2,time_agnostic,budget,400,random_forest [combined],4.5,0.1620092977564622,0.170140006915315,69,18
rho_W5_k2,time_agnostic,budget,400,random_forest [crawl],4.5,0.1620092977564622,0.170140006915315,69,18
rho_W5_k2,time_agnostic,budget,400,extra_trees [combined],6.5,0.16454025606860156,0.17296695624672484,69,18
rho_W5_k2,time_agnostic,budget,400,extra_trees [crawl],6.5,0.16454025606860156,0.17296695624672484,69,18
rho_W5_k2,time_agnostic,budget,400,hist_gradient_boosting [combined],8.5,0.18787550504934827,0.19129147152693346,69,18
rho_W5_k2,time_agnostic,budget,400,hist_gradient_boosting [crawl],8.5,0.18787550504934827,0.19129147152693346,69,18
rho_W5_k2,time_agnostic,coverage_band,high(>.15),mean_floor,1.0,0.15137547496146955,0.15037936326863485,139,18
rho_W5_k2,time_agnostic,coverage_band,high(>.15),ridge [combined],2.5,0.19500598907684008,0.18223771221452212,139,18
rho_W5_k2,time_agnostic,coverage_band,high(>.15),ridge [crawl],2.5,0.19500598907684008,0.18223771221452212,139,18
rho_W5_k2,time_agnostic,coverage_band,high(>.15),hist_gradient_boosting [combined],4.5,0.1843427322296202,0.1847521432955464,139,18
rho_W5_k2,time_agnostic,coverage_band,high(>.15),hist_gradient_boosting [crawl],4.5,0.1843427322296202,0.1847521432955464,139,18
rho_W5_k2,time_agnostic,coverage_band,high(>.15),random_forest [combined],6.5,0.18901405199719892,0.19301948862591145,139,18
rho_W5_k2,time_agnostic,coverage_band,high(>.15),random_forest [crawl],6.5,0.18901405199719892,0.19301948862591145,139,18
rho_W5_k2,time_agnostic,coverage_band,high(>.15),extra_trees [combined],8.5,0.1892753568934493,0.19539577713511652,139,18
rho_W5_k2,time_agnostic,coverage_band,high(>.15),extra_trees [crawl],8.5,0.1892753568934493,0.19539577713511652,139,18
rho_W5_k2,time_agnostic,coverage_band,low(<.02),ridge [combined],1.5,0.1275215786861435,0.1395346281415492,30,8
rho_W5_k2,time_agnostic,coverage_band,low(<.02),ridge [crawl],1.5,0.1275215786861435,0.1395346281415492,30,8
rho_W5_k2,time_agnostic,coverage_band,low(<.02),mean_floor,3.0,0.12884913392045982,0.1399954010667966,30,8
rho_W5_k2,time_agnostic,coverage_band,low(<.02),random_forest [combined],4.5,0.1495262785879961,0.16457591833783536,30,8
rho_W5_k2,time_agnostic,coverage_band,low(<.02),random_forest [crawl],4.5,0.1495262785879961,0.16457591833783536,30,8
rho_W5_k2,time_agnostic,coverage_band,low(<.02),extra_trees [combined],6.5,0.15653017978567801,0.17079382692264086,30,8
rho_W5_k2,time_agnostic,coverage_band,low(<.02),extra_trees [crawl],6.5,0.15653017978567801,0.17079382692264086,30,8
rho_W5_k2,time_agnostic,coverage_band,low(<.02),hist_gradient_boosting [combined],8.5,0.1702629643308552,0.18339161494211756,30,8
rho_W5_k2,time_agnostic,coverage_band,low(<.02),hist_gradient_boosting [crawl],8.5,0.1702629643308552,0.18339161494211756,30,8
rho_W5_k2,time_agnostic,coverage_band,mid,ridge [combined],1.5,0.15227206492151418,0.1499877037455175,107,18
rho_W5_k2,time_agnostic,coverage_band,mid,ridge [crawl],1.5,0.15227206492151418,0.1499877037455175,107,18
rho_W5_k2,time_agnostic,coverage_band,mid,mean_floor,3.0,0.1485228812112949,0.15037936326863488,107,18
rho_W5_k2,time_agnostic,coverage_band,mid,random_forest [combined],4.5,0.1630234190488865,0.16559277573312473,107,18
rho_W5_k2,time_agnostic,coverage_band,mid,random_forest [crawl],4.5,0.1630234190488865,0.16559277573312473,107,18
rho_W5_k2,time_agnostic,coverage_band,mid,extra_trees [combined],6.5,0.1703269674922628,0.17383398626655433,107,18
rho_W5_k2,time_agnostic,coverage_band,mid,extra_trees [crawl],6.5,0.1703269674922628,0.17383398626655433,107,18
rho_W5_k2,time_agnostic,coverage_band,mid,hist_gradient_boosting [combined],8.5,0.18239687144525443,0.1777756083028591,107,18
rho_W5_k2,time_agnostic,coverage_band,mid,hist_gradient_boosting [crawl],8.5,0.18239687144525443,0.1777756083028591,107,18
rho_W5_k2,time_agnostic,data_block,mechanistic_activity,mean_floor,1.0,0.016246786432104754,0.016246786432104754,12,1
rho_W5_k2,time_agnostic,data_block,mechanistic_activity,ridge [combined],2.5,0.07777307220557629,0.07777307220557629,12,1
rho_W5_k2,time_agnostic,data_block,mechanistic_activity,ridge [crawl],2.5,0.07777307220557629,0.07777307220557629,12,1
rho_W5_k2,time_agnostic,data_block,mechanistic_activity,hist_gradient_boosting [combined],4.5,0.19916413976631162,0.19916413976631162,12,1
rho_W5_k2,time_agnostic,data_block,mechanistic_activity,hist_gradient_boosting [crawl],4.5,0.19916413976631162,0.19916413976631162,12,1
rho_W5_k2,time_agnostic,data_block,mechanistic_activity,random_forest [combined],6.5,0.21947304783932578,0.21947304783932578,12,1
rho_W5_k2,time_agnostic,data_block,mechanistic_activity,random_forest [crawl],6.5,0.21947304783932578,0.21947304783932578,12,1
rho_W5_k2,time_agnostic,data_block,mechanistic_activity,extra_trees [combined],8.5,0.22820137767904777,0.22820137767904777,12,1
rho_W5_k2,time_agnostic,data_block,mechanistic_activity,extra_trees [crawl],8.5,0.22820137767904777,0.22820137767904777,12,1
rho_W5_k2,time_agnostic,data_block,mechanistic_dar,ridge [combined],1.5,0.17205990581042022,0.1720599058104202,96,8
rho_W5_k2,time_agnostic,data_block,mechanistic_dar,ridge [crawl],1.5,0.17205990581042022,0.1720599058104202,96,8
rho_W5_k2,time_agnostic,data_block,mechanistic_dar,random_forest [combined],3.5,0.19099641075640236,0.19099641075640234,96,8
rho_W5_k2,time_agnostic,data_block,mechanistic_dar,random_forest [crawl],3.5,0.19099641075640236,0.19099641075640234,96,8
rho_W5_k2,time_agnostic,data_block,mechanistic_dar,mean_floor,5.0,0.19186404805153648,0.19186404805153653,96,8
rho_W5_k2,time_agnostic,data_block,mechanistic_dar,extra_trees [combined],6.5,0.19584927009660258,0.1958492700966026,96,8
rho_W5_k2,time_agnostic,data_block,mechanistic_dar,extra_trees [crawl],6.5,0.19584927009660258,0.1958492700966026,96,8
rho_W5_k2,time_agnostic,data_block,mechanistic_dar,hist_gradient_boosting [combined],8.5,0.19954378237903883,0.1995437823790388,96,8
rho_W5_k2,time_agnostic,data_block,mechanistic_dar,hist_gradient_boosting [crawl],8.5,0.19954378237903883,0.1995437823790388,96,8
rho_W5_k2,time_agnostic,data_block,real_controlled,mean_floor,1.0,0.11511242530903054,0.11511242530903049,36,3
rho_W5_k2,time_agnostic,data_block,real_controlled,random_forest [combined],2.5,0.12279988822207263,0.12279988822207266,36,3
rho_W5_k2,time_agnostic,data_block,real_controlled,random_forest [crawl],2.5,0.12279988822207263,0.12279988822207266,36,3
rho_W5_k2,time_agnostic,data_block,real_controlled,hist_gradient_boosting [combined],4.5,0.12631662994644788,0.1263166299464479,36,3
rho_W5_k2,time_agnostic,data_block,real_controlled,hist_gradient_boosting [crawl],4.5,0.12631662994644788,0.1263166299464479,36,3
rho_W5_k2,time_agnostic,data_block,real_controlled,extra_trees [combined],6.5,0.12961181243575806,0.12961181243575806,36,3
rho_W5_k2,time_agnostic,data_block,real_controlled,extra_trees [crawl],6.5,0.12961181243575806,0.12961181243575806,36,3
rho_W5_k2,time_agnostic,data_block,real_controlled,ridge [combined],8.5,0.1981732353715236,0.19817323537152357,36,3
rho_W5_k2,time_agnostic,data_block,real_controlled,ridge [crawl],8.5,0.1981732353715236,0.19817323537152357,36,3
rho_W5_k2,time_agnostic,data_block,real_shuffle,mean_floor,1.0,0.06635295386018086,0.06635295386018086,24,2
rho_W5_k2,time_agnostic,data_block,real_shuffle,extra_trees [combined],2.5,0.1276674351972696,0.12766743519726959,24,2
rho_W5_k2,time_agnostic,data_block,real_shuffle,extra_trees [crawl],2.5,0.1276674351972696,0.12766743519726959,24,2
rho_W5_k2,time_agnostic,data_block,real_shuffle,random_forest [combined],4.5,0.15500310556753147,0.15500310556753147,24,2
rho_W5_k2,time_agnostic,data_block,real_shuffle,random_forest [crawl],4.5,0.15500310556753147,0.15500310556753147,24,2
rho_W5_k2,time_agnostic,data_block,real_shuffle,hist_gradient_boosting [combined],6.5,0.16104564990183798,0.16104564990183798,24,2
rho_W5_k2,time_agnostic,data_block,real_shuffle,hist_gradient_boosting [crawl],6.5,0.16104564990183798,0.16104564990183798,24,2
rho_W5_k2,time_agnostic,data_block,real_shuffle,ridge [combined],8.5,0.25435930083057406,0.25435930083057406,24,2
rho_W5_k2,time_agnostic,data_block,real_shuffle,ridge [crawl],8.5,0.25435930083057406,0.25435930083057406,24,2
rho_W5_k2,time_agnostic,data_block,synthetic_controlled,mean_floor,1.0,0.15229800993485568,0.1376199545372036,108,5
rho_W5_k2,time_agnostic,data_block,synthetic_controlled,ridge [combined],2.5,0.15309910436380747,0.14284265100550003,108,5
rho_W5_k2,time_agnostic,data_block,synthetic_controlled,ridge [crawl],2.5,0.15309910436380747,0.14284265100550003,108,5
rho_W5_k2,time_agnostic,data_block,synthetic_controlled,random_forest [combined],4.5,0.17677819358499527,0.1767922136170952,108,5
rho_W5_k2,time_agnostic,data_block,synthetic_controlled,random_forest [crawl],4.5,0.17677819358499527,0.1767922136170952,108,5
rho_W5_k2,time_agnostic,data_block,synthetic_controlled,extra_trees [combined],6.5,0.1848164386072938,0.18504669319861589,108,5
rho_W5_k2,time_agnostic,data_block,synthetic_controlled,extra_trees [crawl],6.5,0.1848164386072938,0.18504669319861589,108,5
rho_W5_k2,time_agnostic,data_block,synthetic_controlled,hist_gradient_boosting [combined],8.5,0.18786413789986464,0.18590611546152744,108,5
rho_W5_k2,time_agnostic,data_block,synthetic_controlled,hist_gradient_boosting [crawl],8.5,0.18786413789986464,0.18590611546152744,108,5
rho_W5_k2,time_agnostic,domain,controlled,mean_floor,1.0,0.15229800993485568,0.1376199545372036,108,5
rho_W5_k2,time_agnostic,domain,controlled,ridge [combined],2.5,0.15309910436380747,0.14284265100550003,108,5
rho_W5_k2,time_agnostic,domain,controlled,ridge [crawl],2.5,0.15309910436380747,0.14284265100550003,108,5
rho_W5_k2,time_agnostic,domain,controlled,random_forest [combined],4.5,0.17677819358499527,0.1767922136170952,108,5
rho_W5_k2,time_agnostic,domain,controlled,random_forest [crawl],4.5,0.17677819358499527,0.1767922136170952,108,5
rho_W5_k2,time_agnostic,domain,controlled,extra_trees [combined],6.5,0.1848164386072938,0.18504669319861589,108,5
rho_W5_k2,time_agnostic,domain,controlled,extra_trees [crawl],6.5,0.1848164386072938,0.18504669319861589,108,5
rho_W5_k2,time_agnostic,domain,controlled,hist_gradient_boosting [combined],8.5,0.18786413789986464,0.18590611546152744,108,5
rho_W5_k2,time_agnostic,domain,controlled,hist_gradient_boosting [crawl],8.5,0.18786413789986464,0.18590611546152744,108,5
rho_W5_k2,time_agnostic,domain,email,random_forest [combined],1.5,0.025453716927098972,0.025453716927098972,12,1
rho_W5_k2,time_agnostic,domain,email,random_forest [crawl],1.5,0.025453716927098972,0.025453716927098972,12,1
rho_W5_k2,time_agnostic,domain,email,extra_trees [combined],3.5,0.04264882635317202,0.04264882635317202,12,1
rho_W5_k2,time_agnostic,domain,email,extra_trees [crawl],3.5,0.04264882635317202,0.04264882635317202,12,1
rho_W5_k2,time_agnostic,domain,email,hist_gradient_boosting [combined],5.5,0.04734642369700692,0.04734642369700692,12,1
rho_W5_k2,time_agnostic,domain,email,hist_gradient_boosting [crawl],5.5,0.04734642369700692,0.04734642369700692,12,1
rho_W5_k2,time_agnostic,domain,email,mean_floor,7.0,0.04874454720377419,0.04874454720377419,12,1
rho_W5_k2,time_agnostic,domain,email,ridge [combined],8.5,0.09238883991118725,0.09238883991118725,12,1
rho_W5_k2,time_agnostic,domain,email,ridge [crawl],8.5,0.09238883991118725,0.09238883991118725,12,1
rho_W5_k2,time_agnostic,domain,mechanistic,ridge [combined],1.5,0.16158359096543756,0.16158359096543756,108,9
rho_W5_k2,time_agnostic,domain,mechanistic,ridge [crawl],1.5,0.16158359096543756,0.16158359096543756,108,9
rho_W5_k2,time_agnostic,domain,mechanistic,mean_floor,3.0,0.1723510189827108,0.17235101898271077,108,9
rho_W5_k2,time_agnostic,domain,mechanistic,random_forest [combined],4.5,0.19416048154339385,0.19416048154339383,108,9
rho_W5_k2,time_agnostic,domain,mechanistic,random_forest [crawl],4.5,0.19416048154339385,0.19416048154339383,108,9
rho_W5_k2,time_agnostic,domain,mechanistic,extra_trees [combined],6.5,0.19944394871687426,0.1994439487168743,108,9
rho_W5_k2,time_agnostic,domain,mechanistic,extra_trees [crawl],6.5,0.19944394871687426,0.1994439487168743,108,9
rho_W5_k2,time_agnostic,domain,mechanistic,hist_gradient_boosting [combined],8.5,0.19950159986651353,0.19950159986651356,108,9
rho_W5_k2,time_agnostic,domain,mechanistic,hist_gradient_boosting [crawl],8.5,0.19950159986651353,0.19950159986651356,108,9
rho_W5_k2,time_agnostic,domain,proximity,mean_floor,1.0,0.10732465911091975,0.13960834936707942,48,3
rho_W5_k2,time_agnostic,domain,proximity,extra_trees [combined],2.5,0.15038037033716034,0.19434117507416407,48,3
rho_W5_k2,time_agnostic,domain,proximity,extra_trees [crawl],2.5,0.15038037033716034,0.19434117507416407,48,3
rho_W5_k2,time_agnostic,domain,proximity,hist_gradient_boosting [combined],4.5,0.16342369148650318,0.19687125111884773,48,3
rho_W5_k2,time_agnostic,domain,proximity,hist_gradient_boosting [crawl],4.5,0.16342369148650318,0.19687125111884773,48,3
rho_W5_k2,time_agnostic,domain,proximity,random_forest [combined],6.5,0.16323803971854547,0.20720719720245132,48,3
rho_W5_k2,time_agnostic,domain,proximity,random_forest [crawl],6.5,0.16323803971854547,0.20720719720245132,48,3
rho_W5_k2,time_agnostic,domain,proximity,ridge [combined],8.5,0.25271236696613286,0.24614981753061718,48,3
rho_W5_k2,time_agnostic,domain,proximity,ridge [crawl],8.5,0.25271236696613286,0.24614981753061718,48,3
rho_W5_k2,time_agnostic,overall,all,mean_floor,1.0,0.14782106277850227,0.15037936326863488,276,18
rho_W5_k2,time_agnostic,overall,all,ridge [combined],2.5,0.17110358981473583,0.16662799256774877,276,18
rho_W5_k2,time_agnostic,overall,all,ridge [crawl],2.5,0.17110358981473583,0.16662799256774877,276,18
rho_W5_k2,time_agnostic,overall,all,random_forest [combined],4.5,0.174645823998121,0.18213781725058184,276,18
rho_W5_k2,time_agnostic,overall,all,random_forest [crawl],4.5,0.174645823998121,0.18213781725058184,276,18
rho_W5_k2,time_agnostic,overall,all,extra_trees [combined],6.5,0.17837016493997068,0.18588340866781178,276,18
rho_W5_k2,time_agnostic,overall,all,extra_trees [crawl],6.5,0.17837016493997068,0.18588340866781178,276,18
rho_W5_k2,time_agnostic,overall,all,hist_gradient_boosting [combined],8.5,0.1820579491104532,0.18683361961998943,276,18
rho_W5_k2,time_agnostic,overall,all,hist_gradient_boosting [crawl],8.5,0.1820579491104532,0.18683361961998943,276,18
rho_W5_k2,time_agnostic_t,budget,100,extra_trees [patterns],1.0,0.12864531616836028,0.12330571117395651,738,36
rho_W5_k2,time_agnostic_t,budget,100,random_forest [combined],2.0,0.12907408081671407,0.12385983117962408,738,36
rho_W5_k2,time_agnostic_t,budget,100,hist_gradient_boosting [combined],3.0,0.1294901286083348,0.12387898331234094,738,36
rho_W5_k2,time_agnostic_t,budget,100,random_forest [patterns],4.0,0.12978378381569267,0.12418513292434308,738,36
rho_W5_k2,time_agnostic_t,budget,100,extra_trees [combined],5.0,0.12893598566204642,0.12434559466264924,738,36
rho_W5_k2,time_agnostic_t,budget,100,hist_gradient_boosting [patterns],6.0,0.13096968856746596,0.12481147256149179,738,36
rho_W5_k2,time_agnostic_t,budget,100,hist_gradient_boosting [occupancy],7.0,0.13146877927879494,0.13007431501154587,738,36
rho_W5_k2,time_agnostic_t,budget,100,extra_trees [occupancy],8.0,0.13623374213411632,0.1347541713541271,738,36
rho_W5_k2,time_agnostic_t,budget,100,random_forest [occupancy],9.0,0.13629836121101777,0.13533106386340787,738,36
rho_W5_k2,time_agnostic_t,budget,100,mask_mle,10.0,0.1589640622412304,0.15411037541344447,738,36
rho_W5_k2,time_agnostic_t,budget,100,ridge [patterns],11.0,0.15861458111434829,0.15724182914786822,738,36
rho_W5_k2,time_agnostic_t,budget,100,ridge [combined],12.0,0.16054997708737676,0.15921692072109833,738,36
rho_W5_k2,time_agnostic_t,budget,100,ridge [occupancy],13.0,0.1557273372191064,0.16013531763655264,738,36
rho_W5_k2,time_agnostic_t,budget,100,beta_mle_lofo,14.0,0.1705475789362734,0.16294864887303495,738,36
rho_W5_k2,time_agnostic_t,budget,100,occ_mle,15.0,0.183480804612054,0.17342797186583378,738,36
rho_W5_k2,time_agnostic_t,budget,100,ridge [crawl],16.0,0.19077173414844978,0.19110577303577386,738,36
rho_W5_k2,time_agnostic_t,budget,100,random_forest [crawl],17.0,0.18994602651472814,0.19236482158712542,738,36
rho_W5_k2,time_agnostic_t,budget,100,hist_gradient_boosting [crawl],18.0,0.19142233009072399,0.19313367297583717,738,36
rho_W5_k2,time_agnostic_t,budget,100,extra_trees [crawl],19.0,0.191927851308501,0.194504913073397,738,36
rho_W5_k2,time_agnostic_t,budget,100,mean_floor,20.0,0.20599039699670083,0.20995974043553522,738,36
rho_W5_k2,time_agnostic_t,budget,100,plugin,21.0,0.38878208348493876,0.38866871542966275,738,36
rho_W5_k2,time_agnostic_t,budget,1600,extra_trees [combined],1.0,0.032845860053910644,0.027831495909974302,738,36
rho_W5_k2,time_agnostic_t,budget,1600,random_forest [combined],2.0,0.0355194274336324,0.029525999667048258,738,36
rho_W5_k2,time_agnostic_t,budget,1600,random_forest [occupancy],3.0,0.030886147998977872,0.030078393851085874,738,36
rho_W5_k2,time_agnostic_t,budget,1600,extra_trees [occupancy],4.0,0.030900711413009277,0.030338234962167518,738,36
rho_W5_k2,time_agnostic_t,budget,1600,extra_trees [patterns],5.0,0.03846842518929919,0.03227885350874828,738,36
rho_W5_k2,time_agnostic_t,budget,1600,random_forest [patterns],6.0,0.039487345626105765,0.03282933091572324,738,36
rho_W5_k2,time_agnostic_t,budget,1600,hist_gradient_boosting [occupancy],7.0,0.0343855068073689,0.03395333021887576,738,36
rho_W5_k2,time_agnostic_t,budget,1600,hist_gradient_boosting [combined],8.0,0.03937350874868231,0.0341387220046688,738,36
rho_W5_k2,time_agnostic_t,budget,1600,mask_mle,9.0,0.03666671334181647,0.03429118678155095,738,36
rho_W5_k2,time_agnostic_t,budget,1600,hist_gradient_boosting [patterns],10.0,0.04103636379620501,0.035450493957189494,738,36
rho_W5_k2,time_agnostic_t,budget,1600,beta_mle_lofo,11.0,0.037933418322242014,0.03569832419930196,738,36
rho_W5_k2,time_agnostic_t,budget,1600,occ_mle,12.0,0.04246724484031637,0.0396712251279387,738,36
rho_W5_k2,time_agnostic_t,budget,1600,ridge [patterns],13.0,0.07208269714478455,0.07214830368841668,738,36
rho_W5_k2,time_agnostic_t,budget,1600,ridge [combined],14.0,0.07420254578922253,0.07398421614974901,738,36
rho_W5_k2,time_agnostic_t,budget,1600,ridge [occupancy],15.0,0.08595632231313041,0.08730441964730117,738,36
rho_W5_k2,time_agnostic_t,budget,1600,extra_trees [crawl],16.0,0.15151608375354267,0.1431297714633119,738,36
rho_W5_k2,time_agnostic_t,budget,1600,random_forest [crawl],17.0,0.15791325634995498,0.15258667788800684,738,36
rho_W5_k2,time_agnostic_t,budget,1600,hist_gradient_boosting [crawl],18.0,0.16768221748981585,0.16618199094472827,738,36
rho_W5_k2,time_agnostic_t,budget,1600,ridge [crawl],19.0,0.186853784936311,0.1843206908233843,738,36
rho_W5_k2,time_agnostic_t,budget,1600,mean_floor,20.0,0.20599039699670083,0.20995974043553522,738,36
rho_W5_k2,time_agnostic_t,budget,1600,plugin,21.0,0.3411301812645123,0.33906259999771426,738,36
rho_W5_k2,time_agnostic_t,budget,3200,extra_trees [occupancy],1.0,0.020966501188949823,0.020704574922042866,738,36
rho_W5_k2,time_agnostic_t,budget,3200,extra_trees [combined],2.0,0.025415213138890707,0.02148066913612261,738,36
rho_W5_k2,time_agnostic_t,budget,3200,random_forest [occupancy],3.0,0.02218254921119997,0.02239647400328718,738,36
rho_W5_k2,time_agnostic_t,budget,3200,beta_mle_lofo,4.0,0.0257615431639636,0.023903971065187903,738,36
rho_W5_k2,time_agnostic_t,budget,3200,extra_trees [patterns],5.0,0.029802401364978033,0.024978617885411687,738,36
rho_W5_k2,time_agnostic_t,budget,3200,random_forest [combined],6.0,0.029374439856503204,0.025211596112417477,738,36
rho_W5_k2,time_agnostic_t,budget,3200,mask_mle,7.0,0.026886184818890404,0.025300686891421217,738,36
rho_W5_k2,time_agnostic_t,budget,3200,hist_gradient_boosting [occupancy],8.0,0.02752665431963263,0.02770400281044671,738,36
rho_W5_k2,time_agnostic_t,budget,3200,occ_mle,9.0,0.03049988635892201,0.028505385289133836,738,36
rho_W5_k2,time_agnostic_t,budget,3200,random_forest [patterns],10.0,0.03340601755641056,0.028566276511825597,738,36
rho_W5_k2,time_agnostic_t,budget,3200,hist_gradient_boosting [combined],11.0,0.032340036071008715,0.02905486312972177,738,36
rho_W5_k2,time_agnostic_t,budget,3200,hist_gradient_boosting [patterns],12.0,0.03508371706970809,0.03116371196146119,738,36
rho_W5_k2,time_agnostic_t,budget,3200,ridge [patterns],13.0,0.06496803307027695,0.06419273841753398,738,36
rho_W5_k2,time_agnostic_t,budget,3200,ridge [combined],14.0,0.06708485539718337,0.06722374629313703,738,36
rho_W5_k2,time_agnostic_t,budget,3200,ridge [occupancy],15.0,0.07465719701497012,0.07630909248247282,738,36
rho_W5_k2,time_agnostic_t,budget,3200,extra_trees [crawl],16.0,0.1453727022675825,0.1329886866445712,738,36
rho_W5_k2,time_agnostic_t,budget,3200,random_forest [crawl],17.0,0.15644641066898612,0.1484512272956223,738,36
rho_W5_k2,time_agnostic_t,budget,3200,hist_gradient_boosting [crawl],18.0,0.16595892179231744,0.15981850253074223,738,36
rho_W5_k2,time_agnostic_t,budget,3200,ridge [crawl],19.0,0.1887015585848137,0.18518047264516868,738,36
rho_W5_k2,time_agnostic_t,budget,3200,mean_floor,20.0,0.20599039699670083,0.20995974043553522,738,36
rho_W5_k2,time_agnostic_t,budget,3200,plugin,21.0,0.2973873496418086,0.2937464123210444,738,36
rho_W5_k2,time_agnostic_t,budget,400,extra_trees [combined],1.0,0.07167727955092089,0.06386705386097603,738,36
rho_W5_k2,time_agnostic_t,budget,400,random_forest [combined],2.0,0.07310111823122944,0.06523404752209377,738,36
rho_W5_k2,time_agnostic_t,budget,400,hist_gradient_boosting [combined],3.0,0.07404073875803988,0.06650381414273548,738,36
rho_W5_k2,time_agnostic_t,budget,400,hist_gradient_boosting [occupancy],4.0,0.06913221690211822,0.06760191922778659,738,36
rho_W5_k2,time_agnostic_t,budget,400,extra_trees [occupancy],5.0,0.07053191844563676,0.06870983744510836,738,36
rho_W5_k2,time_agnostic_t,budget,400,random_forest [occupancy],6.0,0.07079357312294743,0.06891978076585827,738,36
rho_W5_k2,time_agnostic_t,budget,400,random_forest [patterns],7.0,0.07680882379797582,0.06906985305769768,738,36
rho_W5_k2,time_agnostic_t,budget,400,extra_trees [patterns],8.0,0.07616692447009013,0.06910257444290162,738,36
rho_W5_k2,time_agnostic_t,budget,400,hist_gradient_boosting [patterns],9.0,0.07926483784263869,0.07122891574689384,738,36
rho_W5_k2,time_agnostic_t,budget,400,mask_mle,10.0,0.07934392046077786,0.07366082490693188,738,36
rho_W5_k2,time_agnostic_t,budget,400,beta_mle_lofo,11.0,0.08122981331282654,0.07668894421930891,738,36
rho_W5_k2,time_agnostic_t,budget,400,occ_mle,12.0,0.08825547956653432,0.08282107720027924,738,36
rho_W5_k2,time_agnostic_t,budget,400,ridge [combined],13.0,0.10655832704607776,0.1038019944584208,738,36
rho_W5_k2,time_agnostic_t,budget,400,ridge [patterns],14.0,0.10723243026733362,0.10519791473402826,738,36
rho_W5_k2,time_agnostic_t,budget,400,ridge [occupancy],15.0,0.11805179678384795,0.12005124894597492,738,36
rho_W5_k2,time_agnostic_t,budget,400,random_forest [crawl],16.0,0.1759131248069419,0.17583642791478932,738,36
rho_W5_k2,time_agnostic_t,budget,400,extra_trees [crawl],17.0,0.1763061983460354,0.17723672103934432,738,36
rho_W5_k2,time_agnostic_t,budget,400,hist_gradient_boosting [crawl],18.0,0.18120933928384975,0.18261889262345987,738,36
rho_W5_k2,time_agnostic_t,budget,400,ridge [crawl],19.0,0.18907117030400977,0.1878529135715401,738,36
rho_W5_k2,time_agnostic_t,budget,400,mean_floor,20.0,0.20599039699670083,0.20995974043553522,738,36
rho_W5_k2,time_agnostic_t,budget,400,plugin,21.0,0.37936712264812605,0.3788706896630026,738,36
rho_W5_k2,time_agnostic_t,coverage_band,high(>.15),extra_trees [combined],1.0,0.030185501384783424,0.023041445264132984,1362,36
rho_W5_k2,time_agnostic_t,coverage_band,high(>.15),extra_trees [occupancy],2.0,0.025643237680080345,0.023860585291881155,1362,36
rho_W5_k2,time_agnostic_t,coverage_band,high(>.15),random_forest [occupancy],3.0,0.026776364409831114,0.02499018475733386,1362,36
rho_W5_k2,time_agnostic_t,coverage_band,high(>.15),random_forest [combined],4.0,0.033941200267764156,0.025390246184403872,1362,36
rho_W5_k2,time_agnostic_t,coverage_band,high(>.15),extra_trees [patterns],5.0,0.03451059948228648,0.026443832888086983,1362,36
rho_W5_k2,time_agnostic_t,coverage_band,high(>.15),random_forest [patterns],6.0,0.03793731902655203,0.028637670069167762,1362,36
rho_W5_k2,time_agnostic_t,coverage_band,high(>.15),hist_gradient_boosting [occupancy],7.0,0.03085576129318955,0.0290998472243083,1362,36
rho_W5_k2,time_agnostic_t,coverage_band,high(>.15),mask_mle,8.0,0.03341644977538749,0.030676402954344657,1362,36
rho_W5_k2,time_agnostic_t,coverage_band,high(>.15),hist_gradient_boosting [combined],9.0,0.03800795809637885,0.03079042303389317,1362,36
rho_W5_k2,time_agnostic_t,coverage_band,high(>.15),beta_mle_lofo,10.0,0.033059075186916184,0.03118430636014552,1362,36
rho_W5_k2,time_agnostic_t,coverage_band,high(>.15),hist_gradient_boosting [patterns],11.0,0.03941376157477411,0.032383467201341706,1362,36
rho_W5_k2,time_agnostic_t,coverage_band,high(>.15),occ_mle,12.0,0.03753112861259686,0.03518478570711581,1362,36
rho_W5_k2,time_agnostic_t,coverage_band,high(>.15),ridge [patterns],13.0,0.07291279189802923,0.0647049161528806,1362,36
rho_W5_k2,time_agnostic_t,coverage_band,high(>.15),ridge [combined],14.0,0.07498566205857725,0.06607951156098035,1362,36
rho_W5_k2,time_agnostic_t,coverage_band,high(>.15),ridge [occupancy],15.0,0.07499946640611427,0.07277063327909342,1362,36
rho_W5_k2,time_agnostic_t,coverage_band,high(>.15),extra_trees [crawl],16.0,0.1508940346640133,0.13822236551257863,1362,36
rho_W5_k2,time_agnostic_t,coverage_band,high(>.15),random_forest [crawl],17.0,0.15883415663066555,0.14882296622256475,1362,36
rho_W5_k2,time_agnostic_t,coverage_band,high(>.15),hist_gradient_boosting [crawl],18.0,0.16776143140743613,0.15982560699257423,1362,36
rho_W5_k2,time_agnostic_t,coverage_band,high(>.15),ridge [crawl],19.0,0.1841613470370155,0.17907384294387038,1362,36
rho_W5_k2,time_agnostic_t,coverage_band,high(>.15),mean_floor,20.0,0.2072228090809521,0.20465382523226985,1362,36
rho_W5_k2,time_agnostic_t,coverage_band,high(>.15),plugin,21.0,0.32704724013646547,0.3318442080650378,1362,36
rho_W5_k2,time_agnostic_t,coverage_band,low(<.02),hist_gradient_boosting [combined],1.0,0.1350629444357873,0.12464619599383725,409,21
rho_W5_k2,time_agnostic_t,coverage_band,low(<.02),hist_gradient_boosting [patterns],2.0,0.13645843388338072,0.12493436998508448,409,21
rho_W5_k2,time_agnostic_t,coverage_band,low(<.02),random_forest [patterns],3.0,0.135089330839876,0.12569131151388618,409,21
rho_W5_k2,time_agnostic_t,coverage_band,low(<.02),random_forest [combined],4.0,0.13524188406497792,0.12660978131302758,409,21
rho_W5_k2,time_agnostic_t,coverage_band,low(<.02),hist_gradient_boosting [occupancy],5.0,0.13614489015298512,0.13167368137463425,409,21
rho_W5_k2,time_agnostic_t,coverage_band,low(<.02),extra_trees [combined],6.0,0.13573254754810812,0.13173938851093783,409,21
rho_W5_k2,time_agnostic_t,coverage_band,low(<.02),extra_trees [patterns],7.0,0.13504265938225543,0.13247452884673666,409,21
rho_W5_k2,time_agnostic_t,coverage_band,low(<.02),random_forest [occupancy],8.0,0.142050086927905,0.13798141825363364,409,21
rho_W5_k2,time_agnostic_t,coverage_band,low(<.02),extra_trees [occupancy],9.0,0.1455341380989696,0.14590655038131684,409,21
rho_W5_k2,time_agnostic_t,coverage_band,low(<.02),ridge [patterns],10.0,0.16076460836704462,0.16141275527891505,409,21
rho_W5_k2,time_agnostic_t,coverage_band,low(<.02),ridge [combined],11.0,0.16115624495417152,0.161428471746226,409,21
rho_W5_k2,time_agnostic_t,coverage_band,low(<.02),mask_mle,12.0,0.16469296079362827,0.16292578275327074,409,21
rho_W5_k2,time_agnostic_t,coverage_band,low(<.02),beta_mle_lofo,13.0,0.17777596377070726,0.16487220175467504,409,21
rho_W5_k2,time_agnostic_t,coverage_band,low(<.02),ridge [occupancy],14.0,0.16290877968106748,0.16831457053981233,409,21
rho_W5_k2,time_agnostic_t,coverage_band,low(<.02),occ_mle,15.0,0.19720126416501566,0.1779094070301567,409,21
rho_W5_k2,time_agnostic_t,coverage_band,low(<.02),extra_trees [crawl],16.0,0.18599450860535988,0.18570219659386394,409,21
rho_W5_k2,time_agnostic_t,coverage_band,low(<.02),random_forest [crawl],17.0,0.1846401218123703,0.1858181675047504,409,21
rho_W5_k2,time_agnostic_t,coverage_band,low(<.02),hist_gradient_boosting [crawl],18.0,0.1881581180434835,0.18642726873573692,409,21
rho_W5_k2,time_agnostic_t,coverage_band,low(<.02),ridge [crawl],19.0,0.19101237388477452,0.1870200627149988,409,21
rho_W5_k2,time_agnostic_t,coverage_band,low(<.02),mean_floor,20.0,0.20407022403436095,0.2163228609594294,409,21
rho_W5_k2,time_agnostic_t,coverage_band,low(<.02),plugin,21.0,0.3910364964656574,0.38767150181731463,409,21
rho_W5_k2,time_agnostic_t,coverage_band,mid,extra_trees [combined],1.0,0.07995088646080106,0.0771925043361543,1181,36
rho_W5_k2,time_agnostic_t,coverage_band,mid,random_forest [combined],2.0,0.08091035191382866,0.07791500281035035,1181,36
rho_W5_k2,time_agnostic_t,coverage_band,mid,hist_gradient_boosting [combined],3.0,0.08139101862134757,0.0794452384837308,1181,36
rho_W5_k2,time_agnostic_t,coverage_band,mid,random_forest [patterns],4.0,0.08411387097367588,0.08129358796303349,1181,36
rho_W5_k2,time_agnostic_t,coverage_band,mid,extra_trees [patterns],5.0,0.08408079543269799,0.08156873607235841,1181,36
rho_W5_k2,time_agnostic_t,coverage_band,mid,hist_gradient_boosting [patterns],6.0,0.08622917650004747,0.0835594168369309,1181,36
rho_W5_k2,time_agnostic_t,coverage_band,mid,extra_trees [occupancy],7.0,0.08164395275643997,0.08416042618011013,1181,36
rho_W5_k2,time_agnostic_t,coverage_band,mid,hist_gradient_boosting [occupancy],8.0,0.08130897810274848,0.08471575843739393,1181,36
rho_W5_k2,time_agnostic_t,coverage_band,mid,random_forest [occupancy],9.0,0.08249843539362782,0.08564123885339911,1181,36
rho_W5_k2,time_agnostic_t,coverage_band,mid,mask_mle,10.0,0.09305732812702121,0.0939650938461511,1181,36
rho_W5_k2,time_agnostic_t,coverage_band,mid,beta_mle_lofo,11.0,0.09744434163408669,0.09894870863239742,1181,36
rho_W5_k2,time_agnostic_t,coverage_band,mid,occ_mle,12.0,0.10382591560964247,0.104537590334361,1181,36
rho_W5_k2,time_agnostic_t,coverage_band,mid,ridge [patterns],13.0,0.11200557655474985,0.12041154552745928,1181,36
rho_W5_k2,time_agnostic_t,coverage_band,mid,ridge [combined],14.0,0.11291503354446966,0.12160110735852607,1181,36
rho_W5_k2,time_agnostic_t,coverage_band,mid,ridge [occupancy],15.0,0.1285375224586234,0.14001678369440113,1181,36
rho_W5_k2,time_agnostic_t,coverage_band,mid,extra_trees [crawl],16.0,0.1771983264154615,0.18224922550248668,1181,36
rho_W5_k2,time_agnostic_t,coverage_band,mid,random_forest [crawl],17.0,0.17794373986718465,0.1826177015337352,1181,36
rho_W5_k2,time_agnostic_t,coverage_band,mid,hist_gradient_boosting [crawl],18.0,0.1827109169618434,0.1894558973009085,1181,36
rho_W5_k2,time_agnostic_t,coverage_band,mid,ridge [crawl],19.0,0.19350727470043794,0.1986787528191766,1181,36
rho_W5_k2,time_agnostic_t,coverage_band,mid,mean_floor,20.0,0.2052340934258683,0.21867428828625574,1181,36
rho_W5_k2,time_agnostic_t,coverage_band,mid,plugin,21.0,0.3664248804527914,0.37375376096030155,1181,36
rho_W5_k2,time_agnostic_t,data_block,mechanistic_activity,random_forest [combined],1.0,0.04176715462354544,0.04176715462354544,216,6
rho_W5_k2,time_agnostic_t,data_block,mechanistic_activity,extra_trees [combined],2.0,0.04191453389185359,0.041914533891853574,216,6
rho_W5_k2,time_agnostic_t,data_block,mechanistic_activity,random_forest [patterns],3.0,0.043894492773297565,0.043894492773297565,216,6
rho_W5_k2,time_agnostic_t,data_block,mechanistic_activity,extra_trees [patterns],4.0,0.04487173297422974,0.04487173297422974,216,6
rho_W5_k2,time_agnostic_t,data_block,mechanistic_activity,hist_gradient_boosting [combined],5.0,0.0462657033632912,0.0462657033632912,216,6
rho_W5_k2,time_agnostic_t,data_block,mechanistic_activity,hist_gradient_boosting [patterns],6.0,0.047036182656795995,0.04703618265679599,216,6
rho_W5_k2,time_agnostic_t,data_block,mechanistic_activity,occ_mle,7.0,0.053892556258051706,0.053892556258051706,216,6
rho_W5_k2,time_agnostic_t,data_block,mechanistic_activity,beta_mle_lofo,8.0,0.05478091450903692,0.05478091450903692,216,6
rho_W5_k2,time_agnostic_t,data_block,mechanistic_activity,mask_mle,9.0,0.05517567656287122,0.05517567656287123,216,6
rho_W5_k2,time_agnostic_t,data_block,mechanistic_activity,extra_trees [occupancy],10.0,0.06475830952451585,0.06475830952451585,216,6
rho_W5_k2,time_agnostic_t,data_block,mechanistic_activity,random_forest [occupancy],11.0,0.06653794375250387,0.06653794375250387,216,6
rho_W5_k2,time_agnostic_t,data_block,mechanistic_activity,hist_gradient_boosting [occupancy],12.0,0.06809613847670193,0.06809613847670193,216,6
rho_W5_k2,time_agnostic_t,data_block,mechanistic_activity,ridge [patterns],13.0,0.09294126341715395,0.09294126341715396,216,6
rho_W5_k2,time_agnostic_t,data_block,mechanistic_activity,ridge [combined],14.0,0.09438151233782585,0.09438151233782587,216,6
rho_W5_k2,time_agnostic_t,data_block,mechanistic_activity,ridge [occupancy],15.0,0.11646905065046571,0.11646905065046571,216,6
rho_W5_k2,time_agnostic_t,data_block,mechanistic_activity,extra_trees [crawl],16.0,0.12926720612350862,0.12926720612350862,216,6
rho_W5_k2,time_agnostic_t,data_block,mechanistic_activity,random_forest [crawl],17.0,0.1439185382649321,0.1439185382649321,216,6
rho_W5_k2,time_agnostic_t,data_block,mechanistic_activity,ridge [crawl],18.0,0.15093933946484922,0.15093933946484925,216,6
rho_W5_k2,time_agnostic_t,data_block,mechanistic_activity,hist_gradient_boosting [crawl],19.0,0.15829712580490352,0.15829712580490354,216,6
rho_W5_k2,time_agnostic_t,data_block,mechanistic_activity,mean_floor,20.0,0.18840720221874255,0.18840720221874255,216,6
rho_W5_k2,time_agnostic_t,data_block,mechanistic_activity,plugin,21.0,0.23521309642061225,0.23521309642061225,216,6
rho_W5_k2,time_agnostic_t,data_block,mechanistic_dar,extra_trees [combined],1.0,0.04731713146365822,0.04731713146365823,864,12
rho_W5_k2,time_agnostic_t,data_block,mechanistic_dar,random_forest [combined],2.0,0.04800996700735988,0.04800996700735988,864,12
rho_W5_k2,time_agnostic_t,data_block,mechanistic_dar,extra_trees [patterns],3.0,0.048603557541410804,0.04860355754141079,864,12
rho_W5_k2,time_agnostic_t,data_block,mechanistic_dar,random_forest [patterns],4.0,0.04927069302937247,0.04927069302937245,864,12
rho_W5_k2,time_agnostic_t,data_block,mechanistic_dar,hist_gradient_boosting [combined],5.0,0.05158001646520244,0.05158001646520243,864,12
rho_W5_k2,time_agnostic_t,data_block,mechanistic_dar,hist_gradient_boosting [patterns],6.0,0.05309095299786025,0.053090952997860236,864,12
rho_W5_k2,time_agnostic_t,data_block,mechanistic_dar,extra_trees [occupancy],7.0,0.058841805907907614,0.058841805907907635,864,12
rho_W5_k2,time_agnostic_t,data_block,mechanistic_dar,random_forest [occupancy],8.0,0.05922088043462084,0.059220880434620836,864,12
rho_W5_k2,time_agnostic_t,data_block,mechanistic_dar,hist_gradient_boosting [occupancy],9.0,0.059531598920144486,0.0595315989201445,864,12
rho_W5_k2,time_agnostic_t,data_block,mechanistic_dar,mask_mle,10.0,0.06838216595227266,0.06838216595227266,864,12
rho_W5_k2,time_agnostic_t,data_block,mechanistic_dar,beta_mle_lofo,11.0,0.07152074623560632,0.07152074623560632,864,12
rho_W5_k2,time_agnostic_t,data_block,mechanistic_dar,occ_mle,12.0,0.08080307628472017,0.08080307628472017,864,12
rho_W5_k2,time_agnostic_t,data_block,mechanistic_dar,ridge [patterns],13.0,0.11202162706290188,0.11202162706290186,864,12
rho_W5_k2,time_agnostic_t,data_block,mechanistic_dar,ridge [combined],14.0,0.11406717433043853,0.11406717433043854,864,12
rho_W5_k2,time_agnostic_t,data_block,mechanistic_dar,ridge [occupancy],15.0,0.12899429645263108,0.12899429645263108,864,12
rho_W5_k2,time_agnostic_t,data_block,mechanistic_dar,extra_trees [crawl],16.0,0.16887799128610173,0.16887799128610173,864,12
rho_W5_k2,time_agnostic_t,data_block,mechanistic_dar,random_forest [crawl],17.0,0.17642838666012153,0.1764283866601215,864,12
rho_W5_k2,time_agnostic_t,data_block,mechanistic_dar,hist_gradient_boosting [crawl],18.0,0.1921204290235636,0.19212042902356363,864,12
rho_W5_k2,time_agnostic_t,data_block,mechanistic_dar,ridge [crawl],19.0,0.21694820160816267,0.2169482016081626,864,12
rho_W5_k2,time_agnostic_t,data_block,mechanistic_dar,mean_floor,20.0,0.26195544802524845,0.26195544802524845,864,12
rho_W5_k2,time_agnostic_t,data_block,mechanistic_dar,plugin,21.0,0.48324882436513944,0.48324882436513944,864,12
rho_W5_k2,time_agnostic_t,data_block,real_controlled,extra_trees [occupancy],1.0,0.07788878319463793,0.07788878319463792,432,6
rho_W5_k2,time_agnostic_t,data_block,real_controlled,random_forest [occupancy],2.0,0.07858096278215955,0.07858096278215958,432,6
rho_W5_k2,time_agnostic_t,data_block,real_controlled,hist_gradient_boosting [occupancy],3.0,0.07899259227118814,0.07899259227118814,432,6
rho_W5_k2,time_agnostic_t,data_block,real_controlled,mask_mle,4.0,0.097348491433625,0.097348491433625,432,6
rho_W5_k2,time_agnostic_t,data_block,real_controlled,beta_mle_lofo,5.0,0.09994600683219952,0.09994600683219952,432,6
rho_W5_k2,time_agnostic_t,data_block,real_controlled,extra_trees [combined],6.0,0.10525025161718017,0.10525025161718016,432,6
rho_W5_k2,time_agnostic_t,data_block,real_controlled,ridge [occupancy],7.0,0.10820690761474062,0.10820690761474061,432,6
rho_W5_k2,time_agnostic_t,data_block,real_controlled,occ_mle,8.0,0.11075419919508668,0.11075419919508667,432,6
rho_W5_k2,time_agnostic_t,data_block,real_controlled,random_forest [combined],9.0,0.11133460817928979,0.11133460817928979,432,6
rho_W5_k2,time_agnostic_t,data_block,real_controlled,hist_gradient_boosting [combined],10.0,0.11418526620064978,0.11418526620064978,432,6
rho_W5_k2,time_agnostic_t,data_block,real_controlled,extra_trees [patterns],11.0,0.11534781214758194,0.11534781214758194,432,6
rho_W5_k2,time_agnostic_t,data_block,real_controlled,random_forest [patterns],12.0,0.11730982929945938,0.11730982929945938,432,6
rho_W5_k2,time_agnostic_t,data_block,real_controlled,hist_gradient_boosting [patterns],13.0,0.12335107949826273,0.12335107949826273,432,6
rho_W5_k2,time_agnostic_t,data_block,real_controlled,ridge [patterns],14.0,0.1235151875734274,0.12351518757342739,432,6
rho_W5_k2,time_agnostic_t,data_block,real_controlled,ridge [combined],15.0,0.12850426416046926,0.12850426416046926,432,6
rho_W5_k2,time_agnostic_t,data_block,real_controlled,ridge [crawl],16.0,0.1599803991941384,0.1599803991941384,432,6
rho_W5_k2,time_agnostic_t,data_block,real_controlled,mean_floor,17.0,0.1782145177625851,0.17821451776258512,432,6
rho_W5_k2,time_agnostic_t,data_block,real_controlled,extra_trees [crawl],18.0,0.18723271731205282,0.18723271731205282,432,6
rho_W5_k2,time_agnostic_t,data_block,real_controlled,random_forest [crawl],19.0,0.19005744785367215,0.19005744785367215,432,6
rho_W5_k2,time_agnostic_t,data_block,real_controlled,hist_gradient_boosting [crawl],20.0,0.19394220155402767,0.19394220155402767,432,6
rho_W5_k2,time_agnostic_t,data_block,real_controlled,plugin,21.0,0.2698795649903921,0.2698795649903921,432,6
rho_W5_k2,time_agnostic_t,data_block,real_empirical,extra_trees [occupancy],1.0,0.06438797249195147,0.06438797249195145,72,6
rho_W5_k2,time_agnostic_t,data_block,real_empirical,random_forest [occupancy],2.0,0.06457206292216225,0.06457206292216225,72,6
rho_W5_k2,time_agnostic_t,data_block,real_empirical,hist_gradient_boosting [occupancy],3.0,0.06780149562109511,0.0678014956210951,72,6
rho_W5_k2,time_agnostic_t,data_block,real_empirical,ridge [occupancy],4.0,0.08452553242664991,0.0845255324266499,72,6
rho_W5_k2,time_agnostic_t,data_block,real_empirical,extra_trees [combined],5.0,0.09277017019984649,0.0927701701998465,72,6
rho_W5_k2,time_agnostic_t,data_block,real_empirical,random_forest [combined],6.0,0.09927988430017769,0.09927988430017769,72,6
rho_W5_k2,time_agnostic_t,data_block,real_empirical,mask_mle,7.0,0.10237484110717565,0.10237484110717567,72,6
rho_W5_k2,time_agnostic_t,data_block,real_empirical,mean_floor,8.0,0.10611441324204729,0.10611441324204729,72,6
rho_W5_k2,time_agnostic_t,data_block,real_empirical,beta_mle_lofo,9.0,0.10902023573403133,0.10902023573403131,72,6
rho_W5_k2,time_agnostic_t,data_block,real_empirical,hist_gradient_boosting [crawl],10.0,0.11173811503564592,0.1117381150356459,72,6
rho_W5_k2,time_agnostic_t,data_block,real_empirical,random_forest [crawl],11.0,0.11579302312483068,0.11579302312483068,72,6
rho_W5_k2,time_agnostic_t,data_block,real_empirical,extra_trees [crawl],12.0,0.11659044429551531,0.11659044429551534,72,6
rho_W5_k2,time_agnostic_t,data_block,real_empirical,hist_gradient_boosting [combined],13.0,0.11788360761158002,0.11788360761158005,72,6
rho_W5_k2,time_agnostic_t,data_block,real_empirical,random_forest [patterns],14.0,0.12000072694707195,0.12000072694707196,72,6
rho_W5_k2,time_agnostic_t,data_block,real_empirical,extra_trees [patterns],15.0,0.1254003185776222,0.1254003185776222,72,6
rho_W5_k2,time_agnostic_t,data_block,real_empirical,hist_gradient_boosting [patterns],16.0,0.12787705645741937,0.12787705645741937,72,6
rho_W5_k2,time_agnostic_t,data_block,real_empirical,occ_mle,17.0,0.12925063485770685,0.12925063485770685,72,6
rho_W5_k2,time_agnostic_t,data_block,real_empirical,ridge [patterns],18.0,0.1396914580067795,0.13969145800677948,72,6
rho_W5_k2,time_agnostic_t,data_block,real_empirical,ridge [combined],19.0,0.14638998852157947,0.1463899885215795,72,6
rho_W5_k2,time_agnostic_t,data_block,real_empirical,ridge [crawl],20.0,0.15001782370879324,0.15001782370879324,72,6
rho_W5_k2,time_agnostic_t,data_block,real_empirical,plugin,21.0,0.3366171603574025,0.3366171603574026,72,6
rho_W5_k2,time_agnostic_t,data_block,real_shuffle,random_forest [occupancy],1.0,0.08049932683629121,0.0804993268362912,216,6
rho_W5_k2,time_agnostic_t,data_block,real_shuffle,hist_gradient_boosting [occupancy],2.0,0.08168788899451591,0.08168788899451591,216,6
rho_W5_k2,time_agnostic_t,data_block,real_shuffle,extra_trees [occupancy],3.0,0.08286627138908859,0.08286627138908859,216,6
rho_W5_k2,time_agnostic_t,data_block,real_shuffle,hist_gradient_boosting [combined],4.0,0.09231362591289945,0.09231362591289945,216,6
rho_W5_k2,time_agnostic_t,data_block,real_shuffle,extra_trees [combined],5.0,0.0952517752596299,0.09525177525962987,216,6
rho_W5_k2,time_agnostic_t,data_block,real_shuffle,hist_gradient_boosting [patterns],6.0,0.09537935406794595,0.09537935406794594,216,6
rho_W5_k2,time_agnostic_t,data_block,real_shuffle,mask_mle,7.0,0.09638504934051577,0.09638504934051578,216,6
rho_W5_k2,time_agnostic_t,data_block,real_shuffle,extra_trees [patterns],8.0,0.09731301889568354,0.09731301889568354,216,6
rho_W5_k2,time_agnostic_t,data_block,real_shuffle,random_forest [combined],9.0,0.09816395110515248,0.09816395110515247,216,6
rho_W5_k2,time_agnostic_t,data_block,real_shuffle,random_forest [patterns],10.0,0.10117895863505205,0.10117895863505204,216,6
rho_W5_k2,time_agnostic_t,data_block,real_shuffle,beta_mle_lofo,11.0,0.10160211274506908,0.10160211274506908,216,6
rho_W5_k2,time_agnostic_t,data_block,real_shuffle,occ_mle,12.0,0.12337002374665135,0.12337002374665135,216,6
rho_W5_k2,time_agnostic_t,data_block,real_shuffle,ridge [occupancy],13.0,0.13082132589254478,0.13082132589254478,216,6
rho_W5_k2,time_agnostic_t,data_block,real_shuffle,ridge [combined],14.0,0.13337765395618614,0.13337765395618617,216,6
rho_W5_k2,time_agnostic_t,data_block,real_shuffle,ridge [patterns],15.0,0.13494788026727075,0.13494788026727078,216,6
rho_W5_k2,time_agnostic_t,data_block,real_shuffle,random_forest [crawl],16.0,0.19241954613418677,0.19241954613418674,216,6
rho_W5_k2,time_agnostic_t,data_block,real_shuffle,extra_trees [crawl],17.0,0.19506434192736913,0.19506434192736913,216,6
rho_W5_k2,time_agnostic_t,data_block,real_shuffle,mean_floor,18.0,0.20386039198373226,0.20386039198373226,216,6
rho_W5_k2,time_agnostic_t,data_block,real_shuffle,hist_gradient_boosting [crawl],19.0,0.2052477668014108,0.2052477668014108,216,6
rho_W5_k2,time_agnostic_t,data_block,real_shuffle,ridge [crawl],20.0,0.26970550133501114,0.26970550133501114,216,6
rho_W5_k2,time_agnostic_t,data_block,real_shuffle,plugin,21.0,0.5533915253671366,0.5533915253671366,216,6
rho_W5_k2,time_agnostic_t,data_block,synthetic_controlled,extra_trees [combined],1.0,0.05936786148361577,0.05936786148361578,1152,12
rho_W5_k2,time_agnostic_t,data_block,synthetic_controlled,extra_trees [occupancy],2.0,0.06064317905106663,0.06064317905106662,1152,12
rho_W5_k2,time_agnostic_t,data_block,synthetic_controlled,extra_trees [patterns],3.0,0.06073858132222968,0.060738581322229694,1152,12
rho_W5_k2,time_agnostic_t,data_block,synthetic_controlled,random_forest [combined],4.0,0.06089109220718639,0.060891092207186394,1152,12
rho_W5_k2,time_agnostic_t,data_block,synthetic_controlled,random_forest [occupancy],5.0,0.06117664104565695,0.061176641045656954,1152,12
rho_W5_k2,time_agnostic_t,data_block,synthetic_controlled,hist_gradient_boosting [combined],6.0,0.061472614667543356,0.061472614667543356,1152,12
rho_W5_k2,time_agnostic_t,data_block,synthetic_controlled,hist_gradient_boosting [occupancy],7.0,0.061579471481407154,0.061579471481407154,1152,12
rho_W5_k2,time_agnostic_t,data_block,synthetic_controlled,hist_gradient_boosting [patterns],8.0,0.06267582156147736,0.06267582156147737,1152,12
rho_W5_k2,time_agnostic_t,data_block,synthetic_controlled,random_forest [patterns],9.0,0.06340017670872172,0.06340017670872171,1152,12
rho_W5_k2,time_agnostic_t,data_block,synthetic_controlled,mask_mle,10.0,0.07077125437477948,0.07077125437477948,1152,12
rho_W5_k2,time_agnostic_t,data_block,synthetic_controlled,beta_mle_lofo,11.0,0.07484358202937871,0.07484358202937873,1152,12
rho_W5_k2,time_agnostic_t,data_block,synthetic_controlled,ridge [combined],12.0,0.07603480094980475,0.07603480094980475,1152,12
rho_W5_k2,time_agnostic_t,data_block,synthetic_controlled,ridge [patterns],13.0,0.07631201950694871,0.0763120195069487,1152,12
rho_W5_k2,time_agnostic_t,data_block,synthetic_controlled,occ_mle,14.0,0.07737559513523408,0.0773755951352341,1152,12
rho_W5_k2,time_agnostic_t,data_block,synthetic_controlled,ridge [occupancy],15.0,0.08930968946672585,0.08930968946672586,1152,12
rho_W5_k2,time_agnostic_t,data_block,synthetic_controlled,hist_gradient_boosting [crawl],16.0,0.16048907114185804,0.16048907114185804,1152,12
rho_W5_k2,time_agnostic_t,data_block,synthetic_controlled,extra_trees [crawl],17.0,0.16112448612011535,0.16112448612011535,1152,12
rho_W5_k2,time_agnostic_t,data_block,synthetic_controlled,random_forest [crawl],18.0,0.16187189278909908,0.1618718927890991,1152,12
rho_W5_k2,time_agnostic_t,data_block,synthetic_controlled,ridge [crawl],19.0,0.17297618007238005,0.1729761800723801,1152,12
rho_W5_k2,time_agnostic_t,data_block,synthetic_controlled,mean_floor,20.0,0.1843710373835482,0.1843710373835482,1152,12
rho_W5_k2,time_agnostic_t,data_block,synthetic_controlled,plugin,21.0,0.26860248416306426,0.26860248416306426,1152,12
rho_W5_k2,time_agnostic_t,domain,controlled,extra_trees [combined],1.0,0.05936786148361577,0.05936786148361578,1152,12
rho_W5_k2,time_agnostic_t,domain,controlled,extra_trees [occupancy],2.0,0.06064317905106663,0.06064317905106662,1152,12
rho_W5_k2,time_agnostic_t,domain,controlled,extra_trees [patterns],3.0,0.06073858132222968,0.060738581322229694,1152,12
rho_W5_k2,time_agnostic_t,domain,controlled,random_forest [combined],4.0,0.06089109220718639,0.060891092207186394,1152,12
rho_W5_k2,time_agnostic_t,domain,controlled,random_forest [occupancy],5.0,0.06117664104565695,0.061176641045656954,1152,12
rho_W5_k2,time_agnostic_t,domain,controlled,hist_gradient_boosting [combined],6.0,0.061472614667543356,0.061472614667543356,1152,12
rho_W5_k2,time_agnostic_t,domain,controlled,hist_gradient_boosting [occupancy],7.0,0.061579471481407154,0.061579471481407154,1152,12
rho_W5_k2,time_agnostic_t,domain,controlled,hist_gradient_boosting [patterns],8.0,0.06267582156147736,0.06267582156147737,1152,12
rho_W5_k2,time_agnostic_t,domain,controlled,random_forest [patterns],9.0,0.06340017670872172,0.06340017670872171,1152,12
rho_W5_k2,time_agnostic_t,domain,controlled,mask_mle,10.0,0.07077125437477948,0.07077125437477948,1152,12
rho_W5_k2,time_agnostic_t,domain,controlled,beta_mle_lofo,11.0,0.07484358202937871,0.07484358202937873,1152,12
rho_W5_k2,time_agnostic_t,domain,controlled,ridge [combined],12.0,0.07603480094980475,0.07603480094980475,1152,12
rho_W5_k2,time_agnostic_t,domain,controlled,ridge [patterns],13.0,0.07631201950694871,0.0763120195069487,1152,12
rho_W5_k2,time_agnostic_t,domain,controlled,occ_mle,14.0,0.07737559513523408,0.0773755951352341,1152,12
rho_W5_k2,time_agnostic_t,domain,controlled,ridge [occupancy],15.0,0.08930968946672585,0.08930968946672586,1152,12
rho_W5_k2,time_agnostic_t,domain,controlled,hist_gradient_boosting [crawl],16.0,0.16048907114185804,0.16048907114185804,1152,12
rho_W5_k2,time_agnostic_t,domain,controlled,extra_trees [crawl],17.0,0.16112448612011535,0.16112448612011535,1152,12
rho_W5_k2,time_agnostic_t,domain,controlled,random_forest [crawl],18.0,0.16187189278909908,0.1618718927890991,1152,12
rho_W5_k2,time_agnostic_t,domain,controlled,ridge [crawl],19.0,0.17297618007238005,0.1729761800723801,1152,12
rho_W5_k2,time_agnostic_t,domain,controlled,mean_floor,20.0,0.1843710373835482,0.1843710373835482,1152,12
rho_W5_k2,time_agnostic_t,domain,controlled,plugin,21.0,0.26860248416306426,0.26860248416306426,1152,12
rho_W5_k2,time_agnostic_t,domain,email,beta_mle_lofo,1.0,0.0936811931835838,0.0936811931835838,120,1
rho_W5_k2,time_agnostic_t,domain,email,mask_mle,2.0,0.09715710526120634,0.09715710526120633,120,1
rho_W5_k2,time_agnostic_t,domain,email,extra_trees [occupancy],3.0,0.10288461809832573,0.10288461809832573,120,1
rho_W5_k2,time_agnostic_t,domain,email,random_forest [occupancy],4.0,0.10569991673169653,0.10569991673169651,120,1
rho_W5_k2,time_agnostic_t,domain,email,hist_gradient_boosting [occupancy],5.0,0.10600228967192286,0.10600228967192286,120,1
rho_W5_k2,time_agnostic_t,domain,email,random_forest [combined],6.0,0.10859990464230991,0.1085999046423099,120,1
rho_W5_k2,time_agnostic_t,domain,email,extra_trees [combined],7.0,0.11046757621322693,0.11046757621322693,120,1
rho_W5_k2,time_agnostic_t,domain,email,random_forest [patterns],8.0,0.11908539767862783,0.11908539767862783,120,1
rho_W5_k2,time_agnostic_t,domain,email,hist_gradient_boosting [combined],9.0,0.11961260200098185,0.11961260200098185,120,1
rho_W5_k2,time_agnostic_t,domain,email,occ_mle,10.0,0.12206990108197344,0.12206990108197344,120,1
rho_W5_k2,time_agnostic_t,domain,email,extra_trees [patterns],11.0,0.12359590539034124,0.12359590539034124,120,1
rho_W5_k2,time_agnostic_t,domain,email,hist_gradient_boosting [patterns],12.0,0.1373104837417141,0.1373104837417141,120,1
rho_W5_k2,time_agnostic_t,domain,email,ridge [occupancy],13.0,0.14785177304068664,0.14785177304068667,120,1
rho_W5_k2,time_agnostic_t,domain,email,ridge [combined],14.0,0.15114251959061714,0.15114251959061714,120,1
rho_W5_k2,time_agnostic_t,domain,email,ridge [patterns],15.0,0.15423659761824282,0.15423659761824282,120,1
rho_W5_k2,time_agnostic_t,domain,email,random_forest [crawl],16.0,0.17952670276995863,0.1795267027699586,120,1
rho_W5_k2,time_agnostic_t,domain,email,extra_trees [crawl],17.0,0.18195528171572536,0.1819552817157254,120,1
rho_W5_k2,time_agnostic_t,domain,email,mean_floor,18.0,0.1922013100152259,0.19220131001522583,120,1
rho_W5_k2,time_agnostic_t,domain,email,hist_gradient_boosting [crawl],19.0,0.19338901262329472,0.1933890126232947,120,1
rho_W5_k2,time_agnostic_t,domain,email,ridge [crawl],20.0,0.22696840570634116,0.22696840570634114,120,1
rho_W5_k2,time_agnostic_t,domain,email,plugin,21.0,0.4203229394604538,0.4203229394604538,120,1
rho_W5_k2,time_agnostic_t,domain,mechanistic,extra_trees [combined],1.0,0.04623661194929729,0.04551626560639001,1080,18
rho_W5_k2,time_agnostic_t,domain,mechanistic,random_forest [combined],2.0,0.04676140453059699,0.0459290295460884,1080,18
rho_W5_k2,time_agnostic_t,domain,mechanistic,extra_trees [patterns],3.0,0.047857192627974575,0.04735961601901711,1080,18
rho_W5_k2,time_agnostic_t,domain,mechanistic,random_forest [patterns],4.0,0.04819545297815748,0.047478626277347495,1080,18
rho_W5_k2,time_agnostic_t,domain,mechanistic,hist_gradient_boosting [combined],5.0,0.05051715384482019,0.049808578764565355,1080,18
rho_W5_k2,time_agnostic_t,domain,mechanistic,hist_gradient_boosting [patterns],6.0,0.05187999892964739,0.051072696217505494,1080,18
rho_W5_k2,time_agnostic_t,domain,mechanistic,extra_trees [occupancy],7.0,0.060025106631229265,0.060813973780110366,1080,18
rho_W5_k2,time_agnostic_t,domain,mechanistic,random_forest [occupancy],8.0,0.060684293098197443,0.06165990154058186,1080,18
rho_W5_k2,time_agnostic_t,domain,mechanistic,hist_gradient_boosting [occupancy],9.0,0.06124450683145597,0.06238644543899696,1080,18
rho_W5_k2,time_agnostic_t,domain,mechanistic,mask_mle,10.0,0.06574086807439238,0.06398000282247218,1080,18
rho_W5_k2,time_agnostic_t,domain,mechanistic,beta_mle_lofo,11.0,0.06817277989029245,0.06594080232674986,1080,18
rho_W5_k2,time_agnostic_t,domain,mechanistic,occ_mle,12.0,0.07542097227938648,0.07183290294249735,1080,18
rho_W5_k2,time_agnostic_t,domain,mechanistic,ridge [patterns],13.0,0.10820555433375229,0.10566150584765256,1080,18
rho_W5_k2,time_agnostic_t,domain,mechanistic,ridge [combined],14.0,0.110130041931916,0.10750528699956764,1080,18
rho_W5_k2,time_agnostic_t,domain,mechanistic,ridge [occupancy],15.0,0.126489247292198,0.12481921451857597,1080,18
rho_W5_k2,time_agnostic_t,domain,mechanistic,extra_trees [crawl],16.0,0.1609558342535831,0.155674396231904,1080,18
rho_W5_k2,time_agnostic_t,domain,mechanistic,random_forest [crawl],17.0,0.16992641698108368,0.16559177052839175,1080,18
rho_W5_k2,time_agnostic_t,domain,mechanistic,hist_gradient_boosting [crawl],18.0,0.1853557683798316,0.1808459946173436,1080,18
rho_W5_k2,time_agnostic_t,domain,mechanistic,ridge [crawl],19.0,0.20374642917949995,0.1949452475603915,1080,18
rho_W5_k2,time_agnostic_t,domain,mechanistic,mean_floor,20.0,0.2472457988639472,0.23743936608974645,1080,18
rho_W5_k2,time_agnostic_t,domain,mechanistic,plugin,21.0,0.43364167877623394,0.40057024838363037,1080,18
rho_W5_k2,time_agnostic_t,domain,messaging,random_forest [occupancy],1.0,0.06655232254207583,0.06655232254207583,120,1
rho_W5_k2,time_agnostic_t,domain,messaging,extra_trees [occupancy],2.0,0.06859917762063548,0.06859917762063548,120,1
rho_W5_k2,time_agnostic_t,domain,messaging,hist_gradient_boosting [occupancy],3.0,0.06944005237849857,0.06944005237849858,120,1
rho_W5_k2,time_agnostic_t,domain,messaging,extra_trees [combined],4.0,0.09522074410532441,0.09522074410532441,120,1
rho_W5_k2,time_agnostic_t,domain,messaging,mask_mle,5.0,0.09636781344852938,0.09636781344852938,120,1
rho_W5_k2,time_agnostic_t,domain,messaging,hist_gradient_boosting [combined],6.0,0.09729267526391355,0.09729267526391355,120,1
rho_W5_k2,time_agnostic_t,domain,messaging,ridge [combined],7.0,0.09774315046576963,0.09774315046576962,120,1
rho_W5_k2,time_agnostic_t,domain,messaging,ridge [patterns],8.0,0.09916976940596164,0.09916976940596164,120,1
rho_W5_k2,time_agnostic_t,domain,messaging,random_forest [combined],9.0,0.10225335162302114,0.10225335162302114,120,1
rho_W5_k2,time_agnostic_t,domain,messaging,random_forest [patterns],10.0,0.10383572734593925,0.10383572734593924,120,1
rho_W5_k2,time_agnostic_t,domain,messaging,ridge [occupancy],11.0,0.106185497404707,0.106185497404707,120,1
rho_W5_k2,time_agnostic_t,domain,messaging,beta_mle_lofo,12.0,0.11249701256919833,0.11249701256919835,120,1
rho_W5_k2,time_agnostic_t,domain,messaging,hist_gradient_boosting [patterns],13.0,0.11292587543644889,0.1129258754364489,120,1
rho_W5_k2,time_agnostic_t,domain,messaging,extra_trees [patterns],14.0,0.11303718632311271,0.11303718632311271,120,1
rho_W5_k2,time_agnostic_t,domain,messaging,occ_mle,15.0,0.12146414764148179,0.12146414764148179,120,1
rho_W5_k2,time_agnostic_t,domain,messaging,mean_floor,16.0,0.16168521462639113,0.1616852146263911,120,1
rho_W5_k2,time_agnostic_t,domain,messaging,random_forest [crawl],17.0,0.1618844321942062,0.1618844321942062,120,1
rho_W5_k2,time_agnostic_t,domain,messaging,hist_gradient_boosting [crawl],18.0,0.16199777822086542,0.16199777822086542,120,1
rho_W5_k2,time_agnostic_t,domain,messaging,extra_trees [crawl],19.0,0.16596127713830558,0.16596127713830558,120,1
rho_W5_k2,time_agnostic_t,domain,messaging,ridge [crawl],20.0,0.16833385584864463,0.16833385584864463,120,1
rho_W5_k2,time_agnostic_t,domain,messaging,plugin,21.0,0.3253148634492626,0.3253148634492626,120,1
rho_W5_k2,time_agnostic_t,domain,proximity,random_forest [occupancy],1.0,0.0735703132001559,0.07357031320015592,480,4
rho_W5_k2,time_agnostic_t,domain,proximity,hist_gradient_boosting [occupancy],2.0,0.07416252192216038,0.07416252192216038,480,4
rho_W5_k2,time_agnostic_t,domain,proximity,extra_trees [occupancy],3.0,0.07417697394431641,0.07417697394431641,480,4
rho_W5_k2,time_agnostic_t,domain,proximity,mask_mle,4.0,0.09796191098213704,0.09796191098213702,480,4
rho_W5_k2,time_agnostic_t,domain,proximity,extra_trees [combined],5.0,0.10008197077263473,0.10008197077263473,480,4
rho_W5_k2,time_agnostic_t,domain,proximity,beta_mle_lofo,6.0,0.10048084080616984,0.10048084080616983,480,4
rho_W5_k2,time_agnostic_t,domain,proximity,ridge [occupancy],7.0,0.10542532575756078,0.10542532575756078,480,4
rho_W5_k2,time_agnostic_t,domain,proximity,random_forest [combined],8.0,0.10655359393737332,0.10655359393737332,480,4
rho_W5_k2,time_agnostic_t,domain,proximity,extra_trees [patterns],9.0,0.10725566429416117,0.10725566429416118,480,4
rho_W5_k2,time_agnostic_t,domain,proximity,hist_gradient_boosting [combined],10.0,0.10776409306690272,0.10776409306690271,480,4
rho_W5_k2,time_agnostic_t,domain,proximity,hist_gradient_boosting [patterns],11.0,0.11055914955308427,0.11055914955308428,480,4
rho_W5_k2,time_agnostic_t,domain,proximity,random_forest [patterns],12.0,0.11337920554120591,0.1133792055412059,480,4
rho_W5_k2,time_agnostic_t,domain,proximity,occ_mle,13.0,0.11369937300936334,0.11369937300936334,480,4
rho_W5_k2,time_agnostic_t,domain,proximity,ridge [patterns],14.0,0.1294923418813223,0.12949234188132233,480,4
rho_W5_k2,time_agnostic_t,domain,proximity,ridge [combined],15.0,0.13541086278884634,0.13541086278884634,480,4
rho_W5_k2,time_agnostic_t,domain,proximity,mean_floor,16.0,0.17957577320490897,0.17957577320490897,480,4
rho_W5_k2,time_agnostic_t,domain,proximity,extra_trees [crawl],17.0,0.1867978263789832,0.1867978263789832,480,4
rho_W5_k2,time_agnostic_t,domain,proximity,ridge [crawl],18.0,0.18902694304305215,0.1890269430430521,480,4
rho_W5_k2,time_agnostic_t,domain,proximity,random_forest [crawl],19.0,0.18965666855637237,0.18965666855637234,480,4
rho_W5_k2,time_agnostic_t,domain,proximity,hist_gradient_boosting [crawl],20.0,0.1948234960035666,0.19482349600356663,480,4
rho_W5_k2,time_agnostic_t,domain,proximity,plugin,21.0,0.35600091823274566,0.3560009182327456,480,4
rho_W5_k2,time_agnostic_t,overall,all,extra_trees [combined],1.0,0.06471858460144217,0.05938120339243055,2952,36
rho_W5_k2,time_agnostic_t,overall,all,random_forest [combined],2.0,0.06676726658451977,0.06095786862029589,2952,36
rho_W5_k2,time_agnostic_t,overall,all,extra_trees [patterns],3.0,0.0682707667981819,0.062416439252754516,2952,36
rho_W5_k2,time_agnostic_t,overall,all,hist_gradient_boosting [combined],4.0,0.06881110304651643,0.06339409564736674,2952,36
rho_W5_k2,time_agnostic_t,overall,all,extra_trees [occupancy],5.0,0.06465821829542805,0.06362670467086146,2952,36
rho_W5_k2,time_agnostic_t,overall,all,random_forest [patterns],6.0,0.0698714926990462,0.0636626483523974,2952,36
rho_W5_k2,time_agnostic_t,overall,all,random_forest [occupancy],7.0,0.06504015788603576,0.06418142812090978,2952,36
rho_W5_k2,time_agnostic_t,overall,all,hist_gradient_boosting [occupancy],8.0,0.06562828932697867,0.06483339181716373,2952,36
rho_W5_k2,time_agnostic_t,overall,all,hist_gradient_boosting [patterns],9.0,0.07158865181900444,0.06566364855675909,2952,36
rho_W5_k2,time_agnostic_t,overall,all,mask_mle,10.0,0.07546522021567878,0.07184076849833713,2952,36
rho_W5_k2,time_agnostic_t,overall,all,beta_mle_lofo,11.0,0.07886808843382638,0.07480997208920842,2952,36
rho_W5_k2,time_agnostic_t,overall,all,occ_mle,12.0,0.08617585384445668,0.08110641487079638,2952,36
rho_W5_k2,time_agnostic_t,overall,all,ridge [patterns],13.0,0.10072443539918584,0.09969519649696179,2952,36
rho_W5_k2,time_agnostic_t,overall,all,ridge [combined],14.0,0.10209892632996509,0.10105671940560128,2952,36
rho_W5_k2,time_agnostic_t,overall,all,ridge [occupancy],15.0,0.1085981633327637,0.11095001967807541,2952,36
rho_W5_k2,time_agnostic_t,overall,all,extra_trees [crawl],16.0,0.16628070891891542,0.1619650230551561,2952,36
rho_W5_k2,time_agnostic_t,overall,all,random_forest [crawl],17.0,0.1700547045851528,0.167309788671386,2952,36
rho_W5_k2,time_agnostic_t,overall,all,hist_gradient_boosting [crawl],18.0,0.17656820216417676,0.17543826476869187,2952,36
rho_W5_k2,time_agnostic_t,overall,all,ridge [crawl],19.0,0.18884956199339603,0.1871149625189667,2952,36
rho_W5_k2,time_agnostic_t,overall,all,mean_floor,20.0,0.20599039699670083,0.20995974043553522,2952,36
rho_W5_k2,time_agnostic_t,overall,all,plugin,21.0,0.3516666842598463,0.350087104352856,2952,36
rho_W5_k2,time_respecting,budget,100,hist_gradient_boosting [combined],1.0,0.12582326741326272,0.12189902546450061,738,36
rho_W5_k2,time_respecting,budget,100,extra_trees [combined],2.0,0.1298024402979674,0.1259502348859767,738,36
rho_W5_k2,time_respecting,budget,100,random_forest [combined],3.0,0.13042308344051898,0.12727002322988965,738,36
rho_W5_k2,time_respecting,budget,100,hist_gradient_boosting [patterns],4.0,0.13245225278351497,0.12941766320007198,738,36
rho_W5_k2,time_respecting,budget,100,random_forest [patterns],5.0,0.13611112261457217,0.13401576312281155,738,36
rho_W5_k2,time_respecting,budget,100,extra_trees [patterns],6.0,0.13653687975511938,0.13469542002635979,738,36
rho_W5_k2,time_respecting,budget,100,hist_gradient_boosting [occupancy],7.0,0.1477243567294476,0.1480643096963067,738,36
rho_W5_k2,time_respecting,budget,100,extra_trees [occupancy],8.0,0.1525993347917048,0.15113784015959722,738,36
rho_W5_k2,time_respecting,budget,100,random_forest [occupancy],9.0,0.15344783954458946,0.1511827410880844,738,36
rho_W5_k2,time_respecting,budget,100,ridge [combined],10.0,0.15430507076569125,0.1530916645084747,738,36
rho_W5_k2,time_respecting,budget,100,extra_trees [crawl],11.0,0.16529387026841455,0.15815619650527885,738,36
rho_W5_k2,time_respecting,budget,100,random_forest [crawl],12.0,0.1691946088845135,0.16243197214820426,738,36
rho_W5_k2,time_respecting,budget,100,hist_gradient_boosting [crawl],13.0,0.1722990741277905,0.1664275338535527,738,36
rho_W5_k2,time_respecting,budget,100,ridge [patterns],14.0,0.1640406308888448,0.16858757963793558,738,36
rho_W5_k2,time_respecting,budget,100,ridge [occupancy],15.0,0.16205516731226152,0.17243291765727264,738,36
rho_W5_k2,time_respecting,budget,100,ridge [crawl],16.0,0.1936343904700015,0.19596929516544537,738,36
rho_W5_k2,time_respecting,budget,100,mean_floor,17.0,0.20599039699670083,0.20995974043553522,738,36
rho_W5_k2,time_respecting,budget,100,beta_mle_lofo,18.0,0.25207619930186226,0.2728036700959898,738,36
rho_W5_k2,time_respecting,budget,100,occ_mle,19.0,0.2815202385852552,0.2864033351023528,738,36
rho_W5_k2,time_respecting,budget,100,mask_mle,20.0,0.28858018923832846,0.29135833771037056,738,36
rho_W5_k2,time_respecting,budget,100,plugin,21.0,0.41406090655070177,0.41861700661190576,738,36
rho_W5_k2,time_respecting,budget,1600,random_forest [combined],1.0,0.056908879375486915,0.049772508853615324,738,36
rho_W5_k2,time_respecting,budget,1600,extra_trees [combined],2.0,0.056839223261380474,0.05025741608812342,738,36
rho_W5_k2,time_respecting,budget,1600,hist_gradient_boosting [combined],3.0,0.05686237708046033,0.05082637889162325,738,36
rho_W5_k2,time_respecting,budget,1600,random_forest [patterns],4.0,0.061728962646044196,0.05502852934130603,738,36
rho_W5_k2,time_respecting,budget,1600,extra_trees [patterns],5.0,0.06158062704723294,0.056084185007593074,738,36
rho_W5_k2,time_respecting,budget,1600,hist_gradient_boosting [patterns],6.0,0.06167255662988583,0.05696599745038189,738,36
rho_W5_k2,time_respecting,budget,1600,ridge [combined],7.0,0.09700396519395561,0.09280342865821,738,36
rho_W5_k2,time_respecting,budget,1600,extra_trees [occupancy],8.0,0.09205764488013062,0.09416431576953613,738,36
rho_W5_k2,time_respecting,budget,1600,random_forest [occupancy],9.0,0.09252317153516296,0.0949628909610488,738,36
rho_W5_k2,time_respecting,budget,1600,hist_gradient_boosting [occupancy],10.0,0.09550350742654465,0.09889628951576762,738,36
rho_W5_k2,time_respecting,budget,1600,extra_trees [crawl],11.0,0.11592471251627805,0.10394301343994834,738,36
rho_W5_k2,time_respecting,budget,1600,ridge [patterns],12.0,0.10794893956539778,0.11306009579520053,738,36
rho_W5_k2,time_respecting,budget,1600,random_forest [crawl],13.0,0.1256954085966146,0.11460795219075097,738,36
rho_W5_k2,time_respecting,budget,1600,hist_gradient_boosting [crawl],14.0,0.12974888581653207,0.11915118839662878,738,36
rho_W5_k2,time_respecting,budget,1600,ridge [occupancy],15.0,0.12121092681448485,0.13166598158779705,738,36
rho_W5_k2,time_respecting,budget,1600,beta_mle_lofo,16.0,0.13579806347546822,0.1507494298559377,738,36
rho_W5_k2,time_respecting,budget,1600,ridge [crawl],17.0,0.16250099461186532,0.164495700950265,738,36
rho_W5_k2,time_respecting,budget,1600,mask_mle,18.0,0.18533303888688074,0.17624603384393903,738,36
rho_W5_k2,time_respecting,budget,1600,occ_mle,19.0,0.21682341068079594,0.20515776406440137,738,36
rho_W5_k2,time_respecting,budget,1600,mean_floor,20.0,0.20599039699670083,0.20995974043553522,738,36
rho_W5_k2,time_respecting,budget,1600,plugin,21.0,0.37323537846826077,0.37527556608391616,738,36
rho_W5_k2,time_respecting,budget,3200,extra_trees [combined],1.0,0.04720395547425405,0.04071622840707323,738,36
rho_W5_k2,time_respecting,budget,3200,random_forest [combined],2.0,0.04952832298786927,0.0427031868897346,738,36
rho_W5_k2,time_respecting,budget,3200,hist_gradient_boosting [combined],3.0,0.049783499935532084,0.04477201423581943,738,36
rho_W5_k2,time_respecting,budget,3200,extra_trees [patterns],4.0,0.051601037834316306,0.045079272604352336,738,36
rho_W5_k2,time_respecting,budget,3200,random_forest [patterns],5.0,0.05318068319592062,0.046147317352371264,738,36
rho_W5_k2,time_respecting,budget,3200,hist_gradient_boosting [patterns],6.0,0.05465759550029302,0.04979734426405081,738,36
rho_W5_k2,time_respecting,budget,3200,extra_trees [occupancy],7.0,0.07560124804634617,0.07573760665279636,738,36
rho_W5_k2,time_respecting,budget,3200,random_forest [occupancy],8.0,0.07671741998418793,0.07651029042900742,738,36
rho_W5_k2,time_respecting,budget,3200,hist_gradient_boosting [occupancy],9.0,0.07689787742330849,0.07904045429147803,738,36
rho_W5_k2,time_respecting,budget,3200,extra_trees [crawl],10.0,0.10182259626515808,0.08874092709894782,738,36
rho_W5_k2,time_respecting,budget,3200,ridge [combined],11.0,0.10214930763126427,0.0965492567119738,738,36
rho_W5_k2,time_respecting,budget,3200,random_forest [crawl],12.0,0.11669047087665717,0.10484869500575483,738,36
rho_W5_k2,time_respecting,budget,3200,ridge [patterns],13.0,0.10496051091217577,0.10555166864183549,738,36
rho_W5_k2,time_respecting,budget,3200,hist_gradient_boosting [crawl],14.0,0.12011695036318816,0.10934770264437185,738,36
rho_W5_k2,time_respecting,budget,3200,ridge [occupancy],15.0,0.10568302148553227,0.11201674599661018,738,36
rho_W5_k2,time_respecting,budget,3200,beta_mle_lofo,16.0,0.11858164922805012,0.1310040285695393,738,36
rho_W5_k2,time_respecting,budget,3200,mask_mle,17.0,0.15721847608705752,0.14943354914357385,738,36
rho_W5_k2,time_respecting,budget,3200,ridge [crawl],18.0,0.16949128124873794,0.1645563231568366,738,36
rho_W5_k2,time_respecting,budget,3200,occ_mle,19.0,0.19410346589811148,0.18444552006502687,738,36
rho_W5_k2,time_respecting,budget,3200,mean_floor,20.0,0.20599039699670083,0.20995974043553522,738,36
rho_W5_k2,time_respecting,budget,3200,plugin,21.0,0.34251537561715434,0.34247600284744895,738,36
rho_W5_k2,time_respecting,budget,400,hist_gradient_boosting [combined],1.0,0.08529665750287342,0.07818134512548926,738,36
rho_W5_k2,time_respecting,budget,400,random_forest [combined],2.0,0.08603486641012924,0.08027167995814997,738,36
rho_W5_k2,time_respecting,budget,400,extra_trees [combined],3.0,0.08682818154720365,0.08127631222646109,738,36
rho_W5_k2,time_respecting,budget,400,hist_gradient_boosting [patterns],4.0,0.09050464025566135,0.08594462407927583,738,36
rho_W5_k2,time_respecting,budget,400,random_forest [patterns],5.0,0.09141006137479157,0.08659937830841288,738,36
rho_W5_k2,time_respecting,budget,400,extra_trees [patterns],6.0,0.0928920901766703,0.0890111935882669,738,36
rho_W5_k2,time_respecting,budget,400,ridge [combined],7.0,0.11667972446999193,0.11675271333201503,738,36
rho_W5_k2,time_respecting,budget,400,extra_trees [occupancy],8.0,0.11783567569831176,0.12031129552902953,738,36
rho_W5_k2,time_respecting,budget,400,hist_gradient_boosting [occupancy],9.0,0.11939049675834221,0.12367618009818532,738,36
rho_W5_k2,time_respecting,budget,400,random_forest [occupancy],10.0,0.12195918065099173,0.12793970281469444,738,36
rho_W5_k2,time_respecting,budget,400,ridge [patterns],11.0,0.1240932984798676,0.1293415974401705,738,36
rho_W5_k2,time_respecting,budget,400,extra_trees [crawl],12.0,0.14431498756171157,0.13439251897806406,738,36
rho_W5_k2,time_respecting,budget,400,random_forest [crawl],13.0,0.14844030676344727,0.13939124047660578,738,36
rho_W5_k2,time_respecting,budget,400,hist_gradient_boosting [crawl],14.0,0.14948071315988384,0.14053449828586229,738,36
rho_W5_k2,time_respecting,budget,400,ridge [occupancy],15.0,0.1422803816395864,0.15327227918491995,738,36
rho_W5_k2,time_respecting,budget,400,ridge [crawl],16.0,0.1808817634249345,0.18925473797707962,738,36
rho_W5_k2,time_respecting,budget,400,beta_mle_lofo,17.0,0.17931581694978202,0.19902244448728998,738,36
rho_W5_k2,time_respecting,budget,400,mean_floor,18.0,0.20599039699670083,0.20995974043553522,738,36
rho_W5_k2,time_respecting,budget,400,mask_mle,19.0,0.23105843014886027,0.2228241181548577,738,36
rho_W5_k2,time_respecting,budget,400,occ_mle,20.0,0.23902413764918443,0.2272524735701068,738,36
rho_W5_k2,time_respecting,budget,400,plugin,21.0,0.4036179268608574,0.40803535444884736,738,36
rho_W5_k2,time_respecting,coverage_band,high(>.15),extra_trees [combined],1.0,0.04172271728514941,0.03897032095852321,912,28
rho_W5_k2,time_respecting,coverage_band,high(>.15),random_forest [combined],2.0,0.04410400821725912,0.040343453591158526,912,28
rho_W5_k2,time_respecting,coverage_band,high(>.15),hist_gradient_boosting [combined],3.0,0.04504153409941831,0.041079316620014385,912,28
rho_W5_k2,time_respecting,coverage_band,high(>.15),extra_trees [patterns],4.0,0.044342365804267814,0.04392215775490931,912,28
rho_W5_k2,time_respecting,coverage_band,high(>.15),random_forest [patterns],5.0,0.046947837912238666,0.045355483448554355,912,28
rho_W5_k2,time_respecting,coverage_band,high(>.15),hist_gradient_boosting [patterns],6.0,0.04795716623398205,0.04754773404077624,912,28
rho_W5_k2,time_respecting,coverage_band,high(>.15),ridge [combined],7.0,0.09843817583774644,0.10128439485164462,912,28
rho_W5_k2,time_respecting,coverage_band,high(>.15),random_forest [occupancy],8.0,0.08580359916260302,0.10248291094677411,912,28
rho_W5_k2,time_respecting,coverage_band,high(>.15),hist_gradient_boosting [occupancy],9.0,0.08480104775101822,0.10311416557923356,912,28
rho_W5_k2,time_respecting,coverage_band,high(>.15),extra_trees [occupancy],10.0,0.08632338919245588,0.1049009308089618,912,28
rho_W5_k2,time_respecting,coverage_band,high(>.15),ridge [patterns],11.0,0.10041238603855665,0.10770827709620588,912,28
rho_W5_k2,time_respecting,coverage_band,high(>.15),extra_trees [crawl],12.0,0.11302240522957138,0.11571779964772162,912,28
rho_W5_k2,time_respecting,coverage_band,high(>.15),ridge [occupancy],13.0,0.10336738141298273,0.12041667099255926,912,28
rho_W5_k2,time_respecting,coverage_band,high(>.15),random_forest [crawl],14.0,0.13027495089358346,0.1334878052416604,912,28
rho_W5_k2,time_respecting,coverage_band,high(>.15),hist_gradient_boosting [crawl],15.0,0.13301770900732562,0.13856606842988373,912,28
rho_W5_k2,time_respecting,coverage_band,high(>.15),beta_mle_lofo,16.0,0.12207769826040311,0.165130973149515,912,28
rho_W5_k2,time_respecting,coverage_band,high(>.15),ridge [crawl],17.0,0.17642785875621222,0.18452074722845097,912,28
rho_W5_k2,time_respecting,coverage_band,high(>.15),mask_mle,18.0,0.17597410495920074,0.18782305388283624,912,28
rho_W5_k2,time_respecting,coverage_band,high(>.15),occ_mle,19.0,0.2058104787721766,0.20795732981835927,912,28
rho_W5_k2,time_respecting,coverage_band,high(>.15),mean_floor,20.0,0.22348613138631201,0.2201527242014318,912,28
rho_W5_k2,time_respecting,coverage_band,high(>.15),plugin,21.0,0.38951849358306967,0.4230185286249181,912,28
rho_W5_k2,time_respecting,coverage_band,low(<.02),hist_gradient_boosting [combined],1.0,0.12730010621463608,0.11185674149636383,533,30
rho_W5_k2,time_respecting,coverage_band,low(<.02),extra_trees [combined],2.0,0.12604376289141836,0.11823764268026268,533,30
rho_W5_k2,time_respecting,coverage_band,low(<.02),random_forest [combined],3.0,0.12567114019090567,0.11996584252220671,533,30
rho_W5_k2,time_respecting,coverage_band,low(<.02),hist_gradient_boosting [patterns],4.0,0.13646074368765157,0.12139862644270133,533,30
rho_W5_k2,time_respecting,coverage_band,low(<.02),random_forest [patterns],5.0,0.13788794756250294,0.1330112390470214,533,30
rho_W5_k2,time_respecting,coverage_band,low(<.02),extra_trees [patterns],6.0,0.1380051041066886,0.1350469911523254,533,30
rho_W5_k2,time_respecting,coverage_band,low(<.02),extra_trees [crawl],7.0,0.1442746415757112,0.14552705829270401,533,30
rho_W5_k2,time_respecting,coverage_band,low(<.02),hist_gradient_boosting [crawl],8.0,0.15179938870374302,0.14604501372417375,533,30
rho_W5_k2,time_respecting,coverage_band,low(<.02),extra_trees [occupancy],9.0,0.1403716081193156,0.14911818106992028,533,30
rho_W5_k2,time_respecting,coverage_band,low(<.02),hist_gradient_boosting [occupancy],10.0,0.14219093376744518,0.1507424978674547,533,30
rho_W5_k2,time_respecting,coverage_band,low(<.02),random_forest [occupancy],11.0,0.14398670206831574,0.1516550129773857,533,30
rho_W5_k2,time_respecting,coverage_band,low(<.02),random_forest [crawl],12.0,0.15142806338137835,0.15456922079085267,533,30
rho_W5_k2,time_respecting,coverage_band,low(<.02),ridge [combined],13.0,0.1667256523003815,0.15807814893765793,533,30
rho_W5_k2,time_respecting,coverage_band,low(<.02),ridge [patterns],14.0,0.1873757610101791,0.18759735893008314,533,30
rho_W5_k2,time_respecting,coverage_band,low(<.02),ridge [occupancy],15.0,0.16892073720747497,0.2031844687920524,533,30
rho_W5_k2,time_respecting,coverage_band,low(<.02),ridge [crawl],16.0,0.18335362604215033,0.21123778037332736,533,30
rho_W5_k2,time_respecting,coverage_band,low(<.02),mean_floor,17.0,0.21077838393336612,0.24874532059494564,533,30
rho_W5_k2,time_respecting,coverage_band,low(<.02),occ_mle,18.0,0.25939209478916136,0.2691286949017239,533,30
rho_W5_k2,time_respecting,coverage_band,low(<.02),mask_mle,19.0,0.26284676397982415,0.2696446521395924,533,30
rho_W5_k2,time_respecting,coverage_band,low(<.02),beta_mle_lofo,20.0,0.2533124877905586,0.29401968900375836,533,30
rho_W5_k2,time_respecting,coverage_band,low(<.02),plugin,21.0,0.3816162754283858,0.34256010768652223,533,30
rho_W5_k2,time_respecting,coverage_band,mid,hist_gradient_boosting [combined],1.0,0.08333266497335125,0.08301216887857314,1507,36
rho_W5_k2,time_respecting,coverage_band,mid,random_forest [combined],2.0,0.08698808833314017,0.08580731228802138,1507,36
rho_W5_k2,time_respecting,coverage_band,mid,extra_trees [combined],3.0,0.0872095693718993,0.08626981294674121,1507,36
rho_W5_k2,time_respecting,coverage_band,mid,random_forest [patterns],4.0,0.09051310430573642,0.09054547388650264,1507,36
rho_W5_k2,time_respecting,coverage_band,mid,hist_gradient_boosting [patterns],5.0,0.08886750321438236,0.0906221583124689,1507,36
rho_W5_k2,time_respecting,coverage_band,mid,extra_trees [patterns],6.0,0.09213648997338213,0.09322713295018066,1507,36
rho_W5_k2,time_respecting,coverage_band,mid,ridge [combined],7.0,0.11169310231507522,0.11304099500546351,1507,36
rho_W5_k2,time_respecting,coverage_band,mid,extra_trees [occupancy],8.0,0.11265315371616265,0.11869073185178719,1507,36
rho_W5_k2,time_respecting,coverage_band,mid,hist_gradient_boosting [occupancy],9.0,0.11362751204127643,0.12009966185455882,1507,36
rho_W5_k2,time_respecting,coverage_band,mid,random_forest [occupancy],10.0,0.11489856855136936,0.12288540668481342,1507,36
rho_W5_k2,time_respecting,coverage_band,mid,extra_trees [crawl],11.0,0.13882815755149952,0.12911972507272595,1507,36
rho_W5_k2,time_respecting,coverage_band,mid,ridge [patterns],12.0,0.11832955384271393,0.12949944335318142,1507,36
rho_W5_k2,time_respecting,coverage_band,mid,random_forest [crawl],13.0,0.14185363888669333,0.13388055061158777,1507,36
rho_W5_k2,time_respecting,coverage_band,mid,hist_gradient_boosting [crawl],14.0,0.14575530545797027,0.13703978432196984,1507,36
rho_W5_k2,time_respecting,coverage_band,mid,ridge [occupancy],15.0,0.13785107112916523,0.15359442038026203,1507,36
rho_W5_k2,time_respecting,coverage_band,mid,ridge [crawl],16.0,0.17436863390408514,0.17860135496727103,1507,36
rho_W5_k2,time_respecting,coverage_band,mid,beta_mle_lofo,17.0,0.1723617247266455,0.1918113136050733,1507,36
rho_W5_k2,time_respecting,coverage_band,mid,mean_floor,18.0,0.1937089724442337,0.20242906442103964,1507,36
rho_W5_k2,time_respecting,coverage_band,mid,mask_mle,19.0,0.22276749186096512,0.2243879533674219,1507,36
rho_W5_k2,time_respecting,coverage_band,mid,occ_mle,20.0,0.23986107592130196,0.23550686574668397,1507,36
rho_W5_k2,time_respecting,coverage_band,mid,plugin,21.0,0.3802446546925533,0.4032537402884033,1507,36
rho_W5_k2,time_respecting,data_block,mechanistic_activity,extra_trees [crawl],1.0,0.041760361373643834,0.041760361373643834,216,6
rho_W5_k2,time_respecting,data_block,mechanistic_activity,random_forest [combined],2.0,0.05056850024512513,0.05056850024512513,216,6
rho_W5_k2,time_respecting,data_block,mechanistic_activity,random_forest [crawl],3.0,0.05064810425734283,0.05064810425734282,216,6
rho_W5_k2,time_respecting,data_block,mechanistic_activity,extra_trees [combined],4.0,0.05118965090158362,0.05118965090158362,216,6
rho_W5_k2,time_respecting,data_block,mechanistic_activity,hist_gradient_boosting [combined],5.0,0.05234177762542691,0.05234177762542692,216,6
rho_W5_k2,time_respecting,data_block,mechanistic_activity,random_forest [patterns],6.0,0.0598942113655642,0.05989421136556422,216,6
rho_W5_k2,time_respecting,data_block,mechanistic_activity,hist_gradient_boosting [crawl],7.0,0.0635988174850292,0.0635988174850292,216,6
rho_W5_k2,time_respecting,data_block,mechanistic_activity,extra_trees [patterns],8.0,0.06614574782792997,0.06614574782792997,216,6
rho_W5_k2,time_respecting,data_block,mechanistic_activity,hist_gradient_boosting [patterns],9.0,0.06815867244805524,0.06815867244805525,216,6
rho_W5_k2,time_respecting,data_block,mechanistic_activity,mask_mle,10.0,0.09136938855613831,0.09136938855613834,216,6
rho_W5_k2,time_respecting,data_block,mechanistic_activity,occ_mle,11.0,0.10850419109376419,0.10850419109376419,216,6
rho_W5_k2,time_respecting,data_block,mechanistic_activity,ridge [combined],12.0,0.11835149612917016,0.11835149612917013,216,6
rho_W5_k2,time_respecting,data_block,mechanistic_activity,extra_trees [occupancy],13.0,0.12476855696225916,0.12476855696225915,216,6
rho_W5_k2,time_respecting,data_block,mechanistic_activity,random_forest [occupancy],14.0,0.13615693501272835,0.13615693501272833,216,6
rho_W5_k2,time_respecting,data_block,mechanistic_activity,hist_gradient_boosting [occupancy],15.0,0.14263052157818312,0.1426305215781831,216,6
rho_W5_k2,time_respecting,data_block,mechanistic_activity,ridge [crawl],16.0,0.173245448762241,0.17324544876224102,216,6
rho_W5_k2,time_respecting,data_block,mechanistic_activity,ridge [patterns],17.0,0.18667256483966574,0.18667256483966574,216,6
rho_W5_k2,time_respecting,data_block,mechanistic_activity,mean_floor,18.0,0.18840720221874255,0.18840720221874255,216,6
rho_W5_k2,time_respecting,data_block,mechanistic_activity,ridge [occupancy],19.0,0.21630118138326554,0.21630118138326557,216,6
rho_W5_k2,time_respecting,data_block,mechanistic_activity,plugin,20.0,0.25075208373188396,0.2507520837318839,216,6
rho_W5_k2,time_respecting,data_block,mechanistic_activity,beta_mle_lofo,21.0,0.34989481793899707,0.34989481793899707,216,6
rho_W5_k2,time_respecting,data_block,mechanistic_dar,hist_gradient_boosting [combined],1.0,0.06800311473738434,0.06800311473738434,864,12
rho_W5_k2,time_respecting,data_block,mechanistic_dar,extra_trees [combined],2.0,0.06836290386271672,0.06836290386271672,864,12
rho_W5_k2,time_respecting,data_block,mechanistic_dar,random_forest [combined],3.0,0.0693506404767523,0.0693506404767523,864,12
rho_W5_k2,time_respecting,data_block,mechanistic_dar,extra_trees [patterns],4.0,0.07532019677207445,0.07532019677207447,864,12
rho_W5_k2,time_respecting,data_block,mechanistic_dar,hist_gradient_boosting [patterns],5.0,0.07555959152794005,0.07555959152794005,864,12
rho_W5_k2,time_respecting,data_block,mechanistic_dar,random_forest [patterns],6.0,0.07620853790843521,0.07620853790843521,864,12
rho_W5_k2,time_respecting,data_block,mechanistic_dar,random_forest [occupancy],7.0,0.11120881218328395,0.11120881218328398,864,12
rho_W5_k2,time_respecting,data_block,mechanistic_dar,hist_gradient_boosting [occupancy],8.0,0.11156866370981915,0.11156866370981916,864,12
rho_W5_k2,time_respecting,data_block,mechanistic_dar,ridge [combined],9.0,0.11206257493700383,0.11206257493700383,864,12
rho_W5_k2,time_respecting,data_block,mechanistic_dar,extra_trees [occupancy],10.0,0.11298981754845003,0.11298981754845,864,12
rho_W5_k2,time_respecting,data_block,mechanistic_dar,ridge [patterns],11.0,0.1186137002710424,0.11861370027104241,864,12
rho_W5_k2,time_respecting,data_block,mechanistic_dar,extra_trees [crawl],12.0,0.1423252507705437,0.1423252507705437,864,12
rho_W5_k2,time_respecting,data_block,mechanistic_dar,ridge [occupancy],13.0,0.14673500938970777,0.14673500938970777,864,12
rho_W5_k2,time_respecting,data_block,mechanistic_dar,hist_gradient_boosting [crawl],14.0,0.15391171860629,0.15391171860629002,864,12
rho_W5_k2,time_respecting,data_block,mechanistic_dar,random_forest [crawl],15.0,0.1575746592165821,0.15757465921658212,864,12
rho_W5_k2,time_respecting,data_block,mechanistic_dar,beta_mle_lofo,16.0,0.16786657800078764,0.16786657800078764,864,12
rho_W5_k2,time_respecting,data_block,mechanistic_dar,ridge [crawl],17.0,0.20738133443622087,0.20738133443622084,864,12
rho_W5_k2,time_respecting,data_block,mechanistic_dar,mean_floor,18.0,0.26195544802524845,0.26195544802524845,864,12
rho_W5_k2,time_respecting,data_block,mechanistic_dar,occ_mle,19.0,0.3037528171094902,0.3037528171094902,864,12
rho_W5_k2,time_respecting,data_block,mechanistic_dar,mask_mle,20.0,0.3085621456734759,0.30856214567347595,864,12
rho_W5_k2,time_respecting,data_block,mechanistic_dar,plugin,21.0,0.570387309873805,0.570387309873805,864,12
rho_W5_k2,time_respecting,data_block,real_controlled,hist_gradient_boosting [combined],1.0,0.12232007732963013,0.12232007732963013,432,6
rho_W5_k2,time_respecting,data_block,real_controlled,hist_gradient_boosting [patterns],2.0,0.1233198653441528,0.1233198653441528,432,6
rho_W5_k2,time_respecting,data_block,real_controlled,extra_trees [combined],3.0,0.1259734249012724,0.1259734249012724,432,6
rho_W5_k2,time_respecting,data_block,real_controlled,extra_trees [occupancy],4.0,0.1259907678246258,0.1259907678246258,432,6
rho_W5_k2,time_respecting,data_block,real_controlled,extra_trees [patterns],5.0,0.1261849677947089,0.1261849677947089,432,6
rho_W5_k2,time_respecting,data_block,real_controlled,random_forest [combined],6.0,0.12843650368645035,0.12843650368645035,432,6
rho_W5_k2,time_respecting,data_block,real_controlled,random_forest [occupancy],7.0,0.1295890492385095,0.12958904923850953,432,6
rho_W5_k2,time_respecting,data_block,real_controlled,ridge [occupancy],8.0,0.1303554315617373,0.1303554315617373,432,6
rho_W5_k2,time_respecting,data_block,real_controlled,random_forest [patterns],9.0,0.13117639952423754,0.13117639952423757,432,6
rho_W5_k2,time_respecting,data_block,real_controlled,hist_gradient_boosting [occupancy],10.0,0.1317415330894944,0.1317415330894944,432,6
rho_W5_k2,time_respecting,data_block,real_controlled,ridge [patterns],11.0,0.16189296650118962,0.16189296650118964,432,6
rho_W5_k2,time_respecting,data_block,real_controlled,ridge [combined],12.0,0.1764635947815746,0.17646359478157458,432,6
rho_W5_k2,time_respecting,data_block,real_controlled,mean_floor,13.0,0.1782145177625851,0.17821451776258512,432,6
rho_W5_k2,time_respecting,data_block,real_controlled,extra_trees [crawl],14.0,0.1840994545108062,0.1840994545108062,432,6
rho_W5_k2,time_respecting,data_block,real_controlled,hist_gradient_boosting [crawl],15.0,0.18598997742647333,0.18598997742647336,432,6
rho_W5_k2,time_respecting,data_block,real_controlled,mask_mle,16.0,0.1866447809441534,0.18664478094415346,432,6
rho_W5_k2,time_respecting,data_block,real_controlled,beta_mle_lofo,17.0,0.1873227677016904,0.1873227677016904,432,6
rho_W5_k2,time_respecting,data_block,real_controlled,random_forest [crawl],18.0,0.1903936598058928,0.19039365980589276,432,6
rho_W5_k2,time_respecting,data_block,real_controlled,ridge [crawl],19.0,0.19262571578214893,0.19262571578214893,432,6
rho_W5_k2,time_respecting,data_block,real_controlled,occ_mle,20.0,0.20593333984134982,0.20593333984134984,432,6
rho_W5_k2,time_respecting,data_block,real_controlled,plugin,21.0,0.2705409604188403,0.2705409604188403,432,6
rho_W5_k2,time_respecting,data_block,real_empirical,mean_floor,1.0,0.10611441324204729,0.10611441324204729,72,6
rho_W5_k2,time_respecting,data_block,real_empirical,hist_gradient_boosting [crawl],2.0,0.10933956489705123,0.10933956489705121,72,6
rho_W5_k2,time_respecting,data_block,real_empirical,hist_gradient_boosting [combined],3.0,0.11281792006795205,0.11281792006795206,72,6
rho_W5_k2,time_respecting,data_block,real_empirical,random_forest [combined],4.0,0.1133782765333861,0.1133782765333861,72,6
rho_W5_k2,time_respecting,data_block,real_empirical,random_forest [crawl],5.0,0.11866274059713788,0.11866274059713787,72,6
rho_W5_k2,time_respecting,data_block,real_empirical,extra_trees [combined],6.0,0.11932857562904776,0.11932857562904779,72,6
rho_W5_k2,time_respecting,data_block,real_empirical,random_forest [patterns],7.0,0.1221365927570928,0.12213659275709281,72,6
rho_W5_k2,time_respecting,data_block,real_empirical,hist_gradient_boosting [patterns],8.0,0.1264194064351519,0.12641940643515187,72,6
rho_W5_k2,time_respecting,data_block,real_empirical,extra_trees [patterns],9.0,0.1297635945025347,0.1297635945025347,72,6
rho_W5_k2,time_respecting,data_block,real_empirical,random_forest [occupancy],10.0,0.1375678706804574,0.13756787068045737,72,6
rho_W5_k2,time_respecting,data_block,real_empirical,hist_gradient_boosting [occupancy],11.0,0.1375859507457232,0.1375859507457232,72,6
rho_W5_k2,time_respecting,data_block,real_empirical,extra_trees [occupancy],12.0,0.13810773416471367,0.13810773416471367,72,6
rho_W5_k2,time_respecting,data_block,real_empirical,extra_trees [crawl],13.0,0.13961941481211176,0.13961941481211174,72,6
rho_W5_k2,time_respecting,data_block,real_empirical,ridge [occupancy],14.0,0.1422943518449541,0.14229435184495406,72,6
rho_W5_k2,time_respecting,data_block,real_empirical,ridge [crawl],15.0,0.1637802723579385,0.1637802723579385,72,6
rho_W5_k2,time_respecting,data_block,real_empirical,ridge [combined],16.0,0.16381256532279564,0.16381256532279567,72,6
rho_W5_k2,time_respecting,data_block,real_empirical,ridge [patterns],17.0,0.17906255585047598,0.17906255585047595,72,6
rho_W5_k2,time_respecting,data_block,real_empirical,mask_mle,18.0,0.1889828529284193,0.1889828529284193,72,6
rho_W5_k2,time_respecting,data_block,real_empirical,occ_mle,19.0,0.20285238395668503,0.20285238395668506,72,6
rho_W5_k2,time_respecting,data_block,real_empirical,beta_mle_lofo,20.0,0.21891890657156274,0.21891890657156274,72,6
rho_W5_k2,time_respecting,data_block,real_empirical,plugin,21.0,0.314020342140619,0.3140203421406191,72,6
rho_W5_k2,time_respecting,data_block,real_shuffle,extra_trees [combined],1.0,0.1047836693551541,0.1047836693551541,216,6
rho_W5_k2,time_respecting,data_block,real_shuffle,random_forest [combined],2.0,0.10485354403181381,0.1048535440318138,216,6
rho_W5_k2,time_respecting,data_block,real_shuffle,extra_trees [patterns],3.0,0.11325499681941517,0.11325499681941516,216,6
rho_W5_k2,time_respecting,data_block,real_shuffle,random_forest [patterns],4.0,0.11815059792225847,0.11815059792225846,216,6
rho_W5_k2,time_respecting,data_block,real_shuffle,hist_gradient_boosting [combined],5.0,0.12221329243775385,0.12221329243775385,216,6
rho_W5_k2,time_respecting,data_block,real_shuffle,hist_gradient_boosting [patterns],6.0,0.13658112285424537,0.13658112285424537,216,6
rho_W5_k2,time_respecting,data_block,real_shuffle,hist_gradient_boosting [occupancy],7.0,0.1378914543560699,0.1378914543560699,216,6
rho_W5_k2,time_respecting,data_block,real_shuffle,extra_trees [occupancy],8.0,0.15206899911691252,0.15206899911691252,216,6
rho_W5_k2,time_respecting,data_block,real_shuffle,random_forest [occupancy],9.0,0.15515001189751154,0.15515001189751154,216,6
rho_W5_k2,time_respecting,data_block,real_shuffle,ridge [occupancy],10.0,0.1600130165741699,0.16001301657416986,216,6
rho_W5_k2,time_respecting,data_block,real_shuffle,ridge [crawl],11.0,0.1704073102411334,0.1704073102411334,216,6
rho_W5_k2,time_respecting,data_block,real_shuffle,ridge [combined],12.0,0.1733989878126531,0.1733989878126531,216,6
rho_W5_k2,time_respecting,data_block,real_shuffle,extra_trees [crawl],13.0,0.1864473617944135,0.18644736179441349,216,6
rho_W5_k2,time_respecting,data_block,real_shuffle,ridge [patterns],14.0,0.19156149925616828,0.19156149925616828,216,6
rho_W5_k2,time_respecting,data_block,real_shuffle,random_forest [crawl],15.0,0.1936484173389797,0.19364841733897967,216,6
rho_W5_k2,time_respecting,data_block,real_shuffle,mean_floor,16.0,0.20386039198373226,0.20386039198373226,216,6
rho_W5_k2,time_respecting,data_block,real_shuffle,hist_gradient_boosting [crawl],17.0,0.20403606389155862,0.20403606389155868,216,6
rho_W5_k2,time_respecting,data_block,real_shuffle,beta_mle_lofo,18.0,0.23095774137855296,0.23095774137855293,216,6
rho_W5_k2,time_respecting,data_block,real_shuffle,occ_mle,19.0,0.29718827836663275,0.2971882783666327,216,6
rho_W5_k2,time_respecting,data_block,real_shuffle,mask_mle,20.0,0.31404938120764214,0.31404938120764214,216,6
rho_W5_k2,time_respecting,data_block,real_shuffle,plugin,21.0,0.5544375819374607,0.5544375819374608,216,6
rho_W5_k2,time_respecting,data_block,synthetic_controlled,hist_gradient_boosting [combined],1.0,0.06691615617002691,0.0669161561700269,1152,12
rho_W5_k2,time_respecting,data_block,synthetic_controlled,hist_gradient_boosting [patterns],2.0,0.06815119564022747,0.06815119564022748,1152,12
rho_W5_k2,time_respecting,data_block,synthetic_controlled,extra_trees [combined],3.0,0.07021640773711008,0.07021640773711006,1152,12
rho_W5_k2,time_respecting,data_block,synthetic_controlled,random_forest [combined],4.0,0.0704502620618508,0.0704502620618508,1152,12
rho_W5_k2,time_respecting,data_block,synthetic_controlled,random_forest [patterns],5.0,0.07200525831899435,0.07200525831899433,1152,12
rho_W5_k2,time_respecting,data_block,synthetic_controlled,extra_trees [patterns],6.0,0.07392756314743794,0.07392756314743794,1152,12
rho_W5_k2,time_respecting,data_block,synthetic_controlled,ridge [combined],7.0,0.0860199195339061,0.0860199195339061,1152,12
rho_W5_k2,time_respecting,data_block,synthetic_controlled,hist_gradient_boosting [occupancy],8.0,0.08728852508484758,0.08728852508484758,1152,12
rho_W5_k2,time_respecting,data_block,synthetic_controlled,extra_trees [occupancy],9.0,0.08812623063047954,0.08812623063047954,1152,12
rho_W5_k2,time_respecting,data_block,synthetic_controlled,ridge [patterns],10.0,0.08920048081417539,0.0892004808141754,1152,12
rho_W5_k2,time_respecting,data_block,synthetic_controlled,random_forest [occupancy],11.0,0.08963182918977573,0.08963182918977575,1152,12
rho_W5_k2,time_respecting,data_block,synthetic_controlled,ridge [occupancy],12.0,0.10193204369171498,0.10193204369171498,1152,12
rho_W5_k2,time_respecting,data_block,synthetic_controlled,extra_trees [crawl],13.0,0.11054114919630423,0.11054114919630421,1152,12
rho_W5_k2,time_respecting,data_block,synthetic_controlled,random_forest [crawl],14.0,0.11596268594826165,0.11596268594826166,1152,12
rho_W5_k2,time_respecting,data_block,synthetic_controlled,beta_mle_lofo,15.0,0.12058425594041318,0.12058425594041318,1152,12
rho_W5_k2,time_respecting,data_block,synthetic_controlled,hist_gradient_boosting [crawl],16.0,0.1240151839799787,0.1240151839799787,1152,12
rho_W5_k2,time_respecting,data_block,synthetic_controlled,ridge [crawl],17.0,0.150165159231167,0.150165159231167,1152,12
rho_W5_k2,time_respecting,data_block,synthetic_controlled,mask_mle,18.0,0.1630997050771975,0.16309970507719748,1152,12
rho_W5_k2,time_respecting,data_block,synthetic_controlled,mean_floor,19.0,0.1843710373835482,0.1843710373835482,1152,12
rho_W5_k2,time_respecting,data_block,synthetic_controlled,occ_mle,20.0,0.20293854403980946,0.20293854403980946,1152,12
rho_W5_k2,time_respecting,data_block,synthetic_controlled,plugin,21.0,0.28251065323103947,0.28251065323103947,1152,12
rho_W5_k2,time_respecting,domain,controlled,hist_gradient_boosting [combined],1.0,0.06691615617002691,0.0669161561700269,1152,12
rho_W5_k2,time_respecting,domain,controlled,hist_gradient_boosting [patterns],2.0,0.06815119564022747,0.06815119564022748,1152,12
rho_W5_k2,time_respecting,domain,controlled,extra_trees [combined],3.0,0.07021640773711008,0.07021640773711006,1152,12
rho_W5_k2,time_respecting,domain,controlled,random_forest [combined],4.0,0.0704502620618508,0.0704502620618508,1152,12
rho_W5_k2,time_respecting,domain,controlled,random_forest [patterns],5.0,0.07200525831899435,0.07200525831899433,1152,12
rho_W5_k2,time_respecting,domain,controlled,extra_trees [patterns],6.0,0.07392756314743794,0.07392756314743794,1152,12
rho_W5_k2,time_respecting,domain,controlled,ridge [combined],7.0,0.0860199195339061,0.0860199195339061,1152,12
rho_W5_k2,time_respecting,domain,controlled,hist_gradient_boosting [occupancy],8.0,0.08728852508484758,0.08728852508484758,1152,12
rho_W5_k2,time_respecting,domain,controlled,extra_trees [occupancy],9.0,0.08812623063047954,0.08812623063047954,1152,12
rho_W5_k2,time_respecting,domain,controlled,ridge [patterns],10.0,0.08920048081417539,0.0892004808141754,1152,12
rho_W5_k2,time_respecting,domain,controlled,random_forest [occupancy],11.0,0.08963182918977573,0.08963182918977575,1152,12
rho_W5_k2,time_respecting,domain,controlled,ridge [occupancy],12.0,0.10193204369171498,0.10193204369171498,1152,12
rho_W5_k2,time_respecting,domain,controlled,extra_trees [crawl],13.0,0.11054114919630423,0.11054114919630421,1152,12
rho_W5_k2,time_respecting,domain,controlled,random_forest [crawl],14.0,0.11596268594826165,0.11596268594826166,1152,12
rho_W5_k2,time_respecting,domain,controlled,beta_mle_lofo,15.0,0.12058425594041318,0.12058425594041318,1152,12
rho_W5_k2,time_respecting,domain,controlled,hist_gradient_boosting [crawl],16.0,0.1240151839799787,0.1240151839799787,1152,12
rho_W5_k2,time_respecting,domain,controlled,ridge [crawl],17.0,0.150165159231167,0.150165159231167,1152,12
rho_W5_k2,time_respecting,domain,controlled,mask_mle,18.0,0.1630997050771975,0.16309970507719748,1152,12
rho_W5_k2,time_respecting,domain,controlled,mean_floor,19.0,0.1843710373835482,0.1843710373835482,1152,12
rho_W5_k2,time_respecting,domain,controlled,occ_mle,20.0,0.20293854403980946,0.20293854403980946,1152,12
rho_W5_k2,time_respecting,domain,controlled,plugin,21.0,0.28251065323103947,0.28251065323103947,1152,12
rho_W5_k2,time_respecting,domain,email,extra_trees [occupancy],1.0,0.08371929220034807,0.08371929220034807,120,1
rho_W5_k2,time_respecting,domain,email,random_forest [occupancy],2.0,0.08659433296587832,0.08659433296587832,120,1
rho_W5_k2,time_respecting,domain,email,hist_gradient_boosting [occupancy],3.0,0.08786070298543927,0.08786070298543927,120,1
rho_W5_k2,time_respecting,domain,email,extra_trees [crawl],4.0,0.10730769849984204,0.10730769849984202,120,1
rho_W5_k2,time_respecting,domain,email,ridge [occupancy],5.0,0.11208926530387098,0.11208926530387098,120,1
rho_W5_k2,time_respecting,domain,email,ridge [crawl],6.0,0.13359015514654463,0.13359015514654463,120,1
rho_W5_k2,time_respecting,domain,email,hist_gradient_boosting [crawl],7.0,0.13439428608682558,0.13439428608682558,120,1
rho_W5_k2,time_respecting,domain,email,random_forest [crawl],8.0,0.13616761342824252,0.13616761342824252,120,1
rho_W5_k2,time_respecting,domain,email,mask_mle,9.0,0.15273845352581314,0.15273845352581314,120,1
rho_W5_k2,time_respecting,domain,email,occ_mle,10.0,0.15952856621423414,0.15952856621423414,120,1
rho_W5_k2,time_respecting,domain,email,random_forest [combined],11.0,0.15975395981598012,0.15975395981598012,120,1
rho_W5_k2,time_respecting,domain,email,ridge [combined],12.0,0.16440985568729852,0.16440985568729852,120,1
rho_W5_k2,time_respecting,domain,email,extra_trees [combined],13.0,0.17321408520844359,0.1732140852084436,120,1
rho_W5_k2,time_respecting,domain,email,random_forest [patterns],14.0,0.1907205853890602,0.1907205853890602,120,1
rho_W5_k2,time_respecting,domain,email,mean_floor,15.0,0.1922013100152259,0.19220131001522583,120,1
rho_W5_k2,time_respecting,domain,email,extra_trees [patterns],16.0,0.1943273591736385,0.19432735917363847,120,1
rho_W5_k2,time_respecting,domain,email,beta_mle_lofo,17.0,0.20109144485965513,0.20109144485965513,120,1
rho_W5_k2,time_respecting,domain,email,hist_gradient_boosting [combined],18.0,0.2133301535539335,0.21333015355393353,120,1
rho_W5_k2,time_respecting,domain,email,hist_gradient_boosting [patterns],19.0,0.2290178706663755,0.2290178706663755,120,1
rho_W5_k2,time_respecting,domain,email,ridge [patterns],20.0,0.2977700830649702,0.2977700830649702,120,1
rho_W5_k2,time_respecting,domain,email,plugin,21.0,0.3859173667447508,0.3859173667447508,120,1
rho_W5_k2,time_respecting,domain,mechanistic,extra_trees [combined],1.0,0.06492825327049011,0.06263848620900568,1080,18
rho_W5_k2,time_respecting,domain,mechanistic,hist_gradient_boosting [combined],2.0,0.06487084731499285,0.06278266903339853,1080,18
rho_W5_k2,time_respecting,domain,mechanistic,random_forest [combined],3.0,0.06559421243042686,0.06308992706620992,1080,18
rho_W5_k2,time_respecting,domain,mechanistic,random_forest [patterns],4.0,0.07294567259986101,0.07077042906081155,1080,18
rho_W5_k2,time_respecting,domain,mechanistic,extra_trees [patterns],5.0,0.07348530698324557,0.0722620471240263,1080,18
rho_W5_k2,time_respecting,domain,mechanistic,hist_gradient_boosting [patterns],6.0,0.07407940771196309,0.0730926185013118,1080,18
rho_W5_k2,time_respecting,domain,mechanistic,extra_trees [crawl],7.0,0.12221227289116375,0.10880362097157709,1080,18
rho_W5_k2,time_respecting,domain,mechanistic,ridge [combined],8.0,0.1133203591754371,0.11415888200105925,1080,18
rho_W5_k2,time_respecting,domain,mechanistic,extra_trees [occupancy],9.0,0.11534556543121184,0.11691606401971974,1080,18
rho_W5_k2,time_respecting,domain,mechanistic,random_forest [occupancy],10.0,0.11619843674917284,0.11952485312643207,1080,18
rho_W5_k2,time_respecting,domain,mechanistic,hist_gradient_boosting [occupancy],11.0,0.11778103528349194,0.12192261633260713,1080,18
rho_W5_k2,time_respecting,domain,mechanistic,random_forest [crawl],12.0,0.13618934822473425,0.12193247423016901,1080,18
rho_W5_k2,time_respecting,domain,mechanistic,hist_gradient_boosting [crawl],13.0,0.13584913838203785,0.12380741823253641,1080,18
rho_W5_k2,time_respecting,domain,mechanistic,ridge [patterns],14.0,0.13222547318476707,0.14129998846058353,1080,18
rho_W5_k2,time_respecting,domain,mechanistic,ridge [occupancy],15.0,0.16064824378841933,0.1699237333875604,1080,18
rho_W5_k2,time_respecting,domain,mechanistic,ridge [crawl],16.0,0.20055415730142487,0.19600270587822757,1080,18
rho_W5_k2,time_respecting,domain,mechanistic,beta_mle_lofo,17.0,0.20427222598842953,0.2285426579801908,1080,18
rho_W5_k2,time_respecting,domain,mechanistic,mask_mle,18.0,0.26512359425000837,0.23616455996769675,1080,18
rho_W5_k2,time_respecting,domain,mechanistic,mean_floor,19.0,0.2472457988639472,0.23743936608974645,1080,18
rho_W5_k2,time_respecting,domain,mechanistic,occ_mle,20.0,0.264703091906345,0.23866994177091488,1080,18
rho_W5_k2,time_respecting,domain,mechanistic,plugin,21.0,0.5064602646454208,0.4638422344931647,1080,18
rho_W5_k2,time_respecting,domain,messaging,hist_gradient_boosting [combined],1.0,0.12460482893851835,0.12460482893851833,120,1
rho_W5_k2,time_respecting,domain,messaging,mask_mle,2.0,0.12463945247045913,0.12463945247045913,120,1
rho_W5_k2,time_respecting,domain,messaging,random_forest [combined],3.0,0.12500520773949486,0.12500520773949486,120,1
rho_W5_k2,time_respecting,domain,messaging,extra_trees [combined],4.0,0.12614078945212603,0.12614078945212603,120,1
rho_W5_k2,time_respecting,domain,messaging,random_forest [patterns],5.0,0.12628277700085147,0.12628277700085147,120,1
rho_W5_k2,time_respecting,domain,messaging,extra_trees [patterns],6.0,0.1280302708863735,0.1280302708863735,120,1
rho_W5_k2,time_respecting,domain,messaging,occ_mle,7.0,0.13316726274861193,0.13316726274861193,120,1
rho_W5_k2,time_respecting,domain,messaging,hist_gradient_boosting [patterns],8.0,0.13770923567571233,0.13770923567571236,120,1
rho_W5_k2,time_respecting,domain,messaging,ridge [crawl],9.0,0.14629636802531626,0.14629636802531626,120,1
rho_W5_k2,time_respecting,domain,messaging,mean_floor,10.0,0.16168521462639113,0.1616852146263911,120,1
rho_W5_k2,time_respecting,domain,messaging,extra_trees [crawl],11.0,0.1714104415594994,0.1714104415594994,120,1
rho_W5_k2,time_respecting,domain,messaging,hist_gradient_boosting [crawl],12.0,0.17457493198101356,0.17457493198101356,120,1
rho_W5_k2,time_respecting,domain,messaging,random_forest [crawl],13.0,0.179380453505746,0.179380453505746,120,1
rho_W5_k2,time_respecting,domain,messaging,ridge [patterns],14.0,0.18898401941043516,0.1889840194104352,120,1
rho_W5_k2,time_respecting,domain,messaging,ridge [occupancy],15.0,0.20445229021247507,0.20445229021247507,120,1
rho_W5_k2,time_respecting,domain,messaging,extra_trees [occupancy],16.0,0.20567893933652662,0.2056789393365266,120,1
rho_W5_k2,time_respecting,domain,messaging,ridge [combined],17.0,0.2065551123503427,0.2065551123503427,120,1
rho_W5_k2,time_respecting,domain,messaging,hist_gradient_boosting [occupancy],18.0,0.20659664937943348,0.2065966493794335,120,1
rho_W5_k2,time_respecting,domain,messaging,random_forest [occupancy],19.0,0.20988421959184825,0.20988421959184825,120,1
rho_W5_k2,time_respecting,domain,messaging,plugin,20.0,0.2921299991176562,0.29212999911765614,120,1
rho_W5_k2,time_respecting,domain,messaging,beta_mle_lofo,21.0,0.3374219301084019,0.3374219301084019,120,1
rho_W5_k2,time_respecting,domain,proximity,hist_gradient_boosting [combined],1.0,0.09752299358073617,0.09752299358073617,480,4
rho_W5_k2,time_respecting,domain,proximity,hist_gradient_boosting [patterns],2.0,0.09973051847389876,0.09973051847389877,480,4
rho_W5_k2,time_respecting,domain,proximity,extra_trees [patterns],3.0,0.10340635124435202,0.10340635124435202,480,4
rho_W5_k2,time_respecting,domain,proximity,extra_trees [combined],4.0,0.10358930130017925,0.10358930130017924,480,4
rho_W5_k2,time_respecting,domain,proximity,random_forest [combined],5.0,0.10859389772326072,0.10859389772326072,480,4
rho_W5_k2,time_respecting,domain,proximity,random_forest [patterns],6.0,0.11029617695291612,0.11029617695291612,480,4
rho_W5_k2,time_respecting,domain,proximity,hist_gradient_boosting [occupancy],7.0,0.12764208876141672,0.12764208876141672,480,4
rho_W5_k2,time_respecting,domain,proximity,extra_trees [occupancy],8.0,0.13018934288526224,0.13018934288526224,480,4
rho_W5_k2,time_respecting,domain,proximity,ridge [occupancy],9.0,0.1315345097615966,0.13153450976159659,480,4
rho_W5_k2,time_respecting,domain,proximity,random_forest [occupancy],10.0,0.13296319213117574,0.13296319213117574,480,4
rho_W5_k2,time_respecting,domain,proximity,ridge [patterns],11.0,0.13707720227506645,0.13707720227506642,480,4
rho_W5_k2,time_respecting,domain,proximity,ridge [combined],12.0,0.16867742260812005,0.16867742260812005,480,4
rho_W5_k2,time_respecting,domain,proximity,beta_mle_lofo,13.0,0.17073096679559033,0.17073096679559033,480,4
rho_W5_k2,time_respecting,domain,proximity,mean_floor,14.0,0.17957577320490897,0.17957577320490897,480,4
rho_W5_k2,time_respecting,domain,proximity,random_forest [crawl],15.0,0.19740847598391792,0.19740847598391792,480,4
rho_W5_k2,time_respecting,domain,proximity,hist_gradient_boosting [crawl],16.0,0.1983658386526253,0.1983658386526253,480,4
rho_W5_k2,time_respecting,domain,proximity,extra_trees [crawl],17.0,0.20085419907419305,0.20085419907419305,480,4
rho_W5_k2,time_respecting,domain,proximity,ridge [crawl],18.0,0.2046418438731696,0.20464184387316964,480,4
rho_W5_k2,time_respecting,domain,proximity,mask_mle,19.0,0.26830547583337183,0.2683054758333719,480,4
rho_W5_k2,time_respecting,domain,proximity,occ_mle,20.0,0.2763286314749908,0.2763286314749908,480,4
rho_W5_k2,time_respecting,domain,proximity,plugin,21.0,0.37057498610430467,0.3705749861043048,480,4
rho_W5_k2,time_respecting,overall,all,hist_gradient_boosting [combined],1.0,0.07944145048303212,0.07391969092935814,2952,36
rho_W5_k2,time_respecting,overall,all,extra_trees [combined],2.0,0.0801684501452014,0.07455004790190861,2952,36
rho_W5_k2,time_respecting,overall,all,random_forest [combined],3.0,0.08072378805350111,0.0750043497328474,2952,36
rho_W5_k2,time_respecting,overall,all,random_forest [patterns],4.0,0.08560770745783215,0.08044774703122544,2952,36
rho_W5_k2,time_respecting,overall,all,hist_gradient_boosting [patterns],5.0,0.0848217612923388,0.08053140724844511,2952,36
rho_W5_k2,time_respecting,overall,all,extra_trees [patterns],6.0,0.08565265870333473,0.08121751780664303,2952,36
rho_W5_k2,time_respecting,overall,all,extra_trees [occupancy],7.0,0.10952347585412335,0.11033776452773983,2952,36
rho_W5_k2,time_respecting,overall,all,hist_gradient_boosting [occupancy],8.0,0.10987905958441074,0.11241930840043442,2952,36
rho_W5_k2,time_respecting,overall,all,random_forest [occupancy],9.0,0.11116190292873301,0.11264890632320879,2952,36
rho_W5_k2,time_respecting,overall,all,ridge [combined],10.0,0.11753451701522576,0.11479926580266836,2952,36
rho_W5_k2,time_respecting,overall,all,extra_trees [crawl],11.0,0.13183904165289057,0.12130816400555977,2952,36
rho_W5_k2,time_respecting,overall,all,ridge [patterns],12.0,0.12526084496157147,0.12913523537878552,2952,36
rho_W5_k2,time_respecting,overall,all,random_forest [crawl],13.0,0.14000519878030812,0.13031996495532894,2952,36
rho_W5_k2,time_respecting,overall,all,hist_gradient_boosting [crawl],14.0,0.14291140586684864,0.1338652307951039,2952,36
rho_W5_k2,time_respecting,overall,all,ridge [occupancy],15.0,0.13280737431296627,0.14234698110664995,2952,36
rho_W5_k2,time_respecting,overall,all,ridge [crawl],16.0,0.1766271074388848,0.17856901431240668,2952,36
rho_W5_k2,time_respecting,overall,all,beta_mle_lofo,17.0,0.17144293223879065,0.18839489325218917,2952,36
rho_W5_k2,time_respecting,overall,all,mean_floor,18.0,0.20599039699670083,0.20995974043553522,2952,36
rho_W5_k2,time_respecting,overall,all,mask_mle,19.0,0.21554753359028178,0.20996550971318528,2952,36
rho_W5_k2,time_respecting,overall,all,occ_mle,20.0,0.23286781320333677,0.22581477320047194,2952,36
rho_W5_k2,time_respecting,overall,all,plugin,21.0,0.38335739687424353,0.38610098249802954,2952,36
rho_W5_k3,recency_biased,budget,100,hist_gradient_boosting [combined],1.0,0.08795143925895181,0.09104739248804722,738,36
rho_W5_k3,recency_biased,budget,100,extra_trees [combined],2.0,0.09321437329913128,0.09662327781754193,738,36
rho_W5_k3,recency_biased,budget,100,random_forest [combined],3.0,0.09536811262110542,0.09976192766273896,738,36
rho_W5_k3,recency_biased,budget,100,random_forest [patterns],4.0,0.1016769025442818,0.10752082460298348,738,36
rho_W5_k3,recency_biased,budget,100,extra_trees [patterns],5.0,0.10175262276886657,0.10754347307023861,738,36
rho_W5_k3,recency_biased,budget,100,hist_gradient_boosting [patterns],6.0,0.10143237306592236,0.10852295168021658,738,36
rho_W5_k3,recency_biased,budget,100,hist_gradient_boosting [occupancy],7.0,0.10037081159379621,0.10985121829365872,738,36
rho_W5_k3,recency_biased,budget,100,ridge [combined],8.0,0.11039834688035875,0.11212428129571306,738,36
rho_W5_k3,recency_biased,budget,100,extra_trees [occupancy],9.0,0.10718692312929619,0.11659392179157153,738,36
rho_W5_k3,recency_biased,budget,100,random_forest [occupancy],10.0,0.1073088740070474,0.11667201580994985,738,36
rho_W5_k3,recency_biased,budget,100,ridge [patterns],11.0,0.11892421851082205,0.12634726142397437,738,36
rho_W5_k3,recency_biased,budget,100,ridge [occupancy],12.0,0.118777331286522,0.13105584589914654,738,36
rho_W5_k3,recency_biased,budget,100,extra_trees [crawl],13.0,0.14232960269315043,0.13906083997991134,738,36
rho_W5_k3,recency_biased,budget,100,hist_gradient_boosting [crawl],14.0,0.14193863994713932,0.14053883185960228,738,36
rho_W5_k3,recency_biased,budget,100,random_forest [crawl],15.0,0.14620672790683695,0.1421956087399039,738,36
rho_W5_k3,recency_biased,budget,100,ridge [crawl],16.0,0.17412721310218535,0.17385276564688784,738,36
rho_W5_k3,recency_biased,budget,100,occ_mle,17.0,0.15562286068635706,0.1751340734712814,738,36
rho_W5_k3,recency_biased,budget,100,mean_floor,18.0,0.18018790340675744,0.1820419306823336,738,36
rho_W5_k3,recency_biased,budget,100,mask_mle,19.0,0.18202852795086175,0.1968783855962038,738,36
rho_W5_k3,recency_biased,budget,100,plugin,20.0,0.21493036722517664,0.22675769273298124,738,36
rho_W5_k3,recency_biased,budget,1600,extra_trees [combined],1.0,0.033435573091649,0.03129431651847552,738,36
rho_W5_k3,recency_biased,budget,1600,random_forest [combined],2.0,0.03350866714750348,0.03170177880313014,738,36
rho_W5_k3,recency_biased,budget,1600,hist_gradient_boosting [combined],3.0,0.03609525196458217,0.03543449804086775,738,36
rho_W5_k3,recency_biased,budget,1600,random_forest [patterns],4.0,0.03783436997301851,0.036301758538557286,738,36
rho_W5_k3,recency_biased,budget,1600,extra_trees [patterns],5.0,0.038019287097308195,0.03695901756963974,738,36
rho_W5_k3,recency_biased,budget,1600,hist_gradient_boosting [patterns],6.0,0.040139676959958605,0.03939580415175197,738,36
rho_W5_k3,recency_biased,budget,1600,random_forest [occupancy],7.0,0.05176767081902054,0.05454925049994955,738,36
rho_W5_k3,recency_biased,budget,1600,extra_trees [occupancy],8.0,0.05298389095157642,0.05563415552684768,738,36
rho_W5_k3,recency_biased,budget,1600,ridge [combined],9.0,0.06123062300969407,0.06078602101477156,738,36
rho_W5_k3,recency_biased,budget,1600,hist_gradient_boosting [occupancy],10.0,0.05664797125699171,0.060866829383854425,738,36
rho_W5_k3,recency_biased,budget,1600,extra_trees [crawl],11.0,0.08425172684380842,0.07571962550278485,738,36
rho_W5_k3,recency_biased,budget,1600,ridge [patterns],12.0,0.07183842116346881,0.07748033018866567,738,36
rho_W5_k3,recency_biased,budget,1600,hist_gradient_boosting [crawl],13.0,0.09044868900930227,0.08438297439905175,738,36
rho_W5_k3,recency_biased,budget,1600,random_forest [crawl],14.0,0.09164379368474995,0.08452158308570648,738,36
rho_W5_k3,recency_biased,budget,1600,ridge [occupancy],15.0,0.07778273698902759,0.08526022364906405,738,36
rho_W5_k3,recency_biased,budget,1600,occ_mle,16.0,0.08687091628993035,0.09278048902450363,738,36
rho_W5_k3,recency_biased,budget,1600,mask_mle,17.0,0.0883589517984636,0.09542054638849612,738,36
rho_W5_k3,recency_biased,budget,1600,ridge [crawl],18.0,0.12746601139864056,0.12931234199084046,738,36
rho_W5_k3,recency_biased,budget,1600,mean_floor,19.0,0.18018790340675744,0.1820419306823336,738,36
rho_W5_k3,recency_biased,budget,1600,plugin,20.0,0.20082838565774133,0.2114666678505982,738,36
rho_W5_k3,recency_biased,budget,3200,extra_trees [combined],1.0,0.028099071623252602,0.024644722406227726,738,36
rho_W5_k3,recency_biased,budget,3200,random_forest [combined],2.0,0.028945358109272658,0.026142849192235747,738,36
rho_W5_k3,recency_biased,budget,3200,extra_trees [patterns],3.0,0.03006185912920997,0.026776750320370513,738,36
rho_W5_k3,recency_biased,budget,3200,hist_gradient_boosting [combined],4.0,0.03154978375913856,0.029410728286556782,738,36
rho_W5_k3,recency_biased,budget,3200,random_forest [patterns],5.0,0.032431537261962046,0.029710909732669884,738,36
rho_W5_k3,recency_biased,budget,3200,hist_gradient_boosting [patterns],6.0,0.036055606275674605,0.034599441302935144,738,36
rho_W5_k3,recency_biased,budget,3200,extra_trees [occupancy],7.0,0.04184765831696676,0.04081084726164912,738,36
rho_W5_k3,recency_biased,budget,3200,random_forest [occupancy],8.0,0.04289674112403311,0.041715389499660166,738,36
rho_W5_k3,recency_biased,budget,3200,hist_gradient_boosting [occupancy],9.0,0.048237029456108756,0.04768247843640992,738,36
rho_W5_k3,recency_biased,budget,3200,extra_trees [crawl],10.0,0.07295994243390282,0.06314512817779522,738,36
rho_W5_k3,recency_biased,budget,3200,ridge [patterns],11.0,0.06379551901028802,0.0661289483600453,738,36
rho_W5_k3,recency_biased,budget,3200,ridge [combined],12.0,0.07068010200227874,0.06757217981882795,738,36
rho_W5_k3,recency_biased,budget,3200,ridge [occupancy],13.0,0.0652443732266864,0.06821885537918342,738,36
rho_W5_k3,recency_biased,budget,3200,occ_mle,14.0,0.07078469993316024,0.07667752122065817,738,36
rho_W5_k3,recency_biased,budget,3200,mask_mle,15.0,0.06944201655138445,0.07705564418756872,738,36
rho_W5_k3,recency_biased,budget,3200,random_forest [crawl],16.0,0.08804721078730712,0.07884403698084141,738,36
rho_W5_k3,recency_biased,budget,3200,hist_gradient_boosting [crawl],17.0,0.08717589339095493,0.08045371405235324,738,36
rho_W5_k3,recency_biased,budget,3200,ridge [crawl],18.0,0.14156899567177708,0.14114323145618604,738,36
rho_W5_k3,recency_biased,budget,3200,mean_floor,19.0,0.18018790340675744,0.1820419306823336,738,36
rho_W5_k3,recency_biased,budget,3200,plugin,20.0,0.18529941863810007,0.19437515814578812,738,36
rho_W5_k3,recency_biased,budget,400,hist_gradient_boosting [combined],1.0,0.057843359513219124,0.05959924978171923,738,36
rho_W5_k3,recency_biased,budget,400,extra_trees [combined],2.0,0.060181536409380836,0.0620020275130245,738,36
rho_W5_k3,recency_biased,budget,400,random_forest [combined],3.0,0.061711359655621745,0.06357516395227178,738,36
rho_W5_k3,recency_biased,budget,400,random_forest [patterns],4.0,0.06765783293597703,0.07124886690413189,738,36
rho_W5_k3,recency_biased,budget,400,hist_gradient_boosting [patterns],5.0,0.06786533344714078,0.0723374377923044,738,36
rho_W5_k3,recency_biased,budget,400,extra_trees [patterns],6.0,0.06769399003649265,0.07265813633908225,738,36
rho_W5_k3,recency_biased,budget,400,ridge [combined],7.0,0.07804989935683347,0.08025545595390311,738,36
rho_W5_k3,recency_biased,budget,400,hist_gradient_boosting [occupancy],8.0,0.08080668537093409,0.0897691253472079,738,36
rho_W5_k3,recency_biased,budget,400,random_forest [occupancy],9.0,0.08087954232168539,0.09012318247838416,738,36
rho_W5_k3,recency_biased,budget,400,extra_trees [occupancy],10.0,0.08123459032531942,0.09067458462703674,738,36
rho_W5_k3,recency_biased,budget,400,ridge [patterns],11.0,0.09376395780038715,0.10188978919247868,738,36
rho_W5_k3,recency_biased,budget,400,ridge [occupancy],12.0,0.09776462261132815,0.11015395919871925,738,36
rho_W5_k3,recency_biased,budget,400,hist_gradient_boosting [crawl],13.0,0.11962094155677559,0.11520301229016996,738,36
rho_W5_k3,recency_biased,budget,400,extra_trees [crawl],14.0,0.12104226956467518,0.11674505550407904,738,36
rho_W5_k3,recency_biased,budget,400,random_forest [crawl],15.0,0.12132820125024582,0.11720309335519535,738,36
rho_W5_k3,recency_biased,budget,400,occ_mle,16.0,0.12108954383086923,0.12792296206780285,738,36
rho_W5_k3,recency_biased,budget,400,mask_mle,17.0,0.13745497753323602,0.1423574933230402,738,36
rho_W5_k3,recency_biased,budget,400,ridge [crawl],18.0,0.15786997996068056,0.1603587961404464,738,36
rho_W5_k3,recency_biased,budget,400,mean_floor,19.0,0.18018790340675744,0.1820419306823336,738,36
rho_W5_k3,recency_biased,budget,400,plugin,20.0,0.21278931223998127,0.22444578962026002,738,36
rho_W5_k3,recency_biased,coverage_band,high(>.15),extra_trees [combined],1.0,0.030073856633070627,0.02521423082938003,1074,34
rho_W5_k3,recency_biased,coverage_band,high(>.15),random_forest [combined],2.0,0.03115966851417634,0.025925484856607554,1074,34
rho_W5_k3,recency_biased,coverage_band,high(>.15),extra_trees [patterns],3.0,0.033032831225510484,0.029594744045652537,1074,34
rho_W5_k3,recency_biased,coverage_band,high(>.15),hist_gradient_boosting [combined],4.0,0.032980311320739,0.030099337094307912,1074,34
rho_W5_k3,recency_biased,coverage_band,high(>.15),random_forest [patterns],5.0,0.03413672072581428,0.030274286107496738,1074,34
rho_W5_k3,recency_biased,coverage_band,high(>.15),hist_gradient_boosting [patterns],6.0,0.036318682069250756,0.03360497575849419,1074,34
rho_W5_k3,recency_biased,coverage_band,high(>.15),random_forest [occupancy],7.0,0.04620072951102313,0.051456214998383994,1074,34
rho_W5_k3,recency_biased,coverage_band,high(>.15),extra_trees [occupancy],8.0,0.04681492835976257,0.052680053667464276,1074,34
rho_W5_k3,recency_biased,coverage_band,high(>.15),hist_gradient_boosting [occupancy],9.0,0.05138514773672739,0.05796578663198682,1074,34
rho_W5_k3,recency_biased,coverage_band,high(>.15),ridge [combined],10.0,0.0778175901424509,0.06931943310544686,1074,34
rho_W5_k3,recency_biased,coverage_band,high(>.15),extra_trees [crawl],11.0,0.08299338676819572,0.07203218734386803,1074,34
rho_W5_k3,recency_biased,coverage_band,high(>.15),ridge [patterns],12.0,0.0700051015384049,0.07627778860184718,1074,34
rho_W5_k3,recency_biased,coverage_band,high(>.15),ridge [occupancy],13.0,0.07352513386024948,0.08226586753341557,1074,34
rho_W5_k3,recency_biased,coverage_band,high(>.15),random_forest [crawl],14.0,0.09902296453501147,0.08762196626614324,1074,34
rho_W5_k3,recency_biased,coverage_band,high(>.15),hist_gradient_boosting [crawl],15.0,0.09966729495645398,0.09135473084120607,1074,34
rho_W5_k3,recency_biased,coverage_band,high(>.15),occ_mle,16.0,0.08314956515067817,0.09561660980117724,1074,34
rho_W5_k3,recency_biased,coverage_band,high(>.15),mask_mle,17.0,0.08563370136846614,0.0991953667363894,1074,34
rho_W5_k3,recency_biased,coverage_band,high(>.15),ridge [crawl],18.0,0.16057810888113122,0.15771279071456545,1074,34
rho_W5_k3,recency_biased,coverage_band,high(>.15),mean_floor,19.0,0.20110493770619361,0.19200371260630797,1074,34
rho_W5_k3,recency_biased,coverage_band,high(>.15),plugin,20.0,0.22649332452924595,0.23621583723741607,1074,34
rho_W5_k3,recency_biased,coverage_band,low(<.02),hist_gradient_boosting [combined],1.0,0.09038290227054774,0.08214485290442813,467,26
rho_W5_k3,recency_biased,coverage_band,low(<.02),extra_trees [combined],2.0,0.09315767294282697,0.08576742481608285,467,26
rho_W5_k3,recency_biased,coverage_band,low(<.02),random_forest [combined],3.0,0.09372738485796354,0.08777097233469719,467,26
rho_W5_k3,recency_biased,coverage_band,low(<.02),ridge [combined],4.0,0.10231333758171092,0.09067911028394667,467,26
rho_W5_k3,recency_biased,coverage_band,low(<.02),random_forest [patterns],5.0,0.10148854429403041,0.09276989753583299,467,26
rho_W5_k3,recency_biased,coverage_band,low(<.02),extra_trees [patterns],6.0,0.10151014121995798,0.09435975161292595,467,26
rho_W5_k3,recency_biased,coverage_band,low(<.02),hist_gradient_boosting [patterns],7.0,0.10527444891541454,0.09694389409857024,467,26
rho_W5_k3,recency_biased,coverage_band,low(<.02),hist_gradient_boosting [occupancy],8.0,0.10245847973755512,0.10554170953084009,467,26
rho_W5_k3,recency_biased,coverage_band,low(<.02),extra_trees [occupancy],9.0,0.10912836412512159,0.10845516690042122,467,26
rho_W5_k3,recency_biased,coverage_band,low(<.02),ridge [patterns],10.0,0.12037013855030615,0.11091639760206269,467,26
rho_W5_k3,recency_biased,coverage_band,low(<.02),random_forest [occupancy],11.0,0.10897481696245143,0.11145798035004281,467,26
rho_W5_k3,recency_biased,coverage_band,low(<.02),ridge [occupancy],12.0,0.11841336920461386,0.11868657606395606,467,26
rho_W5_k3,recency_biased,coverage_band,low(<.02),extra_trees [crawl],13.0,0.13697455391096802,0.13168275746863142,467,26
rho_W5_k3,recency_biased,coverage_band,low(<.02),hist_gradient_boosting [crawl],14.0,0.13511421705647755,0.13414114172925667,467,26
rho_W5_k3,recency_biased,coverage_band,low(<.02),random_forest [crawl],15.0,0.14100081163914757,0.13822604623450158,467,26
rho_W5_k3,recency_biased,coverage_band,low(<.02),occ_mle,16.0,0.15459619806170857,0.15158847700002728,467,26
rho_W5_k3,recency_biased,coverage_band,low(<.02),ridge [crawl],17.0,0.15374955414030875,0.15291124577848114,467,26
rho_W5_k3,recency_biased,coverage_band,low(<.02),mean_floor,18.0,0.16338832467016395,0.16198238378131216,467,26
rho_W5_k3,recency_biased,coverage_band,low(<.02),mask_mle,19.0,0.17583189281585943,0.17674263048920405,467,26
rho_W5_k3,recency_biased,coverage_band,low(<.02),plugin,20.0,0.20129665596036767,0.1928521984553793,467,26
rho_W5_k3,recency_biased,coverage_band,mid,hist_gradient_boosting [combined],1.0,0.05661865920563327,0.06288583534624931,1411,36
rho_W5_k3,recency_biased,coverage_band,mid,extra_trees [combined],2.0,0.05869227064228297,0.06527799193761298,1411,36
rho_W5_k3,recency_biased,coverage_band,mid,random_forest [combined],3.0,0.060084726057286375,0.06741762327721196,1411,36
rho_W5_k3,recency_biased,coverage_band,mid,random_forest [patterns],4.0,0.0657457732664847,0.0743182170515411,1411,36
rho_W5_k3,recency_biased,coverage_band,mid,extra_trees [patterns],5.0,0.0654946771648525,0.07503351703532593,1411,36
rho_W5_k3,recency_biased,coverage_band,mid,hist_gradient_boosting [patterns],6.0,0.06591381590975479,0.07565287666924708,1411,36
rho_W5_k3,recency_biased,coverage_band,mid,ridge [combined],7.0,0.0744638556472236,0.0834575312499963,1411,36
rho_W5_k3,recency_biased,coverage_band,mid,hist_gradient_boosting [occupancy],8.0,0.0765969982845894,0.08864993911656785,1411,36
rho_W5_k3,recency_biased,coverage_band,mid,extra_trees [occupancy],9.0,0.07639871097439715,0.08866304734145507,1411,36
rho_W5_k3,recency_biased,coverage_band,mid,random_forest [occupancy],10.0,0.07670769967985451,0.08927662166998576,1411,36
rho_W5_k3,recency_biased,coverage_band,mid,ridge [patterns],11.0,0.08905980737821764,0.10270869062187275,1411,36
rho_W5_k3,recency_biased,coverage_band,mid,hist_gradient_boosting [crawl],12.0,0.10912607995228377,0.11027146052784692,1411,36
rho_W5_k3,recency_biased,coverage_band,mid,ridge [occupancy],13.0,0.0929106535303669,0.11060850000465941,1411,36
rho_W5_k3,recency_biased,coverage_band,mid,extra_trees [crawl],14.0,0.11147316767382136,0.11064159833232769,1411,36
rho_W5_k3,recency_biased,coverage_band,mid,random_forest [crawl],15.0,0.11187434165288516,0.11220516064975107,1411,36
rho_W5_k3,recency_biased,coverage_band,mid,occ_mle,16.0,0.11273178018405924,0.13180710435513487,1411,36
rho_W5_k3,recency_biased,coverage_band,mid,mask_mle,17.0,0.12625928594947772,0.14620003562046555,1411,36
rho_W5_k3,recency_biased,coverage_band,mid,ridge [crawl],18.0,0.1412472239379902,0.15228996498354325,1411,36
rho_W5_k3,recency_biased,coverage_band,mid,mean_floor,19.0,0.1698268179584192,0.1791452578100091,1411,36
rho_W5_k3,recency_biased,coverage_band,mid,plugin,20.0,0.1866478200834271,0.21333788661766512,1411,36
rho_W5_k3,recency_biased,data_block,mechanistic_activity,extra_trees [crawl],1.0,0.024568994998169617,0.024568994998169617,216,6
rho_W5_k3,recency_biased,data_block,mechanistic_activity,random_forest [crawl],2.0,0.02752228522348743,0.027522285223487427,216,6
rho_W5_k3,recency_biased,data_block,mechanistic_activity,hist_gradient_boosting [crawl],3.0,0.03749421373379181,0.03749421373379181,216,6
rho_W5_k3,recency_biased,data_block,mechanistic_activity,extra_trees [combined],4.0,0.041479302793110275,0.04147930279311027,216,6
rho_W5_k3,recency_biased,data_block,mechanistic_activity,hist_gradient_boosting [combined],5.0,0.043149899103664825,0.04314989910366482,216,6
rho_W5_k3,recency_biased,data_block,mechanistic_activity,random_forest [combined],6.0,0.045718026433804716,0.045718026433804716,216,6
rho_W5_k3,recency_biased,data_block,mechanistic_activity,random_forest [patterns],7.0,0.05831330787539457,0.05831330787539457,216,6
rho_W5_k3,recency_biased,data_block,mechanistic_activity,extra_trees [patterns],8.0,0.061519164513712275,0.061519164513712275,216,6
rho_W5_k3,recency_biased,data_block,mechanistic_activity,hist_gradient_boosting [patterns],9.0,0.06837626405845958,0.06837626405845958,216,6
rho_W5_k3,recency_biased,data_block,mechanistic_activity,ridge [combined],10.0,0.0690811785948093,0.0690811785948093,216,6
rho_W5_k3,recency_biased,data_block,mechanistic_activity,ridge [crawl],11.0,0.10111782670241008,0.1011178267024101,216,6
rho_W5_k3,recency_biased,data_block,mechanistic_activity,random_forest [occupancy],12.0,0.10323683672107437,0.10323683672107437,216,6
rho_W5_k3,recency_biased,data_block,mechanistic_activity,extra_trees [occupancy],13.0,0.10508028046253458,0.10508028046253455,216,6
rho_W5_k3,recency_biased,data_block,mechanistic_activity,hist_gradient_boosting [occupancy],14.0,0.10904436850900437,0.10904436850900436,216,6
rho_W5_k3,recency_biased,data_block,mechanistic_activity,mean_floor,15.0,0.11946756788268903,0.11946756788268902,216,6
rho_W5_k3,recency_biased,data_block,mechanistic_activity,mask_mle,16.0,0.12285509226098658,0.12285509226098658,216,6
rho_W5_k3,recency_biased,data_block,mechanistic_activity,ridge [patterns],17.0,0.1263216580585047,0.1263216580585047,216,6
rho_W5_k3,recency_biased,data_block,mechanistic_activity,plugin,18.0,0.14247585764212495,0.14247585764212492,216,6
rho_W5_k3,recency_biased,data_block,mechanistic_activity,occ_mle,19.0,0.14265666898429027,0.14265666898429025,216,6
rho_W5_k3,recency_biased,data_block,mechanistic_activity,ridge [occupancy],20.0,0.14615416216008772,0.14615416216008772,216,6
rho_W5_k3,recency_biased,data_block,mechanistic_dar,extra_trees [combined],1.0,0.07973488587362831,0.0797348858736283,864,12
rho_W5_k3,recency_biased,data_block,mechanistic_dar,hist_gradient_boosting [combined],2.0,0.08055644362559827,0.08055644362559826,864,12
rho_W5_k3,recency_biased,data_block,mechanistic_dar,random_forest [combined],3.0,0.08180503874243003,0.08180503874243003,864,12
rho_W5_k3,recency_biased,data_block,mechanistic_dar,extra_trees [patterns],4.0,0.0872538223587023,0.08725382235870228,864,12
rho_W5_k3,recency_biased,data_block,mechanistic_dar,random_forest [patterns],5.0,0.08868779431991064,0.08868779431991064,864,12
rho_W5_k3,recency_biased,data_block,mechanistic_dar,hist_gradient_boosting [patterns],6.0,0.09044215698676426,0.09044215698676426,864,12
rho_W5_k3,recency_biased,data_block,mechanistic_dar,extra_trees [occupancy],7.0,0.100885553891438,0.100885553891438,864,12
rho_W5_k3,recency_biased,data_block,mechanistic_dar,random_forest [occupancy],8.0,0.10144803006770149,0.10144803006770152,864,12
rho_W5_k3,recency_biased,data_block,mechanistic_dar,hist_gradient_boosting [occupancy],9.0,0.1016036040650375,0.10160360406503749,864,12
rho_W5_k3,recency_biased,data_block,mechanistic_dar,ridge [combined],10.0,0.11105702354032092,0.11105702354032092,864,12
rho_W5_k3,recency_biased,data_block,mechanistic_dar,ridge [patterns],11.0,0.11848562246496824,0.11848562246496823,864,12
rho_W5_k3,recency_biased,data_block,mechanistic_dar,ridge [occupancy],12.0,0.12825909042282566,0.12825909042282566,864,12
rho_W5_k3,recency_biased,data_block,mechanistic_dar,extra_trees [crawl],13.0,0.15229678429770355,0.15229678429770357,864,12
rho_W5_k3,recency_biased,data_block,mechanistic_dar,hist_gradient_boosting [crawl],14.0,0.16002523124519377,0.16002523124519377,864,12
rho_W5_k3,recency_biased,data_block,mechanistic_dar,random_forest [crawl],15.0,0.16580971674222905,0.16580971674222908,864,12
rho_W5_k3,recency_biased,data_block,mechanistic_dar,occ_mle,16.0,0.1803026260623847,0.1803026260623847,864,12
rho_W5_k3,recency_biased,data_block,mechanistic_dar,mask_mle,17.0,0.21635876657952927,0.21635876657952927,864,12
rho_W5_k3,recency_biased,data_block,mechanistic_dar,ridge [crawl],18.0,0.22029535201314362,0.22029535201314362,864,12
rho_W5_k3,recency_biased,data_block,mechanistic_dar,mean_floor,19.0,0.2643259343698752,0.26432593436987517,864,12
rho_W5_k3,recency_biased,data_block,mechanistic_dar,plugin,20.0,0.40281655951971057,0.40281655951971046,864,12
rho_W5_k3,recency_biased,data_block,real_controlled,extra_trees [combined],1.0,0.05143665250808165,0.05143665250808166,432,6
rho_W5_k3,recency_biased,data_block,real_controlled,hist_gradient_boosting [combined],2.0,0.05215873403461363,0.05215873403461364,432,6
rho_W5_k3,recency_biased,data_block,real_controlled,hist_gradient_boosting [patterns],3.0,0.05222247147799534,0.05222247147799533,432,6
rho_W5_k3,recency_biased,data_block,real_controlled,random_forest [occupancy],4.0,0.05263270461322353,0.05263270461322353,432,6
rho_W5_k3,recency_biased,data_block,real_controlled,extra_trees [occupancy],5.0,0.052835864017479514,0.05283586401747951,432,6
rho_W5_k3,recency_biased,data_block,real_controlled,random_forest [combined],6.0,0.05327120836864335,0.05327120836864336,432,6
rho_W5_k3,recency_biased,data_block,real_controlled,extra_trees [patterns],7.0,0.054711201724178246,0.05471120172417824,432,6
rho_W5_k3,recency_biased,data_block,real_controlled,hist_gradient_boosting [occupancy],8.0,0.05711440653306932,0.05711440653306932,432,6
rho_W5_k3,recency_biased,data_block,real_controlled,random_forest [patterns],9.0,0.05718044991952186,0.05718044991952187,432,6
rho_W5_k3,recency_biased,data_block,real_controlled,ridge [occupancy],10.0,0.06690217808957723,0.06690217808957723,432,6
rho_W5_k3,recency_biased,data_block,real_controlled,mask_mle,11.0,0.06844086908080635,0.06844086908080636,432,6
rho_W5_k3,recency_biased,data_block,real_controlled,occ_mle,12.0,0.06949511884471364,0.06949511884471364,432,6
rho_W5_k3,recency_biased,data_block,real_controlled,ridge [patterns],13.0,0.07951283406374841,0.07951283406374839,432,6
rho_W5_k3,recency_biased,data_block,real_controlled,plugin,14.0,0.08990873866427534,0.08990873866427534,432,6
rho_W5_k3,recency_biased,data_block,real_controlled,ridge [combined],15.0,0.09463082259790016,0.09463082259790016,432,6
rho_W5_k3,recency_biased,data_block,real_controlled,ridge [crawl],16.0,0.11213064823106515,0.11213064823106515,432,6
rho_W5_k3,recency_biased,data_block,real_controlled,hist_gradient_boosting [crawl],17.0,0.11782395451622146,0.11782395451622146,432,6
rho_W5_k3,recency_biased,data_block,real_controlled,mean_floor,18.0,0.12221123188077655,0.12221123188077658,432,6
rho_W5_k3,recency_biased,data_block,real_controlled,random_forest [crawl],19.0,0.13164253043759905,0.13164253043759908,432,6
rho_W5_k3,recency_biased,data_block,real_controlled,extra_trees [crawl],20.0,0.13436437649069952,0.13436437649069952,432,6
rho_W5_k3,recency_biased,data_block,real_empirical,hist_gradient_boosting [patterns],1.0,0.0724173597792342,0.0724173597792342,72,6
rho_W5_k3,recency_biased,data_block,real_empirical,hist_gradient_boosting [combined],2.0,0.07452819447151245,0.07452819447151245,72,6
rho_W5_k3,recency_biased,data_block,real_empirical,random_forest [combined],3.0,0.07573120435254808,0.07573120435254808,72,6
rho_W5_k3,recency_biased,data_block,real_empirical,random_forest [patterns],4.0,0.08001490268246784,0.08001490268246784,72,6
rho_W5_k3,recency_biased,data_block,real_empirical,extra_trees [combined],5.0,0.08062479197226378,0.08062479197226378,72,6
rho_W5_k3,recency_biased,data_block,real_empirical,extra_trees [patterns],6.0,0.0823045802084653,0.0823045802084653,72,6
rho_W5_k3,recency_biased,data_block,real_empirical,random_forest [crawl],7.0,0.0864557424239813,0.0864557424239813,72,6
rho_W5_k3,recency_biased,data_block,real_empirical,ridge [occupancy],8.0,0.08874299361961786,0.08874299361961786,72,6
rho_W5_k3,recency_biased,data_block,real_empirical,extra_trees [occupancy],9.0,0.09165334660581528,0.0916533466058153,72,6
rho_W5_k3,recency_biased,data_block,real_empirical,hist_gradient_boosting [occupancy],10.0,0.09184720497759538,0.0918472049775954,72,6
rho_W5_k3,recency_biased,data_block,real_empirical,ridge [crawl],11.0,0.09259509341349388,0.09259509341349387,72,6
rho_W5_k3,recency_biased,data_block,real_empirical,occ_mle,12.0,0.09323059164093334,0.09323059164093334,72,6
rho_W5_k3,recency_biased,data_block,real_empirical,hist_gradient_boosting [crawl],13.0,0.09477624033201566,0.09477624033201566,72,6
rho_W5_k3,recency_biased,data_block,real_empirical,random_forest [occupancy],14.0,0.09561724457207917,0.09561724457207917,72,6
rho_W5_k3,recency_biased,data_block,real_empirical,ridge [combined],15.0,0.09724483659721597,0.09724483659721599,72,6
rho_W5_k3,recency_biased,data_block,real_empirical,mask_mle,16.0,0.09739570627639099,0.09739570627639098,72,6
rho_W5_k3,recency_biased,data_block,real_empirical,mean_floor,17.0,0.09760506656871656,0.09760506656871658,72,6
rho_W5_k3,recency_biased,data_block,real_empirical,extra_trees [crawl],18.0,0.10380955363507108,0.10380955363507109,72,6
rho_W5_k3,recency_biased,data_block,real_empirical,ridge [patterns],19.0,0.10914810590270922,0.10914810590270922,72,6
rho_W5_k3,recency_biased,data_block,real_empirical,plugin,20.0,0.163701133599,0.163701133599,72,6
rho_W5_k3,recency_biased,data_block,real_shuffle,hist_gradient_boosting [combined],1.0,0.10389171783579369,0.10389171783579369,216,6
rho_W5_k3,recency_biased,data_block,real_shuffle,random_forest [combined],2.0,0.12129385103291916,0.12129385103291918,216,6
rho_W5_k3,recency_biased,data_block,real_shuffle,extra_trees [combined],3.0,0.12792194638778048,0.12792194638778048,216,6
rho_W5_k3,recency_biased,data_block,real_shuffle,random_forest [patterns],4.0,0.13369411117964805,0.13369411117964802,216,6
rho_W5_k3,recency_biased,data_block,real_shuffle,extra_trees [patterns],5.0,0.13651292729572206,0.13651292729572204,216,6
rho_W5_k3,recency_biased,data_block,real_shuffle,hist_gradient_boosting [patterns],6.0,0.1408917271792563,0.1408917271792563,216,6
rho_W5_k3,recency_biased,data_block,real_shuffle,ridge [combined],7.0,0.1524203850062664,0.1524203850062664,216,6
rho_W5_k3,recency_biased,data_block,real_shuffle,ridge [occupancy],8.0,0.15848709618499657,0.1584870961849966,216,6
rho_W5_k3,recency_biased,data_block,real_shuffle,ridge [patterns],9.0,0.16075250347381667,0.16075250347381664,216,6
rho_W5_k3,recency_biased,data_block,real_shuffle,hist_gradient_boosting [occupancy],10.0,0.16472385605693898,0.16472385605693898,216,6
rho_W5_k3,recency_biased,data_block,real_shuffle,random_forest [occupancy],11.0,0.17036173292729997,0.17036173292729995,216,6
rho_W5_k3,recency_biased,data_block,real_shuffle,extra_trees [occupancy],12.0,0.17665282360567142,0.17665282360567144,216,6
rho_W5_k3,recency_biased,data_block,real_shuffle,occ_mle,13.0,0.19090875234407087,0.19090875234407087,216,6
rho_W5_k3,recency_biased,data_block,real_shuffle,hist_gradient_boosting [crawl],14.0,0.20320548161250326,0.20320548161250326,216,6
rho_W5_k3,recency_biased,data_block,real_shuffle,extra_trees [crawl],15.0,0.20827743405036014,0.20827743405036014,216,6
rho_W5_k3,recency_biased,data_block,real_shuffle,mask_mle,16.0,0.21620561054173815,0.21620561054173815,216,6
rho_W5_k3,recency_biased,data_block,real_shuffle,random_forest [crawl],17.0,0.22747010305892776,0.22747010305892776,216,6
rho_W5_k3,recency_biased,data_block,real_shuffle,mean_floor,18.0,0.23026408707885515,0.23026408707885518,216,6
rho_W5_k3,recency_biased,data_block,real_shuffle,ridge [crawl],19.0,0.2304486225974586,0.23044862259745857,216,6
rho_W5_k3,recency_biased,data_block,real_shuffle,plugin,20.0,0.40067970254541396,0.4006797025454139,216,6
rho_W5_k3,recency_biased,data_block,synthetic_controlled,extra_trees [combined],1.0,0.02179819361206406,0.02179819361206406,1152,12
rho_W5_k3,recency_biased,data_block,synthetic_controlled,random_forest [combined],2.0,0.023260237365291776,0.023260237365291783,1152,12
rho_W5_k3,recency_biased,data_block,synthetic_controlled,extra_trees [patterns],3.0,0.023934099736904864,0.02393409973690486,1152,12
rho_W5_k3,recency_biased,data_block,synthetic_controlled,hist_gradient_boosting [combined],4.0,0.024529720661133778,0.02452972066113378,1152,12
rho_W5_k3,recency_biased,data_block,synthetic_controlled,random_forest [patterns],5.0,0.024533324789221815,0.02453332478922182,1152,12
rho_W5_k3,recency_biased,data_block,synthetic_controlled,hist_gradient_boosting [patterns],6.0,0.026090068670163287,0.026090068670163283,1152,12
rho_W5_k3,recency_biased,data_block,synthetic_controlled,extra_trees [occupancy],7.0,0.02742808770623821,0.027428087706238207,1152,12
rho_W5_k3,recency_biased,data_block,synthetic_controlled,random_forest [occupancy],8.0,0.028103496736053096,0.028103496736053096,1152,12
rho_W5_k3,recency_biased,data_block,synthetic_controlled,hist_gradient_boosting [occupancy],9.0,0.02856618965896713,0.028566189658967126,1152,12
rho_W5_k3,recency_biased,data_block,synthetic_controlled,ridge [combined],10.0,0.0388412943645154,0.03884129436451541,1152,12
rho_W5_k3,recency_biased,data_block,synthetic_controlled,ridge [patterns],11.0,0.043814164344319964,0.04381416434431996,1152,12
rho_W5_k3,recency_biased,data_block,synthetic_controlled,ridge [occupancy],12.0,0.04639962405611191,0.046399624056111914,1152,12
rho_W5_k3,recency_biased,data_block,synthetic_controlled,mask_mle,13.0,0.048164851792136885,0.048164851792136885,1152,12
rho_W5_k3,recency_biased,data_block,synthetic_controlled,occ_mle,14.0,0.04860894569658333,0.04860894569658333,1152,12
rho_W5_k3,recency_biased,data_block,synthetic_controlled,extra_trees [crawl],15.0,0.05468029934012203,0.05468029934012202,1152,12
rho_W5_k3,recency_biased,data_block,synthetic_controlled,random_forest [crawl],16.0,0.05956632055594461,0.05956632055594462,1152,12
rho_W5_k3,recency_biased,data_block,synthetic_controlled,hist_gradient_boosting [crawl],17.0,0.06609474072545056,0.06609474072545056,1152,12
rho_W5_k3,recency_biased,data_block,synthetic_controlled,plugin,18.0,0.07346985926040299,0.07346985926040299,1152,12
rho_W5_k3,recency_biased,data_block,synthetic_controlled,ridge [crawl],19.0,0.10980984353180889,0.10980984353180889,1152,12
rho_W5_k3,recency_biased,data_block,synthetic_controlled,mean_floor,20.0,0.14598283778128407,0.1459828377812841,1152,12
rho_W5_k3,recency_biased,domain,controlled,extra_trees [combined],1.0,0.02179819361206406,0.02179819361206406,1152,12
rho_W5_k3,recency_biased,domain,controlled,random_forest [combined],2.0,0.023260237365291776,0.023260237365291783,1152,12
rho_W5_k3,recency_biased,domain,controlled,extra_trees [patterns],3.0,0.023934099736904864,0.02393409973690486,1152,12
rho_W5_k3,recency_biased,domain,controlled,hist_gradient_boosting [combined],4.0,0.024529720661133778,0.02452972066113378,1152,12
rho_W5_k3,recency_biased,domain,controlled,random_forest [patterns],5.0,0.024533324789221815,0.02453332478922182,1152,12
rho_W5_k3,recency_biased,domain,controlled,hist_gradient_boosting [patterns],6.0,0.026090068670163287,0.026090068670163283,1152,12
rho_W5_k3,recency_biased,domain,controlled,extra_trees [occupancy],7.0,0.02742808770623821,0.027428087706238207,1152,12
rho_W5_k3,recency_biased,domain,controlled,random_forest [occupancy],8.0,0.028103496736053096,0.028103496736053096,1152,12
rho_W5_k3,recency_biased,domain,controlled,hist_gradient_boosting [occupancy],9.0,0.02856618965896713,0.028566189658967126,1152,12
rho_W5_k3,recency_biased,domain,controlled,ridge [combined],10.0,0.0388412943645154,0.03884129436451541,1152,12
rho_W5_k3,recency_biased,domain,controlled,ridge [patterns],11.0,0.043814164344319964,0.04381416434431996,1152,12
rho_W5_k3,recency_biased,domain,controlled,ridge [occupancy],12.0,0.04639962405611191,0.046399624056111914,1152,12
rho_W5_k3,recency_biased,domain,controlled,mask_mle,13.0,0.048164851792136885,0.048164851792136885,1152,12
rho_W5_k3,recency_biased,domain,controlled,occ_mle,14.0,0.04860894569658333,0.04860894569658333,1152,12
rho_W5_k3,recency_biased,domain,controlled,extra_trees [crawl],15.0,0.05468029934012203,0.05468029934012202,1152,12
rho_W5_k3,recency_biased,domain,controlled,random_forest [crawl],16.0,0.05956632055594461,0.05956632055594462,1152,12
rho_W5_k3,recency_biased,domain,controlled,hist_gradient_boosting [crawl],17.0,0.06609474072545056,0.06609474072545056,1152,12
rho_W5_k3,recency_biased,domain,controlled,plugin,18.0,0.07346985926040299,0.07346985926040299,1152,12
rho_W5_k3,recency_biased,domain,controlled,ridge [crawl],19.0,0.10980984353180889,0.10980984353180889,1152,12
rho_W5_k3,recency_biased,domain,controlled,mean_floor,20.0,0.14598283778128407,0.1459828377812841,1152,12
rho_W5_k3,recency_biased,domain,email,ridge [combined],1.0,0.08164261072462582,0.08164261072462581,120,1
rho_W5_k3,recency_biased,domain,email,ridge [occupancy],2.0,0.08667752731512254,0.08667752731512254,120,1
rho_W5_k3,recency_biased,domain,email,hist_gradient_boosting [combined],3.0,0.08883508335155368,0.0888350833515537,120,1
rho_W5_k3,recency_biased,domain,email,random_forest [occupancy],4.0,0.08887453942416153,0.08887453942416153,120,1
rho_W5_k3,recency_biased,domain,email,hist_gradient_boosting [occupancy],5.0,0.09212198673355237,0.09212198673355239,120,1
rho_W5_k3,recency_biased,domain,email,extra_trees [occupancy],6.0,0.09293071663812232,0.09293071663812232,120,1
rho_W5_k3,recency_biased,domain,email,random_forest [combined],7.0,0.09770714846747915,0.09770714846747913,120,1
rho_W5_k3,recency_biased,domain,email,extra_trees [combined],8.0,0.09892385043068802,0.09892385043068802,120,1
rho_W5_k3,recency_biased,domain,email,hist_gradient_boosting [crawl],9.0,0.09893001212492444,0.09893001212492444,120,1
rho_W5_k3,recency_biased,domain,email,extra_trees [crawl],10.0,0.1064932689761506,0.10649326897615059,120,1
rho_W5_k3,recency_biased,domain,email,random_forest [crawl],11.0,0.11817947728342378,0.11817947728342379,120,1
rho_W5_k3,recency_biased,domain,email,occ_mle,12.0,0.12121159421443174,0.12121159421443171,120,1
rho_W5_k3,recency_biased,domain,email,random_forest [patterns],13.0,0.12272636796051158,0.12272636796051159,120,1
rho_W5_k3,recency_biased,domain,email,extra_trees [patterns],14.0,0.12428770286182803,0.12428770286182803,120,1
rho_W5_k3,recency_biased,domain,email,mask_mle,15.0,0.1289296554572146,0.1289296554572146,120,1
rho_W5_k3,recency_biased,domain,email,hist_gradient_boosting [patterns],16.0,0.1341546797651129,0.1341546797651129,120,1
rho_W5_k3,recency_biased,domain,email,ridge [crawl],17.0,0.13805314957463824,0.13805314957463827,120,1
rho_W5_k3,recency_biased,domain,email,mean_floor,18.0,0.16009283003424132,0.16009283003424132,120,1
rho_W5_k3,recency_biased,domain,email,ridge [patterns],19.0,0.18919999864753714,0.18919999864753714,120,1
rho_W5_k3,recency_biased,domain,email,plugin,20.0,0.22561352113487396,0.22561352113487396,120,1
rho_W5_k3,recency_biased,domain,mechanistic,extra_trees [combined],1.0,0.0720837692575247,0.06698302484678897,1080,18
rho_W5_k3,recency_biased,domain,mechanistic,hist_gradient_boosting [combined],2.0,0.07307513472121158,0.06808759545162046,1080,18
rho_W5_k3,recency_biased,domain,mechanistic,random_forest [combined],3.0,0.07458763628070497,0.06977603463955492,1080,18
rho_W5_k3,recency_biased,domain,mechanistic,random_forest [patterns],4.0,0.08261289703100742,0.07856296550507195,1080,18
rho_W5_k3,recency_biased,domain,mechanistic,extra_trees [patterns],5.0,0.0821068907897043,0.07867560307703897,1080,18
rho_W5_k3,recency_biased,domain,mechanistic,hist_gradient_boosting [patterns],6.0,0.08602897840110332,0.08308685934399604,1080,18
rho_W5_k3,recency_biased,domain,mechanistic,ridge [combined],7.0,0.1026618545512186,0.09706507522515037,1080,18
rho_W5_k3,recency_biased,domain,mechanistic,random_forest [occupancy],8.0,0.10180579139837607,0.10204429895215913,1080,18
rho_W5_k3,recency_biased,domain,mechanistic,extra_trees [occupancy],9.0,0.1017244992056573,0.10228379608180352,1080,18
rho_W5_k3,recency_biased,domain,mechanistic,hist_gradient_boosting [occupancy],10.0,0.10309175695383087,0.10408385887969313,1080,18
rho_W5_k3,recency_biased,domain,mechanistic,extra_trees [crawl],11.0,0.12675122643779677,0.10972085453119224,1080,18
rho_W5_k3,recency_biased,domain,mechanistic,hist_gradient_boosting [crawl],12.0,0.13551902774291338,0.11918155874139313,1080,18
rho_W5_k3,recency_biased,domain,mechanistic,random_forest [crawl],13.0,0.13815223043848074,0.11971390623598184,1080,18
rho_W5_k3,recency_biased,domain,mechanistic,ridge [patterns],14.0,0.12005282958367552,0.12109763432948038,1080,18
rho_W5_k3,recency_biased,domain,mechanistic,ridge [occupancy],15.0,0.13183810477027808,0.13422411433524634,1080,18
rho_W5_k3,recency_biased,domain,mechanistic,occ_mle,16.0,0.17277343464676578,0.1677539737030199,1080,18
rho_W5_k3,recency_biased,domain,mechanistic,ridge [crawl],17.0,0.19645984695099694,0.18056951024289913,1080,18
rho_W5_k3,recency_biased,domain,mechanistic,mask_mle,18.0,0.19765803171582072,0.185190875140015,1080,18
rho_W5_k3,recency_biased,domain,mechanistic,mean_floor,19.0,0.23535426107243798,0.2160398122074798,1080,18
rho_W5_k3,recency_biased,domain,mechanistic,plugin,20.0,0.35074841914419347,0.3160363255605153,1080,18
rho_W5_k3,recency_biased,domain,messaging,ridge [patterns],1.0,0.06176317220710755,0.06176317220710755,120,1
rho_W5_k3,recency_biased,domain,messaging,ridge [combined],2.0,0.06348965545937953,0.06348965545937953,120,1
rho_W5_k3,recency_biased,domain,messaging,ridge [crawl],3.0,0.06777183447239318,0.06777183447239318,120,1
rho_W5_k3,recency_biased,domain,messaging,extra_trees [patterns],4.0,0.07625831468998784,0.07625831468998784,120,1
rho_W5_k3,recency_biased,domain,messaging,hist_gradient_boosting [combined],5.0,0.07883654755808006,0.07883654755808006,120,1
rho_W5_k3,recency_biased,domain,messaging,hist_gradient_boosting [crawl],6.0,0.07884981831923416,0.07884981831923416,120,1
rho_W5_k3,recency_biased,domain,messaging,random_forest [patterns],7.0,0.08094456512446216,0.08094456512446216,120,1
rho_W5_k3,recency_biased,domain,messaging,random_forest [combined],8.0,0.08485481439051441,0.08485481439051443,120,1
rho_W5_k3,recency_biased,domain,messaging,extra_trees [combined],9.0,0.08669888436810441,0.08669888436810443,120,1
rho_W5_k3,recency_biased,domain,messaging,mask_mle,10.0,0.09187781018644355,0.09187781018644355,120,1
rho_W5_k3,recency_biased,domain,messaging,hist_gradient_boosting [patterns],11.0,0.09477662039676625,0.09477662039676624,120,1
rho_W5_k3,recency_biased,domain,messaging,occ_mle,12.0,0.10584894774420679,0.10584894774420679,120,1
rho_W5_k3,recency_biased,domain,messaging,plugin,13.0,0.10868361309737186,0.10868361309737187,120,1
rho_W5_k3,recency_biased,domain,messaging,mean_floor,14.0,0.115706885643181,0.11570688564318102,120,1
rho_W5_k3,recency_biased,domain,messaging,extra_trees [crawl],15.0,0.11572944362144214,0.11572944362144215,120,1
rho_W5_k3,recency_biased,domain,messaging,random_forest [crawl],16.0,0.11727529715726771,0.11727529715726771,120,1
rho_W5_k3,recency_biased,domain,messaging,hist_gradient_boosting [occupancy],17.0,0.13153668766981097,0.13153668766981094,120,1
rho_W5_k3,recency_biased,domain,messaging,extra_trees [occupancy],18.0,0.1350018900572657,0.1350018900572657,120,1
rho_W5_k3,recency_biased,domain,messaging,random_forest [occupancy],19.0,0.13656086223349326,0.13656086223349326,120,1
rho_W5_k3,recency_biased,domain,messaging,ridge [occupancy],20.0,0.14066595051786973,0.14066595051786973,120,1
rho_W5_k3,recency_biased,domain,proximity,hist_gradient_boosting [combined],1.0,0.06295545510057786,0.06295545510057787,480,4
rho_W5_k3,recency_biased,domain,proximity,hist_gradient_boosting [patterns],2.0,0.06403128048727648,0.06403128048727648,480,4
rho_W5_k3,recency_biased,domain,proximity,random_forest [combined],3.0,0.06824551043497647,0.06824551043497645,480,4
rho_W5_k3,recency_biased,domain,proximity,extra_trees [combined],4.0,0.06954589822791615,0.06954589822791615,480,4
rho_W5_k3,recency_biased,domain,proximity,random_forest [patterns],5.0,0.07270925708953803,0.07270925708953803,480,4
rho_W5_k3,recency_biased,domain,proximity,extra_trees [patterns],6.0,0.07288008147815117,0.07288008147815117,480,4
rho_W5_k3,recency_biased,domain,proximity,random_forest [occupancy],7.0,0.08201595024058433,0.08201595024058433,480,4
rho_W5_k3,recency_biased,domain,proximity,hist_gradient_boosting [occupancy],8.0,0.0833911132511834,0.0833911132511834,480,4
rho_W5_k3,recency_biased,domain,proximity,extra_trees [occupancy],9.0,0.08381089855530897,0.08381089855530897,480,4
rho_W5_k3,recency_biased,domain,proximity,ridge [occupancy],10.0,0.08800673314856257,0.08800673314856258,480,4
rho_W5_k3,recency_biased,domain,proximity,ridge [patterns],11.0,0.09753160039233624,0.09753160039233626,480,4
rho_W5_k3,recency_biased,domain,proximity,occ_mle,12.0,0.10567399877155453,0.10567399877155453,480,4
rho_W5_k3,recency_biased,domain,proximity,mask_mle,13.0,0.118296796447052,0.11829679644705199,480,4
rho_W5_k3,recency_biased,domain,proximity,ridge [combined],14.0,0.1320605725345111,0.1320605725345111,480,4
rho_W5_k3,recency_biased,domain,proximity,mean_floor,15.0,0.15929977894413566,0.15929977894413563,480,4
rho_W5_k3,recency_biased,domain,proximity,ridge [crawl],16.0,0.16705248157708122,0.16705248157708125,480,4
rho_W5_k3,recency_biased,domain,proximity,hist_gradient_boosting [crawl],17.0,0.16725550422898852,0.1672555042289885,480,4
rho_W5_k3,recency_biased,domain,proximity,extra_trees [crawl],18.0,0.1746685390601541,0.17466853906015406,480,4
rho_W5_k3,recency_biased,domain,proximity,random_forest [crawl],19.0,0.17494449152378094,0.17494449152378097,480,4
rho_W5_k3,recency_biased,domain,proximity,plugin,20.0,0.2022046174250726,0.20220461742507262,480,4
rho_W5_k3,recency_biased,overall,all,extra_trees [combined],1.0,0.05373263860585342,0.05364108606381742,2952,36
rho_W5_k3,recency_biased,overall,all,hist_gradient_boosting [combined],2.0,0.05335995862397291,0.05387296714929774,2952,36
rho_W5_k3,recency_biased,overall,all,random_forest [combined],3.0,0.05488337438337582,0.05529542990259415,2952,36
rho_W5_k3,recency_biased,overall,all,extra_trees [patterns],4.0,0.05938193975796934,0.06098434432483278,2952,36
rho_W5_k3,recency_biased,overall,all,random_forest [patterns],5.0,0.05990016067880984,0.06119558994458564,2952,36
rho_W5_k3,recency_biased,overall,all,hist_gradient_boosting [patterns],6.0,0.06137324743717408,0.06371390873180202,2952,36
rho_W5_k3,recency_biased,overall,all,random_forest [occupancy],7.0,0.0707132070679466,0.07576495957198594,2952,36
rho_W5_k3,recency_biased,overall,all,extra_trees [occupancy],8.0,0.07081326568078969,0.07592837730177625,2952,36
rho_W5_k3,recency_biased,overall,all,hist_gradient_boosting [occupancy],9.0,0.07151562441945768,0.07704241286528275,2952,36
rho_W5_k3,recency_biased,overall,all,ridge [combined],10.0,0.08008974281229125,0.08018448452080391,2952,36
rho_W5_k3,recency_biased,overall,all,ridge [patterns],11.0,0.08708052912124152,0.09296158229129099,2952,36
rho_W5_k3,recency_biased,overall,all,extra_trees [crawl],12.0,0.10514588538388421,0.0986676622911426,2952,36
rho_W5_k3,recency_biased,overall,all,ridge [occupancy],13.0,0.08989226602839105,0.09867222103152831,2952,36
rho_W5_k3,recency_biased,overall,all,hist_gradient_boosting [crawl],14.0,0.10979604097604302,0.10514463315029429,2952,36
rho_W5_k3,recency_biased,overall,all,random_forest [crawl],15.0,0.11180648340728498,0.10569108054041178,2952,36
rho_W5_k3,recency_biased,overall,all,occ_mle,16.0,0.10859200518507921,0.11812876144606152,2952,36
rho_W5_k3,recency_biased,overall,all,mask_mle,17.0,0.11932111845848646,0.1279280173738272,2952,36
rho_W5_k3,recency_biased,overall,all,ridge [crawl],18.0,0.1502580500333209,0.15116678380859017,2952,36
rho_W5_k3,recency_biased,overall,all,mean_floor,19.0,0.18018790340675747,0.1820419306823336,2952,36
rho_W5_k3,recency_biased,overall,all,plugin,20.0,0.2034618709402498,0.2142613270874069,2952,36
rho_W5_k3,recent_history,budget,100,extra_trees [combined],1.0,0.09188375104428212,0.09250805258354894,738,36
rho_W5_k3,recent_history,budget,100,hist_gradient_boosting [occupancy],2.0,0.09179156866370955,0.0959985707482759,738,36
rho_W5_k3,recent_history,budget,100,hist_gradient_boosting [combined],3.0,0.09605392198660827,0.09646260664437248,738,36
rho_W5_k3,recent_history,budget,100,random_forest [combined],4.0,0.0949517131568213,0.09724789059438649,738,36
rho_W5_k3,recent_history,budget,100,random_forest [occupancy],5.0,0.09793700492253163,0.10251382930989685,738,36
rho_W5_k3,recent_history,budget,100,extra_trees [patterns],6.0,0.10163877819816361,0.1059093687328509,738,36
rho_W5_k3,recent_history,budget,100,hist_gradient_boosting [patterns],7.0,0.10237834127214104,0.10642073262031367,738,36
rho_W5_k3,recent_history,budget,100,extra_trees [occupancy],8.0,0.10172291240081553,0.10721776095861381,738,36
rho_W5_k3,recent_history,budget,100,ridge [combined],9.0,0.10601213865677175,0.10770682868655582,738,36
rho_W5_k3,recent_history,budget,100,random_forest [patterns],10.0,0.10425386024647408,0.10890166989442863,738,36
rho_W5_k3,recent_history,budget,100,ridge [patterns],11.0,0.12001323784945465,0.12650368654965924,738,36
rho_W5_k3,recent_history,budget,100,ridge [occupancy],12.0,0.12168679685828174,0.1301607715982397,738,36
rho_W5_k3,recent_history,budget,100,random_forest [crawl],13.0,0.14216515648277836,0.13741209590359096,738,36
rho_W5_k3,recent_history,budget,100,extra_trees [crawl],14.0,0.14475952400699474,0.1394526725348164,738,36
rho_W5_k3,recent_history,budget,100,hist_gradient_boosting [crawl],15.0,0.14713195221443248,0.14373311458146373,738,36
rho_W5_k3,recent_history,budget,100,occ_mle,16.0,0.15095452377815663,0.1695714063730627,738,36
rho_W5_k3,recent_history,budget,100,mask_mle,17.0,0.1619156295663837,0.16957176919243916,738,36
rho_W5_k3,recent_history,budget,100,ridge [crawl],18.0,0.17074289188668648,0.17277310708850835,738,36
rho_W5_k3,recent_history,budget,100,mean_floor,19.0,0.18018790340675744,0.1820419306823336,738,36
rho_W5_k3,recent_history,budget,100,plugin,20.0,0.21536047923574808,0.2269812230444247,738,36
rho_W5_k3,recent_history,budget,1600,extra_trees [combined],1.0,0.03253901976899562,0.029511489534768745,738,36
rho_W5_k3,recent_history,budget,1600,random_forest [combined],2.0,0.033072244770935885,0.030461222035705664,738,36
rho_W5_k3,recent_history,budget,1600,extra_trees [patterns],3.0,0.037913591459900725,0.035160981624693194,738,36
rho_W5_k3,recent_history,budget,1600,extra_trees [occupancy],4.0,0.03533454591796634,0.03623252187441464,738,36
rho_W5_k3,recent_history,budget,1600,hist_gradient_boosting [combined],5.0,0.03956560968577131,0.036331882550687554,738,36
rho_W5_k3,recent_history,budget,1600,random_forest [patterns],6.0,0.03854464777854186,0.03650415345361799,738,36
rho_W5_k3,recent_history,budget,1600,random_forest [occupancy],7.0,0.037396481105453974,0.03846559792021359,738,36
rho_W5_k3,recent_history,budget,1600,hist_gradient_boosting [patterns],8.0,0.04480524077623926,0.042415164659032896,738,36
rho_W5_k3,recent_history,budget,1600,hist_gradient_boosting [occupancy],9.0,0.04028016212019945,0.04250416724826606,738,36
rho_W5_k3,recent_history,budget,1600,ridge [combined],10.0,0.05844554910814902,0.05651164781210291,738,36
rho_W5_k3,recent_history,budget,1600,ridge [patterns],11.0,0.06578343538422723,0.06467517903704098,738,36
rho_W5_k3,recent_history,budget,1600,ridge [occupancy],12.0,0.06443258306131291,0.06662214146090603,738,36
rho_W5_k3,recent_history,budget,1600,occ_mle,13.0,0.06601718119078888,0.06723901959718243,738,36
rho_W5_k3,recent_history,budget,1600,extra_trees [crawl],14.0,0.08711066041780048,0.0757233848244427,738,36
rho_W5_k3,recent_history,budget,1600,random_forest [crawl],15.0,0.08658134285062617,0.0780481932048681,738,36
rho_W5_k3,recent_history,budget,1600,mask_mle,16.0,0.0727605691409402,0.0782501635355382,738,36
rho_W5_k3,recent_history,budget,1600,hist_gradient_boosting [crawl],17.0,0.09701944809414045,0.08737905080896723,738,36
rho_W5_k3,recent_history,budget,1600,ridge [crawl],18.0,0.1295751506375847,0.12966341923536423,738,36
rho_W5_k3,recent_history,budget,1600,mean_floor,19.0,0.18018790340675744,0.1820419306823336,738,36
rho_W5_k3,recent_history,budget,1600,plugin,20.0,0.19641548765389705,0.20792725018905403,738,36
rho_W5_k3,recent_history,budget,3200,extra_trees [combined],1.0,0.026994391484447468,0.023762586332763104,738,36
rho_W5_k3,recent_history,budget,3200,extra_trees [occupancy],2.0,0.026639655279668495,0.026582123431514497,738,36
rho_W5_k3,recent_history,budget,3200,random_forest [combined],3.0,0.028953880938366563,0.026721440442077592,738,36
rho_W5_k3,recent_history,budget,3200,extra_trees [patterns],4.0,0.03175904355919548,0.02802511604866689,738,36
rho_W5_k3,recent_history,budget,3200,random_forest [patterns],5.0,0.03178888719388104,0.02918529702425417,738,36
rho_W5_k3,recent_history,budget,3200,random_forest [occupancy],6.0,0.030324108137168616,0.030054655662434378,738,36
rho_W5_k3,recent_history,budget,3200,hist_gradient_boosting [combined],7.0,0.035189942678900535,0.03157452194880575,738,36
rho_W5_k3,recent_history,budget,3200,hist_gradient_boosting [occupancy],8.0,0.03312429822798081,0.03320344313642188,738,36
rho_W5_k3,recent_history,budget,3200,hist_gradient_boosting [patterns],9.0,0.0380986825456074,0.03496098987160325,738,36
rho_W5_k3,recent_history,budget,3200,occ_mle,10.0,0.05866019964838997,0.05782543276453692,738,36
rho_W5_k3,recent_history,budget,3200,ridge [patterns],11.0,0.06094045972837019,0.05791917511828642,738,36
rho_W5_k3,recent_history,budget,3200,ridge [occupancy],12.0,0.05801358152584752,0.058778817496657094,738,36
rho_W5_k3,recent_history,budget,3200,ridge [combined],13.0,0.062064610102732266,0.05908367085010559,738,36
rho_W5_k3,recent_history,budget,3200,extra_trees [crawl],14.0,0.07840575302856118,0.06648074371455504,738,36
rho_W5_k3,recent_history,budget,3200,mask_mle,15.0,0.06942770843184355,0.07390574709984259,738,36
rho_W5_k3,recent_history,budget,3200,random_forest [crawl],16.0,0.08371747243958684,0.07425025942098318,738,36
rho_W5_k3,recent_history,budget,3200,hist_gradient_boosting [crawl],17.0,0.09565431052251823,0.08419988670641937,738,36
rho_W5_k3,recent_history,budget,3200,ridge [crawl],18.0,0.13699105615145024,0.13378255028098332,738,36
rho_W5_k3,recent_history,budget,3200,mean_floor,19.0,0.18018790340675744,0.1820419306823336,738,36
rho_W5_k3,recent_history,budget,3200,plugin,20.0,0.17808537748625108,0.18837984126380372,738,36
rho_W5_k3,recent_history,budget,400,extra_trees [combined],1.0,0.05745072662320191,0.05587762453446684,738,36
rho_W5_k3,recent_history,budget,400,random_forest [combined],2.0,0.05883230238951854,0.057757916622347576,738,36
rho_W5_k3,recent_history,budget,400,hist_gradient_boosting [combined],3.0,0.06123607216124024,0.05782642004717556,738,36
rho_W5_k3,recent_history,budget,400,extra_trees [patterns],4.0,0.06706143473762016,0.06939176972702449,738,36
rho_W5_k3,recent_history,budget,400,ridge [combined],5.0,0.07171915541291128,0.06945222345288418,738,36
rho_W5_k3,recent_history,budget,400,hist_gradient_boosting [patterns],6.0,0.06752385079684144,0.06963967427922763,738,36
rho_W5_k3,recent_history,budget,400,random_forest [patterns],7.0,0.06732309914233008,0.06982969184700819,738,36
rho_W5_k3,recent_history,budget,400,hist_gradient_boosting [occupancy],8.0,0.06583861203164006,0.07091781279117802,738,36
rho_W5_k3,recent_history,budget,400,random_forest [occupancy],9.0,0.06703317397575032,0.07173436767401777,738,36
rho_W5_k3,recent_history,budget,400,extra_trees [occupancy],10.0,0.06697474152359904,0.07186883935328374,738,36
rho_W5_k3,recent_history,budget,400,ridge [patterns],11.0,0.08753222965824205,0.09023963251901428,738,36
rho_W5_k3,recent_history,budget,400,ridge [occupancy],12.0,0.09062295796866725,0.09909697863729473,738,36
rho_W5_k3,recent_history,budget,400,extra_trees [crawl],13.0,0.11278073772344835,0.10459832322677536,738,36
rho_W5_k3,recent_history,budget,400,random_forest [crawl],14.0,0.11509686432975136,0.10866620240451612,738,36
rho_W5_k3,recent_history,budget,400,occ_mle,15.0,0.10391807401360198,0.11207616324870245,738,36
rho_W5_k3,recent_history,budget,400,mask_mle,16.0,0.10771080327108812,0.1129241780274686,738,36
rho_W5_k3,recent_history,budget,400,hist_gradient_boosting [crawl],17.0,0.12025032207075509,0.11335590299767857,738,36
rho_W5_k3,recent_history,budget,400,ridge [crawl],18.0,0.1515433598715264,0.15182341438715075,738,36
rho_W5_k3,recent_history,budget,400,mean_floor,19.0,0.18018790340675744,0.1820419306823336,738,36
rho_W5_k3,recent_history,budget,400,plugin,20.0,0.211553229458521,0.2234354886220698,738,36
rho_W5_k3,recent_history,coverage_band,high(>.15),extra_trees [combined],1.0,0.034153141959165766,0.027367797336571163,1146,35
rho_W5_k3,recent_history,coverage_band,high(>.15),random_forest [combined],2.0,0.036414939396150134,0.0296602894648403,1146,35
rho_W5_k3,recent_history,coverage_band,high(>.15),extra_trees [occupancy],3.0,0.03366503613254351,0.03163093242362851,1146,35
rho_W5_k3,recent_history,coverage_band,high(>.15),extra_trees [patterns],4.0,0.03901170793818037,0.032614187099344,1146,35
rho_W5_k3,recent_history,coverage_band,high(>.15),random_forest [occupancy],5.0,0.03639463771815357,0.03410159343400033,1146,35
rho_W5_k3,recent_history,coverage_band,high(>.15),random_forest [patterns],6.0,0.03957674449901045,0.034126488446252115,1146,35
rho_W5_k3,recent_history,coverage_band,high(>.15),hist_gradient_boosting [combined],7.0,0.03795870234298271,0.03454687259695416,1146,35
rho_W5_k3,recent_history,coverage_band,high(>.15),hist_gradient_boosting [occupancy],8.0,0.03850711638132599,0.03650871605863536,1146,35
rho_W5_k3,recent_history,coverage_band,high(>.15),hist_gradient_boosting [patterns],9.0,0.042130969273220846,0.0385207007412447,1146,35
rho_W5_k3,recent_history,coverage_band,high(>.15),ridge [combined],10.0,0.06338409200968675,0.05646361809995079,1146,35
rho_W5_k3,recent_history,coverage_band,high(>.15),ridge [patterns],11.0,0.06520705792958045,0.06298657638675877,1146,35
rho_W5_k3,recent_history,coverage_band,high(>.15),ridge [occupancy],12.0,0.06728351128194832,0.06485015497751484,1146,35
rho_W5_k3,recent_history,coverage_band,high(>.15),occ_mle,13.0,0.06726188338362665,0.06925290692351112,1146,35
rho_W5_k3,recent_history,coverage_band,high(>.15),extra_trees [crawl],14.0,0.07899634097862542,0.07032145484591316,1146,35
rho_W5_k3,recent_history,coverage_band,high(>.15),random_forest [crawl],15.0,0.08941258211136875,0.07804559519608649,1146,35
rho_W5_k3,recent_history,coverage_band,high(>.15),mask_mle,16.0,0.08011789045250088,0.08727943817895341,1146,35
rho_W5_k3,recent_history,coverage_band,high(>.15),hist_gradient_boosting [crawl],17.0,0.09347098237923376,0.08945127963905596,1146,35
rho_W5_k3,recent_history,coverage_band,high(>.15),ridge [crawl],18.0,0.1474902730374744,0.1463706362449024,1146,35
rho_W5_k3,recent_history,coverage_band,high(>.15),mean_floor,19.0,0.19800460286895089,0.1886952872509566,1146,35
rho_W5_k3,recent_history,coverage_band,high(>.15),plugin,20.0,0.21187828642426487,0.22258462985224334,1146,35
rho_W5_k3,recent_history,coverage_band,low(<.02),extra_trees [combined],1.0,0.09065037115572369,0.07688550415085085,454,26
rho_W5_k3,recent_history,coverage_band,low(<.02),hist_gradient_boosting [occupancy],2.0,0.09361231432450337,0.08176841272750829,454,26
rho_W5_k3,recent_history,coverage_band,low(<.02),random_forest [combined],3.0,0.09407086309963379,0.08406898862661853,454,26
rho_W5_k3,recent_history,coverage_band,low(<.02),hist_gradient_boosting [combined],4.0,0.09857169311589206,0.08526987360431745,454,26
rho_W5_k3,recent_history,coverage_band,low(<.02),ridge [combined],5.0,0.10269634348745675,0.08589529133072117,454,26
rho_W5_k3,recent_history,coverage_band,low(<.02),extra_trees [patterns],6.0,0.09619770630457306,0.08676957226867929,454,26
rho_W5_k3,recent_history,coverage_band,low(<.02),random_forest [patterns],7.0,0.09954682515859953,0.08874265739755471,454,26
rho_W5_k3,recent_history,coverage_band,low(<.02),hist_gradient_boosting [patterns],8.0,0.10005641497845316,0.09176438803962567,454,26
rho_W5_k3,recent_history,coverage_band,low(<.02),random_forest [occupancy],9.0,0.09909697688596245,0.0937262363336472,454,26
rho_W5_k3,recent_history,coverage_band,low(<.02),extra_trees [occupancy],10.0,0.10236314311877583,0.09531505124028784,454,26
rho_W5_k3,recent_history,coverage_band,low(<.02),ridge [patterns],11.0,0.11657956589161575,0.10405149276329945,454,26
rho_W5_k3,recent_history,coverage_band,low(<.02),random_forest [crawl],12.0,0.13742373517916434,0.11937768935743245,454,26
rho_W5_k3,recent_history,coverage_band,low(<.02),ridge [occupancy],13.0,0.1230023216087431,0.11984027827339411,454,26
rho_W5_k3,recent_history,coverage_band,low(<.02),extra_trees [crawl],14.0,0.14220480666674884,0.12427532862530118,454,26
rho_W5_k3,recent_history,coverage_band,low(<.02),hist_gradient_boosting [crawl],15.0,0.1450408837770575,0.12773465557904384,454,26
rho_W5_k3,recent_history,coverage_band,low(<.02),ridge [crawl],16.0,0.15889970934044795,0.14852623053035446,454,26
rho_W5_k3,recent_history,coverage_band,low(<.02),occ_mle,17.0,0.1527029133221884,0.15003140313038132,454,26
rho_W5_k3,recent_history,coverage_band,low(<.02),mean_floor,18.0,0.1640297149600919,0.16269463154245106,454,26
rho_W5_k3,recent_history,coverage_band,low(<.02),mask_mle,19.0,0.1639812663019034,0.1638183636721333,454,26
rho_W5_k3,recent_history,coverage_band,low(<.02),plugin,20.0,0.19993336458396524,0.1890688707556201,454,26
rho_W5_k3,recent_history,coverage_band,mid,extra_trees [combined],1.0,0.054622583456909526,0.06015568968583503,1352,36
rho_W5_k3,recent_history,coverage_band,mid,random_forest [combined],2.0,0.05534629574810815,0.0619495190366961,1352,36
rho_W5_k3,recent_history,coverage_band,mid,hist_gradient_boosting [combined],3.0,0.06138860337763819,0.06331180829227172,1352,36
rho_W5_k3,recent_history,coverage_band,mid,hist_gradient_boosting [occupancy],4.0,0.0620372921699711,0.0733980031641314,1352,36
rho_W5_k3,recent_history,coverage_band,mid,extra_trees [patterns],5.0,0.06474703094028887,0.0745284290419556,1352,36
rho_W5_k3,recent_history,coverage_band,mid,random_forest [patterns],6.0,0.06507450963070667,0.07473787971721912,1352,36
rho_W5_k3,recent_history,coverage_band,mid,random_forest [occupancy],7.0,0.0628901660922756,0.07486101674614704,1352,36
rho_W5_k3,recent_history,coverage_band,mid,extra_trees [occupancy],8.0,0.06300505229012823,0.07521290099839145,1352,36
rho_W5_k3,recent_history,coverage_band,mid,hist_gradient_boosting [patterns],9.0,0.06868580619164429,0.07647677731355494,1352,36
rho_W5_k3,recent_history,coverage_band,mid,ridge [combined],10.0,0.07458571237769976,0.07839515624171443,1352,36
rho_W5_k3,recent_history,coverage_band,mid,ridge [patterns],11.0,0.08804465851455939,0.09632820109947603,1352,36
rho_W5_k3,recent_history,coverage_band,mid,ridge [occupancy],12.0,0.08439342499122088,0.09856133211182472,1352,36
rho_W5_k3,recent_history,coverage_band,mid,random_forest [crawl],13.0,0.11145170279057318,0.11020914318324976,1352,36
rho_W5_k3,recent_history,coverage_band,mid,extra_trees [crawl],14.0,0.11621674355937366,0.11057983736385618,1352,36
rho_W5_k3,recent_history,coverage_band,mid,occ_mle,15.0,0.09888952901162879,0.1149433576015457,1352,36
rho_W5_k3,recent_history,coverage_band,mid,mask_mle,16.0,0.1018170554165225,0.11634049867261569,1352,36
rho_W5_k3,recent_history,coverage_band,mid,hist_gradient_boosting [crawl],17.0,0.12319160150900632,0.11833478412897226,1352,36
rho_W5_k3,recent_history,coverage_band,mid,ridge [crawl],18.0,0.1430538413212721,0.1507378982273208,1352,36
rho_W5_k3,recent_history,coverage_band,mid,mean_floor,19.0,0.17051177912503596,0.17770284139046966,1352,36
rho_W5_k3,recent_history,coverage_band,mid,plugin,20.0,0.1907261033479824,0.21739795591649616,1352,36
rho_W5_k3,recent_history,data_block,mechanistic_activity,extra_trees [crawl],1.0,0.023357134367530945,0.02335713436753094,216,6
rho_W5_k3,recent_history,data_block,mechanistic_activity,random_forest [crawl],2.0,0.023857946375792884,0.023857946375792888,216,6
rho_W5_k3,recent_history,data_block,mechanistic_activity,extra_trees [combined],3.0,0.03195393855678662,0.03195393855678661,216,6
rho_W5_k3,recent_history,data_block,mechanistic_activity,hist_gradient_boosting [crawl],4.0,0.03404517797156341,0.03404517797156341,216,6
rho_W5_k3,recent_history,data_block,mechanistic_activity,hist_gradient_boosting [combined],5.0,0.034250250090501026,0.03425025009050103,216,6
rho_W5_k3,recent_history,data_block,mechanistic_activity,random_forest [combined],6.0,0.03806617693956348,0.03806617693956348,216,6
rho_W5_k3,recent_history,data_block,mechanistic_activity,extra_trees [patterns],7.0,0.054685202655493155,0.05468520265549317,216,6
rho_W5_k3,recent_history,data_block,mechanistic_activity,ridge [combined],8.0,0.055863291570722624,0.05586329157072262,216,6
rho_W5_k3,recent_history,data_block,mechanistic_activity,random_forest [patterns],9.0,0.057630450185152414,0.0576304501851524,216,6
rho_W5_k3,recent_history,data_block,mechanistic_activity,hist_gradient_boosting [patterns],10.0,0.05944945409776268,0.05944945409776267,216,6
rho_W5_k3,recent_history,data_block,mechanistic_activity,random_forest [occupancy],11.0,0.07123180981328117,0.07123180981328117,216,6
rho_W5_k3,recent_history,data_block,mechanistic_activity,extra_trees [occupancy],12.0,0.0718621014757967,0.0718621014757967,216,6
rho_W5_k3,recent_history,data_block,mechanistic_activity,hist_gradient_boosting [occupancy],13.0,0.07363324022705653,0.07363324022705653,216,6
rho_W5_k3,recent_history,data_block,mechanistic_activity,ridge [patterns],14.0,0.08924683153451696,0.08924683153451696,216,6
rho_W5_k3,recent_history,data_block,mechanistic_activity,ridge [crawl],15.0,0.09301291557243137,0.09301291557243137,216,6
rho_W5_k3,recent_history,data_block,mechanistic_activity,ridge [occupancy],16.0,0.11035195352428963,0.11035195352428961,216,6
rho_W5_k3,recent_history,data_block,mechanistic_activity,mean_floor,17.0,0.11946756788268903,0.11946756788268902,216,6
rho_W5_k3,recent_history,data_block,mechanistic_activity,mask_mle,18.0,0.1226333063138233,0.1226333063138233,216,6
rho_W5_k3,recent_history,data_block,mechanistic_activity,plugin,19.0,0.14062746680864843,0.14062746680864846,216,6
rho_W5_k3,recent_history,data_block,mechanistic_activity,occ_mle,20.0,0.15502836889558644,0.15502836889558644,216,6
rho_W5_k3,recent_history,data_block,mechanistic_dar,extra_trees [combined],1.0,0.07226982545696439,0.0722698254569644,864,12
rho_W5_k3,recent_history,data_block,mechanistic_dar,random_forest [combined],2.0,0.07704580713715974,0.07704580713715975,864,12
rho_W5_k3,recent_history,data_block,mechanistic_dar,hist_gradient_boosting [combined],3.0,0.07826608124048588,0.07826608124048585,864,12
rho_W5_k3,recent_history,data_block,mechanistic_dar,random_forest [occupancy],4.0,0.08153776977628079,0.08153776977628077,864,12
rho_W5_k3,recent_history,data_block,mechanistic_dar,hist_gradient_boosting [occupancy],5.0,0.0818273722513134,0.08182737225131338,864,12
rho_W5_k3,recent_history,data_block,mechanistic_dar,extra_trees [occupancy],6.0,0.08206728828484287,0.08206728828484285,864,12
rho_W5_k3,recent_history,data_block,mechanistic_dar,extra_trees [patterns],7.0,0.08217471622787745,0.08217471622787746,864,12
rho_W5_k3,recent_history,data_block,mechanistic_dar,random_forest [patterns],8.0,0.08557400605000508,0.08557400605000508,864,12
rho_W5_k3,recent_history,data_block,mechanistic_dar,hist_gradient_boosting [patterns],9.0,0.08703104712861488,0.08703104712861488,864,12
rho_W5_k3,recent_history,data_block,mechanistic_dar,ridge [combined],10.0,0.0979868159545383,0.0979868159545383,864,12
rho_W5_k3,recent_history,data_block,mechanistic_dar,ridge [patterns],11.0,0.10847181815376006,0.10847181815376004,864,12
rho_W5_k3,recent_history,data_block,mechanistic_dar,ridge [occupancy],12.0,0.11458002877771047,0.11458002877771047,864,12
rho_W5_k3,recent_history,data_block,mechanistic_dar,occ_mle,13.0,0.11575845194976038,0.11575845194976041,864,12
rho_W5_k3,recent_history,data_block,mechanistic_dar,extra_trees [crawl],14.0,0.13511288730538873,0.1351128873053887,864,12
rho_W5_k3,recent_history,data_block,mechanistic_dar,random_forest [crawl],15.0,0.14969200502692323,0.14969200502692326,864,12
rho_W5_k3,recent_history,data_block,mechanistic_dar,hist_gradient_boosting [crawl],16.0,0.15241626951923795,0.15241626951923798,864,12
rho_W5_k3,recent_history,data_block,mechanistic_dar,mask_mle,17.0,0.15768481101650153,0.15768481101650153,864,12
rho_W5_k3,recent_history,data_block,mechanistic_dar,ridge [crawl],18.0,0.21926097729210772,0.21926097729210772,864,12
rho_W5_k3,recent_history,data_block,mechanistic_dar,mean_floor,19.0,0.2643259343698752,0.26432593436987517,864,12
rho_W5_k3,recent_history,data_block,mechanistic_dar,plugin,20.0,0.40128908985661155,0.40128908985661155,864,12
rho_W5_k3,recent_history,data_block,real_controlled,extra_trees [occupancy],1.0,0.038796034117200895,0.038796034117200895,432,6
rho_W5_k3,recent_history,data_block,real_controlled,random_forest [occupancy],2.0,0.041177471297103904,0.0411774712971039,432,6
rho_W5_k3,recent_history,data_block,real_controlled,hist_gradient_boosting [occupancy],3.0,0.045054337055741814,0.0450543370557418,432,6
rho_W5_k3,recent_history,data_block,real_controlled,random_forest [combined],4.0,0.05251047099628888,0.05251047099628888,432,6
rho_W5_k3,recent_history,data_block,real_controlled,extra_trees [combined],5.0,0.057436531017494734,0.057436531017494734,432,6
rho_W5_k3,recent_history,data_block,real_controlled,random_forest [patterns],6.0,0.05782334568584103,0.05782334568584103,432,6
rho_W5_k3,recent_history,data_block,real_controlled,occ_mle,7.0,0.05786477217179154,0.05786477217179154,432,6
rho_W5_k3,recent_history,data_block,real_controlled,ridge [occupancy],8.0,0.05825004538282649,0.05825004538282649,432,6
rho_W5_k3,recent_history,data_block,real_controlled,mask_mle,9.0,0.06010606832398203,0.06010606832398202,432,6
rho_W5_k3,recent_history,data_block,real_controlled,extra_trees [patterns],10.0,0.06075699267603084,0.06075699267603083,432,6
rho_W5_k3,recent_history,data_block,real_controlled,hist_gradient_boosting [combined],11.0,0.06976211019545477,0.06976211019545478,432,6
rho_W5_k3,recent_history,data_block,real_controlled,hist_gradient_boosting [patterns],12.0,0.07074459120018001,0.07074459120018001,432,6
rho_W5_k3,recent_history,data_block,real_controlled,ridge [patterns],13.0,0.08381364629067047,0.08381364629067045,432,6
rho_W5_k3,recent_history,data_block,real_controlled,plugin,14.0,0.08760230949998496,0.08760230949998495,432,6
rho_W5_k3,recent_history,data_block,real_controlled,ridge [combined],15.0,0.09189578523583503,0.09189578523583504,432,6
rho_W5_k3,recent_history,data_block,real_controlled,mean_floor,16.0,0.12221123188077655,0.12221123188077658,432,6
rho_W5_k3,recent_history,data_block,real_controlled,random_forest [crawl],17.0,0.14582610710409094,0.14582610710409094,432,6
rho_W5_k3,recent_history,data_block,real_controlled,ridge [crawl],18.0,0.15452782586068425,0.15452782586068425,432,6
rho_W5_k3,recent_history,data_block,real_controlled,hist_gradient_boosting [crawl],19.0,0.15818122922559472,0.15818122922559472,432,6
rho_W5_k3,recent_history,data_block,real_controlled,extra_trees [crawl],20.0,0.17331528785294628,0.17331528785294625,432,6
rho_W5_k3,recent_history,data_block,real_empirical,hist_gradient_boosting [occupancy],1.0,0.08448776118217438,0.08448776118217437,72,6
rho_W5_k3,recent_history,data_block,real_empirical,extra_trees [occupancy],2.0,0.0845999596851746,0.08459995968517463,72,6
rho_W5_k3,recent_history,data_block,real_empirical,random_forest [occupancy],3.0,0.08536455114328752,0.08536455114328752,72,6
rho_W5_k3,recent_history,data_block,real_empirical,random_forest [combined],4.0,0.09029249877183365,0.09029249877183367,72,6
rho_W5_k3,recent_history,data_block,real_empirical,extra_trees [combined],5.0,0.09132951515224381,0.09132951515224381,72,6
rho_W5_k3,recent_history,data_block,real_empirical,ridge [occupancy],6.0,0.09465563626808245,0.09465563626808243,72,6
rho_W5_k3,recent_history,data_block,real_empirical,extra_trees [patterns],7.0,0.09562345314950156,0.09562345314950156,72,6
rho_W5_k3,recent_history,data_block,real_empirical,occ_mle,8.0,0.09685002388671517,0.09685002388671515,72,6
rho_W5_k3,recent_history,data_block,real_empirical,mean_floor,9.0,0.09760506656871656,0.09760506656871658,72,6
rho_W5_k3,recent_history,data_block,real_empirical,ridge [combined],10.0,0.09923669571468466,0.09923669571468464,72,6
rho_W5_k3,recent_history,data_block,real_empirical,random_forest [patterns],11.0,0.1010146871767583,0.10101468717675831,72,6
rho_W5_k3,recent_history,data_block,real_empirical,random_forest [crawl],12.0,0.10481500455751815,0.10481500455751815,72,6
rho_W5_k3,recent_history,data_block,real_empirical,mask_mle,13.0,0.10499931060796215,0.10499931060796215,72,6
rho_W5_k3,recent_history,data_block,real_empirical,hist_gradient_boosting [combined],14.0,0.10725833806986258,0.10725833806986258,72,6
rho_W5_k3,recent_history,data_block,real_empirical,ridge [patterns],15.0,0.10981898656634231,0.1098189865663423,72,6
rho_W5_k3,recent_history,data_block,real_empirical,ridge [crawl],16.0,0.1104350850298899,0.1104350850298899,72,6
rho_W5_k3,recent_history,data_block,real_empirical,hist_gradient_boosting [patterns],17.0,0.11054752769765089,0.1105475276976509,72,6
rho_W5_k3,recent_history,data_block,real_empirical,hist_gradient_boosting [crawl],18.0,0.11329990447350285,0.11329990447350285,72,6
rho_W5_k3,recent_history,data_block,real_empirical,extra_trees [crawl],19.0,0.1162895845777197,0.11628958457771969,72,6
rho_W5_k3,recent_history,data_block,real_empirical,plugin,20.0,0.1589297705180095,0.1589297705180095,72,6
rho_W5_k3,recent_history,data_block,real_shuffle,hist_gradient_boosting [occupancy],1.0,0.13521679507281656,0.13521679507281656,216,6
rho_W5_k3,recent_history,data_block,real_shuffle,extra_trees [combined],2.0,0.13773013328879957,0.1377301332887996,216,6
rho_W5_k3,recent_history,data_block,real_shuffle,random_forest [combined],3.0,0.13872559972111456,0.13872559972111453,216,6
rho_W5_k3,recent_history,data_block,real_shuffle,ridge [combined],4.0,0.1417731445863828,0.14177314458638282,216,6
rho_W5_k3,recent_history,data_block,real_shuffle,extra_trees [occupancy],5.0,0.14279332537960865,0.14279332537960868,216,6
rho_W5_k3,recent_history,data_block,real_shuffle,random_forest [patterns],6.0,0.14565023906381816,0.14565023906381816,216,6
rho_W5_k3,recent_history,data_block,real_shuffle,random_forest [occupancy],7.0,0.14613869838644547,0.1461386983864455,216,6
rho_W5_k3,recent_history,data_block,real_shuffle,hist_gradient_boosting [patterns],8.0,0.147320649362327,0.147320649362327,216,6
rho_W5_k3,recent_history,data_block,real_shuffle,hist_gradient_boosting [combined],9.0,0.1521184217112799,0.1521184217112799,216,6
rho_W5_k3,recent_history,data_block,real_shuffle,extra_trees [patterns],10.0,0.15261109047755367,0.15261109047755367,216,6
rho_W5_k3,recent_history,data_block,real_shuffle,ridge [occupancy],11.0,0.1609872744945553,0.16098727449455527,216,6
rho_W5_k3,recent_history,data_block,real_shuffle,ridge [patterns],12.0,0.1863169093259254,0.18631690932592546,216,6
rho_W5_k3,recent_history,data_block,real_shuffle,ridge [crawl],13.0,0.1896931453283321,0.18969314532833212,216,6
rho_W5_k3,recent_history,data_block,real_shuffle,random_forest [crawl],14.0,0.20680163565976267,0.2068016356597627,216,6
rho_W5_k3,recent_history,data_block,real_shuffle,extra_trees [crawl],15.0,0.21211731279217413,0.21211731279217413,216,6
rho_W5_k3,recent_history,data_block,real_shuffle,mean_floor,16.0,0.23026408707885515,0.23026408707885518,216,6
rho_W5_k3,recent_history,data_block,real_shuffle,hist_gradient_boosting [crawl],17.0,0.231620646798221,0.23162064679822103,216,6
rho_W5_k3,recent_history,data_block,real_shuffle,mask_mle,18.0,0.2600951982773481,0.2600951982773481,216,6
rho_W5_k3,recent_history,data_block,real_shuffle,occ_mle,19.0,0.2653515634312921,0.2653515634312921,216,6
rho_W5_k3,recent_history,data_block,real_shuffle,plugin,20.0,0.37533118722775843,0.37533118722775843,216,6
rho_W5_k3,recent_history,data_block,synthetic_controlled,extra_trees [combined],1.0,0.020541064947622457,0.020541064947622454,1152,12
rho_W5_k3,recent_history,data_block,synthetic_controlled,random_forest [combined],2.0,0.02198585046830097,0.021985850468300972,1152,12
rho_W5_k3,recent_history,data_block,synthetic_controlled,hist_gradient_boosting [combined],3.0,0.02214605388872307,0.02214605388872307,1152,12
rho_W5_k3,recent_history,data_block,synthetic_controlled,extra_trees [patterns],4.0,0.023448175512385205,0.023448175512385205,1152,12
rho_W5_k3,recent_history,data_block,synthetic_controlled,hist_gradient_boosting [patterns],5.0,0.024472795745851254,0.024472795745851258,1152,12
rho_W5_k3,recent_history,data_block,synthetic_controlled,random_forest [patterns],6.0,0.024681104097737508,0.024681104097737508,1152,12
rho_W5_k3,recent_history,data_block,synthetic_controlled,hist_gradient_boosting [occupancy],7.0,0.025300794641511016,0.025300794641511016,1152,12
rho_W5_k3,recent_history,data_block,synthetic_controlled,extra_trees [occupancy],8.0,0.026139788164268502,0.0261397881642685,1152,12
rho_W5_k3,recent_history,data_block,synthetic_controlled,random_forest [occupancy],9.0,0.026380389537738202,0.026380389537738202,1152,12
rho_W5_k3,recent_history,data_block,synthetic_controlled,ridge [combined],10.0,0.0398507743168946,0.03985077431689459,1152,12
rho_W5_k3,recent_history,data_block,synthetic_controlled,ridge [patterns],11.0,0.04282544138257511,0.04282544138257511,1152,12
rho_W5_k3,recent_history,data_block,synthetic_controlled,mask_mle,12.0,0.04469136344885828,0.04469136344885829,1152,12
rho_W5_k3,recent_history,data_block,synthetic_controlled,occ_mle,13.0,0.04975671272949275,0.04975671272949275,1152,12
rho_W5_k3,recent_history,data_block,synthetic_controlled,ridge [occupancy],14.0,0.049882139752532514,0.04988213975253252,1152,12
rho_W5_k3,recent_history,data_block,synthetic_controlled,extra_trees [crawl],15.0,0.05327322623269196,0.05327322623269196,1152,12
rho_W5_k3,recent_history,data_block,synthetic_controlled,random_forest [crawl],16.0,0.05715275727758148,0.05715275727758148,1152,12
rho_W5_k3,recent_history,data_block,synthetic_controlled,hist_gradient_boosting [crawl],17.0,0.06419964680479026,0.06419964680479028,1152,12
rho_W5_k3,recent_history,data_block,synthetic_controlled,plugin,18.0,0.07291316961851867,0.07291316961851867,1152,12
rho_W5_k3,recent_history,data_block,synthetic_controlled,ridge [crawl],19.0,0.09493035935673196,0.09493035935673196,1152,12
rho_W5_k3,recent_history,data_block,synthetic_controlled,mean_floor,20.0,0.14598283778128407,0.1459828377812841,1152,12
rho_W5_k3,recent_history,domain,controlled,extra_trees [combined],1.0,0.020541064947622457,0.020541064947622454,1152,12
rho_W5_k3,recent_history,domain,controlled,random_forest [combined],2.0,0.02198585046830097,0.021985850468300972,1152,12
rho_W5_k3,recent_history,domain,controlled,hist_gradient_boosting [combined],3.0,0.02214605388872307,0.02214605388872307,1152,12
rho_W5_k3,recent_history,domain,controlled,extra_trees [patterns],4.0,0.023448175512385205,0.023448175512385205,1152,12
rho_W5_k3,recent_history,domain,controlled,hist_gradient_boosting [patterns],5.0,0.024472795745851254,0.024472795745851258,1152,12
rho_W5_k3,recent_history,domain,controlled,random_forest [patterns],6.0,0.024681104097737508,0.024681104097737508,1152,12
rho_W5_k3,recent_history,domain,controlled,hist_gradient_boosting [occupancy],7.0,0.025300794641511016,0.025300794641511016,1152,12
rho_W5_k3,recent_history,domain,controlled,extra_trees [occupancy],8.0,0.026139788164268502,0.0261397881642685,1152,12
rho_W5_k3,recent_history,domain,controlled,random_forest [occupancy],9.0,0.026380389537738202,0.026380389537738202,1152,12
rho_W5_k3,recent_history,domain,controlled,ridge [combined],10.0,0.0398507743168946,0.03985077431689459,1152,12
rho_W5_k3,recent_history,domain,controlled,ridge [patterns],11.0,0.04282544138257511,0.04282544138257511,1152,12
rho_W5_k3,recent_history,domain,controlled,mask_mle,12.0,0.04469136344885828,0.04469136344885829,1152,12
rho_W5_k3,recent_history,domain,controlled,occ_mle,13.0,0.04975671272949275,0.04975671272949275,1152,12
rho_W5_k3,recent_history,domain,controlled,ridge [occupancy],14.0,0.049882139752532514,0.04988213975253252,1152,12
rho_W5_k3,recent_history,domain,controlled,extra_trees [crawl],15.0,0.05327322623269196,0.05327322623269196,1152,12
rho_W5_k3,recent_history,domain,controlled,random_forest [crawl],16.0,0.05715275727758148,0.05715275727758148,1152,12
rho_W5_k3,recent_history,domain,controlled,hist_gradient_boosting [crawl],17.0,0.06419964680479026,0.06419964680479028,1152,12
rho_W5_k3,recent_history,domain,controlled,plugin,18.0,0.07291316961851867,0.07291316961851867,1152,12
rho_W5_k3,recent_history,domain,controlled,ridge [crawl],19.0,0.09493035935673196,0.09493035935673196,1152,12
rho_W5_k3,recent_history,domain,controlled,mean_floor,20.0,0.14598283778128407,0.1459828377812841,1152,12
rho_W5_k3,recent_history,domain,email,extra_trees [combined],1.0,0.07949894785192227,0.07949894785192227,120,1
rho_W5_k3,recent_history,domain,email,random_forest [combined],2.0,0.08182265482064709,0.08182265482064707,120,1
rho_W5_k3,recent_history,domain,email,ridge [combined],3.0,0.08342005312925019,0.08342005312925019,120,1
rho_W5_k3,recent_history,domain,email,random_forest [patterns],4.0,0.08984251706585539,0.08984251706585537,120,1
rho_W5_k3,recent_history,domain,email,hist_gradient_boosting [combined],5.0,0.09148251216138244,0.09148251216138245,120,1
rho_W5_k3,recent_history,domain,email,hist_gradient_boosting [patterns],6.0,0.09330742892631043,0.09330742892631043,120,1
rho_W5_k3,recent_history,domain,email,extra_trees [patterns],7.0,0.09415202390418397,0.09415202390418395,120,1
rho_W5_k3,recent_history,domain,email,hist_gradient_boosting [occupancy],8.0,0.09774176176487905,0.09774176176487905,120,1
rho_W5_k3,recent_history,domain,email,extra_trees [occupancy],9.0,0.10307439230255319,0.10307439230255319,120,1
rho_W5_k3,recent_history,domain,email,random_forest [occupancy],10.0,0.10424517375585766,0.10424517375585768,120,1
rho_W5_k3,recent_history,domain,email,hist_gradient_boosting [crawl],11.0,0.10547280952594669,0.10547280952594668,120,1
rho_W5_k3,recent_history,domain,email,ridge [occupancy],12.0,0.10614323153656527,0.10614323153656527,120,1
rho_W5_k3,recent_history,domain,email,ridge [patterns],13.0,0.12703631763019918,0.1270363176301992,120,1
rho_W5_k3,recent_history,domain,email,extra_trees [crawl],14.0,0.14601074434236647,0.14601074434236647,120,1
rho_W5_k3,recent_history,domain,email,occ_mle,15.0,0.14729216997743913,0.14729216997743913,120,1
rho_W5_k3,recent_history,domain,email,random_forest [crawl],16.0,0.15016058397216916,0.15016058397216916,120,1
rho_W5_k3,recent_history,domain,email,mask_mle,17.0,0.1514417360807154,0.15144173608071546,120,1
rho_W5_k3,recent_history,domain,email,mean_floor,18.0,0.16009283003424132,0.16009283003424132,120,1
rho_W5_k3,recent_history,domain,email,ridge [crawl],19.0,0.16631836008622963,0.16631836008622963,120,1
rho_W5_k3,recent_history,domain,email,plugin,20.0,0.2239222230804333,0.2239222230804333,120,1
rho_W5_k3,recent_history,domain,mechanistic,extra_trees [combined],1.0,0.06420664807692883,0.05883119649023846,1080,18
rho_W5_k3,recent_history,domain,mechanistic,hist_gradient_boosting [combined],2.0,0.0694629150104889,0.06359413752382426,1080,18
rho_W5_k3,recent_history,domain,mechanistic,random_forest [combined],3.0,0.06924988109764048,0.06405259707129432,1080,18
rho_W5_k3,recent_history,domain,mechanistic,extra_trees [patterns],4.0,0.0766768135134006,0.07301154503708268,1080,18
rho_W5_k3,recent_history,domain,mechanistic,random_forest [patterns],5.0,0.07998529487703454,0.07625948742838752,1080,18
rho_W5_k3,recent_history,domain,mechanistic,hist_gradient_boosting [patterns],6.0,0.08151472852244444,0.07783718278499746,1080,18
rho_W5_k3,recent_history,domain,mechanistic,random_forest [occupancy],7.0,0.07947657778368085,0.07810244978861423,1080,18
rho_W5_k3,recent_history,domain,mechanistic,extra_trees [occupancy],8.0,0.08002625092303364,0.07866555934849416,1080,18
rho_W5_k3,recent_history,domain,mechanistic,hist_gradient_boosting [occupancy],9.0,0.08018854584646201,0.07909599490989444,1080,18
rho_W5_k3,recent_history,domain,mechanistic,ridge [combined],10.0,0.08956211107777516,0.08394564115993307,1080,18
rho_W5_k3,recent_history,domain,mechanistic,extra_trees [crawl],11.0,0.11276173671781717,0.09786096965943612,1080,18
rho_W5_k3,recent_history,domain,mechanistic,ridge [patterns],12.0,0.10462682082991144,0.10206348928067903,1080,18
rho_W5_k3,recent_history,domain,mechanistic,random_forest [crawl],13.0,0.12452519329669716,0.10774731880987978,1080,18
rho_W5_k3,recent_history,domain,mechanistic,hist_gradient_boosting [crawl],14.0,0.12874205120970306,0.11295923900334645,1080,18
rho_W5_k3,recent_history,domain,mechanistic,ridge [occupancy],15.0,0.11373441372702628,0.11317067035990351,1080,18
rho_W5_k3,recent_history,domain,mechanistic,occ_mle,16.0,0.1236124353389256,0.12884842426503573,1080,18
rho_W5_k3,recent_history,domain,mechanistic,mask_mle,17.0,0.15067451007596588,0.1460009761156088,1080,18
rho_W5_k3,recent_history,domain,mechanistic,ridge [crawl],18.0,0.19401136494817245,0.1771782900522156,1080,18
rho_W5_k3,recent_history,domain,mechanistic,mean_floor,19.0,0.23535426107243798,0.2160398122074798,1080,18
rho_W5_k3,recent_history,domain,mechanistic,plugin,20.0,0.34915676524701894,0.3144018821739572,1080,18
rho_W5_k3,recent_history,domain,messaging,ridge [occupancy],1.0,0.0368191217842871,0.036819121784287104,120,1
rho_W5_k3,recent_history,domain,messaging,extra_trees [occupancy],2.0,0.039740626733465706,0.039740626733465706,120,1
rho_W5_k3,recent_history,domain,messaging,random_forest [occupancy],3.0,0.04586650202491557,0.04586650202491557,120,1
rho_W5_k3,recent_history,domain,messaging,hist_gradient_boosting [occupancy],4.0,0.04637125066921689,0.0463712506692169,120,1
rho_W5_k3,recent_history,domain,messaging,extra_trees [patterns],5.0,0.05432452240027943,0.054324522400279435,120,1
rho_W5_k3,recent_history,domain,messaging,random_forest [combined],6.0,0.05507285972061712,0.05507285972061713,120,1
rho_W5_k3,recent_history,domain,messaging,random_forest [patterns],7.0,0.05676970616109198,0.05676970616109199,120,1
rho_W5_k3,recent_history,domain,messaging,ridge [combined],8.0,0.05871058807437265,0.05871058807437265,120,1
rho_W5_k3,recent_history,domain,messaging,occ_mle,9.0,0.06109765790216743,0.06109765790216743,120,1
rho_W5_k3,recent_history,domain,messaging,extra_trees [combined],10.0,0.07387953371336238,0.07387953371336238,120,1
rho_W5_k3,recent_history,domain,messaging,mask_mle,11.0,0.07637525231553978,0.07637525231553978,120,1
rho_W5_k3,recent_history,domain,messaging,random_forest [crawl],12.0,0.09420224925104906,0.09420224925104906,120,1
rho_W5_k3,recent_history,domain,messaging,hist_gradient_boosting [patterns],13.0,0.09507550587878649,0.09507550587878649,120,1
rho_W5_k3,recent_history,domain,messaging,ridge [patterns],14.0,0.10351563974164384,0.10351563974164385,120,1
rho_W5_k3,recent_history,domain,messaging,plugin,15.0,0.11243717664524991,0.11243717664524991,120,1
rho_W5_k3,recent_history,domain,messaging,mean_floor,16.0,0.115706885643181,0.11570688564318102,120,1
rho_W5_k3,recent_history,domain,messaging,ridge [crawl],17.0,0.1267528638758409,0.1267528638758409,120,1
rho_W5_k3,recent_history,domain,messaging,hist_gradient_boosting [combined],18.0,0.1637178492734506,0.1637178492734506,120,1
rho_W5_k3,recent_history,domain,messaging,extra_trees [crawl],19.0,0.22815898269792012,0.2281589826979201,120,1
rho_W5_k3,recent_history,domain,messaging,hist_gradient_boosting [crawl],20.0,0.24325677726141454,0.24325677726141454,120,1
rho_W5_k3,recent_history,domain,proximity,extra_trees [occupancy],1.0,0.07615966632007617,0.07615966632007617,480,4
rho_W5_k3,recent_history,domain,proximity,hist_gradient_boosting [occupancy],2.0,0.07804137220173724,0.07804137220173725,480,4
rho_W5_k3,recent_history,domain,proximity,random_forest [occupancy],3.0,0.0780989021675938,0.07809890216759378,480,4
rho_W5_k3,recent_history,domain,proximity,hist_gradient_boosting [combined],4.0,0.0835278492977564,0.0835278492977564,480,4
rho_W5_k3,recent_history,domain,proximity,random_forest [combined],5.0,0.08900593995162054,0.08900593995162054,480,4
rho_W5_k3,recent_history,domain,proximity,extra_trees [combined],6.0,0.0890262447772205,0.0890262447772205,480,4
rho_W5_k3,recent_history,domain,proximity,random_forest [patterns],7.0,0.096082765965752,0.09608276596575199,480,4
rho_W5_k3,recent_history,domain,proximity,hist_gradient_boosting [patterns],8.0,0.09945081974658257,0.09945081974658257,480,4
rho_W5_k3,recent_history,domain,proximity,extra_trees [patterns],9.0,0.1005806655196363,0.10058066551963629,480,4
rho_W5_k3,recent_history,domain,proximity,ridge [occupancy],10.0,0.10332707147709301,0.103327071477093,480,4
rho_W5_k3,recent_history,domain,proximity,ridge [patterns],11.0,0.11810974950026046,0.11810974950026046,480,4
rho_W5_k3,recent_history,domain,proximity,ridge [combined],12.0,0.12585696583242081,0.1258569658324208,480,4
rho_W5_k3,recent_history,domain,proximity,mask_mle,13.0,0.129933950208521,0.129933950208521,480,4
rho_W5_k3,recent_history,domain,proximity,occ_mle,14.0,0.13391654511179946,0.13391654511179946,480,4
rho_W5_k3,recent_history,domain,proximity,mean_floor,15.0,0.15929977894413566,0.15929977894413563,480,4
rho_W5_k3,recent_history,domain,proximity,ridge [crawl],16.0,0.1677344154363311,0.16773441543633114,480,4
rho_W5_k3,recent_history,domain,proximity,extra_trees [crawl],17.0,0.17533755575071633,0.17533755575071633,480,4
rho_W5_k3,recent_history,domain,proximity,hist_gradient_boosting [crawl],18.0,0.17640498633641982,0.17640498633641982,480,4
rho_W5_k3,recent_history,domain,proximity,random_forest [crawl],19.0,0.17893577481839826,0.17893577481839823,480,4
rho_W5_k3,recent_history,domain,proximity,plugin,20.0,0.18749072844875833,0.18749072844875836,480,4
rho_W5_k3,recent_history,overall,all,extra_trees [combined],1.0,0.05221697223023178,0.0504149382463869,2952,36
rho_W5_k3,recent_history,overall,all,random_forest [combined],2.0,0.05395253531391056,0.053047117423629324,2952,36
rho_W5_k3,recent_history,overall,all,hist_gradient_boosting [combined],3.0,0.05801138662813009,0.05554885779776034,2952,36
rho_W5_k3,recent_history,overall,all,extra_trees [patterns],4.0,0.059593211988719995,0.059621809033308874,2952,36
rho_W5_k3,recent_history,overall,all,extra_trees [occupancy],5.0,0.057667963780512345,0.06047531140445669,2952,36
rho_W5_k3,recent_history,overall,all,hist_gradient_boosting [occupancy],6.0,0.05775866026088247,0.06065599848103547,2952,36
rho_W5_k3,recent_history,overall,all,random_forest [occupancy],7.0,0.05817269203522613,0.06069211264164065,2952,36
rho_W5_k3,recent_history,overall,all,random_forest [patterns],8.0,0.06047762359030677,0.06110520305482724,2952,36
rho_W5_k3,recent_history,overall,all,hist_gradient_boosting [patterns],9.0,0.06320152884770729,0.06335914035754436,2952,36
rho_W5_k3,recent_history,overall,all,ridge [combined],10.0,0.07456036332014107,0.07318859270041213,2952,36
rho_W5_k3,recent_history,overall,all,ridge [patterns],11.0,0.08356734065507353,0.08483441830600025,2952,36
rho_W5_k3,recent_history,overall,all,ridge [occupancy],12.0,0.08368897985352736,0.08866467729827437,2952,36
rho_W5_k3,recent_history,overall,all,extra_trees [crawl],13.0,0.10576416879420118,0.09656378107514738,2952,36
rho_W5_k3,recent_history,overall,all,random_forest [crawl],14.0,0.10689020902568568,0.09959418773348958,2952,36
rho_W5_k3,recent_history,overall,all,occ_mle,15.0,0.09488749465773437,0.10167800549587112,2952,36
rho_W5_k3,recent_history,overall,all,hist_gradient_boosting [crawl],16.0,0.11501400822546158,0.10716698877363222,2952,36
rho_W5_k3,recent_history,overall,all,mask_mle,17.0,0.1029536776025639,0.10866296446382212,2952,36
rho_W5_k3,recent_history,overall,all,ridge [crawl],18.0,0.14721311463681194,0.14701062274800164,2952,36
rho_W5_k3,recent_history,overall,all,mean_floor,19.0,0.18018790340675747,0.1820419306823336,2952,36
rho_W5_k3,recent_history,overall,all,plugin,20.0,0.20035364345860432,0.21168095077983806,2952,36
rho_W5_k3,time_agnostic,budget,100,ridge [combined],1.5,0.16964480936763235,0.17678150789740685,69,18
rho_W5_k3,time_agnostic,budget,100,ridge [crawl],1.5,0.16964480936763235,0.17678150789740685,69,18
rho_W5_k3,time_agnostic,budget,100,random_forest [combined],3.5,0.1844217976596893,0.20139754641872704,69,18
rho_W5_k3,time_agnostic,budget,100,random_forest [crawl],3.5,0.1844217976596893,0.20139754641872704,69,18
rho_W5_k3,time_agnostic,budget,100,mean_floor,5.0,0.1970881042869015,0.20236499725595058,69,18
rho_W5_k3,time_agnostic,budget,100,extra_trees [combined],6.5,0.18978857423161052,0.20706340922601962,69,18
rho_W5_k3,time_agnostic,budget,100,extra_trees [crawl],6.5,0.18978857423161052,0.20706340922601962,69,18
rho_W5_k3,time_agnostic,budget,100,hist_gradient_boosting [combined],8.5,0.199996148967845,0.2181916011161706,69,18
rho_W5_k3,time_agnostic,budget,100,hist_gradient_boosting [crawl],8.5,0.199996148967845,0.2181916011161706,69,18
rho_W5_k3,time_agnostic,budget,1600,ridge [combined],1.5,0.19156587367810166,0.1929156318013305,69,18
rho_W5_k3,time_agnostic,budget,1600,ridge [crawl],1.5,0.19156587367810166,0.1929156318013305,69,18
rho_W5_k3,time_agnostic,budget,1600,mean_floor,3.0,0.1970881042869015,0.20236499725595058,69,18
rho_W5_k3,time_agnostic,budget,1600,hist_gradient_boosting [combined],4.5,0.19428433475905188,0.2152510314227912,69,18
rho_W5_k3,time_agnostic,budget,1600,hist_gradient_boosting [crawl],4.5,0.19428433475905188,0.2152510314227912,69,18
rho_W5_k3,time_agnostic,budget,1600,extra_trees [combined],6.5,0.19215571694996353,0.21561094929720093,69,18
rho_W5_k3,time_agnostic,budget,1600,extra_trees [crawl],6.5,0.19215571694996353,0.21561094929720093,69,18
rho_W5_k3,time_agnostic,budget,1600,random_forest [combined],8.5,0.19377192523305825,0.21797292939953541,69,18
rho_W5_k3,time_agnostic,budget,1600,random_forest [crawl],8.5,0.19377192523305825,0.21797292939953541,69,18
rho_W5_k3,time_agnostic,budget,3200,mean_floor,1.0,0.1970881042869015,0.20236499725595058,69,18
rho_W5_k3,time_agnostic,budget,3200,hist_gradient_boosting [combined],2.5,0.1799692169968868,0.20832123561711566,69,18
rho_W5_k3,time_agnostic,budget,3200,hist_gradient_boosting [crawl],2.5,0.1799692169968868,0.20832123561711566,69,18
rho_W5_k3,time_agnostic,budget,3200,ridge [combined],4.5,0.20633081167446568,0.21056723554872048,69,18
rho_W5_k3,time_agnostic,budget,3200,ridge [crawl],4.5,0.20633081167446568,0.21056723554872048,69,18
rho_W5_k3,time_agnostic,budget,3200,extra_trees [combined],6.5,0.18549851975377718,0.21471266444795165,69,18
rho_W5_k3,time_agnostic,budget,3200,extra_trees [crawl],6.5,0.18549851975377718,0.21471266444795165,69,18
rho_W5_k3,time_agnostic,budget,3200,random_forest [combined],8.5,0.18860579196330318,0.21530049583492886,69,18
rho_W5_k3,time_agnostic,budget,3200,random_forest [crawl],8.5,0.18860579196330318,0.21530049583492886,69,18
rho_W5_k3,time_agnostic,budget,400,ridge [combined],1.5,0.16415671216071193,0.16815504093535927,69,18
rho_W5_k3,time_agnostic,budget,400,ridge [crawl],1.5,0.16415671216071193,0.16815504093535927,69,18
rho_W5_k3,time_agnostic,budget,400,mean_floor,3.0,0.1970881042869015,0.20236499725595058,69,18
rho_W5_k3,time_agnostic,budget,400,random_forest [combined],4.5,0.18845667062332536,0.2074360237338017,69,18
rho_W5_k3,time_agnostic,budget,400,random_forest [crawl],4.5,0.18845667062332536,0.2074360237338017,69,18
rho_W5_k3,time_agnostic,budget,400,extra_trees [combined],6.5,0.1986817809419376,0.21806216990883576,69,18
rho_W5_k3,time_agnostic,budget,400,extra_trees [crawl],6.5,0.1986817809419376,0.21806216990883576,69,18
rho_W5_k3,time_agnostic,budget,400,hist_gradient_boosting [combined],8.5,0.19963817696431482,0.22247270149475046,69,18
rho_W5_k3,time_agnostic,budget,400,hist_gradient_boosting [crawl],8.5,0.19963817696431482,0.22247270149475046,69,18
rho_W5_k3,time_agnostic,coverage_band,high(>.15),ridge [combined],1.5,0.18962808175298032,0.199140703289822,139,18
rho_W5_k3,time_agnostic,coverage_band,high(>.15),ridge [crawl],1.5,0.18962808175298032,0.199140703289822,139,18
rho_W5_k3,time_agnostic,coverage_band,high(>.15),hist_gradient_boosting [combined],3.5,0.18067256011198055,0.20061177764395852,139,18
rho_W5_k3,time_agnostic,coverage_band,high(>.15),hist_gradient_boosting [crawl],3.5,0.18067256011198055,0.20061177764395852,139,18
rho_W5_k3,time_agnostic,coverage_band,high(>.15),mean_floor,5.0,0.19409484990615847,0.20236499725595058,139,18
rho_W5_k3,time_agnostic,coverage_band,high(>.15),random_forest [combined],6.5,0.18740696566234324,0.2075916331719861,139,18
rho_W5_k3,time_agnostic,coverage_band,high(>.15),random_forest [crawl],6.5,0.18740696566234324,0.2075916331719861,139,18
rho_W5_k3,time_agnostic,coverage_band,high(>.15),extra_trees [combined],8.5,0.186744387216196,0.20913029611720155,139,18
rho_W5_k3,time_agnostic,coverage_band,high(>.15),extra_trees [crawl],8.5,0.186744387216196,0.20913029611720155,139,18
rho_W5_k3,time_agnostic,coverage_band,low(<.02),ridge [combined],1.5,0.17755661857881122,0.18817227957903204,30,8
rho_W5_k3,time_agnostic,coverage_band,low(<.02),ridge [crawl],1.5,0.17755661857881122,0.18817227957903204,30,8
rho_W5_k3,time_agnostic,coverage_band,low(<.02),mean_floor,3.0,0.19937608900343512,0.2044198311147636,30,8
rho_W5_k3,time_agnostic,coverage_band,low(<.02),random_forest [combined],4.5,0.21143769213664274,0.22839640195645064,30,8
rho_W5_k3,time_agnostic,coverage_band,low(<.02),random_forest [crawl],4.5,0.21143769213664274,0.22839640195645064,30,8
rho_W5_k3,time_agnostic,coverage_band,low(<.02),extra_trees [combined],6.5,0.21477083214816647,0.2335534132242152,30,8
rho_W5_k3,time_agnostic,coverage_band,low(<.02),extra_trees [crawl],6.5,0.21477083214816647,0.2335534132242152,30,8
rho_W5_k3,time_agnostic,coverage_band,low(<.02),hist_gradient_boosting [combined],8.5,0.22647727725160113,0.24429612411805596,30,8
rho_W5_k3,time_agnostic,coverage_band,low(<.02),hist_gradient_boosting [crawl],8.5,0.22647727725160113,0.24429612411805596,30,8
rho_W5_k3,time_agnostic,coverage_band,mid,ridge [combined],1.5,0.17572125564256355,0.1762232102919944,107,18
rho_W5_k3,time_agnostic,coverage_band,mid,ridge [crawl],1.5,0.17572125564256355,0.1762232102919944,107,18
rho_W5_k3,time_agnostic,coverage_band,mid,mean_floor,3.0,0.20033504650584802,0.20236499725595058,107,18
rho_W5_k3,time_agnostic,coverage_band,mid,random_forest [combined],4.5,0.18429885800852294,0.20260757480901487,107,18
rho_W5_k3,time_agnostic,coverage_band,mid,random_forest [crawl],4.5,0.18429885800852294,0.20260757480901487,107,18
rho_W5_k3,time_agnostic,coverage_band,mid,extra_trees [combined],6.5,0.1912336640377261,0.20988351892882498,107,18
rho_W5_k3,time_agnostic,coverage_band,mid,extra_trees [crawl],6.5,0.1912336640377261,0.20988351892882498,107,18
rho_W5_k3,time_agnostic,coverage_band,mid,hist_gradient_boosting [combined],8.5,0.20084541483519133,0.22005289109184523,107,18
rho_W5_k3,time_agnostic,coverage_band,mid,hist_gradient_boosting [crawl],8.5,0.20084541483519133,0.22005289109184523,107,18
rho_W5_k3,time_agnostic,data_block,mechanistic_activity,mean_floor,1.0,0.050941992992898866,0.050941992992898866,12,1
rho_W5_k3,time_agnostic,data_block,mechanistic_activity,ridge [combined],2.5,0.09982188296415839,0.09982188296415839,12,1
rho_W5_k3,time_agnostic,data_block,mechanistic_activity,ridge [crawl],2.5,0.09982188296415839,0.09982188296415839,12,1
rho_W5_k3,time_agnostic,data_block,mechanistic_activity,random_forest [combined],4.5,0.26338807008785176,0.26338807008785176,12,1
rho_W5_k3,time_agnostic,data_block,mechanistic_activity,random_forest [crawl],4.5,0.26338807008785176,0.26338807008785176,12,1
rho_W5_k3,time_agnostic,data_block,mechanistic_activity,hist_gradient_boosting [combined],6.5,0.276277989701368,0.27627798970136797,12,1
rho_W5_k3,time_agnostic,data_block,mechanistic_activity,hist_gradient_boosting [crawl],6.5,0.276277989701368,0.27627798970136797,12,1
rho_W5_k3,time_agnostic,data_block,mechanistic_activity,extra_trees [combined],8.5,0.27695288615468516,0.2769528861546851,12,1
rho_W5_k3,time_agnostic,data_block,mechanistic_activity,extra_trees [crawl],8.5,0.27695288615468516,0.2769528861546851,12,1
rho_W5_k3,time_agnostic,data_block,mechanistic_dar,ridge [combined],1.5,0.21433655055571058,0.2143365505557106,96,8
rho_W5_k3,time_agnostic,data_block,mechanistic_dar,ridge [crawl],1.5,0.21433655055571058,0.2143365505557106,96,8
rho_W5_k3,time_agnostic,data_block,mechanistic_dar,mean_floor,3.0,0.2431954958369946,0.2431954958369946,96,8
rho_W5_k3,time_agnostic,data_block,mechanistic_dar,random_forest [combined],4.5,0.2645652785603339,0.26456527856033396,96,8
rho_W5_k3,time_agnostic,data_block,mechanistic_dar,random_forest [crawl],4.5,0.2645652785603339,0.26456527856033396,96,8
rho_W5_k3,time_agnostic,data_block,mechanistic_dar,extra_trees [combined],6.5,0.2670816014376928,0.2670816014376928,96,8
rho_W5_k3,time_agnostic,data_block,mechanistic_dar,extra_trees [crawl],6.5,0.2670816014376928,0.2670816014376928,96,8
rho_W5_k3,time_agnostic,data_block,mechanistic_dar,hist_gradient_boosting [combined],8.5,0.2763209988695412,0.27632099886954126,96,8
rho_W5_k3,time_agnostic,data_block,mechanistic_dar,hist_gradient_boosting [crawl],8.5,0.2763209988695412,0.27632099886954126,96,8
rho_W5_k3,time_agnostic,data_block,real_controlled,ridge [combined],1.5,0.11964101329948397,0.119641013299484,36,3
rho_W5_k3,time_agnostic,data_block,real_controlled,ridge [crawl],1.5,0.11964101329948397,0.119641013299484,36,3
rho_W5_k3,time_agnostic,data_block,real_controlled,mean_floor,3.0,0.15254164597258615,0.1525416459725861,36,3
rho_W5_k3,time_agnostic,data_block,real_controlled,random_forest [combined],4.5,0.18530730249161897,0.18530730249161897,36,3
rho_W5_k3,time_agnostic,data_block,real_controlled,random_forest [crawl],4.5,0.18530730249161897,0.18530730249161897,36,3
rho_W5_k3,time_agnostic,data_block,real_controlled,hist_gradient_boosting [combined],6.5,0.19271916490492544,0.19271916490492544,36,3
rho_W5_k3,time_agnostic,data_block,real_controlled,hist_gradient_boosting [crawl],6.5,0.19271916490492544,0.19271916490492544,36,3
rho_W5_k3,time_agnostic,data_block,real_controlled,extra_trees [combined],8.5,0.20169807846760313,0.20169807846760315,36,3
rho_W5_k3,time_agnostic,data_block,real_controlled,extra_trees [crawl],8.5,0.20169807846760313,0.20169807846760315,36,3
rho_W5_k3,time_agnostic,data_block,real_shuffle,mean_floor,1.0,0.14245798707807317,0.14245798707807317,24,2
rho_W5_k3,time_agnostic,data_block,real_shuffle,hist_gradient_boosting [combined],2.5,0.18199688342675122,0.18199688342675122,24,2
rho_W5_k3,time_agnostic,data_block,real_shuffle,hist_gradient_boosting [crawl],2.5,0.18199688342675122,0.18199688342675122,24,2
rho_W5_k3,time_agnostic,data_block,real_shuffle,extra_trees [combined],4.5,0.18731627867524434,0.1873162786752443,24,2
rho_W5_k3,time_agnostic,data_block,real_shuffle,extra_trees [crawl],4.5,0.18731627867524434,0.1873162786752443,24,2
rho_W5_k3,time_agnostic,data_block,real_shuffle,random_forest [combined],6.5,0.1987915005389842,0.19879150053898423,24,2
rho_W5_k3,time_agnostic,data_block,real_shuffle,random_forest [crawl],6.5,0.1987915005389842,0.19879150053898423,24,2
rho_W5_k3,time_agnostic,data_block,real_shuffle,ridge [combined],8.5,0.274172888215583,0.27417288821558305,24,2
rho_W5_k3,time_agnostic,data_block,real_shuffle,ridge [crawl],8.5,0.274172888215583,0.27417288821558305,24,2
rho_W5_k3,time_agnostic,data_block,synthetic_controlled,random_forest [combined],1.5,0.11214531770922934,0.10653657839076765,108,5
rho_W5_k3,time_agnostic,data_block,synthetic_controlled,random_forest [crawl],1.5,0.11214531770922934,0.10653657839076765,108,5
rho_W5_k3,time_agnostic,data_block,synthetic_controlled,extra_trees [combined],3.5,0.11243154587609838,0.1081068141234599,108,5
rho_W5_k3,time_agnostic,data_block,synthetic_controlled,extra_trees [crawl],3.5,0.11243154587609838,0.1081068141234599,108,5
rho_W5_k3,time_agnostic,data_block,synthetic_controlled,hist_gradient_boosting [combined],5.5,0.11342867272006556,0.10972398446741471,108,5
rho_W5_k3,time_agnostic,data_block,synthetic_controlled,hist_gradient_boosting [crawl],5.5,0.11342867272006556,0.10972398446741471,108,5
rho_W5_k3,time_agnostic,data_block,synthetic_controlled,ridge [combined],7.5,0.1650535095361978,0.1601604561343309,108,5
rho_W5_k3,time_agnostic,data_block,synthetic_controlled,ridge [crawl],7.5,0.1650535095361978,0.1601604561343309,108,5
rho_W5_k3,time_agnostic,data_block,synthetic_controlled,mean_floor,9.0,0.19933105853733052,0.1966882223262471,108,5
rho_W5_k3,time_agnostic,domain,controlled,random_forest [combined],1.5,0.11214531770922934,0.10653657839076765,108,5
rho_W5_k3,time_agnostic,domain,controlled,random_forest [crawl],1.5,0.11214531770922934,0.10653657839076765,108,5
rho_W5_k3,time_agnostic,domain,controlled,extra_trees [combined],3.5,0.11243154587609838,0.1081068141234599,108,5
rho_W5_k3,time_agnostic,domain,controlled,extra_trees [crawl],3.5,0.11243154587609838,0.1081068141234599,108,5
rho_W5_k3,time_agnostic,domain,controlled,hist_gradient_boosting [combined],5.5,0.11342867272006556,0.10972398446741471,108,5
rho_W5_k3,time_agnostic,domain,controlled,hist_gradient_boosting [crawl],5.5,0.11342867272006556,0.10972398446741471,108,5
rho_W5_k3,time_agnostic,domain,controlled,ridge [combined],7.5,0.1650535095361978,0.1601604561343309,108,5
rho_W5_k3,time_agnostic,domain,controlled,ridge [crawl],7.5,0.1650535095361978,0.1601604561343309,108,5
rho_W5_k3,time_agnostic,domain,controlled,mean_floor,9.0,0.19933105853733052,0.1966882223262471,108,5
rho_W5_k3,time_agnostic,domain,email,ridge [combined],1.5,0.1015334484262071,0.1015334484262071,12,1
rho_W5_k3,time_agnostic,domain,email,ridge [crawl],1.5,0.1015334484262071,0.1015334484262071,12,1
rho_W5_k3,time_agnostic,domain,email,random_forest [combined],3.5,0.1359037419409472,0.13590374194094718,12,1
rho_W5_k3,time_agnostic,domain,email,random_forest [crawl],3.5,0.1359037419409472,0.13590374194094718,12,1
rho_W5_k3,time_agnostic,domain,email,mean_floor,5.0,0.14496798594261606,0.14496798594261606,12,1
rho_W5_k3,time_agnostic,domain,email,extra_trees [combined],6.5,0.15351311749163532,0.15351311749163535,12,1
rho_W5_k3,time_agnostic,domain,email,extra_trees [crawl],6.5,0.15351311749163532,0.15351311749163535,12,1
rho_W5_k3,time_agnostic,domain,email,hist_gradient_boosting [combined],8.5,0.16014680458008293,0.16014680458008296,12,1
rho_W5_k3,time_agnostic,domain,email,hist_gradient_boosting [crawl],8.5,0.16014680458008293,0.16014680458008296,12,1
rho_W5_k3,time_agnostic,domain,mechanistic,ridge [combined],1.5,0.20161269860109368,0.2016126986010937,108,9
rho_W5_k3,time_agnostic,domain,mechanistic,ridge [crawl],1.5,0.20161269860109368,0.2016126986010937,108,9
rho_W5_k3,time_agnostic,domain,mechanistic,mean_floor,3.0,0.221833995520984,0.22183399552098396,108,9
rho_W5_k3,time_agnostic,domain,mechanistic,random_forest [combined],4.5,0.26443447761894706,0.26443447761894706,108,9
rho_W5_k3,time_agnostic,domain,mechanistic,random_forest [crawl],4.5,0.26443447761894706,0.26443447761894706,108,9
rho_W5_k3,time_agnostic,domain,mechanistic,extra_trees [combined],6.5,0.2681784108506919,0.26817841085069194,108,9
rho_W5_k3,time_agnostic,domain,mechanistic,extra_trees [crawl],6.5,0.2681784108506919,0.26817841085069194,108,9
rho_W5_k3,time_agnostic,domain,mechanistic,hist_gradient_boosting [combined],8.5,0.2763162200730776,0.2763162200730775,108,9
rho_W5_k3,time_agnostic,domain,mechanistic,hist_gradient_boosting [crawl],8.5,0.2763162200730776,0.2763162200730775,108,9
rho_W5_k3,time_agnostic,domain,proximity,mean_floor,1.0,0.14939323153282216,0.1725516311148011,48,3
rho_W5_k3,time_agnostic,domain,proximity,ridge [combined],2.5,0.2014338419758527,0.21701245210499076,48,3
rho_W5_k3,time_agnostic,domain,proximity,ridge [crawl],2.5,0.2014338419758527,0.21701245210499076,48,3
rho_W5_k3,time_agnostic,domain,proximity,hist_gradient_boosting [combined],4.5,0.19550111424704894,0.23115061861795713,48,3
rho_W5_k3,time_agnostic,domain,proximity,hist_gradient_boosting [crawl],4.5,0.19550111424704894,0.23115061861795713,48,3
rho_W5_k3,time_agnostic,domain,proximity,random_forest [combined],6.5,0.20440029165296955,0.2469948489253867,48,3
rho_W5_k3,time_agnostic,domain,proximity,random_forest [crawl],6.5,0.20440029165296955,0.2469948489253867,48,3
rho_W5_k3,time_agnostic,domain,proximity,extra_trees [combined],8.5,0.20655341881541567,0.24728949406495784,48,3
rho_W5_k3,time_agnostic,domain,proximity,extra_trees [crawl],8.5,0.20655341881541567,0.24728949406495784,48,3
rho_W5_k3,time_agnostic,overall,all,ridge [combined],1.5,0.1829245517202279,0.18710485404570432,276,18
rho_W5_k3,time_agnostic,overall,all,ridge [crawl],1.5,0.1829245517202279,0.18710485404570432,276,18
rho_W5_k3,time_agnostic,overall,all,mean_floor,3.0,0.19708810428690152,0.20236499725595058,276,18
rho_W5_k3,time_agnostic,overall,all,random_forest [combined],4.5,0.188814046369844,0.21052674884674827,276,18
rho_W5_k3,time_agnostic,overall,all,random_forest [crawl],4.5,0.188814046369844,0.21052674884674827,276,18
rho_W5_k3,time_agnostic,overall,all,extra_trees [combined],6.5,0.1915311479693222,0.21386229822000197,276,18
rho_W5_k3,time_agnostic,overall,all,extra_trees [crawl],6.5,0.1915311479693222,0.21386229822000197,276,18
rho_W5_k3,time_agnostic,overall,all,hist_gradient_boosting [combined],8.5,0.19347196942202463,0.216059142412707,276,18
rho_W5_k3,time_agnostic,overall,all,hist_gradient_boosting [crawl],8.5,0.19347196942202463,0.216059142412707,276,18
rho_W5_k3,time_agnostic_t,budget,100,hist_gradient_boosting [combined],1.0,0.0923307795321452,0.08978654295071883,738,36
rho_W5_k3,time_agnostic_t,budget,100,extra_trees [combined],2.0,0.0937741567909109,0.09105989465455276,738,36
rho_W5_k3,time_agnostic_t,budget,100,extra_trees [patterns],3.0,0.09476178248832388,0.09176505306794568,738,36
rho_W5_k3,time_agnostic_t,budget,100,random_forest [combined],4.0,0.09462903432335479,0.09202351561909722,738,36
rho_W5_k3,time_agnostic_t,budget,100,hist_gradient_boosting [patterns],5.0,0.0956065344240778,0.09286302253002816,738,36
rho_W5_k3,time_agnostic_t,budget,100,random_forest [patterns],6.0,0.09589727905315246,0.09305314770127242,738,36
rho_W5_k3,time_agnostic_t,budget,100,hist_gradient_boosting [occupancy],7.0,0.09851288485730549,0.09913860891719876,738,36
rho_W5_k3,time_agnostic_t,budget,100,extra_trees [occupancy],8.0,0.10017664699993886,0.1000987912905798,738,36
rho_W5_k3,time_agnostic_t,budget,100,random_forest [occupancy],9.0,0.1005654645400233,0.10066195243975087,738,36
rho_W5_k3,time_agnostic_t,budget,100,ridge [occupancy],10.0,0.1157570311600448,0.11741901056527583,738,36
rho_W5_k3,time_agnostic_t,budget,100,ridge [patterns],11.0,0.12008289601804972,0.1195916277286437,738,36
rho_W5_k3,time_agnostic_t,budget,100,ridge [combined],12.0,0.12092205464858463,0.12088456158484297,738,36
rho_W5_k3,time_agnostic_t,budget,100,occ_mle,13.0,0.14163884638951027,0.13854807706395555,738,36
rho_W5_k3,time_agnostic_t,budget,100,mask_mle,14.0,0.14227181365458136,0.14649119091745694,738,36
rho_W5_k3,time_agnostic_t,budget,100,hist_gradient_boosting [crawl],15.0,0.14897859549386755,0.1528736952781585,738,36
rho_W5_k3,time_agnostic_t,budget,100,random_forest [crawl],16.0,0.1493767930651524,0.15326593235370514,738,36
rho_W5_k3,time_agnostic_t,budget,100,extra_trees [crawl],17.0,0.14968435027393354,0.1537650730465811,738,36
rho_W5_k3,time_agnostic_t,budget,100,ridge [crawl],18.0,0.15852568625218275,0.15961937720913133,738,36
rho_W5_k3,time_agnostic_t,budget,100,mean_floor,19.0,0.18018790340675744,0.1820419306823336,738,36
rho_W5_k3,time_agnostic_t,budget,100,plugin,20.0,0.21238505816009118,0.22376088278973072,738,36
rho_W5_k3,time_agnostic_t,budget,1600,extra_trees [combined],1.0,0.02785688095536012,0.024814727892227106,738,36
rho_W5_k3,time_agnostic_t,budget,1600,random_forest [combined],2.0,0.029064497204342957,0.025422797572161718,738,36
rho_W5_k3,time_agnostic_t,budget,1600,extra_trees [occupancy],3.0,0.02729593159195682,0.025901529717876307,738,36
rho_W5_k3,time_agnostic_t,budget,1600,random_forest [occupancy],4.0,0.028958490421019036,0.027188641000227706,738,36
rho_W5_k3,time_agnostic_t,budget,1600,random_forest [patterns],5.0,0.032620497927043905,0.029274044784932753,738,36
rho_W5_k3,time_agnostic_t,budget,1600,extra_trees [patterns],6.0,0.03277806850276358,0.029655634007737568,738,36
rho_W5_k3,time_agnostic_t,budget,1600,hist_gradient_boosting [occupancy],7.0,0.0320326389075796,0.03178324745122425,738,36
rho_W5_k3,time_agnostic_t,budget,1600,hist_gradient_boosting [combined],8.0,0.03582853584419415,0.03230338969633299,738,36
rho_W5_k3,time_agnostic_t,budget,1600,hist_gradient_boosting [patterns],9.0,0.03755012746205698,0.03410407212972911,738,36
rho_W5_k3,time_agnostic_t,budget,1600,occ_mle,10.0,0.04760743059587009,0.04655834865431719,738,36
rho_W5_k3,time_agnostic_t,budget,1600,mask_mle,11.0,0.0486341205249566,0.04666268302168883,738,36
rho_W5_k3,time_agnostic_t,budget,1600,ridge [patterns],12.0,0.058150151315032816,0.057567618118033265,738,36
rho_W5_k3,time_agnostic_t,budget,1600,ridge [combined],13.0,0.05942181816182923,0.059539852596631415,738,36
rho_W5_k3,time_agnostic_t,budget,1600,ridge [occupancy],14.0,0.06526282538141004,0.06412763964798217,738,36
rho_W5_k3,time_agnostic_t,budget,1600,extra_trees [crawl],15.0,0.11265236784125268,0.1099107206780411,738,36
rho_W5_k3,time_agnostic_t,budget,1600,random_forest [crawl],16.0,0.11414020864497347,0.11441744933871706,738,36
rho_W5_k3,time_agnostic_t,budget,1600,hist_gradient_boosting [crawl],17.0,0.12314950798050917,0.1279563903510378,738,36
rho_W5_k3,time_agnostic_t,budget,1600,ridge [crawl],18.0,0.15135329324663668,0.14961748959409907,738,36
rho_W5_k3,time_agnostic_t,budget,1600,mean_floor,19.0,0.18018790340675744,0.1820419306823336,738,36
rho_W5_k3,time_agnostic_t,budget,1600,plugin,20.0,0.20240657218831531,0.21245673697887824,738,36
rho_W5_k3,time_agnostic_t,budget,3200,extra_trees [combined],1.0,0.023091772472030356,0.020140603977174914,738,36
rho_W5_k3,time_agnostic_t,budget,3200,extra_trees [occupancy],2.0,0.021823473476894693,0.02040124359929019,738,36
rho_W5_k3,time_agnostic_t,budget,3200,random_forest [occupancy],3.0,0.02376955075363783,0.022581218479773787,738,36
rho_W5_k3,time_agnostic_t,budget,3200,random_forest [combined],4.0,0.025606283729124754,0.022599542844285798,738,36
rho_W5_k3,time_agnostic_t,budget,3200,extra_trees [patterns],5.0,0.027394311655907742,0.024162682183428506,738,36
rho_W5_k3,time_agnostic_t,budget,3200,hist_gradient_boosting [occupancy],6.0,0.0260991972678561,0.025857404247128304,738,36
rho_W5_k3,time_agnostic_t,budget,3200,random_forest [patterns],7.0,0.029687253472506912,0.026394149715820308,738,36
rho_W5_k3,time_agnostic_t,budget,3200,hist_gradient_boosting [combined],8.0,0.03212044542464916,0.029231908947060417,738,36
rho_W5_k3,time_agnostic_t,budget,3200,hist_gradient_boosting [patterns],9.0,0.03478090748348077,0.031732579423158894,738,36
rho_W5_k3,time_agnostic_t,budget,3200,mask_mle,10.0,0.03493086775212853,0.034034560310663035,738,36
rho_W5_k3,time_agnostic_t,budget,3200,occ_mle,11.0,0.03517463262135148,0.034968916984520405,738,36
rho_W5_k3,time_agnostic_t,budget,3200,ridge [patterns],12.0,0.06036953063387068,0.05945428870133626,738,36
rho_W5_k3,time_agnostic_t,budget,3200,ridge [occupancy],13.0,0.06050232943775544,0.06021328962997557,738,36
rho_W5_k3,time_agnostic_t,budget,3200,ridge [combined],14.0,0.06609818056944929,0.06592643643196162,738,36
rho_W5_k3,time_agnostic_t,budget,3200,extra_trees [crawl],15.0,0.10414431924832489,0.09825998429410951,738,36
rho_W5_k3,time_agnostic_t,budget,3200,random_forest [crawl],16.0,0.11481330363841961,0.11135508510037301,738,36
rho_W5_k3,time_agnostic_t,budget,3200,hist_gradient_boosting [crawl],17.0,0.11932055091259912,0.11948056864957393,738,36
rho_W5_k3,time_agnostic_t,budget,3200,ridge [crawl],18.0,0.1515599369836551,0.14940976005871554,738,36
rho_W5_k3,time_agnostic_t,budget,3200,mean_floor,19.0,0.18018790340675744,0.1820419306823336,738,36
rho_W5_k3,time_agnostic_t,budget,3200,plugin,20.0,0.18779710447362316,0.19626079966303736,738,36
rho_W5_k3,time_agnostic_t,budget,400,extra_trees [combined],1.0,0.04968126113136313,0.046152943607389224,738,36
rho_W5_k3,time_agnostic_t,budget,400,random_forest [combined],2.0,0.05058350138738979,0.046882111850628544,738,36
rho_W5_k3,time_agnostic_t,budget,400,hist_gradient_boosting [combined],3.0,0.054093180076691415,0.05061712273570198,738,36
rho_W5_k3,time_agnostic_t,budget,400,random_forest [patterns],4.0,0.05416911472699766,0.050723938005412375,738,36
rho_W5_k3,time_agnostic_t,budget,400,extra_trees [patterns],5.0,0.054308180140265075,0.05123533074482939,738,36
rho_W5_k3,time_agnostic_t,budget,400,random_forest [occupancy],6.0,0.05376876751180683,0.051632860117526165,738,36
rho_W5_k3,time_agnostic_t,budget,400,hist_gradient_boosting [occupancy],7.0,0.0539834769317705,0.05227079101816878,738,36
rho_W5_k3,time_agnostic_t,budget,400,extra_trees [occupancy],8.0,0.05473121985441649,0.05238036690601824,738,36
rho_W5_k3,time_agnostic_t,budget,400,hist_gradient_boosting [patterns],9.0,0.05777079583094716,0.05452520854926262,738,36
rho_W5_k3,time_agnostic_t,budget,400,ridge [patterns],10.0,0.07644978865933756,0.07536234586574807,738,36
rho_W5_k3,time_agnostic_t,budget,400,ridge [combined],11.0,0.07814245389177492,0.0776078979299172,738,36
rho_W5_k3,time_agnostic_t,budget,400,occ_mle,12.0,0.08124237760418272,0.0809537633929146,738,36
rho_W5_k3,time_agnostic_t,budget,400,ridge [occupancy],13.0,0.08886000791156577,0.08860451719085786,738,36
rho_W5_k3,time_agnostic_t,budget,400,mask_mle,14.0,0.0916088103362861,0.08941907968562338,738,36
rho_W5_k3,time_agnostic_t,budget,400,extra_trees [crawl],15.0,0.13415709323118363,0.13748774041762551,738,36
rho_W5_k3,time_agnostic_t,budget,400,random_forest [crawl],16.0,0.13497114017226736,0.13761789788259773,738,36
rho_W5_k3,time_agnostic_t,budget,400,hist_gradient_boosting [crawl],17.0,0.13630355006748102,0.13869497643088868,738,36
rho_W5_k3,time_agnostic_t,budget,400,ridge [crawl],18.0,0.15361646034647636,0.153160804578374,738,36
rho_W5_k3,time_agnostic_t,budget,400,mean_floor,19.0,0.18018790340675744,0.1820419306823336,738,36
rho_W5_k3,time_agnostic_t,budget,400,plugin,20.0,0.21144484713014017,0.22260783426120806,738,36
rho_W5_k3,time_agnostic_t,coverage_band,high(>.15),extra_trees [combined],1.0,0.029235705584648695,0.02269743934649117,1362,36
rho_W5_k3,time_agnostic_t,coverage_band,high(>.15),extra_trees [occupancy],2.0,0.02623012434996222,0.02318597633791449,1362,36
rho_W5_k3,time_agnostic_t,coverage_band,high(>.15),random_forest [combined],3.0,0.031676847138763,0.02401097291191864,1362,36
rho_W5_k3,time_agnostic_t,coverage_band,high(>.15),random_forest [occupancy],4.0,0.028866756342326976,0.02537903515545228,1362,36
rho_W5_k3,time_agnostic_t,coverage_band,high(>.15),extra_trees [patterns],5.0,0.03361113681421134,0.02747081547219031,1362,36
rho_W5_k3,time_agnostic_t,coverage_band,high(>.15),random_forest [patterns],6.0,0.035863163981978904,0.028268618821131335,1362,36
rho_W5_k3,time_agnostic_t,coverage_band,high(>.15),hist_gradient_boosting [occupancy],7.0,0.03170148767299671,0.029489208375704536,1362,36
rho_W5_k3,time_agnostic_t,coverage_band,high(>.15),hist_gradient_boosting [combined],8.0,0.037337988115683236,0.031043106464901698,1362,36
rho_W5_k3,time_agnostic_t,coverage_band,high(>.15),hist_gradient_boosting [patterns],9.0,0.0398591856693282,0.0336875242910967,1362,36
rho_W5_k3,time_agnostic_t,coverage_band,high(>.15),occ_mle,10.0,0.04484319994279878,0.04208980128130019,1362,36
rho_W5_k3,time_agnostic_t,coverage_band,high(>.15),mask_mle,11.0,0.04652792339082933,0.04317053591636279,1362,36
rho_W5_k3,time_agnostic_t,coverage_band,high(>.15),ridge [patterns],12.0,0.06389048189452119,0.05646852190299572,1362,36
rho_W5_k3,time_agnostic_t,coverage_band,high(>.15),ridge [occupancy],13.0,0.06480764736030559,0.059601307022958655,1362,36
rho_W5_k3,time_agnostic_t,coverage_band,high(>.15),ridge [combined],14.0,0.0692872302633944,0.06075514216137301,1362,36
rho_W5_k3,time_agnostic_t,coverage_band,high(>.15),extra_trees [crawl],15.0,0.11997225932146198,0.10449022609975435,1362,36
rho_W5_k3,time_agnostic_t,coverage_band,high(>.15),random_forest [crawl],16.0,0.12585435312020274,0.11341781016465274,1362,36
rho_W5_k3,time_agnostic_t,coverage_band,high(>.15),hist_gradient_boosting [crawl],17.0,0.1321518900454265,0.12278178076390825,1362,36
rho_W5_k3,time_agnostic_t,coverage_band,high(>.15),ridge [crawl],18.0,0.15780866557853612,0.14818826643328706,1362,36
rho_W5_k3,time_agnostic_t,coverage_band,high(>.15),mean_floor,19.0,0.18733513556585113,0.1833079933699414,1362,36
rho_W5_k3,time_agnostic_t,coverage_band,high(>.15),plugin,20.0,0.2169765750433351,0.2173670452688748,1362,36
rho_W5_k3,time_agnostic_t,coverage_band,low(<.02),hist_gradient_boosting [combined],1.0,0.09695740241802141,0.09203663445631156,409,21
rho_W5_k3,time_agnostic_t,coverage_band,low(<.02),random_forest [combined],2.0,0.0999826113130295,0.0939865876040041,409,21
rho_W5_k3,time_agnostic_t,coverage_band,low(<.02),random_forest [patterns],3.0,0.10020034916706128,0.09433693399316836,409,21
rho_W5_k3,time_agnostic_t,coverage_band,low(<.02),hist_gradient_boosting [patterns],4.0,0.10075756635447627,0.09442586878393538,409,21
rho_W5_k3,time_agnostic_t,coverage_band,low(<.02),extra_trees [combined],5.0,0.1004238348141738,0.09917572591561334,409,21
rho_W5_k3,time_agnostic_t,coverage_band,low(<.02),hist_gradient_boosting [occupancy],6.0,0.10055364150197153,0.09939708589557661,409,21
rho_W5_k3,time_agnostic_t,coverage_band,low(<.02),random_forest [occupancy],7.0,0.10441317494742892,0.10125158642338207,409,21
rho_W5_k3,time_agnostic_t,coverage_band,low(<.02),extra_trees [patterns],8.0,0.10101374610861788,0.1020722187257598,409,21
rho_W5_k3,time_agnostic_t,coverage_band,low(<.02),extra_trees [occupancy],9.0,0.10738969559797142,0.10722996201255028,409,21
rho_W5_k3,time_agnostic_t,coverage_band,low(<.02),ridge [occupancy],10.0,0.11764027123590452,0.12417650694507518,409,21
rho_W5_k3,time_agnostic_t,coverage_band,low(<.02),ridge [combined],11.0,0.12611483111819075,0.13071955308016958,409,21
rho_W5_k3,time_agnostic_t,coverage_band,low(<.02),hist_gradient_boosting [crawl],12.0,0.1391898699924804,0.13944970996193856,409,21
rho_W5_k3,time_agnostic_t,coverage_band,low(<.02),random_forest [crawl],13.0,0.14085365057264815,0.14310465312583875,409,21
rho_W5_k3,time_agnostic_t,coverage_band,low(<.02),extra_trees [crawl],14.0,0.14284758387288374,0.1441635711978549,409,21
rho_W5_k3,time_agnostic_t,coverage_band,low(<.02),ridge [patterns],15.0,0.12495052309756179,0.1448655489272907,409,21
rho_W5_k3,time_agnostic_t,coverage_band,low(<.02),ridge [crawl],16.0,0.15231302360516152,0.14773493719475214,409,21
rho_W5_k3,time_agnostic_t,coverage_band,low(<.02),occ_mle,17.0,0.15345422970680522,0.17287551787881208,409,21
rho_W5_k3,time_agnostic_t,coverage_band,low(<.02),mean_floor,18.0,0.17512713837178187,0.18368010702923976,409,21
rho_W5_k3,time_agnostic_t,coverage_band,low(<.02),mask_mle,19.0,0.15391044776849355,0.18404388880777192,409,21
rho_W5_k3,time_agnostic_t,coverage_band,low(<.02),plugin,20.0,0.21171436858879722,0.24118942442556385,409,21
rho_W5_k3,time_agnostic_t,coverage_band,mid,extra_trees [combined],1.0,0.052987150898191206,0.05677812406229026,1181,36
rho_W5_k3,time_agnostic_t,coverage_band,mid,random_forest [combined],2.0,0.053748631543949536,0.05764678893636567,1181,36
rho_W5_k3,time_agnostic_t,coverage_band,mid,extra_trees [patterns],3.0,0.05700919430788953,0.06039306869879667,1181,36
rho_W5_k3,time_agnostic_t,coverage_band,mid,random_forest [patterns],4.0,0.056650759517219276,0.06045682529569412,1181,36
rho_W5_k3,time_agnostic_t,coverage_band,mid,hist_gradient_boosting [combined],5.0,0.05732202621947202,0.061235946905359245,1181,36
rho_W5_k3,time_agnostic_t,coverage_band,mid,hist_gradient_boosting [patterns],6.0,0.06018181032803511,0.06357967352008702,1181,36
rho_W5_k3,time_agnostic_t,coverage_band,mid,extra_trees [occupancy],7.0,0.0600544553895917,0.06459241464930349,1181,36
rho_W5_k3,time_agnostic_t,coverage_band,mid,random_forest [occupancy],8.0,0.05994110664640104,0.06518444520215023,1181,36
rho_W5_k3,time_agnostic_t,coverage_band,mid,hist_gradient_boosting [occupancy],9.0,0.06023687088304974,0.06660147389619737,1181,36
rho_W5_k3,time_agnostic_t,coverage_band,mid,ridge [patterns],10.0,0.07991959888481115,0.08705355505611467,1181,36
rho_W5_k3,time_agnostic_t,coverage_band,mid,ridge [combined],11.0,0.0792491048436797,0.08733187835201692,1181,36
rho_W5_k3,time_agnostic_t,coverage_band,mid,occ_mle,12.0,0.0861475763670446,0.09259447674389837,1181,36
rho_W5_k3,time_agnostic_t,coverage_band,mid,ridge [occupancy],13.0,0.09097305033968801,0.09894269628207528,1181,36
rho_W5_k3,time_agnostic_t,coverage_band,mid,mask_mle,14.0,0.09140936245395902,0.10063849512999246,1181,36
rho_W5_k3,time_agnostic_t,coverage_band,mid,extra_trees [crawl],15.0,0.12501614003306016,0.13784717198661378,1181,36
rho_W5_k3,time_agnostic_t,coverage_band,mid,random_forest [crawl],16.0,0.1268363207116263,0.13935138645052664,1181,36
rho_W5_k3,time_agnostic_t,coverage_band,mid,hist_gradient_boosting [crawl],17.0,0.1291800133942369,0.14394264532933657,1181,36
rho_W5_k3,time_agnostic_t,coverage_band,mid,ridge [crawl],18.0,0.14960155709338568,0.15672765473387895,1181,36
rho_W5_k3,time_agnostic_t,coverage_band,mid,mean_floor,19.0,0.17369791415918714,0.18363728045583763,1181,36
rho_W5_k3,time_agnostic_t,coverage_band,mid,plugin,20.0,0.18513421805153338,0.21440779115037956,1181,36
rho_W5_k3,time_agnostic_t,data_block,mechanistic_activity,extra_trees [combined],1.0,0.03130926906846047,0.03130926906846047,216,6
rho_W5_k3,time_agnostic_t,data_block,mechanistic_activity,random_forest [combined],2.0,0.032418746954809334,0.03241874695480933,216,6
rho_W5_k3,time_agnostic_t,data_block,mechanistic_activity,extra_trees [occupancy],3.0,0.03573565228922277,0.03573565228922278,216,6
rho_W5_k3,time_agnostic_t,data_block,mechanistic_activity,random_forest [occupancy],4.0,0.03678452684981165,0.03678452684981165,216,6
rho_W5_k3,time_agnostic_t,data_block,mechanistic_activity,random_forest [patterns],5.0,0.03836643348942597,0.03836643348942597,216,6
rho_W5_k3,time_agnostic_t,data_block,mechanistic_activity,extra_trees [patterns],6.0,0.03863444238209941,0.03863444238209942,216,6
rho_W5_k3,time_agnostic_t,data_block,mechanistic_activity,hist_gradient_boosting [combined],7.0,0.038650716666394976,0.03865071666639497,216,6
rho_W5_k3,time_agnostic_t,data_block,mechanistic_activity,hist_gradient_boosting [occupancy],8.0,0.04305613304495185,0.04305613304495185,216,6
rho_W5_k3,time_agnostic_t,data_block,mechanistic_activity,hist_gradient_boosting [patterns],9.0,0.04410517996658502,0.04410517996658503,216,6
rho_W5_k3,time_agnostic_t,data_block,mechanistic_activity,occ_mle,10.0,0.050944781977829805,0.05094478197782981,216,6
rho_W5_k3,time_agnostic_t,data_block,mechanistic_activity,ridge [patterns],11.0,0.05360236971028029,0.0536023697102803,216,6
rho_W5_k3,time_agnostic_t,data_block,mechanistic_activity,mask_mle,12.0,0.05471659711762841,0.05471659711762841,216,6
rho_W5_k3,time_agnostic_t,data_block,mechanistic_activity,ridge [occupancy],13.0,0.054997150211898826,0.05499715021189883,216,6
rho_W5_k3,time_agnostic_t,data_block,mechanistic_activity,ridge [combined],14.0,0.057131773542632304,0.057131773542632304,216,6
rho_W5_k3,time_agnostic_t,data_block,mechanistic_activity,ridge [crawl],15.0,0.08422731415500381,0.0842273141550038,216,6
rho_W5_k3,time_agnostic_t,data_block,mechanistic_activity,extra_trees [crawl],16.0,0.08450013355112238,0.08450013355112236,216,6
rho_W5_k3,time_agnostic_t,data_block,mechanistic_activity,random_forest [crawl],17.0,0.09408372975004212,0.09408372975004213,216,6
rho_W5_k3,time_agnostic_t,data_block,mechanistic_activity,hist_gradient_boosting [crawl],18.0,0.10728230198005774,0.10728230198005774,216,6
rho_W5_k3,time_agnostic_t,data_block,mechanistic_activity,mean_floor,19.0,0.11946756788268903,0.11946756788268902,216,6
rho_W5_k3,time_agnostic_t,data_block,mechanistic_activity,plugin,20.0,0.15182120345508401,0.151821203455084,216,6
rho_W5_k3,time_agnostic_t,data_block,mechanistic_dar,extra_trees [combined],1.0,0.052569612266808056,0.05256961226680806,864,12
rho_W5_k3,time_agnostic_t,data_block,mechanistic_dar,random_forest [combined],2.0,0.05296139759512208,0.052961397595122084,864,12
rho_W5_k3,time_agnostic_t,data_block,mechanistic_dar,extra_trees [patterns],3.0,0.053712589632468534,0.053712589632468534,864,12
rho_W5_k3,time_agnostic_t,data_block,mechanistic_dar,random_forest [patterns],4.0,0.05417168139099965,0.05417168139099965,864,12
rho_W5_k3,time_agnostic_t,data_block,mechanistic_dar,hist_gradient_boosting [combined],5.0,0.056511686620811,0.056511686620811,864,12
rho_W5_k3,time_agnostic_t,data_block,mechanistic_dar,hist_gradient_boosting [patterns],6.0,0.05739870384501836,0.057398703845018356,864,12
rho_W5_k3,time_agnostic_t,data_block,mechanistic_dar,extra_trees [occupancy],7.0,0.06444614229118421,0.06444614229118421,864,12
rho_W5_k3,time_agnostic_t,data_block,mechanistic_dar,random_forest [occupancy],8.0,0.06579605009083886,0.06579605009083887,864,12
rho_W5_k3,time_agnostic_t,data_block,mechanistic_dar,hist_gradient_boosting [occupancy],9.0,0.06859505133878009,0.06859505133878008,864,12
rho_W5_k3,time_agnostic_t,data_block,mechanistic_dar,occ_mle,10.0,0.09994306906988447,0.09994306906988447,864,12
rho_W5_k3,time_agnostic_t,data_block,mechanistic_dar,ridge [patterns],11.0,0.1119726544582208,0.11197265445822081,864,12
rho_W5_k3,time_agnostic_t,data_block,mechanistic_dar,mask_mle,12.0,0.11798218928069328,0.11798218928069326,864,12
rho_W5_k3,time_agnostic_t,data_block,mechanistic_dar,ridge [occupancy],13.0,0.1196474334187187,0.11964743341871871,864,12
rho_W5_k3,time_agnostic_t,data_block,mechanistic_dar,ridge [combined],14.0,0.11983282110440223,0.1198328211044022,864,12
rho_W5_k3,time_agnostic_t,data_block,mechanistic_dar,extra_trees [crawl],15.0,0.1891554491497875,0.18915544914978744,864,12
rho_W5_k3,time_agnostic_t,data_block,mechanistic_dar,random_forest [crawl],16.0,0.19570738578668279,0.1957073857866828,864,12
rho_W5_k3,time_agnostic_t,data_block,mechanistic_dar,hist_gradient_boosting [crawl],17.0,0.2073963462934663,0.20739634629346626,864,12
rho_W5_k3,time_agnostic_t,data_block,mechanistic_dar,ridge [crawl],18.0,0.22910501169108552,0.22910501169108552,864,12
rho_W5_k3,time_agnostic_t,data_block,mechanistic_dar,mean_floor,19.0,0.2643259343698752,0.26432593436987517,864,12
rho_W5_k3,time_agnostic_t,data_block,mechanistic_dar,plugin,20.0,0.3902890050663411,0.39028900506634107,864,12
rho_W5_k3,time_agnostic_t,data_block,real_controlled,hist_gradient_boosting [occupancy],1.0,0.03851764594778482,0.03851764594778482,432,6
rho_W5_k3,time_agnostic_t,data_block,real_controlled,extra_trees [occupancy],2.0,0.039810792922200716,0.03981079292220071,432,6
rho_W5_k3,time_agnostic_t,data_block,real_controlled,random_forest [occupancy],3.0,0.04089455327171203,0.040894553271712035,432,6
rho_W5_k3,time_agnostic_t,data_block,real_controlled,mask_mle,4.0,0.05313350562890449,0.05313350562890449,432,6
rho_W5_k3,time_agnostic_t,data_block,real_controlled,ridge [occupancy],5.0,0.056763820078601,0.056763820078601,432,6
rho_W5_k3,time_agnostic_t,data_block,real_controlled,extra_trees [combined],6.0,0.05879860794472553,0.058798607944725544,432,6
rho_W5_k3,time_agnostic_t,data_block,real_controlled,random_forest [combined],7.0,0.061610246184461946,0.061610246184461946,432,6
rho_W5_k3,time_agnostic_t,data_block,real_controlled,occ_mle,8.0,0.06734180399155199,0.06734180399155197,432,6
rho_W5_k3,time_agnostic_t,data_block,real_controlled,random_forest [patterns],9.0,0.06793693578642536,0.06793693578642536,432,6
rho_W5_k3,time_agnostic_t,data_block,real_controlled,extra_trees [patterns],10.0,0.06845427567736583,0.06845427567736583,432,6
rho_W5_k3,time_agnostic_t,data_block,real_controlled,hist_gradient_boosting [combined],11.0,0.07027776945397118,0.07027776945397118,432,6
rho_W5_k3,time_agnostic_t,data_block,real_controlled,ridge [patterns],12.0,0.07215730464668979,0.07215730464668979,432,6
rho_W5_k3,time_agnostic_t,data_block,real_controlled,hist_gradient_boosting [patterns],13.0,0.07805804440971936,0.07805804440971936,432,6
rho_W5_k3,time_agnostic_t,data_block,real_controlled,ridge [combined],14.0,0.07864120546670329,0.07864120546670329,432,6
rho_W5_k3,time_agnostic_t,data_block,real_controlled,ridge [crawl],15.0,0.08283765992147393,0.08283765992147392,432,6
rho_W5_k3,time_agnostic_t,data_block,real_controlled,plugin,16.0,0.09282376387845437,0.09282376387845437,432,6
rho_W5_k3,time_agnostic_t,data_block,real_controlled,hist_gradient_boosting [crawl],17.0,0.11976224376142187,0.11976224376142187,432,6
rho_W5_k3,time_agnostic_t,data_block,real_controlled,mean_floor,18.0,0.12221123188077655,0.12221123188077658,432,6
rho_W5_k3,time_agnostic_t,data_block,real_controlled,random_forest [crawl],19.0,0.13337404103808992,0.1333740410380899,432,6
rho_W5_k3,time_agnostic_t,data_block,real_controlled,extra_trees [crawl],20.0,0.13430139716339237,0.13430139716339237,432,6
rho_W5_k3,time_agnostic_t,data_block,real_empirical,extra_trees [occupancy],1.0,0.06462702951365856,0.06462702951365858,72,6
rho_W5_k3,time_agnostic_t,data_block,real_empirical,random_forest [occupancy],2.0,0.06505994859395449,0.06505994859395449,72,6
rho_W5_k3,time_agnostic_t,data_block,real_empirical,hist_gradient_boosting [occupancy],3.0,0.06834754903607232,0.06834754903607233,72,6
rho_W5_k3,time_agnostic_t,data_block,real_empirical,ridge [occupancy],4.0,0.07019551919623718,0.07019551919623719,72,6
rho_W5_k3,time_agnostic_t,data_block,real_empirical,extra_trees [combined],5.0,0.09718417934301121,0.09718417934301123,72,6
rho_W5_k3,time_agnostic_t,data_block,real_empirical,ridge [combined],6.0,0.09758798913987025,0.09758798913987027,72,6
rho_W5_k3,time_agnostic_t,data_block,real_empirical,mean_floor,7.0,0.09760506656871656,0.09760506656871658,72,6
rho_W5_k3,time_agnostic_t,data_block,real_empirical,occ_mle,8.0,0.09786078867875386,0.09786078867875386,72,6
rho_W5_k3,time_agnostic_t,data_block,real_empirical,random_forest [combined],9.0,0.10177534036497578,0.10177534036497578,72,6
rho_W5_k3,time_agnostic_t,data_block,real_empirical,hist_gradient_boosting [crawl],10.0,0.10656710270091582,0.10656710270091581,72,6
rho_W5_k3,time_agnostic_t,data_block,real_empirical,ridge [patterns],11.0,0.10670012163837851,0.1067001216383785,72,6
rho_W5_k3,time_agnostic_t,data_block,real_empirical,random_forest [crawl],12.0,0.10733461630647068,0.10733461630647069,72,6
rho_W5_k3,time_agnostic_t,data_block,real_empirical,extra_trees [crawl],13.0,0.1094342696096216,0.1094342696096216,72,6
rho_W5_k3,time_agnostic_t,data_block,real_empirical,hist_gradient_boosting [combined],14.0,0.11014192240708648,0.11014192240708649,72,6
rho_W5_k3,time_agnostic_t,data_block,real_empirical,mask_mle,15.0,0.11098785124461175,0.11098785124461176,72,6
rho_W5_k3,time_agnostic_t,data_block,real_empirical,random_forest [patterns],16.0,0.11789315147270478,0.11789315147270478,72,6
rho_W5_k3,time_agnostic_t,data_block,real_empirical,extra_trees [patterns],17.0,0.12068632860345099,0.120686328603451,72,6
rho_W5_k3,time_agnostic_t,data_block,real_empirical,hist_gradient_boosting [patterns],18.0,0.12216950663381754,0.12216950663381752,72,6
rho_W5_k3,time_agnostic_t,data_block,real_empirical,ridge [crawl],19.0,0.13659609592038713,0.13659609592038716,72,6
rho_W5_k3,time_agnostic_t,data_block,real_empirical,plugin,20.0,0.1758831936179504,0.17588319361795043,72,6
rho_W5_k3,time_agnostic_t,data_block,real_shuffle,occ_mle,1.0,0.1246888073440913,0.12468880734409128,216,6
rho_W5_k3,time_agnostic_t,data_block,real_shuffle,hist_gradient_boosting [occupancy],2.0,0.1335143252782117,0.13351432527821167,216,6
rho_W5_k3,time_agnostic_t,data_block,real_shuffle,extra_trees [occupancy],3.0,0.13610138708195693,0.13610138708195693,216,6
rho_W5_k3,time_agnostic_t,data_block,real_shuffle,random_forest [occupancy],4.0,0.13772269515286256,0.1377226951528626,216,6
rho_W5_k3,time_agnostic_t,data_block,real_shuffle,extra_trees [combined],5.0,0.13908886460865832,0.13908886460865832,216,6
rho_W5_k3,time_agnostic_t,data_block,real_shuffle,extra_trees [patterns],6.0,0.1410829790482771,0.14108297904827713,216,6
rho_W5_k3,time_agnostic_t,data_block,real_shuffle,random_forest [combined],7.0,0.14220057104880357,0.14220057104880357,216,6
rho_W5_k3,time_agnostic_t,data_block,real_shuffle,hist_gradient_boosting [patterns],8.0,0.14471552052365672,0.1447155205236567,216,6
rho_W5_k3,time_agnostic_t,data_block,real_shuffle,random_forest [patterns],9.0,0.14484594229259573,0.14484594229259573,216,6
rho_W5_k3,time_agnostic_t,data_block,real_shuffle,hist_gradient_boosting [combined],10.0,0.14498949004580788,0.14498949004580786,216,6
rho_W5_k3,time_agnostic_t,data_block,real_shuffle,ridge [combined],11.0,0.1509822079280077,0.15098220792800768,216,6
rho_W5_k3,time_agnostic_t,data_block,real_shuffle,ridge [occupancy],12.0,0.15577299962026286,0.15577299962026284,216,6
rho_W5_k3,time_agnostic_t,data_block,real_shuffle,ridge [patterns],13.0,0.1559164490582097,0.1559164490582097,216,6
rho_W5_k3,time_agnostic_t,data_block,real_shuffle,mask_mle,14.0,0.19013554038105862,0.19013554038105862,216,6
rho_W5_k3,time_agnostic_t,data_block,real_shuffle,random_forest [crawl],15.0,0.22199309978925943,0.22199309978925943,216,6
rho_W5_k3,time_agnostic_t,data_block,real_shuffle,extra_trees [crawl],16.0,0.22422091866016872,0.2242209186601687,216,6
rho_W5_k3,time_agnostic_t,data_block,real_shuffle,mean_floor,17.0,0.23026408707885515,0.23026408707885518,216,6
rho_W5_k3,time_agnostic_t,data_block,real_shuffle,hist_gradient_boosting [crawl],18.0,0.23726884860423386,0.2372688486042339,216,6
rho_W5_k3,time_agnostic_t,data_block,real_shuffle,ridge [crawl],19.0,0.2891010694373691,0.2891010694373691,216,6
rho_W5_k3,time_agnostic_t,data_block,real_shuffle,plugin,20.0,0.4275100880975614,0.42751008809756136,216,6
rho_W5_k3,time_agnostic_t,data_block,synthetic_controlled,extra_trees [combined],1.0,0.02503975975560275,0.025039759755602752,1152,12
rho_W5_k3,time_agnostic_t,data_block,synthetic_controlled,random_forest [combined],2.0,0.026123278311195312,0.026123278311195316,1152,12
rho_W5_k3,time_agnostic_t,data_block,synthetic_controlled,extra_trees [patterns],3.0,0.026851168188813748,0.02685116818881374,1152,12
rho_W5_k3,time_agnostic_t,data_block,synthetic_controlled,hist_gradient_boosting [combined],4.0,0.02727832782993532,0.027278327829935316,1152,12
rho_W5_k3,time_agnostic_t,data_block,synthetic_controlled,random_forest [patterns],5.0,0.028226432366413548,0.028226432366413545,1152,12
rho_W5_k3,time_agnostic_t,data_block,synthetic_controlled,hist_gradient_boosting [patterns],6.0,0.029234151412668028,0.029234151412668025,1152,12
rho_W5_k3,time_agnostic_t,data_block,synthetic_controlled,random_forest [occupancy],7.0,0.03118042282807349,0.031180422828073494,1152,12
rho_W5_k3,time_agnostic_t,data_block,synthetic_controlled,extra_trees [occupancy],8.0,0.031182682784891114,0.031182682784891114,1152,12
rho_W5_k3,time_agnostic_t,data_block,synthetic_controlled,hist_gradient_boosting [occupancy],9.0,0.03166460083616324,0.031664600836163244,1152,12
rho_W5_k3,time_agnostic_t,data_block,synthetic_controlled,mask_mle,10.0,0.042105372304005934,0.042105372304005934,1152,12
rho_W5_k3,time_agnostic_t,data_block,synthetic_controlled,ridge [combined],11.0,0.043451261245590844,0.043451261245590844,1152,12
rho_W5_k3,time_agnostic_t,data_block,synthetic_controlled,ridge [patterns],12.0,0.04483840616230271,0.0448384061623027,1152,12
rho_W5_k3,time_agnostic_t,data_block,synthetic_controlled,occ_mle,13.0,0.056557467779964475,0.056557467779964475,1152,12
rho_W5_k3,time_agnostic_t,data_block,synthetic_controlled,ridge [occupancy],14.0,0.05672246232446884,0.05672246232446884,1152,12
rho_W5_k3,time_agnostic_t,data_block,synthetic_controlled,extra_trees [crawl],15.0,0.06376685247339514,0.06376685247339513,1152,12
rho_W5_k3,time_agnostic_t,data_block,synthetic_controlled,random_forest [crawl],16.0,0.06606511474970146,0.06606511474970145,1152,12
rho_W5_k3,time_agnostic_t,data_block,synthetic_controlled,hist_gradient_boosting [crawl],17.0,0.06636937019464158,0.06636937019464158,1152,12
rho_W5_k3,time_agnostic_t,data_block,synthetic_controlled,plugin,18.0,0.07434728141668964,0.07434728141668966,1152,12
rho_W5_k3,time_agnostic_t,data_block,synthetic_controlled,ridge [crawl],19.0,0.11259064162358569,0.11259064162358567,1152,12
rho_W5_k3,time_agnostic_t,data_block,synthetic_controlled,mean_floor,20.0,0.14598283778128407,0.1459828377812841,1152,12
rho_W5_k3,time_agnostic_t,domain,controlled,extra_trees [combined],1.0,0.02503975975560275,0.025039759755602752,1152,12
rho_W5_k3,time_agnostic_t,domain,controlled,random_forest [combined],2.0,0.026123278311195312,0.026123278311195316,1152,12
rho_W5_k3,time_agnostic_t,domain,controlled,extra_trees [patterns],3.0,0.026851168188813748,0.02685116818881374,1152,12
rho_W5_k3,time_agnostic_t,domain,controlled,hist_gradient_boosting [combined],4.0,0.02727832782993532,0.027278327829935316,1152,12
rho_W5_k3,time_agnostic_t,domain,controlled,random_forest [patterns],5.0,0.028226432366413548,0.028226432366413545,1152,12
rho_W5_k3,time_agnostic_t,domain,controlled,hist_gradient_boosting [patterns],6.0,0.029234151412668028,0.029234151412668025,1152,12
rho_W5_k3,time_agnostic_t,domain,controlled,random_forest [occupancy],7.0,0.03118042282807349,0.031180422828073494,1152,12
rho_W5_k3,time_agnostic_t,domain,controlled,extra_trees [occupancy],8.0,0.031182682784891114,0.031182682784891114,1152,12
rho_W5_k3,time_agnostic_t,domain,controlled,hist_gradient_boosting [occupancy],9.0,0.03166460083616324,0.031664600836163244,1152,12
rho_W5_k3,time_agnostic_t,domain,controlled,mask_mle,10.0,0.042105372304005934,0.042105372304005934,1152,12
rho_W5_k3,time_agnostic_t,domain,controlled,ridge [combined],11.0,0.043451261245590844,0.043451261245590844,1152,12
rho_W5_k3,time_agnostic_t,domain,controlled,ridge [patterns],12.0,0.04483840616230271,0.0448384061623027,1152,12
rho_W5_k3,time_agnostic_t,domain,controlled,occ_mle,13.0,0.056557467779964475,0.056557467779964475,1152,12
rho_W5_k3,time_agnostic_t,domain,controlled,ridge [occupancy],14.0,0.05672246232446884,0.05672246232446884,1152,12
rho_W5_k3,time_agnostic_t,domain,controlled,extra_trees [crawl],15.0,0.06376685247339514,0.06376685247339513,1152,12
rho_W5_k3,time_agnostic_t,domain,controlled,random_forest [crawl],16.0,0.06606511474970146,0.06606511474970145,1152,12
rho_W5_k3,time_agnostic_t,domain,controlled,hist_gradient_boosting [crawl],17.0,0.06636937019464158,0.06636937019464158,1152,12
rho_W5_k3,time_agnostic_t,domain,controlled,plugin,18.0,0.07434728141668964,0.07434728141668966,1152,12
rho_W5_k3,time_agnostic_t,domain,controlled,ridge [crawl],19.0,0.11259064162358569,0.11259064162358567,1152,12
rho_W5_k3,time_agnostic_t,domain,controlled,mean_floor,20.0,0.14598283778128407,0.1459828377812841,1152,12
rho_W5_k3,time_agnostic_t,domain,email,occ_mle,1.0,0.08829850776276003,0.08829850776276005,120,1
rho_W5_k3,time_agnostic_t,domain,email,hist_gradient_boosting [occupancy],2.0,0.0930219713623513,0.0930219713623513,120,1
rho_W5_k3,time_agnostic_t,domain,email,extra_trees [occupancy],3.0,0.09817109887510472,0.09817109887510472,120,1
rho_W5_k3,time_agnostic_t,domain,email,random_forest [occupancy],4.0,0.09939723452990028,0.09939723452990028,120,1
rho_W5_k3,time_agnostic_t,domain,email,random_forest [combined],5.0,0.10466462366697914,0.10466462366697914,120,1
rho_W5_k3,time_agnostic_t,domain,email,extra_trees [combined],6.0,0.10603240964640688,0.10603240964640688,120,1
rho_W5_k3,time_agnostic_t,domain,email,random_forest [patterns],7.0,0.11087888850104045,0.11087888850104043,120,1
rho_W5_k3,time_agnostic_t,domain,email,extra_trees [patterns],8.0,0.1135555190169615,0.11355551901696151,120,1
rho_W5_k3,time_agnostic_t,domain,email,hist_gradient_boosting [combined],9.0,0.11480551794179054,0.11480551794179056,120,1
rho_W5_k3,time_agnostic_t,domain,email,ridge [occupancy],10.0,0.12014156541428157,0.12014156541428159,120,1
rho_W5_k3,time_agnostic_t,domain,email,ridge [combined],11.0,0.12171855786656542,0.12171855786656541,120,1
rho_W5_k3,time_agnostic_t,domain,email,hist_gradient_boosting [patterns],12.0,0.12394632830308447,0.12394632830308447,120,1
rho_W5_k3,time_agnostic_t,domain,email,ridge [patterns],13.0,0.12404148550242737,0.12404148550242737,120,1
rho_W5_k3,time_agnostic_t,domain,email,mask_mle,14.0,0.12523336409508012,0.1252333640950801,120,1
rho_W5_k3,time_agnostic_t,domain,email,random_forest [crawl],15.0,0.15783561122081627,0.15783561122081624,120,1
rho_W5_k3,time_agnostic_t,domain,email,extra_trees [crawl],16.0,0.15904644277976634,0.15904644277976634,120,1
rho_W5_k3,time_agnostic_t,domain,email,hist_gradient_boosting [crawl],17.0,0.15973733287219385,0.15973733287219385,120,1
rho_W5_k3,time_agnostic_t,domain,email,mean_floor,18.0,0.16009283003424132,0.16009283003424132,120,1
rho_W5_k3,time_agnostic_t,domain,email,ridge [crawl],19.0,0.18593424912981946,0.18593424912981946,120,1
rho_W5_k3,time_agnostic_t,domain,email,plugin,20.0,0.233293422347128,0.23329342234712802,120,1
rho_W5_k3,time_agnostic_t,domain,mechanistic,extra_trees [combined],1.0,0.04831754362713854,0.0454828312006922,1080,18
rho_W5_k3,time_agnostic_t,domain,mechanistic,random_forest [combined],2.0,0.048852867467059524,0.0461138473816845,1080,18
rho_W5_k3,time_agnostic_t,domain,mechanistic,extra_trees [patterns],3.0,0.05069696018239472,0.04868654054901216,1080,18
rho_W5_k3,time_agnostic_t,domain,mechanistic,random_forest [patterns],4.0,0.051010631810684916,0.04890326542380843,1080,18
rho_W5_k3,time_agnostic_t,domain,mechanistic,hist_gradient_boosting [combined],5.0,0.052939492629927795,0.05055802996933899,1080,18
rho_W5_k3,time_agnostic_t,domain,mechanistic,hist_gradient_boosting [patterns],6.0,0.0547399990693317,0.05296752921887391,1080,18
rho_W5_k3,time_agnostic_t,domain,mechanistic,extra_trees [occupancy],7.0,0.05870404429079193,0.054875978957197064,1080,18
rho_W5_k3,time_agnostic_t,domain,mechanistic,random_forest [occupancy],8.0,0.059993745442633424,0.05612554234382979,1080,18
rho_W5_k3,time_agnostic_t,domain,mechanistic,hist_gradient_boosting [occupancy],9.0,0.06348726768001445,0.06008207857417068,1080,18
rho_W5_k3,time_agnostic_t,domain,mechanistic,occ_mle,10.0,0.09014341165147355,0.08361030670586626,1080,18
rho_W5_k3,time_agnostic_t,domain,mechanistic,ridge [patterns],11.0,0.10029859750863271,0.09251589287557398,1080,18
rho_W5_k3,time_agnostic_t,domain,mechanistic,mask_mle,12.0,0.1053290708480803,0.09689365855967165,1080,18
rho_W5_k3,time_agnostic_t,domain,mechanistic,ridge [occupancy],13.0,0.10671737677735472,0.0980973390164454,1080,18
rho_W5_k3,time_agnostic_t,domain,mechanistic,ridge [combined],14.0,0.10729261159204824,0.09893247191714556,1080,18
rho_W5_k3,time_agnostic_t,domain,mechanistic,extra_trees [crawl],15.0,0.16822438603005446,0.15427034395023242,1080,18
rho_W5_k3,time_agnostic_t,domain,mechanistic,random_forest [crawl],16.0,0.17538265457935467,0.16183283377446925,1080,18
rho_W5_k3,time_agnostic_t,domain,mechanistic,hist_gradient_boosting [crawl],17.0,0.18737353743078455,0.17402499818899675,1080,18
rho_W5_k3,time_agnostic_t,domain,mechanistic,ridge [crawl],18.0,0.2001294721838692,0.18081244584572495,1080,18
rho_W5_k3,time_agnostic_t,domain,mechanistic,mean_floor,19.0,0.23535426107243798,0.2160398122074798,1080,18
rho_W5_k3,time_agnostic_t,domain,mechanistic,plugin,20.0,0.34259544474408965,0.3107997378625887,1080,18
rho_W5_k3,time_agnostic_t,domain,messaging,random_forest [occupancy],1.0,0.04326318268244957,0.043263182682449566,120,1
rho_W5_k3,time_agnostic_t,domain,messaging,extra_trees [occupancy],2.0,0.044657259613494406,0.044657259613494406,120,1
rho_W5_k3,time_agnostic_t,domain,messaging,extra_trees [combined],3.0,0.04483252203253474,0.04483252203253474,120,1
rho_W5_k3,time_agnostic_t,domain,messaging,hist_gradient_boosting [occupancy],4.0,0.04507052550007587,0.04507052550007587,120,1
rho_W5_k3,time_agnostic_t,domain,messaging,random_forest [combined],5.0,0.046225484979504294,0.046225484979504294,120,1
rho_W5_k3,time_agnostic_t,domain,messaging,ridge [occupancy],6.0,0.04635388012637132,0.04635388012637132,120,1
rho_W5_k3,time_agnostic_t,domain,messaging,random_forest [patterns],7.0,0.05525981628432333,0.05525981628432333,120,1
rho_W5_k3,time_agnostic_t,domain,messaging,ridge [combined],8.0,0.05917627322303202,0.059176273223032025,120,1
rho_W5_k3,time_agnostic_t,domain,messaging,occ_mle,9.0,0.06115095669826142,0.06115095669826142,120,1
rho_W5_k3,time_agnostic_t,domain,messaging,hist_gradient_boosting [combined],10.0,0.062157319854523836,0.062157319854523836,120,1
rho_W5_k3,time_agnostic_t,domain,messaging,extra_trees [patterns],11.0,0.06937389660398431,0.06937389660398433,120,1
rho_W5_k3,time_agnostic_t,domain,messaging,mask_mle,12.0,0.06984103704570209,0.06984103704570209,120,1
rho_W5_k3,time_agnostic_t,domain,messaging,ridge [patterns],13.0,0.07376125737941155,0.07376125737941155,120,1
rho_W5_k3,time_agnostic_t,domain,messaging,ridge [crawl],14.0,0.0789873578790597,0.0789873578790597,120,1
rho_W5_k3,time_agnostic_t,domain,messaging,hist_gradient_boosting [patterns],15.0,0.08000117115739608,0.08000117115739606,120,1
rho_W5_k3,time_agnostic_t,domain,messaging,hist_gradient_boosting [crawl],16.0,0.08707480611506906,0.08707480611506907,120,1
rho_W5_k3,time_agnostic_t,domain,messaging,random_forest [crawl],17.0,0.09755869944931983,0.09755869944931983,120,1
rho_W5_k3,time_agnostic_t,domain,messaging,extra_trees [crawl],18.0,0.11057882824880902,0.11057882824880903,120,1
rho_W5_k3,time_agnostic_t,domain,messaging,plugin,19.0,0.11378680241114103,0.11378680241114104,120,1
rho_W5_k3,time_agnostic_t,domain,messaging,mean_floor,20.0,0.115706885643181,0.11570688564318102,120,1
rho_W5_k3,time_agnostic_t,domain,proximity,hist_gradient_boosting [occupancy],1.0,0.07047633586800564,0.07047633586800564,480,4
rho_W5_k3,time_agnostic_t,domain,proximity,extra_trees [occupancy],2.0,0.07106230262176026,0.07106230262176025,480,4
rho_W5_k3,time_agnostic_t,domain,proximity,random_forest [occupancy],3.0,0.07287419874933469,0.0728741987493347,480,4
rho_W5_k3,time_agnostic_t,domain,proximity,ridge [occupancy],4.0,0.09009075439413154,0.09009075439413154,480,4
rho_W5_k3,time_agnostic_t,domain,proximity,extra_trees [combined],5.0,0.0923701302058655,0.09237013020586549,480,4
rho_W5_k3,time_agnostic_t,domain,proximity,occ_mle,6.0,0.09403433908379559,0.09403433908379558,480,4
rho_W5_k3,time_agnostic_t,domain,proximity,random_forest [combined],7.0,0.09698325243110287,0.09698325243110287,480,4
rho_W5_k3,time_agnostic_t,domain,proximity,extra_trees [patterns],8.0,0.09746678406663514,0.09746678406663514,480,4
rho_W5_k3,time_agnostic_t,domain,proximity,hist_gradient_boosting [combined],9.0,0.10077584194117198,0.10077584194117199,480,4
rho_W5_k3,time_agnostic_t,domain,proximity,mask_mle,10.0,0.10126072563898664,0.10126072563898662,480,4
rho_W5_k3,time_agnostic_t,domain,proximity,ridge [patterns],11.0,0.10165830878351224,0.10165830878351223,480,4
rho_W5_k3,time_agnostic_t,domain,proximity,random_forest [patterns],12.0,0.10247321276401568,0.10247321276401566,480,4
rho_W5_k3,time_agnostic_t,domain,proximity,hist_gradient_boosting [patterns],13.0,0.10271277533434545,0.10271277533434545,480,4
rho_W5_k3,time_agnostic_t,domain,proximity,ridge [combined],14.0,0.1081335690862176,0.1081335690862176,480,4
rho_W5_k3,time_agnostic_t,domain,proximity,ridge [crawl],15.0,0.1589083878119809,0.1589083878119809,480,4
rho_W5_k3,time_agnostic_t,domain,proximity,mean_floor,16.0,0.15929977894413566,0.15929977894413563,480,4
rho_W5_k3,time_agnostic_t,domain,proximity,hist_gradient_boosting [crawl],17.0,0.1688390319155066,0.1688390319155066,480,4
rho_W5_k3,time_agnostic_t,domain,proximity,extra_trees [crawl],18.0,0.17077949352842842,0.17077949352842842,480,4
rho_W5_k3,time_agnostic_t,domain,proximity,random_forest [crawl],19.0,0.17218514661788425,0.17218514661788423,480,4
rho_W5_k3,time_agnostic_t,domain,proximity,plugin,20.0,0.21553334998763685,0.21553334998763685,480,4
rho_W5_k3,time_agnostic_t,overall,all,extra_trees [combined],1.0,0.04860101783741613,0.045542042532836,2952,36
rho_W5_k3,time_agnostic_t,overall,all,random_forest [combined],2.0,0.04997082916105307,0.046731991971543325,2952,36
rho_W5_k3,time_agnostic_t,overall,all,extra_trees [patterns],3.0,0.05231058569681507,0.04920467500098529,2952,36
rho_W5_k3,time_agnostic_t,overall,all,extra_trees [occupancy],4.0,0.051006817980801714,0.049695482878441125,2952,36
rho_W5_k3,time_agnostic_t,overall,all,random_forest [patterns],5.0,0.053093536294925234,0.04986132005185946,2952,36
rho_W5_k3,time_agnostic_t,overall,all,hist_gradient_boosting [combined],6.0,0.053593235219419985,0.05048474108245356,2952,36
rho_W5_k3,time_agnostic_t,overall,all,random_forest [occupancy],7.0,0.051765568306621754,0.05051616800931964,2952,36
rho_W5_k3,time_agnostic_t,overall,all,hist_gradient_boosting [occupancy],8.0,0.05265704949112792,0.05226251290843002,2952,36
rho_W5_k3,time_agnostic_t,overall,all,hist_gradient_boosting [patterns],9.0,0.056427091300140675,0.0533062206580447,2952,36
rho_W5_k3,time_agnostic_t,overall,all,occ_mle,10.0,0.07641582180272864,0.07525727652392694,2952,36
rho_W5_k3,time_agnostic_t,overall,all,ridge [patterns],11.0,0.07876309165657269,0.07799397010344035,2952,36
rho_W5_k3,time_agnostic_t,overall,all,mask_mle,12.0,0.07936140306698815,0.07915187848385803,2952,36
rho_W5_k3,time_agnostic_t,overall,all,ridge [combined],13.0,0.08114612681790952,0.08098968713583829,2952,36
rho_W5_k3,time_agnostic_t,overall,all,ridge [occupancy],14.0,0.08259554847269401,0.08259111425852286,2952,36
rho_W5_k3,time_agnostic_t,overall,all,extra_trees [crawl],15.0,0.12515953264867366,0.12485587960908928,2952,36
rho_W5_k3,time_agnostic_t,overall,all,random_forest [crawl],16.0,0.1283253613802032,0.12916409116884822,2952,36
rho_W5_k3,time_agnostic_t,overall,all,hist_gradient_boosting [crawl],17.0,0.13193805111361423,0.13475140767741475,2952,36
rho_W5_k3,time_agnostic_t,overall,all,ridge [crawl],18.0,0.1537638442072377,0.15295185786008,2952,36
rho_W5_k3,time_agnostic_t,overall,all,mean_floor,19.0,0.18018790340675747,0.1820419306823336,2952,36
rho_W5_k3,time_agnostic_t,overall,all,plugin,20.0,0.20350839548804242,0.21377156342321363,2952,36
rho_W5_k3,time_respecting,budget,100,hist_gradient_boosting [combined],1.0,0.09973286151604117,0.1020148207405634,738,36
rho_W5_k3,time_respecting,budget,100,extra_trees [combined],2.0,0.10156279099449211,0.10283325468133944,738,36
rho_W5_k3,time_respecting,budget,100,random_forest [combined],3.0,0.10235837506469979,0.10414764573989621,738,36
rho_W5_k3,time_respecting,budget,100,hist_gradient_boosting [patterns],4.0,0.1027459027548192,0.10612390897508683,738,36
rho_W5_k3,time_respecting,budget,100,extra_trees [patterns],5.0,0.10576988044587164,0.10834480203090152,738,36
rho_W5_k3,time_respecting,budget,100,random_forest [patterns],6.0,0.10659024289661803,0.1090755145114698,738,36
rho_W5_k3,time_respecting,budget,100,ridge [combined],7.0,0.11419797169882095,0.1175217374641747,738,36
rho_W5_k3,time_respecting,budget,100,hist_gradient_boosting [occupancy],8.0,0.1186728029996286,0.12402166212644421,738,36
rho_W5_k3,time_respecting,budget,100,ridge [patterns],9.0,0.12143084572360505,0.12706966691405958,738,36
rho_W5_k3,time_respecting,budget,100,random_forest [occupancy],10.0,0.12507266623719734,0.1289864421512547,738,36
rho_W5_k3,time_respecting,budget,100,extra_trees [occupancy],11.0,0.12543411176927655,0.12986310147287763,738,36
rho_W5_k3,time_respecting,budget,100,ridge [occupancy],12.0,0.13433222809280898,0.14374203009197448,738,36
rho_W5_k3,time_respecting,budget,100,extra_trees [crawl],13.0,0.1468789829187024,0.144553042695208,738,36
rho_W5_k3,time_respecting,budget,100,random_forest [crawl],14.0,0.1513022091997342,0.14883660150635095,738,36
rho_W5_k3,time_respecting,budget,100,hist_gradient_boosting [crawl],15.0,0.1499104761850537,0.1488714411925673,738,36
rho_W5_k3,time_respecting,budget,100,ridge [crawl],16.0,0.17031171449678287,0.1734709142514656,738,36
rho_W5_k3,time_respecting,budget,100,mean_floor,17.0,0.18018790340675744,0.1820419306823336,738,36
rho_W5_k3,time_respecting,budget,100,occ_mle,18.0,0.17489342419411905,0.18956119747870964,738,36
rho_W5_k3,time_respecting,budget,100,mask_mle,19.0,0.20239880787838138,0.21420502380490947,738,36
rho_W5_k3,time_respecting,budget,100,plugin,20.0,0.21783641661540548,0.2300617469704896,738,36
rho_W5_k3,time_respecting,budget,1600,random_forest [combined],1.0,0.03699032071207031,0.033963581039973274,738,36
rho_W5_k3,time_respecting,budget,1600,extra_trees [combined],2.0,0.037112470951079196,0.03425796004729465,738,36
rho_W5_k3,time_respecting,budget,1600,hist_gradient_boosting [combined],3.0,0.037632058594742904,0.036017862474945726,738,36
rho_W5_k3,time_respecting,budget,1600,random_forest [patterns],4.0,0.04077826050299886,0.037679079438325984,738,36
rho_W5_k3,time_respecting,budget,1600,extra_trees [patterns],5.0,0.04075041254638526,0.03770197662137526,738,36
rho_W5_k3,time_respecting,budget,1600,hist_gradient_boosting [patterns],6.0,0.040409874008638866,0.039101322524443455,738,36
rho_W5_k3,time_respecting,budget,1600,ridge [combined],7.0,0.06990772311566058,0.07035279747644724,738,36
rho_W5_k3,time_respecting,budget,1600,random_forest [occupancy],8.0,0.0754595528283271,0.08122202307703714,738,36
rho_W5_k3,time_respecting,budget,1600,extra_trees [occupancy],9.0,0.0756200005628834,0.08147310191037276,738,36
rho_W5_k3,time_respecting,budget,1600,ridge [patterns],10.0,0.07765335767693644,0.08225666560261374,738,36
rho_W5_k3,time_respecting,budget,1600,hist_gradient_boosting [occupancy],11.0,0.07779242354242809,0.08486644883073188,738,36
rho_W5_k3,time_respecting,budget,1600,extra_trees [crawl],12.0,0.09876423866049006,0.09282719078778646,738,36
rho_W5_k3,time_respecting,budget,1600,ridge [occupancy],13.0,0.0957017314048982,0.10354224337037488,738,36
rho_W5_k3,time_respecting,budget,1600,random_forest [crawl],14.0,0.10945664571896056,0.10412754460335462,738,36
rho_W5_k3,time_respecting,budget,1600,hist_gradient_boosting [crawl],15.0,0.11074020613642925,0.10684272392853422,738,36
rho_W5_k3,time_respecting,budget,1600,ridge [crawl],16.0,0.1295608490797499,0.13436629564966987,738,36
rho_W5_k3,time_respecting,budget,1600,mask_mle,17.0,0.15757860562356343,0.16063478534720713,738,36
rho_W5_k3,time_respecting,budget,1600,occ_mle,18.0,0.1626941954360751,0.16625815866206828,738,36
rho_W5_k3,time_respecting,budget,1600,mean_floor,19.0,0.18018790340675744,0.1820419306823336,738,36
rho_W5_k3,time_respecting,budget,1600,plugin,20.0,0.21330903627669257,0.22502867286045752,738,36
rho_W5_k3,time_respecting,budget,3200,extra_trees [combined],1.0,0.0334435283711035,0.02918961437968785,738,36
rho_W5_k3,time_respecting,budget,3200,random_forest [combined],2.0,0.03473374535879073,0.030517310353742427,738,36
rho_W5_k3,time_respecting,budget,3200,extra_trees [patterns],3.0,0.03626474298576514,0.03175482886794751,738,36
rho_W5_k3,time_respecting,budget,3200,random_forest [patterns],4.0,0.03649892036355579,0.032349206350676195,738,36
rho_W5_k3,time_respecting,budget,3200,hist_gradient_boosting [combined],5.0,0.03580832221940393,0.033345951812540575,738,36
rho_W5_k3,time_respecting,budget,3200,hist_gradient_boosting [patterns],6.0,0.03632774924753002,0.034253973314012684,738,36
rho_W5_k3,time_respecting,budget,3200,extra_trees [occupancy],7.0,0.06326401134983306,0.06463347251387117,738,36
rho_W5_k3,time_respecting,budget,3200,random_forest [occupancy],8.0,0.06481322934771178,0.06548309886009392,738,36
rho_W5_k3,time_respecting,budget,3200,ridge [combined],9.0,0.06916550811822003,0.06909160973954837,738,36
rho_W5_k3,time_respecting,budget,3200,hist_gradient_boosting [occupancy],10.0,0.0685877825373292,0.0717695369391103,738,36
rho_W5_k3,time_respecting,budget,3200,ridge [patterns],11.0,0.07440715772745281,0.07629462897571165,738,36
rho_W5_k3,time_respecting,budget,3200,extra_trees [crawl],12.0,0.0868011355911592,0.07873388735275114,738,36
rho_W5_k3,time_respecting,budget,3200,ridge [occupancy],13.0,0.08581443754333586,0.08934781182926756,738,36
rho_W5_k3,time_respecting,budget,3200,hist_gradient_boosting [crawl],14.0,0.10525318114153176,0.09795104022670292,738,36
rho_W5_k3,time_respecting,budget,3200,random_forest [crawl],15.0,0.10581445452876734,0.09852664049801231,738,36
rho_W5_k3,time_respecting,budget,3200,ridge [crawl],16.0,0.14352183943212343,0.1425014886465462,738,36
rho_W5_k3,time_respecting,budget,3200,mask_mle,17.0,0.14534658202789597,0.1475192283722697,738,36
rho_W5_k3,time_respecting,budget,3200,occ_mle,18.0,0.15732111584047787,0.16185117358009107,738,36
rho_W5_k3,time_respecting,budget,3200,mean_floor,19.0,0.18018790340675744,0.1820419306823336,738,36
rho_W5_k3,time_respecting,budget,3200,plugin,20.0,0.20725204321954646,0.21815123361810362,738,36
rho_W5_k3,time_respecting,budget,400,hist_gradient_boosting [combined],1.0,0.06116734592086723,0.06134083426187972,738,36
rho_W5_k3,time_respecting,budget,400,random_forest [combined],2.0,0.06243557324539266,0.06231822672865593,738,36
rho_W5_k3,time_respecting,budget,400,extra_trees [combined],3.0,0.0640070855601007,0.06385334166479312,738,36
rho_W5_k3,time_respecting,budget,400,random_forest [patterns],4.0,0.06666160083123691,0.0667143537569008,738,36
rho_W5_k3,time_respecting,budget,400,extra_trees [patterns],5.0,0.0680410082886951,0.06834030038683218,738,36
rho_W5_k3,time_respecting,budget,400,hist_gradient_boosting [patterns],6.0,0.06737051227298121,0.06865901522203109,738,36
rho_W5_k3,time_respecting,budget,400,ridge [combined],7.0,0.0849414619238533,0.08773693720954055,738,36
rho_W5_k3,time_respecting,budget,400,ridge [patterns],8.0,0.09544552723512847,0.10142372815277596,738,36
rho_W5_k3,time_respecting,budget,400,extra_trees [occupancy],9.0,0.09898034398839792,0.10560035440355545,738,36
rho_W5_k3,time_respecting,budget,400,hist_gradient_boosting [occupancy],10.0,0.0986370967689266,0.10606691612972002,738,36
rho_W5_k3,time_respecting,budget,400,random_forest [occupancy],11.0,0.10018101104344435,0.10837220617274049,738,36
rho_W5_k3,time_respecting,budget,400,ridge [occupancy],12.0,0.11498775831186678,0.12319531101064264,738,36
rho_W5_k3,time_respecting,budget,400,extra_trees [crawl],13.0,0.1281844679316803,0.12414843126149942,738,36
rho_W5_k3,time_respecting,budget,400,random_forest [crawl],14.0,0.13318221213613826,0.12912774695579043,738,36
rho_W5_k3,time_respecting,budget,400,hist_gradient_boosting [crawl],15.0,0.13717179277505176,0.1341580892266629,738,36
rho_W5_k3,time_respecting,budget,400,ridge [crawl],16.0,0.1554771373180561,0.16263965256606666,738,36
rho_W5_k3,time_respecting,budget,400,occ_mle,17.0,0.16137531917451556,0.16639085195547967,738,36
rho_W5_k3,time_respecting,budget,400,mean_floor,18.0,0.18018790340675744,0.1820419306823336,738,36
rho_W5_k3,time_respecting,budget,400,mask_mle,19.0,0.1824566506167202,0.18882638354773476,738,36
rho_W5_k3,time_respecting,budget,400,plugin,20.0,0.21717136666027997,0.2293413615422742,738,36
rho_W5_k3,time_respecting,coverage_band,high(>.15),extra_trees [combined],1.0,0.03353002221040994,0.0333686495373168,912,28
rho_W5_k3,time_respecting,coverage_band,high(>.15),random_forest [combined],2.0,0.03459058583667315,0.034209005917626024,912,28
rho_W5_k3,time_respecting,coverage_band,high(>.15),extra_trees [patterns],3.0,0.035543330926431735,0.037640628980421816,912,28
rho_W5_k3,time_respecting,coverage_band,high(>.15),random_forest [patterns],4.0,0.036670062211593,0.03877356631883062,912,28
rho_W5_k3,time_respecting,coverage_band,high(>.15),hist_gradient_boosting [combined],5.0,0.03703979642088281,0.03899097293672508,912,28
rho_W5_k3,time_respecting,coverage_band,high(>.15),hist_gradient_boosting [patterns],6.0,0.0381316401881459,0.041058057249070704,912,28
rho_W5_k3,time_respecting,coverage_band,high(>.15),ridge [combined],7.0,0.0772700195717739,0.08957722792069064,912,28
rho_W5_k3,time_respecting,coverage_band,high(>.15),ridge [patterns],8.0,0.08074382750107,0.09972950651157311,912,28
rho_W5_k3,time_respecting,coverage_band,high(>.15),random_forest [occupancy],9.0,0.08353694945400986,0.10946694028008887,912,28
rho_W5_k3,time_respecting,coverage_band,high(>.15),hist_gradient_boosting [occupancy],10.0,0.08497160212859721,0.11246645134929414,912,28
rho_W5_k3,time_respecting,coverage_band,high(>.15),extra_trees [occupancy],11.0,0.08418282787325006,0.11249173778577114,912,28
rho_W5_k3,time_respecting,coverage_band,high(>.15),extra_trees [crawl],12.0,0.10862776764705369,0.11568382593143435,912,28
rho_W5_k3,time_respecting,coverage_band,high(>.15),ridge [occupancy],13.0,0.1002115321487403,0.12829128511857563,912,28
rho_W5_k3,time_respecting,coverage_band,high(>.15),random_forest [crawl],14.0,0.12985169386621925,0.13876482838317847,912,28
rho_W5_k3,time_respecting,coverage_band,high(>.15),hist_gradient_boosting [crawl],15.0,0.12911117724402588,0.13989660474046803,912,28
rho_W5_k3,time_respecting,coverage_band,high(>.15),ridge [crawl],16.0,0.16472352703003693,0.1799351664548176,912,28
rho_W5_k3,time_respecting,coverage_band,high(>.15),mean_floor,17.0,0.2141536544594996,0.21987953836135699,912,28
rho_W5_k3,time_respecting,coverage_band,high(>.15),mask_mle,18.0,0.19981800416601506,0.22561358327720668,912,28
rho_W5_k3,time_respecting,coverage_band,high(>.15),occ_mle,19.0,0.2040995961347193,0.2309327184508593,912,28
rho_W5_k3,time_respecting,coverage_band,high(>.15),plugin,20.0,0.27426337287695396,0.3164643345251239,912,28
rho_W5_k3,time_respecting,coverage_band,low(<.02),hist_gradient_boosting [combined],1.0,0.09138605366851005,0.08118236196724851,533,30
rho_W5_k3,time_respecting,coverage_band,low(<.02),extra_trees [combined],2.0,0.09290641126758342,0.0813489723706112,533,30
rho_W5_k3,time_respecting,coverage_band,low(<.02),random_forest [combined],3.0,0.09165497399980888,0.08268643449434246,533,30
rho_W5_k3,time_respecting,coverage_band,low(<.02),random_forest [patterns],4.0,0.09906302800428138,0.08674031912009678,533,30
rho_W5_k3,time_respecting,coverage_band,low(<.02),extra_trees [patterns],5.0,0.0985124024376662,0.08703035395032639,533,30
rho_W5_k3,time_respecting,coverage_band,low(<.02),hist_gradient_boosting [patterns],6.0,0.09710898121425693,0.08841173242113887,533,30
rho_W5_k3,time_respecting,coverage_band,low(<.02),ridge [combined],7.0,0.10458584674026797,0.09417710939249035,533,30
rho_W5_k3,time_respecting,coverage_band,low(<.02),ridge [patterns],8.0,0.11651409284690893,0.10958956135710918,533,30
rho_W5_k3,time_respecting,coverage_band,low(<.02),hist_gradient_boosting [occupancy],9.0,0.10920659429457186,0.11187246856653198,533,30
rho_W5_k3,time_respecting,coverage_band,low(<.02),extra_trees [occupancy],10.0,0.11118083341558764,0.11675313249076942,533,30
rho_W5_k3,time_respecting,coverage_band,low(<.02),random_forest [occupancy],11.0,0.1126287320549022,0.11774624843261929,533,30
rho_W5_k3,time_respecting,coverage_band,low(<.02),extra_trees [crawl],12.0,0.12141960119557821,0.12165769205779174,533,30
rho_W5_k3,time_respecting,coverage_band,low(<.02),hist_gradient_boosting [crawl],13.0,0.1272382933333866,0.12381789336674238,533,30
rho_W5_k3,time_respecting,coverage_band,low(<.02),random_forest [crawl],14.0,0.12819516308133183,0.12793780066498114,533,30
rho_W5_k3,time_respecting,coverage_band,low(<.02),ridge [occupancy],15.0,0.12679467102590927,0.13590043163400084,533,30
rho_W5_k3,time_respecting,coverage_band,low(<.02),ridge [crawl],16.0,0.14375702961688042,0.14813561239227907,533,30
rho_W5_k3,time_respecting,coverage_band,low(<.02),occ_mle,17.0,0.15802099992351998,0.16358242143276852,533,30
rho_W5_k3,time_respecting,coverage_band,low(<.02),mask_mle,18.0,0.17564361581426058,0.16737990252942056,533,30
rho_W5_k3,time_respecting,coverage_band,low(<.02),plugin,19.0,0.1898471125694593,0.16913006325666874,533,30
rho_W5_k3,time_respecting,coverage_band,low(<.02),mean_floor,20.0,0.16448892965261544,0.17007480035506678,533,30
rho_W5_k3,time_respecting,coverage_band,mid,hist_gradient_boosting [combined],1.0,0.06002275593106688,0.06843397429558003,1507,36
rho_W5_k3,time_respecting,coverage_band,mid,extra_trees [combined],2.0,0.0624833436864927,0.06951982677456531,1507,36
rho_W5_k3,time_respecting,coverage_band,mid,random_forest [combined],3.0,0.06247616402667528,0.06959857754752247,1507,36
rho_W5_k3,time_respecting,coverage_band,mid,random_forest [patterns],4.0,0.06545901094055705,0.07307795640139832,1507,36
rho_W5_k3,time_respecting,coverage_band,mid,hist_gradient_boosting [patterns],5.0,0.06346591732898563,0.07319029002758354,1507,36
rho_W5_k3,time_respecting,coverage_band,mid,extra_trees [patterns],6.0,0.06648108318822525,0.07411916659186667,1507,36
rho_W5_k3,time_respecting,coverage_band,mid,ridge [combined],7.0,0.08187553583418505,0.09076426975912759,1507,36
rho_W5_k3,time_respecting,coverage_band,mid,extra_trees [occupancy],8.0,0.08764442329783428,0.10130395537689044,1507,36
rho_W5_k3,time_respecting,coverage_band,mid,hist_gradient_boosting [occupancy],9.0,0.08805712157648782,0.10136222941709717,1507,36
rho_W5_k3,time_respecting,coverage_band,mid,random_forest [occupancy],10.0,0.08861427670319201,0.10261476716705274,1507,36
rho_W5_k3,time_respecting,coverage_band,mid,ridge [patterns],11.0,0.09060055835673941,0.10265050909321814,1507,36
rho_W5_k3,time_respecting,coverage_band,mid,extra_trees [crawl],12.0,0.1168937633669167,0.11687892123508818,1507,36
rho_W5_k3,time_respecting,coverage_band,mid,ridge [occupancy],13.0,0.10549608870204821,0.12088884511885639,1507,36
rho_W5_k3,time_respecting,coverage_band,mid,random_forest [crawl],14.0,0.12081407312565047,0.12163640213541312,1507,36
rho_W5_k3,time_respecting,coverage_band,mid,hist_gradient_boosting [crawl],15.0,0.12322656291336855,0.1241768980354346,1507,36
rho_W5_k3,time_respecting,coverage_band,mid,ridge [crawl],16.0,0.14274508515190626,0.15350312881480008,1507,36
rho_W5_k3,time_respecting,coverage_band,mid,occ_mle,17.0,0.14198646827740427,0.1614839344906049,1507,36
rho_W5_k3,time_respecting,coverage_band,mid,mean_floor,18.0,0.16518510848363663,0.17295935068297305,1507,36
rho_W5_k3,time_respecting,coverage_band,mid,mask_mle,19.0,0.15376911070189472,0.17882701661638192,1507,36
rho_W5_k3,time_respecting,coverage_band,mid,plugin,20.0,0.185861389291557,0.21766313532588688,1507,36
rho_W5_k3,time_respecting,data_block,mechanistic_activity,extra_trees [crawl],1.0,0.02840287551572125,0.02840287551572125,216,6
rho_W5_k3,time_respecting,data_block,mechanistic_activity,random_forest [crawl],2.0,0.034173432289290456,0.034173432289290456,216,6
rho_W5_k3,time_respecting,data_block,mechanistic_activity,extra_trees [combined],3.0,0.03732870949623405,0.03732870949623405,216,6
rho_W5_k3,time_respecting,data_block,mechanistic_activity,random_forest [combined],4.0,0.03765944079664435,0.03765944079664434,216,6
rho_W5_k3,time_respecting,data_block,mechanistic_activity,random_forest [patterns],5.0,0.04321250073760081,0.0432125007376008,216,6
rho_W5_k3,time_respecting,data_block,mechanistic_activity,hist_gradient_boosting [combined],6.0,0.04398172063299339,0.04398172063299339,216,6
rho_W5_k3,time_respecting,data_block,mechanistic_activity,extra_trees [patterns],7.0,0.044348486758465776,0.044348486758465776,216,6
rho_W5_k3,time_respecting,data_block,mechanistic_activity,hist_gradient_boosting [crawl],8.0,0.04892475086739793,0.04892475086739793,216,6
rho_W5_k3,time_respecting,data_block,mechanistic_activity,hist_gradient_boosting [patterns],9.0,0.051866037008775845,0.051866037008775845,216,6
rho_W5_k3,time_respecting,data_block,mechanistic_activity,ridge [combined],10.0,0.07821868726426123,0.07821868726426123,216,6
rho_W5_k3,time_respecting,data_block,mechanistic_activity,mask_mle,11.0,0.09082624998272883,0.09082624998272881,216,6
rho_W5_k3,time_respecting,data_block,mechanistic_activity,extra_trees [occupancy],12.0,0.10753776170103482,0.10753776170103484,216,6
rho_W5_k3,time_respecting,data_block,mechanistic_activity,random_forest [occupancy],13.0,0.11094368601847897,0.11094368601847898,216,6
rho_W5_k3,time_respecting,data_block,mechanistic_activity,ridge [patterns],14.0,0.11472413965231845,0.11472413965231847,216,6
rho_W5_k3,time_respecting,data_block,mechanistic_activity,occ_mle,15.0,0.11507808890775165,0.11507808890775163,216,6
rho_W5_k3,time_respecting,data_block,mechanistic_activity,ridge [crawl],16.0,0.11771881825377613,0.11771881825377613,216,6
rho_W5_k3,time_respecting,data_block,mechanistic_activity,mean_floor,17.0,0.11946756788268903,0.11946756788268902,216,6
rho_W5_k3,time_respecting,data_block,mechanistic_activity,hist_gradient_boosting [occupancy],18.0,0.12056283438090866,0.12056283438090869,216,6
rho_W5_k3,time_respecting,data_block,mechanistic_activity,ridge [occupancy],19.0,0.13846066088337047,0.13846066088337047,216,6
rho_W5_k3,time_respecting,data_block,mechanistic_activity,plugin,20.0,0.1548332702595998,0.1548332702595998,216,6
rho_W5_k3,time_respecting,data_block,mechanistic_dar,extra_trees [combined],1.0,0.08214910029222172,0.08214910029222172,864,12
rho_W5_k3,time_respecting,data_block,mechanistic_dar,random_forest [combined],2.0,0.08270367035760343,0.08270367035760343,864,12
rho_W5_k3,time_respecting,data_block,mechanistic_dar,hist_gradient_boosting [combined],3.0,0.08324843231415979,0.0832484323141598,864,12
rho_W5_k3,time_respecting,data_block,mechanistic_dar,extra_trees [patterns],4.0,0.0857305933549015,0.08573059335490152,864,12
rho_W5_k3,time_respecting,data_block,mechanistic_dar,random_forest [patterns],5.0,0.08665945779073773,0.08665945779073775,864,12
rho_W5_k3,time_respecting,data_block,mechanistic_dar,hist_gradient_boosting [patterns],6.0,0.08769006899271303,0.08769006899271303,864,12
rho_W5_k3,time_respecting,data_block,mechanistic_dar,ridge [combined],7.0,0.12198321540788912,0.1219832154078891,864,12
rho_W5_k3,time_respecting,data_block,mechanistic_dar,ridge [patterns],8.0,0.12811519859603565,0.12811519859603568,864,12
rho_W5_k3,time_respecting,data_block,mechanistic_dar,hist_gradient_boosting [occupancy],9.0,0.1328964125432374,0.1328964125432374,864,12
rho_W5_k3,time_respecting,data_block,mechanistic_dar,random_forest [occupancy],10.0,0.13421263167767647,0.13421263167767647,864,12
rho_W5_k3,time_respecting,data_block,mechanistic_dar,extra_trees [occupancy],11.0,0.135390418670824,0.13539041867082396,864,12
rho_W5_k3,time_respecting,data_block,mechanistic_dar,ridge [occupancy],12.0,0.16070074781205068,0.1607007478120507,864,12
rho_W5_k3,time_respecting,data_block,mechanistic_dar,extra_trees [crawl],13.0,0.1800366077914397,0.1800366077914397,864,12
rho_W5_k3,time_respecting,data_block,mechanistic_dar,hist_gradient_boosting [crawl],14.0,0.19056990395773463,0.19056990395773463,864,12
rho_W5_k3,time_respecting,data_block,mechanistic_dar,random_forest [crawl],15.0,0.19764459126339484,0.19764459126339487,864,12
rho_W5_k3,time_respecting,data_block,mechanistic_dar,ridge [crawl],16.0,0.22832158937756,0.22832158937756,864,12
rho_W5_k3,time_respecting,data_block,mechanistic_dar,mean_floor,17.0,0.2643259343698752,0.26432593436987517,864,12
rho_W5_k3,time_respecting,data_block,mechanistic_dar,occ_mle,18.0,0.31023441286901804,0.31023441286901804,864,12
rho_W5_k3,time_respecting,data_block,mechanistic_dar,mask_mle,19.0,0.34239725723759434,0.3423972572375944,864,12
rho_W5_k3,time_respecting,data_block,mechanistic_dar,plugin,20.0,0.42320150386206995,0.42320150386206995,864,12
rho_W5_k3,time_respecting,data_block,real_controlled,hist_gradient_boosting [patterns],1.0,0.05667090401032298,0.05667090401032298,432,6
rho_W5_k3,time_respecting,data_block,real_controlled,hist_gradient_boosting [combined],2.0,0.06071910605028503,0.06071910605028504,432,6
rho_W5_k3,time_respecting,data_block,real_controlled,extra_trees [occupancy],3.0,0.06253074503256933,0.06253074503256933,432,6
rho_W5_k3,time_respecting,data_block,real_controlled,random_forest [combined],4.0,0.06316494654908256,0.06316494654908256,432,6
rho_W5_k3,time_respecting,data_block,real_controlled,random_forest [patterns],5.0,0.06483385424358877,0.06483385424358877,432,6
rho_W5_k3,time_respecting,data_block,real_controlled,random_forest [occupancy],6.0,0.06495646865269233,0.06495646865269233,432,6
rho_W5_k3,time_respecting,data_block,real_controlled,extra_trees [combined],7.0,0.06891866570839429,0.06891866570839429,432,6
rho_W5_k3,time_respecting,data_block,real_controlled,hist_gradient_boosting [occupancy],8.0,0.06991550373309473,0.06991550373309474,432,6
rho_W5_k3,time_respecting,data_block,real_controlled,extra_trees [patterns],9.0,0.07094809626117517,0.07094809626117517,432,6
rho_W5_k3,time_respecting,data_block,real_controlled,ridge [occupancy],10.0,0.07553454222088224,0.07553454222088224,432,6
rho_W5_k3,time_respecting,data_block,real_controlled,ridge [patterns],11.0,0.07976662164646556,0.07976662164646554,432,6
rho_W5_k3,time_respecting,data_block,real_controlled,mask_mle,12.0,0.08321046008623074,0.08321046008623074,432,6
rho_W5_k3,time_respecting,data_block,real_controlled,occ_mle,13.0,0.08398260528638322,0.08398260528638324,432,6
rho_W5_k3,time_respecting,data_block,real_controlled,ridge [combined],14.0,0.087955064192609,0.08795506419260901,432,6
rho_W5_k3,time_respecting,data_block,real_controlled,plugin,15.0,0.09357815423959118,0.09357815423959119,432,6
rho_W5_k3,time_respecting,data_block,real_controlled,mean_floor,16.0,0.12221123188077655,0.12221123188077658,432,6
rho_W5_k3,time_respecting,data_block,real_controlled,ridge [crawl],17.0,0.12453851425309738,0.12453851425309738,432,6
rho_W5_k3,time_respecting,data_block,real_controlled,extra_trees [crawl],18.0,0.1319252725323182,0.1319252725323182,432,6
rho_W5_k3,time_respecting,data_block,real_controlled,random_forest [crawl],19.0,0.13973755151273323,0.13973755151273323,432,6
rho_W5_k3,time_respecting,data_block,real_controlled,hist_gradient_boosting [crawl],20.0,0.14043563245124624,0.14043563245124624,432,6
rho_W5_k3,time_respecting,data_block,real_empirical,random_forest [combined],1.0,0.08444927708903124,0.08444927708903126,72,6
rho_W5_k3,time_respecting,data_block,real_empirical,hist_gradient_boosting [combined],2.0,0.08519824356988542,0.08519824356988542,72,6
rho_W5_k3,time_respecting,data_block,real_empirical,ridge [combined],3.0,0.0857531768441169,0.08575317684411689,72,6
rho_W5_k3,time_respecting,data_block,real_empirical,extra_trees [combined],4.0,0.08683986928359216,0.08683986928359216,72,6
rho_W5_k3,time_respecting,data_block,real_empirical,random_forest [patterns],5.0,0.09072375515043445,0.09072375515043445,72,6
rho_W5_k3,time_respecting,data_block,real_empirical,hist_gradient_boosting [patterns],6.0,0.09207495592004504,0.09207495592004504,72,6
rho_W5_k3,time_respecting,data_block,real_empirical,extra_trees [patterns],7.0,0.09338520843213605,0.09338520843213605,72,6
rho_W5_k3,time_respecting,data_block,real_empirical,hist_gradient_boosting [crawl],8.0,0.0935324451179787,0.0935324451179787,72,6
rho_W5_k3,time_respecting,data_block,real_empirical,mean_floor,9.0,0.09760506656871656,0.09760506656871658,72,6
rho_W5_k3,time_respecting,data_block,real_empirical,random_forest [crawl],10.0,0.1016862778465261,0.1016862778465261,72,6
rho_W5_k3,time_respecting,data_block,real_empirical,extra_trees [crawl],11.0,0.10490526545294356,0.10490526545294354,72,6
rho_W5_k3,time_respecting,data_block,real_empirical,ridge [crawl],12.0,0.11012531651007872,0.11012531651007872,72,6
rho_W5_k3,time_respecting,data_block,real_empirical,hist_gradient_boosting [occupancy],13.0,0.1101290290944742,0.1101290290944742,72,6
rho_W5_k3,time_respecting,data_block,real_empirical,extra_trees [occupancy],14.0,0.1107556336125864,0.1107556336125864,72,6
rho_W5_k3,time_respecting,data_block,real_empirical,ridge [patterns],15.0,0.11165498532380348,0.11165498532380348,72,6
rho_W5_k3,time_respecting,data_block,real_empirical,random_forest [occupancy],16.0,0.11351925495058908,0.11351925495058908,72,6
rho_W5_k3,time_respecting,data_block,real_empirical,ridge [occupancy],17.0,0.11674591667770454,0.11674591667770455,72,6
rho_W5_k3,time_respecting,data_block,real_empirical,mask_mle,18.0,0.14254768820695615,0.14254768820695615,72,6
rho_W5_k3,time_respecting,data_block,real_empirical,occ_mle,19.0,0.14689405778327422,0.14689405778327422,72,6
rho_W5_k3,time_respecting,data_block,real_empirical,plugin,20.0,0.1728129068979492,0.17281290689794918,72,6
rho_W5_k3,time_respecting,data_block,real_shuffle,hist_gradient_boosting [combined],1.0,0.12059525756908401,0.12059525756908403,216,6
rho_W5_k3,time_respecting,data_block,real_shuffle,extra_trees [combined],2.0,0.12308292400472365,0.12308292400472365,216,6
rho_W5_k3,time_respecting,data_block,real_shuffle,hist_gradient_boosting [patterns],3.0,0.1271093950035523,0.12710939500355234,216,6
rho_W5_k3,time_respecting,data_block,real_shuffle,extra_trees [patterns],4.0,0.13019018143545166,0.1301901814354517,216,6
rho_W5_k3,time_respecting,data_block,real_shuffle,random_forest [combined],5.0,0.1322876253241488,0.1322876253241488,216,6
rho_W5_k3,time_respecting,data_block,real_shuffle,random_forest [patterns],6.0,0.14143268688797767,0.1414326868879777,216,6
rho_W5_k3,time_respecting,data_block,real_shuffle,ridge [combined],7.0,0.1442873627601095,0.14428736276010953,216,6
rho_W5_k3,time_respecting,data_block,real_shuffle,ridge [patterns],8.0,0.17516229930882107,0.1751622993088211,216,6
rho_W5_k3,time_respecting,data_block,real_shuffle,ridge [crawl],9.0,0.18850373892868288,0.18850373892868286,216,6
rho_W5_k3,time_respecting,data_block,real_shuffle,hist_gradient_boosting [occupancy],10.0,0.19267371402001748,0.1926737140200175,216,6
rho_W5_k3,time_respecting,data_block,real_shuffle,ridge [occupancy],11.0,0.1987624973411105,0.19876249734111048,216,6
rho_W5_k3,time_respecting,data_block,real_shuffle,extra_trees [crawl],12.0,0.20194043457313782,0.20194043457313782,216,6
rho_W5_k3,time_respecting,data_block,real_shuffle,hist_gradient_boosting [crawl],13.0,0.20386677291568342,0.20386677291568342,216,6
rho_W5_k3,time_respecting,data_block,real_shuffle,extra_trees [occupancy],14.0,0.21171898740042142,0.21171898740042142,216,6
rho_W5_k3,time_respecting,data_block,real_shuffle,random_forest [crawl],15.0,0.21415817097541753,0.21415817097541753,216,6
rho_W5_k3,time_respecting,data_block,real_shuffle,random_forest [occupancy],16.0,0.21466384954535359,0.21466384954535359,216,6
rho_W5_k3,time_respecting,data_block,real_shuffle,mean_floor,17.0,0.23026408707885515,0.23026408707885518,216,6
rho_W5_k3,time_respecting,data_block,real_shuffle,occ_mle,18.0,0.3405752301858402,0.3405752301858402,216,6
rho_W5_k3,time_respecting,data_block,real_shuffle,mask_mle,19.0,0.3514745987599158,0.3514745987599159,216,6
rho_W5_k3,time_respecting,data_block,real_shuffle,plugin,20.0,0.4311677729925092,0.43116777299250925,216,6
rho_W5_k3,time_respecting,data_block,synthetic_controlled,extra_trees [combined],1.0,0.028307141262091082,0.02830714126209108,1152,12
rho_W5_k3,time_respecting,data_block,synthetic_controlled,random_forest [combined],2.0,0.028661590522976652,0.028661590522976652,1152,12
rho_W5_k3,time_respecting,data_block,synthetic_controlled,hist_gradient_boosting [combined],3.0,0.02873537670784818,0.028735376707848176,1152,12
rho_W5_k3,time_respecting,data_block,synthetic_controlled,random_forest [patterns],4.0,0.030896660319696425,0.030896660319696425,1152,12
rho_W5_k3,time_respecting,data_block,synthetic_controlled,extra_trees [patterns],5.0,0.03121937768088083,0.031219377680880834,1152,12
rho_W5_k3,time_respecting,data_block,synthetic_controlled,hist_gradient_boosting [patterns],6.0,0.03180914927994759,0.03180914927994759,1152,12
rho_W5_k3,time_respecting,data_block,synthetic_controlled,extra_trees [occupancy],7.0,0.04096336990370303,0.040963369903703035,1152,12
rho_W5_k3,time_respecting,data_block,synthetic_controlled,random_forest [occupancy],8.0,0.04100087223378859,0.041000872233788586,1152,12
rho_W5_k3,time_respecting,data_block,synthetic_controlled,hist_gradient_boosting [occupancy],9.0,0.04148343360815833,0.04148343360815832,1152,12
rho_W5_k3,time_respecting,data_block,synthetic_controlled,ridge [combined],10.0,0.04511746986325842,0.04511746986325842,1152,12
rho_W5_k3,time_respecting,data_block,synthetic_controlled,ridge [patterns],11.0,0.0490191681552228,0.04901916815522281,1152,12
rho_W5_k3,time_respecting,data_block,synthetic_controlled,ridge [occupancy],12.0,0.05662743587164227,0.05662743587164227,1152,12
rho_W5_k3,time_respecting,data_block,synthetic_controlled,mask_mle,13.0,0.0607669713249277,0.0607669713249277,1152,12
rho_W5_k3,time_respecting,data_block,synthetic_controlled,extra_trees [crawl],14.0,0.06084495830532009,0.0608449583053201,1152,12
rho_W5_k3,time_respecting,data_block,synthetic_controlled,occ_mle,15.0,0.06164680993141289,0.06164680993141288,1152,12
rho_W5_k3,time_respecting,data_block,synthetic_controlled,random_forest [crawl],16.0,0.06660328777213229,0.06660328777213227,1152,12
rho_W5_k3,time_respecting,data_block,synthetic_controlled,hist_gradient_boosting [crawl],17.0,0.07344786361079161,0.0734478636107916,1152,12
rho_W5_k3,time_respecting,data_block,synthetic_controlled,plugin,18.0,0.07492986468597265,0.07492986468597267,1152,12
rho_W5_k3,time_respecting,data_block,synthetic_controlled,ridge [crawl],19.0,0.10140938389012759,0.10140938389012759,1152,12
rho_W5_k3,time_respecting,data_block,synthetic_controlled,mean_floor,20.0,0.14598283778128407,0.1459828377812841,1152,12
rho_W5_k3,time_respecting,domain,controlled,extra_trees [combined],1.0,0.028307141262091082,0.02830714126209108,1152,12
rho_W5_k3,time_respecting,domain,controlled,random_forest [combined],2.0,0.028661590522976652,0.028661590522976652,1152,12
rho_W5_k3,time_respecting,domain,controlled,hist_gradient_boosting [combined],3.0,0.02873537670784818,0.028735376707848176,1152,12
rho_W5_k3,time_respecting,domain,controlled,random_forest [patterns],4.0,0.030896660319696425,0.030896660319696425,1152,12
rho_W5_k3,time_respecting,domain,controlled,extra_trees [patterns],5.0,0.03121937768088083,0.031219377680880834,1152,12
rho_W5_k3,time_respecting,domain,controlled,hist_gradient_boosting [patterns],6.0,0.03180914927994759,0.03180914927994759,1152,12
rho_W5_k3,time_respecting,domain,controlled,extra_trees [occupancy],7.0,0.04096336990370303,0.040963369903703035,1152,12
rho_W5_k3,time_respecting,domain,controlled,random_forest [occupancy],8.0,0.04100087223378859,0.041000872233788586,1152,12
rho_W5_k3,time_respecting,domain,controlled,hist_gradient_boosting [occupancy],9.0,0.04148343360815833,0.04148343360815832,1152,12
rho_W5_k3,time_respecting,domain,controlled,ridge [combined],10.0,0.04511746986325842,0.04511746986325842,1152,12
rho_W5_k3,time_respecting,domain,controlled,ridge [patterns],11.0,0.0490191681552228,0.04901916815522281,1152,12
rho_W5_k3,time_respecting,domain,controlled,ridge [occupancy],12.0,0.05662743587164227,0.05662743587164227,1152,12
rho_W5_k3,time_respecting,domain,controlled,mask_mle,13.0,0.0607669713249277,0.0607669713249277,1152,12
rho_W5_k3,time_respecting,domain,controlled,extra_trees [crawl],14.0,0.06084495830532009,0.0608449583053201,1152,12
rho_W5_k3,time_respecting,domain,controlled,occ_mle,15.0,0.06164680993141289,0.06164680993141288,1152,12
rho_W5_k3,time_respecting,domain,controlled,random_forest [crawl],16.0,0.06660328777213229,0.06660328777213227,1152,12
rho_W5_k3,time_respecting,domain,controlled,hist_gradient_boosting [crawl],17.0,0.07344786361079161,0.0734478636107916,1152,12
rho_W5_k3,time_respecting,domain,controlled,plugin,18.0,0.07492986468597265,0.07492986468597267,1152,12
rho_W5_k3,time_respecting,domain,controlled,ridge [crawl],19.0,0.10140938389012759,0.10140938389012759,1152,12
rho_W5_k3,time_respecting,domain,controlled,mean_floor,20.0,0.14598283778128407,0.1459828377812841,1152,12
rho_W5_k3,time_respecting,domain,email,extra_trees [occupancy],1.0,0.051373051581855476,0.051373051581855476,120,1
rho_W5_k3,time_respecting,domain,email,random_forest [occupancy],2.0,0.05644977106835032,0.05644977106835033,120,1
rho_W5_k3,time_respecting,domain,email,hist_gradient_boosting [occupancy],3.0,0.05793217507531753,0.05793217507531753,120,1
rho_W5_k3,time_respecting,domain,email,extra_trees [crawl],4.0,0.06596789683154107,0.06596789683154107,120,1
rho_W5_k3,time_respecting,domain,email,ridge [occupancy],5.0,0.06733156976246614,0.06733156976246614,120,1
rho_W5_k3,time_respecting,domain,email,hist_gradient_boosting [crawl],6.0,0.08022988883656644,0.08022988883656643,120,1
rho_W5_k3,time_respecting,domain,email,random_forest [crawl],7.0,0.09352191018416035,0.09352191018416035,120,1
rho_W5_k3,time_respecting,domain,email,ridge [combined],8.0,0.10547293430680815,0.10547293430680815,120,1
rho_W5_k3,time_respecting,domain,email,ridge [crawl],9.0,0.10926460455200789,0.10926460455200789,120,1
rho_W5_k3,time_respecting,domain,email,random_forest [combined],10.0,0.11249567782820744,0.11249567782820744,120,1
rho_W5_k3,time_respecting,domain,email,hist_gradient_boosting [combined],11.0,0.11477927706380277,0.11477927706380277,120,1
rho_W5_k3,time_respecting,domain,email,extra_trees [combined],12.0,0.12406564092525585,0.12406564092525585,120,1
rho_W5_k3,time_respecting,domain,email,random_forest [patterns],13.0,0.12921030718434354,0.12921030718434354,120,1
rho_W5_k3,time_respecting,domain,email,hist_gradient_boosting [patterns],14.0,0.13359282661126942,0.1335928266112694,120,1
rho_W5_k3,time_respecting,domain,email,extra_trees [patterns],15.0,0.13468693526541262,0.13468693526541262,120,1
rho_W5_k3,time_respecting,domain,email,occ_mle,16.0,0.14321239932647095,0.14321239932647095,120,1
rho_W5_k3,time_respecting,domain,email,mask_mle,17.0,0.14984648036016038,0.14984648036016038,120,1
rho_W5_k3,time_respecting,domain,email,mean_floor,18.0,0.16009283003424132,0.16009283003424132,120,1
rho_W5_k3,time_respecting,domain,email,ridge [patterns],19.0,0.18912140873479308,0.1891214087347931,120,1
rho_W5_k3,time_respecting,domain,email,plugin,20.0,0.2285256723512936,0.2285256723512936,120,1
rho_W5_k3,time_respecting,domain,mechanistic,extra_trees [combined],1.0,0.07318502213302416,0.06720897002689251,1080,18
rho_W5_k3,time_respecting,domain,mechanistic,random_forest [combined],2.0,0.0736948244454116,0.06768892717061706,1080,18
rho_W5_k3,time_respecting,domain,mechanistic,hist_gradient_boosting [combined],3.0,0.07539508997792652,0.07015952842043766,1080,18
rho_W5_k3,time_respecting,domain,mechanistic,extra_trees [patterns],4.0,0.07745417203561436,0.07193655782275626,1080,18
rho_W5_k3,time_respecting,domain,mechanistic,random_forest [patterns],5.0,0.07797006638011036,0.07217713877302542,1080,18
rho_W5_k3,time_respecting,domain,mechanistic,hist_gradient_boosting [patterns],6.0,0.08052526259592559,0.07574872499806733,1080,18
rho_W5_k3,time_respecting,domain,mechanistic,ridge [combined],7.0,0.11323030977916354,0.10739503936001316,1080,18
rho_W5_k3,time_respecting,domain,mechanistic,ridge [patterns],8.0,0.12543698680729223,0.12365151228146326,1080,18
rho_W5_k3,time_respecting,domain,mechanistic,extra_trees [occupancy],9.0,0.12981988727686616,0.12610619968089426,1080,18
rho_W5_k3,time_respecting,domain,mechanistic,random_forest [occupancy],10.0,0.12955884254583697,0.12645631645794397,1080,18
rho_W5_k3,time_respecting,domain,mechanistic,hist_gradient_boosting [occupancy],11.0,0.13042969691077164,0.12878521982246116,1080,18
rho_W5_k3,time_respecting,domain,mechanistic,extra_trees [crawl],12.0,0.14970986133629602,0.12949203036620024,1080,18
rho_W5_k3,time_respecting,domain,mechanistic,random_forest [crawl],13.0,0.16495035946857398,0.14315420493869338,1080,18
rho_W5_k3,time_respecting,domain,mechanistic,hist_gradient_boosting [crawl],14.0,0.16224087333966733,0.1433548529276224,1080,18
rho_W5_k3,time_respecting,domain,mechanistic,ridge [occupancy],15.0,0.15625273042631468,0.15328738550249063,1080,18
rho_W5_k3,time_respecting,domain,mechanistic,ridge [crawl],16.0,0.20620103515280322,0.1914539990029654,1080,18
rho_W5_k3,time_respecting,domain,mechanistic,mean_floor,17.0,0.23535426107243798,0.2160398122074798,1080,18
rho_W5_k3,time_respecting,domain,mechanistic,occ_mle,18.0,0.27120314807676477,0.24518230488192927,1080,18
rho_W5_k3,time_respecting,domain,mechanistic,mask_mle,19.0,0.2920830557866212,0.25854025481930587,1080,18
rho_W5_k3,time_respecting,domain,mechanistic,plugin,20.0,0.36952785714157593,0.33374542599457985,1080,18
rho_W5_k3,time_respecting,domain,messaging,hist_gradient_boosting [patterns],1.0,0.04681277650687433,0.04681277650687432,120,1
rho_W5_k3,time_respecting,domain,messaging,hist_gradient_boosting [combined],2.0,0.051367409490583354,0.05136740949058335,120,1
rho_W5_k3,time_respecting,domain,messaging,random_forest [combined],3.0,0.05208421604817538,0.05208421604817538,120,1
rho_W5_k3,time_respecting,domain,messaging,random_forest [patterns],4.0,0.05707808788101278,0.057078087881012776,120,1
rho_W5_k3,time_respecting,domain,messaging,mask_mle,5.0,0.05900819241399328,0.05900819241399328,120,1
rho_W5_k3,time_respecting,domain,messaging,extra_trees [combined],6.0,0.05973972745762444,0.05973972745762444,120,1
rho_W5_k3,time_respecting,domain,messaging,extra_trees [patterns],7.0,0.0678378937210631,0.0678378937210631,120,1
rho_W5_k3,time_respecting,domain,messaging,occ_mle,8.0,0.08459922019511464,0.08459922019511462,120,1
rho_W5_k3,time_respecting,domain,messaging,ridge [combined],9.0,0.08721866585221696,0.08721866585221698,120,1
rho_W5_k3,time_respecting,domain,messaging,ridge [crawl],10.0,0.08808452302026556,0.08808452302026556,120,1
rho_W5_k3,time_respecting,domain,messaging,ridge [patterns],11.0,0.09041040274495658,0.09041040274495658,120,1
rho_W5_k3,time_respecting,domain,messaging,plugin,12.0,0.11069640864489519,0.11069640864489519,120,1
rho_W5_k3,time_respecting,domain,messaging,hist_gradient_boosting [crawl],13.0,0.11314444284992303,0.11314444284992303,120,1
rho_W5_k3,time_respecting,domain,messaging,mean_floor,14.0,0.115706885643181,0.11570688564318102,120,1
rho_W5_k3,time_respecting,domain,messaging,extra_trees [crawl],15.0,0.1315988399605855,0.1315988399605855,120,1
rho_W5_k3,time_respecting,domain,messaging,random_forest [crawl],16.0,0.14840715091570192,0.14840715091570192,120,1
rho_W5_k3,time_respecting,domain,messaging,extra_trees [occupancy],17.0,0.16771778346097263,0.1677177834609726,120,1
rho_W5_k3,time_respecting,domain,messaging,hist_gradient_boosting [occupancy],18.0,0.171050604872849,0.17105060487284898,120,1
rho_W5_k3,time_respecting,domain,messaging,random_forest [occupancy],19.0,0.17365517460724897,0.17365517460724897,120,1
rho_W5_k3,time_respecting,domain,messaging,ridge [occupancy],20.0,0.18336213832607967,0.18336213832607967,120,1
rho_W5_k3,time_respecting,domain,proximity,hist_gradient_boosting [patterns],1.0,0.07691288396936005,0.07691288396936005,480,4
rho_W5_k3,time_respecting,domain,proximity,hist_gradient_boosting [combined],2.0,0.08015812624823064,0.08015812624823063,480,4
rho_W5_k3,time_respecting,domain,proximity,extra_trees [combined],3.0,0.08448875323649926,0.08448875323649926,480,4
rho_W5_k3,time_respecting,domain,proximity,extra_trees [patterns],4.0,0.08581544229921238,0.08581544229921238,480,4
rho_W5_k3,time_respecting,domain,proximity,random_forest [combined],5.0,0.08790030138430024,0.08790030138430023,480,4
rho_W5_k3,time_respecting,domain,proximity,random_forest [patterns],6.0,0.08903164242504594,0.08903164242504594,480,4
rho_W5_k3,time_respecting,domain,proximity,ridge [patterns],7.0,0.0974782890994216,0.09747828909942158,480,4
rho_W5_k3,time_respecting,domain,proximity,ridge [combined],8.0,0.10877894750225862,0.10877894750225864,480,4
rho_W5_k3,time_respecting,domain,proximity,hist_gradient_boosting [occupancy],9.0,0.10890078404592263,0.10890078404592263,480,4
rho_W5_k3,time_respecting,domain,proximity,ridge [occupancy],10.0,0.11226267228181296,0.11226267228181297,480,4
rho_W5_k3,time_respecting,domain,proximity,extra_trees [occupancy],11.0,0.11339185114068298,0.11339185114068298,480,4
rho_W5_k3,time_respecting,domain,proximity,random_forest [occupancy],12.0,0.11456120590652077,0.11456120590652077,480,4
rho_W5_k3,time_respecting,domain,proximity,mean_floor,13.0,0.15929977894413566,0.15929977894413563,480,4
rho_W5_k3,time_respecting,domain,proximity,ridge [crawl],14.0,0.16409286092913836,0.16409286092913838,480,4
rho_W5_k3,time_respecting,domain,proximity,extra_trees [crawl],15.0,0.1759500464569083,0.1759500464569083,480,4
rho_W5_k3,time_respecting,domain,proximity,random_forest [crawl],16.0,0.17690564970241113,0.17690564970241113,480,4
rho_W5_k3,time_respecting,domain,proximity,hist_gradient_boosting [crawl],17.0,0.18381840086425355,0.18381840086425358,480,4
rho_W5_k3,time_respecting,domain,proximity,occ_mle,18.0,0.19392440212846776,0.19392440212846776,480,4
rho_W5_k3,time_respecting,domain,proximity,mask_mle,19.0,0.20222146855707476,0.2022214685570748,480,4
rho_W5_k3,time_respecting,domain,proximity,plugin,20.0,0.2193622524479064,0.21936225244790641,480,4
rho_W5_k3,time_respecting,overall,all,extra_trees [combined],1.0,0.059031468969193875,0.05753354269327877,2952,36
rho_W5_k3,time_respecting,overall,all,random_forest [combined],2.0,0.05912950359523837,0.05773669096556696,2952,36
rho_W5_k3,time_respecting,overall,all,hist_gradient_boosting [combined],3.0,0.058585147062763805,0.05817986732248234,2952,36
rho_W5_k3,time_respecting,overall,all,random_forest [patterns],4.0,0.0626322561486024,0.06145453851434319,2952,36
rho_W5_k3,time_respecting,overall,all,extra_trees [patterns],5.0,0.06270651106667928,0.06153547697676412,2952,36
rho_W5_k3,time_respecting,overall,all,hist_gradient_boosting [patterns],6.0,0.061713509570992336,0.06203455500889351,2952,36
rho_W5_k3,time_respecting,overall,all,ridge [combined],7.0,0.08455316621413872,0.0861757704724277,2952,36
rho_W5_k3,time_respecting,overall,all,extra_trees [occupancy],8.0,0.09082461691759774,0.09539250757516923,2952,36
rho_W5_k3,time_respecting,overall,all,random_forest [occupancy],9.0,0.09138161486417015,0.09601594256528159,2952,36
rho_W5_k3,time_respecting,overall,all,hist_gradient_boosting [occupancy],10.0,0.09092252646207812,0.0966811410065016,2952,36
rho_W5_k3,time_respecting,overall,all,ridge [patterns],11.0,0.0922342220907807,0.09676117241129022,2952,36
rho_W5_k3,time_respecting,overall,all,extra_trees [crawl],12.0,0.11515720627550799,0.11006563802431125,2952,36
rho_W5_k3,time_respecting,overall,all,ridge [occupancy],13.0,0.10770903883822745,0.1149568490755649,2952,36
rho_W5_k3,time_respecting,overall,all,random_forest [crawl],14.0,0.12493888039590012,0.12015463339087712,2952,36
rho_W5_k3,time_respecting,overall,all,hist_gradient_boosting [crawl],15.0,0.12576891405951662,0.12195582364361687,2952,36
rho_W5_k3,time_respecting,overall,all,ridge [crawl],16.0,0.14971788508167808,0.15324458777843708,2952,36
rho_W5_k3,time_respecting,overall,all,occ_mle,17.0,0.1640710136612969,0.1710153454190872,2952,36
rho_W5_k3,time_respecting,overall,all,mask_mle,18.0,0.17194516153664025,0.17779635526803028,2952,36
rho_W5_k3,time_respecting,overall,all,mean_floor,19.0,0.18018790340675747,0.1820419306823336,2952,36
rho_W5_k3,time_respecting,overall,all,plugin,20.0,0.2138922156929811,0.22564575374783125,2952,36
rho_W5_k4,recency_biased,budget,100,hist_gradient_boosting [combined],1.0,0.0765502283256144,0.08069722550522035,738,36
rho_W5_k4,recency_biased,budget,100,extra_trees [combined],2.0,0.07947518539424739,0.08484684196549964,738,36
rho_W5_k4,recency_biased,budget,100,random_forest [combined],3.0,0.08189215611392975,0.08810515152181465,738,36
rho_W5_k4,recency_biased,budget,100,extra_trees [patterns],4.0,0.0855807963421111,0.09319417314281467,738,36
rho_W5_k4,recency_biased,budget,100,random_forest [patterns],5.0,0.08582043957677073,0.09329190779200015,738,36
rho_W5_k4,recency_biased,budget,100,hist_gradient_boosting [patterns],6.0,0.08607225631997571,0.09385915081263031,738,36
rho_W5_k4,recency_biased,budget,100,hist_gradient_boosting [occupancy],7.0,0.08550314995146602,0.09611496856027262,738,36
rho_W5_k4,recency_biased,budget,100,ridge [combined],8.0,0.09724290909113192,0.10055300761223235,738,36
rho_W5_k4,recency_biased,budget,100,random_forest [occupancy],9.0,0.09032698754498167,0.10152616027820854,738,36
rho_W5_k4,recency_biased,budget,100,extra_trees [occupancy],10.0,0.09138118397815632,0.10240121193883796,738,36
rho_W5_k4,recency_biased,budget,100,ridge [patterns],11.0,0.09992627932460608,0.10830712406324157,738,36
rho_W5_k4,recency_biased,budget,100,ridge [occupancy],12.0,0.10189198773633783,0.11335184593142666,738,36
rho_W5_k4,recency_biased,budget,100,extra_trees [crawl],13.0,0.11975585242481364,0.11838659631978815,738,36
rho_W5_k4,recency_biased,budget,100,random_forest [crawl],14.0,0.12261468339266364,0.12042527145906967,738,36
rho_W5_k4,recency_biased,budget,100,hist_gradient_boosting [crawl],15.0,0.12168273456327368,0.12143358135961416,738,36
rho_W5_k4,recency_biased,budget,100,mask_mle,16.0,0.1255844632031018,0.13654426437978745,738,36
rho_W5_k4,recency_biased,budget,100,plugin,17.0,0.1273609318623907,0.13662178357406174,738,36
rho_W5_k4,recency_biased,budget,100,occ_mle,18.0,0.12145335580900884,0.1386907682988317,738,36
rho_W5_k4,recency_biased,budget,100,ridge [crawl],19.0,0.1443457770258999,0.14333819744818457,738,36
rho_W5_k4,recency_biased,budget,100,mean_floor,20.0,0.14435398871263422,0.14499294242675753,738,36
rho_W5_k4,recency_biased,budget,1600,extra_trees [combined],1.0,0.028513568079468737,0.027456021394896155,738,36
rho_W5_k4,recency_biased,budget,1600,random_forest [combined],2.0,0.028388093198009036,0.02752669992929874,738,36
rho_W5_k4,recency_biased,budget,1600,random_forest [patterns],3.0,0.03157416507954444,0.030822611361564174,738,36
rho_W5_k4,recency_biased,budget,1600,hist_gradient_boosting [combined],4.0,0.03216233263704411,0.03145231887884913,738,36
rho_W5_k4,recency_biased,budget,1600,extra_trees [patterns],5.0,0.031871050582849746,0.03145710015009342,738,36
rho_W5_k4,recency_biased,budget,1600,hist_gradient_boosting [patterns],6.0,0.034906622241070315,0.03423043228063724,738,36
rho_W5_k4,recency_biased,budget,1600,random_forest [occupancy],7.0,0.04369249178535456,0.046381983641939066,738,36
rho_W5_k4,recency_biased,budget,1600,extra_trees [occupancy],8.0,0.04502723916516637,0.04775659866284853,738,36
rho_W5_k4,recency_biased,budget,1600,hist_gradient_boosting [occupancy],9.0,0.048501233826755814,0.052948444114786226,738,36
rho_W5_k4,recency_biased,budget,1600,ridge [combined],10.0,0.06069883074092561,0.06299844354801419,738,36
rho_W5_k4,recency_biased,budget,1600,extra_trees [crawl],11.0,0.07441135850013819,0.06784161210288896,738,36
rho_W5_k4,recency_biased,budget,1600,ridge [patterns],12.0,0.06540418272407088,0.07270777617671499,738,36
rho_W5_k4,recency_biased,budget,1600,hist_gradient_boosting [crawl],13.0,0.07812942573016037,0.0741343715776262,738,36
rho_W5_k4,recency_biased,budget,1600,random_forest [crawl],14.0,0.08206385057093428,0.0772691616883272,738,36
rho_W5_k4,recency_biased,budget,1600,ridge [occupancy],15.0,0.07272164374469062,0.07997661408051528,738,36
rho_W5_k4,recency_biased,budget,1600,occ_mle,16.0,0.08055943699270905,0.08393439480940522,738,36
rho_W5_k4,recency_biased,budget,1600,mask_mle,17.0,0.0896625296687391,0.09311772488550389,738,36
rho_W5_k4,recency_biased,budget,1600,ridge [crawl],18.0,0.10648319667652749,0.10852660120147452,738,36
rho_W5_k4,recency_biased,budget,1600,plugin,19.0,0.12444682226115211,0.13351428102002438,738,36
rho_W5_k4,recency_biased,budget,1600,mean_floor,20.0,0.14435398871263422,0.14499294242675753,738,36
rho_W5_k4,recency_biased,budget,3200,extra_trees [combined],1.0,0.024343873034173794,0.02187591808266913,738,36
rho_W5_k4,recency_biased,budget,3200,random_forest [combined],2.0,0.024514802689116384,0.02286413271727676,738,36
rho_W5_k4,recency_biased,budget,3200,extra_trees [patterns],3.0,0.025535901305650643,0.0232205107008174,738,36
rho_W5_k4,recency_biased,budget,3200,hist_gradient_boosting [combined],4.0,0.027378339942531596,0.02536989149605389,738,36
rho_W5_k4,recency_biased,budget,3200,random_forest [patterns],5.0,0.02727064436271368,0.025454460473828478,738,36
rho_W5_k4,recency_biased,budget,3200,hist_gradient_boosting [patterns],6.0,0.030117710550457904,0.0283265072936528,738,36
rho_W5_k4,recency_biased,budget,3200,extra_trees [occupancy],7.0,0.03576624790958167,0.03500039038462471,738,36
rho_W5_k4,recency_biased,budget,3200,random_forest [occupancy],8.0,0.03732234319145809,0.03623326822104906,738,36
rho_W5_k4,recency_biased,budget,3200,hist_gradient_boosting [occupancy],9.0,0.03894602117740559,0.038905739654037735,738,36
rho_W5_k4,recency_biased,budget,3200,extra_trees [crawl],10.0,0.06362979784709907,0.056064902424136163,738,36
rho_W5_k4,recency_biased,budget,3200,ridge [patterns],11.0,0.06182720982590092,0.06529505927690807,738,36
rho_W5_k4,recency_biased,budget,3200,ridge [occupancy],12.0,0.06404303836905843,0.06745658514810939,738,36
rho_W5_k4,recency_biased,budget,3200,hist_gradient_boosting [crawl],13.0,0.07296058451745234,0.06853325679548844,738,36
rho_W5_k4,recency_biased,budget,3200,ridge [combined],14.0,0.07028025002895474,0.06937200281818369,738,36
rho_W5_k4,recency_biased,budget,3200,random_forest [crawl],15.0,0.07809577973782053,0.07175671975876467,738,36
rho_W5_k4,recency_biased,budget,3200,occ_mle,16.0,0.0712312695376622,0.07428981326543849,738,36
rho_W5_k4,recency_biased,budget,3200,mask_mle,17.0,0.07627420864856298,0.07967692567575886,738,36
rho_W5_k4,recency_biased,budget,3200,ridge [crawl],18.0,0.11989834552928652,0.12116487468525888,738,36
rho_W5_k4,recency_biased,budget,3200,plugin,19.0,0.11984175891897068,0.12846194622517604,738,36
rho_W5_k4,recency_biased,budget,3200,mean_floor,20.0,0.14435398871263422,0.14499294242675753,738,36
rho_W5_k4,recency_biased,budget,400,hist_gradient_boosting [combined],1.0,0.050603699803923985,0.053764736216030416,738,36
rho_W5_k4,recency_biased,budget,400,random_forest [combined],2.0,0.052663612812449294,0.05599250152955352,738,36
rho_W5_k4,recency_biased,budget,400,extra_trees [combined],3.0,0.05291124645710671,0.05637085237183954,738,36
rho_W5_k4,recency_biased,budget,400,random_forest [patterns],4.0,0.056741684369070414,0.061424161520986474,738,36
rho_W5_k4,recency_biased,budget,400,hist_gradient_boosting [patterns],5.0,0.05780357368080742,0.06304195983112569,738,36
rho_W5_k4,recency_biased,budget,400,extra_trees [patterns],6.0,0.05795436214597415,0.06375501984582137,738,36
rho_W5_k4,recency_biased,budget,400,ridge [combined],7.0,0.07531667308218627,0.07950103648081887,738,36
rho_W5_k4,recency_biased,budget,400,random_forest [occupancy],8.0,0.07014644187871068,0.08030565325736311,738,36
rho_W5_k4,recency_biased,budget,400,hist_gradient_boosting [occupancy],9.0,0.07017240686706029,0.08111675474443909,738,36
rho_W5_k4,recency_biased,budget,400,extra_trees [occupancy],10.0,0.0707945935838022,0.08143325034965603,738,36
rho_W5_k4,recency_biased,budget,400,ridge [patterns],11.0,0.08342940417987316,0.09286542093959065,738,36
rho_W5_k4,recency_biased,budget,400,ridge [occupancy],12.0,0.08725770448516146,0.098394792581975,738,36
rho_W5_k4,recency_biased,budget,400,extra_trees [crawl],13.0,0.1044654335462196,0.10149499930663325,738,36
rho_W5_k4,recency_biased,budget,400,hist_gradient_boosting [crawl],14.0,0.10509389302953018,0.101677440691026,738,36
rho_W5_k4,recency_biased,budget,400,random_forest [crawl],15.0,0.10584810006084557,0.10349202544603477,738,36
rho_W5_k4,recency_biased,budget,400,occ_mle,16.0,0.09703241714058286,0.10506119097833058,738,36
rho_W5_k4,recency_biased,budget,400,mask_mle,17.0,0.11305516245996482,0.11941873355162776,738,36
rho_W5_k4,recency_biased,budget,400,ridge [crawl],18.0,0.13125379535440598,0.13164144105780476,738,36
rho_W5_k4,recency_biased,budget,400,plugin,19.0,0.12688562554499938,0.1361040071387512,738,36
rho_W5_k4,recency_biased,budget,400,mean_floor,20.0,0.14435398871263422,0.14499294242675753,738,36
rho_W5_k4,recency_biased,coverage_band,high(>.15),random_forest [combined],1.0,0.029556942428129163,0.023777725599126304,1074,34
rho_W5_k4,recency_biased,coverage_band,high(>.15),extra_trees [combined],2.0,0.029310276648679193,0.023923765782353907,1074,34
rho_W5_k4,recency_biased,coverage_band,high(>.15),extra_trees [patterns],3.0,0.03119366676516454,0.02694111882899024,1074,34
rho_W5_k4,recency_biased,coverage_band,high(>.15),random_forest [patterns],4.0,0.031787983461581536,0.02697271281876692,1074,34
rho_W5_k4,recency_biased,coverage_band,high(>.15),hist_gradient_boosting [combined],5.0,0.03241729198793247,0.027520685982484368,1074,34
rho_W5_k4,recency_biased,coverage_band,high(>.15),hist_gradient_boosting [patterns],6.0,0.03389932738955998,0.029920303730031385,1074,34
rho_W5_k4,recency_biased,coverage_band,high(>.15),random_forest [occupancy],7.0,0.043335603778347234,0.04690021597175557,1074,34
rho_W5_k4,recency_biased,coverage_band,high(>.15),extra_trees [occupancy],8.0,0.04360620231550051,0.04804928468345337,1074,34
rho_W5_k4,recency_biased,coverage_band,high(>.15),hist_gradient_boosting [occupancy],9.0,0.04599722002087895,0.051805800285625654,1074,34
rho_W5_k4,recency_biased,coverage_band,high(>.15),extra_trees [crawl],10.0,0.07564716863252317,0.0649390437000412,1074,34
rho_W5_k4,recency_biased,coverage_band,high(>.15),ridge [combined],11.0,0.07750927051377815,0.07472492555761365,1074,34
rho_W5_k4,recency_biased,coverage_band,high(>.15),ridge [patterns],12.0,0.07087254602195671,0.07967406598502802,1074,34
rho_W5_k4,recency_biased,coverage_band,high(>.15),hist_gradient_boosting [crawl],13.0,0.0901864768679856,0.07982789260514006,1074,34
rho_W5_k4,recency_biased,coverage_band,high(>.15),random_forest [crawl],14.0,0.09175437623836451,0.08100117965362037,1074,34
rho_W5_k4,recency_biased,coverage_band,high(>.15),ridge [occupancy],15.0,0.07859100574801131,0.0874731041689778,1074,34
rho_W5_k4,recency_biased,coverage_band,high(>.15),occ_mle,16.0,0.09481354419245562,0.09809032380232718,1074,34
rho_W5_k4,recency_biased,coverage_band,high(>.15),mask_mle,17.0,0.10459842309041643,0.10715837071697525,1074,34
rho_W5_k4,recency_biased,coverage_band,high(>.15),ridge [crawl],18.0,0.1387941892416604,0.1343711215738482,1074,34
rho_W5_k4,recency_biased,coverage_band,high(>.15),mean_floor,19.0,0.16749828292384505,0.1599920590225936,1074,34
rho_W5_k4,recency_biased,coverage_band,high(>.15),plugin,20.0,0.1569339290425165,0.160820376455803,1074,34
rho_W5_k4,recency_biased,coverage_band,low(<.02),hist_gradient_boosting [combined],1.0,0.07536760130591695,0.06958512741771984,467,26
rho_W5_k4,recency_biased,coverage_band,low(<.02),extra_trees [combined],2.0,0.07675480776926434,0.0718883400848176,467,26
rho_W5_k4,recency_biased,coverage_band,low(<.02),random_forest [combined],3.0,0.07756044377597097,0.07433156626582228,467,26
rho_W5_k4,recency_biased,coverage_band,low(<.02),random_forest [patterns],4.0,0.08199694944211412,0.07704576687189592,467,26
rho_W5_k4,recency_biased,coverage_band,low(<.02),extra_trees [patterns],5.0,0.08178413324993525,0.07822861547904074,467,26
rho_W5_k4,recency_biased,coverage_band,low(<.02),hist_gradient_boosting [patterns],6.0,0.08579360624583313,0.08296077760909394,467,26
rho_W5_k4,recency_biased,coverage_band,low(<.02),ridge [combined],7.0,0.08928645004804031,0.08324242523892161,467,26
rho_W5_k4,recency_biased,coverage_band,low(<.02),hist_gradient_boosting [occupancy],8.0,0.08506458020297163,0.08448595343022153,467,26
rho_W5_k4,recency_biased,coverage_band,low(<.02),extra_trees [occupancy],9.0,0.089407539816451,0.08535148676185621,467,26
rho_W5_k4,recency_biased,coverage_band,low(<.02),random_forest [occupancy],10.0,0.08854403708910186,0.08670807528186605,467,26
rho_W5_k4,recency_biased,coverage_band,low(<.02),ridge [patterns],11.0,0.09566997367656314,0.08864317743443516,467,26
rho_W5_k4,recency_biased,coverage_band,low(<.02),ridge [occupancy],12.0,0.09554828889701862,0.0927149421108022,467,26
rho_W5_k4,recency_biased,coverage_band,low(<.02),plugin,13.0,0.10997682305493242,0.09852416702547788,467,26
rho_W5_k4,recency_biased,coverage_band,low(<.02),mask_mle,14.0,0.10881568262756215,0.09964881307466225,467,26
rho_W5_k4,recency_biased,coverage_band,low(<.02),occ_mle,15.0,0.10813624129084164,0.10083748377581887,467,26
rho_W5_k4,recency_biased,coverage_band,low(<.02),hist_gradient_boosting [crawl],16.0,0.11033999506533489,0.10584200930064244,467,26
rho_W5_k4,recency_biased,coverage_band,low(<.02),extra_trees [crawl],17.0,0.11289484906483437,0.10905623467933635,467,26
rho_W5_k4,recency_biased,coverage_band,low(<.02),random_forest [crawl],18.0,0.1158802464703501,0.11285062811290793,467,26
rho_W5_k4,recency_biased,coverage_band,low(<.02),mean_floor,19.0,0.1261878696820753,0.11825595532957033,467,26
rho_W5_k4,recency_biased,coverage_band,low(<.02),ridge [crawl],20.0,0.12661337486895158,0.12068848901990797,467,26
rho_W5_k4,recency_biased,coverage_band,mid,hist_gradient_boosting [combined],1.0,0.048028188460966334,0.05550448947346275,1411,36
rho_W5_k4,recency_biased,coverage_band,mid,extra_trees [combined],2.0,0.04917522742681758,0.057786175688863524,1411,36
rho_W5_k4,recency_biased,coverage_band,mid,random_forest [combined],3.0,0.04987924253804189,0.05904865181747392,1411,36
rho_W5_k4,recency_biased,coverage_band,mid,random_forest [patterns],4.0,0.05400811283714485,0.06416943385499972,1411,36
rho_W5_k4,recency_biased,coverage_band,mid,hist_gradient_boosting [patterns],5.0,0.05506366293942898,0.06516423220816257,1411,36
rho_W5_k4,recency_biased,coverage_band,mid,extra_trees [patterns],6.0,0.05428780235606926,0.06527015304234933,1411,36
rho_W5_k4,recency_biased,coverage_band,mid,hist_gradient_boosting [occupancy],7.0,0.0639960750304265,0.07773406559248877,1411,36
rho_W5_k4,recency_biased,coverage_band,mid,random_forest [occupancy],8.0,0.06401547508789311,0.07805000215744516,1411,36
rho_W5_k4,recency_biased,coverage_band,mid,extra_trees [occupancy],9.0,0.06429832382761111,0.07841195776537084,1411,36
rho_W5_k4,recency_biased,coverage_band,mid,ridge [combined],10.0,0.07021247664624236,0.08041998851844194,1411,36
rho_W5_k4,recency_biased,coverage_band,mid,ridge [patterns],11.0,0.07683789510534966,0.09146901427905779,1411,36
rho_W5_k4,recency_biased,coverage_band,mid,ridge [occupancy],12.0,0.07901985625169486,0.0952089962465903,1411,36
rho_W5_k4,recency_biased,coverage_band,mid,extra_trees [crawl],13.0,0.09453063699948697,0.09537001597676988,1411,36
rho_W5_k4,recency_biased,coverage_band,mid,hist_gradient_boosting [crawl],14.0,0.09247096022289121,0.09598651781788431,1411,36
rho_W5_k4,recency_biased,coverage_band,mid,random_forest [crawl],15.0,0.09506950118702613,0.09767800298091033,1411,36
rho_W5_k4,recency_biased,coverage_band,mid,occ_mle,16.0,0.08570848384882516,0.10545211189839213,1411,36
rho_W5_k4,recency_biased,coverage_band,mid,mask_mle,17.0,0.09597570973163239,0.11618405492050554,1411,36
rho_W5_k4,recency_biased,coverage_band,mid,ridge [crawl],18.0,0.11500259195975399,0.12469099739285215,1411,36
rho_W5_k4,recency_biased,coverage_band,mid,plugin,19.0,0.1048991609633369,0.1259504800388013,1411,36
rho_W5_k4,recency_biased,coverage_band,mid,mean_floor,20.0,0.1327498821247041,0.14038283534330884,1411,36
rho_W5_k4,recency_biased,data_block,mechanistic_activity,extra_trees [crawl],1.0,0.01889784528284239,0.018897845282842385,216,6
rho_W5_k4,recency_biased,data_block,mechanistic_activity,random_forest [crawl],2.0,0.021748733836285793,0.021748733836285793,216,6
rho_W5_k4,recency_biased,data_block,mechanistic_activity,hist_gradient_boosting [crawl],3.0,0.029041419803419906,0.029041419803419902,216,6
rho_W5_k4,recency_biased,data_block,mechanistic_activity,hist_gradient_boosting [combined],4.0,0.03266513622594459,0.03266513622594459,216,6
rho_W5_k4,recency_biased,data_block,mechanistic_activity,extra_trees [combined],5.0,0.034279433290051925,0.034279433290051925,216,6
rho_W5_k4,recency_biased,data_block,mechanistic_activity,random_forest [combined],6.0,0.03706782958913987,0.03706782958913987,216,6
rho_W5_k4,recency_biased,data_block,mechanistic_activity,random_forest [patterns],7.0,0.04704320264842757,0.04704320264842757,216,6
rho_W5_k4,recency_biased,data_block,mechanistic_activity,extra_trees [patterns],8.0,0.049857702184586676,0.049857702184586676,216,6
rho_W5_k4,recency_biased,data_block,mechanistic_activity,mask_mle,9.0,0.05231748267638664,0.05231748267638665,216,6
rho_W5_k4,recency_biased,data_block,mechanistic_activity,hist_gradient_boosting [patterns],10.0,0.053928266738264244,0.05392826673826425,216,6
rho_W5_k4,recency_biased,data_block,mechanistic_activity,ridge [crawl],11.0,0.06533438723004484,0.06533438723004484,216,6
rho_W5_k4,recency_biased,data_block,mechanistic_activity,ridge [combined],12.0,0.06698941845988983,0.06698941845988984,216,6
rho_W5_k4,recency_biased,data_block,mechanistic_activity,plugin,13.0,0.07401570250147461,0.07401570250147461,216,6
rho_W5_k4,recency_biased,data_block,mechanistic_activity,mean_floor,14.0,0.07685841851695017,0.07685841851695017,216,6
rho_W5_k4,recency_biased,data_block,mechanistic_activity,random_forest [occupancy],15.0,0.08672079241017669,0.08672079241017668,216,6
rho_W5_k4,recency_biased,data_block,mechanistic_activity,extra_trees [occupancy],16.0,0.09002185882818667,0.09002185882818668,216,6
rho_W5_k4,recency_biased,data_block,mechanistic_activity,occ_mle,17.0,0.09385108170803556,0.09385108170803556,216,6
rho_W5_k4,recency_biased,data_block,mechanistic_activity,hist_gradient_boosting [occupancy],18.0,0.0957943716822948,0.09579437168229481,216,6
rho_W5_k4,recency_biased,data_block,mechanistic_activity,ridge [patterns],19.0,0.1052682365681625,0.10526823656816249,216,6
rho_W5_k4,recency_biased,data_block,mechanistic_activity,ridge [occupancy],20.0,0.11901668207588331,0.11901668207588334,216,6
rho_W5_k4,recency_biased,data_block,mechanistic_dar,extra_trees [combined],1.0,0.08471039219861715,0.08471039219861715,864,12
rho_W5_k4,recency_biased,data_block,mechanistic_dar,hist_gradient_boosting [combined],2.0,0.08483005406627105,0.08483005406627103,864,12
rho_W5_k4,recency_biased,data_block,mechanistic_dar,random_forest [combined],3.0,0.08647877619130234,0.08647877619130234,864,12
rho_W5_k4,recency_biased,data_block,mechanistic_dar,extra_trees [patterns],4.0,0.0899733938155204,0.0899733938155204,864,12
rho_W5_k4,recency_biased,data_block,mechanistic_dar,hist_gradient_boosting [patterns],5.0,0.09008704510451306,0.09008704510451306,864,12
rho_W5_k4,recency_biased,data_block,mechanistic_dar,random_forest [patterns],6.0,0.09043084297440705,0.09043084297440705,864,12
rho_W5_k4,recency_biased,data_block,mechanistic_dar,hist_gradient_boosting [occupancy],7.0,0.10146172261691476,0.10146172261691473,864,12
rho_W5_k4,recency_biased,data_block,mechanistic_dar,extra_trees [occupancy],8.0,0.10279453212013279,0.10279453212013279,864,12
rho_W5_k4,recency_biased,data_block,mechanistic_dar,random_forest [occupancy],9.0,0.10347784903124092,0.10347784903124091,864,12
rho_W5_k4,recency_biased,data_block,mechanistic_dar,ridge [combined],10.0,0.1250786070669956,0.1250786070669956,864,12
rho_W5_k4,recency_biased,data_block,mechanistic_dar,ridge [patterns],11.0,0.1306366594721333,0.1306366594721333,864,12
rho_W5_k4,recency_biased,data_block,mechanistic_dar,ridge [occupancy],12.0,0.13445899027712396,0.13445899027712396,864,12
rho_W5_k4,recency_biased,data_block,mechanistic_dar,extra_trees [crawl],13.0,0.14526946821663295,0.14526946821663295,864,12
rho_W5_k4,recency_biased,data_block,mechanistic_dar,hist_gradient_boosting [crawl],14.0,0.15286905526634786,0.1528690552663479,864,12
rho_W5_k4,recency_biased,data_block,mechanistic_dar,random_forest [crawl],15.0,0.16168383010321805,0.16168383010321805,864,12
rho_W5_k4,recency_biased,data_block,mechanistic_dar,occ_mle,16.0,0.18514841820321587,0.18514841820321584,864,12
rho_W5_k4,recency_biased,data_block,mechanistic_dar,ridge [crawl],17.0,0.20458930847661272,0.2045893084766127,864,12
rho_W5_k4,recency_biased,data_block,mechanistic_dar,mean_floor,18.0,0.22538738853664644,0.22538738853664642,864,12
rho_W5_k4,recency_biased,data_block,mechanistic_dar,mask_mle,19.0,0.23094975772402007,0.23094975772402007,864,12
rho_W5_k4,recency_biased,data_block,mechanistic_dar,plugin,20.0,0.2894303116332115,0.2894303116332115,864,12
rho_W5_k4,recency_biased,data_block,real_controlled,hist_gradient_boosting [combined],1.0,0.024514732085286383,0.024514732085286386,432,6
rho_W5_k4,recency_biased,data_block,real_controlled,random_forest [occupancy],2.0,0.026292519277246268,0.026292519277246264,432,6
rho_W5_k4,recency_biased,data_block,real_controlled,extra_trees [occupancy],3.0,0.026542822616603474,0.026542822616603474,432,6
rho_W5_k4,recency_biased,data_block,real_controlled,random_forest [combined],4.0,0.026988333370500557,0.02698833337050056,432,6
rho_W5_k4,recency_biased,data_block,real_controlled,extra_trees [combined],5.0,0.02730742245816109,0.027307422458161094,432,6
rho_W5_k4,recency_biased,data_block,real_controlled,mask_mle,6.0,0.028565520254794415,0.02856552025479441,432,6
rho_W5_k4,recency_biased,data_block,real_controlled,extra_trees [patterns],7.0,0.028718013792457597,0.028718013792457597,432,6
rho_W5_k4,recency_biased,data_block,real_controlled,hist_gradient_boosting [occupancy],8.0,0.029357012826752155,0.029357012826752155,432,6
rho_W5_k4,recency_biased,data_block,real_controlled,random_forest [patterns],9.0,0.029560693919528307,0.029560693919528303,432,6
rho_W5_k4,recency_biased,data_block,real_controlled,occ_mle,10.0,0.029853473799646136,0.029853473799646136,432,6
rho_W5_k4,recency_biased,data_block,real_controlled,hist_gradient_boosting [patterns],11.0,0.030067659384004602,0.0300676593840046,432,6
rho_W5_k4,recency_biased,data_block,real_controlled,plugin,12.0,0.03135945063978946,0.03135945063978947,432,6
rho_W5_k4,recency_biased,data_block,real_controlled,ridge [occupancy],13.0,0.042998860316754504,0.042998860316754504,432,6
rho_W5_k4,recency_biased,data_block,real_controlled,ridge [patterns],14.0,0.0499937474424163,0.0499937474424163,432,6
rho_W5_k4,recency_biased,data_block,real_controlled,ridge [combined],15.0,0.0760372073907939,0.0760372073907939,432,6
rho_W5_k4,recency_biased,data_block,real_controlled,hist_gradient_boosting [crawl],16.0,0.08010160275860817,0.08010160275860817,432,6
rho_W5_k4,recency_biased,data_block,real_controlled,ridge [crawl],17.0,0.08193080264562,0.08193080264562001,432,6
rho_W5_k4,recency_biased,data_block,real_controlled,mean_floor,18.0,0.09419126057483115,0.09419126057483114,432,6
rho_W5_k4,recency_biased,data_block,real_controlled,random_forest [crawl],19.0,0.09833546346520429,0.09833546346520429,432,6
rho_W5_k4,recency_biased,data_block,real_controlled,extra_trees [crawl],20.0,0.10189311663891865,0.10189311663891866,432,6
rho_W5_k4,recency_biased,data_block,real_empirical,hist_gradient_boosting [patterns],1.0,0.047732880031119446,0.047732880031119446,72,6
rho_W5_k4,recency_biased,data_block,real_empirical,hist_gradient_boosting [combined],2.0,0.04925688728326196,0.04925688728326196,72,6
rho_W5_k4,recency_biased,data_block,real_empirical,random_forest [patterns],3.0,0.051113392416521256,0.05111339241652126,72,6
rho_W5_k4,recency_biased,data_block,real_empirical,extra_trees [patterns],4.0,0.05179456017586384,0.05179456017586384,72,6
rho_W5_k4,recency_biased,data_block,real_empirical,random_forest [combined],5.0,0.05201633066080821,0.05201633066080821,72,6
rho_W5_k4,recency_biased,data_block,real_empirical,extra_trees [combined],6.0,0.053080199606854145,0.053080199606854145,72,6
rho_W5_k4,recency_biased,data_block,real_empirical,ridge [occupancy],7.0,0.0539469726797476,0.053946972679747594,72,6
rho_W5_k4,recency_biased,data_block,real_empirical,extra_trees [occupancy],8.0,0.05861651123964552,0.05861651123964553,72,6
rho_W5_k4,recency_biased,data_block,real_empirical,hist_gradient_boosting [occupancy],9.0,0.05899614136730015,0.05899614136730016,72,6
rho_W5_k4,recency_biased,data_block,real_empirical,hist_gradient_boosting [crawl],10.0,0.06217576734844234,0.06217576734844233,72,6
rho_W5_k4,recency_biased,data_block,real_empirical,random_forest [occupancy],11.0,0.0628379384910332,0.06283793849103321,72,6
rho_W5_k4,recency_biased,data_block,real_empirical,random_forest [crawl],12.0,0.0628700910696705,0.0628700910696705,72,6
rho_W5_k4,recency_biased,data_block,real_empirical,mean_floor,13.0,0.06534288504654892,0.06534288504654892,72,6
rho_W5_k4,recency_biased,data_block,real_empirical,occ_mle,14.0,0.06900509640954583,0.06900509640954583,72,6
rho_W5_k4,recency_biased,data_block,real_empirical,mask_mle,15.0,0.07146259532718788,0.07146259532718786,72,6
rho_W5_k4,recency_biased,data_block,real_empirical,ridge [crawl],16.0,0.07148097731338737,0.07148097731338736,72,6
rho_W5_k4,recency_biased,data_block,real_empirical,ridge [patterns],17.0,0.07671658915061692,0.07671658915061692,72,6
rho_W5_k4,recency_biased,data_block,real_empirical,ridge [combined],18.0,0.07826209133264873,0.07826209133264873,72,6
rho_W5_k4,recency_biased,data_block,real_empirical,extra_trees [crawl],19.0,0.07900515954099638,0.07900515954099639,72,6
rho_W5_k4,recency_biased,data_block,real_empirical,plugin,20.0,0.07987376042126056,0.07987376042126056,72,6
rho_W5_k4,recency_biased,data_block,real_shuffle,random_forest [combined],1.0,0.12675745416207193,0.12675745416207196,216,6
rho_W5_k4,recency_biased,data_block,real_shuffle,extra_trees [combined],2.0,0.1316798008098765,0.13167980080987648,216,6
rho_W5_k4,recency_biased,data_block,real_shuffle,hist_gradient_boosting [combined],3.0,0.13597738925064165,0.13597738925064162,216,6
rho_W5_k4,recency_biased,data_block,real_shuffle,random_forest [patterns],4.0,0.13957874566748926,0.13957874566748932,216,6
rho_W5_k4,recency_biased,data_block,real_shuffle,extra_trees [patterns],5.0,0.14082757147389025,0.14082757147389025,216,6
rho_W5_k4,recency_biased,data_block,real_shuffle,ridge [patterns],6.0,0.14494161674830447,0.14494161674830444,216,6
rho_W5_k4,recency_biased,data_block,real_shuffle,ridge [combined],7.0,0.15090310514790908,0.15090310514790908,216,6
rho_W5_k4,recency_biased,data_block,real_shuffle,hist_gradient_boosting [patterns],8.0,0.15348635474497144,0.15348635474497146,216,6
rho_W5_k4,recency_biased,data_block,real_shuffle,hist_gradient_boosting [occupancy],9.0,0.16794840252281878,0.16794840252281884,216,6
rho_W5_k4,recency_biased,data_block,real_shuffle,ridge [occupancy],10.0,0.1683260476730619,0.16832604767306192,216,6
rho_W5_k4,recency_biased,data_block,real_shuffle,random_forest [occupancy],11.0,0.17547778777900647,0.1754777877790065,216,6
rho_W5_k4,recency_biased,data_block,real_shuffle,extra_trees [occupancy],12.0,0.18175046621374472,0.1817504662137447,216,6
rho_W5_k4,recency_biased,data_block,real_shuffle,mean_floor,13.0,0.19765976294312115,0.19765976294312115,216,6
rho_W5_k4,recency_biased,data_block,real_shuffle,ridge [crawl],14.0,0.20278177202385003,0.20278177202385006,216,6
rho_W5_k4,recency_biased,data_block,real_shuffle,extra_trees [crawl],15.0,0.20871173221126169,0.20871173221126169,216,6
rho_W5_k4,recency_biased,data_block,real_shuffle,occ_mle,16.0,0.21973966659517608,0.21973966659517608,216,6
rho_W5_k4,recency_biased,data_block,real_shuffle,hist_gradient_boosting [crawl],17.0,0.2198591268028093,0.2198591268028093,216,6
rho_W5_k4,recency_biased,data_block,real_shuffle,random_forest [crawl],18.0,0.22160669343162046,0.22160669343162043,216,6
rho_W5_k4,recency_biased,data_block,real_shuffle,mask_mle,19.0,0.2310520829891106,0.2310520829891106,216,6
rho_W5_k4,recency_biased,data_block,real_shuffle,plugin,20.0,0.27959103535677715,0.27959103535677715,216,6
rho_W5_k4,recency_biased,data_block,synthetic_controlled,extra_trees [combined],1.0,0.010463909678262738,0.01046390967826274,1152,12
rho_W5_k4,recency_biased,data_block,synthetic_controlled,random_forest [combined],2.0,0.011142738619084104,0.011142738619084104,1152,12
rho_W5_k4,recency_biased,data_block,synthetic_controlled,extra_trees [patterns],3.0,0.011488590104232378,0.011488590104232374,1152,12
rho_W5_k4,recency_biased,data_block,synthetic_controlled,random_forest [patterns],4.0,0.011931721915855691,0.011931721915855691,1152,12
rho_W5_k4,recency_biased,data_block,synthetic_controlled,hist_gradient_boosting [combined],5.0,0.012086634515526754,0.012086634515526757,1152,12
rho_W5_k4,recency_biased,data_block,synthetic_controlled,hist_gradient_boosting [patterns],6.0,0.013112464161386277,0.013112464161386275,1152,12
rho_W5_k4,recency_biased,data_block,synthetic_controlled,extra_trees [occupancy],7.0,0.013981884688724265,0.013981884688724267,1152,12
rho_W5_k4,recency_biased,data_block,synthetic_controlled,random_forest [occupancy],8.0,0.014145732938014053,0.014145732938014055,1152,12
rho_W5_k4,recency_biased,data_block,synthetic_controlled,hist_gradient_boosting [occupancy],9.0,0.015506350552276135,0.015506350552276137,1152,12
rho_W5_k4,recency_biased,data_block,synthetic_controlled,mask_mle,10.0,0.017659139016130768,0.017659139016130768,1152,12
rho_W5_k4,recency_biased,data_block,synthetic_controlled,plugin,11.0,0.019248172068044793,0.019248172068044793,1152,12
rho_W5_k4,recency_biased,data_block,synthetic_controlled,occ_mle,12.0,0.024040919507123285,0.024040919507123285,1152,12
rho_W5_k4,recency_biased,data_block,synthetic_controlled,ridge [combined],13.0,0.026385318991439307,0.026385318991439307,1152,12
rho_W5_k4,recency_biased,data_block,synthetic_controlled,ridge [patterns],14.0,0.030535561383625495,0.030535561383625492,1152,12
rho_W5_k4,recency_biased,data_block,synthetic_controlled,ridge [occupancy],15.0,0.0345716331114811,0.0345716331114811,1152,12
rho_W5_k4,recency_biased,data_block,synthetic_controlled,extra_trees [crawl],16.0,0.03729773895661606,0.03729773895661606,1152,12
rho_W5_k4,recency_biased,data_block,synthetic_controlled,random_forest [crawl],17.0,0.041264039134998404,0.0412640391349984,1152,12
rho_W5_k4,recency_biased,data_block,synthetic_controlled,hist_gradient_boosting [crawl],18.0,0.046826084434332275,0.04682608443433228,1152,12
rho_W5_k4,recency_biased,data_block,synthetic_controlled,ridge [crawl],19.0,0.08267627823997402,0.08267627823997402,1152,12
rho_W5_k4,recency_biased,data_block,synthetic_controlled,mean_floor,20.0,0.10998874261890602,0.10998874261890602,1152,12
rho_W5_k4,recency_biased,domain,controlled,extra_trees [combined],1.0,0.010463909678262738,0.01046390967826274,1152,12
rho_W5_k4,recency_biased,domain,controlled,random_forest [combined],2.0,0.011142738619084104,0.011142738619084104,1152,12
rho_W5_k4,recency_biased,domain,controlled,extra_trees [patterns],3.0,0.011488590104232378,0.011488590104232374,1152,12
rho_W5_k4,recency_biased,domain,controlled,random_forest [patterns],4.0,0.011931721915855691,0.011931721915855691,1152,12
rho_W5_k4,recency_biased,domain,controlled,hist_gradient_boosting [combined],5.0,0.012086634515526754,0.012086634515526757,1152,12
rho_W5_k4,recency_biased,domain,controlled,hist_gradient_boosting [patterns],6.0,0.013112464161386277,0.013112464161386275,1152,12
rho_W5_k4,recency_biased,domain,controlled,extra_trees [occupancy],7.0,0.013981884688724265,0.013981884688724267,1152,12
rho_W5_k4,recency_biased,domain,controlled,random_forest [occupancy],8.0,0.014145732938014053,0.014145732938014055,1152,12
rho_W5_k4,recency_biased,domain,controlled,hist_gradient_boosting [occupancy],9.0,0.015506350552276135,0.015506350552276137,1152,12
rho_W5_k4,recency_biased,domain,controlled,mask_mle,10.0,0.017659139016130768,0.017659139016130768,1152,12
rho_W5_k4,recency_biased,domain,controlled,plugin,11.0,0.019248172068044793,0.019248172068044793,1152,12
rho_W5_k4,recency_biased,domain,controlled,occ_mle,12.0,0.024040919507123285,0.024040919507123285,1152,12
rho_W5_k4,recency_biased,domain,controlled,ridge [combined],13.0,0.026385318991439307,0.026385318991439307,1152,12
rho_W5_k4,recency_biased,domain,controlled,ridge [patterns],14.0,0.030535561383625495,0.030535561383625492,1152,12
rho_W5_k4,recency_biased,domain,controlled,ridge [occupancy],15.0,0.0345716331114811,0.0345716331114811,1152,12
rho_W5_k4,recency_biased,domain,controlled,extra_trees [crawl],16.0,0.03729773895661606,0.03729773895661606,1152,12
rho_W5_k4,recency_biased,domain,controlled,random_forest [crawl],17.0,0.041264039134998404,0.0412640391349984,1152,12
rho_W5_k4,recency_biased,domain,controlled,hist_gradient_boosting [crawl],18.0,0.046826084434332275,0.04682608443433228,1152,12
rho_W5_k4,recency_biased,domain,controlled,ridge [crawl],19.0,0.08267627823997402,0.08267627823997402,1152,12
rho_W5_k4,recency_biased,domain,controlled,mean_floor,20.0,0.10998874261890602,0.10998874261890602,1152,12
rho_W5_k4,recency_biased,domain,email,ridge [occupancy],1.0,0.058072791914549796,0.058072791914549796,120,1
rho_W5_k4,recency_biased,domain,email,random_forest [occupancy],2.0,0.06109230644549634,0.06109230644549633,120,1
rho_W5_k4,recency_biased,domain,email,hist_gradient_boosting [combined],3.0,0.06139201847289258,0.06139201847289258,120,1
rho_W5_k4,recency_biased,domain,email,hist_gradient_boosting [occupancy],4.0,0.06286074259557793,0.06286074259557793,120,1
rho_W5_k4,recency_biased,domain,email,extra_trees [occupancy],5.0,0.06468537356105832,0.06468537356105832,120,1
rho_W5_k4,recency_biased,domain,email,random_forest [combined],6.0,0.06581281794857505,0.06581281794857503,120,1
rho_W5_k4,recency_biased,domain,email,extra_trees [combined],7.0,0.0667160230005733,0.06671602300057332,120,1
rho_W5_k4,recency_biased,domain,email,ridge [combined],8.0,0.0709424031823668,0.0709424031823668,120,1
rho_W5_k4,recency_biased,domain,email,hist_gradient_boosting [crawl],9.0,0.07526578649037442,0.07526578649037442,120,1
rho_W5_k4,recency_biased,domain,email,extra_trees [crawl],10.0,0.08479923024717052,0.08479923024717052,120,1
rho_W5_k4,recency_biased,domain,email,random_forest [patterns],11.0,0.08581326288044538,0.08581326288044538,120,1
rho_W5_k4,recency_biased,domain,email,extra_trees [patterns],12.0,0.08625405524294842,0.08625405524294842,120,1
rho_W5_k4,recency_biased,domain,email,hist_gradient_boosting [patterns],13.0,0.09131790103627818,0.09131790103627818,120,1
rho_W5_k4,recency_biased,domain,email,random_forest [crawl],14.0,0.09175315628076479,0.09175315628076479,120,1
rho_W5_k4,recency_biased,domain,email,occ_mle,15.0,0.09548093491988198,0.09548093491988198,120,1
rho_W5_k4,recency_biased,domain,email,mask_mle,16.0,0.10564847201209503,0.10564847201209503,120,1
rho_W5_k4,recency_biased,domain,email,ridge [crawl],17.0,0.1077877260478477,0.1077877260478477,120,1
rho_W5_k4,recency_biased,domain,email,ridge [patterns],18.0,0.11563344200507071,0.1156334420050707,120,1
rho_W5_k4,recency_biased,domain,email,mean_floor,19.0,0.11643636438346648,0.11643636438346647,120,1
rho_W5_k4,recency_biased,domain,email,plugin,20.0,0.13075643541687837,0.13075643541687837,120,1
rho_W5_k4,recency_biased,domain,mechanistic,hist_gradient_boosting [combined],1.0,0.07439707049820575,0.06744174811949555,1080,18
rho_W5_k4,recency_biased,domain,mechanistic,extra_trees [combined],2.0,0.0746242004169041,0.06790007256242873,1080,18
rho_W5_k4,recency_biased,domain,mechanistic,random_forest [combined],3.0,0.07659658687086984,0.07000846065724818,1080,18
rho_W5_k4,recency_biased,domain,mechanistic,random_forest [patterns],4.0,0.08175331490921114,0.07596829619908056,1080,18
rho_W5_k4,recency_biased,domain,mechanistic,extra_trees [patterns],5.0,0.08195025548933364,0.07660149660520915,1080,18
rho_W5_k4,recency_biased,domain,mechanistic,hist_gradient_boosting [patterns],6.0,0.08285528943126329,0.07803411898243012,1080,18
rho_W5_k4,recency_biased,domain,mechanistic,random_forest [occupancy],7.0,0.10012643770702807,0.09789216349088617,1080,18
rho_W5_k4,recency_biased,domain,mechanistic,extra_trees [occupancy],8.0,0.10023999746174357,0.09853697435615076,1080,18
rho_W5_k4,recency_biased,domain,mechanistic,hist_gradient_boosting [occupancy],9.0,0.10032825242999076,0.0995726056387081,1080,18
rho_W5_k4,recency_biased,domain,mechanistic,extra_trees [crawl],10.0,0.11999514362987482,0.10314559390536943,1080,18
rho_W5_k4,recency_biased,domain,mechanistic,ridge [combined],11.0,0.11346076934557446,0.10571554419796036,1080,18
rho_W5_k4,recency_biased,domain,mechanistic,hist_gradient_boosting [crawl],12.0,0.1281035281737623,0.11159317677870523,1080,18
rho_W5_k4,recency_biased,domain,mechanistic,random_forest [crawl],13.0,0.13369681084983162,0.11503879801424063,1080,18
rho_W5_k4,recency_biased,domain,mechanistic,ridge [patterns],14.0,0.12556297489133914,0.12218051850414303,1080,18
rho_W5_k4,recency_biased,domain,mechanistic,ridge [occupancy],15.0,0.13137052863687582,0.12931155421004373,1080,18
rho_W5_k4,recency_biased,domain,mechanistic,occ_mle,16.0,0.1668889509041798,0.15471597270482243,1080,18
rho_W5_k4,recency_biased,domain,mechanistic,ridge [crawl],17.0,0.17673832422729913,0.1581710013944234,1080,18
rho_W5_k4,recency_biased,domain,mechanistic,mask_mle,18.0,0.19522330271449337,0.1714056660414756,1080,18
rho_W5_k4,recency_biased,domain,mechanistic,mean_floor,19.0,0.19568159453270717,0.17587773186341435,1080,18
rho_W5_k4,recency_biased,domain,mechanistic,plugin,20.0,0.24634738980686405,0.21762544192263253,1080,18
rho_W5_k4,recency_biased,domain,messaging,plugin,1.0,0.0375945402307653,0.0375945402307653,120,1
rho_W5_k4,recency_biased,domain,messaging,mask_mle,2.0,0.03770290561012565,0.03770290561012565,120,1
rho_W5_k4,recency_biased,domain,messaging,ridge [crawl],3.0,0.03897964695837683,0.03897964695837683,120,1
rho_W5_k4,recency_biased,domain,messaging,hist_gradient_boosting [crawl],4.0,0.046667823991526844,0.04666782399152685,120,1
rho_W5_k4,recency_biased,domain,messaging,hist_gradient_boosting [combined],5.0,0.05049469333507665,0.05049469333507666,120,1
rho_W5_k4,recency_biased,domain,messaging,extra_trees [patterns],6.0,0.05056440604805644,0.05056440604805644,120,1
rho_W5_k4,recency_biased,domain,messaging,ridge [combined],7.0,0.05273679656012161,0.05273679656012161,120,1
rho_W5_k4,recency_biased,domain,messaging,random_forest [combined],8.0,0.05364320756335655,0.05364320756335656,120,1
rho_W5_k4,recency_biased,domain,messaging,ridge [patterns],9.0,0.05464716348413863,0.05464716348413863,120,1
rho_W5_k4,recency_biased,domain,messaging,random_forest [patterns],10.0,0.054740183521709763,0.054740183521709763,120,1
rho_W5_k4,recency_biased,domain,messaging,extra_trees [combined],11.0,0.056465750747707336,0.05646575074770734,120,1
rho_W5_k4,recency_biased,domain,messaging,hist_gradient_boosting [patterns],12.0,0.0666355881707496,0.0666355881707496,120,1
rho_W5_k4,recency_biased,domain,messaging,occ_mle,13.0,0.06837884545276521,0.06837884545276522,120,1
rho_W5_k4,recency_biased,domain,messaging,random_forest [crawl],14.0,0.08764192099646785,0.08764192099646785,120,1
rho_W5_k4,recency_biased,domain,messaging,hist_gradient_boosting [occupancy],15.0,0.09050586877261033,0.09050586877261033,120,1
rho_W5_k4,recency_biased,domain,messaging,extra_trees [crawl],16.0,0.09217653559132982,0.09217653559132982,120,1
rho_W5_k4,recency_biased,domain,messaging,extra_trees [occupancy],17.0,0.09456904558288164,0.09456904558288164,120,1
rho_W5_k4,recency_biased,domain,messaging,random_forest [occupancy],18.0,0.09491219735511777,0.09491219735511777,120,1
rho_W5_k4,recency_biased,domain,messaging,mean_floor,19.0,0.09762684427989293,0.09762684427989293,120,1
rho_W5_k4,recency_biased,domain,messaging,ridge [occupancy],20.0,0.10645435307342964,0.10645435307342964,120,1
rho_W5_k4,recency_biased,domain,proximity,random_forest [combined],1.0,0.059268797627521214,0.05926879762752121,480,4
rho_W5_k4,recency_biased,domain,proximity,extra_trees [combined],2.0,0.06099917708074736,0.06099917708074736,480,4
rho_W5_k4,recency_biased,domain,proximity,random_forest [patterns],3.0,0.06194370733988506,0.06194370733988505,480,4
rho_W5_k4,recency_biased,domain,proximity,hist_gradient_boosting [combined],4.0,0.06266993918004346,0.06266993918004346,480,4
rho_W5_k4,recency_biased,domain,proximity,extra_trees [patterns],5.0,0.0627831882800908,0.06278318828009082,480,4
rho_W5_k4,recency_biased,domain,proximity,hist_gradient_boosting [patterns],6.0,0.06380131278375227,0.06380131278375226,480,4
rho_W5_k4,recency_biased,domain,proximity,hist_gradient_boosting [occupancy],7.0,0.07250586104239339,0.07250586104239337,480,4
rho_W5_k4,recency_biased,domain,proximity,random_forest [occupancy],8.0,0.07305283667357601,0.07305283667357601,480,4
rho_W5_k4,recency_biased,domain,proximity,extra_trees [occupancy],9.0,0.07465512205109008,0.07465512205109008,480,4
rho_W5_k4,recency_biased,domain,proximity,ridge [patterns],10.0,0.07915543723520188,0.07915543723520188,480,4
rho_W5_k4,recency_biased,domain,proximity,ridge [occupancy],11.0,0.0814059553929242,0.08140595539292418,480,4
rho_W5_k4,recency_biased,domain,proximity,occ_mle,12.0,0.09513679575578081,0.09513679575578082,480,4
rho_W5_k4,recency_biased,domain,proximity,mask_mle,13.0,0.10456395046793775,0.10456395046793773,480,4
rho_W5_k4,recency_biased,domain,proximity,ridge [combined],14.0,0.11715939773254881,0.11715939773254881,480,4
rho_W5_k4,recency_biased,domain,proximity,plugin,15.0,0.1239327916376384,0.12393279163763841,480,4
rho_W5_k4,recency_biased,domain,proximity,mean_floor,16.0,0.13000465843289508,0.13000465843289505,480,4
rho_W5_k4,recency_biased,domain,proximity,ridge [crawl],17.0,0.1390198231372425,0.13901982313724248,480,4
rho_W5_k4,recency_biased,domain,proximity,hist_gradient_boosting [crawl],18.0,0.14987101202580258,0.14987101202580258,480,4
rho_W5_k4,recency_biased,domain,proximity,random_forest [crawl],19.0,0.1528066735040555,0.15280667350405547,480,4
rho_W5_k4,recency_biased,domain,proximity,extra_trees [crawl],20.0,0.15323091694161892,0.15323091694161892,480,4
rho_W5_k4,recency_biased,overall,all,extra_trees [combined],1.0,0.04631096824124916,0.04763740845372612,2952,36
rho_W5_k4,recency_biased,overall,all,hist_gradient_boosting [combined],2.0,0.04667365017727852,0.04782104302403845,2952,36
rho_W5_k4,recency_biased,overall,all,random_forest [combined],3.0,0.046864666203376114,0.048622121424485916,2952,36
rho_W5_k4,recency_biased,overall,all,random_forest [patterns],4.0,0.050351733347024814,0.052748285287094826,2952,36
rho_W5_k4,recency_biased,overall,all,extra_trees [patterns],5.0,0.050235527594146415,0.0529067009598867,2952,36
rho_W5_k4,recency_biased,overall,all,hist_gradient_boosting [patterns],6.0,0.05222504069807783,0.054864512554511496,2952,36
rho_W5_k4,recency_biased,overall,all,random_forest [occupancy],7.0,0.06037206610012624,0.06611176634963994,2952,36
rho_W5_k4,recency_biased,overall,all,extra_trees [occupancy],8.0,0.06074231615917665,0.0666478628339918,2952,36
rho_W5_k4,recency_biased,overall,all,hist_gradient_boosting [occupancy],9.0,0.06078070295567193,0.06727147676838391,2952,36
rho_W5_k4,recency_biased,overall,all,ridge [combined],10.0,0.07588466573579965,0.07810612261481227,2952,36
rho_W5_k4,recency_biased,overall,all,ridge [patterns],11.0,0.07764676901361275,0.08479384511411381,2952,36
rho_W5_k4,recency_biased,overall,all,extra_trees [crawl],12.0,0.09056561057956763,0.08594702753836161,2952,36
rho_W5_k4,recency_biased,overall,all,ridge [occupancy],13.0,0.08147859358381208,0.08979495943550658,2952,36
rho_W5_k4,recency_biased,overall,all,hist_gradient_boosting [crawl],14.0,0.09446665946010416,0.0914446626059387,2952,36
rho_W5_k4,recency_biased,overall,all,random_forest [crawl],15.0,0.09715560344056601,0.09323579458804908,2952,36
rho_W5_k4,recency_biased,overall,all,occ_mle,16.0,0.09256911986999075,0.10049404183800148,2952,36
rho_W5_k4,recency_biased,overall,all,mask_mle,17.0,0.10114409099509218,0.10718941212316951,2952,36
rho_W5_k4,recency_biased,overall,all,ridge [crawl],18.0,0.12549527864652998,0.12616777859818068,2952,36
rho_W5_k4,recency_biased,overall,all,plugin,19.0,0.12463378464687823,0.13367550448950336,2952,36
rho_W5_k4,recency_biased,overall,all,mean_floor,20.0,0.14435398871263425,0.14499294242675753,2952,36
rho_W5_k4,recent_history,budget,100,extra_trees [combined],1.0,0.07667003511494158,0.07968516777837537,738,36
rho_W5_k4,recent_history,budget,100,hist_gradient_boosting [combined],2.0,0.08047765546600014,0.08234609473233927,738,36
rho_W5_k4,recent_history,budget,100,random_forest [combined],3.0,0.07940372192972131,0.08380659729172571,738,36
rho_W5_k4,recent_history,budget,100,hist_gradient_boosting [occupancy],4.0,0.078582776722013,0.08492912354792269,738,36
rho_W5_k4,recent_history,budget,100,random_forest [occupancy],5.0,0.07993290205552543,0.08664587951538938,738,36
rho_W5_k4,recent_history,budget,100,extra_trees [patterns],6.0,0.08306136134353106,0.08900289242115637,738,36
rho_W5_k4,recent_history,budget,100,extra_trees [occupancy],7.0,0.08308133307060872,0.0907860519573433,738,36
rho_W5_k4,recent_history,budget,100,hist_gradient_boosting [patterns],8.0,0.08567882788202238,0.09189764289144182,738,36
rho_W5_k4,recent_history,budget,100,random_forest [patterns],9.0,0.08638405559130917,0.0930252930191881,738,36
rho_W5_k4,recent_history,budget,100,ridge [combined],10.0,0.09486799728405178,0.0979199326416664,738,36
rho_W5_k4,recent_history,budget,100,ridge [patterns],11.0,0.1023613472207961,0.10949090902362316,738,36
rho_W5_k4,recent_history,budget,100,ridge [occupancy],12.0,0.10106569443711022,0.10958242321425843,738,36
rho_W5_k4,recent_history,budget,100,random_forest [crawl],13.0,0.11696882502575055,0.11496735701030716,738,36
rho_W5_k4,recent_history,budget,100,extra_trees [crawl],14.0,0.12075103491497374,0.11796521358119905,738,36
rho_W5_k4,recent_history,budget,100,hist_gradient_boosting [crawl],15.0,0.12294075660471934,0.122113424551808,738,36
rho_W5_k4,recent_history,budget,100,mask_mle,16.0,0.12081632410307398,0.13055181755433787,738,36
rho_W5_k4,recent_history,budget,100,plugin,17.0,0.1274073930084337,0.1367492300917849,738,36
rho_W5_k4,recent_history,budget,100,occ_mle,18.0,0.12416911025100999,0.13920515551080098,738,36
rho_W5_k4,recent_history,budget,100,ridge [crawl],19.0,0.14100957960559043,0.14152568510842659,738,36
rho_W5_k4,recent_history,budget,100,mean_floor,20.0,0.14435398871263422,0.14499294242675753,738,36
rho_W5_k4,recent_history,budget,1600,extra_trees [combined],1.0,0.028745896953178536,0.026820482188679447,738,36
rho_W5_k4,recent_history,budget,1600,random_forest [combined],2.0,0.029682658038292883,0.02803786080041898,738,36
rho_W5_k4,recent_history,budget,1600,extra_trees [patterns],3.0,0.03189380746780265,0.02987145136650489,738,36
rho_W5_k4,recent_history,budget,1600,extra_trees [occupancy],4.0,0.030999855486021695,0.03138568684382503,738,36
rho_W5_k4,recent_history,budget,1600,random_forest [patterns],5.0,0.033831126946649456,0.03244315125270872,738,36
rho_W5_k4,recent_history,budget,1600,random_forest [occupancy],6.0,0.03315881104026894,0.033880929889114536,738,36
rho_W5_k4,recent_history,budget,1600,hist_gradient_boosting [combined],7.0,0.03887217076406982,0.03588988612201623,738,36
rho_W5_k4,recent_history,budget,1600,hist_gradient_boosting [patterns],8.0,0.040091762964077376,0.0375914360332048,738,36
rho_W5_k4,recent_history,budget,1600,hist_gradient_boosting [occupancy],9.0,0.03634635266013161,0.03767342313448327,738,36
rho_W5_k4,recent_history,budget,1600,ridge [combined],10.0,0.06038045492031129,0.05857274001098857,738,36
rho_W5_k4,recent_history,budget,1600,occ_mle,11.0,0.057846967767447285,0.06090677679180333,738,36
rho_W5_k4,recent_history,budget,1600,ridge [patterns],12.0,0.06483960668093232,0.06370278852089573,738,36
rho_W5_k4,recent_history,budget,1600,extra_trees [crawl],13.0,0.07258967981821002,0.06402783685455352,738,36
rho_W5_k4,recent_history,budget,1600,ridge [occupancy],14.0,0.06400000921950093,0.06601042631346642,738,36
rho_W5_k4,recent_history,budget,1600,mask_mle,15.0,0.06235758842662199,0.0663649798135217,738,36
rho_W5_k4,recent_history,budget,1600,random_forest [crawl],16.0,0.07256596101618273,0.06721673562436697,738,36
rho_W5_k4,recent_history,budget,1600,hist_gradient_boosting [crawl],17.0,0.080503840058137,0.07393324295549247,738,36
rho_W5_k4,recent_history,budget,1600,ridge [crawl],18.0,0.10681007816038893,0.10811015098497564,738,36
rho_W5_k4,recent_history,budget,1600,plugin,19.0,0.12274602578029141,0.13230204287095035,738,36
rho_W5_k4,recent_history,budget,1600,mean_floor,20.0,0.14435398871263422,0.14499294242675753,738,36
rho_W5_k4,recent_history,budget,3200,extra_trees [combined],1.0,0.025369920521970145,0.02261193726672315,738,36
rho_W5_k4,recent_history,budget,3200,extra_trees [occupancy],2.0,0.024579749440380796,0.024483099811644385,738,36
rho_W5_k4,recent_history,budget,3200,extra_trees [patterns],3.0,0.0279840586328231,0.024793993662146564,738,36
rho_W5_k4,recent_history,budget,3200,random_forest [combined],4.0,0.028081700424902996,0.02597627591674809,738,36
rho_W5_k4,recent_history,budget,3200,random_forest [patterns],5.0,0.029876447122571485,0.027475908471864964,738,36
rho_W5_k4,recent_history,budget,3200,random_forest [occupancy],6.0,0.0284753210306236,0.02826808121521272,738,36
rho_W5_k4,recent_history,budget,3200,hist_gradient_boosting [occupancy],7.0,0.03148011743657847,0.03116801314196855,738,36
rho_W5_k4,recent_history,budget,3200,hist_gradient_boosting [patterns],8.0,0.03540817901891361,0.03138645869969249,738,36
rho_W5_k4,recent_history,budget,3200,hist_gradient_boosting [combined],9.0,0.035927461030294795,0.03179871556973205,738,36
rho_W5_k4,recent_history,budget,3200,occ_mle,10.0,0.05040451990160169,0.05150062996933858,738,36
rho_W5_k4,recent_history,budget,3200,extra_trees [crawl],11.0,0.06559511768250569,0.05606457105968052,738,36
rho_W5_k4,recent_history,budget,3200,mask_mle,12.0,0.053780930681767584,0.05791249396296805,738,36
rho_W5_k4,recent_history,budget,3200,ridge [occupancy],13.0,0.05713668316209603,0.05822542288861146,738,36
rho_W5_k4,recent_history,budget,3200,ridge [combined],14.0,0.06364411407673486,0.06089833931824135,738,36
rho_W5_k4,recent_history,budget,3200,ridge [patterns],15.0,0.06706719266565823,0.06317112214297281,738,36
rho_W5_k4,recent_history,budget,3200,random_forest [crawl],16.0,0.07191386736125914,0.06471253824454515,738,36
rho_W5_k4,recent_history,budget,3200,hist_gradient_boosting [crawl],17.0,0.07935909681187281,0.0715316401056956,738,36
rho_W5_k4,recent_history,budget,3200,ridge [crawl],18.0,0.11717930940864103,0.11774740556626297,738,36
rho_W5_k4,recent_history,budget,3200,plugin,19.0,0.11660443918562349,0.12598167200079904,738,36
rho_W5_k4,recent_history,budget,3200,mean_floor,20.0,0.14435398871263422,0.14499294242675753,738,36
rho_W5_k4,recent_history,budget,400,extra_trees [combined],1.0,0.04983748155029751,0.050206859493945474,738,36
rho_W5_k4,recent_history,budget,400,random_forest [combined],2.0,0.05023978067767246,0.051177375254452005,738,36
rho_W5_k4,recent_history,budget,400,hist_gradient_boosting [combined],3.0,0.05227616004238308,0.05180429414859165,738,36
rho_W5_k4,recent_history,budget,400,extra_trees [patterns],4.0,0.0564651072962714,0.05974336002988047,738,36
rho_W5_k4,recent_history,budget,400,random_forest [patterns],5.0,0.05672022445075104,0.06040647730080684,738,36
rho_W5_k4,recent_history,budget,400,random_forest [occupancy],6.0,0.05652852639707606,0.061426854508011504,738,36
rho_W5_k4,recent_history,budget,400,hist_gradient_boosting [patterns],7.0,0.05869461875271268,0.061639562228813824,738,36
rho_W5_k4,recent_history,budget,400,extra_trees [occupancy],8.0,0.05670336819828829,0.06170327661504565,738,36
rho_W5_k4,recent_history,budget,400,hist_gradient_boosting [occupancy],9.0,0.05768964646477128,0.06390865307094123,738,36
rho_W5_k4,recent_history,budget,400,ridge [combined],10.0,0.07143023826476294,0.07050382172988459,738,36
rho_W5_k4,recent_history,budget,400,ridge [patterns],11.0,0.07904353841698437,0.08207870104957043,738,36
rho_W5_k4,recent_history,budget,400,ridge [occupancy],12.0,0.08022648198677357,0.08797214711591478,738,36
rho_W5_k4,recent_history,budget,400,occ_mle,13.0,0.08423689961360373,0.0895846921021375,738,36
rho_W5_k4,recent_history,budget,400,extra_trees [crawl],14.0,0.09700049610508708,0.09150681960717783,738,36
rho_W5_k4,recent_history,budget,400,random_forest [crawl],15.0,0.0959385885449401,0.09262021271496296,738,36
rho_W5_k4,recent_history,budget,400,hist_gradient_boosting [crawl],16.0,0.10047102402033181,0.09634550334003739,738,36
rho_W5_k4,recent_history,budget,400,mask_mle,17.0,0.09608362091023079,0.10218590354916103,738,36
rho_W5_k4,recent_history,budget,400,ridge [crawl],18.0,0.12519238130759477,0.12462642691770329,738,36
rho_W5_k4,recent_history,budget,400,plugin,19.0,0.12671179548862024,0.13613875226663985,738,36
rho_W5_k4,recent_history,budget,400,mean_floor,20.0,0.14435398871263422,0.14499294242675753,738,36
rho_W5_k4,recent_history,coverage_band,high(>.15),extra_trees [combined],1.0,0.03339328593261835,0.026601430371326947,1146,35
rho_W5_k4,recent_history,coverage_band,high(>.15),extra_trees [occupancy],2.0,0.03153238329623924,0.02814890064128289,1146,35
rho_W5_k4,recent_history,coverage_band,high(>.15),random_forest [combined],3.0,0.03636032354163548,0.029120203838820913,1146,35
rho_W5_k4,recent_history,coverage_band,high(>.15),extra_trees [patterns],4.0,0.03669428390120415,0.029221853019204318,1146,35
rho_W5_k4,recent_history,coverage_band,high(>.15),random_forest [occupancy],5.0,0.03453713689113522,0.03098899453527359,1146,35
rho_W5_k4,recent_history,coverage_band,high(>.15),random_forest [patterns],6.0,0.03829978752439033,0.03269620436857387,1146,35
rho_W5_k4,recent_history,coverage_band,high(>.15),hist_gradient_boosting [occupancy],7.0,0.037834810370423994,0.03450122446835675,1146,35
rho_W5_k4,recent_history,coverage_band,high(>.15),hist_gradient_boosting [combined],8.0,0.040032976943405865,0.03566023579226692,1146,35
rho_W5_k4,recent_history,coverage_band,high(>.15),hist_gradient_boosting [patterns],9.0,0.040859156485974574,0.036182500451206155,1146,35
rho_W5_k4,recent_history,coverage_band,high(>.15),extra_trees [crawl],10.0,0.06781386124089872,0.060234305290325425,1146,35
rho_W5_k4,recent_history,coverage_band,high(>.15),ridge [combined],11.0,0.06533496191107689,0.06057788878422253,1146,35
rho_W5_k4,recent_history,coverage_band,high(>.15),occ_mle,12.0,0.06615516100373939,0.06496554518717423,1146,35
rho_W5_k4,recent_history,coverage_band,high(>.15),ridge [patterns],13.0,0.07408142707182516,0.06802797947331352,1146,35
rho_W5_k4,recent_history,coverage_band,high(>.15),ridge [occupancy],14.0,0.07080441825546076,0.06828445119438385,1146,35
rho_W5_k4,recent_history,coverage_band,high(>.15),random_forest [crawl],15.0,0.07780411654876915,0.06866952621103295,1146,35
rho_W5_k4,recent_history,coverage_band,high(>.15),mask_mle,16.0,0.07305148112033845,0.07552335093933686,1146,35
rho_W5_k4,recent_history,coverage_band,high(>.15),hist_gradient_boosting [crawl],17.0,0.08258926054370977,0.07646441778308623,1146,35
rho_W5_k4,recent_history,coverage_band,high(>.15),ridge [crawl],18.0,0.1271472551104934,0.12577565489274725,1146,35
rho_W5_k4,recent_history,coverage_band,high(>.15),plugin,19.0,0.14706290494947888,0.1517382486126389,1146,35
rho_W5_k4,recent_history,coverage_band,high(>.15),mean_floor,20.0,0.16339110347637267,0.15561310280608026,1146,35
rho_W5_k4,recent_history,coverage_band,low(<.02),extra_trees [combined],1.0,0.07145213929414161,0.06656787191414616,454,26
rho_W5_k4,recent_history,coverage_band,low(<.02),extra_trees [patterns],2.0,0.07410605985927382,0.06844940919160773,454,26
rho_W5_k4,recent_history,coverage_band,low(<.02),hist_gradient_boosting [combined],3.0,0.07888848607901722,0.06907939464700119,454,26
rho_W5_k4,recent_history,coverage_band,low(<.02),random_forest [patterns],4.0,0.07817067522114231,0.07165797743209373,454,26
rho_W5_k4,recent_history,coverage_band,low(<.02),random_forest [combined],5.0,0.07509501288091626,0.07222940998929937,454,26
rho_W5_k4,recent_history,coverage_band,low(<.02),hist_gradient_boosting [occupancy],6.0,0.07483399068629754,0.0726296553618819,454,26
rho_W5_k4,recent_history,coverage_band,low(<.02),hist_gradient_boosting [patterns],7.0,0.08102644685340628,0.0730198791747523,454,26
rho_W5_k4,recent_history,coverage_band,low(<.02),random_forest [occupancy],8.0,0.07641438888141966,0.0759437774934719,454,26
rho_W5_k4,recent_history,coverage_band,low(<.02),extra_trees [occupancy],9.0,0.07925075390935438,0.07678522478537309,454,26
rho_W5_k4,recent_history,coverage_band,low(<.02),ridge [patterns],10.0,0.09276938711813766,0.08709752911047526,454,26
rho_W5_k4,recent_history,coverage_band,low(<.02),ridge [combined],11.0,0.0925509999791895,0.08715926264760408,454,26
rho_W5_k4,recent_history,coverage_band,low(<.02),ridge [occupancy],12.0,0.09499531738290751,0.08982450803981987,454,26
rho_W5_k4,recent_history,coverage_band,low(<.02),plugin,13.0,0.10990063329249442,0.09621224414926255,454,26
rho_W5_k4,recent_history,coverage_band,low(<.02),mask_mle,14.0,0.10864778080769491,0.09824002609533702,454,26
rho_W5_k4,recent_history,coverage_band,low(<.02),random_forest [crawl],15.0,0.11384072387116151,0.10429102507907756,454,26
rho_W5_k4,recent_history,coverage_band,low(<.02),hist_gradient_boosting [crawl],16.0,0.11931171712510148,0.10834071680417562,454,26
rho_W5_k4,recent_history,coverage_band,low(<.02),extra_trees [crawl],17.0,0.11897191802054743,0.10946743912049886,454,26
rho_W5_k4,recent_history,coverage_band,low(<.02),mean_floor,18.0,0.12635984238967762,0.11934343295896216,454,26
rho_W5_k4,recent_history,coverage_band,low(<.02),occ_mle,19.0,0.12034755281451696,0.12075386816578579,454,26
rho_W5_k4,recent_history,coverage_band,low(<.02),ridge [crawl],20.0,0.1291610996457265,0.12261543223242481,454,26
rho_W5_k4,recent_history,coverage_band,mid,extra_trees [combined],1.0,0.04629589029385005,0.05350263961045094,1352,36
rho_W5_k4,recent_history,coverage_band,mid,random_forest [combined],2.0,0.04626104648183796,0.05454848631671542,1352,36
rho_W5_k4,recent_history,coverage_band,mid,hist_gradient_boosting [combined],3.0,0.05287076912160573,0.056450013948757455,1352,36
rho_W5_k4,recent_history,coverage_band,mid,extra_trees [patterns],4.0,0.05285843085173502,0.06375189751659233,1352,36
rho_W5_k4,recent_history,coverage_band,mid,random_forest [patterns],5.0,0.054176113373354685,0.06496063095858867,1352,36
rho_W5_k4,recent_history,coverage_band,mid,random_forest [occupancy],6.0,0.05319736112199194,0.0651221025223933,1352,36
rho_W5_k4,recent_history,coverage_band,mid,extra_trees [occupancy],7.0,0.05330096482233282,0.06545589143248992,1352,36
rho_W5_k4,recent_history,coverage_band,mid,hist_gradient_boosting [occupancy],8.0,0.05420980679521735,0.06584738279596276,1352,36
rho_W5_k4,recent_history,coverage_band,mid,hist_gradient_boosting [patterns],9.0,0.05817748564756548,0.06671056309378702,1352,36
rho_W5_k4,recent_history,coverage_band,mid,ridge [combined],10.0,0.07201642708150827,0.07742453998774916,1352,36
rho_W5_k4,recent_history,coverage_band,mid,ridge [occupancy],11.0,0.07316772763746061,0.086905643231133,1352,36
rho_W5_k4,recent_history,coverage_band,mid,ridge [patterns],12.0,0.07707796327109444,0.08717866575709352,1352,36
rho_W5_k4,recent_history,coverage_band,mid,occ_mle,13.0,0.07636215213888094,0.09098250507930948,1352,36
rho_W5_k4,recent_history,coverage_band,mid,random_forest [crawl],14.0,0.09090575322139426,0.0930036611337273,1352,36
rho_W5_k4,recent_history,coverage_band,mid,extra_trees [crawl],15.0,0.09685878305098712,0.09482484022148563,1352,36
rho_W5_k4,recent_history,coverage_band,mid,hist_gradient_boosting [crawl],16.0,0.09914343887090792,0.09969122913632192,1352,36
rho_W5_k4,recent_history,coverage_band,mid,mask_mle,17.0,0.0833870537508943,0.10132429785582761,1352,36
rho_W5_k4,recent_history,coverage_band,mid,ridge [crawl],18.0,0.11642849229592421,0.12384392849883041,1352,36
rho_W5_k4,recent_history,coverage_band,mid,plugin,19.0,0.10780445833489331,0.12858091131115207,1352,36
rho_W5_k4,recent_history,coverage_band,mid,mean_floor,20.0,0.13425991246365349,0.14053125672040281,1352,36
rho_W5_k4,recent_history,data_block,mechanistic_activity,random_forest [crawl],1.0,0.0197148869274356,0.019714886927435605,216,6
rho_W5_k4,recent_history,data_block,mechanistic_activity,extra_trees [crawl],2.0,0.01973175379935206,0.01973175379935206,216,6
rho_W5_k4,recent_history,data_block,mechanistic_activity,extra_trees [combined],3.0,0.02676895520160467,0.02676895520160467,216,6
rho_W5_k4,recent_history,data_block,mechanistic_activity,hist_gradient_boosting [crawl],4.0,0.030068141383241966,0.03006814138324197,216,6
rho_W5_k4,recent_history,data_block,mechanistic_activity,hist_gradient_boosting [combined],5.0,0.03077123085866567,0.030771230858665666,216,6
rho_W5_k4,recent_history,data_block,mechanistic_activity,random_forest [combined],6.0,0.03180518296213065,0.03180518296213065,216,6
rho_W5_k4,recent_history,data_block,mechanistic_activity,extra_trees [patterns],7.0,0.043028532349491666,0.04302853234949166,216,6
rho_W5_k4,recent_history,data_block,mechanistic_activity,random_forest [patterns],8.0,0.047965310016591864,0.04796531001659187,216,6
rho_W5_k4,recent_history,data_block,mechanistic_activity,ridge [combined],9.0,0.0483007829619937,0.0483007829619937,216,6
rho_W5_k4,recent_history,data_block,mechanistic_activity,hist_gradient_boosting [patterns],10.0,0.05094385469488465,0.05094385469488464,216,6
rho_W5_k4,recent_history,data_block,mechanistic_activity,random_forest [occupancy],11.0,0.05579704807497598,0.055797048074975965,216,6
rho_W5_k4,recent_history,data_block,mechanistic_activity,mask_mle,12.0,0.056247335662312846,0.056247335662312846,216,6
rho_W5_k4,recent_history,data_block,mechanistic_activity,extra_trees [occupancy],13.0,0.056693869600823045,0.05669386960082304,216,6
rho_W5_k4,recent_history,data_block,mechanistic_activity,hist_gradient_boosting [occupancy],14.0,0.06153808331160324,0.06153808331160324,216,6
rho_W5_k4,recent_history,data_block,mechanistic_activity,ridge [crawl],15.0,0.06564606213317149,0.06564606213317149,216,6
rho_W5_k4,recent_history,data_block,mechanistic_activity,ridge [patterns],16.0,0.06981322801239645,0.06981322801239646,216,6
rho_W5_k4,recent_history,data_block,mechanistic_activity,plugin,17.0,0.07443708961518576,0.07443708961518575,216,6
rho_W5_k4,recent_history,data_block,mechanistic_activity,mean_floor,18.0,0.07685841851695017,0.07685841851695017,216,6
rho_W5_k4,recent_history,data_block,mechanistic_activity,ridge [occupancy],19.0,0.08652001130061689,0.08652001130061689,216,6
rho_W5_k4,recent_history,data_block,mechanistic_activity,occ_mle,20.0,0.08804698732438519,0.08804698732438519,216,6
rho_W5_k4,recent_history,data_block,mechanistic_dar,extra_trees [combined],1.0,0.07660777056807164,0.07660777056807164,864,12
rho_W5_k4,recent_history,data_block,mechanistic_dar,hist_gradient_boosting [combined],2.0,0.08004714664623168,0.08004714664623168,864,12
rho_W5_k4,recent_history,data_block,mechanistic_dar,random_forest [combined],3.0,0.08118075689386926,0.08118075689386926,864,12
rho_W5_k4,recent_history,data_block,mechanistic_dar,extra_trees [patterns],4.0,0.08252350514012666,0.08252350514012664,864,12
rho_W5_k4,recent_history,data_block,mechanistic_dar,extra_trees [occupancy],5.0,0.08377033305398009,0.08377033305398007,864,12
rho_W5_k4,recent_history,data_block,mechanistic_dar,random_forest [occupancy],6.0,0.08469451657126227,0.08469451657126227,864,12
rho_W5_k4,recent_history,data_block,mechanistic_dar,hist_gradient_boosting [patterns],7.0,0.08469503699666193,0.08469503699666192,864,12
rho_W5_k4,recent_history,data_block,mechanistic_dar,hist_gradient_boosting [occupancy],8.0,0.08587750127998547,0.08587750127998546,864,12
rho_W5_k4,recent_history,data_block,mechanistic_dar,random_forest [patterns],9.0,0.08699729145829847,0.08699729145829845,864,12
rho_W5_k4,recent_history,data_block,mechanistic_dar,ridge [combined],10.0,0.11140252202412572,0.11140252202412575,864,12
rho_W5_k4,recent_history,data_block,mechanistic_dar,ridge [patterns],11.0,0.12007367392047694,0.12007367392047695,864,12
rho_W5_k4,recent_history,data_block,mechanistic_dar,ridge [occupancy],12.0,0.12212846561037395,0.12212846561037395,864,12
rho_W5_k4,recent_history,data_block,mechanistic_dar,extra_trees [crawl],13.0,0.12819759289443067,0.12819759289443067,864,12
rho_W5_k4,recent_history,data_block,mechanistic_dar,occ_mle,14.0,0.13973428666415888,0.13973428666415888,864,12
rho_W5_k4,recent_history,data_block,mechanistic_dar,random_forest [crawl],15.0,0.14332937434664178,0.1433293743466418,864,12
rho_W5_k4,recent_history,data_block,mechanistic_dar,hist_gradient_boosting [crawl],16.0,0.1441809232397128,0.14418092323971282,864,12
rho_W5_k4,recent_history,data_block,mechanistic_dar,mask_mle,17.0,0.18527732636282382,0.1852773263628238,864,12
rho_W5_k4,recent_history,data_block,mechanistic_dar,ridge [crawl],18.0,0.20251516879495277,0.20251516879495277,864,12
rho_W5_k4,recent_history,data_block,mechanistic_dar,mean_floor,19.0,0.22538738853664644,0.22538738853664642,864,12
rho_W5_k4,recent_history,data_block,mechanistic_dar,plugin,20.0,0.2889745160171425,0.2889745160171426,864,12
rho_W5_k4,recent_history,data_block,real_controlled,extra_trees [occupancy],1.0,0.019175798776714874,0.019175798776714874,432,6
rho_W5_k4,recent_history,data_block,real_controlled,random_forest [occupancy],2.0,0.02071896209902127,0.020718962099021274,432,6
rho_W5_k4,recent_history,data_block,real_controlled,hist_gradient_boosting [occupancy],3.0,0.024053755354348044,0.024053755354348047,432,6
rho_W5_k4,recent_history,data_block,real_controlled,mask_mle,4.0,0.025524870640827632,0.025524870640827632,432,6
rho_W5_k4,recent_history,data_block,real_controlled,occ_mle,5.0,0.026910646177246252,0.026910646177246252,432,6
rho_W5_k4,recent_history,data_block,real_controlled,plugin,6.0,0.03083735062161215,0.03083735062161215,432,6
rho_W5_k4,recent_history,data_block,real_controlled,random_forest [combined],7.0,0.03168753907473269,0.03168753907473269,432,6
rho_W5_k4,recent_history,data_block,real_controlled,extra_trees [combined],8.0,0.035271292657355555,0.035271292657355555,432,6
rho_W5_k4,recent_history,data_block,real_controlled,random_forest [patterns],9.0,0.03584957168253112,0.03584957168253112,432,6
rho_W5_k4,recent_history,data_block,real_controlled,ridge [occupancy],10.0,0.03743894209082534,0.03743894209082535,432,6
rho_W5_k4,recent_history,data_block,real_controlled,extra_trees [patterns],11.0,0.03900655430717454,0.03900655430717454,432,6
rho_W5_k4,recent_history,data_block,real_controlled,hist_gradient_boosting [patterns],12.0,0.04949374769355764,0.04949374769355763,432,6
rho_W5_k4,recent_history,data_block,real_controlled,hist_gradient_boosting [combined],13.0,0.05645170043425431,0.056451700434254314,432,6
rho_W5_k4,recent_history,data_block,real_controlled,ridge [patterns],14.0,0.06055614122519762,0.06055614122519761,432,6
rho_W5_k4,recent_history,data_block,real_controlled,ridge [combined],15.0,0.07597308873803908,0.07597308873803908,432,6
rho_W5_k4,recent_history,data_block,real_controlled,mean_floor,16.0,0.09419126057483115,0.09419126057483114,432,6
rho_W5_k4,recent_history,data_block,real_controlled,ridge [crawl],17.0,0.11264326253470998,0.11264326253470998,432,6
rho_W5_k4,recent_history,data_block,real_controlled,random_forest [crawl],18.0,0.1137663054033727,0.1137663054033727,432,6
rho_W5_k4,recent_history,data_block,real_controlled,hist_gradient_boosting [crawl],19.0,0.12351644644881839,0.12351644644881839,432,6
rho_W5_k4,recent_history,data_block,real_controlled,extra_trees [crawl],20.0,0.1377638001173894,0.1377638001173894,432,6
rho_W5_k4,recent_history,data_block,real_empirical,occ_mle,1.0,0.048594456581580285,0.048594456581580285,72,6
rho_W5_k4,recent_history,data_block,real_empirical,ridge [occupancy],2.0,0.05388168910392668,0.05388168910392668,72,6
rho_W5_k4,recent_history,data_block,real_empirical,extra_trees [occupancy],3.0,0.05874532355908657,0.05874532355908657,72,6
rho_W5_k4,recent_history,data_block,real_empirical,mask_mle,4.0,0.05880344729612963,0.058803447296129636,72,6
rho_W5_k4,recent_history,data_block,real_empirical,random_forest [occupancy],5.0,0.05940170916364483,0.059401709163644824,72,6
rho_W5_k4,recent_history,data_block,real_empirical,hist_gradient_boosting [occupancy],6.0,0.06168664541129498,0.06168664541129498,72,6
rho_W5_k4,recent_history,data_block,real_empirical,extra_trees [combined],7.0,0.06369337510964725,0.06369337510964726,72,6
rho_W5_k4,recent_history,data_block,real_empirical,mean_floor,8.0,0.06534288504654892,0.06534288504654892,72,6
rho_W5_k4,recent_history,data_block,real_empirical,random_forest [combined],9.0,0.06564269389682148,0.06564269389682148,72,6
rho_W5_k4,recent_history,data_block,real_empirical,extra_trees [patterns],10.0,0.0673445631893837,0.0673445631893837,72,6
rho_W5_k4,recent_history,data_block,real_empirical,random_forest [patterns],11.0,0.07224167271835939,0.07224167271835939,72,6
rho_W5_k4,recent_history,data_block,real_empirical,hist_gradient_boosting [patterns],12.0,0.07726217806117203,0.07726217806117203,72,6
rho_W5_k4,recent_history,data_block,real_empirical,plugin,13.0,0.07786956580533905,0.07786956580533903,72,6
rho_W5_k4,recent_history,data_block,real_empirical,hist_gradient_boosting [combined],14.0,0.08032637473461089,0.08032637473461089,72,6
rho_W5_k4,recent_history,data_block,real_empirical,ridge [crawl],15.0,0.08638566044148381,0.08638566044148381,72,6
rho_W5_k4,recent_history,data_block,real_empirical,hist_gradient_boosting [crawl],16.0,0.08646138366642123,0.08646138366642121,72,6
rho_W5_k4,recent_history,data_block,real_empirical,ridge [combined],17.0,0.08699096210478692,0.08699096210478692,72,6
rho_W5_k4,recent_history,data_block,real_empirical,random_forest [crawl],18.0,0.0936017702068932,0.0936017702068932,72,6
rho_W5_k4,recent_history,data_block,real_empirical,ridge [patterns],19.0,0.09623323416699181,0.09623323416699181,72,6
rho_W5_k4,recent_history,data_block,real_empirical,extra_trees [crawl],20.0,0.09868424055435839,0.09868424055435839,72,6
rho_W5_k4,recent_history,data_block,real_shuffle,extra_trees [combined],1.0,0.14117907712641195,0.14117907712641195,216,6
rho_W5_k4,recent_history,data_block,real_shuffle,random_forest [combined],2.0,0.14258103588415574,0.14258103588415574,216,6
rho_W5_k4,recent_history,data_block,real_shuffle,extra_trees [occupancy],3.0,0.1432956879061333,0.14329568790613334,216,6
rho_W5_k4,recent_history,data_block,real_shuffle,extra_trees [patterns],4.0,0.14652327639101445,0.14652327639101445,216,6
rho_W5_k4,recent_history,data_block,real_shuffle,random_forest [occupancy],5.0,0.14806460690241788,0.14806460690241788,216,6
rho_W5_k4,recent_history,data_block,real_shuffle,hist_gradient_boosting [occupancy],6.0,0.14976947930418247,0.1497694793041824,216,6
rho_W5_k4,recent_history,data_block,real_shuffle,random_forest [patterns],7.0,0.14993239909875347,0.14993239909875353,216,6
rho_W5_k4,recent_history,data_block,real_shuffle,hist_gradient_boosting [combined],8.0,0.1593206223187377,0.1593206223187377,216,6
rho_W5_k4,recent_history,data_block,real_shuffle,ridge [combined],9.0,0.16603141030928442,0.16603141030928445,216,6
rho_W5_k4,recent_history,data_block,real_shuffle,hist_gradient_boosting [patterns],10.0,0.17029253951737355,0.17029253951737353,216,6
rho_W5_k4,recent_history,data_block,real_shuffle,ridge [occupancy],11.0,0.17303620247328239,0.17303620247328236,216,6
rho_W5_k4,recent_history,data_block,real_shuffle,random_forest [crawl],12.0,0.1761151972274853,0.17611519722748534,216,6
rho_W5_k4,recent_history,data_block,real_shuffle,ridge [crawl],13.0,0.17697872955000676,0.17697872955000674,216,6
rho_W5_k4,recent_history,data_block,real_shuffle,occ_mle,14.0,0.18088785630104703,0.18088785630104706,216,6
rho_W5_k4,recent_history,data_block,real_shuffle,mask_mle,15.0,0.18236228037024008,0.18236228037024005,216,6
rho_W5_k4,recent_history,data_block,real_shuffle,mean_floor,16.0,0.19765976294312115,0.19765976294312115,216,6
rho_W5_k4,recent_history,data_block,real_shuffle,extra_trees [crawl],17.0,0.19994967738228764,0.1999496773822876,216,6
rho_W5_k4,recent_history,data_block,real_shuffle,hist_gradient_boosting [crawl],18.0,0.20505418381861332,0.20505418381861332,216,6
rho_W5_k4,recent_history,data_block,real_shuffle,ridge [patterns],19.0,0.21261556947551946,0.2126155694755195,216,6
rho_W5_k4,recent_history,data_block,real_shuffle,plugin,20.0,0.2658472657847285,0.26584726578472856,216,6
rho_W5_k4,recent_history,data_block,synthetic_controlled,extra_trees [combined],1.0,0.009558168755267786,0.009558168755267786,1152,12
rho_W5_k4,recent_history,data_block,synthetic_controlled,random_forest [combined],2.0,0.01048968177268975,0.010489681772689748,1152,12
rho_W5_k4,recent_history,data_block,synthetic_controlled,hist_gradient_boosting [combined],3.0,0.01109655863912739,0.011096558639127388,1152,12
rho_W5_k4,recent_history,data_block,synthetic_controlled,extra_trees [patterns],4.0,0.01147331588461999,0.011473315884619991,1152,12
rho_W5_k4,recent_history,data_block,synthetic_controlled,random_forest [patterns],5.0,0.012176361061341744,0.012176361061341746,1152,12
rho_W5_k4,recent_history,data_block,synthetic_controlled,hist_gradient_boosting [patterns],6.0,0.012464246407028546,0.012464246407028546,1152,12
rho_W5_k4,recent_history,data_block,synthetic_controlled,random_forest [occupancy],7.0,0.01367780311379454,0.013677803113794539,1152,12
rho_W5_k4,recent_history,data_block,synthetic_controlled,hist_gradient_boosting [occupancy],8.0,0.01384698596320321,0.01384698596320321,1152,12
rho_W5_k4,recent_history,data_block,synthetic_controlled,extra_trees [occupancy],9.0,0.013966959569613378,0.013966959569613378,1152,12
rho_W5_k4,recent_history,data_block,synthetic_controlled,mask_mle,10.0,0.01640842635342046,0.016408426353420463,1152,12
rho_W5_k4,recent_history,data_block,synthetic_controlled,plugin,11.0,0.019163938753435347,0.01916393875343535,1152,12
rho_W5_k4,recent_history,data_block,synthetic_controlled,ridge [combined],12.0,0.028322025497419342,0.028322025497419346,1152,12
rho_W5_k4,recent_history,data_block,synthetic_controlled,ridge [patterns],13.0,0.028981513128884633,0.02898151312888463,1152,12
rho_W5_k4,recent_history,data_block,synthetic_controlled,extra_trees [crawl],14.0,0.032854057362573616,0.03285405736257362,1152,12
rho_W5_k4,recent_history,data_block,synthetic_controlled,occ_mle,15.0,0.034504065326798845,0.034504065326798845,1152,12
rho_W5_k4,recent_history,data_block,synthetic_controlled,ridge [occupancy],16.0,0.0360731459350696,0.03607314593506959,1152,12
rho_W5_k4,recent_history,data_block,synthetic_controlled,random_forest [crawl],17.0,0.03622355516979779,0.0362235551697978,1152,12
rho_W5_k4,recent_history,data_block,synthetic_controlled,hist_gradient_boosting [crawl],18.0,0.04159173359268272,0.04159173359268271,1152,12
rho_W5_k4,recent_history,data_block,synthetic_controlled,ridge [crawl],19.0,0.0690099803564996,0.06900998035649959,1152,12
rho_W5_k4,recent_history,data_block,synthetic_controlled,mean_floor,20.0,0.10998874261890602,0.10998874261890602,1152,12
rho_W5_k4,recent_history,domain,controlled,extra_trees [combined],1.0,0.009558168755267786,0.009558168755267786,1152,12
rho_W5_k4,recent_history,domain,controlled,random_forest [combined],2.0,0.01048968177268975,0.010489681772689748,1152,12
rho_W5_k4,recent_history,domain,controlled,hist_gradient_boosting [combined],3.0,0.01109655863912739,0.011096558639127388,1152,12
rho_W5_k4,recent_history,domain,controlled,extra_trees [patterns],4.0,0.01147331588461999,0.011473315884619991,1152,12
rho_W5_k4,recent_history,domain,controlled,random_forest [patterns],5.0,0.012176361061341744,0.012176361061341746,1152,12
rho_W5_k4,recent_history,domain,controlled,hist_gradient_boosting [patterns],6.0,0.012464246407028546,0.012464246407028546,1152,12
rho_W5_k4,recent_history,domain,controlled,random_forest [occupancy],7.0,0.01367780311379454,0.013677803113794539,1152,12
rho_W5_k4,recent_history,domain,controlled,hist_gradient_boosting [occupancy],8.0,0.01384698596320321,0.01384698596320321,1152,12
rho_W5_k4,recent_history,domain,controlled,extra_trees [occupancy],9.0,0.013966959569613378,0.013966959569613378,1152,12
rho_W5_k4,recent_history,domain,controlled,mask_mle,10.0,0.01640842635342046,0.016408426353420463,1152,12
rho_W5_k4,recent_history,domain,controlled,plugin,11.0,0.019163938753435347,0.01916393875343535,1152,12
rho_W5_k4,recent_history,domain,controlled,ridge [combined],12.0,0.028322025497419342,0.028322025497419346,1152,12
rho_W5_k4,recent_history,domain,controlled,ridge [patterns],13.0,0.028981513128884633,0.02898151312888463,1152,12
rho_W5_k4,recent_history,domain,controlled,extra_trees [crawl],14.0,0.032854057362573616,0.03285405736257362,1152,12
rho_W5_k4,recent_history,domain,controlled,occ_mle,15.0,0.034504065326798845,0.034504065326798845,1152,12
rho_W5_k4,recent_history,domain,controlled,ridge [occupancy],16.0,0.0360731459350696,0.03607314593506959,1152,12
rho_W5_k4,recent_history,domain,controlled,random_forest [crawl],17.0,0.03622355516979779,0.0362235551697978,1152,12
rho_W5_k4,recent_history,domain,controlled,hist_gradient_boosting [crawl],18.0,0.04159173359268272,0.04159173359268271,1152,12
rho_W5_k4,recent_history,domain,controlled,ridge [crawl],19.0,0.0690099803564996,0.06900998035649959,1152,12
rho_W5_k4,recent_history,domain,controlled,mean_floor,20.0,0.10998874261890602,0.10998874261890602,1152,12
rho_W5_k4,recent_history,domain,email,extra_trees [combined],1.0,0.053863083100346584,0.05386308310034659,120,1
rho_W5_k4,recent_history,domain,email,random_forest [combined],2.0,0.05707083896916485,0.057070838969164844,120,1
rho_W5_k4,recent_history,domain,email,hist_gradient_boosting [combined],3.0,0.05998130195453935,0.05998130195453935,120,1
rho_W5_k4,recent_history,domain,email,extra_trees [patterns],4.0,0.061742170873087275,0.061742170873087275,120,1
rho_W5_k4,recent_history,domain,email,hist_gradient_boosting [patterns],5.0,0.061795882628635994,0.061795882628636,120,1
rho_W5_k4,recent_history,domain,email,random_forest [patterns],6.0,0.06194091499669284,0.061940914996692846,120,1
rho_W5_k4,recent_history,domain,email,ridge [occupancy],7.0,0.0709854004943864,0.0709854004943864,120,1
rho_W5_k4,recent_history,domain,email,extra_trees [occupancy],8.0,0.07204907625104084,0.07204907625104084,120,1
rho_W5_k4,recent_history,domain,email,hist_gradient_boosting [occupancy],9.0,0.07397348394080999,0.07397348394080999,120,1
rho_W5_k4,recent_history,domain,email,random_forest [occupancy],10.0,0.07421736513310481,0.07421736513310481,120,1
rho_W5_k4,recent_history,domain,email,ridge [combined],11.0,0.0779674548732833,0.0779674548732833,120,1
rho_W5_k4,recent_history,domain,email,ridge [patterns],12.0,0.08029083221557219,0.08029083221557219,120,1
rho_W5_k4,recent_history,domain,email,hist_gradient_boosting [crawl],13.0,0.08301003471525317,0.08301003471525317,120,1
rho_W5_k4,recent_history,domain,email,occ_mle,14.0,0.09143856070505098,0.09143856070505096,120,1
rho_W5_k4,recent_history,domain,email,mask_mle,15.0,0.09996192230642684,0.09996192230642684,120,1
rho_W5_k4,recent_history,domain,email,mean_floor,16.0,0.11643636438346648,0.11643636438346647,120,1
rho_W5_k4,recent_history,domain,email,random_forest [crawl],17.0,0.12778259282761917,0.12778259282761917,120,1
rho_W5_k4,recent_history,domain,email,plugin,18.0,0.13044629196075863,0.1304462919607586,120,1
rho_W5_k4,recent_history,domain,email,extra_trees [crawl],19.0,0.13381273722494946,0.1338127372249495,120,1
rho_W5_k4,recent_history,domain,email,ridge [crawl],20.0,0.13408318842771863,0.13408318842771863,120,1
rho_W5_k4,recent_history,domain,mechanistic,extra_trees [combined],1.0,0.06664000749477825,0.059994832112582656,1080,18
rho_W5_k4,recent_history,domain,mechanistic,hist_gradient_boosting [combined],2.0,0.07019196348871848,0.06362184138370969,1080,18
rho_W5_k4,recent_history,domain,mechanistic,random_forest [combined],3.0,0.07130564210752155,0.06472223224995638,1080,18
rho_W5_k4,recent_history,domain,mechanistic,extra_trees [patterns],4.0,0.07462451058199965,0.069358514209915,1080,18
rho_W5_k4,recent_history,domain,mechanistic,hist_gradient_boosting [patterns],5.0,0.07794480053630647,0.0734446428960695,1080,18
rho_W5_k4,recent_history,domain,mechanistic,random_forest [patterns],6.0,0.07919089516995714,0.07398663097772959,1080,18
rho_W5_k4,recent_history,domain,mechanistic,extra_trees [occupancy],7.0,0.07835504036334867,0.07474484523626107,1080,18
rho_W5_k4,recent_history,domain,mechanistic,random_forest [occupancy],8.0,0.07891502287200501,0.07506202707250018,1080,18
rho_W5_k4,recent_history,domain,mechanistic,hist_gradient_boosting [occupancy],9.0,0.08100961768630902,0.07776436195719139,1080,18
rho_W5_k4,recent_history,domain,mechanistic,ridge [combined],10.0,0.09878217421169933,0.09036860900341506,1080,18
rho_W5_k4,recent_history,domain,mechanistic,extra_trees [crawl],11.0,0.10650442507541492,0.0920423131960711,1080,18
rho_W5_k4,recent_history,domain,mechanistic,random_forest [crawl],12.0,0.11860647686280057,0.10212454520690639,1080,18
rho_W5_k4,recent_history,domain,mechanistic,ridge [patterns],13.0,0.11002158473886084,0.10332019195111679,1080,18
rho_W5_k4,recent_history,domain,mechanistic,hist_gradient_boosting [crawl],14.0,0.12135836686841865,0.10614332928755585,1080,18
rho_W5_k4,recent_history,domain,mechanistic,ridge [occupancy],15.0,0.11500677474842254,0.11025898084045495,1080,18
rho_W5_k4,recent_history,domain,mechanistic,occ_mle,16.0,0.12939682679620415,0.12250518688423433,1080,18
rho_W5_k4,recent_history,domain,mechanistic,mask_mle,17.0,0.1594713282227216,0.1422673294626535,1080,18
rho_W5_k4,recent_history,domain,mechanistic,ridge [crawl],18.0,0.17514134746259652,0.1568921332410257,1080,18
rho_W5_k4,recent_history,domain,mechanistic,mean_floor,19.0,0.19568159453270717,0.17587773186341435,1080,18
rho_W5_k4,recent_history,domain,mechanistic,plugin,20.0,0.2460670307367512,0.21746204054982363,1080,18
rho_W5_k4,recent_history,domain,messaging,extra_trees [occupancy],1.0,0.020564714477586944,0.02056471447758694,120,1
rho_W5_k4,recent_history,domain,messaging,ridge [occupancy],2.0,0.02487973159096096,0.024879731590960963,120,1
rho_W5_k4,recent_history,domain,messaging,random_forest [occupancy],3.0,0.025683707600052213,0.025683707600052213,120,1
rho_W5_k4,recent_history,domain,messaging,extra_trees [patterns],4.0,0.027965524472756496,0.027965524472756496,120,1
rho_W5_k4,recent_history,domain,messaging,hist_gradient_boosting [occupancy],5.0,0.030136710956075546,0.030136710956075546,120,1
rho_W5_k4,recent_history,domain,messaging,mask_mle,6.0,0.0343920741008003,0.034392074100800314,120,1
rho_W5_k4,recent_history,domain,messaging,occ_mle,7.0,0.03462978509181593,0.03462978509181594,120,1
rho_W5_k4,recent_history,domain,messaging,random_forest [combined],8.0,0.036095663464896795,0.036095663464896795,120,1
rho_W5_k4,recent_history,domain,messaging,ridge [patterns],9.0,0.038015621895798164,0.038015621895798164,120,1
rho_W5_k4,recent_history,domain,messaging,plugin,10.0,0.03810614776705928,0.03810614776705928,120,1
rho_W5_k4,recent_history,domain,messaging,ridge [combined],11.0,0.03937376616895394,0.039373766168953946,120,1
rho_W5_k4,recent_history,domain,messaging,random_forest [patterns],12.0,0.03984375509782327,0.03984375509782327,120,1
rho_W5_k4,recent_history,domain,messaging,extra_trees [combined],13.0,0.05056597542078405,0.050565975420784046,120,1
rho_W5_k4,recent_history,domain,messaging,random_forest [crawl],14.0,0.05739660135375723,0.05739660135375722,120,1
rho_W5_k4,recent_history,domain,messaging,ridge [crawl],15.0,0.08533181823458938,0.08533181823458938,120,1
rho_W5_k4,recent_history,domain,messaging,mean_floor,16.0,0.09762684427989293,0.09762684427989293,120,1
rho_W5_k4,recent_history,domain,messaging,hist_gradient_boosting [patterns],17.0,0.09858665559761744,0.09858665559761744,120,1
rho_W5_k4,recent_history,domain,messaging,hist_gradient_boosting [crawl],18.0,0.1241335310542344,0.1241335310542344,120,1
rho_W5_k4,recent_history,domain,messaging,hist_gradient_boosting [combined],19.0,0.1330981712998712,0.1330981712998712,120,1
rho_W5_k4,recent_history,domain,messaging,extra_trees [crawl],20.0,0.17012431580173476,0.17012431580173473,120,1
rho_W5_k4,recent_history,domain,proximity,extra_trees [occupancy],1.0,0.06739962930850942,0.06739962930850942,480,4
rho_W5_k4,recent_history,domain,proximity,random_forest [occupancy],2.0,0.06921112718646466,0.06921112718646466,480,4
rho_W5_k4,recent_history,domain,proximity,hist_gradient_boosting [occupancy],3.0,0.0722700935932682,0.07227009359326819,480,4
rho_W5_k4,recent_history,domain,proximity,extra_trees [combined],4.0,0.07872148973466979,0.07872148973466982,480,4
rho_W5_k4,recent_history,domain,proximity,random_forest [combined],5.0,0.07923502979113732,0.07923502979113732,480,4
rho_W5_k4,recent_history,domain,proximity,mask_mle,6.0,0.08026742773596555,0.08026742773596557,480,4
rho_W5_k4,recent_history,domain,proximity,occ_mle,7.0,0.08139119893301311,0.08139119893301311,480,4
rho_W5_k4,recent_history,domain,proximity,random_forest [patterns],8.0,0.08512427749284196,0.08512427749284196,480,4
rho_W5_k4,recent_history,domain,proximity,hist_gradient_boosting [combined],9.0,0.08627989833084984,0.08627989833084984,480,4
rho_W5_k4,recent_history,domain,proximity,extra_trees [patterns],10.0,0.08871613389436021,0.0887161338943602,480,4
rho_W5_k4,recent_history,domain,proximity,hist_gradient_boosting [patterns],11.0,0.0926697078596324,0.0926697078596324,480,4
rho_W5_k4,recent_history,domain,proximity,ridge [occupancy],12.0,0.09567730933897205,0.09567730933897205,480,4
rho_W5_k4,recent_history,domain,proximity,plugin,13.0,0.11692721010142515,0.11692721010142516,480,4
rho_W5_k4,recent_history,domain,proximity,ridge [combined],14.0,0.1268032535585719,0.12680325355857192,480,4
rho_W5_k4,recent_history,domain,proximity,mean_floor,15.0,0.13000465843289508,0.13000465843289505,480,4
rho_W5_k4,recent_history,domain,proximity,ridge [patterns],16.0,0.1350359049638678,0.1350359049638678,480,4
rho_W5_k4,recent_history,domain,proximity,ridge [crawl],17.0,0.1391234619793876,0.1391234619793876,480,4
rho_W5_k4,recent_history,domain,proximity,random_forest [crawl],18.0,0.1493869806010937,0.1493869806010937,480,4
rho_W5_k4,recent_history,domain,proximity,extra_trees [crawl],19.0,0.1527831477541626,0.15278314775416257,480,4
rho_W5_k4,recent_history,domain,proximity,hist_gradient_boosting [crawl],20.0,0.16462250062990383,0.16462250062990383,480,4
rho_W5_k4,recent_history,overall,all,extra_trees [combined],1.0,0.04515583353509694,0.04483111168193085,2952,36
rho_W5_k4,recent_history,overall,all,random_forest [combined],2.0,0.04685196526764741,0.0472495273158362,2952,36
rho_W5_k4,recent_history,overall,all,hist_gradient_boosting [combined],3.0,0.05188836182568696,0.050459747643169794,2952,36
rho_W5_k4,recent_history,overall,all,extra_trees [patterns],4.0,0.04985108368510704,0.05085292436992206,2952,36
rho_W5_k4,recent_history,overall,all,extra_trees [occupancy],5.0,0.04884107654882487,0.05208952880696459,2952,36
rho_W5_k4,recent_history,overall,all,random_forest [occupancy],6.0,0.04952389013087352,0.05255543628193202,2952,36
rho_W5_k4,recent_history,overall,all,random_forest [patterns],7.0,0.051702963527820285,0.053337707511142154,2952,36
rho_W5_k4,recent_history,overall,all,hist_gradient_boosting [occupancy],8.0,0.05102472332087359,0.05441980322382894,2952,36
rho_W5_k4,recent_history,overall,all,hist_gradient_boosting [patterns],9.0,0.054968347154431524,0.05562877496328825,2952,36
rho_W5_k4,recent_history,overall,all,ridge [combined],10.0,0.07258070113646523,0.07197370842519522,2952,36
rho_W5_k4,recent_history,overall,all,ridge [patterns],11.0,0.07832792124609275,0.07961088018426553,2952,36
rho_W5_k4,recent_history,overall,all,ridge [occupancy],12.0,0.07560721720137017,0.08044760488306275,2952,36
rho_W5_k4,recent_history,overall,all,extra_trees [crawl],13.0,0.08898408213019413,0.08239111027565271,2952,36
rho_W5_k4,recent_history,overall,all,random_forest [crawl],14.0,0.08934681048703313,0.08487921089854555,2952,36
rho_W5_k4,recent_history,overall,all,occ_mle,15.0,0.07916437438341567,0.08529931359352011,2952,36
rho_W5_k4,recent_history,overall,all,mask_mle,16.0,0.08325961603042359,0.08925379871999717,2952,36
rho_W5_k4,recent_history,overall,all,hist_gradient_boosting [crawl],17.0,0.09581867937376524,0.09098095273825837,2952,36
rho_W5_k4,recent_history,overall,all,ridge [crawl],18.0,0.1225478371205538,0.12300241714434211,2952,36
rho_W5_k4,recent_history,overall,all,plugin,19.0,0.12336741336574222,0.13279292430754353,2952,36
rho_W5_k4,recent_history,overall,all,mean_floor,20.0,0.14435398871263425,0.14499294242675753,2952,36
rho_W5_k4,time_agnostic,budget,100,ridge [combined],1.5,0.1548556830499869,0.16790004309819645,69,18
rho_W5_k4,time_agnostic,budget,100,ridge [crawl],1.5,0.1548556830499869,0.16790004309819645,69,18
rho_W5_k4,time_agnostic,budget,100,mean_floor,3.0,0.16894238278730586,0.17729801325122202,69,18
rho_W5_k4,time_agnostic,budget,100,extra_trees [combined],4.5,0.17287730630837045,0.1914320092458092,69,18
rho_W5_k4,time_agnostic,budget,100,extra_trees [crawl],4.5,0.17287730630837045,0.1914320092458092,69,18
rho_W5_k4,time_agnostic,budget,100,random_forest [combined],6.5,0.17311983711283854,0.19184555713421705,69,18
rho_W5_k4,time_agnostic,budget,100,random_forest [crawl],6.5,0.17311983711283854,0.19184555713421705,69,18
rho_W5_k4,time_agnostic,budget,100,hist_gradient_boosting [combined],8.5,0.1872167995187338,0.2048306085984748,69,18
rho_W5_k4,time_agnostic,budget,100,hist_gradient_boosting [crawl],8.5,0.1872167995187338,0.2048306085984748,69,18
rho_W5_k4,time_agnostic,budget,1600,mean_floor,1.0,0.16894238278730586,0.17729801325122202,69,18
rho_W5_k4,time_agnostic,budget,1600,ridge [combined],2.5,0.17145128345757582,0.1849824603345319,69,18
rho_W5_k4,time_agnostic,budget,1600,ridge [crawl],2.5,0.17145128345757582,0.1849824603345319,69,18
rho_W5_k4,time_agnostic,budget,1600,extra_trees [combined],4.5,0.18071936540829103,0.20762755872863858,69,18
rho_W5_k4,time_agnostic,budget,1600,extra_trees [crawl],4.5,0.18071936540829103,0.20762755872863858,69,18
rho_W5_k4,time_agnostic,budget,1600,random_forest [combined],6.5,0.18258550970218232,0.20929757569871277,69,18
rho_W5_k4,time_agnostic,budget,1600,random_forest [crawl],6.5,0.18258550970218232,0.20929757569871277,69,18
rho_W5_k4,time_agnostic,budget,1600,hist_gradient_boosting [combined],8.5,0.19314686608029358,0.2167251360023961,69,18
rho_W5_k4,time_agnostic,budget,1600,hist_gradient_boosting [crawl],8.5,0.19314686608029358,0.2167251360023961,69,18
rho_W5_k4,time_agnostic,budget,3200,mean_floor,1.0,0.16894238278730586,0.17729801325122202,69,18
rho_W5_k4,time_agnostic,budget,3200,extra_trees [combined],2.5,0.168490224896676,0.20161099553507597,69,18
rho_W5_k4,time_agnostic,budget,3200,extra_trees [crawl],2.5,0.168490224896676,0.20161099553507597,69,18
rho_W5_k4,time_agnostic,budget,3200,ridge [combined],4.5,0.19044062716901947,0.20607282104456326,69,18
rho_W5_k4,time_agnostic,budget,3200,ridge [crawl],4.5,0.19044062716901947,0.20607282104456326,69,18
rho_W5_k4,time_agnostic,budget,3200,random_forest [combined],6.5,0.17633585287463446,0.2064421133289037,69,18
rho_W5_k4,time_agnostic,budget,3200,random_forest [crawl],6.5,0.17633585287463446,0.2064421133289037,69,18
rho_W5_k4,time_agnostic,budget,3200,hist_gradient_boosting [combined],8.5,0.17959109996398423,0.2109779308619436,69,18
rho_W5_k4,time_agnostic,budget,3200,hist_gradient_boosting [crawl],8.5,0.17959109996398423,0.2109779308619436,69,18
rho_W5_k4,time_agnostic,budget,400,ridge [combined],1.5,0.14822048034906254,0.15996382185763253,69,18
rho_W5_k4,time_agnostic,budget,400,ridge [crawl],1.5,0.14822048034906254,0.15996382185763253,69,18
rho_W5_k4,time_agnostic,budget,400,mean_floor,3.0,0.16894238278730586,0.17729801325122202,69,18
rho_W5_k4,time_agnostic,budget,400,random_forest [combined],4.5,0.1764827743198604,0.19740187911086193,69,18
rho_W5_k4,time_agnostic,budget,400,random_forest [crawl],4.5,0.1764827743198604,0.19740187911086193,69,18
rho_W5_k4,time_agnostic,budget,400,extra_trees [combined],6.5,0.19036683188691048,0.2112248696991806,69,18
rho_W5_k4,time_agnostic,budget,400,extra_trees [crawl],6.5,0.19036683188691048,0.2112248696991806,69,18
rho_W5_k4,time_agnostic,budget,400,hist_gradient_boosting [combined],8.5,0.19100849367578687,0.2181669972084769,69,18
rho_W5_k4,time_agnostic,budget,400,hist_gradient_boosting [crawl],8.5,0.19100849367578687,0.2181669972084769,69,18
rho_W5_k4,time_agnostic,coverage_band,high(>.15),mean_floor,1.0,0.1665150407049551,0.17729801325122202,139,18
rho_W5_k4,time_agnostic,coverage_band,high(>.15),ridge [combined],2.5,0.1761719524946765,0.1909435646434357,139,18
rho_W5_k4,time_agnostic,coverage_band,high(>.15),ridge [crawl],2.5,0.1761719524946765,0.1909435646434357,139,18
rho_W5_k4,time_agnostic,coverage_band,high(>.15),random_forest [combined],4.5,0.1785915620126356,0.19963288923347533,139,18
rho_W5_k4,time_agnostic,coverage_band,high(>.15),random_forest [crawl],4.5,0.1785915620126356,0.19963288923347533,139,18
rho_W5_k4,time_agnostic,coverage_band,high(>.15),extra_trees [combined],6.5,0.17668007638350383,0.19977258949299403,139,18
rho_W5_k4,time_agnostic,coverage_band,high(>.15),extra_trees [crawl],6.5,0.17668007638350383,0.19977258949299403,139,18
rho_W5_k4,time_agnostic,coverage_band,high(>.15),hist_gradient_boosting [combined],8.5,0.1865062097056593,0.2059544869275396,139,18
rho_W5_k4,time_agnostic,coverage_band,high(>.15),hist_gradient_boosting [crawl],8.5,0.1865062097056593,0.2059544869275396,139,18
rho_W5_k4,time_agnostic,coverage_band,low(<.02),ridge [combined],1.5,0.1534387280918792,0.16546324716431757,30,8
rho_W5_k4,time_agnostic,coverage_band,low(<.02),ridge [crawl],1.5,0.1534387280918792,0.16546324716431757,30,8
rho_W5_k4,time_agnostic,coverage_band,low(<.02),mean_floor,3.0,0.17742274444335288,0.18509761520352777,30,8
rho_W5_k4,time_agnostic,coverage_band,low(<.02),extra_trees [combined],4.5,0.19167422648658244,0.2097533160567512,30,8
rho_W5_k4,time_agnostic,coverage_band,low(<.02),extra_trees [crawl],4.5,0.19167422648658244,0.2097533160567512,30,8
rho_W5_k4,time_agnostic,coverage_band,low(<.02),random_forest [combined],6.5,0.19600017839756517,0.21398360299179292,30,8
rho_W5_k4,time_agnostic,coverage_band,low(<.02),random_forest [crawl],6.5,0.19600017839756517,0.21398360299179292,30,8
rho_W5_k4,time_agnostic,coverage_band,low(<.02),hist_gradient_boosting [combined],8.5,0.2037171768327349,0.22010764752476103,30,8
rho_W5_k4,time_agnostic,coverage_band,low(<.02),hist_gradient_boosting [crawl],8.5,0.2037171768327349,0.22010764752476103,30,8
rho_W5_k4,time_agnostic,coverage_band,mid,ridge [combined],1.5,0.15693209222666432,0.17007959118167496,107,18
rho_W5_k4,time_agnostic,coverage_band,mid,ridge [crawl],1.5,0.15693209222666432,0.17007959118167496,107,18
rho_W5_k4,time_agnostic,coverage_band,mid,mean_floor,3.0,0.16971798745801003,0.17729801325122202,107,18
rho_W5_k4,time_agnostic,coverage_band,mid,random_forest [combined],4.5,0.16994319378479703,0.19485725367239365,107,18
rho_W5_k4,time_agnostic,coverage_band,mid,random_forest [crawl],4.5,0.16994319378479703,0.19485725367239365,107,18
rho_W5_k4,time_agnostic,coverage_band,mid,extra_trees [combined],6.5,0.17617336312722057,0.20114857694331673,107,18
rho_W5_k4,time_agnostic,coverage_band,mid,extra_trees [crawl],6.5,0.17617336312722057,0.20114857694331673,107,18
rho_W5_k4,time_agnostic,coverage_band,mid,hist_gradient_boosting [combined],8.5,0.18486529377017202,0.21505800144912862,107,18
rho_W5_k4,time_agnostic,coverage_band,mid,hist_gradient_boosting [crawl],8.5,0.18486529377017202,0.21505800144912862,107,18
rho_W5_k4,time_agnostic,data_block,mechanistic_activity,mean_floor,1.0,0.008926424338595224,0.008926424338595224,12,1
rho_W5_k4,time_agnostic,data_block,mechanistic_activity,ridge [combined],2.5,0.15036049666870308,0.15036049666870305,12,1
rho_W5_k4,time_agnostic,data_block,mechanistic_activity,ridge [crawl],2.5,0.15036049666870308,0.15036049666870305,12,1
rho_W5_k4,time_agnostic,data_block,mechanistic_activity,random_forest [combined],4.5,0.29247022401586303,0.29247022401586303,12,1
rho_W5_k4,time_agnostic,data_block,mechanistic_activity,random_forest [crawl],4.5,0.29247022401586303,0.29247022401586303,12,1
rho_W5_k4,time_agnostic,data_block,mechanistic_activity,extra_trees [combined],6.5,0.3083577433298907,0.3083577433298907,12,1
rho_W5_k4,time_agnostic,data_block,mechanistic_activity,extra_trees [crawl],6.5,0.3083577433298907,0.3083577433298907,12,1
rho_W5_k4,time_agnostic,data_block,mechanistic_activity,hist_gradient_boosting [combined],8.5,0.33360979407569813,0.33360979407569813,12,1
rho_W5_k4,time_agnostic,data_block,mechanistic_activity,hist_gradient_boosting [crawl],8.5,0.33360979407569813,0.33360979407569813,12,1
rho_W5_k4,time_agnostic,data_block,mechanistic_dar,mean_floor,1.0,0.22798500322624723,0.22798500322624723,96,8
rho_W5_k4,time_agnostic,data_block,mechanistic_dar,ridge [combined],2.5,0.2379525462958897,0.2379525462958897,96,8
rho_W5_k4,time_agnostic,data_block,mechanistic_dar,ridge [crawl],2.5,0.2379525462958897,0.2379525462958897,96,8
rho_W5_k4,time_agnostic,data_block,mechanistic_dar,extra_trees [combined],4.5,0.2628189382962975,0.2628189382962975,96,8
rho_W5_k4,time_agnostic,data_block,mechanistic_dar,extra_trees [crawl],4.5,0.2628189382962975,0.2628189382962975,96,8
rho_W5_k4,time_agnostic,data_block,mechanistic_dar,random_forest [combined],6.5,0.2632824760957752,0.2632824760957752,96,8
rho_W5_k4,time_agnostic,data_block,mechanistic_dar,random_forest [crawl],6.5,0.2632824760957752,0.2632824760957752,96,8
rho_W5_k4,time_agnostic,data_block,mechanistic_dar,hist_gradient_boosting [combined],8.5,0.27248810711012195,0.27248810711012195,96,8
rho_W5_k4,time_agnostic,data_block,mechanistic_dar,hist_gradient_boosting [crawl],8.5,0.27248810711012195,0.27248810711012195,96,8
rho_W5_k4,time_agnostic,data_block,real_controlled,ridge [combined],1.5,0.0699961275982111,0.06999612759821107,36,3
rho_W5_k4,time_agnostic,data_block,real_controlled,ridge [crawl],1.5,0.0699961275982111,0.06999612759821107,36,3
rho_W5_k4,time_agnostic,data_block,real_controlled,mean_floor,3.0,0.1232280808611897,0.12322808086118975,36,3
rho_W5_k4,time_agnostic,data_block,real_controlled,random_forest [combined],4.5,0.16664496256619873,0.16664496256619876,36,3
rho_W5_k4,time_agnostic,data_block,real_controlled,random_forest [crawl],4.5,0.16664496256619873,0.16664496256619876,36,3
rho_W5_k4,time_agnostic,data_block,real_controlled,extra_trees [combined],6.5,0.18214548705551456,0.1821454870555146,36,3
rho_W5_k4,time_agnostic,data_block,real_controlled,extra_trees [crawl],6.5,0.18214548705551456,0.1821454870555146,36,3
rho_W5_k4,time_agnostic,data_block,real_controlled,hist_gradient_boosting [combined],8.5,0.19201452870561256,0.19201452870561256,36,3
rho_W5_k4,time_agnostic,data_block,real_controlled,hist_gradient_boosting [crawl],8.5,0.19201452870561256,0.19201452870561256,36,3
rho_W5_k4,time_agnostic,data_block,real_shuffle,mean_floor,1.0,0.14477682120017263,0.14477682120017263,24,2
rho_W5_k4,time_agnostic,data_block,real_shuffle,extra_trees [combined],2.5,0.20033644469313053,0.20033644469313053,24,2
rho_W5_k4,time_agnostic,data_block,real_shuffle,extra_trees [crawl],2.5,0.20033644469313053,0.20033644469313053,24,2
rho_W5_k4,time_agnostic,data_block,real_shuffle,ridge [combined],4.5,0.20137539667463503,0.20137539667463503,24,2
rho_W5_k4,time_agnostic,data_block,real_shuffle,ridge [crawl],4.5,0.20137539667463503,0.20137539667463503,24,2
rho_W5_k4,time_agnostic,data_block,real_shuffle,random_forest [combined],6.5,0.2086162170012735,0.20861621700127353,24,2
rho_W5_k4,time_agnostic,data_block,real_shuffle,random_forest [crawl],6.5,0.2086162170012735,0.20861621700127353,24,2
rho_W5_k4,time_agnostic,data_block,real_shuffle,hist_gradient_boosting [combined],8.5,0.21122367066851408,0.2112236706685141,24,2
rho_W5_k4,time_agnostic,data_block,real_shuffle,hist_gradient_boosting [crawl],8.5,0.21122367066851408,0.2112236706685141,24,2
rho_W5_k4,time_agnostic,data_block,synthetic_controlled,extra_trees [combined],1.5,0.08206559318037228,0.07912454115188006,108,5
rho_W5_k4,time_agnostic,data_block,synthetic_controlled,extra_trees [crawl],1.5,0.08206559318037228,0.07912454115188006,108,5
rho_W5_k4,time_agnostic,data_block,synthetic_controlled,random_forest [combined],3.5,0.08423505511905634,0.08100944917957027,108,5
rho_W5_k4,time_agnostic,data_block,synthetic_controlled,random_forest [crawl],3.5,0.08423505511905634,0.08100944917957027,108,5
rho_W5_k4,time_agnostic,data_block,synthetic_controlled,hist_gradient_boosting [combined],5.5,0.08955924024583908,0.08816284166871859,108,5
rho_W5_k4,time_agnostic,data_block,synthetic_controlled,hist_gradient_boosting [crawl],5.5,0.08955924024583908,0.08816284166871859,108,5
rho_W5_k4,time_agnostic,data_block,synthetic_controlled,ridge [combined],7.5,0.12853848694085926,0.12595253125694966,108,5
rho_W5_k4,time_agnostic,data_block,synthetic_controlled,ridge [crawl],7.5,0.12853848694085926,0.12595253125694966,108,5
rho_W5_k4,time_agnostic,data_block,synthetic_controlled,mean_floor,9.0,0.15484782988617188,0.15514594026483947,108,5
rho_W5_k4,time_agnostic,domain,controlled,extra_trees [combined],1.5,0.08206559318037228,0.07912454115188006,108,5
rho_W5_k4,time_agnostic,domain,controlled,extra_trees [crawl],1.5,0.08206559318037228,0.07912454115188006,108,5
rho_W5_k4,time_agnostic,domain,controlled,random_forest [combined],3.5,0.08423505511905634,0.08100944917957027,108,5
rho_W5_k4,time_agnostic,domain,controlled,random_forest [crawl],3.5,0.08423505511905634,0.08100944917957027,108,5
rho_W5_k4,time_agnostic,domain,controlled,hist_gradient_boosting [combined],5.5,0.08955924024583908,0.08816284166871859,108,5
rho_W5_k4,time_agnostic,domain,controlled,hist_gradient_boosting [crawl],5.5,0.08955924024583908,0.08816284166871859,108,5
rho_W5_k4,time_agnostic,domain,controlled,ridge [combined],7.5,0.12853848694085926,0.12595253125694966,108,5
rho_W5_k4,time_agnostic,domain,controlled,ridge [crawl],7.5,0.12853848694085926,0.12595253125694966,108,5
rho_W5_k4,time_agnostic,domain,controlled,mean_floor,9.0,0.15484782988617188,0.15514594026483947,108,5
rho_W5_k4,time_agnostic,domain,email,ridge [combined],1.5,0.07423495983454956,0.07423495983454954,12,1
rho_W5_k4,time_agnostic,domain,email,ridge [crawl],1.5,0.07423495983454956,0.07423495983454954,12,1
rho_W5_k4,time_agnostic,domain,email,mean_floor,3.0,0.13258893520850853,0.1325889352085085,12,1
rho_W5_k4,time_agnostic,domain,email,random_forest [combined],4.5,0.14682948472781016,0.14682948472781018,12,1
rho_W5_k4,time_agnostic,domain,email,random_forest [crawl],4.5,0.14682948472781016,0.14682948472781018,12,1
rho_W5_k4,time_agnostic,domain,email,extra_trees [combined],6.5,0.1622718313298051,0.1622718313298051,12,1
rho_W5_k4,time_agnostic,domain,email,extra_trees [crawl],6.5,0.1622718313298051,0.1622718313298051,12,1
rho_W5_k4,time_agnostic,domain,email,hist_gradient_boosting [combined],8.5,0.17758897562567855,0.17758897562567855,12,1
rho_W5_k4,time_agnostic,domain,email,hist_gradient_boosting [crawl],8.5,0.17758897562567855,0.17758897562567855,12,1
rho_W5_k4,time_agnostic,domain,mechanistic,mean_floor,1.0,0.2036451611276193,0.20364516112761924,108,9
rho_W5_k4,time_agnostic,domain,mechanistic,ridge [combined],2.5,0.22822009633731338,0.2282200963373134,108,9
rho_W5_k4,time_agnostic,domain,mechanistic,ridge [crawl],2.5,0.22822009633731338,0.2282200963373134,108,9
rho_W5_k4,time_agnostic,domain,mechanistic,random_forest [combined],4.5,0.2665255591980072,0.2665255591980072,108,9
rho_W5_k4,time_agnostic,domain,mechanistic,random_forest [crawl],4.5,0.2665255591980072,0.2665255591980072,108,9
rho_W5_k4,time_agnostic,domain,mechanistic,extra_trees [combined],6.5,0.2678788055222523,0.2678788055222523,108,9
rho_W5_k4,time_agnostic,domain,mechanistic,extra_trees [crawl],6.5,0.2678788055222523,0.2678788055222523,108,9
rho_W5_k4,time_agnostic,domain,mechanistic,hist_gradient_boosting [combined],8.5,0.27927940566185266,0.27927940566185266,108,9
rho_W5_k4,time_agnostic,domain,mechanistic,hist_gradient_boosting [crawl],8.5,0.27927940566185266,0.27927940566185266,108,9
rho_W5_k4,time_agnostic,domain,proximity,mean_floor,1.0,0.1316622374438515,0.15007971728023925,48,3
rho_W5_k4,time_agnostic,domain,proximity,ridge [combined],2.5,0.13462605407733844,0.15905255845068011,48,3
rho_W5_k4,time_agnostic,domain,proximity,ridge [crawl],2.5,0.13462605407733844,0.15905255845068011,48,3
rho_W5_k4,time_agnostic,domain,proximity,random_forest [combined],4.5,0.1925844592433333,0.22394510010646773,48,3
rho_W5_k4,time_agnostic,domain,proximity,random_forest [crawl],4.5,0.1925844592433333,0.22394510010646773,48,3
rho_W5_k4,time_agnostic,domain,proximity,extra_trees [combined],6.5,0.1962093798057499,0.2282418875498978,48,3
rho_W5_k4,time_agnostic,domain,proximity,extra_trees [crawl],6.5,0.1962093798057499,0.2282418875498978,48,3
rho_W5_k4,time_agnostic,domain,proximity,hist_gradient_boosting [combined],8.5,0.20522548795704684,0.23207839736495547,48,3
rho_W5_k4,time_agnostic,domain,proximity,hist_gradient_boosting [crawl],8.5,0.20522548795704684,0.23207839736495547,48,3
rho_W5_k4,time_agnostic,overall,all,mean_floor,1.0,0.16894238278730586,0.17729801325122202,276,18
rho_W5_k4,time_agnostic,overall,all,ridge [combined],2.5,0.16624201850641118,0.17972978658373104,276,18
rho_W5_k4,time_agnostic,overall,all,ridge [crawl],2.5,0.16624201850641118,0.17972978658373104,276,18
rho_W5_k4,time_agnostic,overall,all,random_forest [combined],4.5,0.1771309935023789,0.20124678131817386,276,18
rho_W5_k4,time_agnostic,overall,all,random_forest [crawl],4.5,0.1771309935023789,0.20124678131817386,276,18
rho_W5_k4,time_agnostic,overall,all,extra_trees [combined],6.5,0.178113432125062,0.20297385830217604,276,18
rho_W5_k4,time_agnostic,overall,all,extra_trees [crawl],6.5,0.178113432125062,0.20297385830217604,276,18
rho_W5_k4,time_agnostic,overall,all,hist_gradient_boosting [combined],8.5,0.18774081480969962,0.21267516816782284,276,18
rho_W5_k4,time_agnostic,overall,all,hist_gradient_boosting [crawl],8.5,0.18774081480969962,0.21267516816782284,276,18
rho_W5_k4,time_agnostic_t,budget,100,hist_gradient_boosting [combined],1.0,0.0680398568152096,0.06676960010419578,738,36
rho_W5_k4,time_agnostic_t,budget,100,extra_trees [combined],2.0,0.0694731749561357,0.06766659506429674,738,36
rho_W5_k4,time_agnostic_t,budget,100,random_forest [combined],3.0,0.07011895820648861,0.0685509863637328,738,36
rho_W5_k4,time_agnostic_t,budget,100,extra_trees [patterns],4.0,0.07066145591001753,0.06866324251213231,738,36
rho_W5_k4,time_agnostic_t,budget,100,random_forest [patterns],5.0,0.07085106091444686,0.06917592756308383,738,36
rho_W5_k4,time_agnostic_t,budget,100,hist_gradient_boosting [patterns],6.0,0.07172921116390835,0.06997605996012746,738,36
rho_W5_k4,time_agnostic_t,budget,100,hist_gradient_boosting [occupancy],7.0,0.07231180158787516,0.07372305062701626,738,36
rho_W5_k4,time_agnostic_t,budget,100,extra_trees [occupancy],8.0,0.07383587696886824,0.07472676348926376,738,36
rho_W5_k4,time_agnostic_t,budget,100,random_forest [occupancy],9.0,0.07470403146026866,0.07571945568859778,738,36
rho_W5_k4,time_agnostic_t,budget,100,ridge [occupancy],10.0,0.09164577836630584,0.09310284285707365,738,36
rho_W5_k4,time_agnostic_t,budget,100,ridge [combined],11.0,0.09501699156408515,0.09554901900007473,738,36
rho_W5_k4,time_agnostic_t,budget,100,ridge [patterns],12.0,0.09566613351256482,0.09557682198436242,738,36
rho_W5_k4,time_agnostic_t,budget,100,mask_mle,13.0,0.10663864986282363,0.11403281974990549,738,36
rho_W5_k4,time_agnostic_t,budget,100,occ_mle,14.0,0.11423107803873606,0.11425271392786418,738,36
rho_W5_k4,time_agnostic_t,budget,100,hist_gradient_boosting [crawl],15.0,0.11605647011274546,0.1200028856004708,738,36
rho_W5_k4,time_agnostic_t,budget,100,extra_trees [crawl],16.0,0.11611988838188611,0.12132837586296888,738,36
rho_W5_k4,time_agnostic_t,budget,100,random_forest [crawl],17.0,0.11746687966888725,0.12246333457983151,738,36
rho_W5_k4,time_agnostic_t,budget,100,ridge [crawl],18.0,0.1247216556642118,0.1280320500597807,738,36
rho_W5_k4,time_agnostic_t,budget,100,plugin,19.0,0.12584752271479063,0.1349918858200968,738,36
rho_W5_k4,time_agnostic_t,budget,100,mean_floor,20.0,0.14435398871263422,0.14499294242675753,738,36
rho_W5_k4,time_agnostic_t,budget,1600,extra_trees [combined],1.0,0.022736350490199616,0.020367383657512624,738,36
rho_W5_k4,time_agnostic_t,budget,1600,random_forest [combined],2.0,0.02337611761481253,0.02059002301233899,738,36
rho_W5_k4,time_agnostic_t,budget,1600,extra_trees [occupancy],3.0,0.02291270066551635,0.02252100415563104,738,36
rho_W5_k4,time_agnostic_t,budget,1600,random_forest [patterns],4.0,0.026050203883230733,0.0234391321792644,738,36
rho_W5_k4,time_agnostic_t,budget,1600,random_forest [occupancy],5.0,0.02413971547161129,0.023512642214722844,738,36
rho_W5_k4,time_agnostic_t,budget,1600,extra_trees [patterns],6.0,0.026401691638026876,0.02403565927490651,738,36
rho_W5_k4,time_agnostic_t,budget,1600,hist_gradient_boosting [combined],7.0,0.028051455051826036,0.025421344702221283,738,36
rho_W5_k4,time_agnostic_t,budget,1600,hist_gradient_boosting [occupancy],8.0,0.026089082112695394,0.026679564568439063,738,36
rho_W5_k4,time_agnostic_t,budget,1600,hist_gradient_boosting [patterns],9.0,0.029555835619550636,0.026909639594575478,738,36
rho_W5_k4,time_agnostic_t,budget,1600,occ_mle,10.0,0.042044284263006514,0.043303625399609,738,36
rho_W5_k4,time_agnostic_t,budget,1600,ridge [patterns],11.0,0.05005830422337765,0.049900737519758716,738,36
rho_W5_k4,time_agnostic_t,budget,1600,ridge [combined],12.0,0.051357531084831216,0.051255690927904766,738,36
rho_W5_k4,time_agnostic_t,budget,1600,ridge [occupancy],13.0,0.055030248323221106,0.05516302368280069,738,36
rho_W5_k4,time_agnostic_t,budget,1600,mask_mle,14.0,0.05618354850036848,0.05744968836135348,738,36
rho_W5_k4,time_agnostic_t,budget,1600,extra_trees [crawl],15.0,0.09141882908996009,0.09126006935991969,738,36
rho_W5_k4,time_agnostic_t,budget,1600,random_forest [crawl],16.0,0.09232130706473386,0.09481904167368803,738,36
rho_W5_k4,time_agnostic_t,budget,1600,hist_gradient_boosting [crawl],17.0,0.09803343460294889,0.10282368199528033,738,36
rho_W5_k4,time_agnostic_t,budget,1600,ridge [crawl],18.0,0.1227977207136448,0.12394160242572322,738,36
rho_W5_k4,time_agnostic_t,budget,1600,plugin,19.0,0.12320618033768065,0.13197015169666945,738,36
rho_W5_k4,time_agnostic_t,budget,1600,mean_floor,20.0,0.14435398871263422,0.14499294242675753,738,36
rho_W5_k4,time_agnostic_t,budget,3200,extra_trees [combined],1.0,0.020727481119535842,0.018247948808055754,738,36
rho_W5_k4,time_agnostic_t,budget,3200,extra_trees [occupancy],2.0,0.01975894009501496,0.01891157398013351,738,36
rho_W5_k4,time_agnostic_t,budget,3200,random_forest [combined],3.0,0.022773597767316626,0.020421885808353968,738,36
rho_W5_k4,time_agnostic_t,budget,3200,extra_trees [patterns],4.0,0.023460783173117852,0.021023854381371568,738,36
rho_W5_k4,time_agnostic_t,budget,3200,random_forest [occupancy],5.0,0.02271365012477602,0.022164472777630978,738,36
rho_W5_k4,time_agnostic_t,budget,3200,random_forest [patterns],6.0,0.025253160391390677,0.022940910664488938,738,36
rho_W5_k4,time_agnostic_t,budget,3200,hist_gradient_boosting [occupancy],7.0,0.024260324931968936,0.024049099737900557,738,36
rho_W5_k4,time_agnostic_t,budget,3200,hist_gradient_boosting [combined],8.0,0.02635825939167275,0.024170640728997335,738,36
rho_W5_k4,time_agnostic_t,budget,3200,hist_gradient_boosting [patterns],9.0,0.027883569692142087,0.025483957675143804,738,36
rho_W5_k4,time_agnostic_t,budget,3200,occ_mle,10.0,0.031405037511989344,0.03190880136477339,738,36
rho_W5_k4,time_agnostic_t,budget,3200,mask_mle,11.0,0.043316586843789695,0.04299571949962003,738,36
rho_W5_k4,time_agnostic_t,budget,3200,ridge [occupancy],12.0,0.05219292991513869,0.05223780145720848,738,36
rho_W5_k4,time_agnostic_t,budget,3200,ridge [patterns],13.0,0.05221439737246756,0.053335716118129685,738,36
rho_W5_k4,time_agnostic_t,budget,3200,ridge [combined],14.0,0.05981260564071073,0.06100047794696458,738,36
rho_W5_k4,time_agnostic_t,budget,3200,extra_trees [crawl],15.0,0.08224983392847586,0.07925514967342341,738,36
rho_W5_k4,time_agnostic_t,budget,3200,random_forest [crawl],16.0,0.0924964836334722,0.090807772743583,738,36
rho_W5_k4,time_agnostic_t,budget,3200,hist_gradient_boosting [crawl],17.0,0.09362567343851502,0.09588733320264287,738,36
rho_W5_k4,time_agnostic_t,budget,3200,ridge [crawl],18.0,0.12139070937260041,0.12287207064017618,738,36
rho_W5_k4,time_agnostic_t,budget,3200,plugin,19.0,0.11816260685980837,0.1262984975118806,738,36
rho_W5_k4,time_agnostic_t,budget,3200,mean_floor,20.0,0.14435398871263422,0.14499294242675753,738,36
rho_W5_k4,time_agnostic_t,budget,400,extra_trees [combined],1.0,0.03518502790634654,0.03325369040791555,738,36
rho_W5_k4,time_agnostic_t,budget,400,random_forest [combined],2.0,0.03574785492034827,0.0336521924222994,738,36
rho_W5_k4,time_agnostic_t,budget,400,random_forest [patterns],3.0,0.0382795978923121,0.036325902729427345,738,36
rho_W5_k4,time_agnostic_t,budget,400,extra_trees [patterns],4.0,0.03861196503602071,0.0367858836867531,738,36
rho_W5_k4,time_agnostic_t,budget,400,hist_gradient_boosting [combined],5.0,0.03881385989996047,0.037417806999816464,738,36
rho_W5_k4,time_agnostic_t,budget,400,random_forest [occupancy],6.0,0.03856405854399293,0.037776628451273914,738,36
rho_W5_k4,time_agnostic_t,budget,400,extra_trees [occupancy],7.0,0.03954002710570604,0.038734629097713774,738,36
rho_W5_k4,time_agnostic_t,budget,400,hist_gradient_boosting [occupancy],8.0,0.039278941224743805,0.038856802293918004,738,36
rho_W5_k4,time_agnostic_t,budget,400,hist_gradient_boosting [patterns],9.0,0.041390260705280284,0.03952254835447233,738,36
rho_W5_k4,time_agnostic_t,budget,400,ridge [patterns],10.0,0.062469821507630606,0.06263317167895738,738,36
rho_W5_k4,time_agnostic_t,budget,400,ridge [combined],11.0,0.06467686169396342,0.06524660533084534,738,36
rho_W5_k4,time_agnostic_t,budget,400,ridge [occupancy],12.0,0.0721798840933381,0.0723714137881593,738,36
rho_W5_k4,time_agnostic_t,budget,400,occ_mle,13.0,0.07243283951523478,0.07366730799923,738,36
rho_W5_k4,time_agnostic_t,budget,400,mask_mle,14.0,0.08593775909897773,0.09041101173672023,738,36
rho_W5_k4,time_agnostic_t,budget,400,hist_gradient_boosting [crawl],15.0,0.10610274154417859,0.10984040775430462,738,36
rho_W5_k4,time_agnostic_t,budget,400,extra_trees [crawl],16.0,0.10689741457157118,0.11088300990216053,738,36
rho_W5_k4,time_agnostic_t,budget,400,random_forest [crawl],17.0,0.10738865702127244,0.11143866017869329,738,36
rho_W5_k4,time_agnostic_t,budget,400,ridge [crawl],18.0,0.12148550277967123,0.12329970614931313,738,36
rho_W5_k4,time_agnostic_t,budget,400,plugin,19.0,0.1256325638807843,0.1347427080538678,738,36
rho_W5_k4,time_agnostic_t,budget,400,mean_floor,20.0,0.14435398871263422,0.14499294242675753,738,36
rho_W5_k4,time_agnostic_t,coverage_band,high(>.15),extra_trees [combined],1.0,0.02532238889836775,0.01931271247359137,1362,36
rho_W5_k4,time_agnostic_t,coverage_band,high(>.15),extra_trees [occupancy],2.0,0.022611870878541933,0.02021500302547295,1362,36
rho_W5_k4,time_agnostic_t,coverage_band,high(>.15),random_forest [combined],3.0,0.02727925587872088,0.020358199009400495,1362,36
rho_W5_k4,time_agnostic_t,coverage_band,high(>.15),random_forest [occupancy],4.0,0.025312397605303173,0.022563636642008777,1362,36
rho_W5_k4,time_agnostic_t,coverage_band,high(>.15),extra_trees [patterns],5.0,0.028458130361795647,0.02277568117011105,1362,36
rho_W5_k4,time_agnostic_t,coverage_band,high(>.15),random_forest [patterns],6.0,0.030201097565650405,0.02336110186802505,1362,36
rho_W5_k4,time_agnostic_t,coverage_band,high(>.15),hist_gradient_boosting [combined],7.0,0.03107105482858678,0.02497965268638239,1362,36
rho_W5_k4,time_agnostic_t,coverage_band,high(>.15),hist_gradient_boosting [occupancy],8.0,0.027509684846345913,0.025816872126313648,1362,36
rho_W5_k4,time_agnostic_t,coverage_band,high(>.15),hist_gradient_boosting [patterns],9.0,0.03268320412281542,0.027078185607092915,1362,36
rho_W5_k4,time_agnostic_t,coverage_band,high(>.15),occ_mle,10.0,0.04182785676548976,0.03894089331342599,1362,36
rho_W5_k4,time_agnostic_t,coverage_band,high(>.15),ridge [patterns],11.0,0.0553968828816279,0.04952545796870787,1362,36
rho_W5_k4,time_agnostic_t,coverage_band,high(>.15),ridge [occupancy],12.0,0.056531418436296776,0.051967934629347984,1362,36
rho_W5_k4,time_agnostic_t,coverage_band,high(>.15),ridge [combined],13.0,0.062032943929824357,0.05383331313041161,1362,36
rho_W5_k4,time_agnostic_t,coverage_band,high(>.15),mask_mle,14.0,0.05868948342261522,0.056577723645649426,1362,36
rho_W5_k4,time_agnostic_t,coverage_band,high(>.15),extra_trees [crawl],15.0,0.09983676919627357,0.08582012636977975,1362,36
rho_W5_k4,time_agnostic_t,coverage_band,high(>.15),random_forest [crawl],16.0,0.10529414562587916,0.0939273844800918,1362,36
rho_W5_k4,time_agnostic_t,coverage_band,high(>.15),hist_gradient_boosting [crawl],17.0,0.1077014652533809,0.09989954986423309,1362,36
rho_W5_k4,time_agnostic_t,coverage_band,high(>.15),ridge [crawl],18.0,0.13242173283248615,0.1244658314631338,1362,36
rho_W5_k4,time_agnostic_t,coverage_band,high(>.15),plugin,19.0,0.1401416164618325,0.1392448356203092,1362,36
rho_W5_k4,time_agnostic_t,coverage_band,high(>.15),mean_floor,20.0,0.15221109925332846,0.14772835231178452,1362,36
rho_W5_k4,time_agnostic_t,coverage_band,low(<.02),random_forest [combined],1.0,0.07184909720500866,0.06543483523314128,409,21
rho_W5_k4,time_agnostic_t,coverage_band,low(<.02),random_forest [patterns],2.0,0.07154146569593016,0.06596152471485742,409,21
rho_W5_k4,time_agnostic_t,coverage_band,low(<.02),hist_gradient_boosting [combined],3.0,0.07098692061817716,0.070145481161963,409,21
rho_W5_k4,time_agnostic_t,coverage_band,low(<.02),extra_trees [combined],4.0,0.07250514881604705,0.0703576900812936,409,21
rho_W5_k4,time_agnostic_t,coverage_band,low(<.02),hist_gradient_boosting [patterns],5.0,0.07391923181265826,0.07077661868171962,409,21
rho_W5_k4,time_agnostic_t,coverage_band,low(<.02),hist_gradient_boosting [occupancy],6.0,0.07356361532022156,0.07329224740149533,409,21
rho_W5_k4,time_agnostic_t,coverage_band,low(<.02),random_forest [occupancy],7.0,0.07698880297702003,0.07366965382585981,409,21
rho_W5_k4,time_agnostic_t,coverage_band,low(<.02),extra_trees [patterns],8.0,0.07378490275971611,0.07413491996288156,409,21
rho_W5_k4,time_agnostic_t,coverage_band,low(<.02),extra_trees [occupancy],9.0,0.07882520680265669,0.07609616461237183,409,21
rho_W5_k4,time_agnostic_t,coverage_band,low(<.02),ridge [combined],10.0,0.09722752518266822,0.09811870718378876,409,21
rho_W5_k4,time_agnostic_t,coverage_band,low(<.02),hist_gradient_boosting [crawl],11.0,0.10437895788350575,0.10293806841189015,409,21
rho_W5_k4,time_agnostic_t,coverage_band,low(<.02),ridge [occupancy],12.0,0.09482082740779955,0.1098090845271369,409,21
rho_W5_k4,time_agnostic_t,coverage_band,low(<.02),ridge [patterns],13.0,0.09722008561384377,0.10994789429532156,409,21
rho_W5_k4,time_agnostic_t,coverage_band,low(<.02),extra_trees [crawl],14.0,0.10917410477211992,0.11048304867267825,409,21
rho_W5_k4,time_agnostic_t,coverage_band,low(<.02),random_forest [crawl],15.0,0.10896466225651924,0.1106424024295171,409,21
rho_W5_k4,time_agnostic_t,coverage_band,low(<.02),ridge [crawl],16.0,0.11604999850545661,0.11843746223134592,409,21
rho_W5_k4,time_agnostic_t,coverage_band,low(<.02),mask_mle,17.0,0.1081302673039728,0.1287380287050764,409,21
rho_W5_k4,time_agnostic_t,coverage_band,low(<.02),occ_mle,18.0,0.12174517289590268,0.13482631147625318,409,21
rho_W5_k4,time_agnostic_t,coverage_band,low(<.02),plugin,19.0,0.12343430196188432,0.14449665425695707,409,21
rho_W5_k4,time_agnostic_t,coverage_band,low(<.02),mean_floor,20.0,0.14001389287377247,0.1480369404653064,409,21
rho_W5_k4,time_agnostic_t,coverage_band,mid,extra_trees [combined],1.0,0.03824755452595812,0.04305495973951043,1181,36
rho_W5_k4,time_agnostic_t,coverage_band,mid,random_forest [combined],2.0,0.03865162639792596,0.043541544999627424,1181,36
rho_W5_k4,time_agnostic_t,coverage_band,mid,hist_gradient_boosting [combined],3.0,0.040355618108152386,0.04514882574957692,1181,36
rho_W5_k4,time_agnostic_t,coverage_band,mid,random_forest [patterns],4.0,0.04064856450466335,0.04538069286266116,1181,36
rho_W5_k4,time_agnostic_t,coverage_band,mid,extra_trees [patterns],5.0,0.04107052691558973,0.0453893601932272,1181,36
rho_W5_k4,time_agnostic_t,coverage_band,mid,hist_gradient_boosting [patterns],6.0,0.04328955252568892,0.04774815781960363,1181,36
rho_W5_k4,time_agnostic_t,coverage_band,mid,extra_trees [occupancy],7.0,0.04413735001646674,0.04982361511235531,1181,36
rho_W5_k4,time_agnostic_t,coverage_band,mid,random_forest [occupancy],8.0,0.044204681013763576,0.050378353414944885,1181,36
rho_W5_k4,time_agnostic_t,coverage_band,mid,hist_gradient_boosting [occupancy],9.0,0.04399332867737622,0.05088260396519903,1181,36
rho_W5_k4,time_agnostic_t,coverage_band,mid,ridge [combined],10.0,0.06404970124958317,0.07290284436559215,1181,36
rho_W5_k4,time_agnostic_t,coverage_band,mid,ridge [patterns],11.0,0.0651719043876365,0.07304675697879505,1181,36
rho_W5_k4,time_agnostic_t,coverage_band,mid,ridge [occupancy],12.0,0.07134338197722316,0.07868730807852108,1181,36
rho_W5_k4,time_agnostic_t,coverage_band,mid,occ_mle,13.0,0.07214246739691461,0.08003103288527927,1181,36
rho_W5_k4,time_agnostic_t,coverage_band,mid,mask_mle,14.0,0.0773853801429901,0.09440101583330078,1181,36
rho_W5_k4,time_agnostic_t,coverage_band,mid,extra_trees [crawl],15.0,0.09494018153271429,0.1085446683178788,1181,36
rho_W5_k4,time_agnostic_t,coverage_band,mid,random_forest [crawl],16.0,0.09683466757599501,0.11027311517236187,1181,36
rho_W5_k4,time_agnostic_t,coverage_band,mid,hist_gradient_boosting [crawl],17.0,0.09823668965956962,0.1121274504470312,1181,36
rho_W5_k4,time_agnostic_t,coverage_band,mid,ridge [crawl],18.0,0.11353860696753323,0.12183331564146926,1181,36
rho_W5_k4,time_agnostic_t,coverage_band,mid,plugin,19.0,0.10361131052993618,0.12803016702940248,1181,36
rho_W5_k4,time_agnostic_t,coverage_band,mid,mean_floor,20.0,0.13679574539482633,0.1441812988610535,1181,36
rho_W5_k4,time_agnostic_t,data_block,mechanistic_activity,extra_trees [combined],1.0,0.019677123241050937,0.019677123241050937,216,6
rho_W5_k4,time_agnostic_t,data_block,mechanistic_activity,random_forest [combined],2.0,0.02119627049576242,0.02119627049576242,216,6
rho_W5_k4,time_agnostic_t,data_block,mechanistic_activity,extra_trees [occupancy],3.0,0.023703771138643175,0.023703771138643175,216,6
rho_W5_k4,time_agnostic_t,data_block,mechanistic_activity,random_forest [occupancy],4.0,0.02500558464918427,0.02500558464918427,216,6
rho_W5_k4,time_agnostic_t,data_block,mechanistic_activity,extra_trees [patterns],5.0,0.025127528664441342,0.025127528664441342,216,6
rho_W5_k4,time_agnostic_t,data_block,mechanistic_activity,random_forest [patterns],6.0,0.02548658022918688,0.025486580229186883,216,6
rho_W5_k4,time_agnostic_t,data_block,mechanistic_activity,hist_gradient_boosting [combined],7.0,0.026540999142109237,0.026540999142109237,216,6
rho_W5_k4,time_agnostic_t,data_block,mechanistic_activity,hist_gradient_boosting [patterns],8.0,0.028975671838480103,0.028975671838480096,216,6
rho_W5_k4,time_agnostic_t,data_block,mechanistic_activity,hist_gradient_boosting [occupancy],9.0,0.030412195222375808,0.03041219522237581,216,6
rho_W5_k4,time_agnostic_t,data_block,mechanistic_activity,ridge [patterns],10.0,0.034966263396685654,0.034966263396685654,216,6
rho_W5_k4,time_agnostic_t,data_block,mechanistic_activity,ridge [occupancy],11.0,0.03626277212295403,0.03626277212295403,216,6
rho_W5_k4,time_agnostic_t,data_block,mechanistic_activity,ridge [combined],12.0,0.03656235300593718,0.03656235300593718,216,6
rho_W5_k4,time_agnostic_t,data_block,mechanistic_activity,occ_mle,13.0,0.04191346722497688,0.04191346722497688,216,6
rho_W5_k4,time_agnostic_t,data_block,mechanistic_activity,mask_mle,14.0,0.052996693219727706,0.0529966932197277,216,6
rho_W5_k4,time_agnostic_t,data_block,mechanistic_activity,extra_trees [crawl],15.0,0.06417267990218675,0.06417267990218674,216,6
rho_W5_k4,time_agnostic_t,data_block,mechanistic_activity,random_forest [crawl],16.0,0.07258459938776661,0.0725845993877666,216,6
rho_W5_k4,time_agnostic_t,data_block,mechanistic_activity,ridge [crawl],17.0,0.0763949199261347,0.07639491992613472,216,6
rho_W5_k4,time_agnostic_t,data_block,mechanistic_activity,mean_floor,18.0,0.07685841851695017,0.07685841851695017,216,6
rho_W5_k4,time_agnostic_t,data_block,mechanistic_activity,plugin,19.0,0.07686567399439094,0.07686567399439093,216,6
rho_W5_k4,time_agnostic_t,data_block,mechanistic_activity,hist_gradient_boosting [crawl],20.0,0.07868374712413193,0.07868374712413194,216,6
rho_W5_k4,time_agnostic_t,data_block,mechanistic_dar,extra_trees [combined],1.0,0.04842177202188136,0.04842177202188135,864,12
rho_W5_k4,time_agnostic_t,data_block,mechanistic_dar,random_forest [combined],2.0,0.04860645673210066,0.04860645673210065,864,12
rho_W5_k4,time_agnostic_t,data_block,mechanistic_dar,extra_trees [patterns],3.0,0.04944677277021099,0.049446772770210985,864,12
rho_W5_k4,time_agnostic_t,data_block,mechanistic_dar,random_forest [patterns],4.0,0.049764078368904535,0.049764078368904535,864,12
rho_W5_k4,time_agnostic_t,data_block,mechanistic_dar,hist_gradient_boosting [combined],5.0,0.05161665998850738,0.05161665998850739,864,12
rho_W5_k4,time_agnostic_t,data_block,mechanistic_dar,hist_gradient_boosting [patterns],6.0,0.05222232547605007,0.05222232547605007,864,12
rho_W5_k4,time_agnostic_t,data_block,mechanistic_dar,extra_trees [occupancy],7.0,0.06180590115177492,0.06180590115177492,864,12
rho_W5_k4,time_agnostic_t,data_block,mechanistic_dar,random_forest [occupancy],8.0,0.06340985715614282,0.06340985715614282,864,12
rho_W5_k4,time_agnostic_t,data_block,mechanistic_dar,hist_gradient_boosting [occupancy],9.0,0.06409095402995578,0.06409095402995577,864,12
rho_W5_k4,time_agnostic_t,data_block,mechanistic_dar,occ_mle,10.0,0.1041859684789617,0.10418596847896168,864,12
rho_W5_k4,time_agnostic_t,data_block,mechanistic_dar,ridge [patterns],11.0,0.11189287701478558,0.11189287701478556,864,12
rho_W5_k4,time_agnostic_t,data_block,mechanistic_dar,ridge [occupancy],12.0,0.11338466723614847,0.11338466723614847,864,12
rho_W5_k4,time_agnostic_t,data_block,mechanistic_dar,ridge [combined],13.0,0.11944811217683989,0.11944811217683989,864,12
rho_W5_k4,time_agnostic_t,data_block,mechanistic_dar,mask_mle,14.0,0.1430267916059254,0.14302679160592538,864,12
rho_W5_k4,time_agnostic_t,data_block,mechanistic_dar,extra_trees [crawl],15.0,0.17262358191438107,0.172623581914381,864,12
rho_W5_k4,time_agnostic_t,data_block,mechanistic_dar,random_forest [crawl],16.0,0.17890816476086133,0.17890816476086127,864,12
rho_W5_k4,time_agnostic_t,data_block,mechanistic_dar,hist_gradient_boosting [crawl],17.0,0.18453760629573598,0.18453760629573598,864,12
rho_W5_k4,time_agnostic_t,data_block,mechanistic_dar,ridge [crawl],18.0,0.19800581785525223,0.1980058178552522,864,12
rho_W5_k4,time_agnostic_t,data_block,mechanistic_dar,mean_floor,19.0,0.22538738853664644,0.22538738853664642,864,12
rho_W5_k4,time_agnostic_t,data_block,mechanistic_dar,plugin,20.0,0.2816210405862758,0.28162104058627574,864,12
rho_W5_k4,time_agnostic_t,data_block,real_controlled,extra_trees [occupancy],1.0,0.019413379392726346,0.019413379392726346,432,6
rho_W5_k4,time_agnostic_t,data_block,real_controlled,hist_gradient_boosting [occupancy],2.0,0.01950544772118855,0.019505447721188545,432,6
rho_W5_k4,time_agnostic_t,data_block,real_controlled,random_forest [occupancy],3.0,0.020194665886278378,0.02019466588627838,432,6
rho_W5_k4,time_agnostic_t,data_block,real_controlled,mask_mle,4.0,0.02564008528428056,0.025640085284280564,432,6
rho_W5_k4,time_agnostic_t,data_block,real_controlled,plugin,5.0,0.03175048717228708,0.031750487172287074,432,6
rho_W5_k4,time_agnostic_t,data_block,real_controlled,extra_trees [combined],6.0,0.034636825030645774,0.03463682503064577,432,6
rho_W5_k4,time_agnostic_t,data_block,real_controlled,random_forest [combined],7.0,0.03545614016880637,0.03545614016880636,432,6
rho_W5_k4,time_agnostic_t,data_block,real_controlled,random_forest [patterns],8.0,0.03990504935002906,0.039905049350029066,432,6
rho_W5_k4,time_agnostic_t,data_block,real_controlled,ridge [occupancy],9.0,0.039954219800463146,0.03995421980046314,432,6
rho_W5_k4,time_agnostic_t,data_block,real_controlled,extra_trees [patterns],10.0,0.04087509756676648,0.04087509756676648,432,6
rho_W5_k4,time_agnostic_t,data_block,real_controlled,hist_gradient_boosting [combined],11.0,0.04109193055458144,0.04109193055458144,432,6
rho_W5_k4,time_agnostic_t,data_block,real_controlled,hist_gradient_boosting [patterns],12.0,0.045720959359700525,0.04572095935970052,432,6
rho_W5_k4,time_agnostic_t,data_block,real_controlled,ridge [patterns],13.0,0.046157340028415934,0.04615734002841595,432,6
rho_W5_k4,time_agnostic_t,data_block,real_controlled,occ_mle,14.0,0.04810668949262653,0.04810668949262653,432,6
rho_W5_k4,time_agnostic_t,data_block,real_controlled,ridge [crawl],15.0,0.04823020995670818,0.04823020995670819,432,6
rho_W5_k4,time_agnostic_t,data_block,real_controlled,ridge [combined],16.0,0.05512326380149946,0.055123263801499456,432,6
rho_W5_k4,time_agnostic_t,data_block,real_controlled,hist_gradient_boosting [crawl],17.0,0.0789138024018337,0.0789138024018337,432,6
rho_W5_k4,time_agnostic_t,data_block,real_controlled,random_forest [crawl],18.0,0.09092217942957002,0.09092217942957002,432,6
rho_W5_k4,time_agnostic_t,data_block,real_controlled,extra_trees [crawl],19.0,0.09129839182031876,0.09129839182031874,432,6
rho_W5_k4,time_agnostic_t,data_block,real_controlled,mean_floor,20.0,0.09419126057483115,0.09419126057483114,432,6
rho_W5_k4,time_agnostic_t,data_block,real_empirical,ridge [occupancy],1.0,0.03909601485103494,0.039096014851034935,72,6
rho_W5_k4,time_agnostic_t,data_block,real_empirical,random_forest [occupancy],2.0,0.04954439615727598,0.04954439615727598,72,6
rho_W5_k4,time_agnostic_t,data_block,real_empirical,extra_trees [occupancy],3.0,0.04960559358466552,0.04960559358466552,72,6
rho_W5_k4,time_agnostic_t,data_block,real_empirical,hist_gradient_boosting [occupancy],4.0,0.05031836969108297,0.05031836969108297,72,6
rho_W5_k4,time_agnostic_t,data_block,real_empirical,occ_mle,5.0,0.0628356352856021,0.0628356352856021,72,6
rho_W5_k4,time_agnostic_t,data_block,real_empirical,ridge [combined],6.0,0.06530906259451642,0.06530906259451642,72,6
rho_W5_k4,time_agnostic_t,data_block,real_empirical,mean_floor,7.0,0.06534288504654892,0.06534288504654892,72,6
rho_W5_k4,time_agnostic_t,data_block,real_empirical,extra_trees [combined],8.0,0.06624634044857564,0.06624634044857564,72,6
rho_W5_k4,time_agnostic_t,data_block,real_empirical,random_forest [combined],9.0,0.06969952851958502,0.06969952851958502,72,6
rho_W5_k4,time_agnostic_t,data_block,real_empirical,ridge [patterns],10.0,0.07260199611122792,0.07260199611122792,72,6
rho_W5_k4,time_agnostic_t,data_block,real_empirical,mask_mle,11.0,0.07318903586786449,0.07318903586786447,72,6
rho_W5_k4,time_agnostic_t,data_block,real_empirical,hist_gradient_boosting [combined],12.0,0.07354450532884677,0.07354450532884677,72,6
rho_W5_k4,time_agnostic_t,data_block,real_empirical,hist_gradient_boosting [crawl],13.0,0.07470196904662409,0.07470196904662409,72,6
rho_W5_k4,time_agnostic_t,data_block,real_empirical,extra_trees [crawl],14.0,0.0787413748871146,0.0787413748871146,72,6
rho_W5_k4,time_agnostic_t,data_block,real_empirical,random_forest [crawl],15.0,0.07944920850575049,0.07944920850575048,72,6
rho_W5_k4,time_agnostic_t,data_block,real_empirical,random_forest [patterns],16.0,0.07990638826968577,0.07990638826968577,72,6
rho_W5_k4,time_agnostic_t,data_block,real_empirical,extra_trees [patterns],17.0,0.08033705993547478,0.08033705993547478,72,6
rho_W5_k4,time_agnostic_t,data_block,real_empirical,plugin,18.0,0.08121824743641515,0.08121824743641515,72,6
rho_W5_k4,time_agnostic_t,data_block,real_empirical,hist_gradient_boosting [patterns],19.0,0.08825441046606264,0.08825441046606262,72,6
rho_W5_k4,time_agnostic_t,data_block,real_empirical,ridge [crawl],20.0,0.09151081765948217,0.09151081765948217,72,6
rho_W5_k4,time_agnostic_t,data_block,real_shuffle,occ_mle,1.0,0.10764562402774734,0.10764562402774731,216,6
rho_W5_k4,time_agnostic_t,data_block,real_shuffle,extra_trees [occupancy],2.0,0.1221416203317298,0.12214162033172983,216,6
rho_W5_k4,time_agnostic_t,data_block,real_shuffle,hist_gradient_boosting [occupancy],3.0,0.12523151722987716,0.1252315172298772,216,6
rho_W5_k4,time_agnostic_t,data_block,real_shuffle,random_forest [occupancy],4.0,0.1261523398257476,0.12615233982574767,216,6
rho_W5_k4,time_agnostic_t,data_block,real_shuffle,extra_trees [combined],5.0,0.135137807088589,0.135137807088589,216,6
rho_W5_k4,time_agnostic_t,data_block,real_shuffle,ridge [combined],6.0,0.13521477253112107,0.13521477253112107,216,6
rho_W5_k4,time_agnostic_t,data_block,real_shuffle,hist_gradient_boosting [combined],7.0,0.1379164614781571,0.1379164614781571,216,6
rho_W5_k4,time_agnostic_t,data_block,real_shuffle,ridge [occupancy],8.0,0.13806316426705698,0.13806316426705698,216,6
rho_W5_k4,time_agnostic_t,data_block,real_shuffle,extra_trees [patterns],9.0,0.13891076430833282,0.13891076430833282,216,6
rho_W5_k4,time_agnostic_t,data_block,real_shuffle,random_forest [combined],10.0,0.13918045239488372,0.13918045239488375,216,6
rho_W5_k4,time_agnostic_t,data_block,real_shuffle,ridge [patterns],11.0,0.14054163414357307,0.14054163414357307,216,6
rho_W5_k4,time_agnostic_t,data_block,real_shuffle,random_forest [patterns],12.0,0.14081356116092505,0.14081356116092505,216,6
rho_W5_k4,time_agnostic_t,data_block,real_shuffle,hist_gradient_boosting [patterns],13.0,0.14462275310658732,0.14462275310658732,216,6
rho_W5_k4,time_agnostic_t,data_block,real_shuffle,random_forest [crawl],14.0,0.19727515764473805,0.19727515764473802,216,6
rho_W5_k4,time_agnostic_t,data_block,real_shuffle,mean_floor,15.0,0.19765976294312115,0.19765976294312115,216,6
rho_W5_k4,time_agnostic_t,data_block,real_shuffle,extra_trees [crawl],16.0,0.19893879272814716,0.19893879272814718,216,6
rho_W5_k4,time_agnostic_t,data_block,real_shuffle,hist_gradient_boosting [crawl],17.0,0.20153046398028676,0.20153046398028682,216,6
rho_W5_k4,time_agnostic_t,data_block,real_shuffle,mask_mle,18.0,0.2113307166208747,0.2113307166208747,216,6
rho_W5_k4,time_agnostic_t,data_block,real_shuffle,ridge [crawl],19.0,0.24438181117605198,0.24438181117605207,216,6
rho_W5_k4,time_agnostic_t,data_block,real_shuffle,plugin,20.0,0.286883896019599,0.286883896019599,216,6
rho_W5_k4,time_agnostic_t,data_block,synthetic_controlled,extra_trees [combined],1.0,0.012417344216017819,0.01241734421601782,1152,12
rho_W5_k4,time_agnostic_t,data_block,synthetic_controlled,random_forest [combined],2.0,0.013207837389208273,0.013207837389208275,1152,12
rho_W5_k4,time_agnostic_t,data_block,synthetic_controlled,extra_trees [patterns],3.0,0.013754945875887338,0.013754945875887338,1152,12
rho_W5_k4,time_agnostic_t,data_block,synthetic_controlled,hist_gradient_boosting [combined],4.0,0.013755111187320795,0.013755111187320796,1152,12
rho_W5_k4,time_agnostic_t,data_block,synthetic_controlled,random_forest [patterns],5.0,0.014315167976068653,0.014315167976068651,1152,12
rho_W5_k4,time_agnostic_t,data_block,synthetic_controlled,hist_gradient_boosting [patterns],6.0,0.01488657149574781,0.01488657149574781,1152,12
rho_W5_k4,time_agnostic_t,data_block,synthetic_controlled,extra_trees [occupancy],7.0,0.0158871547741494,0.0158871547741494,1152,12
rho_W5_k4,time_agnostic_t,data_block,synthetic_controlled,random_forest [occupancy],8.0,0.016008779320824718,0.016008779320824715,1152,12
rho_W5_k4,time_agnostic_t,data_block,synthetic_controlled,hist_gradient_boosting [occupancy],9.0,0.01603205589391946,0.016032055893919456,1152,12
rho_W5_k4,time_agnostic_t,data_block,synthetic_controlled,mask_mle,10.0,0.01609070642310157,0.01609070642310157,1152,12
rho_W5_k4,time_agnostic_t,data_block,synthetic_controlled,plugin,11.0,0.019329911801968035,0.019329911801968035,1152,12
rho_W5_k4,time_agnostic_t,data_block,synthetic_controlled,ridge [combined],12.0,0.02697490807468976,0.02697490807468976,1152,12
rho_W5_k4,time_agnostic_t,data_block,synthetic_controlled,ridge [patterns],13.0,0.02815027982715563,0.028150279827155626,1152,12
rho_W5_k4,time_agnostic_t,data_block,synthetic_controlled,extra_trees [crawl],14.0,0.03616762653370654,0.036167626533706546,1152,12
rho_W5_k4,time_agnostic_t,data_block,synthetic_controlled,occ_mle,15.0,0.03848600221092714,0.03848600221092714,1152,12
rho_W5_k4,time_agnostic_t,data_block,synthetic_controlled,ridge [occupancy],16.0,0.03848971671855687,0.038489716718556874,1152,12
rho_W5_k4,time_agnostic_t,data_block,synthetic_controlled,random_forest [crawl],17.0,0.03860575452623302,0.03860575452623303,1152,12
rho_W5_k4,time_agnostic_t,data_block,synthetic_controlled,hist_gradient_boosting [crawl],18.0,0.03989744278679766,0.03989744278679766,1152,12
rho_W5_k4,time_agnostic_t,data_block,synthetic_controlled,ridge [crawl],19.0,0.08170391859153098,0.08170391859153098,1152,12
rho_W5_k4,time_agnostic_t,data_block,synthetic_controlled,mean_floor,20.0,0.10998874261890602,0.10998874261890602,1152,12
rho_W5_k4,time_agnostic_t,domain,controlled,extra_trees [combined],1.0,0.012417344216017819,0.01241734421601782,1152,12
rho_W5_k4,time_agnostic_t,domain,controlled,random_forest [combined],2.0,0.013207837389208273,0.013207837389208275,1152,12
rho_W5_k4,time_agnostic_t,domain,controlled,extra_trees [patterns],3.0,0.013754945875887338,0.013754945875887338,1152,12
rho_W5_k4,time_agnostic_t,domain,controlled,hist_gradient_boosting [combined],4.0,0.013755111187320795,0.013755111187320796,1152,12
rho_W5_k4,time_agnostic_t,domain,controlled,random_forest [patterns],5.0,0.014315167976068653,0.014315167976068651,1152,12
rho_W5_k4,time_agnostic_t,domain,controlled,hist_gradient_boosting [patterns],6.0,0.01488657149574781,0.01488657149574781,1152,12
rho_W5_k4,time_agnostic_t,domain,controlled,extra_trees [occupancy],7.0,0.0158871547741494,0.0158871547741494,1152,12
rho_W5_k4,time_agnostic_t,domain,controlled,random_forest [occupancy],8.0,0.016008779320824718,0.016008779320824715,1152,12
rho_W5_k4,time_agnostic_t,domain,controlled,hist_gradient_boosting [occupancy],9.0,0.01603205589391946,0.016032055893919456,1152,12
rho_W5_k4,time_agnostic_t,domain,controlled,mask_mle,10.0,0.01609070642310157,0.01609070642310157,1152,12
rho_W5_k4,time_agnostic_t,domain,controlled,plugin,11.0,0.019329911801968035,0.019329911801968035,1152,12
rho_W5_k4,time_agnostic_t,domain,controlled,ridge [combined],12.0,0.02697490807468976,0.02697490807468976,1152,12
rho_W5_k4,time_agnostic_t,domain,controlled,ridge [patterns],13.0,0.02815027982715563,0.028150279827155626,1152,12
rho_W5_k4,time_agnostic_t,domain,controlled,extra_trees [crawl],14.0,0.03616762653370654,0.036167626533706546,1152,12
rho_W5_k4,time_agnostic_t,domain,controlled,occ_mle,15.0,0.03848600221092714,0.03848600221092714,1152,12
rho_W5_k4,time_agnostic_t,domain,controlled,ridge [occupancy],16.0,0.03848971671855687,0.038489716718556874,1152,12
rho_W5_k4,time_agnostic_t,domain,controlled,random_forest [crawl],17.0,0.03860575452623302,0.03860575452623303,1152,12
rho_W5_k4,time_agnostic_t,domain,controlled,hist_gradient_boosting [crawl],18.0,0.03989744278679766,0.03989744278679766,1152,12
rho_W5_k4,time_agnostic_t,domain,controlled,ridge [crawl],19.0,0.08170391859153098,0.08170391859153098,1152,12
rho_W5_k4,time_agnostic_t,domain,controlled,mean_floor,20.0,0.10998874261890602,0.10998874261890602,1152,12
rho_W5_k4,time_agnostic_t,domain,email,occ_mle,1.0,0.06830790320047576,0.06830790320047576,120,1
rho_W5_k4,time_agnostic_t,domain,email,hist_gradient_boosting [occupancy],2.0,0.0725703051868716,0.07257030518687159,120,1
rho_W5_k4,time_agnostic_t,domain,email,extra_trees [occupancy],3.0,0.07289520564218117,0.07289520564218117,120,1
rho_W5_k4,time_agnostic_t,domain,email,random_forest [occupancy],4.0,0.07435623711966197,0.07435623711966197,120,1
rho_W5_k4,time_agnostic_t,domain,email,random_forest [combined],5.0,0.07525645919261056,0.07525645919261056,120,1
rho_W5_k4,time_agnostic_t,domain,email,extra_trees [combined],6.0,0.07746105811473418,0.07746105811473418,120,1
rho_W5_k4,time_agnostic_t,domain,email,random_forest [patterns],7.0,0.07811847399365028,0.0781184739936503,120,1
rho_W5_k4,time_agnostic_t,domain,email,hist_gradient_boosting [combined],8.0,0.08156992640259861,0.08156992640259862,120,1
rho_W5_k4,time_agnostic_t,domain,email,extra_trees [patterns],9.0,0.08261952230734071,0.08261952230734072,120,1
rho_W5_k4,time_agnostic_t,domain,email,ridge [occupancy],10.0,0.08378402522028223,0.08378402522028222,120,1
rho_W5_k4,time_agnostic_t,domain,email,ridge [combined],11.0,0.08959672704238365,0.08959672704238365,120,1
rho_W5_k4,time_agnostic_t,domain,email,ridge [patterns],12.0,0.089907518856034,0.08990751885603397,120,1
rho_W5_k4,time_agnostic_t,domain,email,hist_gradient_boosting [patterns],13.0,0.09036947036405081,0.09036947036405081,120,1
rho_W5_k4,time_agnostic_t,domain,email,random_forest [crawl],14.0,0.10974235549469305,0.10974235549469305,120,1
rho_W5_k4,time_agnostic_t,domain,email,extra_trees [crawl],15.0,0.11078452116528534,0.11078452116528532,120,1
rho_W5_k4,time_agnostic_t,domain,email,hist_gradient_boosting [crawl],16.0,0.1115168786262517,0.1115168786262517,120,1
rho_W5_k4,time_agnostic_t,domain,email,mask_mle,17.0,0.11201248699330903,0.11201248699330903,120,1
rho_W5_k4,time_agnostic_t,domain,email,mean_floor,18.0,0.11643636438346648,0.11643636438346647,120,1
rho_W5_k4,time_agnostic_t,domain,email,ridge [crawl],19.0,0.12058889114295983,0.12058889114295981,120,1
rho_W5_k4,time_agnostic_t,domain,email,plugin,20.0,0.13172040560571946,0.13172040560571946,120,1
rho_W5_k4,time_agnostic_t,domain,mechanistic,extra_trees [combined],1.0,0.04267284226571527,0.03884022242827121,1080,18
rho_W5_k4,time_agnostic_t,domain,mechanistic,random_forest [combined],2.0,0.043124419484833004,0.039469727986654574,1080,18
rho_W5_k4,time_agnostic_t,domain,mechanistic,extra_trees [patterns],3.0,0.04458292394905706,0.04134035806828777,1080,18
rho_W5_k4,time_agnostic_t,domain,mechanistic,random_forest [patterns],4.0,0.044908578740961005,0.04167157898899865,1080,18
rho_W5_k4,time_agnostic_t,domain,mechanistic,hist_gradient_boosting [combined],5.0,0.04660152781922776,0.04325810637304133,1080,18
rho_W5_k4,time_agnostic_t,domain,mechanistic,hist_gradient_boosting [patterns],6.0,0.047572994748536074,0.04447344093019342,1080,18
rho_W5_k4,time_agnostic_t,domain,mechanistic,extra_trees [occupancy],7.0,0.05418547514914858,0.04910519114739768,1080,18
rho_W5_k4,time_agnostic_t,domain,mechanistic,random_forest [occupancy],8.0,0.05572900265475112,0.05060843298715664,1080,18
rho_W5_k4,time_agnostic_t,domain,mechanistic,hist_gradient_boosting [occupancy],9.0,0.05735520226843978,0.05286470109409578,1080,18
rho_W5_k4,time_agnostic_t,domain,mechanistic,occ_mle,10.0,0.09173146822816473,0.08342846806096675,1080,18
rho_W5_k4,time_agnostic_t,domain,mechanistic,ridge [patterns],11.0,0.09650755429116559,0.08625067247541893,1080,18
rho_W5_k4,time_agnostic_t,domain,mechanistic,ridge [occupancy],12.0,0.09796028821350956,0.08767736886508365,1080,18
rho_W5_k4,time_agnostic_t,domain,mechanistic,ridge [combined],13.0,0.10287096034265936,0.09181952578653897,1080,18
rho_W5_k4,time_agnostic_t,domain,mechanistic,mask_mle,14.0,0.12502077192868585,0.11301675881052617,1080,18
rho_W5_k4,time_agnostic_t,domain,mechanistic,extra_trees [crawl],15.0,0.15093340151194218,0.1364732812436496,1080,18
rho_W5_k4,time_agnostic_t,domain,mechanistic,random_forest [crawl],16.0,0.15764345168624236,0.14346697630316307,1080,18
rho_W5_k4,time_agnostic_t,domain,mechanistic,hist_gradient_boosting [crawl],17.0,0.16336683446141517,0.14925298657186797,1080,18
rho_W5_k4,time_agnostic_t,domain,mechanistic,ridge [crawl],18.0,0.17368363826942873,0.1574688518788797,1080,18
rho_W5_k4,time_agnostic_t,domain,mechanistic,mean_floor,19.0,0.19568159453270717,0.17587773186341435,1080,18
rho_W5_k4,time_agnostic_t,domain,mechanistic,plugin,20.0,0.24066996726789883,0.21336925172231413,1080,18
rho_W5_k4,time_agnostic_t,domain,messaging,hist_gradient_boosting [occupancy],1.0,0.023637219586739193,0.023637219586739196,120,1
rho_W5_k4,time_agnostic_t,domain,messaging,random_forest [occupancy],2.0,0.02419046980052338,0.02419046980052338,120,1
rho_W5_k4,time_agnostic_t,domain,messaging,extra_trees [occupancy],3.0,0.024257615808536758,0.024257615808536758,120,1
rho_W5_k4,time_agnostic_t,domain,messaging,random_forest [combined],4.0,0.02428827428561977,0.02428827428561977,120,1
rho_W5_k4,time_agnostic_t,domain,messaging,extra_trees [combined],5.0,0.025289280778281454,0.025289280778281457,120,1
rho_W5_k4,time_agnostic_t,domain,messaging,hist_gradient_boosting [combined],6.0,0.027965172787074898,0.027965172787074898,120,1
rho_W5_k4,time_agnostic_t,domain,messaging,ridge [occupancy],7.0,0.031487219779968996,0.03148721977996899,120,1
rho_W5_k4,time_agnostic_t,domain,messaging,mask_mle,8.0,0.03318917840862543,0.03318917840862543,120,1
rho_W5_k4,time_agnostic_t,domain,messaging,random_forest [patterns],9.0,0.03323088932437816,0.03323088932437816,120,1
rho_W5_k4,time_agnostic_t,domain,messaging,ridge [crawl],10.0,0.037849256418247705,0.037849256418247705,120,1
rho_W5_k4,time_agnostic_t,domain,messaging,plugin,11.0,0.03816813429839221,0.03816813429839221,120,1
rho_W5_k4,time_agnostic_t,domain,messaging,ridge [combined],12.0,0.03859088946892379,0.03859088946892379,120,1
rho_W5_k4,time_agnostic_t,domain,messaging,occ_mle,13.0,0.04160709261704733,0.04160709261704732,120,1
rho_W5_k4,time_agnostic_t,domain,messaging,extra_trees [patterns],14.0,0.0430952809783341,0.0430952809783341,120,1
rho_W5_k4,time_agnostic_t,domain,messaging,hist_gradient_boosting [crawl],15.0,0.04575740992710295,0.045757409927102956,120,1
rho_W5_k4,time_agnostic_t,domain,messaging,hist_gradient_boosting [patterns],16.0,0.05040877578401622,0.05040877578401622,120,1
rho_W5_k4,time_agnostic_t,domain,messaging,random_forest [crawl],17.0,0.057750155691457604,0.05775015569145761,120,1
rho_W5_k4,time_agnostic_t,domain,messaging,ridge [patterns],18.0,0.06180964809854968,0.06180964809854968,120,1
rho_W5_k4,time_agnostic_t,domain,messaging,extra_trees [crawl],19.0,0.06566387920000977,0.06566387920000977,120,1
rho_W5_k4,time_agnostic_t,domain,messaging,mean_floor,20.0,0.09762684427989293,0.09762684427989293,120,1
rho_W5_k4,time_agnostic_t,domain,proximity,extra_trees [occupancy],1.0,0.055588404277752475,0.05558840427775247,480,4
rho_W5_k4,time_agnostic_t,domain,proximity,hist_gradient_boosting [occupancy],2.0,0.057404959962774164,0.05740495996277417,480,4
rho_W5_k4,time_agnostic_t,domain,proximity,random_forest [occupancy],3.0,0.057738734912782044,0.05773873491278204,480,4
rho_W5_k4,time_agnostic_t,domain,proximity,occ_mle,4.0,0.07368314769430974,0.07368314769430973,480,4
rho_W5_k4,time_agnostic_t,domain,proximity,ridge [occupancy],5.0,0.0751338127181849,0.0751338127181849,480,4
rho_W5_k4,time_agnostic_t,domain,proximity,extra_trees [combined],6.0,0.07623452206147867,0.07623452206147867,480,4
rho_W5_k4,time_agnostic_t,domain,proximity,ridge [patterns],7.0,0.0777463490682205,0.0777463490682205,480,4
rho_W5_k4,time_agnostic_t,domain,proximity,extra_trees [patterns],8.0,0.07991928991774212,0.07991928991774211,480,4
rho_W5_k4,time_agnostic_t,domain,proximity,random_forest [combined],9.0,0.08011047563800358,0.08011047563800358,480,4
rho_W5_k4,time_agnostic_t,domain,proximity,hist_gradient_boosting [combined],10.0,0.08269304616620261,0.08269304616620263,480,4
rho_W5_k4,time_agnostic_t,domain,proximity,random_forest [patterns],11.0,0.08342926434838818,0.08342926434838818,480,4
rho_W5_k4,time_agnostic_t,domain,proximity,hist_gradient_boosting [patterns],12.0,0.0842727023545874,0.0842727023545874,480,4
rho_W5_k4,time_agnostic_t,domain,proximity,ridge [combined],13.0,0.08820704032170461,0.08820704032170461,480,4
rho_W5_k4,time_agnostic_t,domain,proximity,mask_mle,14.0,0.09285283826494219,0.09285283826494217,480,4
rho_W5_k4,time_agnostic_t,domain,proximity,plugin,15.0,0.1273837938033123,0.12738379380331227,480,4
rho_W5_k4,time_agnostic_t,domain,proximity,ridge [crawl],16.0,0.12749608974888121,0.12749608974888121,480,4
rho_W5_k4,time_agnostic_t,domain,proximity,mean_floor,17.0,0.13000465843289508,0.13000465843289505,480,4
rho_W5_k4,time_agnostic_t,domain,proximity,hist_gradient_boosting [crawl],18.0,0.13359785417143435,0.13359785417143433,480,4
rho_W5_k4,time_agnostic_t,domain,proximity,extra_trees [crawl],19.0,0.13939011550769653,0.13939011550769653,480,4
rho_W5_k4,time_agnostic_t,domain,proximity,random_forest [crawl],20.0,0.14064803590607003,0.14064803590607003,480,4
rho_W5_k4,time_agnostic_t,overall,all,extra_trees [combined],1.0,0.037030508618054424,0.03488390448444517,2952,36
rho_W5_k4,time_agnostic_t,overall,all,random_forest [combined],2.0,0.03800413212724151,0.03580377190168129,2952,36
rho_W5_k4,time_agnostic_t,overall,all,extra_trees [patterns],3.0,0.039783973939295746,0.03762715996379087,2952,36
rho_W5_k4,time_agnostic_t,overall,all,random_forest [patterns],4.0,0.040108505770345096,0.03797046828406613,2952,36
rho_W5_k4,time_agnostic_t,overall,all,hist_gradient_boosting [combined],5.0,0.04031585778966721,0.03844484813380771,2952,36
rho_W5_k4,time_agnostic_t,overall,all,extra_trees [occupancy],6.0,0.039011886208776395,0.03872349268068552,2952,36
rho_W5_k4,time_agnostic_t,overall,all,random_forest [occupancy],7.0,0.04003036390016223,0.039793299783056374,2952,36
rho_W5_k4,time_agnostic_t,overall,all,hist_gradient_boosting [patterns],8.0,0.04263971929522034,0.04047305139607978,2952,36
rho_W5_k4,time_agnostic_t,overall,all,hist_gradient_boosting [occupancy],9.0,0.040485037464320826,0.04082712930681847,2952,36
rho_W5_k4,time_agnostic_t,overall,all,ridge [patterns],10.0,0.06510216415401016,0.06536161182530205,2952,36
rho_W5_k4,time_agnostic_t,overall,all,occ_mle,11.0,0.06502830983224166,0.06578311217286915,2952,36
rho_W5_k4,time_agnostic_t,overall,all,ridge [occupancy],12.0,0.06776221017450093,0.06821877044631054,2952,36
rho_W5_k4,time_agnostic_t,overall,all,ridge [combined],13.0,0.06771599749589763,0.06826294830144736,2952,36
rho_W5_k4,time_agnostic_t,overall,all,mask_mle,14.0,0.07301913607648988,0.0762223098368998,2952,36
rho_W5_k4,time_agnostic_t,overall,all,extra_trees [crawl],15.0,0.0991714914929733,0.10068165119961812,2952,36
rho_W5_k4,time_agnostic_t,overall,all,random_forest [crawl],16.0,0.10241833184709143,0.10488220229394894,2952,36
rho_W5_k4,time_agnostic_t,overall,all,hist_gradient_boosting [crawl],17.0,0.10345457992459701,0.10713857713817465,2952,36
rho_W5_k4,time_agnostic_t,overall,all,ridge [crawl],18.0,0.12259889713253204,0.12453635731874829,2952,36
rho_W5_k4,time_agnostic_t,overall,all,plugin,19.0,0.12321221844826599,0.1320008107706287,2952,36
rho_W5_k4,time_agnostic_t,overall,all,mean_floor,20.0,0.14435398871263425,0.14499294242675753,2952,36
rho_W5_k4,time_respecting,budget,100,extra_trees [combined],1.0,0.08197613862113658,0.085404820093034,738,36
rho_W5_k4,time_respecting,budget,100,random_forest [combined],2.0,0.08281776836141383,0.08655820931267003,738,36
rho_W5_k4,time_respecting,budget,100,hist_gradient_boosting [combined],3.0,0.08390808663631655,0.08752333815368345,738,36
rho_W5_k4,time_respecting,budget,100,extra_trees [patterns],4.0,0.08387558931825834,0.08813359929192084,738,36
rho_W5_k4,time_respecting,budget,100,hist_gradient_boosting [patterns],5.0,0.08313462189882652,0.08842339857355189,738,36
rho_W5_k4,time_respecting,budget,100,random_forest [patterns],6.0,0.08515839863668567,0.08930800247866977,738,36
rho_W5_k4,time_respecting,budget,100,ridge [combined],7.0,0.09448800485039756,0.10063609246170484,738,36
rho_W5_k4,time_respecting,budget,100,ridge [patterns],8.0,0.09811468716926218,0.10591346202163822,738,36
rho_W5_k4,time_respecting,budget,100,hist_gradient_boosting [occupancy],9.0,0.09904830319800262,0.10606466073915405,738,36
rho_W5_k4,time_respecting,budget,100,random_forest [occupancy],10.0,0.10232819298219038,0.10887029613848997,738,36
rho_W5_k4,time_respecting,budget,100,extra_trees [occupancy],11.0,0.10319059446982719,0.11002146645251942,738,36
rho_W5_k4,time_respecting,budget,100,ridge [occupancy],12.0,0.10984343833405825,0.11908372209787034,738,36
rho_W5_k4,time_respecting,budget,100,extra_trees [crawl],13.0,0.1254673433293301,0.12481250442366965,738,36
rho_W5_k4,time_respecting,budget,100,random_forest [crawl],14.0,0.12819897796850985,0.127268763813821,738,36
rho_W5_k4,time_respecting,budget,100,hist_gradient_boosting [crawl],15.0,0.1308412830969592,0.13114772900226854,738,36
rho_W5_k4,time_respecting,budget,100,occ_mle,16.0,0.12217898400720505,0.1347002570889767,738,36
rho_W5_k4,time_respecting,budget,100,mask_mle,17.0,0.1271271476554256,0.1369561138365204,738,36
rho_W5_k4,time_respecting,budget,100,plugin,18.0,0.1276295813058264,0.13702145254877648,738,36
rho_W5_k4,time_respecting,budget,100,ridge [crawl],19.0,0.1410422019051898,0.14290817695741698,738,36
rho_W5_k4,time_respecting,budget,100,mean_floor,20.0,0.14435398871263422,0.14499294242675753,738,36
rho_W5_k4,time_respecting,budget,1600,random_forest [combined],1.0,0.029174707271407363,0.02744832699655879,738,36
rho_W5_k4,time_respecting,budget,1600,extra_trees [combined],2.0,0.03024347736741259,0.028229734734582526,738,36
rho_W5_k4,time_respecting,budget,1600,hist_gradient_boosting [combined],3.0,0.02932302983184549,0.028937170973011603,738,36
rho_W5_k4,time_respecting,budget,1600,random_forest [patterns],4.0,0.03146461141915205,0.029908580099233823,738,36
rho_W5_k4,time_respecting,budget,1600,hist_gradient_boosting [patterns],5.0,0.030955338811136834,0.030550439844767217,738,36
rho_W5_k4,time_respecting,budget,1600,extra_trees [patterns],6.0,0.03330185638667259,0.030979388445803953,738,36
rho_W5_k4,time_respecting,budget,1600,ridge [combined],7.0,0.06511947089068959,0.06769862658031807,738,36
rho_W5_k4,time_respecting,budget,1600,random_forest [occupancy],8.0,0.06226585336647971,0.06957360357534373,738,36
rho_W5_k4,time_respecting,budget,1600,extra_trees [occupancy],9.0,0.06299059956151476,0.07074558955614169,738,36
rho_W5_k4,time_respecting,budget,1600,hist_gradient_boosting [occupancy],10.0,0.06438799540943482,0.07257090413717422,738,36
rho_W5_k4,time_respecting,budget,1600,ridge [patterns],11.0,0.07006977303545045,0.0762972172193014,738,36
rho_W5_k4,time_respecting,budget,1600,extra_trees [crawl],12.0,0.08922251972967506,0.08550208175706639,738,36
rho_W5_k4,time_respecting,budget,1600,ridge [occupancy],13.0,0.08356923707653889,0.09146405292206303,738,36
rho_W5_k4,time_respecting,budget,1600,random_forest [crawl],14.0,0.09731371162950307,0.09418863780888048,738,36
rho_W5_k4,time_respecting,budget,1600,hist_gradient_boosting [crawl],15.0,0.09891638254978076,0.09615935334171923,738,36
rho_W5_k4,time_respecting,budget,1600,ridge [crawl],16.0,0.10943192241973686,0.11352477119030596,738,36
rho_W5_k4,time_respecting,budget,1600,occ_mle,17.0,0.11334766906369158,0.11987308354277088,738,36
rho_W5_k4,time_respecting,budget,1600,mask_mle,18.0,0.12053399754632445,0.1276979329940538,738,36
rho_W5_k4,time_respecting,budget,1600,plugin,19.0,0.12724559084348333,0.136577043362076,738,36
rho_W5_k4,time_respecting,budget,1600,mean_floor,20.0,0.14435398871263422,0.14499294242675753,738,36
rho_W5_k4,time_respecting,budget,3200,hist_gradient_boosting [patterns],1.0,0.02523636340399449,0.024429005584042228,738,36
rho_W5_k4,time_respecting,budget,3200,random_forest [combined],2.0,0.027593979668291125,0.024508083094310733,738,36
rho_W5_k4,time_respecting,budget,3200,extra_trees [combined],3.0,0.02822524923032082,0.024824653778174208,738,36
rho_W5_k4,time_respecting,budget,3200,random_forest [patterns],4.0,0.028205374191615996,0.02510246253278501,738,36
rho_W5_k4,time_respecting,budget,3200,hist_gradient_boosting [combined],5.0,0.026352283881414588,0.025428459696785723,738,36
rho_W5_k4,time_respecting,budget,3200,extra_trees [patterns],6.0,0.02975629606745146,0.02598084489053841,738,36
rho_W5_k4,time_respecting,budget,3200,extra_trees [occupancy],7.0,0.05217894588833265,0.05471289381166597,738,36
rho_W5_k4,time_respecting,budget,3200,random_forest [occupancy],8.0,0.05371614952174564,0.05540431242224339,738,36
rho_W5_k4,time_respecting,budget,3200,hist_gradient_boosting [occupancy],9.0,0.05762347382655145,0.06036454638213024,738,36
rho_W5_k4,time_respecting,budget,3200,ridge [combined],10.0,0.06874339922163768,0.07043459639672828,738,36
rho_W5_k4,time_respecting,budget,3200,extra_trees [crawl],11.0,0.07711176326379739,0.07151481298962191,738,36
rho_W5_k4,time_respecting,budget,3200,ridge [patterns],12.0,0.0705319957173443,0.07385715522319186,738,36
rho_W5_k4,time_respecting,budget,3200,ridge [occupancy],13.0,0.07891924383270643,0.08326919794661221,738,36
rho_W5_k4,time_respecting,budget,3200,hist_gradient_boosting [crawl],14.0,0.0937374830338312,0.08939685682697673,738,36
rho_W5_k4,time_respecting,budget,3200,random_forest [crawl],15.0,0.09601465876502811,0.09109057365452765,738,36
rho_W5_k4,time_respecting,budget,3200,ridge [crawl],16.0,0.12138778758919785,0.12092061185166017,738,36
rho_W5_k4,time_respecting,budget,3200,occ_mle,17.0,0.11447689772267351,0.12153183365144561,738,36
rho_W5_k4,time_respecting,budget,3200,mask_mle,18.0,0.11642174707267071,0.12325179954219509,738,36
rho_W5_k4,time_respecting,budget,3200,plugin,19.0,0.12641985154899696,0.13563396701272765,738,36
rho_W5_k4,time_respecting,budget,3200,mean_floor,20.0,0.14435398871263422,0.14499294242675753,738,36
rho_W5_k4,time_respecting,budget,400,random_forest [combined],1.0,0.0505957551356537,0.05222916128329762,738,36
rho_W5_k4,time_respecting,budget,400,hist_gradient_boosting [combined],2.0,0.050877166956530794,0.052857987680942006,738,36
rho_W5_k4,time_respecting,budget,400,random_forest [patterns],3.0,0.05201554398855918,0.05383041232282731,738,36
rho_W5_k4,time_respecting,budget,400,extra_trees [combined],4.0,0.053157252964833465,0.05477688936643961,738,36
rho_W5_k4,time_respecting,budget,400,hist_gradient_boosting [patterns],5.0,0.05255718686238849,0.055327632069063,738,36
rho_W5_k4,time_respecting,budget,400,extra_trees [patterns],6.0,0.05529634181181363,0.05717263714410795,738,36
rho_W5_k4,time_respecting,budget,400,ridge [combined],7.0,0.07713127791349901,0.0821549993542024,738,36
rho_W5_k4,time_respecting,budget,400,ridge [patterns],8.0,0.08350830646492263,0.09118220120420832,738,36
rho_W5_k4,time_respecting,budget,400,extra_trees [occupancy],9.0,0.08353679389005725,0.09233010379260588,738,36
rho_W5_k4,time_respecting,budget,400,random_forest [occupancy],10.0,0.08348831779702612,0.09289584288725591,738,36
rho_W5_k4,time_respecting,budget,400,hist_gradient_boosting [occupancy],11.0,0.0856586493851154,0.09521968485989381,738,36
rho_W5_k4,time_respecting,budget,400,ridge [occupancy],12.0,0.09610226042694738,0.10431899561759456,738,36
rho_W5_k4,time_respecting,budget,400,extra_trees [crawl],13.0,0.11460225650270142,0.11218414248587087,738,36
rho_W5_k4,time_respecting,budget,400,random_forest [crawl],14.0,0.11722312874299685,0.1148179158440646,738,36
rho_W5_k4,time_respecting,budget,400,hist_gradient_boosting [crawl],15.0,0.11674675640730238,0.1150365331855497,738,36
rho_W5_k4,time_respecting,budget,400,occ_mle,16.0,0.11160965543506483,0.11900916574809685,738,36
rho_W5_k4,time_respecting,budget,400,mask_mle,17.0,0.12498123465320005,0.1340174687849369,738,36
rho_W5_k4,time_respecting,budget,400,ridge [crawl],18.0,0.1320737333087208,0.13635405305513398,738,36
rho_W5_k4,time_respecting,budget,400,plugin,19.0,0.12760168936878125,0.13699035235522275,738,36
rho_W5_k4,time_respecting,budget,400,mean_floor,20.0,0.14435398871263422,0.14499294242675753,738,36
rho_W5_k4,time_respecting,coverage_band,high(>.15),random_forest [combined],1.0,0.030050646278887184,0.031030655127539174,912,28
rho_W5_k4,time_respecting,coverage_band,high(>.15),extra_trees [combined],2.0,0.03259249943436232,0.032244879908416305,912,28
rho_W5_k4,time_respecting,coverage_band,high(>.15),random_forest [patterns],3.0,0.03151882484652524,0.034869805136687124,912,28
rho_W5_k4,time_respecting,coverage_band,high(>.15),hist_gradient_boosting [combined],4.0,0.031527423284725443,0.03568409581399843,912,28
rho_W5_k4,time_respecting,coverage_band,high(>.15),extra_trees [patterns],5.0,0.03387589150630739,0.03589200167205486,912,28
rho_W5_k4,time_respecting,coverage_band,high(>.15),hist_gradient_boosting [patterns],6.0,0.030342619239036698,0.036108786723965294,912,28
rho_W5_k4,time_respecting,coverage_band,high(>.15),ridge [combined],7.0,0.08243803599408454,0.09856172588296448,912,28
rho_W5_k4,time_respecting,coverage_band,high(>.15),random_forest [occupancy],8.0,0.07578689845074733,0.10251577042517097,912,28
rho_W5_k4,time_respecting,coverage_band,high(>.15),extra_trees [occupancy],9.0,0.07673508328423025,0.1057650490312702,912,28
rho_W5_k4,time_respecting,coverage_band,high(>.15),ridge [patterns],10.0,0.08563459624525094,0.10681425091466357,912,28
rho_W5_k4,time_respecting,coverage_band,high(>.15),hist_gradient_boosting [occupancy],11.0,0.0788978095637394,0.10834316016227483,912,28
rho_W5_k4,time_respecting,coverage_band,high(>.15),extra_trees [crawl],12.0,0.10377490917908744,0.108401715247382,912,28
rho_W5_k4,time_respecting,coverage_band,high(>.15),random_forest [crawl],13.0,0.12246757500836862,0.1304776067012869,912,28
rho_W5_k4,time_respecting,coverage_band,high(>.15),ridge [occupancy],14.0,0.10146126730048725,0.13064598995998114,912,28
rho_W5_k4,time_respecting,coverage_band,high(>.15),hist_gradient_boosting [crawl],15.0,0.12217288690300135,0.13112968308747297,912,28
rho_W5_k4,time_respecting,coverage_band,high(>.15),ridge [crawl],16.0,0.14719237800954138,0.16011430752089373,912,28
rho_W5_k4,time_respecting,coverage_band,high(>.15),mean_floor,17.0,0.17917185937230726,0.18561529146576317,912,28
rho_W5_k4,time_respecting,coverage_band,high(>.15),occ_mle,18.0,0.16673558554637055,0.1961854940694594,912,28
rho_W5_k4,time_respecting,coverage_band,high(>.15),mask_mle,19.0,0.17421875873553655,0.20495621410811618,912,28
rho_W5_k4,time_respecting,coverage_band,high(>.15),plugin,20.0,0.18575901369188555,0.2202434462029512,912,28
rho_W5_k4,time_respecting,coverage_band,low(<.02),extra_trees [patterns],1.0,0.07414882961576881,0.06490835477210195,533,30
rho_W5_k4,time_respecting,coverage_band,low(<.02),extra_trees [combined],2.0,0.07273192366641357,0.06495598923762923,533,30
rho_W5_k4,time_respecting,coverage_band,low(<.02),random_forest [combined],3.0,0.07170959893733808,0.06564369415189066,533,30
rho_W5_k4,time_respecting,coverage_band,low(<.02),random_forest [patterns],4.0,0.07438099897343486,0.06570728257498726,533,30
rho_W5_k4,time_respecting,coverage_band,low(<.02),hist_gradient_boosting [patterns],5.0,0.07259465104159604,0.06728566891580255,533,30
rho_W5_k4,time_respecting,coverage_band,low(<.02),hist_gradient_boosting [combined],6.0,0.07426383174173298,0.06876319179097987,533,30
rho_W5_k4,time_respecting,coverage_band,low(<.02),ridge [combined],7.0,0.07870204533126177,0.07683529507641343,533,30
rho_W5_k4,time_respecting,coverage_band,low(<.02),ridge [patterns],8.0,0.08465003899120742,0.08053025780146326,533,30
rho_W5_k4,time_respecting,coverage_band,low(<.02),plugin,9.0,0.10203733988858218,0.08560977521855524,533,30
rho_W5_k4,time_respecting,coverage_band,low(<.02),mask_mle,10.0,0.10129066246040658,0.08691461925731434,533,30
rho_W5_k4,time_respecting,coverage_band,low(<.02),hist_gradient_boosting [occupancy],11.0,0.08967931865739268,0.09001127407779676,533,30
rho_W5_k4,time_respecting,coverage_band,low(<.02),extra_trees [occupancy],12.0,0.09030396272553008,0.09392153942904595,533,30
rho_W5_k4,time_respecting,coverage_band,low(<.02),random_forest [occupancy],13.0,0.09104519261587576,0.09404639661597099,533,30
rho_W5_k4,time_respecting,coverage_band,low(<.02),ridge [occupancy],14.0,0.09576038170147509,0.09499194520160045,533,30
rho_W5_k4,time_respecting,coverage_band,low(<.02),occ_mle,15.0,0.10162915467079162,0.10031722788645304,533,30
rho_W5_k4,time_respecting,coverage_band,low(<.02),extra_trees [crawl],16.0,0.10161455504207191,0.10485466150316837,533,30
rho_W5_k4,time_respecting,coverage_band,low(<.02),hist_gradient_boosting [crawl],17.0,0.10596615103204508,0.10563656869592869,533,30
rho_W5_k4,time_respecting,coverage_band,low(<.02),random_forest [crawl],18.0,0.10592195299241189,0.1083030868639789,533,30
rho_W5_k4,time_respecting,coverage_band,low(<.02),ridge [crawl],19.0,0.11492343534381604,0.11657798641324031,533,30
rho_W5_k4,time_respecting,coverage_band,low(<.02),mean_floor,20.0,0.12426702156066402,0.12003545812832413,533,30
rho_W5_k4,time_respecting,coverage_band,mid,hist_gradient_boosting [combined],1.0,0.04792585687982349,0.05749697610601677,1507,36
rho_W5_k4,time_respecting,coverage_band,mid,extra_trees [combined],2.0,0.04936157161329548,0.057989535262683356,1507,36
rho_W5_k4,time_respecting,coverage_band,mid,random_forest [combined],3.0,0.04958663945745654,0.05834546131058641,1507,36
rho_W5_k4,time_respecting,coverage_band,mid,random_forest [patterns],4.0,0.05101564586947958,0.06022446934341525,1507,36
rho_W5_k4,time_respecting,coverage_band,mid,hist_gradient_boosting [patterns],5.0,0.04993006857954309,0.060798112486750634,1507,36
rho_W5_k4,time_respecting,coverage_band,mid,extra_trees [patterns],6.0,0.052308999632501366,0.06133697307407658,1507,36
rho_W5_k4,time_respecting,coverage_band,mid,ridge [combined],7.0,0.0718740211244098,0.0838593625772551,1507,36
rho_W5_k4,time_respecting,coverage_band,mid,random_forest [occupancy],8.0,0.06972963771415311,0.08547622927877394,1507,36
rho_W5_k4,time_respecting,coverage_band,mid,extra_trees [occupancy],9.0,0.06946617721543237,0.08573473287462492,1507,36
rho_W5_k4,time_respecting,coverage_band,mid,hist_gradient_boosting [occupancy],10.0,0.07073942676574542,0.0866927146273161,1507,36
rho_W5_k4,time_respecting,coverage_band,mid,ridge [patterns],11.0,0.07603493834346946,0.09077141865641737,1507,36
rho_W5_k4,time_respecting,coverage_band,mid,ridge [occupancy],12.0,0.08515691132827778,0.1006750674743732,1507,36
rho_W5_k4,time_respecting,coverage_band,mid,extra_trees [crawl],13.0,0.1002805511058194,0.10354579550038419,1507,36
rho_W5_k4,time_respecting,coverage_band,mid,random_forest [crawl],14.0,0.10328535020017798,0.10676466174968212,1507,36
rho_W5_k4,time_respecting,coverage_band,mid,hist_gradient_boosting [crawl],15.0,0.10417843039099761,0.10777234013081488,1507,36
rho_W5_k4,time_respecting,coverage_band,mid,occ_mle,16.0,0.08920992218905822,0.10814582868095544,1507,36
rho_W5_k4,time_respecting,coverage_band,mid,mask_mle,17.0,0.09824412383170412,0.12142318020827816,1507,36
rho_W5_k4,time_respecting,coverage_band,mid,plugin,18.0,0.100708461576574,0.12434109541760906,1507,36
rho_W5_k4,time_respecting,coverage_band,mid,ridge [crawl],19.0,0.11706095978202001,0.12784222696736666,1507,36
rho_W5_k4,time_respecting,coverage_band,mid,mean_floor,20.0,0.13038746943617657,0.13688728666803499,1507,36
rho_W5_k4,time_respecting,data_block,mechanistic_activity,extra_trees [crawl],1.0,0.01912450427996095,0.019124504279960947,216,6
rho_W5_k4,time_respecting,data_block,mechanistic_activity,random_forest [crawl],2.0,0.024080920864495745,0.024080920864495745,216,6
rho_W5_k4,time_respecting,data_block,mechanistic_activity,random_forest [combined],3.0,0.028322691557774605,0.028322691557774605,216,6
rho_W5_k4,time_respecting,data_block,mechanistic_activity,extra_trees [combined],4.0,0.028391685789329442,0.02839168578932944,216,6
rho_W5_k4,time_respecting,data_block,mechanistic_activity,random_forest [patterns],5.0,0.03222503529413347,0.03222503529413346,216,6
rho_W5_k4,time_respecting,data_block,mechanistic_activity,extra_trees [patterns],6.0,0.03328848536184561,0.033288485361845616,216,6
rho_W5_k4,time_respecting,data_block,mechanistic_activity,hist_gradient_boosting [combined],7.0,0.03555899068150983,0.03555899068150983,216,6
rho_W5_k4,time_respecting,data_block,mechanistic_activity,hist_gradient_boosting [crawl],8.0,0.03558934815424143,0.03558934815424144,216,6
rho_W5_k4,time_respecting,data_block,mechanistic_activity,hist_gradient_boosting [patterns],9.0,0.040713047529825595,0.0407130475298256,216,6
rho_W5_k4,time_respecting,data_block,mechanistic_activity,mask_mle,10.0,0.06698738168464359,0.06698738168464358,216,6
rho_W5_k4,time_respecting,data_block,mechanistic_activity,ridge [combined],11.0,0.06961774546768375,0.06961774546768375,216,6
rho_W5_k4,time_respecting,data_block,mechanistic_activity,ridge [crawl],12.0,0.07399464425484574,0.07399464425484574,216,6
rho_W5_k4,time_respecting,data_block,mechanistic_activity,mean_floor,13.0,0.07685841851695017,0.07685841851695017,216,6
rho_W5_k4,time_respecting,data_block,mechanistic_activity,plugin,14.0,0.0773465128493906,0.0773465128493906,216,6
rho_W5_k4,time_respecting,data_block,mechanistic_activity,occ_mle,15.0,0.08449685980267509,0.08449685980267511,216,6
rho_W5_k4,time_respecting,data_block,mechanistic_activity,extra_trees [occupancy],16.0,0.09517088027651086,0.09517088027651084,216,6
rho_W5_k4,time_respecting,data_block,mechanistic_activity,random_forest [occupancy],17.0,0.09517848266540352,0.09517848266540353,216,6
rho_W5_k4,time_respecting,data_block,mechanistic_activity,ridge [patterns],18.0,0.09596964737539831,0.09596964737539833,216,6
rho_W5_k4,time_respecting,data_block,mechanistic_activity,hist_gradient_boosting [occupancy],19.0,0.10308950414490968,0.1030895041449097,216,6
rho_W5_k4,time_respecting,data_block,mechanistic_activity,ridge [occupancy],20.0,0.1131064311903253,0.11310643119032532,216,6
rho_W5_k4,time_respecting,data_block,mechanistic_dar,random_forest [combined],1.0,0.08189542776981823,0.08189542776981824,864,12
rho_W5_k4,time_respecting,data_block,mechanistic_dar,extra_trees [combined],2.0,0.08220663781453164,0.08220663781453164,864,12
rho_W5_k4,time_respecting,data_block,mechanistic_dar,hist_gradient_boosting [combined],3.0,0.08240365131769997,0.08240365131769999,864,12
rho_W5_k4,time_respecting,data_block,mechanistic_dar,extra_trees [patterns],4.0,0.08302207198642482,0.08302207198642482,864,12
rho_W5_k4,time_respecting,data_block,mechanistic_dar,hist_gradient_boosting [patterns],5.0,0.08312891098066436,0.08312891098066437,864,12
rho_W5_k4,time_respecting,data_block,mechanistic_dar,random_forest [patterns],6.0,0.08321965175025249,0.08321965175025248,864,12
rho_W5_k4,time_respecting,data_block,mechanistic_dar,random_forest [occupancy],7.0,0.13140798299942413,0.13140798299942416,864,12
rho_W5_k4,time_respecting,data_block,mechanistic_dar,hist_gradient_boosting [occupancy],8.0,0.13143583034694672,0.13143583034694672,864,12
rho_W5_k4,time_respecting,data_block,mechanistic_dar,extra_trees [occupancy],9.0,0.13324855047674367,0.1332485504767437,864,12
rho_W5_k4,time_respecting,data_block,mechanistic_dar,ridge [combined],10.0,0.13371382403990023,0.13371382403990023,864,12
rho_W5_k4,time_respecting,data_block,mechanistic_dar,ridge [patterns],11.0,0.13702146933468448,0.13702146933468445,864,12
rho_W5_k4,time_respecting,data_block,mechanistic_dar,ridge [occupancy],12.0,0.154673441971388,0.15467344197138796,864,12
rho_W5_k4,time_respecting,data_block,mechanistic_dar,extra_trees [crawl],13.0,0.17977547441161434,0.17977547441161432,864,12
rho_W5_k4,time_respecting,data_block,mechanistic_dar,hist_gradient_boosting [crawl],14.0,0.18854012969400186,0.18854012969400188,864,12
rho_W5_k4,time_respecting,data_block,mechanistic_dar,random_forest [crawl],15.0,0.19446731545679516,0.1944673154567952,864,12
rho_W5_k4,time_respecting,data_block,mechanistic_dar,ridge [crawl],16.0,0.21469568064290462,0.2146956806429046,864,12
rho_W5_k4,time_respecting,data_block,mechanistic_dar,mean_floor,17.0,0.22538738853664644,0.22538738853664642,864,12
rho_W5_k4,time_respecting,data_block,mechanistic_dar,occ_mle,18.0,0.2511219122074228,0.2511219122074228,864,12
rho_W5_k4,time_respecting,data_block,mechanistic_dar,mask_mle,19.0,0.28400334961884777,0.2840033496188478,864,12
rho_W5_k4,time_respecting,data_block,mechanistic_dar,plugin,20.0,0.29479251169814485,0.29479251169814485,864,12
rho_W5_k4,time_respecting,data_block,real_controlled,mask_mle,1.0,0.03139784358026393,0.03139784358026393,432,6
rho_W5_k4,time_respecting,data_block,real_controlled,plugin,2.0,0.031859691274342926,0.031859691274342926,432,6
rho_W5_k4,time_respecting,data_block,real_controlled,hist_gradient_boosting [patterns],3.0,0.03303033879582385,0.033030338795823844,432,6
rho_W5_k4,time_respecting,data_block,real_controlled,occ_mle,4.0,0.03338298834149667,0.03338298834149667,432,6
rho_W5_k4,time_respecting,data_block,real_controlled,extra_trees [occupancy],5.0,0.03450537728218219,0.03450537728218219,432,6
rho_W5_k4,time_respecting,data_block,real_controlled,hist_gradient_boosting [combined],6.0,0.03539743862898568,0.03539743862898568,432,6
rho_W5_k4,time_respecting,data_block,real_controlled,random_forest [combined],7.0,0.03575065240461887,0.03575065240461887,432,6
rho_W5_k4,time_respecting,data_block,real_controlled,random_forest [patterns],8.0,0.03633139823560763,0.03633139823560764,432,6
rho_W5_k4,time_respecting,data_block,real_controlled,random_forest [occupancy],9.0,0.036470027916550594,0.036470027916550594,432,6
rho_W5_k4,time_respecting,data_block,real_controlled,hist_gradient_boosting [occupancy],10.0,0.03895527949619498,0.038955279496194976,432,6
rho_W5_k4,time_respecting,data_block,real_controlled,extra_trees [combined],11.0,0.04159864996486594,0.04159864996486593,432,6
rho_W5_k4,time_respecting,data_block,real_controlled,extra_trees [patterns],12.0,0.04351863154225614,0.04351863154225614,432,6
rho_W5_k4,time_respecting,data_block,real_controlled,ridge [patterns],13.0,0.046650463935356254,0.04665046393535625,432,6
rho_W5_k4,time_respecting,data_block,real_controlled,ridge [occupancy],14.0,0.04839336599834921,0.04839336599834921,432,6
rho_W5_k4,time_respecting,data_block,real_controlled,ridge [combined],15.0,0.05156761514918896,0.05156761514918895,432,6
rho_W5_k4,time_respecting,data_block,real_controlled,ridge [crawl],16.0,0.08755388906635603,0.08755388906635603,432,6
rho_W5_k4,time_respecting,data_block,real_controlled,mean_floor,17.0,0.09419126057483115,0.09419126057483114,432,6
rho_W5_k4,time_respecting,data_block,real_controlled,extra_trees [crawl],18.0,0.09630753076891502,0.09630753076891502,432,6
rho_W5_k4,time_respecting,data_block,real_controlled,random_forest [crawl],19.0,0.10335103725470379,0.10335103725470378,432,6
rho_W5_k4,time_respecting,data_block,real_controlled,hist_gradient_boosting [crawl],20.0,0.1036180455494996,0.1036180455494996,432,6
rho_W5_k4,time_respecting,data_block,real_empirical,hist_gradient_boosting [combined],1.0,0.05101043838001931,0.05101043838001931,72,6
rho_W5_k4,time_respecting,data_block,real_empirical,hist_gradient_boosting [patterns],2.0,0.05949031692657509,0.05949031692657509,72,6
rho_W5_k4,time_respecting,data_block,real_empirical,extra_trees [combined],3.0,0.0619775342865431,0.061977534286543116,72,6
rho_W5_k4,time_respecting,data_block,real_empirical,random_forest [combined],4.0,0.06272175308784417,0.06272175308784415,72,6
rho_W5_k4,time_respecting,data_block,real_empirical,mean_floor,5.0,0.06534288504654892,0.06534288504654892,72,6
rho_W5_k4,time_respecting,data_block,real_empirical,random_forest [patterns],6.0,0.06540203370119385,0.06540203370119384,72,6
rho_W5_k4,time_respecting,data_block,real_empirical,hist_gradient_boosting [crawl],7.0,0.06548337435484483,0.06548337435484483,72,6
rho_W5_k4,time_respecting,data_block,real_empirical,extra_trees [patterns],8.0,0.06624795381227011,0.06624795381227011,72,6
rho_W5_k4,time_respecting,data_block,real_empirical,ridge [combined],9.0,0.06912655534591562,0.06912655534591562,72,6
rho_W5_k4,time_respecting,data_block,real_empirical,ridge [crawl],10.0,0.06944990825523206,0.06944990825523208,72,6
rho_W5_k4,time_respecting,data_block,real_empirical,extra_trees [occupancy],11.0,0.07350804113168638,0.0735080411316864,72,6
rho_W5_k4,time_respecting,data_block,real_empirical,hist_gradient_boosting [occupancy],12.0,0.0740608048446287,0.07406080484462871,72,6
rho_W5_k4,time_respecting,data_block,real_empirical,random_forest [occupancy],13.0,0.07631213897022426,0.07631213897022426,72,6
rho_W5_k4,time_respecting,data_block,real_empirical,random_forest [crawl],14.0,0.07727743255645289,0.07727743255645288,72,6
rho_W5_k4,time_respecting,data_block,real_empirical,extra_trees [crawl],15.0,0.07732981900979585,0.07732981900979587,72,6
rho_W5_k4,time_respecting,data_block,real_empirical,mask_mle,16.0,0.07804208501939328,0.07804208501939326,72,6
rho_W5_k4,time_respecting,data_block,real_empirical,occ_mle,17.0,0.07819365755174766,0.07819365755174766,72,6
rho_W5_k4,time_respecting,data_block,real_empirical,ridge [occupancy],18.0,0.08084100655604903,0.08084100655604902,72,6
rho_W5_k4,time_respecting,data_block,real_empirical,plugin,19.0,0.08121739326679878,0.08121739326679878,72,6
rho_W5_k4,time_respecting,data_block,real_empirical,ridge [patterns],20.0,0.08410086179304277,0.08410086179304277,72,6
rho_W5_k4,time_respecting,data_block,real_shuffle,hist_gradient_boosting [patterns],1.0,0.11097781046989946,0.11097781046989948,216,6
rho_W5_k4,time_respecting,data_block,real_shuffle,hist_gradient_boosting [combined],2.0,0.11664646913681674,0.11664646913681674,216,6
rho_W5_k4,time_respecting,data_block,real_shuffle,extra_trees [combined],3.0,0.12343271517637036,0.12343271517637038,216,6
rho_W5_k4,time_respecting,data_block,real_shuffle,random_forest [combined],4.0,0.12365387349973334,0.12365387349973334,216,6
rho_W5_k4,time_respecting,data_block,real_shuffle,random_forest [patterns],5.0,0.1286374567760843,0.1286374567760843,216,6
rho_W5_k4,time_respecting,data_block,real_shuffle,extra_trees [patterns],6.0,0.13119914268553468,0.13119914268553465,216,6
rho_W5_k4,time_respecting,data_block,real_shuffle,ridge [combined],7.0,0.14556310619276916,0.14556310619276916,216,6
rho_W5_k4,time_respecting,data_block,real_shuffle,ridge [patterns],8.0,0.15156128596859395,0.15156128596859397,216,6
rho_W5_k4,time_respecting,data_block,real_shuffle,ridge [occupancy],9.0,0.1813406698972345,0.1813406698972345,216,6
rho_W5_k4,time_respecting,data_block,real_shuffle,ridge [crawl],10.0,0.18441717032522045,0.18441717032522043,216,6
rho_W5_k4,time_respecting,data_block,real_shuffle,hist_gradient_boosting [occupancy],11.0,0.1880976932892776,0.1880976932892776,216,6
rho_W5_k4,time_respecting,data_block,real_shuffle,extra_trees [occupancy],12.0,0.18910578419854857,0.18910578419854854,216,6
rho_W5_k4,time_respecting,data_block,real_shuffle,random_forest [occupancy],13.0,0.1916733147368186,0.1916733147368186,216,6
rho_W5_k4,time_respecting,data_block,real_shuffle,mean_floor,14.0,0.19765976294312115,0.19765976294312115,216,6
rho_W5_k4,time_respecting,data_block,real_shuffle,extra_trees [crawl],15.0,0.20194452901379206,0.20194452901379203,216,6
rho_W5_k4,time_respecting,data_block,real_shuffle,hist_gradient_boosting [crawl],16.0,0.2104379814822991,0.21043798148229917,216,6
rho_W5_k4,time_respecting,data_block,real_shuffle,random_forest [crawl],17.0,0.21266471969014564,0.21266471969014558,216,6
rho_W5_k4,time_respecting,data_block,real_shuffle,occ_mle,18.0,0.2690615229849143,0.26906152298491426,216,6
rho_W5_k4,time_respecting,data_block,real_shuffle,mask_mle,19.0,0.2791533278567534,0.27915332785675334,216,6
rho_W5_k4,time_respecting,data_block,real_shuffle,plugin,20.0,0.2882417140816295,0.2882417140816295,216,6
rho_W5_k4,time_respecting,data_block,synthetic_controlled,extra_trees [combined],1.0,0.014431213789733907,0.014431213789733907,1152,12
rho_W5_k4,time_respecting,data_block,synthetic_controlled,random_forest [combined],2.0,0.014591697565684467,0.01459169756568447,1152,12
rho_W5_k4,time_respecting,data_block,synthetic_controlled,hist_gradient_boosting [combined],3.0,0.015210346841643022,0.015210346841643024,1152,12
rho_W5_k4,time_respecting,data_block,synthetic_controlled,random_forest [patterns],4.0,0.015814784005663093,0.01581478400566309,1152,12
rho_W5_k4,time_respecting,data_block,synthetic_controlled,extra_trees [patterns],5.0,0.015985679105810224,0.015985679105810228,1152,12
rho_W5_k4,time_respecting,data_block,synthetic_controlled,hist_gradient_boosting [patterns],6.0,0.016032133252430265,0.016032133252430265,1152,12
rho_W5_k4,time_respecting,data_block,synthetic_controlled,mask_mle,7.0,0.018750989403548246,0.018750989403548246,1152,12
rho_W5_k4,time_respecting,data_block,synthetic_controlled,plugin,8.0,0.01934630917837478,0.019346309178374783,1152,12
rho_W5_k4,time_respecting,data_block,synthetic_controlled,random_forest [occupancy],9.0,0.02255320440137468,0.02255320440137468,1152,12
rho_W5_k4,time_respecting,data_block,synthetic_controlled,extra_trees [occupancy],10.0,0.022630666723679353,0.02263066672367935,1152,12
rho_W5_k4,time_respecting,data_block,synthetic_controlled,occ_mle,11.0,0.02368160508693369,0.02368160508693369,1152,12
rho_W5_k4,time_respecting,data_block,synthetic_controlled,hist_gradient_boosting [occupancy],12.0,0.024079986584881106,0.02407998658488111,1152,12
rho_W5_k4,time_respecting,data_block,synthetic_controlled,ridge [combined],13.0,0.03140946108000521,0.03140946108000522,1152,12
rho_W5_k4,time_respecting,data_block,synthetic_controlled,ridge [patterns],14.0,0.0344968585633231,0.03449685856332311,1152,12
rho_W5_k4,time_respecting,data_block,synthetic_controlled,ridge [occupancy],15.0,0.04161415825966208,0.04161415825966208,1152,12
rho_W5_k4,time_respecting,data_block,synthetic_controlled,extra_trees [crawl],16.0,0.04312200015734366,0.04312200015734366,1152,12
rho_W5_k4,time_respecting,data_block,synthetic_controlled,random_forest [crawl],17.0,0.04724775169417166,0.04724775169417165,1152,12
rho_W5_k4,time_respecting,data_block,synthetic_controlled,hist_gradient_boosting [crawl],18.0,0.05154527089132608,0.05154527089132609,1152,12
rho_W5_k4,time_respecting,data_block,synthetic_controlled,ridge [crawl],19.0,0.07618646933910887,0.07618646933910886,1152,12
rho_W5_k4,time_respecting,data_block,synthetic_controlled,mean_floor,20.0,0.10998874261890602,0.10998874261890602,1152,12
rho_W5_k4,time_respecting,domain,controlled,extra_trees [combined],1.0,0.014431213789733907,0.014431213789733907,1152,12
rho_W5_k4,time_respecting,domain,controlled,random_forest [combined],2.0,0.014591697565684467,0.01459169756568447,1152,12
rho_W5_k4,time_respecting,domain,controlled,hist_gradient_boosting [combined],3.0,0.015210346841643022,0.015210346841643024,1152,12
rho_W5_k4,time_respecting,domain,controlled,random_forest [patterns],4.0,0.015814784005663093,0.01581478400566309,1152,12
rho_W5_k4,time_respecting,domain,controlled,extra_trees [patterns],5.0,0.015985679105810224,0.015985679105810228,1152,12
rho_W5_k4,time_respecting,domain,controlled,hist_gradient_boosting [patterns],6.0,0.016032133252430265,0.016032133252430265,1152,12
rho_W5_k4,time_respecting,domain,controlled,mask_mle,7.0,0.018750989403548246,0.018750989403548246,1152,12
rho_W5_k4,time_respecting,domain,controlled,plugin,8.0,0.01934630917837478,0.019346309178374783,1152,12
rho_W5_k4,time_respecting,domain,controlled,random_forest [occupancy],9.0,0.02255320440137468,0.02255320440137468,1152,12
rho_W5_k4,time_respecting,domain,controlled,extra_trees [occupancy],10.0,0.022630666723679353,0.02263066672367935,1152,12
rho_W5_k4,time_respecting,domain,controlled,occ_mle,11.0,0.02368160508693369,0.02368160508693369,1152,12
rho_W5_k4,time_respecting,domain,controlled,hist_gradient_boosting [occupancy],12.0,0.024079986584881106,0.02407998658488111,1152,12
rho_W5_k4,time_respecting,domain,controlled,ridge [combined],13.0,0.03140946108000521,0.03140946108000522,1152,12
rho_W5_k4,time_respecting,domain,controlled,ridge [patterns],14.0,0.0344968585633231,0.03449685856332311,1152,12
rho_W5_k4,time_respecting,domain,controlled,ridge [occupancy],15.0,0.04161415825966208,0.04161415825966208,1152,12
rho_W5_k4,time_respecting,domain,controlled,extra_trees [crawl],16.0,0.04312200015734366,0.04312200015734366,1152,12
rho_W5_k4,time_respecting,domain,controlled,random_forest [crawl],17.0,0.04724775169417166,0.04724775169417165,1152,12
rho_W5_k4,time_respecting,domain,controlled,hist_gradient_boosting [crawl],18.0,0.05154527089132608,0.05154527089132609,1152,12
rho_W5_k4,time_respecting,domain,controlled,ridge [crawl],19.0,0.07618646933910887,0.07618646933910886,1152,12
rho_W5_k4,time_respecting,domain,controlled,mean_floor,20.0,0.10998874261890602,0.10998874261890602,1152,12
rho_W5_k4,time_respecting,domain,email,extra_trees [occupancy],1.0,0.03820585889033465,0.03820585889033465,120,1
rho_W5_k4,time_respecting,domain,email,random_forest [occupancy],2.0,0.044891886678004846,0.044891886678004846,120,1
rho_W5_k4,time_respecting,domain,email,extra_trees [crawl],3.0,0.045552362296002284,0.0455523622960023,120,1
rho_W5_k4,time_respecting,domain,email,ridge [occupancy],4.0,0.05014438507035308,0.05014438507035308,120,1
rho_W5_k4,time_respecting,domain,email,hist_gradient_boosting [occupancy],5.0,0.05461522108514449,0.05461522108514449,120,1
rho_W5_k4,time_respecting,domain,email,hist_gradient_boosting [combined],6.0,0.06487887817121497,0.06487887817121496,120,1
rho_W5_k4,time_respecting,domain,email,ridge [combined],7.0,0.06657272973124548,0.06657272973124548,120,1
rho_W5_k4,time_respecting,domain,email,random_forest [crawl],8.0,0.0722720098541433,0.0722720098541433,120,1
rho_W5_k4,time_respecting,domain,email,random_forest [combined],9.0,0.07580155093011104,0.07580155093011104,120,1
rho_W5_k4,time_respecting,domain,email,hist_gradient_boosting [crawl],10.0,0.07660633757024114,0.07660633757024114,120,1
rho_W5_k4,time_respecting,domain,email,ridge [crawl],11.0,0.07980761608037328,0.07980761608037326,120,1
rho_W5_k4,time_respecting,domain,email,hist_gradient_boosting [patterns],12.0,0.08211553418485756,0.08211553418485756,120,1
rho_W5_k4,time_respecting,domain,email,extra_trees [combined],13.0,0.08327221261223879,0.08327221261223879,120,1
rho_W5_k4,time_respecting,domain,email,random_forest [patterns],14.0,0.08425700114640895,0.08425700114640895,120,1
rho_W5_k4,time_respecting,domain,email,extra_trees [patterns],15.0,0.08855758242481508,0.0885575824248151,120,1
rho_W5_k4,time_respecting,domain,email,occ_mle,16.0,0.10839697800022229,0.10839697800022227,120,1
rho_W5_k4,time_respecting,domain,email,mean_floor,17.0,0.11643636438346648,0.11643636438346647,120,1
rho_W5_k4,time_respecting,domain,email,ridge [patterns],18.0,0.11984581617132309,0.11984581617132303,120,1
rho_W5_k4,time_respecting,domain,email,mask_mle,19.0,0.12309885696242502,0.12309885696242502,120,1
rho_W5_k4,time_respecting,domain,email,plugin,20.0,0.13144650784137027,0.13144650784137027,120,1
rho_W5_k4,time_respecting,domain,mechanistic,random_forest [combined],1.0,0.07118088052740952,0.06403784903247037,1080,18
rho_W5_k4,time_respecting,domain,mechanistic,extra_trees [combined],2.0,0.07144364740949119,0.06426832047279757,1080,18
rho_W5_k4,time_respecting,domain,mechanistic,random_forest [patterns],3.0,0.07302072845902867,0.06622144626487947,1080,18
rho_W5_k4,time_respecting,domain,mechanistic,extra_trees [patterns],4.0,0.07307535466150898,0.06644420977823176,1080,18
rho_W5_k4,time_respecting,domain,mechanistic,hist_gradient_boosting [combined],5.0,0.07303471919046194,0.06678876443896992,1080,18
rho_W5_k4,time_respecting,domain,mechanistic,hist_gradient_boosting [patterns],6.0,0.07464573829049659,0.06899028983038479,1080,18
rho_W5_k4,time_respecting,domain,mechanistic,ridge [combined],7.0,0.12089460832545693,0.11234846451582807,1080,18
rho_W5_k4,time_respecting,domain,mechanistic,random_forest [occupancy],8.0,0.12416208293262003,0.11933148288808394,1080,18
rho_W5_k4,time_respecting,domain,mechanistic,extra_trees [occupancy],9.0,0.12563301643669714,0.12055599374333273,1080,18
rho_W5_k4,time_respecting,domain,mechanistic,hist_gradient_boosting [occupancy],10.0,0.12576656510653933,0.12198705494626773,1080,18
rho_W5_k4,time_respecting,domain,mechanistic,ridge [patterns],11.0,0.12881110494282724,0.12333752868158908,1080,18
rho_W5_k4,time_respecting,domain,mechanistic,extra_trees [crawl],12.0,0.14764528038528368,0.12622515103439652,1080,18
rho_W5_k4,time_respecting,domain,mechanistic,hist_gradient_boosting [crawl],13.0,0.15794997338604977,0.13755653584741506,1080,18
rho_W5_k4,time_respecting,domain,mechanistic,random_forest [crawl],14.0,0.16039003653833528,0.13767185059269538,1080,18
rho_W5_k4,time_respecting,domain,mechanistic,ridge [occupancy],15.0,0.14636003981517545,0.14081777171103377,1080,18
rho_W5_k4,time_respecting,domain,mechanistic,ridge [crawl],16.0,0.18655547336529285,0.1677953351802183,1080,18
rho_W5_k4,time_respecting,domain,mechanistic,mean_floor,17.0,0.19568159453270717,0.17587773186341435,1080,18
rho_W5_k4,time_respecting,domain,mechanistic,occ_mle,18.0,0.21779690172647323,0.19558022807250688,1080,18
rho_W5_k4,time_respecting,domain,mechanistic,mask_mle,19.0,0.24060015603200696,0.21166469364077972,1080,18
rho_W5_k4,time_respecting,domain,mechanistic,plugin,20.0,0.25130331192839395,0.22231051208189345,1080,18
rho_W5_k4,time_respecting,domain,messaging,hist_gradient_boosting [patterns],1.0,0.022940867475651293,0.022940867475651293,120,1
rho_W5_k4,time_respecting,domain,messaging,random_forest [combined],2.0,0.026348632386692657,0.02634863238669266,120,1
rho_W5_k4,time_respecting,domain,messaging,hist_gradient_boosting [combined],3.0,0.02974014137981919,0.02974014137981919,120,1
rho_W5_k4,time_respecting,domain,messaging,mask_mle,4.0,0.03180021513014837,0.03180021513014837,120,1
rho_W5_k4,time_respecting,domain,messaging,random_forest [patterns],5.0,0.03282671124267817,0.03282671124267817,120,1
rho_W5_k4,time_respecting,domain,messaging,extra_trees [combined],6.0,0.03284666865127698,0.03284666865127698,120,1
rho_W5_k4,time_respecting,domain,messaging,ridge [patterns],7.0,0.036609709676814185,0.03660970967681418,120,1
rho_W5_k4,time_respecting,domain,messaging,ridge [combined],8.0,0.03695496329442701,0.036954963294427004,120,1
rho_W5_k4,time_respecting,domain,messaging,plugin,9.0,0.03809176852370528,0.03809176852370528,120,1
rho_W5_k4,time_respecting,domain,messaging,extra_trees [patterns],10.0,0.04159118162698271,0.04159118162698271,120,1
rho_W5_k4,time_respecting,domain,messaging,occ_mle,11.0,0.05950863776078178,0.05950863776078179,120,1
rho_W5_k4,time_respecting,domain,messaging,hist_gradient_boosting [crawl],12.0,0.06582808700391725,0.06582808700391725,120,1
rho_W5_k4,time_respecting,domain,messaging,ridge [crawl],13.0,0.06698414915615918,0.06698414915615918,120,1
rho_W5_k4,time_respecting,domain,messaging,mean_floor,14.0,0.09762684427989293,0.09762684427989293,120,1
rho_W5_k4,time_respecting,domain,messaging,extra_trees [crawl],15.0,0.09974333123032449,0.0997433312303245,120,1
rho_W5_k4,time_respecting,domain,messaging,random_forest [crawl],16.0,0.1154371816290815,0.1154371816290815,120,1
rho_W5_k4,time_respecting,domain,messaging,hist_gradient_boosting [occupancy],17.0,0.11686559989888433,0.11686559989888433,120,1
rho_W5_k4,time_respecting,domain,messaging,extra_trees [occupancy],18.0,0.1202923608613049,0.12029236086130489,120,1
rho_W5_k4,time_respecting,domain,messaging,random_forest [occupancy],19.0,0.12523395648996946,0.12523395648996946,120,1
rho_W5_k4,time_respecting,domain,messaging,ridge [occupancy],20.0,0.1422729626152591,0.14227296261525912,120,1
rho_W5_k4,time_respecting,domain,proximity,hist_gradient_boosting [patterns],1.0,0.06232676675155527,0.06232676675155527,480,4
rho_W5_k4,time_respecting,domain,proximity,hist_gradient_boosting [combined],2.0,0.06834541674689901,0.06834541674689901,480,4
rho_W5_k4,time_respecting,domain,proximity,random_forest [patterns],3.0,0.07112449091919211,0.0711244909191921,480,4
rho_W5_k4,time_respecting,domain,proximity,random_forest [combined],4.0,0.07169054737301268,0.07169054737301268,480,4
rho_W5_k4,time_respecting,domain,proximity,extra_trees [combined],5.0,0.07325041662484852,0.07325041662484853,480,4
rho_W5_k4,time_respecting,domain,proximity,extra_trees [patterns],6.0,0.07560638465541221,0.0756063846554122,480,4
rho_W5_k4,time_respecting,domain,proximity,ridge [patterns],7.0,0.08368924403461,0.08368924403461003,480,4
rho_W5_k4,time_respecting,domain,proximity,extra_trees [occupancy],8.0,0.0875540936751539,0.08755409367515389,480,4
rho_W5_k4,time_respecting,domain,proximity,hist_gradient_boosting [occupancy],9.0,0.0879426290074375,0.0879426290074375,480,4
rho_W5_k4,time_respecting,domain,proximity,random_forest [occupancy],10.0,0.08799137681000398,0.08799137681000396,480,4
rho_W5_k4,time_respecting,domain,proximity,ridge [occupancy],11.0,0.08917914491427409,0.08917914491427412,480,4
rho_W5_k4,time_respecting,domain,proximity,ridge [combined],12.0,0.09640131146648542,0.09640131146648542,480,4
rho_W5_k4,time_respecting,domain,proximity,occ_mle,13.0,0.12087501954306958,0.12087501954306956,480,4
rho_W5_k4,time_respecting,domain,proximity,mask_mle,14.0,0.1268586014875422,0.1268586014875422,480,4
rho_W5_k4,time_respecting,domain,proximity,plugin,15.0,0.12818053338239283,0.12818053338239285,480,4
rho_W5_k4,time_respecting,domain,proximity,mean_floor,16.0,0.13000465843289508,0.13000465843289505,480,4
rho_W5_k4,time_respecting,domain,proximity,ridge [crawl],17.0,0.1355057717352213,0.13550577173522133,480,4
rho_W5_k4,time_respecting,domain,proximity,extra_trees [crawl],18.0,0.15282736521811763,0.1528273652181176,480,4
rho_W5_k4,time_respecting,domain,proximity,random_forest [crawl],19.0,0.15337937440246066,0.1533793744024607,480,4
rho_W5_k4,time_respecting,domain,proximity,hist_gradient_boosting [crawl],20.0,0.1621672326712714,0.1621672326712714,480,4
rho_W5_k4,time_respecting,overall,all,random_forest [combined],1.0,0.0475455526091915,0.04768594517170929,2952,36
rho_W5_k4,time_respecting,overall,all,extra_trees [combined],2.0,0.048400529545925865,0.04830902449305759,2952,36
rho_W5_k4,time_respecting,overall,all,hist_gradient_boosting [combined],3.0,0.047615141826526854,0.04868673912610569,2952,36
rho_W5_k4,time_respecting,overall,all,random_forest [patterns],4.0,0.04921098205900323,0.04953736435837898,2952,36
rho_W5_k4,time_respecting,overall,all,hist_gradient_boosting [patterns],5.0,0.047970877744086586,0.049682619017856075,2952,36
rho_W5_k4,time_respecting,overall,all,extra_trees [patterns],6.0,0.050557520896049,0.05056661744309279,2952,36
rho_W5_k4,time_respecting,overall,all,ridge [combined],7.0,0.07637053821905596,0.08023107869823841,2952,36
rho_W5_k4,time_respecting,overall,all,random_forest [occupancy],8.0,0.07544962841686045,0.08168601375583326,2952,36
rho_W5_k4,time_respecting,overall,all,extra_trees [occupancy],9.0,0.07547423345243297,0.08195251340323323,2952,36
rho_W5_k4,time_respecting,overall,all,hist_gradient_boosting [occupancy],10.0,0.07667960545477608,0.0835549490295881,2952,36
rho_W5_k4,time_respecting,overall,all,ridge [patterns],11.0,0.08055619059674488,0.08681250891708496,2952,36
rho_W5_k4,time_respecting,overall,all,extra_trees [crawl],12.0,0.101600970706376,0.09850338541405718,2952,36
rho_W5_k4,time_respecting,overall,all,ridge [occupancy],13.0,0.09210854491756275,0.09953399214603503,2952,36
rho_W5_k4,time_respecting,overall,all,random_forest [crawl],14.0,0.10968761927650945,0.10684147278032344,2952,36
rho_W5_k4,time_respecting,overall,all,hist_gradient_boosting [crawl],15.0,0.1100604762719684,0.10793511808912855,2952,36
rho_W5_k4,time_respecting,overall,all,occ_mle,16.0,0.11540330155715874,0.12377858500782252,2952,36
rho_W5_k4,time_respecting,overall,all,ridge [crawl],17.0,0.12598391130571132,0.12842690326362927,2952,36
rho_W5_k4,time_respecting,overall,all,mask_mle,18.0,0.12226603173190519,0.13048082878942655,2952,36
rho_W5_k4,time_respecting,overall,all,plugin,19.0,0.127224178266772,0.13655570381970072,2952,36
rho_W5_k4,time_respecting,overall,all,mean_floor,20.0,0.14435398871263425,0.14499294242675753,2952,36
rho_W5_k5,recency_biased,budget,100,extra_trees [combined],1.0,0.06589948846625497,0.07304040963650632,738,36
rho_W5_k5,recency_biased,budget,100,hist_gradient_boosting [combined],2.0,0.06794594498944738,0.07318772021977493,738,36
rho_W5_k5,recency_biased,budget,100,random_forest [combined],3.0,0.06866263464244966,0.07590106795539026,738,36
rho_W5_k5,recency_biased,budget,100,random_forest [patterns],4.0,0.06896049169396604,0.07737083964740815,738,36
rho_W5_k5,recency_biased,budget,100,hist_gradient_boosting [patterns],5.0,0.06847224659263335,0.07744892861689896,738,36
rho_W5_k5,recency_biased,budget,100,extra_trees [patterns],6.0,0.0689904648935546,0.078181975848506,738,36
rho_W5_k5,recency_biased,budget,100,hist_gradient_boosting [occupancy],7.0,0.07211401389006238,0.08383890427476348,738,36
rho_W5_k5,recency_biased,budget,100,random_forest [occupancy],8.0,0.07312232980943635,0.08566189394836558,738,36
rho_W5_k5,recency_biased,budget,100,plugin,9.0,0.07850470940897868,0.08578980137813384,738,36
rho_W5_k5,recency_biased,budget,100,mask_mle,10.0,0.07848341244753619,0.08605310593724153,738,36
rho_W5_k5,recency_biased,budget,100,extra_trees [occupancy],11.0,0.0737497152673486,0.0860847039919033,738,36
rho_W5_k5,recency_biased,budget,100,ridge [combined],12.0,0.08609103278968688,0.09086915007495219,738,36
rho_W5_k5,recency_biased,budget,100,ridge [patterns],13.0,0.08430367031235275,0.09328806454225479,738,36
rho_W5_k5,recency_biased,budget,100,ridge [occupancy],14.0,0.08148524969424333,0.09335530867207101,738,36
rho_W5_k5,recency_biased,budget,100,occ_mle,15.0,0.08554689490982254,0.09901336524589854,738,36
rho_W5_k5,recency_biased,budget,100,extra_trees [crawl],16.0,0.09984853283974707,0.10071040605573695,738,36
rho_W5_k5,recency_biased,budget,100,hist_gradient_boosting [crawl],17.0,0.09989478831086487,0.10143789098081137,738,36
rho_W5_k5,recency_biased,budget,100,random_forest [crawl],18.0,0.10147425451557714,0.10217933300480803,738,36
rho_W5_k5,recency_biased,budget,100,mean_floor,19.0,0.11092091078175108,0.1129660229420732,738,36
rho_W5_k5,recency_biased,budget,100,ridge [crawl],20.0,0.11455763412823593,0.11499978712908694,738,36
rho_W5_k5,recency_biased,budget,1600,random_forest [combined],1.0,0.024981177087796663,0.024311613787242763,738,36
rho_W5_k5,recency_biased,budget,1600,extra_trees [combined],2.0,0.025245919805966792,0.024872453421481786,738,36
rho_W5_k5,recency_biased,budget,1600,hist_gradient_boosting [patterns],3.0,0.024891665837589814,0.025274753849167653,738,36
rho_W5_k5,recency_biased,budget,1600,random_forest [patterns],4.0,0.025327903275858422,0.025287737345069002,738,36
rho_W5_k5,recency_biased,budget,1600,hist_gradient_boosting [combined],5.0,0.027632255908912683,0.02641846670301016,738,36
rho_W5_k5,recency_biased,budget,1600,extra_trees [patterns],6.0,0.02575618250611188,0.026482969990100347,738,36
rho_W5_k5,recency_biased,budget,1600,random_forest [occupancy],7.0,0.031416601179617906,0.035594021776627335,738,36
rho_W5_k5,recency_biased,budget,1600,extra_trees [occupancy],8.0,0.03220497426389865,0.03677398789118674,738,36
rho_W5_k5,recency_biased,budget,1600,hist_gradient_boosting [occupancy],9.0,0.034527363204842884,0.03962865831618925,738,36
rho_W5_k5,recency_biased,budget,1600,extra_trees [crawl],10.0,0.06556851113573288,0.0606509792395844,738,36
rho_W5_k5,recency_biased,budget,1600,hist_gradient_boosting [crawl],11.0,0.06443835729371625,0.06230886548498057,738,36
rho_W5_k5,recency_biased,budget,1600,ridge [combined],12.0,0.06041210517684286,0.064515080242276,738,36
rho_W5_k5,recency_biased,budget,1600,random_forest [crawl],13.0,0.0717580670029523,0.06890225336519372,738,36
rho_W5_k5,recency_biased,budget,1600,ridge [occupancy],14.0,0.0629971968044247,0.07121804370026114,738,36
rho_W5_k5,recency_biased,budget,1600,ridge [patterns],15.0,0.06468202074147779,0.07145011670652698,738,36
rho_W5_k5,recency_biased,budget,1600,occ_mle,16.0,0.06696289575487836,0.07245455026408507,738,36
rho_W5_k5,recency_biased,budget,1600,mask_mle,17.0,0.0735781665412047,0.07994681290772761,738,36
rho_W5_k5,recency_biased,budget,1600,plugin,18.0,0.07818004142536303,0.08540745415483184,738,36
rho_W5_k5,recency_biased,budget,1600,ridge [crawl],19.0,0.08554070860390622,0.09043065515588584,738,36
rho_W5_k5,recency_biased,budget,1600,mean_floor,20.0,0.11092091078175108,0.1129660229420732,738,36
rho_W5_k5,recency_biased,budget,3200,extra_trees [combined],1.0,0.020781400157845648,0.01925804690255344,738,36
rho_W5_k5,recency_biased,budget,3200,extra_trees [patterns],2.0,0.020810556934165562,0.019749539189578905,738,36
rho_W5_k5,recency_biased,budget,3200,random_forest [combined],3.0,0.020894171798157966,0.01988119473324139,738,36
rho_W5_k5,recency_biased,budget,3200,hist_gradient_boosting [patterns],4.0,0.020881177346778364,0.020314979888486743,738,36
rho_W5_k5,recency_biased,budget,3200,hist_gradient_boosting [combined],5.0,0.02219549720263884,0.020556663971999484,738,36
rho_W5_k5,recency_biased,budget,3200,random_forest [patterns],6.0,0.02205224324688719,0.021294678394409936,738,36
rho_W5_k5,recency_biased,budget,3200,extra_trees [occupancy],7.0,0.02441192260390437,0.02595410719620351,738,36
rho_W5_k5,recency_biased,budget,3200,random_forest [occupancy],8.0,0.02625745443027661,0.026956313089125824,738,36
rho_W5_k5,recency_biased,budget,3200,hist_gradient_boosting [occupancy],9.0,0.026482129328810534,0.02834008414000172,738,36
rho_W5_k5,recency_biased,budget,3200,extra_trees [crawl],10.0,0.05550609409631607,0.04930129072962672,738,36
rho_W5_k5,recency_biased,budget,3200,hist_gradient_boosting [crawl],11.0,0.06062971956138567,0.05869351643965327,738,36
rho_W5_k5,recency_biased,budget,3200,ridge [occupancy],12.0,0.05564637680025934,0.0608145099608443,738,36
rho_W5_k5,recency_biased,budget,3200,random_forest [crawl],13.0,0.06730543933875466,0.0631227267251846,738,36
rho_W5_k5,recency_biased,budget,3200,ridge [combined],14.0,0.06828314954474378,0.06825513706570825,738,36
rho_W5_k5,recency_biased,budget,3200,ridge [patterns],15.0,0.06871011484109849,0.06922984959266189,738,36
rho_W5_k5,recency_biased,budget,3200,occ_mle,16.0,0.06474404610215681,0.06957949923805606,738,36
rho_W5_k5,recency_biased,budget,3200,mask_mle,17.0,0.069516244332504,0.07505412870371977,738,36
rho_W5_k5,recency_biased,budget,3200,plugin,18.0,0.07755498022175236,0.08469754383090446,738,36
rho_W5_k5,recency_biased,budget,3200,ridge [crawl],19.0,0.09419447286340313,0.09955136109920118,738,36
rho_W5_k5,recency_biased,budget,3200,mean_floor,20.0,0.11092091078175108,0.1129660229420732,738,36
rho_W5_k5,recency_biased,budget,400,random_forest [combined],1.0,0.045922097579363524,0.05007665905973741,738,36
rho_W5_k5,recency_biased,budget,400,hist_gradient_boosting [combined],2.0,0.04772804766406395,0.0516488454912796,738,36
rho_W5_k5,recency_biased,budget,400,extra_trees [combined],3.0,0.04718703272290904,0.05178017110286854,738,36
rho_W5_k5,recency_biased,budget,400,random_forest [patterns],4.0,0.04805715121681334,0.05371225059387321,738,36
rho_W5_k5,recency_biased,budget,400,hist_gradient_boosting [patterns],5.0,0.04803982282033267,0.05401661246262391,738,36
rho_W5_k5,recency_biased,budget,400,extra_trees [patterns],6.0,0.049234312930220354,0.05607611857624158,738,36
rho_W5_k5,recency_biased,budget,400,random_forest [occupancy],7.0,0.055558059475682306,0.06675547289571741,738,36
rho_W5_k5,recency_biased,budget,400,hist_gradient_boosting [occupancy],8.0,0.05714855791930662,0.06798958158517458,738,36
rho_W5_k5,recency_biased,budget,400,extra_trees [occupancy],9.0,0.05694975021234437,0.0689752292815461,738,36
rho_W5_k5,recency_biased,budget,400,ridge [combined],10.0,0.07233999230853981,0.07834546031012604,738,36
rho_W5_k5,recency_biased,budget,400,occ_mle,11.0,0.07304762820716014,0.0812279095595426,738,36
rho_W5_k5,recency_biased,budget,400,ridge [occupancy],12.0,0.07085715226574138,0.08276549833762042,738,36
rho_W5_k5,recency_biased,budget,400,mask_mle,13.0,0.07778399478064275,0.08492881929787172,738,36
rho_W5_k5,recency_biased,budget,400,ridge [patterns],14.0,0.07453283545405374,0.08504471199143776,738,36
rho_W5_k5,recency_biased,budget,400,plugin,15.0,0.07844776453917239,0.0857055042045306,738,36
rho_W5_k5,recency_biased,budget,400,hist_gradient_boosting [crawl],16.0,0.0867831264951935,0.08659082106580764,738,36
rho_W5_k5,recency_biased,budget,400,extra_trees [crawl],17.0,0.09121850141777277,0.08964060749620106,738,36
rho_W5_k5,recency_biased,budget,400,random_forest [crawl],18.0,0.09084922311049023,0.09021210071465276,738,36
rho_W5_k5,recency_biased,budget,400,ridge [crawl],19.0,0.10220636376641389,0.10405231704808926,738,36
rho_W5_k5,recency_biased,budget,400,mean_floor,20.0,0.11092091078175108,0.1129660229420732,738,36
rho_W5_k5,recency_biased,coverage_band,high(>.15),random_forest [combined],1.0,0.026589276111366564,0.023993893819382668,1074,34
rho_W5_k5,recency_biased,coverage_band,high(>.15),hist_gradient_boosting [patterns],2.0,0.02747229310638067,0.024715995551756697,1074,34
rho_W5_k5,recency_biased,coverage_band,high(>.15),extra_trees [combined],3.0,0.026980698348604396,0.025135827130019245,1074,34
rho_W5_k5,recency_biased,coverage_band,high(>.15),hist_gradient_boosting [combined],4.0,0.027384945410005777,0.025456255956367826,1074,34
rho_W5_k5,recency_biased,coverage_band,high(>.15),random_forest [patterns],5.0,0.028128659584361757,0.02596338554192576,1074,34
rho_W5_k5,recency_biased,coverage_band,high(>.15),extra_trees [patterns],6.0,0.028381701073009583,0.027248174359599215,1074,34
rho_W5_k5,recency_biased,coverage_band,high(>.15),random_forest [occupancy],7.0,0.03563229990421526,0.03722434008887194,1074,34
rho_W5_k5,recency_biased,coverage_band,high(>.15),extra_trees [occupancy],8.0,0.035606166991309474,0.038555397214499354,1074,34
rho_W5_k5,recency_biased,coverage_band,high(>.15),hist_gradient_boosting [occupancy],9.0,0.03759998155615843,0.04027459222894708,1074,34
rho_W5_k5,recency_biased,coverage_band,high(>.15),extra_trees [crawl],10.0,0.06546148257811116,0.05960697567396044,1074,34
rho_W5_k5,recency_biased,coverage_band,high(>.15),hist_gradient_boosting [crawl],11.0,0.07469686571110563,0.07110186725318474,1074,34
rho_W5_k5,recency_biased,coverage_band,high(>.15),random_forest [crawl],12.0,0.07982308484292164,0.07408368438852839,1074,34
rho_W5_k5,recency_biased,coverage_band,high(>.15),ridge [combined],13.0,0.07687219879843887,0.07967062109813393,1074,34
rho_W5_k5,recency_biased,coverage_band,high(>.15),ridge [occupancy],14.0,0.07282041138742366,0.08132086547289927,1074,34
rho_W5_k5,recency_biased,coverage_band,high(>.15),ridge [patterns],15.0,0.08002214483722406,0.08682144156610004,1074,34
rho_W5_k5,recency_biased,coverage_band,high(>.15),occ_mle,16.0,0.0936093337171944,0.09050331176756894,1074,34
rho_W5_k5,recency_biased,coverage_band,high(>.15),mask_mle,17.0,0.10261037931855754,0.10044158052183777,1074,34
rho_W5_k5,recency_biased,coverage_band,high(>.15),plugin,18.0,0.11122579249504243,0.10913139967223245,1074,34
rho_W5_k5,recency_biased,coverage_band,high(>.15),ridge [crawl],19.0,0.11493164201903304,0.11219681588555043,1074,34
rho_W5_k5,recency_biased,coverage_band,high(>.15),mean_floor,20.0,0.13412687175973723,0.1288624586301667,1074,34
rho_W5_k5,recency_biased,coverage_band,low(<.02),plugin,1.0,0.056259254307434635,0.05087339977050557,467,26
rho_W5_k5,recency_biased,coverage_band,low(<.02),mask_mle,2.0,0.05633057065006677,0.05112442309482653,467,26
rho_W5_k5,recency_biased,coverage_band,low(<.02),extra_trees [combined],3.0,0.06048819443445719,0.06091973415156604,467,26
rho_W5_k5,recency_biased,coverage_band,low(<.02),hist_gradient_boosting [combined],4.0,0.06409343514832452,0.061727835485855545,467,26
rho_W5_k5,recency_biased,coverage_band,low(<.02),occ_mle,5.0,0.06501391668527702,0.06298404079366514,467,26
rho_W5_k5,recency_biased,coverage_band,low(<.02),random_forest [combined],6.0,0.06279849138752855,0.06318519773381585,467,26
rho_W5_k5,recency_biased,coverage_band,low(<.02),random_forest [patterns],7.0,0.06214565743095637,0.06321056899201719,467,26
rho_W5_k5,recency_biased,coverage_band,low(<.02),extra_trees [patterns],8.0,0.061458214679226575,0.0650150170683437,467,26
rho_W5_k5,recency_biased,coverage_band,low(<.02),hist_gradient_boosting [patterns],9.0,0.0636345562652033,0.06622654625094729,467,26
rho_W5_k5,recency_biased,coverage_band,low(<.02),extra_trees [occupancy],10.0,0.06673699091384035,0.06752420820635484,467,26
rho_W5_k5,recency_biased,coverage_band,low(<.02),random_forest [occupancy],11.0,0.0663957215605552,0.06828711192020741,467,26
rho_W5_k5,recency_biased,coverage_band,low(<.02),hist_gradient_boosting [occupancy],12.0,0.06835764370592441,0.07041959666721515,467,26
rho_W5_k5,recency_biased,coverage_band,low(<.02),ridge [occupancy],13.0,0.07044311612818237,0.0736120500695149,467,26
rho_W5_k5,recency_biased,coverage_band,low(<.02),ridge [patterns],14.0,0.07609852671279514,0.07592157238099338,467,26
rho_W5_k5,recency_biased,coverage_band,low(<.02),ridge [combined],15.0,0.08066349054805666,0.07655226849735706,467,26
rho_W5_k5,recency_biased,coverage_band,low(<.02),hist_gradient_boosting [crawl],16.0,0.08963695178231823,0.09062712027000887,467,26
rho_W5_k5,recency_biased,coverage_band,low(<.02),mean_floor,17.0,0.09204661453584957,0.09148754921198309,467,26
rho_W5_k5,recency_biased,coverage_band,low(<.02),extra_trees [crawl],18.0,0.09523814675462954,0.09388391084048607,467,26
rho_W5_k5,recency_biased,coverage_band,low(<.02),random_forest [crawl],19.0,0.0946269048008123,0.09546614751787079,467,26
rho_W5_k5,recency_biased,coverage_band,low(<.02),ridge [crawl],20.0,0.0970587307393716,0.09566920763429058,467,26
rho_W5_k5,recency_biased,coverage_band,mid,hist_gradient_boosting [combined],1.0,0.044505473274275426,0.05149864520381217,1411,36
rho_W5_k5,recency_biased,coverage_band,mid,extra_trees [combined],2.0,0.042665313921760456,0.051789576326617015,1411,36
rho_W5_k5,recency_biased,coverage_band,mid,random_forest [combined],3.0,0.04290273694964501,0.051933272506126754,1411,36
rho_W5_k5,recency_biased,coverage_band,mid,hist_gradient_boosting [patterns],4.0,0.042908352179114,0.05337357941627733,1411,36
rho_W5_k5,recency_biased,coverage_band,mid,random_forest [patterns],5.0,0.04400663797879539,0.054190247616483486,1411,36
rho_W5_k5,recency_biased,coverage_band,mid,extra_trees [patterns],6.0,0.04424748868409608,0.05569035950466751,1411,36
rho_W5_k5,recency_biased,coverage_band,mid,hist_gradient_boosting [occupancy],7.0,0.048274545487717715,0.06375126498583111,1411,36
rho_W5_k5,recency_biased,coverage_band,mid,random_forest [occupancy],8.0,0.04837256432786199,0.0643831526426732,1411,36
rho_W5_k5,recency_biased,coverage_band,mid,extra_trees [occupancy],9.0,0.04878262034516104,0.06512549788451234,1411,36
rho_W5_k5,recency_biased,coverage_band,mid,ridge [combined],10.0,0.06496711758437733,0.07584741758364193,1411,36
rho_W5_k5,recency_biased,coverage_band,mid,mask_mle,11.0,0.059829268516995826,0.0770978443492496,1411,36
rho_W5_k5,recency_biased,coverage_band,mid,plugin,12.0,0.06026491768111912,0.07743127372565733,1411,36
rho_W5_k5,recency_biased,coverage_band,mid,occ_mle,13.0,0.059067723349776065,0.07752279896058996,1411,36
rho_W5_k5,recency_biased,coverage_band,mid,ridge [occupancy],14.0,0.06299191559516043,0.07948999937324717,1411,36
rho_W5_k5,recency_biased,coverage_band,mid,ridge [patterns],15.0,0.0667490728458507,0.08117965725351244,1411,36
rho_W5_k5,recency_biased,coverage_band,mid,hist_gradient_boosting [crawl],16.0,0.07652987355766565,0.0813592759566069,1411,36
rho_W5_k5,recency_biased,coverage_band,mid,extra_trees [crawl],17.0,0.08191260320340069,0.08352851024747715,1411,36
rho_W5_k5,recency_biased,coverage_band,mid,random_forest [crawl],18.0,0.08124935259031912,0.08500418235993096,1411,36
rho_W5_k5,recency_biased,coverage_band,mid,ridge [crawl],19.0,0.08777702592870153,0.09840935196899162,1411,36
rho_W5_k5,recency_biased,coverage_band,mid,mean_floor,20.0,0.09950425185650578,0.10819489112943832,1411,36
rho_W5_k5,recency_biased,data_block,mechanistic_activity,extra_trees [crawl],1.0,0.019005738918059362,0.019005738918059362,216,6
rho_W5_k5,recency_biased,data_block,mechanistic_activity,random_forest [crawl],2.0,0.022715533041054687,0.022715533041054684,216,6
rho_W5_k5,recency_biased,data_block,mechanistic_activity,mask_mle,3.0,0.023603569330760465,0.023603569330760465,216,6
rho_W5_k5,recency_biased,data_block,mechanistic_activity,plugin,4.0,0.026490208806018187,0.026490208806018187,216,6
rho_W5_k5,recency_biased,data_block,mechanistic_activity,hist_gradient_boosting [crawl],5.0,0.027471357594982843,0.027471357594982843,216,6
rho_W5_k5,recency_biased,data_block,mechanistic_activity,hist_gradient_boosting [combined],6.0,0.028398285096571402,0.028398285096571402,216,6
rho_W5_k5,recency_biased,data_block,mechanistic_activity,random_forest [combined],7.0,0.030832519879346737,0.030832519879346734,216,6
rho_W5_k5,recency_biased,data_block,mechanistic_activity,extra_trees [combined],8.0,0.0308768561077791,0.030876856107779096,216,6
rho_W5_k5,recency_biased,data_block,mechanistic_activity,random_forest [patterns],9.0,0.038689250831943335,0.038689250831943335,216,6
rho_W5_k5,recency_biased,data_block,mechanistic_activity,hist_gradient_boosting [patterns],10.0,0.04288032886200756,0.04288032886200755,216,6
rho_W5_k5,recency_biased,data_block,mechanistic_activity,extra_trees [patterns],11.0,0.04347227732350717,0.04347227732350717,216,6
rho_W5_k5,recency_biased,data_block,mechanistic_activity,mean_floor,12.0,0.0514175125750977,0.05141751257509769,216,6
rho_W5_k5,recency_biased,data_block,mechanistic_activity,ridge [crawl],13.0,0.054032309716435405,0.054032309716435405,216,6
rho_W5_k5,recency_biased,data_block,mechanistic_activity,occ_mle,14.0,0.05819533878516307,0.058195338785163066,216,6
rho_W5_k5,recency_biased,data_block,mechanistic_activity,ridge [combined],15.0,0.06905086803044157,0.06905086803044157,216,6
rho_W5_k5,recency_biased,data_block,mechanistic_activity,random_forest [occupancy],16.0,0.0727174098649813,0.07271740986498132,216,6
rho_W5_k5,recency_biased,data_block,mechanistic_activity,extra_trees [occupancy],17.0,0.0770274510952439,0.07702745109524392,216,6
rho_W5_k5,recency_biased,data_block,mechanistic_activity,hist_gradient_boosting [occupancy],18.0,0.07713087630192536,0.07713087630192537,216,6
rho_W5_k5,recency_biased,data_block,mechanistic_activity,ridge [patterns],19.0,0.09232074988218016,0.09232074988218016,216,6
rho_W5_k5,recency_biased,data_block,mechanistic_activity,ridge [occupancy],20.0,0.10084629486568548,0.10084629486568548,216,6
rho_W5_k5,recency_biased,data_block,mechanistic_dar,hist_gradient_boosting [combined],1.0,0.08175969391134762,0.08175969391134763,864,12
rho_W5_k5,recency_biased,data_block,mechanistic_dar,hist_gradient_boosting [patterns],2.0,0.08296190954781359,0.08296190954781359,864,12
rho_W5_k5,recency_biased,data_block,mechanistic_dar,extra_trees [combined],3.0,0.08339040198735002,0.08339040198735002,864,12
rho_W5_k5,recency_biased,data_block,mechanistic_dar,random_forest [combined],4.0,0.08379846209096993,0.08379846209096992,864,12
rho_W5_k5,recency_biased,data_block,mechanistic_dar,random_forest [patterns],5.0,0.08577005827668666,0.08577005827668664,864,12
rho_W5_k5,recency_biased,data_block,mechanistic_dar,extra_trees [patterns],6.0,0.08646364819224439,0.08646364819224439,864,12
rho_W5_k5,recency_biased,data_block,mechanistic_dar,hist_gradient_boosting [occupancy],7.0,0.09746092823334472,0.09746092823334473,864,12
rho_W5_k5,recency_biased,data_block,mechanistic_dar,random_forest [occupancy],8.0,0.09807103171147907,0.09807103171147909,864,12
rho_W5_k5,recency_biased,data_block,mechanistic_dar,extra_trees [occupancy],9.0,0.09840647421714767,0.0984064742171477,864,12
rho_W5_k5,recency_biased,data_block,mechanistic_dar,ridge [combined],10.0,0.12899002885361574,0.12899002885361574,864,12
rho_W5_k5,recency_biased,data_block,mechanistic_dar,ridge [occupancy],11.0,0.13238576010516173,0.13238576010516176,864,12
rho_W5_k5,recency_biased,data_block,mechanistic_dar,extra_trees [crawl],12.0,0.13309056439399927,0.13309056439399927,864,12
rho_W5_k5,recency_biased,data_block,mechanistic_dar,ridge [patterns],13.0,0.13365993840860516,0.13365993840860516,864,12
rho_W5_k5,recency_biased,data_block,mechanistic_dar,hist_gradient_boosting [crawl],14.0,0.13834189222569215,0.13834189222569215,864,12
rho_W5_k5,recency_biased,data_block,mechanistic_dar,random_forest [crawl],15.0,0.14882570523173813,0.1488257052317381,864,12
rho_W5_k5,recency_biased,data_block,mechanistic_dar,occ_mle,16.0,0.17510608020699295,0.17510608020699292,864,12
rho_W5_k5,recency_biased,data_block,mechanistic_dar,ridge [crawl],17.0,0.18183808610869223,0.18183808610869226,864,12
rho_W5_k5,recency_biased,data_block,mechanistic_dar,mean_floor,18.0,0.19687601613076064,0.19687601613076064,864,12
rho_W5_k5,recency_biased,data_block,mechanistic_dar,mask_mle,19.0,0.20445463091398325,0.20445463091398328,864,12
rho_W5_k5,recency_biased,data_block,mechanistic_dar,plugin,20.0,0.21410716551254425,0.21410716551254427,864,12
rho_W5_k5,recency_biased,data_block,real_controlled,mask_mle,1.0,0.009020351037825622,0.009020351037825622,432,6
rho_W5_k5,recency_biased,data_block,real_controlled,plugin,2.0,0.009175542664127819,0.00917554266412782,432,6
rho_W5_k5,recency_biased,data_block,real_controlled,random_forest [occupancy],3.0,0.010778157396344721,0.010778157396344723,432,6
rho_W5_k5,recency_biased,data_block,real_controlled,extra_trees [occupancy],4.0,0.0109133146184573,0.010913314618457298,432,6
rho_W5_k5,recency_biased,data_block,real_controlled,hist_gradient_boosting [occupancy],5.0,0.011384659129574405,0.011384659129574407,432,6
rho_W5_k5,recency_biased,data_block,real_controlled,occ_mle,6.0,0.011673948358291853,0.011673948358291853,432,6
rho_W5_k5,recency_biased,data_block,real_controlled,hist_gradient_boosting [patterns],7.0,0.013627884311217342,0.013627884311217343,432,6
rho_W5_k5,recency_biased,data_block,real_controlled,random_forest [combined],8.0,0.015794880337658843,0.015794880337658846,432,6
rho_W5_k5,recency_biased,data_block,real_controlled,extra_trees [combined],9.0,0.016502161617215513,0.016502161617215513,432,6
rho_W5_k5,recency_biased,data_block,real_controlled,extra_trees [patterns],10.0,0.01730430870317941,0.01730430870317941,432,6
rho_W5_k5,recency_biased,data_block,real_controlled,random_forest [patterns],11.0,0.017776417985600965,0.01777641798560096,432,6
rho_W5_k5,recency_biased,data_block,real_controlled,hist_gradient_boosting [combined],12.0,0.01956391190388707,0.01956391190388707,432,6
rho_W5_k5,recency_biased,data_block,real_controlled,ridge [occupancy],13.0,0.027399639262786518,0.027399639262786518,432,6
rho_W5_k5,recency_biased,data_block,real_controlled,ridge [patterns],14.0,0.040420457111858266,0.04042045711185827,432,6
rho_W5_k5,recency_biased,data_block,real_controlled,hist_gradient_boosting [crawl],15.0,0.05408043711607036,0.05408043711607035,432,6
rho_W5_k5,recency_biased,data_block,real_controlled,ridge [combined],16.0,0.05746978395160799,0.05746978395160799,432,6
rho_W5_k5,recency_biased,data_block,real_controlled,ridge [crawl],17.0,0.060098762328238464,0.06009876232823846,432,6
rho_W5_k5,recency_biased,data_block,real_controlled,mean_floor,18.0,0.06895843804744693,0.06895843804744693,432,6
rho_W5_k5,recency_biased,data_block,real_controlled,random_forest [crawl],19.0,0.07172336567324292,0.07172336567324292,432,6
rho_W5_k5,recency_biased,data_block,real_controlled,extra_trees [crawl],20.0,0.07648926632637844,0.07648926632637844,432,6
rho_W5_k5,recency_biased,data_block,real_empirical,mask_mle,1.0,0.016668186700641668,0.016668186700641668,72,6
rho_W5_k5,recency_biased,data_block,real_empirical,plugin,2.0,0.017306772290047547,0.017306772290047543,72,6
rho_W5_k5,recency_biased,data_block,real_empirical,occ_mle,3.0,0.020625983906535535,0.020625983906535535,72,6
rho_W5_k5,recency_biased,data_block,real_empirical,extra_trees [occupancy],4.0,0.02078347370962802,0.020783473709628023,72,6
rho_W5_k5,recency_biased,data_block,real_empirical,hist_gradient_boosting [occupancy],5.0,0.021753470129154382,0.02175347012915438,72,6
rho_W5_k5,recency_biased,data_block,real_empirical,random_forest [occupancy],6.0,0.023125097718542483,0.023125097718542483,72,6
rho_W5_k5,recency_biased,data_block,real_empirical,hist_gradient_boosting [patterns],7.0,0.031001769367143082,0.03100176936714308,72,6
rho_W5_k5,recency_biased,data_block,real_empirical,extra_trees [patterns],8.0,0.032036801260325494,0.032036801260325494,72,6
rho_W5_k5,recency_biased,data_block,real_empirical,ridge [occupancy],9.0,0.03249096030337749,0.032490960303377496,72,6
rho_W5_k5,recency_biased,data_block,real_empirical,random_forest [combined],10.0,0.03283719879532405,0.03283719879532405,72,6
rho_W5_k5,recency_biased,data_block,real_empirical,extra_trees [combined],11.0,0.033808295556466104,0.033808295556466104,72,6
rho_W5_k5,recency_biased,data_block,real_empirical,random_forest [patterns],12.0,0.037177302608159796,0.037177302608159796,72,6
rho_W5_k5,recency_biased,data_block,real_empirical,hist_gradient_boosting [crawl],13.0,0.03986741927548299,0.03986741927548299,72,6
rho_W5_k5,recency_biased,data_block,real_empirical,hist_gradient_boosting [combined],14.0,0.04402944995000133,0.04402944995000133,72,6
rho_W5_k5,recency_biased,data_block,real_empirical,random_forest [crawl],15.0,0.05453970268555184,0.05453970268555184,72,6
rho_W5_k5,recency_biased,data_block,real_empirical,ridge [crawl],16.0,0.057946268290289565,0.05794626829028957,72,6
rho_W5_k5,recency_biased,data_block,real_empirical,mean_floor,17.0,0.06075028126876002,0.06075028126876001,72,6
rho_W5_k5,recency_biased,data_block,real_empirical,ridge [patterns],18.0,0.06818308121979379,0.06818308121979379,72,6
rho_W5_k5,recency_biased,data_block,real_empirical,extra_trees [crawl],19.0,0.07213874033034982,0.07213874033034982,72,6
rho_W5_k5,recency_biased,data_block,real_empirical,ridge [combined],20.0,0.0776023535588889,0.07760235355888889,72,6
rho_W5_k5,recency_biased,data_block,real_shuffle,extra_trees [patterns],1.0,0.0987820956567467,0.09878209565674669,216,6
rho_W5_k5,recency_biased,data_block,real_shuffle,random_forest [patterns],2.0,0.10141765847769618,0.10141765847769618,216,6
rho_W5_k5,recency_biased,data_block,real_shuffle,hist_gradient_boosting [patterns],3.0,0.10408753961825147,0.10408753961825146,216,6
rho_W5_k5,recency_biased,data_block,real_shuffle,extra_trees [combined],4.0,0.10814255748905233,0.10814255748905233,216,6
rho_W5_k5,recency_biased,data_block,real_shuffle,random_forest [combined],5.0,0.11084092753939373,0.11084092753939373,216,6
rho_W5_k5,recency_biased,data_block,real_shuffle,extra_trees [occupancy],6.0,0.11341142298748969,0.11341142298748967,216,6
rho_W5_k5,recency_biased,data_block,real_shuffle,random_forest [occupancy],7.0,0.1147216790122534,0.1147216790122534,216,6
rho_W5_k5,recency_biased,data_block,real_shuffle,ridge [crawl],8.0,0.11585544639654113,0.11585544639654112,216,6
rho_W5_k5,recency_biased,data_block,real_shuffle,hist_gradient_boosting [occupancy],9.0,0.11701288197352817,0.11701288197352816,216,6
rho_W5_k5,recency_biased,data_block,real_shuffle,hist_gradient_boosting [combined],10.0,0.11900025718784465,0.11900025718784463,216,6
rho_W5_k5,recency_biased,data_block,real_shuffle,ridge [occupancy],11.0,0.12360446176891189,0.12360446176891189,216,6
rho_W5_k5,recency_biased,data_block,real_shuffle,mean_floor,12.0,0.12513281053353767,0.12513281053353767,216,6
rho_W5_k5,recency_biased,data_block,real_shuffle,mask_mle,13.0,0.13057090851639536,0.13057090851639538,216,6
rho_W5_k5,recency_biased,data_block,real_shuffle,plugin,14.0,0.1337514790932961,0.13375147909329613,216,6
rho_W5_k5,recency_biased,data_block,real_shuffle,occ_mle,15.0,0.13592200705870847,0.1359220070587085,216,6
rho_W5_k5,recency_biased,data_block,real_shuffle,ridge [combined],16.0,0.15992779991549957,0.15992779991549955,216,6
rho_W5_k5,recency_biased,data_block,real_shuffle,ridge [patterns],17.0,0.16882166349938157,0.16882166349938155,216,6
rho_W5_k5,recency_biased,data_block,real_shuffle,hist_gradient_boosting [crawl],18.0,0.17479605892526873,0.17479605892526873,216,6
rho_W5_k5,recency_biased,data_block,real_shuffle,random_forest [crawl],19.0,0.19270687789806895,0.19270687789806895,216,6
rho_W5_k5,recency_biased,data_block,real_shuffle,extra_trees [crawl],20.0,0.19498081170476705,0.19498081170476703,216,6
rho_W5_k5,recency_biased,data_block,synthetic_controlled,extra_trees [combined],1.0,0.005022033869972186,0.005022033869972186,1152,12
rho_W5_k5,recency_biased,data_block,synthetic_controlled,extra_trees [occupancy],2.0,0.0050959399867180726,0.005095939986718072,1152,12
rho_W5_k5,recency_biased,data_block,synthetic_controlled,mask_mle,3.0,0.005105583631717879,0.005105583631717879,1152,12
rho_W5_k5,recency_biased,data_block,synthetic_controlled,plugin,4.0,0.00516723448301202,0.00516723448301202,1152,12
rho_W5_k5,recency_biased,data_block,synthetic_controlled,random_forest [occupancy],5.0,0.005198085681738831,0.005198085681738831,1152,12
rho_W5_k5,recency_biased,data_block,synthetic_controlled,random_forest [combined],6.0,0.0054067164490926465,0.0054067164490926465,1152,12
rho_W5_k5,recency_biased,data_block,synthetic_controlled,extra_trees [patterns],7.0,0.005557718826840049,0.005557718826840048,1152,12
rho_W5_k5,recency_biased,data_block,synthetic_controlled,random_forest [patterns],8.0,0.005730006495169192,0.005730006495169192,1152,12
rho_W5_k5,recency_biased,data_block,synthetic_controlled,hist_gradient_boosting [occupancy],9.0,0.00676655131143011,0.006766551311430111,1152,12
rho_W5_k5,recency_biased,data_block,synthetic_controlled,hist_gradient_boosting [combined],10.0,0.006979251183071917,0.006979251183071917,1152,12
rho_W5_k5,recency_biased,data_block,synthetic_controlled,hist_gradient_boosting [patterns],11.0,0.007137797429605521,0.007137797429605522,1152,12
rho_W5_k5,recency_biased,data_block,synthetic_controlled,occ_mle,12.0,0.012580958869491664,0.012580958869491668,1152,12
rho_W5_k5,recency_biased,data_block,synthetic_controlled,ridge [combined],13.0,0.01786293505020858,0.01786293505020858,1152,12
rho_W5_k5,recency_biased,data_block,synthetic_controlled,ridge [patterns],14.0,0.018580703055511443,0.018580703055511443,1152,12
rho_W5_k5,recency_biased,data_block,synthetic_controlled,ridge [occupancy],15.0,0.019921003905751564,0.019921003905751564,1152,12
rho_W5_k5,recency_biased,data_block,synthetic_controlled,extra_trees [crawl],16.0,0.026833190117686805,0.026833190117686808,1152,12
rho_W5_k5,recency_biased,data_block,synthetic_controlled,random_forest [crawl],17.0,0.02997881208415308,0.02997881208415308,1152,12
rho_W5_k5,recency_biased,data_block,synthetic_controlled,hist_gradient_boosting [crawl],18.0,0.035258838517870456,0.035258838517870456,1152,12
rho_W5_k5,recency_biased,data_block,synthetic_controlled,ridge [crawl],19.0,0.05961609028482029,0.05961609028482029,1152,12
rho_W5_k5,recency_biased,data_block,synthetic_controlled,mean_floor,20.0,0.07381832935020746,0.07381832935020748,1152,12
rho_W5_k5,recency_biased,domain,controlled,extra_trees [combined],1.0,0.005022033869972186,0.005022033869972186,1152,12
rho_W5_k5,recency_biased,domain,controlled,extra_trees [occupancy],2.0,0.0050959399867180726,0.005095939986718072,1152,12
rho_W5_k5,recency_biased,domain,controlled,mask_mle,3.0,0.005105583631717879,0.005105583631717879,1152,12
rho_W5_k5,recency_biased,domain,controlled,plugin,4.0,0.00516723448301202,0.00516723448301202,1152,12
rho_W5_k5,recency_biased,domain,controlled,random_forest [occupancy],5.0,0.005198085681738831,0.005198085681738831,1152,12
rho_W5_k5,recency_biased,domain,controlled,random_forest [combined],6.0,0.0054067164490926465,0.0054067164490926465,1152,12
rho_W5_k5,recency_biased,domain,controlled,extra_trees [patterns],7.0,0.005557718826840049,0.005557718826840048,1152,12
rho_W5_k5,recency_biased,domain,controlled,random_forest [patterns],8.0,0.005730006495169192,0.005730006495169192,1152,12
rho_W5_k5,recency_biased,domain,controlled,hist_gradient_boosting [occupancy],9.0,0.00676655131143011,0.006766551311430111,1152,12
rho_W5_k5,recency_biased,domain,controlled,hist_gradient_boosting [combined],10.0,0.006979251183071917,0.006979251183071917,1152,12
rho_W5_k5,recency_biased,domain,controlled,hist_gradient_boosting [patterns],11.0,0.007137797429605521,0.007137797429605522,1152,12
rho_W5_k5,recency_biased,domain,controlled,occ_mle,12.0,0.012580958869491664,0.012580958869491668,1152,12
rho_W5_k5,recency_biased,domain,controlled,ridge [combined],13.0,0.01786293505020858,0.01786293505020858,1152,12
rho_W5_k5,recency_biased,domain,controlled,ridge [patterns],14.0,0.018580703055511443,0.018580703055511443,1152,12
rho_W5_k5,recency_biased,domain,controlled,ridge [occupancy],15.0,0.019921003905751564,0.019921003905751564,1152,12
rho_W5_k5,recency_biased,domain,controlled,extra_trees [crawl],16.0,0.026833190117686805,0.026833190117686808,1152,12
rho_W5_k5,recency_biased,domain,controlled,random_forest [crawl],17.0,0.02997881208415308,0.02997881208415308,1152,12
rho_W5_k5,recency_biased,domain,controlled,hist_gradient_boosting [crawl],18.0,0.035258838517870456,0.035258838517870456,1152,12
rho_W5_k5,recency_biased,domain,controlled,ridge [crawl],19.0,0.05961609028482029,0.05961609028482029,1152,12
rho_W5_k5,recency_biased,domain,controlled,mean_floor,20.0,0.07381832935020746,0.07381832935020748,1152,12
rho_W5_k5,recency_biased,domain,email,extra_trees [patterns],1.0,0.017438678258206063,0.017438678258206063,120,1
rho_W5_k5,recency_biased,domain,email,random_forest [patterns],2.0,0.019830254853124316,0.019830254853124316,120,1
rho_W5_k5,recency_biased,domain,email,extra_trees [combined],3.0,0.020520352540615048,0.020520352540615048,120,1
rho_W5_k5,recency_biased,domain,email,hist_gradient_boosting [patterns],4.0,0.02170961547146937,0.02170961547146937,120,1
rho_W5_k5,recency_biased,domain,email,extra_trees [occupancy],5.0,0.022088160146659853,0.022088160146659853,120,1
rho_W5_k5,recency_biased,domain,email,random_forest [combined],6.0,0.02403546758839218,0.02403546758839218,120,1
rho_W5_k5,recency_biased,domain,email,random_forest [occupancy],7.0,0.026792466548925073,0.026792466548925073,120,1
rho_W5_k5,recency_biased,domain,email,hist_gradient_boosting [occupancy],8.0,0.028878155407364114,0.028878155407364114,120,1
rho_W5_k5,recency_biased,domain,email,occ_mle,9.0,0.030156168557961622,0.030156168557961622,120,1
rho_W5_k5,recency_biased,domain,email,hist_gradient_boosting [combined],10.0,0.03096068562042968,0.030960685620429685,120,1
rho_W5_k5,recency_biased,domain,email,ridge [patterns],11.0,0.03230229820837878,0.03230229820837878,120,1
rho_W5_k5,recency_biased,domain,email,mask_mle,12.0,0.032381488808021115,0.03238148880802111,120,1
rho_W5_k5,recency_biased,domain,email,plugin,13.0,0.03402089488769762,0.03402089488769762,120,1
rho_W5_k5,recency_biased,domain,email,ridge [occupancy],14.0,0.035713772140181455,0.03571377214018146,120,1
rho_W5_k5,recency_biased,domain,email,hist_gradient_boosting [crawl],15.0,0.04176139784869539,0.041761397848695384,120,1
rho_W5_k5,recency_biased,domain,email,ridge [crawl],16.0,0.04317938874718404,0.04317938874718404,120,1
rho_W5_k5,recency_biased,domain,email,mean_floor,17.0,0.04339131441443403,0.04339131441443403,120,1
rho_W5_k5,recency_biased,domain,email,ridge [combined],18.0,0.05704128092960573,0.05704128092960574,120,1
rho_W5_k5,recency_biased,domain,email,random_forest [crawl],19.0,0.05777154314988461,0.05777154314988461,120,1
rho_W5_k5,recency_biased,domain,email,extra_trees [crawl],20.0,0.06991320203292643,0.06991320203292643,120,1
rho_W5_k5,recency_biased,domain,mechanistic,hist_gradient_boosting [combined],1.0,0.07108741214839237,0.06397255763975555,1080,18
rho_W5_k5,recency_biased,domain,mechanistic,extra_trees [combined],2.0,0.07288769281143583,0.0658858866941597,1080,18
rho_W5_k5,recency_biased,domain,mechanistic,random_forest [combined],3.0,0.07320527364864529,0.06614314802042887,1080,18
rho_W5_k5,recency_biased,domain,mechanistic,hist_gradient_boosting [patterns],4.0,0.07494559341065238,0.0696013826525449,1080,18
rho_W5_k5,recency_biased,domain,mechanistic,random_forest [patterns],5.0,0.076353896787738,0.07007645579510555,1080,18
rho_W5_k5,recency_biased,domain,mechanistic,extra_trees [patterns],6.0,0.07786537401849696,0.07213319123599865,1080,18
rho_W5_k5,recency_biased,domain,mechanistic,random_forest [occupancy],7.0,0.09300030734217953,0.08961982442931314,1080,18
rho_W5_k5,recency_biased,domain,mechanistic,hist_gradient_boosting [occupancy],8.0,0.09339491784706085,0.09068424425620493,1080,18
rho_W5_k5,recency_biased,domain,mechanistic,extra_trees [occupancy],9.0,0.09413066959276693,0.09128013317651311,1080,18
rho_W5_k5,recency_biased,domain,mechanistic,extra_trees [crawl],10.0,0.1102735992988113,0.09506228923535266,1080,18
rho_W5_k5,recency_biased,domain,mechanistic,hist_gradient_boosting [crawl],11.0,0.1161677852995503,0.10138504734878905,1080,18
rho_W5_k5,recency_biased,domain,mechanistic,random_forest [crawl],12.0,0.1236036707936014,0.10678898116817698,1080,18
rho_W5_k5,recency_biased,domain,mechanistic,ridge [combined],13.0,0.11700219668898092,0.10901030857922435,1080,18
rho_W5_k5,recency_biased,domain,mechanistic,ridge [patterns],14.0,0.12539210070332016,0.11988020889979684,1080,18
rho_W5_k5,recency_biased,domain,mechanistic,ridge [occupancy],15.0,0.12607786705726648,0.12187260502533633,1080,18
rho_W5_k5,recency_biased,domain,mechanistic,occ_mle,16.0,0.15172393192262695,0.136135833066383,1080,18
rho_W5_k5,recency_biased,domain,mechanistic,ridge [crawl],17.0,0.15627693083024086,0.13923616064460664,1080,18
rho_W5_k5,recency_biased,domain,mechanistic,mask_mle,18.0,0.16828441859733873,0.14417094371957567,1080,18
rho_W5_k5,recency_biased,domain,mechanistic,mean_floor,19.0,0.16778431541962807,0.148389848278873,1080,18
rho_W5_k5,recency_biased,domain,mechanistic,plugin,20.0,0.17658377417123905,0.15156817994370222,1080,18
rho_W5_k5,recency_biased,domain,messaging,mask_mle,1.0,0.01080347486598613,0.01080347486598613,120,1
rho_W5_k5,recency_biased,domain,messaging,plugin,2.0,0.011116980968730709,0.011116980968730707,120,1
rho_W5_k5,recency_biased,domain,messaging,ridge [crawl],3.0,0.01901941056707466,0.01901941056707466,120,1
rho_W5_k5,recency_biased,domain,messaging,extra_trees [patterns],4.0,0.02801768634931434,0.028017686349314338,120,1
rho_W5_k5,recency_biased,domain,messaging,random_forest [patterns],5.0,0.0321520541286745,0.032152054128674494,120,1
rho_W5_k5,recency_biased,domain,messaging,random_forest [combined],6.0,0.032254997020844334,0.03225499702084434,120,1
rho_W5_k5,recency_biased,domain,messaging,ridge [combined],7.0,0.032317833092016274,0.03231783309201628,120,1
rho_W5_k5,recency_biased,domain,messaging,hist_gradient_boosting [patterns],8.0,0.032614627843581316,0.032614627843581316,120,1
rho_W5_k5,recency_biased,domain,messaging,extra_trees [combined],9.0,0.03361757016983538,0.03361757016983538,120,1
rho_W5_k5,recency_biased,domain,messaging,hist_gradient_boosting [crawl],10.0,0.03400289274735061,0.03400289274735061,120,1
rho_W5_k5,recency_biased,domain,messaging,hist_gradient_boosting [combined],11.0,0.03409274956362749,0.03409274956362749,120,1
rho_W5_k5,recency_biased,domain,messaging,occ_mle,12.0,0.0344276075541791,0.0344276075541791,120,1
rho_W5_k5,recency_biased,domain,messaging,ridge [patterns],13.0,0.0406313530343094,0.04063135303430939,120,1
rho_W5_k5,recency_biased,domain,messaging,hist_gradient_boosting [occupancy],14.0,0.048539817076844204,0.0485398170768442,120,1
rho_W5_k5,recency_biased,domain,messaging,random_forest [occupancy],15.0,0.05124556138738255,0.05124556138738255,120,1
rho_W5_k5,recency_biased,domain,messaging,extra_trees [occupancy],16.0,0.052832358893875955,0.052832358893875955,120,1
rho_W5_k5,recency_biased,domain,messaging,random_forest [crawl],17.0,0.0663437847437492,0.0663437847437492,120,1
rho_W5_k5,recency_biased,domain,messaging,ridge [occupancy],18.0,0.0711100687021934,0.07111006870219337,120,1
rho_W5_k5,recency_biased,domain,messaging,mean_floor,19.0,0.0720337089273349,0.0720337089273349,120,1
rho_W5_k5,recency_biased,domain,messaging,extra_trees [crawl],20.0,0.0728718408893563,0.0728718408893563,120,1
rho_W5_k5,recency_biased,domain,proximity,extra_trees [occupancy],1.0,0.045244514797292176,0.04524451479729217,480,4
rho_W5_k5,recency_biased,domain,proximity,random_forest [occupancy],2.0,0.045284354885928746,0.045284354885928746,480,4
rho_W5_k5,recency_biased,domain,proximity,hist_gradient_boosting [occupancy],3.0,0.04681051750302572,0.04681051750302573,480,4
rho_W5_k5,recency_biased,domain,proximity,hist_gradient_boosting [patterns],4.0,0.05017369328461756,0.05017369328461756,480,4
rho_W5_k5,recency_biased,domain,proximity,extra_trees [patterns],5.0,0.0534672499155662,0.05346724991556621,480,4
rho_W5_k5,recency_biased,domain,proximity,random_forest [patterns],6.0,0.054217740647778415,0.054217740647778415,480,4
rho_W5_k5,recency_biased,domain,proximity,random_forest [combined],7.0,0.05494677336360962,0.05494677336360962,480,4
rho_W5_k5,recency_biased,domain,proximity,extra_trees [combined],8.0,0.05505285998142481,0.05505285998142481,480,4
rho_W5_k5,recency_biased,domain,proximity,ridge [occupancy],9.0,0.058449366967431124,0.05844936696743113,480,4
rho_W5_k5,recency_biased,domain,proximity,mask_mle,10.0,0.05857921185301542,0.05857921185301542,480,4
rho_W5_k5,recency_biased,domain,proximity,occ_mle,11.0,0.05861941025682663,0.058619410256826626,480,4
rho_W5_k5,recency_biased,domain,proximity,plugin,12.0,0.05975770086909833,0.05975770086909834,480,4
rho_W5_k5,recency_biased,domain,proximity,hist_gradient_boosting [combined],13.0,0.06149869514451436,0.06149869514451436,480,4
rho_W5_k5,recency_biased,domain,proximity,mean_floor,14.0,0.09862864533766595,0.09862864533766595,480,4
rho_W5_k5,recency_biased,domain,proximity,ridge [crawl],15.0,0.09936607738883688,0.09936607738883688,480,4
rho_W5_k5,recency_biased,domain,proximity,ridge [patterns],16.0,0.10434220934769116,0.10434220934769116,480,4
rho_W5_k5,recency_biased,domain,proximity,ridge [combined],17.0,0.11299089004684983,0.11299089004684981,480,4
rho_W5_k5,recency_biased,domain,proximity,hist_gradient_boosting [crawl],18.0,0.11436966016314519,0.11436966016314519,480,4
rho_W5_k5,recency_biased,domain,proximity,random_forest [crawl],19.0,0.12842124758947399,0.12842124758947399,480,4
rho_W5_k5,recency_biased,domain,proximity,extra_trees [crawl],20.0,0.13170625527986754,0.13170625527986757,480,4
rho_W5_k5,recency_biased,overall,all,extra_trees [combined],1.0,0.03977846028824411,0.042237770265852514,2952,36
rho_W5_k5,recency_biased,overall,all,random_forest [combined],2.0,0.04011502027694195,0.042542633883902954,2952,36
rho_W5_k5,recency_biased,overall,all,hist_gradient_boosting [combined],3.0,0.04137543644126571,0.04295292409651605,2952,36
rho_W5_k5,recency_biased,overall,all,hist_gradient_boosting [patterns],4.0,0.04057122814933355,0.04426381870429432,2952,36
rho_W5_k5,recency_biased,overall,all,random_forest [patterns],5.0,0.041099447358381246,0.04441637649519007,2952,36
rho_W5_k5,recency_biased,overall,all,extra_trees [patterns],6.0,0.0411978793160131,0.04512265090110671,2952,36
rho_W5_k5,recency_biased,overall,all,random_forest [occupancy],7.0,0.0465886112237533,0.05374192542745904,2952,36
rho_W5_k5,recency_biased,overall,all,extra_trees [occupancy],8.0,0.046829090586874,0.054447007090209915,2952,36
rho_W5_k5,recency_biased,overall,all,hist_gradient_boosting [occupancy],9.0,0.0475680160857556,0.054949307079032256,2952,36
rho_W5_k5,recency_biased,overall,all,extra_trees [crawl],10.0,0.0780354098723922,0.07507582088028729,2952,36
rho_W5_k5,recency_biased,overall,all,ridge [combined],11.0,0.07178156995495333,0.07549620692326564,2952,36
rho_W5_k5,recency_biased,overall,all,ridge [occupancy],12.0,0.06774649389116719,0.07703834016769923,2952,36
rho_W5_k5,recency_biased,overall,all,hist_gradient_boosting [crawl],13.0,0.07793649791529007,0.07725777349281321,2952,36
rho_W5_k5,recency_biased,overall,all,ridge [patterns],14.0,0.0730571603372457,0.07975318570822038,2952,36
rho_W5_k5,recency_biased,overall,all,occ_mle,15.0,0.07257536624350447,0.08056883107689558,2952,36
rho_W5_k5,recency_biased,overall,all,random_forest [crawl],16.0,0.08284674599194358,0.08110410345245979,2952,36
rho_W5_k5,recency_biased,overall,all,mask_mle,17.0,0.0748404545254719,0.08149571671164016,2952,36
rho_W5_k5,recency_biased,overall,all,plugin,18.0,0.07817187389881661,0.08540007589210019,2952,36
rho_W5_k5,recency_biased,overall,all,ridge [crawl],19.0,0.0991247948404898,0.10225853010806579,2952,36
rho_W5_k5,recency_biased,overall,all,mean_floor,20.0,0.11092091078175109,0.1129660229420732,2952,36
rho_W5_k5,recent_history,budget,100,extra_trees [combined],1.0,0.06067123013904442,0.0659415324160888,738,36
rho_W5_k5,recent_history,budget,100,random_forest [combined],2.0,0.0626728401493172,0.06917614398933955,738,36
rho_W5_k5,recent_history,budget,100,random_forest [occupancy],3.0,0.06138062103220152,0.07042465160001274,738,36
rho_W5_k5,recent_history,budget,100,hist_gradient_boosting [occupancy],4.0,0.062104015184392465,0.07099124273928753,738,36
rho_W5_k5,recent_history,budget,100,hist_gradient_boosting [combined],5.0,0.06653906230723594,0.07142242864926848,738,36
rho_W5_k5,recent_history,budget,100,extra_trees [patterns],6.0,0.06454411847736205,0.07259029998348583,738,36
rho_W5_k5,recent_history,budget,100,extra_trees [occupancy],7.0,0.06393907933906423,0.0739410412390265,738,36
rho_W5_k5,recent_history,budget,100,hist_gradient_boosting [patterns],8.0,0.06805437849951111,0.07594732604166898,738,36
rho_W5_k5,recent_history,budget,100,random_forest [patterns],9.0,0.0668947350759076,0.07598648693807517,738,36
rho_W5_k5,recent_history,budget,100,mask_mle,10.0,0.07763760728144835,0.0850066261529925,738,36
rho_W5_k5,recent_history,budget,100,plugin,11.0,0.07850290593042925,0.08578774741645256,738,36
rho_W5_k5,recent_history,budget,100,ridge [combined],12.0,0.08517446336373057,0.08874306674702516,738,36
rho_W5_k5,recent_history,budget,100,ridge [occupancy],13.0,0.07919356427636601,0.0889271234806136,738,36
rho_W5_k5,recent_history,budget,100,ridge [patterns],14.0,0.08582698011597568,0.09416447063718275,738,36
rho_W5_k5,recent_history,budget,100,random_forest [crawl],15.0,0.09879488528553096,0.0983074641176559,738,36
rho_W5_k5,recent_history,budget,100,occ_mle,16.0,0.08819038314447106,0.09970843882971153,738,36
rho_W5_k5,recent_history,budget,100,extra_trees [crawl],17.0,0.10114152421578199,0.09983556689541896,738,36
rho_W5_k5,recent_history,budget,100,hist_gradient_boosting [crawl],18.0,0.1016695501777264,0.10172116136980011,738,36
rho_W5_k5,recent_history,budget,100,mean_floor,19.0,0.11092091078175108,0.1129660229420732,738,36
rho_W5_k5,recent_history,budget,100,ridge [crawl],20.0,0.11440402702259359,0.11513813189172173,738,36
rho_W5_k5,recent_history,budget,1600,extra_trees [combined],1.0,0.025279857776422728,0.02368453358327733,738,36
rho_W5_k5,recent_history,budget,1600,random_forest [combined],2.0,0.026726717007918965,0.025382712943241074,738,36
rho_W5_k5,recent_history,budget,1600,extra_trees [patterns],3.0,0.027016208431171872,0.025538556394985635,738,36
rho_W5_k5,recent_history,budget,1600,extra_trees [occupancy],4.0,0.026248808895194112,0.026385205630567402,738,36
rho_W5_k5,recent_history,budget,1600,random_forest [occupancy],5.0,0.027636747884400896,0.027952970420365368,738,36
rho_W5_k5,recent_history,budget,1600,hist_gradient_boosting [combined],6.0,0.03021755850600833,0.028112486596035016,738,36
rho_W5_k5,recent_history,budget,1600,random_forest [patterns],7.0,0.029111705967867087,0.028271050806621845,738,36
rho_W5_k5,recent_history,budget,1600,hist_gradient_boosting [occupancy],8.0,0.030471167227642402,0.03048415373167008,738,36
rho_W5_k5,recent_history,budget,1600,hist_gradient_boosting [patterns],9.0,0.03449129115752848,0.03284934880054943,738,36
rho_W5_k5,recent_history,budget,1600,extra_trees [crawl],10.0,0.06260832088729033,0.055729649848276476,738,36
rho_W5_k5,recent_history,budget,1600,hist_gradient_boosting [crawl],11.0,0.061672250953943755,0.05705124487166797,738,36
rho_W5_k5,recent_history,budget,1600,random_forest [crawl],12.0,0.06409452370074593,0.06009644401325254,738,36
rho_W5_k5,recent_history,budget,1600,occ_mle,13.0,0.05563907298359595,0.06094296095633221,738,36
rho_W5_k5,recent_history,budget,1600,ridge [occupancy],14.0,0.061793875692068345,0.06409234808431506,738,36
rho_W5_k5,recent_history,budget,1600,ridge [combined],15.0,0.06881485431118489,0.06417148520424168,738,36
rho_W5_k5,recent_history,budget,1600,ridge [patterns],16.0,0.06835234392362266,0.06556291307421017,738,36
rho_W5_k5,recent_history,budget,1600,mask_mle,17.0,0.06018436496865991,0.06695375417897315,738,36
rho_W5_k5,recent_history,budget,1600,plugin,18.0,0.0774785999842315,0.08491423970839448,738,36
rho_W5_k5,recent_history,budget,1600,ridge [crawl],19.0,0.08860277993799011,0.09210499413111276,738,36
rho_W5_k5,recent_history,budget,1600,mean_floor,20.0,0.11092091078175108,0.1129660229420732,738,36
rho_W5_k5,recent_history,budget,3200,extra_trees [combined],1.0,0.024138509225648093,0.02151490617710525,738,36
rho_W5_k5,recent_history,budget,3200,extra_trees [patterns],2.0,0.025944890021937794,0.023152630883772604,738,36
rho_W5_k5,recent_history,budget,3200,extra_trees [occupancy],3.0,0.024127499546528163,0.02338565498794374,738,36
rho_W5_k5,recent_history,budget,3200,random_forest [combined],4.0,0.027584462774811375,0.02520517062227035,738,36
rho_W5_k5,recent_history,budget,3200,random_forest [patterns],5.0,0.02860011296022847,0.025979643292925816,738,36
rho_W5_k5,recent_history,budget,3200,random_forest [occupancy],6.0,0.027119450665463098,0.026435786691850913,738,36
rho_W5_k5,recent_history,budget,3200,hist_gradient_boosting [combined],7.0,0.02966013554304399,0.02656884476283325,738,36
rho_W5_k5,recent_history,budget,3200,hist_gradient_boosting [patterns],8.0,0.03220122869834601,0.028456009161791862,738,36
rho_W5_k5,recent_history,budget,3200,hist_gradient_boosting [occupancy],9.0,0.029126691165119782,0.028998530384440353,738,36
rho_W5_k5,recent_history,budget,3200,extra_trees [crawl],10.0,0.05490748148293486,0.04691995643490684,738,36
rho_W5_k5,recent_history,budget,3200,occ_mle,11.0,0.050849051366167505,0.05536977551791125,738,36
rho_W5_k5,recent_history,budget,3200,random_forest [crawl],12.0,0.06228222557347811,0.05635532486945987,738,36
rho_W5_k5,recent_history,budget,3200,ridge [occupancy],13.0,0.05730743737827034,0.057514091387808414,738,36
rho_W5_k5,recent_history,budget,3200,mask_mle,14.0,0.05285503297497708,0.05822033354748034,738,36
rho_W5_k5,recent_history,budget,3200,hist_gradient_boosting [crawl],15.0,0.0643910343902117,0.058340379612689466,738,36
rho_W5_k5,recent_history,budget,3200,ridge [combined],16.0,0.07259897823540373,0.06660453336299413,738,36
rho_W5_k5,recent_history,budget,3200,ridge [patterns],17.0,0.07521566449579573,0.06857664028082103,738,36
rho_W5_k5,recent_history,budget,3200,plugin,18.0,0.07597063453993971,0.08348645598460896,738,36
rho_W5_k5,recent_history,budget,3200,ridge [crawl],19.0,0.09526036034482707,0.09989217826343727,738,36
rho_W5_k5,recent_history,budget,3200,mean_floor,20.0,0.11092091078175108,0.1129660229420732,738,36
rho_W5_k5,recent_history,budget,400,extra_trees [combined],1.0,0.04124353575391453,0.04336496374494333,738,36
rho_W5_k5,recent_history,budget,400,random_forest [combined],2.0,0.04146624637945577,0.04396495545748359,738,36
rho_W5_k5,recent_history,budget,400,hist_gradient_boosting [combined],3.0,0.0438541489963316,0.04423490679765482,738,36
rho_W5_k5,recent_history,budget,400,extra_trees [occupancy],4.0,0.042954752633204085,0.048989369752620825,738,36
rho_W5_k5,recent_history,budget,400,random_forest [occupancy],5.0,0.04337163621898918,0.04899037683283194,738,36
rho_W5_k5,recent_history,budget,400,extra_trees [patterns],6.0,0.04605929744954849,0.05056160052878264,738,36
rho_W5_k5,recent_history,budget,400,random_forest [patterns],7.0,0.04597045639511871,0.0508957553590593,738,36
rho_W5_k5,recent_history,budget,400,hist_gradient_boosting [occupancy],8.0,0.044858821736688294,0.05106510464422037,738,36
rho_W5_k5,recent_history,budget,400,hist_gradient_boosting [patterns],9.0,0.047167241003151845,0.05140462214450689,738,36
rho_W5_k5,recent_history,budget,400,ridge [combined],10.0,0.07077524226046265,0.0699658213259464,738,36
rho_W5_k5,recent_history,budget,400,ridge [patterns],11.0,0.06910019825955273,0.0734249546145913,738,36
rho_W5_k5,recent_history,budget,400,occ_mle,12.0,0.06824943604856498,0.07441074262286695,738,36
rho_W5_k5,recent_history,budget,400,ridge [occupancy],13.0,0.06657582594160309,0.07538095704022736,738,36
rho_W5_k5,recent_history,budget,400,extra_trees [crawl],14.0,0.0831791548489042,0.07931866629257137,738,36
rho_W5_k5,recent_history,budget,400,hist_gradient_boosting [crawl],15.0,0.08196671699218341,0.07967793783873818,738,36
rho_W5_k5,recent_history,budget,400,random_forest [crawl],16.0,0.08254664197695613,0.08015700394769279,738,36
rho_W5_k5,recent_history,budget,400,mask_mle,17.0,0.07354796388516133,0.08091154743607729,738,36
rho_W5_k5,recent_history,budget,400,plugin,18.0,0.07841369653870343,0.08569611186814839,738,36
rho_W5_k5,recent_history,budget,400,ridge [crawl],19.0,0.10262707274517513,0.1033826474860249,738,36
rho_W5_k5,recent_history,budget,400,mean_floor,20.0,0.11092091078175108,0.1129660229420732,738,36
rho_W5_k5,recent_history,coverage_band,high(>.15),extra_trees [combined],1.0,0.02869293495913931,0.02381827640167595,1146,35
rho_W5_k5,recent_history,coverage_band,high(>.15),extra_trees [occupancy],2.0,0.028662200936198323,0.025809752171570475,1146,35
rho_W5_k5,recent_history,coverage_band,high(>.15),extra_trees [patterns],3.0,0.03140272262715761,0.02644540184925431,1146,35
rho_W5_k5,recent_history,coverage_band,high(>.15),random_forest [combined],4.0,0.032302568274804655,0.02696058480330162,1146,35
rho_W5_k5,recent_history,coverage_band,high(>.15),random_forest [occupancy],5.0,0.03135057069425087,0.02828481419675879,1146,35
rho_W5_k5,recent_history,coverage_band,high(>.15),hist_gradient_boosting [combined],6.0,0.033271649090545204,0.02949820838862458,1146,35
rho_W5_k5,recent_history,coverage_band,high(>.15),random_forest [patterns],7.0,0.03339271574887675,0.030065817546043108,1146,35
rho_W5_k5,recent_history,coverage_band,high(>.15),hist_gradient_boosting [occupancy],8.0,0.034015205754324276,0.030215606966735028,1146,35
rho_W5_k5,recent_history,coverage_band,high(>.15),hist_gradient_boosting [patterns],9.0,0.036683833269690595,0.03368336554051027,1146,35
rho_W5_k5,recent_history,coverage_band,high(>.15),extra_trees [crawl],10.0,0.05766203700446886,0.05133066734261175,1146,35
rho_W5_k5,recent_history,coverage_band,high(>.15),random_forest [crawl],11.0,0.0671290904275576,0.06007577829844415,1146,35
rho_W5_k5,recent_history,coverage_band,high(>.15),hist_gradient_boosting [crawl],12.0,0.06649550677307639,0.06100464889745923,1146,35
rho_W5_k5,recent_history,coverage_band,high(>.15),ridge [combined],13.0,0.07491009749696716,0.06645095272123053,1146,35
rho_W5_k5,recent_history,coverage_band,high(>.15),ridge [occupancy],14.0,0.07181408382000286,0.06862397135069852,1146,35
rho_W5_k5,recent_history,coverage_band,high(>.15),occ_mle,15.0,0.0708665841393941,0.06869639889524659,1146,35
rho_W5_k5,recent_history,coverage_band,high(>.15),ridge [patterns],16.0,0.08343343469299618,0.07339504842775289,1146,35
rho_W5_k5,recent_history,coverage_band,high(>.15),mask_mle,17.0,0.07792291229191359,0.07822404176062349,1146,35
rho_W5_k5,recent_history,coverage_band,high(>.15),plugin,18.0,0.10367366092703319,0.10369388941752519,1146,35
rho_W5_k5,recent_history,coverage_band,high(>.15),ridge [crawl],19.0,0.10614968969010892,0.10837626470016351,1146,35
rho_W5_k5,recent_history,coverage_band,high(>.15),mean_floor,20.0,0.13004057904412533,0.12494722098791242,1146,35
rho_W5_k5,recent_history,coverage_band,low(<.02),plugin,1.0,0.056907953771258006,0.0499748380541607,454,26
rho_W5_k5,recent_history,coverage_band,low(<.02),mask_mle,2.0,0.056954118080402405,0.05041926047700565,454,26
rho_W5_k5,recent_history,coverage_band,low(<.02),extra_trees [combined],3.0,0.051148966641551316,0.053232904693214705,454,26
rho_W5_k5,recent_history,coverage_band,low(<.02),extra_trees [patterns],4.0,0.05281817320332749,0.053650892594832494,454,26
rho_W5_k5,recent_history,coverage_band,low(<.02),random_forest [patterns],5.0,0.05548602554118678,0.05659576244643361,454,26
rho_W5_k5,recent_history,coverage_band,low(<.02),random_forest [combined],6.0,0.05355896069676154,0.05669806961771825,454,26
rho_W5_k5,recent_history,coverage_band,low(<.02),hist_gradient_boosting [patterns],7.0,0.05839662092561001,0.0585163856979346,454,26
rho_W5_k5,recent_history,coverage_band,low(<.02),random_forest [occupancy],8.0,0.051205157297237805,0.05858972521926163,454,26
rho_W5_k5,recent_history,coverage_band,low(<.02),hist_gradient_boosting [combined],9.0,0.06072863746124646,0.05901872622081771,454,26
rho_W5_k5,recent_history,coverage_band,low(<.02),hist_gradient_boosting [occupancy],10.0,0.05232477237337885,0.05919313686124425,454,26
rho_W5_k5,recent_history,coverage_band,low(<.02),extra_trees [occupancy],11.0,0.05380083796803772,0.05929142020446347,454,26
rho_W5_k5,recent_history,coverage_band,low(<.02),ridge [occupancy],12.0,0.06760032314561645,0.06902493054357574,454,26
rho_W5_k5,recent_history,coverage_band,low(<.02),ridge [patterns],13.0,0.07277988480700237,0.07455121177740733,454,26
rho_W5_k5,recent_history,coverage_band,low(<.02),occ_mle,14.0,0.07754047987189099,0.07985305958897637,454,26
rho_W5_k5,recent_history,coverage_band,low(<.02),ridge [combined],15.0,0.08276334097574657,0.08064743709320424,454,26
rho_W5_k5,recent_history,coverage_band,low(<.02),random_forest [crawl],16.0,0.0978148592558876,0.0893430956816821,454,26
rho_W5_k5,recent_history,coverage_band,low(<.02),hist_gradient_boosting [crawl],17.0,0.09713664854127733,0.09151223560092955,454,26
rho_W5_k5,recent_history,coverage_band,low(<.02),mean_floor,18.0,0.0929976727660359,0.0924540262664575,454,26
rho_W5_k5,recent_history,coverage_band,low(<.02),extra_trees [crawl],19.0,0.10192901751818687,0.09267472730169565,454,26
rho_W5_k5,recent_history,coverage_band,low(<.02),ridge [crawl],20.0,0.10588569411534535,0.10190328756929358,454,26
rho_W5_k5,recent_history,coverage_band,mid,extra_trees [combined],1.0,0.04110955455480327,0.047875285147722615,1352,36
rho_W5_k5,recent_history,coverage_band,mid,random_forest [combined],2.0,0.0411255807238414,0.04861107005299166,1352,36
rho_W5_k5,recent_history,coverage_band,mid,hist_gradient_boosting [combined],3.0,0.04434897698599317,0.04920192318686444,1352,36
rho_W5_k5,recent_history,coverage_band,mid,random_forest [occupancy],4.0,0.04330055100045924,0.05399919674404093,1352,36
rho_W5_k5,recent_history,coverage_band,mid,extra_trees [occupancy],5.0,0.04348587345795315,0.05461477853054189,1352,36
rho_W5_k5,recent_history,coverage_band,mid,extra_trees [patterns],6.0,0.04492872843744202,0.05492553669712777,1352,36
rho_W5_k5,recent_history,coverage_band,mid,hist_gradient_boosting [occupancy],7.0,0.04451547388287463,0.05517885392327682,1352,36
rho_W5_k5,recent_history,coverage_band,mid,random_forest [patterns],8.0,0.04617390963804762,0.05608671859622754,1352,36
rho_W5_k5,recent_history,coverage_band,mid,hist_gradient_boosting [patterns],9.0,0.048595337292387776,0.05719443159520405,1352,36
rho_W5_k5,recent_history,coverage_band,mid,occ_mle,10.0,0.05741445195932091,0.07021293427537022,1352,36
rho_W5_k5,recent_history,coverage_band,mid,ridge [occupancy],11.0,0.06100968362495413,0.07482914945807596,1352,36
rho_W5_k5,recent_history,coverage_band,mid,mask_mle,12.0,0.05905414209195739,0.07507067263024964,1352,36
rho_W5_k5,recent_history,coverage_band,mid,ridge [combined],13.0,0.07103014987834592,0.0751845951335271,1352,36
rho_W5_k5,recent_history,coverage_band,mid,ridge [patterns],14.0,0.06777563904890388,0.07794495632802155,1352,36
rho_W5_k5,recent_history,coverage_band,mid,plugin,15.0,0.062428817504827726,0.07876301478891998,1352,36
rho_W5_k5,recent_history,coverage_band,mid,random_forest [crawl],16.0,0.07822352392894885,0.08108079489774728,1352,36
rho_W5_k5,recent_history,coverage_band,mid,extra_trees [crawl],17.0,0.08165595779481244,0.08156109393545447,1352,36
rho_W5_k5,recent_history,coverage_band,mid,hist_gradient_boosting [crawl],18.0,0.08006980810332448,0.08257381293241678,1352,36
rho_W5_k5,recent_history,coverage_band,mid,ridge [crawl],19.0,0.09329903819829939,0.10067699658875673,1352,36
rho_W5_k5,recent_history,coverage_band,mid,mean_floor,20.0,0.1007330485261696,0.10884168405908692,1352,36
rho_W5_k5,recent_history,data_block,mechanistic_activity,extra_trees [crawl],1.0,0.018285432999663835,0.01828543299966383,216,6
rho_W5_k5,recent_history,data_block,mechanistic_activity,random_forest [crawl],2.0,0.019437557411906985,0.019437557411906985,216,6
rho_W5_k5,recent_history,data_block,mechanistic_activity,extra_trees [combined],3.0,0.02260939265999797,0.02260939265999797,216,6
rho_W5_k5,recent_history,data_block,mechanistic_activity,hist_gradient_boosting [crawl],4.0,0.02321553250188264,0.02321553250188264,216,6
rho_W5_k5,recent_history,data_block,mechanistic_activity,mask_mle,5.0,0.02397667967582984,0.02397667967582984,216,6
rho_W5_k5,recent_history,data_block,mechanistic_activity,hist_gradient_boosting [combined],6.0,0.026054103014152955,0.026054103014152955,216,6
rho_W5_k5,recent_history,data_block,mechanistic_activity,plugin,7.0,0.026386362377214725,0.026386362377214725,216,6
rho_W5_k5,recent_history,data_block,mechanistic_activity,random_forest [combined],8.0,0.02721998098337137,0.02721998098337137,216,6
rho_W5_k5,recent_history,data_block,mechanistic_activity,extra_trees [patterns],9.0,0.03701794454716399,0.037017944547163985,216,6
rho_W5_k5,recent_history,data_block,mechanistic_activity,ridge [combined],10.0,0.041017351608463475,0.04101735160846346,216,6
rho_W5_k5,recent_history,data_block,mechanistic_activity,random_forest [patterns],11.0,0.04183477354196672,0.04183477354196672,216,6
rho_W5_k5,recent_history,data_block,mechanistic_activity,hist_gradient_boosting [patterns],12.0,0.04338503224187276,0.043385032241872755,216,6
rho_W5_k5,recent_history,data_block,mechanistic_activity,random_forest [occupancy],13.0,0.04415541343965339,0.04415541343965338,216,6
rho_W5_k5,recent_history,data_block,mechanistic_activity,extra_trees [occupancy],14.0,0.04570329124512857,0.045703291245128584,216,6
rho_W5_k5,recent_history,data_block,mechanistic_activity,hist_gradient_boosting [occupancy],15.0,0.04837660108561182,0.04837660108561182,216,6
rho_W5_k5,recent_history,data_block,mechanistic_activity,mean_floor,16.0,0.0514175125750977,0.05141751257509769,216,6
rho_W5_k5,recent_history,data_block,mechanistic_activity,occ_mle,17.0,0.05428299434063768,0.05428299434063768,216,6
rho_W5_k5,recent_history,data_block,mechanistic_activity,ridge [crawl],18.0,0.05971801188572691,0.059718011885726896,216,6
rho_W5_k5,recent_history,data_block,mechanistic_activity,ridge [patterns],19.0,0.05977820397910637,0.05977820397910636,216,6
rho_W5_k5,recent_history,data_block,mechanistic_activity,ridge [occupancy],20.0,0.07212750730422457,0.07212750730422456,216,6
rho_W5_k5,recent_history,data_block,mechanistic_dar,extra_trees [combined],1.0,0.073695601899443,0.07369560189944302,864,12
rho_W5_k5,recent_history,data_block,mechanistic_dar,hist_gradient_boosting [combined],2.0,0.0753076799193716,0.0753076799193716,864,12
rho_W5_k5,recent_history,data_block,mechanistic_dar,extra_trees [patterns],3.0,0.07756199269915925,0.07756199269915927,864,12
rho_W5_k5,recent_history,data_block,mechanistic_dar,random_forest [combined],4.0,0.07760796633459528,0.07760796633459527,864,12
rho_W5_k5,recent_history,data_block,mechanistic_dar,hist_gradient_boosting [patterns],5.0,0.0792780645624079,0.0792780645624079,864,12
rho_W5_k5,recent_history,data_block,mechanistic_dar,extra_trees [occupancy],6.0,0.07951190829968137,0.07951190829968137,864,12
rho_W5_k5,recent_history,data_block,mechanistic_dar,random_forest [occupancy],7.0,0.08017539000632387,0.08017539000632389,864,12
rho_W5_k5,recent_history,data_block,mechanistic_dar,hist_gradient_boosting [occupancy],8.0,0.08157768303985706,0.08157768303985706,864,12
rho_W5_k5,recent_history,data_block,mechanistic_dar,random_forest [patterns],9.0,0.0816643550564102,0.08166435505641022,864,12
rho_W5_k5,recent_history,data_block,mechanistic_dar,extra_trees [crawl],10.0,0.11415058086233901,0.11415058086233902,864,12
rho_W5_k5,recent_history,data_block,mechanistic_dar,ridge [combined],11.0,0.11596862958236975,0.11596862958236975,864,12
rho_W5_k5,recent_history,data_block,mechanistic_dar,ridge [patterns],12.0,0.12203923462385945,0.12203923462385946,864,12
rho_W5_k5,recent_history,data_block,mechanistic_dar,ridge [occupancy],13.0,0.12331982396276103,0.12331982396276105,864,12
rho_W5_k5,recent_history,data_block,mechanistic_dar,hist_gradient_boosting [crawl],14.0,0.12405552088022961,0.1240555208802296,864,12
rho_W5_k5,recent_history,data_block,mechanistic_dar,random_forest [crawl],15.0,0.12901873351396034,0.12901873351396034,864,12
rho_W5_k5,recent_history,data_block,mechanistic_dar,occ_mle,16.0,0.15002975613624686,0.15002975613624686,864,12
rho_W5_k5,recent_history,data_block,mechanistic_dar,ridge [crawl],17.0,0.17919493669896755,0.17919493669896758,864,12
rho_W5_k5,recent_history,data_block,mechanistic_dar,mask_mle,18.0,0.1836979893204283,0.18369798932042833,864,12
rho_W5_k5,recent_history,data_block,mechanistic_dar,mean_floor,19.0,0.19687601613076064,0.19687601613076064,864,12
rho_W5_k5,recent_history,data_block,mechanistic_dar,plugin,20.0,0.21395904972650756,0.2139590497265076,864,12
rho_W5_k5,recent_history,data_block,real_controlled,extra_trees [occupancy],1.0,0.008633791171457416,0.008633791171457414,432,6
rho_W5_k5,recent_history,data_block,real_controlled,mask_mle,2.0,0.008727763453258095,0.008727763453258095,432,6
rho_W5_k5,recent_history,data_block,real_controlled,plugin,3.0,0.009078131895920214,0.009078131895920216,432,6
rho_W5_k5,recent_history,data_block,real_controlled,random_forest [occupancy],4.0,0.009206816730859034,0.009206816730859034,432,6
rho_W5_k5,recent_history,data_block,real_controlled,hist_gradient_boosting [occupancy],5.0,0.011361925294772349,0.011361925294772347,432,6
rho_W5_k5,recent_history,data_block,real_controlled,occ_mle,6.0,0.012893153032748317,0.012893153032748317,432,6
rho_W5_k5,recent_history,data_block,real_controlled,random_forest [combined],7.0,0.017480258858575733,0.017480258858575733,432,6
rho_W5_k5,recent_history,data_block,real_controlled,extra_trees [combined],8.0,0.017858825395715046,0.017858825395715046,432,6
rho_W5_k5,recent_history,data_block,real_controlled,random_forest [patterns],9.0,0.019103596657188214,0.01910359665718821,432,6
rho_W5_k5,recent_history,data_block,real_controlled,extra_trees [patterns],10.0,0.02124442083219195,0.02124442083219195,432,6
rho_W5_k5,recent_history,data_block,real_controlled,ridge [occupancy],11.0,0.02331980110343623,0.02331980110343623,432,6
rho_W5_k5,recent_history,data_block,real_controlled,hist_gradient_boosting [patterns],12.0,0.033975181194664084,0.033975181194664084,432,6
rho_W5_k5,recent_history,data_block,real_controlled,hist_gradient_boosting [combined],13.0,0.03763851714467543,0.037638517144675435,432,6
rho_W5_k5,recent_history,data_block,real_controlled,ridge [patterns],14.0,0.05077456649076133,0.050774566490761334,432,6
rho_W5_k5,recent_history,data_block,real_controlled,ridge [combined],15.0,0.06698661156999292,0.0669866115699929,432,6
rho_W5_k5,recent_history,data_block,real_controlled,mean_floor,16.0,0.06895843804744693,0.06895843804744693,432,6
rho_W5_k5,recent_history,data_block,real_controlled,hist_gradient_boosting [crawl],17.0,0.07877112718014478,0.07877112718014477,432,6
rho_W5_k5,recent_history,data_block,real_controlled,random_forest [crawl],18.0,0.0794365267010077,0.07943652670100772,432,6
rho_W5_k5,recent_history,data_block,real_controlled,ridge [crawl],19.0,0.0802448152977765,0.0802448152977765,432,6
rho_W5_k5,recent_history,data_block,real_controlled,extra_trees [crawl],20.0,0.09769797609551935,0.09769797609551935,432,6
rho_W5_k5,recent_history,data_block,real_empirical,mask_mle,1.0,0.01574208479810269,0.01574208479810269,72,6
rho_W5_k5,recent_history,data_block,real_empirical,plugin,2.0,0.017080235901073756,0.01708023590107376,72,6
rho_W5_k5,recent_history,data_block,real_empirical,occ_mle,3.0,0.017733428888475063,0.017733428888475063,72,6
rho_W5_k5,recent_history,data_block,real_empirical,random_forest [occupancy],4.0,0.02121062307584355,0.021210623075843555,72,6
rho_W5_k5,recent_history,data_block,real_empirical,extra_trees [occupancy],5.0,0.022168836272636945,0.02216883627263695,72,6
rho_W5_k5,recent_history,data_block,real_empirical,hist_gradient_boosting [occupancy],6.0,0.023512184168205084,0.02351218416820508,72,6
rho_W5_k5,recent_history,data_block,real_empirical,ridge [occupancy],7.0,0.03456157501270976,0.03456157501270976,72,6
rho_W5_k5,recent_history,data_block,real_empirical,random_forest [patterns],8.0,0.03962053340658092,0.03962053340658092,72,6
rho_W5_k5,recent_history,data_block,real_empirical,extra_trees [patterns],9.0,0.03999150215096408,0.03999150215096408,72,6
rho_W5_k5,recent_history,data_block,real_empirical,extra_trees [combined],10.0,0.040010149329514064,0.04001014932951407,72,6
rho_W5_k5,recent_history,data_block,real_empirical,random_forest [combined],11.0,0.04073644643584088,0.04073644643584088,72,6
rho_W5_k5,recent_history,data_block,real_empirical,hist_gradient_boosting [patterns],12.0,0.0507257281861814,0.0507257281861814,72,6
rho_W5_k5,recent_history,data_block,real_empirical,hist_gradient_boosting [combined],13.0,0.05557506113391968,0.05557506113391969,72,6
rho_W5_k5,recent_history,data_block,real_empirical,mean_floor,14.0,0.06075028126876002,0.06075028126876001,72,6
rho_W5_k5,recent_history,data_block,real_empirical,hist_gradient_boosting [crawl],15.0,0.0670210149911536,0.06702101499115361,72,6
rho_W5_k5,recent_history,data_block,real_empirical,ridge [crawl],16.0,0.07844570382159918,0.07844570382159918,72,6
rho_W5_k5,recent_history,data_block,real_empirical,random_forest [crawl],17.0,0.08736584833410091,0.0873658483341009,72,6
rho_W5_k5,recent_history,data_block,real_empirical,extra_trees [crawl],18.0,0.08807230389403481,0.08807230389403481,72,6
rho_W5_k5,recent_history,data_block,real_empirical,ridge [patterns],19.0,0.10088139379357342,0.10088139379357342,72,6
rho_W5_k5,recent_history,data_block,real_empirical,ridge [combined],20.0,0.10856998022124899,0.10856998022124897,72,6
rho_W5_k5,recent_history,data_block,real_shuffle,mask_mle,1.0,0.0937540335851354,0.09375403358513541,216,6
rho_W5_k5,recent_history,data_block,real_shuffle,occ_mle,2.0,0.10390655503835662,0.10390655503835662,216,6
rho_W5_k5,recent_history,data_block,real_shuffle,extra_trees [occupancy],3.0,0.11895575447599036,0.11895575447599033,216,6
rho_W5_k5,recent_history,data_block,real_shuffle,mean_floor,4.0,0.12513281053353767,0.12513281053353767,216,6
rho_W5_k5,recent_history,data_block,real_shuffle,extra_trees [combined],5.0,0.12581688612346612,0.1258168861234661,216,6
rho_W5_k5,recent_history,data_block,real_shuffle,random_forest [occupancy],6.0,0.12584094658573655,0.12584094658573655,216,6
rho_W5_k5,recent_history,data_block,real_shuffle,plugin,7.0,0.12682229131149486,0.12682229131149486,216,6
rho_W5_k5,recent_history,data_block,real_shuffle,extra_trees [patterns],8.0,0.12710884501086744,0.12710884501086742,216,6
rho_W5_k5,recent_history,data_block,real_shuffle,hist_gradient_boosting [combined],9.0,0.12738796690451915,0.12738796690451915,216,6
rho_W5_k5,recent_history,data_block,real_shuffle,random_forest [combined],10.0,0.127959339804455,0.12795933980445504,216,6
rho_W5_k5,recent_history,data_block,real_shuffle,hist_gradient_boosting [occupancy],11.0,0.13105956561931636,0.13105956561931636,216,6
rho_W5_k5,recent_history,data_block,real_shuffle,random_forest [patterns],12.0,0.1330033084939105,0.1330033084939105,216,6
rho_W5_k5,recent_history,data_block,real_shuffle,hist_gradient_boosting [patterns],13.0,0.1397571850516083,0.1397571850516083,216,6
rho_W5_k5,recent_history,data_block,real_shuffle,ridge [crawl],14.0,0.14389571058966497,0.14389571058966497,216,6
rho_W5_k5,recent_history,data_block,real_shuffle,ridge [occupancy],15.0,0.17161870805847215,0.17161870805847215,216,6
rho_W5_k5,recent_history,data_block,real_shuffle,random_forest [crawl],16.0,0.19263868421983849,0.1926386842198385,216,6
rho_W5_k5,recent_history,data_block,real_shuffle,hist_gradient_boosting [crawl],17.0,0.19550319895057944,0.19550319895057944,216,6
rho_W5_k5,recent_history,data_block,real_shuffle,extra_trees [crawl],18.0,0.20892552901333858,0.2089255290133386,216,6
rho_W5_k5,recent_history,data_block,real_shuffle,ridge [combined],19.0,0.23503455501930098,0.23503455501930096,216,6
rho_W5_k5,recent_history,data_block,real_shuffle,ridge [patterns],20.0,0.24128353534980526,0.24128353534980526,216,6
rho_W5_k5,recent_history,data_block,synthetic_controlled,extra_trees [combined],1.0,0.004648465707908907,0.004648465707908907,1152,12
rho_W5_k5,recent_history,data_block,synthetic_controlled,random_forest [combined],2.0,0.00510397948293694,0.005103979482936941,1152,12
rho_W5_k5,recent_history,data_block,synthetic_controlled,plugin,3.0,0.0051603902575343644,0.005160390257534365,1152,12
rho_W5_k5,recent_history,data_block,synthetic_controlled,mask_mle,4.0,0.005164328514646356,0.005164328514646356,1152,12
rho_W5_k5,recent_history,data_block,synthetic_controlled,extra_trees [patterns],5.0,0.005372122761692872,0.005372122761692871,1152,12
rho_W5_k5,recent_history,data_block,synthetic_controlled,random_forest [occupancy],6.0,0.005401024271734786,0.005401024271734785,1152,12
rho_W5_k5,recent_history,data_block,synthetic_controlled,random_forest [patterns],7.0,0.005605358528545915,0.005605358528545913,1152,12
rho_W5_k5,recent_history,data_block,synthetic_controlled,extra_trees [occupancy],8.0,0.0056204574489055565,0.0056204574489055565,1152,12
rho_W5_k5,recent_history,data_block,synthetic_controlled,hist_gradient_boosting [occupancy],9.0,0.006145168402311373,0.006145168402311372,1152,12
rho_W5_k5,recent_history,data_block,synthetic_controlled,hist_gradient_boosting [combined],10.0,0.00624076544211911,0.00624076544211911,1152,12
rho_W5_k5,recent_history,data_block,synthetic_controlled,hist_gradient_boosting [patterns],11.0,0.006829980402594064,0.006829980402594065,1152,12
rho_W5_k5,recent_history,data_block,synthetic_controlled,ridge [patterns],12.0,0.017899427402313435,0.017899427402313435,1152,12
rho_W5_k5,recent_history,data_block,synthetic_controlled,ridge [combined],13.0,0.01985670885859855,0.01985670885859855,1152,12
rho_W5_k5,recent_history,data_block,synthetic_controlled,occ_mle,14.0,0.020312084528549032,0.020312084528549032,1152,12
rho_W5_k5,recent_history,data_block,synthetic_controlled,ridge [occupancy],15.0,0.020585487089412807,0.020585487089412807,1152,12
rho_W5_k5,recent_history,data_block,synthetic_controlled,extra_trees [crawl],16.0,0.023007744865850957,0.02300774486585096,1152,12
rho_W5_k5,recent_history,data_block,synthetic_controlled,random_forest [crawl],17.0,0.02535461243114883,0.025354612431148827,1152,12
rho_W5_k5,recent_history,data_block,synthetic_controlled,hist_gradient_boosting [crawl],18.0,0.030621886892312808,0.03062188689231281,1152,12
rho_W5_k5,recent_history,data_block,synthetic_controlled,ridge [crawl],19.0,0.04925443481852882,0.049254434818528814,1152,12
rho_W5_k5,recent_history,data_block,synthetic_controlled,mean_floor,20.0,0.07381832935020746,0.07381832935020748,1152,12
rho_W5_k5,recent_history,domain,controlled,extra_trees [combined],1.0,0.004648465707908907,0.004648465707908907,1152,12
rho_W5_k5,recent_history,domain,controlled,random_forest [combined],2.0,0.00510397948293694,0.005103979482936941,1152,12
rho_W5_k5,recent_history,domain,controlled,plugin,3.0,0.0051603902575343644,0.005160390257534365,1152,12
rho_W5_k5,recent_history,domain,controlled,mask_mle,4.0,0.005164328514646356,0.005164328514646356,1152,12
rho_W5_k5,recent_history,domain,controlled,extra_trees [patterns],5.0,0.005372122761692872,0.005372122761692871,1152,12
rho_W5_k5,recent_history,domain,controlled,random_forest [occupancy],6.0,0.005401024271734786,0.005401024271734785,1152,12
rho_W5_k5,recent_history,domain,controlled,random_forest [patterns],7.0,0.005605358528545915,0.005605358528545913,1152,12
rho_W5_k5,recent_history,domain,controlled,extra_trees [occupancy],8.0,0.0056204574489055565,0.0056204574489055565,1152,12
rho_W5_k5,recent_history,domain,controlled,hist_gradient_boosting [occupancy],9.0,0.006145168402311373,0.006145168402311372,1152,12
rho_W5_k5,recent_history,domain,controlled,hist_gradient_boosting [combined],10.0,0.00624076544211911,0.00624076544211911,1152,12
rho_W5_k5,recent_history,domain,controlled,hist_gradient_boosting [patterns],11.0,0.006829980402594064,0.006829980402594065,1152,12
rho_W5_k5,recent_history,domain,controlled,ridge [patterns],12.0,0.017899427402313435,0.017899427402313435,1152,12
rho_W5_k5,recent_history,domain,controlled,ridge [combined],13.0,0.01985670885859855,0.01985670885859855,1152,12
rho_W5_k5,recent_history,domain,controlled,occ_mle,14.0,0.020312084528549032,0.020312084528549032,1152,12
rho_W5_k5,recent_history,domain,controlled,ridge [occupancy],15.0,0.020585487089412807,0.020585487089412807,1152,12
rho_W5_k5,recent_history,domain,controlled,extra_trees [crawl],16.0,0.023007744865850957,0.02300774486585096,1152,12
rho_W5_k5,recent_history,domain,controlled,random_forest [crawl],17.0,0.02535461243114883,0.025354612431148827,1152,12
rho_W5_k5,recent_history,domain,controlled,hist_gradient_boosting [crawl],18.0,0.030621886892312808,0.03062188689231281,1152,12
rho_W5_k5,recent_history,domain,controlled,ridge [crawl],19.0,0.04925443481852882,0.049254434818528814,1152,12
rho_W5_k5,recent_history,domain,controlled,mean_floor,20.0,0.07381832935020746,0.07381832935020748,1152,12
rho_W5_k5,recent_history,domain,email,hist_gradient_boosting [patterns],1.0,0.02447402332179332,0.02447402332179332,120,1
rho_W5_k5,recent_history,domain,email,hist_gradient_boosting [combined],2.0,0.02568892043202258,0.025688920432022585,120,1
rho_W5_k5,recent_history,domain,email,extra_trees [patterns],3.0,0.026376231248396283,0.026376231248396283,120,1
rho_W5_k5,recent_history,domain,email,hist_gradient_boosting [occupancy],4.0,0.0267281060084827,0.0267281060084827,120,1
rho_W5_k5,recent_history,domain,email,ridge [occupancy],5.0,0.02780917769763908,0.02780917769763908,120,1
rho_W5_k5,recent_history,domain,email,extra_trees [occupancy],6.0,0.027910546701424895,0.027910546701424895,120,1
rho_W5_k5,recent_history,domain,email,random_forest [occupancy],7.0,0.02801162904597557,0.02801162904597557,120,1
rho_W5_k5,recent_history,domain,email,ridge [patterns],8.0,0.029472033451508065,0.029472033451508065,120,1
rho_W5_k5,recent_history,domain,email,extra_trees [combined],9.0,0.029693015008758556,0.029693015008758553,120,1
rho_W5_k5,recent_history,domain,email,random_forest [patterns],10.0,0.03160481954888415,0.03160481954888416,120,1
rho_W5_k5,recent_history,domain,email,occ_mle,11.0,0.03274507780631868,0.03274507780631869,120,1
rho_W5_k5,recent_history,domain,email,random_forest [combined],12.0,0.03304377332962348,0.03304377332962348,120,1
rho_W5_k5,recent_history,domain,email,mask_mle,13.0,0.03368518347254286,0.03368518347254286,120,1
rho_W5_k5,recent_history,domain,email,plugin,14.0,0.034044442161763035,0.034044442161763035,120,1
rho_W5_k5,recent_history,domain,email,mean_floor,15.0,0.04339131441443403,0.04339131441443403,120,1
rho_W5_k5,recent_history,domain,email,ridge [combined],16.0,0.07569697860725413,0.07569697860725412,120,1
rho_W5_k5,recent_history,domain,email,hist_gradient_boosting [crawl],17.0,0.07706564451131431,0.07706564451131431,120,1
rho_W5_k5,recent_history,domain,email,ridge [crawl],18.0,0.10504114399787072,0.10504114399787072,120,1
rho_W5_k5,recent_history,domain,email,random_forest [crawl],19.0,0.1336027707897541,0.1336027707897541,120,1
rho_W5_k5,recent_history,domain,email,extra_trees [crawl],20.0,0.1426853561964938,0.14268535619649383,120,1
rho_W5_k5,recent_history,domain,mechanistic,extra_trees [combined],1.0,0.06347836005155401,0.05666686548629466,1080,18
rho_W5_k5,recent_history,domain,mechanistic,hist_gradient_boosting [combined],2.0,0.06545696453832787,0.05888982095096537,1080,18
rho_W5_k5,recent_history,domain,mechanistic,random_forest [combined],3.0,0.0675303692643505,0.060811971217520654,1080,18
rho_W5_k5,recent_history,domain,mechanistic,extra_trees [patterns],4.0,0.0694531830687602,0.0640473099818275,1080,18
rho_W5_k5,recent_history,domain,mechanistic,hist_gradient_boosting [patterns],5.0,0.07209945809830087,0.06731372045556286,1080,18
rho_W5_k5,recent_history,domain,mechanistic,random_forest [occupancy],6.0,0.07297139469298979,0.06816873115076705,1080,18
rho_W5_k5,recent_history,domain,mechanistic,extra_trees [occupancy],7.0,0.0727501848887708,0.06824236928149713,1080,18
rho_W5_k5,recent_history,domain,mechanistic,random_forest [patterns],8.0,0.07369843875352153,0.06838782788492906,1080,18
rho_W5_k5,recent_history,domain,mechanistic,hist_gradient_boosting [occupancy],9.0,0.07493746664900801,0.07051065572177531,1080,18
rho_W5_k5,recent_history,domain,mechanistic,extra_trees [crawl],10.0,0.09497755128980398,0.08219553157478061,1080,18
rho_W5_k5,recent_history,domain,mechanistic,hist_gradient_boosting [crawl],11.0,0.10388752320456021,0.09044219142078062,1080,18
rho_W5_k5,recent_history,domain,mechanistic,ridge [combined],12.0,0.10097837398758851,0.09098487025773433,1080,18
rho_W5_k5,recent_history,domain,mechanistic,random_forest [crawl],13.0,0.10710249829354967,0.09249167481327589,1080,18
rho_W5_k5,recent_history,domain,mechanistic,ridge [patterns],14.0,0.10958702849490885,0.10128555774227509,1080,18
rho_W5_k5,recent_history,domain,mechanistic,ridge [occupancy],15.0,0.11308136063105376,0.10625571840991556,1080,18
rho_W5_k5,recent_history,domain,mechanistic,occ_mle,16.0,0.130880403777125,0.11811416887104381,1080,18
rho_W5_k5,recent_history,domain,mechanistic,mask_mle,17.0,0.1517537273915086,0.1304575527722288,1080,18
rho_W5_k5,recent_history,domain,mechanistic,ridge [crawl],18.0,0.15529955173631943,0.13936929509455404,1080,18
rho_W5_k5,recent_history,domain,mechanistic,mean_floor,19.0,0.16778431541962807,0.148389848278873,1080,18
rho_W5_k5,recent_history,domain,mechanistic,plugin,20.0,0.176444512256649,0.15143482061007663,1080,18
rho_W5_k5,recent_history,domain,messaging,extra_trees [occupancy],1.0,0.00702124106622007,0.00702124106622007,120,1
rho_W5_k5,recent_history,domain,messaging,extra_trees [patterns],2.0,0.007184077853526361,0.00718407785352636,120,1
rho_W5_k5,recent_history,domain,messaging,random_forest [occupancy],3.0,0.008995725668388544,0.008995725668388544,120,1
rho_W5_k5,recent_history,domain,messaging,mask_mle,4.0,0.01107328731299068,0.011073287312990678,120,1
rho_W5_k5,recent_history,domain,messaging,plugin,5.0,0.011136002312472852,0.01113600231247285,120,1
rho_W5_k5,recent_history,domain,messaging,ridge [patterns],6.0,0.011166574704609085,0.011166574704609083,120,1
rho_W5_k5,recent_history,domain,messaging,hist_gradient_boosting [occupancy],7.0,0.011340632275828228,0.011340632275828228,120,1
rho_W5_k5,recent_history,domain,messaging,ridge [occupancy],8.0,0.014057373695518377,0.014057373695518379,120,1
rho_W5_k5,recent_history,domain,messaging,extra_trees [combined],9.0,0.015044816123657268,0.015044816123657268,120,1
rho_W5_k5,recent_history,domain,messaging,random_forest [combined],10.0,0.015317682031235964,0.015317682031235963,120,1
rho_W5_k5,recent_history,domain,messaging,occ_mle,11.0,0.016353702900963534,0.016353702900963534,120,1
rho_W5_k5,recent_history,domain,messaging,random_forest [patterns],12.0,0.018682856111647415,0.018682856111647415,120,1
rho_W5_k5,recent_history,domain,messaging,random_forest [crawl],13.0,0.021824792635747377,0.021824792635747377,120,1
rho_W5_k5,recent_history,domain,messaging,hist_gradient_boosting [crawl],14.0,0.022573967859050876,0.022573967859050876,120,1
rho_W5_k5,recent_history,domain,messaging,ridge [combined],15.0,0.02354214243557578,0.02354214243557578,120,1
rho_W5_k5,recent_history,domain,messaging,hist_gradient_boosting [patterns],16.0,0.05701231586227948,0.05701231586227947,120,1
rho_W5_k5,recent_history,domain,messaging,ridge [crawl],17.0,0.06184330840881143,0.06184330840881142,120,1
rho_W5_k5,recent_history,domain,messaging,mean_floor,18.0,0.0720337089273349,0.0720337089273349,120,1
rho_W5_k5,recent_history,domain,messaging,hist_gradient_boosting [combined],19.0,0.07780890518683001,0.07780890518683,120,1
rho_W5_k5,recent_history,domain,messaging,extra_trees [crawl],20.0,0.0944454957398281,0.0944454957398281,120,1
rho_W5_k5,recent_history,domain,proximity,mask_mle,1.0,0.04121599724457523,0.04121599724457523,480,4
rho_W5_k5,recent_history,domain,proximity,occ_mle,2.0,0.04874710665318468,0.04874710665318467,480,4
rho_W5_k5,recent_history,domain,proximity,extra_trees [occupancy],3.0,0.05589288006749163,0.05589288006749162,480,4
rho_W5_k5,recent_history,domain,proximity,plugin,4.0,0.056507274063102964,0.05650727406310297,480,4
rho_W5_k5,recent_history,domain,proximity,random_forest [occupancy],5.0,0.05884431580414009,0.05884431580414009,480,4
rho_W5_k5,recent_history,domain,proximity,hist_gradient_boosting [occupancy],6.0,0.06321218034814051,0.06321218034814051,480,4
rho_W5_k5,recent_history,domain,proximity,random_forest [combined],7.0,0.0673340390098842,0.06733403900988419,480,4
rho_W5_k5,recent_history,domain,proximity,extra_trees [combined],8.0,0.06750760622802644,0.06750760622802644,480,4
rho_W5_k5,recent_history,domain,proximity,random_forest [patterns],9.0,0.07041588690958336,0.07041588690958336,480,4
rho_W5_k5,recent_history,domain,proximity,hist_gradient_boosting [combined],10.0,0.07366105330261631,0.07366105330261631,480,4
rho_W5_k5,recent_history,domain,proximity,extra_trees [patterns],11.0,0.07392760705102705,0.07392760705102705,480,4
rho_W5_k5,recent_history,domain,proximity,hist_gradient_boosting [patterns],12.0,0.08070567078033042,0.08070567078033042,480,4
rho_W5_k5,recent_history,domain,proximity,ridge [occupancy],13.0,0.09293383802302219,0.09293383802302217,480,4
rho_W5_k5,recent_history,domain,proximity,mean_floor,14.0,0.09862864533766595,0.09862864533766595,480,4
rho_W5_k5,recent_history,domain,proximity,ridge [crawl],15.0,0.10701914600491742,0.10701914600491742,480,4
rho_W5_k5,recent_history,domain,proximity,random_forest [crawl],16.0,0.13242826832357402,0.13242826832357402,480,4
rho_W5_k5,recent_history,domain,proximity,extra_trees [crawl],17.0,0.13587279914199452,0.13587279914199452,480,4
rho_W5_k5,recent_history,domain,proximity,hist_gradient_boosting [crawl],18.0,0.14401370314597278,0.14401370314597278,480,4
rho_W5_k5,recent_history,domain,proximity,ridge [combined],19.0,0.15752921694415892,0.15752921694415892,480,4
rho_W5_k5,recent_history,domain,proximity,ridge [patterns],20.0,0.1592472577791043,0.1592472577791043,480,4
rho_W5_k5,recent_history,overall,all,extra_trees [combined],1.0,0.037833283223757445,0.038626483980353676,2952,36
rho_W5_k5,recent_history,overall,all,random_forest [combined],2.0,0.039612566577875825,0.04093224575308364,2952,36
rho_W5_k5,recent_history,overall,all,hist_gradient_boosting [combined],3.0,0.04256772633815496,0.04258466670144789,2952,36
rho_W5_k5,recent_history,overall,all,extra_trees [patterns],4.0,0.04089112859500505,0.04296077194775669,2952,36
rho_W5_k5,recent_history,overall,all,extra_trees [occupancy],5.0,0.03931753510349765,0.04317531790253962,2952,36
rho_W5_k5,recent_history,overall,all,random_forest [occupancy],6.0,0.03987711395026367,0.04345094638626523,2952,36
rho_W5_k5,recent_history,overall,all,random_forest [patterns],7.0,0.04264425259978046,0.04528323409917053,2952,36
rho_W5_k5,recent_history,overall,all,hist_gradient_boosting [occupancy],8.0,0.04164017382846074,0.04538475787490457,2952,36
rho_W5_k5,recent_history,overall,all,hist_gradient_boosting [patterns],9.0,0.04547853483963436,0.04716432653712929,2952,36
rho_W5_k5,recent_history,overall,all,extra_trees [crawl],10.0,0.07545912035872784,0.0704509598677934,2952,36
rho_W5_k5,recent_history,overall,all,ridge [occupancy],11.0,0.06621767582207695,0.0714786299982411,2952,36
rho_W5_k5,recent_history,overall,all,ridge [combined],12.0,0.07434088454269545,0.07237122666005183,2952,36
rho_W5_k5,recent_history,overall,all,occ_mle,13.0,0.06573198588569988,0.07260797948170548,2952,36
rho_W5_k5,recent_history,overall,all,mask_mle,14.0,0.06605624227756167,0.07277306532888082,2952,36
rho_W5_k5,recent_history,overall,all,random_forest [crawl],15.0,0.07692956913417778,0.07372905923701528,2952,36
rho_W5_k5,recent_history,overall,all,hist_gradient_boosting [crawl],16.0,0.07742488812851632,0.07419768092322393,2952,36
rho_W5_k5,recent_history,overall,all,ridge [patterns],17.0,0.0746237966987367,0.0754322446517013,2952,36
rho_W5_k5,recent_history,overall,all,plugin,18.0,0.07759145924832596,0.0849711387444011,2952,36
rho_W5_k5,recent_history,overall,all,ridge [crawl],19.0,0.10022356001264647,0.10262948794307417,2952,36
rho_W5_k5,recent_history,overall,all,mean_floor,20.0,0.11092091078175109,0.1129660229420732,2952,36
rho_W5_k5,time_agnostic,budget,100,mean_floor,1.0,0.1378178203560618,0.14821575604205572,69,18
rho_W5_k5,time_agnostic,budget,100,ridge [combined],2.5,0.1326379270689869,0.14912534257364748,69,18
rho_W5_k5,time_agnostic,budget,100,ridge [crawl],2.5,0.1326379270689869,0.14912534257364748,69,18
rho_W5_k5,time_agnostic,budget,100,extra_trees [combined],4.5,0.14707166817744088,0.1658982541882167,69,18
rho_W5_k5,time_agnostic,budget,100,extra_trees [crawl],4.5,0.14707166817744088,0.1658982541882167,69,18
rho_W5_k5,time_agnostic,budget,100,random_forest [combined],6.5,0.14884093478215207,0.1683394456179893,69,18
rho_W5_k5,time_agnostic,budget,100,random_forest [crawl],6.5,0.14884093478215207,0.1683394456179893,69,18
rho_W5_k5,time_agnostic,budget,100,hist_gradient_boosting [combined],8.5,0.16060657241788404,0.1783294013846381,69,18
rho_W5_k5,time_agnostic,budget,100,hist_gradient_boosting [crawl],8.5,0.16060657241788404,0.1783294013846381,69,18
rho_W5_k5,time_agnostic,budget,1600,mean_floor,1.0,0.1378178203560618,0.14821575604205572,69,18
rho_W5_k5,time_agnostic,budget,1600,ridge [combined],2.5,0.1487649827840391,0.16730146470086585,69,18
rho_W5_k5,time_agnostic,budget,1600,ridge [crawl],2.5,0.1487649827840391,0.16730146470086585,69,18
rho_W5_k5,time_agnostic,budget,1600,random_forest [combined],4.5,0.15530941072308344,0.1795582373657931,69,18
rho_W5_k5,time_agnostic,budget,1600,random_forest [crawl],4.5,0.15530941072308344,0.1795582373657931,69,18
rho_W5_k5,time_agnostic,budget,1600,extra_trees [combined],6.5,0.15974288322800456,0.18585627560291892,69,18
rho_W5_k5,time_agnostic,budget,1600,extra_trees [crawl],6.5,0.15974288322800456,0.18585627560291892,69,18
rho_W5_k5,time_agnostic,budget,1600,hist_gradient_boosting [combined],8.5,0.16385692371181157,0.1879984005051884,69,18
rho_W5_k5,time_agnostic,budget,1600,hist_gradient_boosting [crawl],8.5,0.16385692371181157,0.1879984005051884,69,18
rho_W5_k5,time_agnostic,budget,3200,mean_floor,1.0,0.1378178203560618,0.14821575604205572,69,18
rho_W5_k5,time_agnostic,budget,3200,extra_trees [combined],2.5,0.14527480421520447,0.175501830111607,69,18
rho_W5_k5,time_agnostic,budget,3200,extra_trees [crawl],2.5,0.14527480421520447,0.175501830111607,69,18
rho_W5_k5,time_agnostic,budget,3200,ridge [combined],4.5,0.16359778333563307,0.18251230545983116,69,18
rho_W5_k5,time_agnostic,budget,3200,ridge [crawl],4.5,0.16359778333563307,0.18251230545983116,69,18
rho_W5_k5,time_agnostic,budget,3200,random_forest [combined],6.5,0.15311226529820957,0.18253406394032556,69,18
rho_W5_k5,time_agnostic,budget,3200,random_forest [crawl],6.5,0.15311226529820957,0.18253406394032556,69,18
rho_W5_k5,time_agnostic,budget,3200,hist_gradient_boosting [combined],8.5,0.16069716198181436,0.1912730123514877,69,18
rho_W5_k5,time_agnostic,budget,3200,hist_gradient_boosting [crawl],8.5,0.16069716198181436,0.1912730123514877,69,18
rho_W5_k5,time_agnostic,budget,400,mean_floor,1.0,0.1378178203560618,0.14821575604205572,69,18
rho_W5_k5,time_agnostic,budget,400,ridge [combined],2.5,0.1327297133791188,0.14937339845717468,69,18
rho_W5_k5,time_agnostic,budget,400,ridge [crawl],2.5,0.1327297133791188,0.14937339845717468,69,18
rho_W5_k5,time_agnostic,budget,400,random_forest [combined],4.5,0.14931278396427206,0.16954639417050932,69,18
rho_W5_k5,time_agnostic,budget,400,random_forest [crawl],4.5,0.14931278396427206,0.16954639417050932,69,18
rho_W5_k5,time_agnostic,budget,400,hist_gradient_boosting [combined],6.5,0.1561125494800471,0.18129947446344696,69,18
rho_W5_k5,time_agnostic,budget,400,hist_gradient_boosting [crawl],6.5,0.1561125494800471,0.18129947446344696,69,18
rho_W5_k5,time_agnostic,budget,400,extra_trees [combined],8.5,0.16380274187419372,0.18464111469241365,69,18
rho_W5_k5,time_agnostic,budget,400,extra_trees [crawl],8.5,0.16380274187419372,0.18464111469241365,69,18
rho_W5_k5,time_agnostic,coverage_band,high(>.15),mean_floor,1.0,0.13836014185449877,0.14821575604205572,139,18
rho_W5_k5,time_agnostic,coverage_band,high(>.15),ridge [combined],2.5,0.1585896189238387,0.1719631680165445,139,18
rho_W5_k5,time_agnostic,coverage_band,high(>.15),ridge [crawl],2.5,0.1585896189238387,0.1719631680165445,139,18
rho_W5_k5,time_agnostic,coverage_band,high(>.15),random_forest [combined],4.5,0.15547915866865425,0.17516021617531663,139,18
rho_W5_k5,time_agnostic,coverage_band,high(>.15),random_forest [crawl],4.5,0.15547915866865425,0.17516021617531663,139,18
rho_W5_k5,time_agnostic,coverage_band,high(>.15),extra_trees [combined],6.5,0.1565736012248902,0.1775173748617719,139,18
rho_W5_k5,time_agnostic,coverage_band,high(>.15),extra_trees [crawl],6.5,0.1565736012248902,0.1775173748617719,139,18
rho_W5_k5,time_agnostic,coverage_band,high(>.15),hist_gradient_boosting [combined],8.5,0.16379987999897477,0.1855345316256582,139,18
rho_W5_k5,time_agnostic,coverage_band,high(>.15),hist_gradient_boosting [crawl],8.5,0.16379987999897477,0.1855345316256582,139,18
rho_W5_k5,time_agnostic,coverage_band,low(<.02),ridge [combined],1.5,0.12806017338898615,0.1418565168891932,30,8
rho_W5_k5,time_agnostic,coverage_band,low(<.02),ridge [crawl],1.5,0.12806017338898615,0.1418565168891932,30,8
rho_W5_k5,time_agnostic,coverage_band,low(<.02),mean_floor,3.0,0.14239312195819906,0.1509431248749755,30,8
rho_W5_k5,time_agnostic,coverage_band,low(<.02),extra_trees [combined],4.5,0.16273800935769156,0.1799870368963432,30,8
rho_W5_k5,time_agnostic,coverage_band,low(<.02),extra_trees [crawl],4.5,0.16273800935769156,0.1799870368963432,30,8
rho_W5_k5,time_agnostic,coverage_band,low(<.02),random_forest [combined],6.5,0.16970645163355672,0.18769547791531782,30,8
rho_W5_k5,time_agnostic,coverage_band,low(<.02),random_forest [crawl],6.5,0.16970645163355672,0.18769547791531782,30,8
rho_W5_k5,time_agnostic,coverage_band,low(<.02),hist_gradient_boosting [combined],8.5,0.17781644286199524,0.1927872994949309,30,8
rho_W5_k5,time_agnostic,coverage_band,low(<.02),hist_gradient_boosting [crawl],8.5,0.17781644286199524,0.1927872994949309,30,8
rho_W5_k5,time_agnostic,coverage_band,mid,mean_floor,1.0,0.13583051440889488,0.14821575604205572,107,18
rho_W5_k5,time_agnostic,coverage_band,mid,ridge [combined],2.5,0.1306321104775095,0.15372898005870694,107,18
rho_W5_k5,time_agnostic,coverage_band,mid,ridge [crawl],2.5,0.1306321104775095,0.15372898005870694,107,18
rho_W5_k5,time_agnostic,coverage_band,mid,random_forest [combined],4.5,0.1415972489254471,0.16962593563501818,107,18
rho_W5_k5,time_agnostic,coverage_band,mid,random_forest [crawl],4.5,0.1415972489254471,0.16962593563501818,107,18
rho_W5_k5,time_agnostic,coverage_band,mid,extra_trees [combined],6.5,0.14813723248741803,0.17645009651396032,107,18
rho_W5_k5,time_agnostic,coverage_band,mid,extra_trees [crawl],6.5,0.14813723248741803,0.17645009651396032,107,18
rho_W5_k5,time_agnostic,coverage_band,mid,hist_gradient_boosting [combined],8.5,0.15088948334672972,0.18401265387645555,107,18
rho_W5_k5,time_agnostic,coverage_band,mid,hist_gradient_boosting [crawl],8.5,0.15088948334672972,0.18401265387645555,107,18
rho_W5_k5,time_agnostic,data_block,mechanistic_activity,mean_floor,1.0,0.04822326115880549,0.04822326115880549,12,1
rho_W5_k5,time_agnostic,data_block,mechanistic_activity,ridge [combined],2.5,0.19983728776648865,0.19983728776648865,12,1
rho_W5_k5,time_agnostic,data_block,mechanistic_activity,ridge [crawl],2.5,0.19983728776648865,0.19983728776648865,12,1
rho_W5_k5,time_agnostic,data_block,mechanistic_activity,random_forest [combined],4.5,0.3125376655166325,0.3125376655166325,12,1
rho_W5_k5,time_agnostic,data_block,mechanistic_activity,random_forest [crawl],4.5,0.3125376655166325,0.3125376655166325,12,1
rho_W5_k5,time_agnostic,data_block,mechanistic_activity,extra_trees [combined],6.5,0.32986461150179686,0.32986461150179686,12,1
rho_W5_k5,time_agnostic,data_block,mechanistic_activity,extra_trees [crawl],6.5,0.32986461150179686,0.32986461150179686,12,1
rho_W5_k5,time_agnostic,data_block,mechanistic_activity,hist_gradient_boosting [combined],8.5,0.3500610209222729,0.3500610209222728,12,1
rho_W5_k5,time_agnostic,data_block,mechanistic_activity,hist_gradient_boosting [crawl],8.5,0.3500610209222729,0.3500610209222728,12,1
rho_W5_k5,time_agnostic,data_block,mechanistic_dar,mean_floor,1.0,0.19992128741038076,0.1999212874103808,96,8
rho_W5_k5,time_agnostic,data_block,mechanistic_dar,ridge [combined],2.5,0.2328018081681101,0.2328018081681101,96,8
rho_W5_k5,time_agnostic,data_block,mechanistic_dar,ridge [crawl],2.5,0.2328018081681101,0.2328018081681101,96,8
rho_W5_k5,time_agnostic,data_block,mechanistic_dar,random_forest [combined],4.5,0.23419447096321755,0.2341944709632175,96,8
rho_W5_k5,time_agnostic,data_block,mechanistic_dar,random_forest [crawl],4.5,0.23419447096321755,0.2341944709632175,96,8
rho_W5_k5,time_agnostic,data_block,mechanistic_dar,extra_trees [combined],6.5,0.23421604874021032,0.23421604874021035,96,8
rho_W5_k5,time_agnostic,data_block,mechanistic_dar,extra_trees [crawl],6.5,0.23421604874021032,0.23421604874021035,96,8
rho_W5_k5,time_agnostic,data_block,mechanistic_dar,hist_gradient_boosting [combined],8.5,0.24158507764537507,0.24158507764537507,96,8
rho_W5_k5,time_agnostic,data_block,mechanistic_dar,hist_gradient_boosting [crawl],8.5,0.24158507764537507,0.24158507764537507,96,8
rho_W5_k5,time_agnostic,data_block,real_controlled,ridge [combined],1.5,0.04807080182837837,0.04807080182837836,36,3
rho_W5_k5,time_agnostic,data_block,real_controlled,ridge [crawl],1.5,0.04807080182837837,0.04807080182837836,36,3
rho_W5_k5,time_agnostic,data_block,real_controlled,mean_floor,3.0,0.08991534806763027,0.08991534806763024,36,3
rho_W5_k5,time_agnostic,data_block,real_controlled,random_forest [combined],4.5,0.1297741930198279,0.12977419301982793,36,3
rho_W5_k5,time_agnostic,data_block,real_controlled,random_forest [crawl],4.5,0.1297741930198279,0.12977419301982793,36,3
rho_W5_k5,time_agnostic,data_block,real_controlled,extra_trees [combined],6.5,0.1440397570366932,0.14403975703669317,36,3
rho_W5_k5,time_agnostic,data_block,real_controlled,extra_trees [crawl],6.5,0.1440397570366932,0.14403975703669317,36,3
rho_W5_k5,time_agnostic,data_block,real_controlled,hist_gradient_boosting [combined],8.5,0.14680847951663598,0.14680847951663603,36,3
rho_W5_k5,time_agnostic,data_block,real_controlled,hist_gradient_boosting [crawl],8.5,0.14680847951663598,0.14680847951663603,36,3
rho_W5_k5,time_agnostic,data_block,real_shuffle,mean_floor,1.0,0.1300294292780908,0.1300294292780908,24,2
rho_W5_k5,time_agnostic,data_block,real_shuffle,ridge [combined],2.5,0.14902096056757,0.14902096056757003,24,2
rho_W5_k5,time_agnostic,data_block,real_shuffle,ridge [crawl],2.5,0.14902096056757,0.14902096056757003,24,2
rho_W5_k5,time_agnostic,data_block,real_shuffle,extra_trees [combined],4.5,0.17882684998704823,0.17882684998704823,24,2
rho_W5_k5,time_agnostic,data_block,real_shuffle,extra_trees [crawl],4.5,0.17882684998704823,0.17882684998704823,24,2
rho_W5_k5,time_agnostic,data_block,real_shuffle,random_forest [combined],6.5,0.18200736296430683,0.18200736296430683,24,2
rho_W5_k5,time_agnostic,data_block,real_shuffle,random_forest [crawl],6.5,0.18200736296430683,0.18200736296430683,24,2
rho_W5_k5,time_agnostic,data_block,real_shuffle,hist_gradient_boosting [combined],8.5,0.18350240542651644,0.18350240542651647,24,2
rho_W5_k5,time_agnostic,data_block,real_shuffle,hist_gradient_boosting [crawl],8.5,0.18350240542651644,0.18350240542651647,24,2
rho_W5_k5,time_agnostic,data_block,synthetic_controlled,random_forest [combined],1.5,0.06093086463376702,0.058521277091216815,108,5
rho_W5_k5,time_agnostic,data_block,synthetic_controlled,random_forest [crawl],1.5,0.06093086463376702,0.058521277091216815,108,5
rho_W5_k5,time_agnostic,data_block,synthetic_controlled,extra_trees [combined],3.5,0.060890398676410655,0.05865715213602955,108,5
rho_W5_k5,time_agnostic,data_block,synthetic_controlled,extra_trees [crawl],3.5,0.060890398676410655,0.05865715213602955,108,5
rho_W5_k5,time_agnostic,data_block,synthetic_controlled,hist_gradient_boosting [combined],5.5,0.06634989468480429,0.06456843058497776,108,5
rho_W5_k5,time_agnostic,data_block,synthetic_controlled,hist_gradient_boosting [crawl],5.5,0.06634989468480429,0.06456843058497776,108,5
rho_W5_k5,time_agnostic,data_block,synthetic_controlled,ridge [combined],7.5,0.0908270842258976,0.08866518132155987,108,5
rho_W5_k5,time_agnostic,data_block,synthetic_controlled,ridge [crawl],7.5,0.0908270842258976,0.08866518132155987,108,5
rho_W5_k5,time_agnostic,data_block,synthetic_controlled,mean_floor,9.0,0.11026793388761072,0.11116598007852178,108,5
rho_W5_k5,time_agnostic,domain,controlled,random_forest [combined],1.5,0.06093086463376702,0.058521277091216815,108,5
rho_W5_k5,time_agnostic,domain,controlled,random_forest [crawl],1.5,0.06093086463376702,0.058521277091216815,108,5
rho_W5_k5,time_agnostic,domain,controlled,extra_trees [combined],3.5,0.060890398676410655,0.05865715213602955,108,5
rho_W5_k5,time_agnostic,domain,controlled,extra_trees [crawl],3.5,0.060890398676410655,0.05865715213602955,108,5
rho_W5_k5,time_agnostic,domain,controlled,hist_gradient_boosting [combined],5.5,0.06634989468480429,0.06456843058497776,108,5
rho_W5_k5,time_agnostic,domain,controlled,hist_gradient_boosting [crawl],5.5,0.06634989468480429,0.06456843058497776,108,5
rho_W5_k5,time_agnostic,domain,controlled,ridge [combined],7.5,0.0908270842258976,0.08866518132155987,108,5
rho_W5_k5,time_agnostic,domain,controlled,ridge [crawl],7.5,0.0908270842258976,0.08866518132155987,108,5
rho_W5_k5,time_agnostic,domain,controlled,mean_floor,9.0,0.11026793388761072,0.11116598007852178,108,5
rho_W5_k5,time_agnostic,domain,email,ridge [combined],1.5,0.055228755167937925,0.055228755167937925,12,1
rho_W5_k5,time_agnostic,domain,email,ridge [crawl],1.5,0.055228755167937925,0.055228755167937925,12,1
rho_W5_k5,time_agnostic,domain,email,mean_floor,3.0,0.10461784523065236,0.10461784523065237,12,1
rho_W5_k5,time_agnostic,domain,email,random_forest [combined],4.5,0.12828793132234398,0.128287931322344,12,1
rho_W5_k5,time_agnostic,domain,email,random_forest [crawl],4.5,0.12828793132234398,0.128287931322344,12,1
rho_W5_k5,time_agnostic,domain,email,extra_trees [combined],6.5,0.14215304419157226,0.14215304419157226,12,1
rho_W5_k5,time_agnostic,domain,email,extra_trees [crawl],6.5,0.14215304419157226,0.14215304419157226,12,1
rho_W5_k5,time_agnostic,domain,email,hist_gradient_boosting [combined],8.5,0.1598446228606289,0.1598446228606289,12,1
rho_W5_k5,time_agnostic,domain,email,hist_gradient_boosting [crawl],8.5,0.1598446228606289,0.1598446228606289,12,1
rho_W5_k5,time_agnostic,domain,mechanistic,mean_floor,1.0,0.18306595116020571,0.18306595116020577,108,9
rho_W5_k5,time_agnostic,domain,mechanistic,ridge [combined],2.5,0.22913908367904107,0.22913908367904107,108,9
rho_W5_k5,time_agnostic,domain,mechanistic,ridge [crawl],2.5,0.22913908367904107,0.22913908367904107,108,9
rho_W5_k5,time_agnostic,domain,mechanistic,random_forest [combined],4.5,0.2428992703580414,0.2428992703580414,108,9
rho_W5_k5,time_agnostic,domain,mechanistic,random_forest [crawl],4.5,0.2428992703580414,0.2428992703580414,108,9
rho_W5_k5,time_agnostic,domain,mechanistic,extra_trees [combined],6.5,0.24484366682483108,0.24484366682483108,108,9
rho_W5_k5,time_agnostic,domain,mechanistic,extra_trees [crawl],6.5,0.24484366682483108,0.24484366682483108,108,9
rho_W5_k5,time_agnostic,domain,mechanistic,hist_gradient_boosting [combined],8.5,0.253637960231697,0.25363796023169705,108,9
rho_W5_k5,time_agnostic,domain,mechanistic,hist_gradient_boosting [crawl],8.5,0.253637960231697,0.25363796023169705,108,9
rho_W5_k5,time_agnostic,domain,proximity,ridge [combined],1.5,0.0967563928630843,0.11886662849157649,48,3
rho_W5_k5,time_agnostic,domain,proximity,ridge [crawl],1.5,0.0967563928630843,0.11886662849157649,48,3
rho_W5_k5,time_agnostic,domain,proximity,mean_floor,3.0,0.10629676438210496,0.11994743423063021,48,3
rho_W5_k5,time_agnostic,domain,proximity,random_forest [combined],4.5,0.15626234341643833,0.1809712949749923,48,3
rho_W5_k5,time_agnostic,domain,proximity,random_forest [crawl],4.5,0.15626234341643833,0.1809712949749923,48,3
rho_W5_k5,time_agnostic,domain,proximity,hist_gradient_boosting [combined],6.5,0.16189640663557803,0.1865409604335447,48,3
rho_W5_k5,time_agnostic,domain,proximity,hist_gradient_boosting [crawl],6.5,0.16189640663557803,0.1865409604335447,48,3
rho_W5_k5,time_agnostic,domain,proximity,extra_trees [combined],8.5,0.16190498172315096,0.18816894312766794,48,3
rho_W5_k5,time_agnostic,domain,proximity,extra_trees [crawl],8.5,0.16190498172315096,0.18816894312766794,48,3
rho_W5_k5,time_agnostic,overall,all,mean_floor,1.0,0.1378178203560618,0.14821575604205572,276,18
rho_W5_k5,time_agnostic,overall,all,ridge [combined],2.5,0.14443260164194446,0.1620781277978798,276,18
rho_W5_k5,time_agnostic,overall,all,ridge [crawl],2.5,0.14443260164194446,0.1620781277978798,276,18
rho_W5_k5,time_agnostic,overall,all,random_forest [combined],4.5,0.15164384869192926,0.1749945352736543,276,18
rho_W5_k5,time_agnostic,overall,all,random_forest [crawl],4.5,0.15164384869192926,0.1749945352736543,276,18
rho_W5_k5,time_agnostic,overall,all,extra_trees [combined],6.5,0.1539730243737109,0.1779743686487891,276,18
rho_W5_k5,time_agnostic,overall,all,extra_trees [crawl],6.5,0.1539730243737109,0.1779743686487891,276,18
rho_W5_k5,time_agnostic,overall,all,hist_gradient_boosting [combined],8.5,0.16031830189788923,0.18472507217619027,276,18
rho_W5_k5,time_agnostic,overall,all,hist_gradient_boosting [crawl],8.5,0.16031830189788923,0.18472507217619027,276,18
rho_W5_k5,time_agnostic_t,budget,100,random_forest [patterns],1.0,0.04499006599238742,0.04608508962026931,738,36
rho_W5_k5,time_agnostic_t,budget,100,random_forest [combined],2.0,0.04521731201562696,0.046304294288795574,738,36
rho_W5_k5,time_agnostic_t,budget,100,extra_trees [combined],3.0,0.04614611472342785,0.046750419610525666,738,36
rho_W5_k5,time_agnostic_t,budget,100,hist_gradient_boosting [combined],4.0,0.045848007224397844,0.04695685556736085,738,36
rho_W5_k5,time_agnostic_t,budget,100,extra_trees [patterns],5.0,0.0466956260173129,0.047269248875738766,738,36
rho_W5_k5,time_agnostic_t,budget,100,hist_gradient_boosting [patterns],6.0,0.04655789417122479,0.04797822445559375,738,36
rho_W5_k5,time_agnostic_t,budget,100,hist_gradient_boosting [occupancy],7.0,0.05130315437130478,0.05419132164430918,738,36
rho_W5_k5,time_agnostic_t,budget,100,extra_trees [occupancy],8.0,0.05211174178296335,0.054673835909833934,738,36
rho_W5_k5,time_agnostic_t,budget,100,random_forest [occupancy],9.0,0.05290469062234041,0.05554657543396577,738,36
rho_W5_k5,time_agnostic_t,budget,100,ridge [patterns],10.0,0.07054273723272343,0.07334581172833932,738,36
rho_W5_k5,time_agnostic_t,budget,100,ridge [occupancy],11.0,0.06970403399390568,0.07367839996277918,738,36
rho_W5_k5,time_agnostic_t,budget,100,ridge [combined],12.0,0.07094684761409092,0.07426515138686036,738,36
rho_W5_k5,time_agnostic_t,budget,100,mask_mle,13.0,0.07604571488981812,0.08309338418279287,738,36
rho_W5_k5,time_agnostic_t,budget,100,plugin,14.0,0.07826962983794936,0.0855220718666838,738,36
rho_W5_k5,time_agnostic_t,budget,100,occ_mle,15.0,0.0824563512352767,0.08553605262364478,738,36
rho_W5_k5,time_agnostic_t,budget,100,hist_gradient_boosting [crawl],16.0,0.08669954484903608,0.09351020411525401,738,36
rho_W5_k5,time_agnostic_t,budget,100,extra_trees [crawl],17.0,0.08837718357868943,0.09560529691142543,738,36
rho_W5_k5,time_agnostic_t,budget,100,random_forest [crawl],18.0,0.08897775833149617,0.09634800421362302,738,36
rho_W5_k5,time_agnostic_t,budget,100,ridge [crawl],19.0,0.0914973512785893,0.09892034907395403,738,36
rho_W5_k5,time_agnostic_t,budget,100,mean_floor,20.0,0.11092091078175108,0.1129660229420732,738,36
rho_W5_k5,time_agnostic_t,budget,1600,random_forest [combined],1.0,0.014370639888500977,0.012876086589699945,738,36
rho_W5_k5,time_agnostic_t,budget,1600,extra_trees [combined],2.0,0.015464618710970749,0.013868101740536105,738,36
rho_W5_k5,time_agnostic_t,budget,1600,random_forest [patterns],3.0,0.015072818259008521,0.013905498030691013,738,36
rho_W5_k5,time_agnostic_t,budget,1600,extra_trees [patterns],4.0,0.016077862888109425,0.014861278534393643,738,36
rho_W5_k5,time_agnostic_t,budget,1600,extra_trees [occupancy],5.0,0.015274110278378371,0.01520853036857004,738,36
rho_W5_k5,time_agnostic_t,budget,1600,hist_gradient_boosting [combined],6.0,0.016290225008864727,0.015530275171674456,738,36
rho_W5_k5,time_agnostic_t,budget,1600,random_forest [occupancy],7.0,0.015939446120686096,0.015756772219342748,738,36
rho_W5_k5,time_agnostic_t,budget,1600,hist_gradient_boosting [patterns],8.0,0.01718540416409979,0.016385865861764486,738,36
rho_W5_k5,time_agnostic_t,budget,1600,hist_gradient_boosting [occupancy],9.0,0.017602864560268848,0.01774394845083135,738,36
rho_W5_k5,time_agnostic_t,budget,1600,ridge [patterns],10.0,0.03894316439588078,0.04123687614894173,738,36
rho_W5_k5,time_agnostic_t,budget,1600,occ_mle,11.0,0.04301945779333414,0.04532624345758728,738,36
rho_W5_k5,time_agnostic_t,budget,1600,ridge [combined],12.0,0.04580474631078927,0.04841631890729721,738,36
rho_W5_k5,time_agnostic_t,budget,1600,ridge [occupancy],13.0,0.04720700869591443,0.05017098818624303,738,36
rho_W5_k5,time_agnostic_t,budget,1600,mask_mle,14.0,0.04936040271575948,0.05325538637224572,738,36
rho_W5_k5,time_agnostic_t,budget,1600,extra_trees [crawl],15.0,0.0690957233583463,0.0718329967221475,738,36
rho_W5_k5,time_agnostic_t,budget,1600,random_forest [crawl],16.0,0.07192903393651852,0.07657423232032615,738,36
rho_W5_k5,time_agnostic_t,budget,1600,hist_gradient_boosting [crawl],17.0,0.07311549207787237,0.07995961553567688,738,36
rho_W5_k5,time_agnostic_t,budget,1600,plugin,18.0,0.07775200421669218,0.08493277602478548,738,36
rho_W5_k5,time_agnostic_t,budget,1600,ridge [crawl],19.0,0.09075928617640638,0.0979440375713464,738,36
rho_W5_k5,time_agnostic_t,budget,1600,mean_floor,20.0,0.11092091078175108,0.1129660229420732,738,36
rho_W5_k5,time_agnostic_t,budget,3200,extra_trees [occupancy],1.0,0.013879981910879824,0.013839083122884687,738,36
rho_W5_k5,time_agnostic_t,budget,3200,extra_trees [combined],2.0,0.015758307748989432,0.013993902850688248,738,36
rho_W5_k5,time_agnostic_t,budget,3200,extra_trees [patterns],3.0,0.01599940339240574,0.014625909597567587,738,36
rho_W5_k5,time_agnostic_t,budget,3200,random_forest [combined],4.0,0.017132850709465394,0.015414007159865243,738,36
rho_W5_k5,time_agnostic_t,budget,3200,hist_gradient_boosting [combined],5.0,0.016878309101084205,0.015892711364252604,738,36
rho_W5_k5,time_agnostic_t,budget,3200,random_forest [patterns],6.0,0.017643565822905664,0.016211151213327463,738,36
rho_W5_k5,time_agnostic_t,budget,3200,random_forest [occupancy],7.0,0.01630971535769308,0.016368217584967624,738,36
rho_W5_k5,time_agnostic_t,budget,3200,hist_gradient_boosting [patterns],8.0,0.018138161099541483,0.017257427606724902,738,36
rho_W5_k5,time_agnostic_t,budget,3200,hist_gradient_boosting [occupancy],9.0,0.018784262785464325,0.019054102433480977,738,36
rho_W5_k5,time_agnostic_t,budget,3200,occ_mle,10.0,0.036701984560967744,0.03907488178352994,738,36
rho_W5_k5,time_agnostic_t,budget,3200,ridge [patterns],11.0,0.042151494163536064,0.045104958579391424,738,36
rho_W5_k5,time_agnostic_t,budget,3200,ridge [occupancy],12.0,0.04357300092471278,0.04564399012925195,738,36
rho_W5_k5,time_agnostic_t,budget,3200,mask_mle,13.0,0.04242026806798448,0.045653441753148324,738,36
rho_W5_k5,time_agnostic_t,budget,3200,ridge [combined],14.0,0.05095618150382104,0.05398104819108477,738,36
rho_W5_k5,time_agnostic_t,budget,3200,extra_trees [crawl],15.0,0.061223924758955335,0.06108797076940047,738,36
rho_W5_k5,time_agnostic_t,budget,3200,random_forest [crawl],16.0,0.06919149559647507,0.07009267345262042,738,36
rho_W5_k5,time_agnostic_t,budget,3200,hist_gradient_boosting [crawl],17.0,0.06620670562837214,0.07061161794879572,738,36
rho_W5_k5,time_agnostic_t,budget,3200,plugin,18.0,0.07641232204296805,0.08342086578809471,738,36
rho_W5_k5,time_agnostic_t,budget,3200,ridge [crawl],19.0,0.09105553975695131,0.09855154391190776,738,36
rho_W5_k5,time_agnostic_t,budget,3200,mean_floor,20.0,0.11092091078175108,0.1129660229420732,738,36
rho_W5_k5,time_agnostic_t,budget,400,random_forest [combined],1.0,0.021297792607732104,0.020864597456144964,738,36
rho_W5_k5,time_agnostic_t,budget,400,random_forest [patterns],2.0,0.02187657609220859,0.021722123919849595,738,36
rho_W5_k5,time_agnostic_t,budget,400,extra_trees [combined],3.0,0.022438981633793688,0.02186650434367331,738,36
rho_W5_k5,time_agnostic_t,budget,400,extra_trees [patterns],4.0,0.022916650882977226,0.02274527207197362,738,36
rho_W5_k5,time_agnostic_t,budget,400,hist_gradient_boosting [combined],5.0,0.023928795061719577,0.023624145922550268,738,36
rho_W5_k5,time_agnostic_t,budget,400,hist_gradient_boosting [patterns],6.0,0.0243623073571343,0.024194064427846006,738,36
rho_W5_k5,time_agnostic_t,budget,400,random_forest [occupancy],7.0,0.025522458734614107,0.025921827671673683,738,36
rho_W5_k5,time_agnostic_t,budget,400,extra_trees [occupancy],8.0,0.0263628513224518,0.02711431183844891,738,36
rho_W5_k5,time_agnostic_t,budget,400,hist_gradient_boosting [occupancy],9.0,0.027021642920213532,0.027427847618506754,738,36
rho_W5_k5,time_agnostic_t,budget,400,ridge [patterns],10.0,0.046140743593362885,0.049465456218821854,738,36
rho_W5_k5,time_agnostic_t,budget,400,ridge [combined],11.0,0.05006620566425255,0.053854243884435826,738,36
rho_W5_k5,time_agnostic_t,budget,400,ridge [occupancy],12.0,0.0565670431090433,0.06022893627647314,738,36
rho_W5_k5,time_agnostic_t,budget,400,occ_mle,13.0,0.06098269813440868,0.06311308535897328,738,36
rho_W5_k5,time_agnostic_t,budget,400,mask_mle,14.0,0.06720247848010921,0.07304821416942325,738,36
rho_W5_k5,time_agnostic_t,budget,400,plugin,15.0,0.07820625095056472,0.08544989035605129,738,36
rho_W5_k5,time_agnostic_t,budget,400,hist_gradient_boosting [crawl],16.0,0.08100257989573044,0.08675531341670825,738,36
rho_W5_k5,time_agnostic_t,budget,400,extra_trees [crawl],17.0,0.0824527273664312,0.08834469725589124,738,36
rho_W5_k5,time_agnostic_t,budget,400,random_forest [crawl],18.0,0.08308946040054757,0.08961442089212329,738,36
rho_W5_k5,time_agnostic_t,budget,400,ridge [crawl],19.0,0.08877915772213639,0.09566531677461187,738,36
rho_W5_k5,time_agnostic_t,budget,400,mean_floor,20.0,0.11092091078175108,0.1129660229420732,738,36
rho_W5_k5,time_agnostic_t,coverage_band,high(>.15),extra_trees [combined],1.0,0.018837227269731617,0.013735358828611651,1362,36
rho_W5_k5,time_agnostic_t,coverage_band,high(>.15),random_forest [combined],2.0,0.019007587352526244,0.014135796963573496,1362,36
rho_W5_k5,time_agnostic_t,coverage_band,high(>.15),extra_trees [occupancy],3.0,0.01712987423323614,0.014283537180086613,1362,36
rho_W5_k5,time_agnostic_t,coverage_band,high(>.15),extra_trees [patterns],4.0,0.01922820249476353,0.014563743525063002,1362,36
rho_W5_k5,time_agnostic_t,coverage_band,high(>.15),random_forest [patterns],5.0,0.01983313944961643,0.015211647343702391,1362,36
rho_W5_k5,time_agnostic_t,coverage_band,high(>.15),random_forest [occupancy],6.0,0.01905848904434728,0.015939638824870084,1362,36
rho_W5_k5,time_agnostic_t,coverage_band,high(>.15),hist_gradient_boosting [combined],7.0,0.02015072503466711,0.016340448760168148,1362,36
rho_W5_k5,time_agnostic_t,coverage_band,high(>.15),hist_gradient_boosting [patterns],8.0,0.021392441796048087,0.017523506647107133,1362,36
rho_W5_k5,time_agnostic_t,coverage_band,high(>.15),hist_gradient_boosting [occupancy],9.0,0.021646208221470883,0.018670296380201998,1362,36
rho_W5_k5,time_agnostic_t,coverage_band,high(>.15),ridge [patterns],10.0,0.04582860259411517,0.04157464654624875,1362,36
rho_W5_k5,time_agnostic_t,coverage_band,high(>.15),occ_mle,11.0,0.04630026365664818,0.04417128483164898,1362,36
rho_W5_k5,time_agnostic_t,coverage_band,high(>.15),ridge [occupancy],12.0,0.05120974576888161,0.04806861552406977,1362,36
rho_W5_k5,time_agnostic_t,coverage_band,high(>.15),ridge [combined],13.0,0.05415199375853681,0.04818134465755315,1362,36
rho_W5_k5,time_agnostic_t,coverage_band,high(>.15),mask_mle,14.0,0.05656690367889447,0.05625239040183959,1362,36
rho_W5_k5,time_agnostic_t,coverage_band,high(>.15),extra_trees [crawl],15.0,0.07776750596621491,0.06781284291254044,1362,36
rho_W5_k5,time_agnostic_t,coverage_band,high(>.15),random_forest [crawl],16.0,0.08339746236741775,0.07551669347505183,1362,36
rho_W5_k5,time_agnostic_t,coverage_band,high(>.15),hist_gradient_boosting [crawl],17.0,0.08160054916894395,0.07737512564163278,1362,36
rho_W5_k5,time_agnostic_t,coverage_band,high(>.15),plugin,18.0,0.09234257919248236,0.09111254574537855,1362,36
rho_W5_k5,time_agnostic_t,coverage_band,high(>.15),ridge [crawl],19.0,0.10321232779474888,0.10146926748191054,1362,36
rho_W5_k5,time_agnostic_t,coverage_band,high(>.15),mean_floor,20.0,0.11994636430027103,0.11617334644122818,1362,36
rho_W5_k5,time_agnostic_t,coverage_band,low(<.02),random_forest [combined],1.0,0.0452139436289703,0.04392507885422738,409,21
rho_W5_k5,time_agnostic_t,coverage_band,low(<.02),random_forest [patterns],2.0,0.044352086874010405,0.044050657156951584,409,21
rho_W5_k5,time_agnostic_t,coverage_band,low(<.02),hist_gradient_boosting [patterns],3.0,0.04755912390986985,0.04595203513074189,409,21
rho_W5_k5,time_agnostic_t,coverage_band,low(<.02),hist_gradient_boosting [combined],4.0,0.048158135274605815,0.047047544804612984,409,21
rho_W5_k5,time_agnostic_t,coverage_band,low(<.02),extra_trees [combined],5.0,0.04757977158518745,0.048602811348166186,409,21
rho_W5_k5,time_agnostic_t,coverage_band,low(<.02),random_forest [occupancy],6.0,0.05263319122047533,0.05164320419886995,409,21
rho_W5_k5,time_agnostic_t,coverage_band,low(<.02),extra_trees [patterns],7.0,0.048580652965061456,0.05300244904246904,409,21
rho_W5_k5,time_agnostic_t,coverage_band,low(<.02),hist_gradient_boosting [occupancy],8.0,0.05103597430603233,0.05315804369332524,409,21
rho_W5_k5,time_agnostic_t,coverage_band,low(<.02),extra_trees [occupancy],9.0,0.05411036642896078,0.053420838324367906,409,21
rho_W5_k5,time_agnostic_t,coverage_band,low(<.02),hist_gradient_boosting [crawl],10.0,0.07638815882748468,0.07916215053531907,409,21
rho_W5_k5,time_agnostic_t,coverage_band,low(<.02),ridge [patterns],11.0,0.07020638329125627,0.0847533260010844,409,21
rho_W5_k5,time_agnostic_t,coverage_band,low(<.02),random_forest [crawl],12.0,0.08158599792586108,0.08599068592201968,409,21
rho_W5_k5,time_agnostic_t,coverage_band,low(<.02),extra_trees [crawl],13.0,0.08171965329547402,0.08603765377215822,409,21
rho_W5_k5,time_agnostic_t,coverage_band,low(<.02),ridge [occupancy],14.0,0.07237243856822606,0.08845463751374932,409,21
rho_W5_k5,time_agnostic_t,coverage_band,low(<.02),mask_mle,15.0,0.07146864486890758,0.08931776094009661,409,21
rho_W5_k5,time_agnostic_t,coverage_band,low(<.02),ridge [crawl],16.0,0.08070625115277905,0.09067829657463061,409,21
rho_W5_k5,time_agnostic_t,coverage_band,low(<.02),ridge [combined],17.0,0.07528657997705894,0.09221876617123943,409,21
rho_W5_k5,time_agnostic_t,coverage_band,low(<.02),plugin,18.0,0.07446255187689468,0.09276976844362206,409,21
rho_W5_k5,time_agnostic_t,coverage_band,low(<.02),occ_mle,19.0,0.08771100263540094,0.10030342946671611,409,21
rho_W5_k5,time_agnostic_t,coverage_band,low(<.02),mean_floor,20.0,0.10747975378968018,0.1186730002667721,409,21
rho_W5_k5,time_agnostic_t,coverage_band,mid,random_forest [combined],1.0,0.023672215372522072,0.028677467162111732,1181,36
rho_W5_k5,time_agnostic_t,coverage_band,mid,random_forest [patterns],2.0,0.023996218331106416,0.029203427332497343,1181,36
rho_W5_k5,time_agnostic_t,coverage_band,mid,extra_trees [combined],3.0,0.024167561997767983,0.029387111071922108,1181,36
rho_W5_k5,time_agnostic_t,coverage_band,mid,hist_gradient_boosting [combined],4.0,0.02441294956457797,0.029478603173923184,1181,36
rho_W5_k5,time_agnostic_t,coverage_band,mid,extra_trees [patterns],5.0,0.02454579509471316,0.02977679830432857,1181,36
rho_W5_k5,time_agnostic_t,coverage_band,mid,hist_gradient_boosting [patterns],6.0,0.0252495448663353,0.030411634049499696,1181,36
rho_W5_k5,time_agnostic_t,coverage_band,mid,extra_trees [occupancy],7.0,0.028762016234001993,0.03532848208508568,1181,36
rho_W5_k5,time_agnostic_t,coverage_band,mid,random_forest [occupancy],8.0,0.028953835824640867,0.03559515308559079,1181,36
rho_W5_k5,time_agnostic_t,coverage_band,mid,hist_gradient_boosting [occupancy],9.0,0.02904449728491196,0.036215093447706605,1181,36
rho_W5_k5,time_agnostic_t,coverage_band,mid,ridge [patterns],10.0,0.04642447025164493,0.05696419362621288,1181,36
rho_W5_k5,time_agnostic_t,coverage_band,mid,ridge [combined],11.0,0.047561364383451016,0.05841688297453307,1181,36
rho_W5_k5,time_agnostic_t,coverage_band,mid,ridge [occupancy],12.0,0.05151202446264014,0.06211340612684149,1181,36
rho_W5_k5,time_agnostic_t,coverage_band,mid,occ_mle,13.0,0.05567966444883048,0.06624225066987224,1181,36
rho_W5_k5,time_agnostic_t,coverage_band,mid,mask_mle,14.0,0.05688103571835048,0.07323883903437933,1181,36
rho_W5_k5,time_agnostic_t,coverage_band,mid,plugin,15.0,0.06183462847056879,0.08009151328600661,1181,36
rho_W5_k5,time_agnostic_t,coverage_band,mid,extra_trees [crawl],16.0,0.07019957092653178,0.08476069733461025,1181,36
rho_W5_k5,time_agnostic_t,coverage_band,mid,random_forest [crawl],17.0,0.07127564887679712,0.08604351786613752,1181,36
rho_W5_k5,time_agnostic_t,coverage_band,mid,hist_gradient_boosting [crawl],18.0,0.07129656650322035,0.0863975007609912,1181,36
rho_W5_k5,time_agnostic_t,coverage_band,mid,ridge [crawl],19.0,0.07928819475310661,0.0914183105650479,1181,36
rho_W5_k5,time_agnostic_t,coverage_band,mid,mean_floor,20.0,0.10170394678304899,0.1108805872363052,1181,36
rho_W5_k5,time_agnostic_t,data_block,mechanistic_activity,extra_trees [combined],1.0,0.009081556990841486,0.009081556990841486,216,6
rho_W5_k5,time_agnostic_t,data_block,mechanistic_activity,random_forest [combined],2.0,0.009733565356008925,0.009733565356008925,216,6
rho_W5_k5,time_agnostic_t,data_block,mechanistic_activity,extra_trees [patterns],3.0,0.011036233415918438,0.011036233415918436,216,6
rho_W5_k5,time_agnostic_t,data_block,mechanistic_activity,random_forest [patterns],4.0,0.01148951306118351,0.01148951306118351,216,6
rho_W5_k5,time_agnostic_t,data_block,mechanistic_activity,random_forest [occupancy],5.0,0.012908687317849386,0.012908687317849383,216,6
rho_W5_k5,time_agnostic_t,data_block,mechanistic_activity,extra_trees [occupancy],6.0,0.013210972699708135,0.013210972699708135,216,6
rho_W5_k5,time_agnostic_t,data_block,mechanistic_activity,hist_gradient_boosting [combined],7.0,0.014051607699900444,0.014051607699900444,216,6
rho_W5_k5,time_agnostic_t,data_block,mechanistic_activity,hist_gradient_boosting [patterns],8.0,0.01497855535218619,0.01497855535218619,216,6
rho_W5_k5,time_agnostic_t,data_block,mechanistic_activity,hist_gradient_boosting [occupancy],9.0,0.018819823739149328,0.018819823739149335,216,6
rho_W5_k5,time_agnostic_t,data_block,mechanistic_activity,ridge [patterns],10.0,0.024506846623250336,0.02450684662325034,216,6
rho_W5_k5,time_agnostic_t,data_block,mechanistic_activity,mask_mle,11.0,0.025125333336202482,0.025125333336202482,216,6
rho_W5_k5,time_agnostic_t,data_block,mechanistic_activity,occ_mle,12.0,0.026781183820225346,0.026781183820225346,216,6
rho_W5_k5,time_agnostic_t,data_block,mechanistic_activity,plugin,13.0,0.02687796509218526,0.02687796509218526,216,6
rho_W5_k5,time_agnostic_t,data_block,mechanistic_activity,ridge [combined],14.0,0.02798840060979812,0.027988400609798115,216,6
rho_W5_k5,time_agnostic_t,data_block,mechanistic_activity,ridge [occupancy],15.0,0.034714019945942164,0.034714019945942164,216,6
rho_W5_k5,time_agnostic_t,data_block,mechanistic_activity,mean_floor,16.0,0.0514175125750977,0.05141751257509769,216,6
rho_W5_k5,time_agnostic_t,data_block,mechanistic_activity,extra_trees [crawl],17.0,0.056086847433667895,0.0560868474336679,216,6
rho_W5_k5,time_agnostic_t,data_block,mechanistic_activity,random_forest [crawl],18.0,0.06338395138891277,0.06338395138891277,216,6
rho_W5_k5,time_agnostic_t,data_block,mechanistic_activity,hist_gradient_boosting [crawl],19.0,0.06525128119666074,0.06525128119666075,216,6
rho_W5_k5,time_agnostic_t,data_block,mechanistic_activity,ridge [crawl],20.0,0.08308696059141499,0.08308696059141497,216,6
rho_W5_k5,time_agnostic_t,data_block,mechanistic_dar,random_forest [combined],1.0,0.04196846015154248,0.04196846015154248,864,12
rho_W5_k5,time_agnostic_t,data_block,mechanistic_dar,extra_trees [combined],2.0,0.042331357419311454,0.042331357419311454,864,12
rho_W5_k5,time_agnostic_t,data_block,mechanistic_dar,random_forest [patterns],3.0,0.04288558986072099,0.04288558986072099,864,12
rho_W5_k5,time_agnostic_t,data_block,mechanistic_dar,extra_trees [patterns],4.0,0.04357910225566976,0.04357910225566975,864,12
rho_W5_k5,time_agnostic_t,data_block,mechanistic_dar,hist_gradient_boosting [combined],5.0,0.043979941659638894,0.0439799416596389,864,12
rho_W5_k5,time_agnostic_t,data_block,mechanistic_dar,hist_gradient_boosting [patterns],6.0,0.045715558496463214,0.045715558496463214,864,12
rho_W5_k5,time_agnostic_t,data_block,mechanistic_dar,extra_trees [occupancy],7.0,0.05495542240266041,0.05495542240266041,864,12
rho_W5_k5,time_agnostic_t,data_block,mechanistic_dar,hist_gradient_boosting [occupancy],8.0,0.05512892248048527,0.05512892248048526,864,12
rho_W5_k5,time_agnostic_t,data_block,mechanistic_dar,random_forest [occupancy],9.0,0.056388470401480456,0.056388470401480456,864,12
rho_W5_k5,time_agnostic_t,data_block,mechanistic_dar,ridge [patterns],10.0,0.1099890371894962,0.1099890371894962,864,12
rho_W5_k5,time_agnostic_t,data_block,mechanistic_dar,ridge [occupancy],11.0,0.11202970100640043,0.11202970100640042,864,12
rho_W5_k5,time_agnostic_t,data_block,mechanistic_dar,occ_mle,12.0,0.11762379325238757,0.11762379325238757,864,12
rho_W5_k5,time_agnostic_t,data_block,mechanistic_dar,ridge [combined],13.0,0.1212922028550947,0.12129220285509469,864,12
rho_W5_k5,time_agnostic_t,data_block,mechanistic_dar,extra_trees [crawl],14.0,0.14738584816750466,0.1473858481675047,864,12
rho_W5_k5,time_agnostic_t,data_block,mechanistic_dar,mask_mle,15.0,0.15263916091636762,0.15263916091636762,864,12
rho_W5_k5,time_agnostic_t,data_block,mechanistic_dar,random_forest [crawl],16.0,0.15432557940873273,0.15432557940873276,864,12
rho_W5_k5,time_agnostic_t,data_block,mechanistic_dar,hist_gradient_boosting [crawl],17.0,0.15651043087131433,0.15651043087131436,864,12
rho_W5_k5,time_agnostic_t,data_block,mechanistic_dar,ridge [crawl],18.0,0.1702459601489578,0.1702459601489578,864,12
rho_W5_k5,time_agnostic_t,data_block,mechanistic_dar,mean_floor,19.0,0.19687601613076064,0.19687601613076064,864,12
rho_W5_k5,time_agnostic_t,data_block,mechanistic_dar,plugin,20.0,0.2121236526548047,0.21212365265480473,864,12
rho_W5_k5,time_agnostic_t,data_block,real_controlled,extra_trees [occupancy],1.0,0.008608174647826154,0.008608174647826154,432,6
rho_W5_k5,time_agnostic_t,data_block,real_controlled,random_forest [occupancy],2.0,0.008794835386794526,0.008794835386794526,432,6
rho_W5_k5,time_agnostic_t,data_block,real_controlled,mask_mle,3.0,0.008932158917854191,0.008932158917854191,432,6
rho_W5_k5,time_agnostic_t,data_block,real_controlled,plugin,4.0,0.009205996900496496,0.009205996900496498,432,6
rho_W5_k5,time_agnostic_t,data_block,real_controlled,hist_gradient_boosting [occupancy],5.0,0.011389379942591846,0.011389379942591848,432,6
rho_W5_k5,time_agnostic_t,data_block,real_controlled,random_forest [combined],6.0,0.015253644360655856,0.015253644360655854,432,6
rho_W5_k5,time_agnostic_t,data_block,real_controlled,random_forest [patterns],7.0,0.015465350885820186,0.015465350885820186,432,6
rho_W5_k5,time_agnostic_t,data_block,real_controlled,extra_trees [combined],8.0,0.015752747875516934,0.015752747875516934,432,6
rho_W5_k5,time_agnostic_t,data_block,real_controlled,extra_trees [patterns],9.0,0.016116517924428263,0.016116517924428263,432,6
rho_W5_k5,time_agnostic_t,data_block,real_controlled,hist_gradient_boosting [patterns],10.0,0.017693702527266906,0.017693702527266906,432,6
rho_W5_k5,time_agnostic_t,data_block,real_controlled,hist_gradient_boosting [combined],11.0,0.019075096566264115,0.019075096566264115,432,6
rho_W5_k5,time_agnostic_t,data_block,real_controlled,ridge [patterns],12.0,0.02074623343212154,0.020746233432121536,432,6
rho_W5_k5,time_agnostic_t,data_block,real_controlled,ridge [crawl],13.0,0.024054322538605385,0.024054322538605385,432,6
rho_W5_k5,time_agnostic_t,data_block,real_controlled,ridge [occupancy],14.0,0.02484633794151783,0.024846337941517832,432,6
rho_W5_k5,time_agnostic_t,data_block,real_controlled,occ_mle,15.0,0.02657457951153365,0.026574579511533653,432,6
rho_W5_k5,time_agnostic_t,data_block,real_controlled,ridge [combined],16.0,0.02751828041195565,0.027518280411955653,432,6
rho_W5_k5,time_agnostic_t,data_block,real_controlled,hist_gradient_boosting [crawl],17.0,0.03958684259613268,0.03958684259613269,432,6
rho_W5_k5,time_agnostic_t,data_block,real_controlled,extra_trees [crawl],18.0,0.05497621561552056,0.05497621561552057,432,6
rho_W5_k5,time_agnostic_t,data_block,real_controlled,random_forest [crawl],19.0,0.055285605897391725,0.05528560589739173,432,6
rho_W5_k5,time_agnostic_t,data_block,real_controlled,mean_floor,20.0,0.06895843804744693,0.06895843804744693,432,6
rho_W5_k5,time_agnostic_t,data_block,real_empirical,extra_trees [occupancy],1.0,0.01622200580209401,0.016222005802094014,72,6
rho_W5_k5,time_agnostic_t,data_block,real_empirical,random_forest [occupancy],2.0,0.016847170092225347,0.01684717009222535,72,6
rho_W5_k5,time_agnostic_t,data_block,real_empirical,mask_mle,3.0,0.017069185273609584,0.017069185273609584,72,6
rho_W5_k5,time_agnostic_t,data_block,real_empirical,plugin,4.0,0.017418492604859233,0.017418492604859236,72,6
rho_W5_k5,time_agnostic_t,data_block,real_empirical,ridge [patterns],5.0,0.019036916475061498,0.0190369164750615,72,6
rho_W5_k5,time_agnostic_t,data_block,real_empirical,random_forest [combined],6.0,0.021551876641694015,0.02155187664169401,72,6
rho_W5_k5,time_agnostic_t,data_block,real_empirical,extra_trees [combined],7.0,0.022302845988145872,0.022302845988145876,72,6
rho_W5_k5,time_agnostic_t,data_block,real_empirical,ridge [occupancy],8.0,0.022707740825815677,0.022707740825815673,72,6
rho_W5_k5,time_agnostic_t,data_block,real_empirical,random_forest [patterns],9.0,0.022899769311396482,0.022899769311396482,72,6
rho_W5_k5,time_agnostic_t,data_block,real_empirical,ridge [combined],10.0,0.02332798186274615,0.02332798186274615,72,6
rho_W5_k5,time_agnostic_t,data_block,real_empirical,hist_gradient_boosting [occupancy],11.0,0.023818730819954767,0.023818730819954767,72,6
rho_W5_k5,time_agnostic_t,data_block,real_empirical,extra_trees [patterns],12.0,0.02426365529000281,0.02426365529000281,72,6
rho_W5_k5,time_agnostic_t,data_block,real_empirical,hist_gradient_boosting [patterns],13.0,0.026521745482719294,0.026521745482719294,72,6
rho_W5_k5,time_agnostic_t,data_block,real_empirical,hist_gradient_boosting [combined],14.0,0.03031571061783884,0.030315710617838842,72,6
rho_W5_k5,time_agnostic_t,data_block,real_empirical,ridge [crawl],15.0,0.031453347238591896,0.031453347238591896,72,6
rho_W5_k5,time_agnostic_t,data_block,real_empirical,occ_mle,16.0,0.035926579308124436,0.035926579308124436,72,6
rho_W5_k5,time_agnostic_t,data_block,real_empirical,hist_gradient_boosting [crawl],17.0,0.04022469059044237,0.040224690590442376,72,6
rho_W5_k5,time_agnostic_t,data_block,real_empirical,extra_trees [crawl],18.0,0.05264743970186401,0.05264743970186402,72,6
rho_W5_k5,time_agnostic_t,data_block,real_empirical,random_forest [crawl],19.0,0.05364803155405865,0.053648031554058666,72,6
rho_W5_k5,time_agnostic_t,data_block,real_empirical,mean_floor,20.0,0.06075028126876002,0.06075028126876001,72,6
rho_W5_k5,time_agnostic_t,data_block,real_shuffle,extra_trees [occupancy],1.0,0.07577871960820502,0.07577871960820502,216,6
rho_W5_k5,time_agnostic_t,data_block,real_shuffle,random_forest [occupancy],2.0,0.079142588092238,0.079142588092238,216,6
rho_W5_k5,time_agnostic_t,data_block,real_shuffle,hist_gradient_boosting [combined],3.0,0.08061064814099177,0.08061064814099177,216,6
rho_W5_k5,time_agnostic_t,data_block,real_shuffle,hist_gradient_boosting [patterns],4.0,0.08404973335395606,0.08404973335395609,216,6
rho_W5_k5,time_agnostic_t,data_block,real_shuffle,hist_gradient_boosting [occupancy],5.0,0.08495732048145833,0.08495732048145833,216,6
rho_W5_k5,time_agnostic_t,data_block,real_shuffle,ridge [patterns],6.0,0.0852936917602562,0.08529369176025621,216,6
rho_W5_k5,time_agnostic_t,data_block,real_shuffle,random_forest [patterns],7.0,0.08581869103436483,0.08581869103436485,216,6
rho_W5_k5,time_agnostic_t,data_block,real_shuffle,random_forest [combined],8.0,0.08851615651600948,0.08851615651600947,216,6
rho_W5_k5,time_agnostic_t,data_block,real_shuffle,ridge [combined],9.0,0.08900906561518639,0.08900906561518639,216,6
rho_W5_k5,time_agnostic_t,data_block,real_shuffle,extra_trees [patterns],10.0,0.089337220303546,0.089337220303546,216,6
rho_W5_k5,time_agnostic_t,data_block,real_shuffle,ridge [occupancy],11.0,0.09239602386669424,0.09239602386669422,216,6
rho_W5_k5,time_agnostic_t,data_block,real_shuffle,occ_mle,12.0,0.09353027053542962,0.09353027053542962,216,6
rho_W5_k5,time_agnostic_t,data_block,real_shuffle,extra_trees [combined],13.0,0.09442406552372748,0.09442406552372747,216,6
rho_W5_k5,time_agnostic_t,data_block,real_shuffle,mask_mle,14.0,0.11748603739024041,0.11748603739024042,216,6
rho_W5_k5,time_agnostic_t,data_block,real_shuffle,hist_gradient_boosting [crawl],15.0,0.12284545526793,0.12284545526793,216,6
rho_W5_k5,time_agnostic_t,data_block,real_shuffle,mean_floor,16.0,0.12513281053353767,0.12513281053353767,216,6
rho_W5_k5,time_agnostic_t,data_block,real_shuffle,random_forest [crawl],17.0,0.12628698394021867,0.12628698394021867,216,6
rho_W5_k5,time_agnostic_t,data_block,real_shuffle,extra_trees [crawl],18.0,0.12968020607135447,0.12968020607135444,216,6
rho_W5_k5,time_agnostic_t,data_block,real_shuffle,ridge [crawl],19.0,0.13287333691895814,0.13287333691895814,216,6
rho_W5_k5,time_agnostic_t,data_block,real_shuffle,plugin,20.0,0.13418069182496864,0.1341806918249686,216,6
rho_W5_k5,time_agnostic_t,data_block,synthetic_controlled,mask_mle,1.0,0.004929979726166002,0.0049299797261660025,1152,12
rho_W5_k5,time_agnostic_t,data_block,synthetic_controlled,plugin,2.0,0.005171740351676848,0.005171740351676849,1152,12
rho_W5_k5,time_agnostic_t,data_block,synthetic_controlled,extra_trees [combined],3.0,0.005482484003713805,0.005482484003713804,1152,12
rho_W5_k5,time_agnostic_t,data_block,synthetic_controlled,random_forest [combined],4.0,0.005827885673649474,0.005827885673649474,1152,12
rho_W5_k5,time_agnostic_t,data_block,synthetic_controlled,extra_trees [patterns],5.0,0.006080341658765718,0.0060803416587657194,1152,12
rho_W5_k5,time_agnostic_t,data_block,synthetic_controlled,random_forest [patterns],6.0,0.006155153310319683,0.006155153310319683,1152,12
rho_W5_k5,time_agnostic_t,data_block,synthetic_controlled,hist_gradient_boosting [combined],7.0,0.0061673337878695705,0.006167333787869571,1152,12
rho_W5_k5,time_agnostic_t,data_block,synthetic_controlled,extra_trees [occupancy],8.0,0.006805551551605404,0.0068055515516054045,1152,12
rho_W5_k5,time_agnostic_t,data_block,synthetic_controlled,hist_gradient_boosting [patterns],9.0,0.006915192555981091,0.006915192555981092,1152,12
rho_W5_k5,time_agnostic_t,data_block,synthetic_controlled,hist_gradient_boosting [occupancy],10.0,0.006922732164292225,0.006922732164292226,1152,12
rho_W5_k5,time_agnostic_t,data_block,synthetic_controlled,random_forest [occupancy],11.0,0.0070000332875718935,0.0070000332875718935,1152,12
rho_W5_k5,time_agnostic_t,data_block,synthetic_controlled,ridge [patterns],12.0,0.014652596888071428,0.014652596888071428,1152,12
rho_W5_k5,time_agnostic_t,data_block,synthetic_controlled,ridge [combined],13.0,0.0148279255582629,0.014827925558262902,1152,12
rho_W5_k5,time_agnostic_t,data_block,synthetic_controlled,occ_mle,14.0,0.019975068856120458,0.019975068856120458,1152,12
rho_W5_k5,time_agnostic_t,data_block,synthetic_controlled,ridge [occupancy],15.0,0.0204563329329387,0.0204563329329387,1152,12
rho_W5_k5,time_agnostic_t,data_block,synthetic_controlled,extra_trees [crawl],16.0,0.023646681779357318,0.023646681779357314,1152,12
rho_W5_k5,time_agnostic_t,data_block,synthetic_controlled,random_forest [crawl],17.0,0.02524331211787727,0.02524331211787727,1152,12
rho_W5_k5,time_agnostic_t,data_block,synthetic_controlled,hist_gradient_boosting [crawl],18.0,0.02667738619413001,0.026677386194130015,1152,12
rho_W5_k5,time_agnostic_t,data_block,synthetic_controlled,ridge [crawl],19.0,0.05280153039284484,0.05280153039284483,1152,12
rho_W5_k5,time_agnostic_t,data_block,synthetic_controlled,mean_floor,20.0,0.07381832935020746,0.07381832935020748,1152,12
rho_W5_k5,time_agnostic_t,domain,controlled,mask_mle,1.0,0.004929979726166002,0.0049299797261660025,1152,12
rho_W5_k5,time_agnostic_t,domain,controlled,plugin,2.0,0.005171740351676848,0.005171740351676849,1152,12
rho_W5_k5,time_agnostic_t,domain,controlled,extra_trees [combined],3.0,0.005482484003713805,0.005482484003713804,1152,12
rho_W5_k5,time_agnostic_t,domain,controlled,random_forest [combined],4.0,0.005827885673649474,0.005827885673649474,1152,12
rho_W5_k5,time_agnostic_t,domain,controlled,extra_trees [patterns],5.0,0.006080341658765718,0.0060803416587657194,1152,12
rho_W5_k5,time_agnostic_t,domain,controlled,random_forest [patterns],6.0,0.006155153310319683,0.006155153310319683,1152,12
rho_W5_k5,time_agnostic_t,domain,controlled,hist_gradient_boosting [combined],7.0,0.0061673337878695705,0.006167333787869571,1152,12
rho_W5_k5,time_agnostic_t,domain,controlled,extra_trees [occupancy],8.0,0.006805551551605404,0.0068055515516054045,1152,12
rho_W5_k5,time_agnostic_t,domain,controlled,hist_gradient_boosting [patterns],9.0,0.006915192555981091,0.006915192555981092,1152,12
rho_W5_k5,time_agnostic_t,domain,controlled,hist_gradient_boosting [occupancy],10.0,0.006922732164292225,0.006922732164292226,1152,12
rho_W5_k5,time_agnostic_t,domain,controlled,random_forest [occupancy],11.0,0.0070000332875718935,0.0070000332875718935,1152,12
rho_W5_k5,time_agnostic_t,domain,controlled,ridge [patterns],12.0,0.014652596888071428,0.014652596888071428,1152,12
rho_W5_k5,time_agnostic_t,domain,controlled,ridge [combined],13.0,0.0148279255582629,0.014827925558262902,1152,12
rho_W5_k5,time_agnostic_t,domain,controlled,occ_mle,14.0,0.019975068856120458,0.019975068856120458,1152,12
rho_W5_k5,time_agnostic_t,domain,controlled,ridge [occupancy],15.0,0.0204563329329387,0.0204563329329387,1152,12
rho_W5_k5,time_agnostic_t,domain,controlled,extra_trees [crawl],16.0,0.023646681779357318,0.023646681779357314,1152,12
rho_W5_k5,time_agnostic_t,domain,controlled,random_forest [crawl],17.0,0.02524331211787727,0.02524331211787727,1152,12
rho_W5_k5,time_agnostic_t,domain,controlled,hist_gradient_boosting [crawl],18.0,0.02667738619413001,0.026677386194130015,1152,12
rho_W5_k5,time_agnostic_t,domain,controlled,ridge [crawl],19.0,0.05280153039284484,0.05280153039284483,1152,12
rho_W5_k5,time_agnostic_t,domain,controlled,mean_floor,20.0,0.07381832935020746,0.07381832935020748,1152,12
rho_W5_k5,time_agnostic_t,domain,email,extra_trees [patterns],1.0,0.016660725960489734,0.016660725960489734,120,1
rho_W5_k5,time_agnostic_t,domain,email,extra_trees [occupancy],2.0,0.016754444675806092,0.01675444467580609,120,1
rho_W5_k5,time_agnostic_t,domain,email,extra_trees [combined],3.0,0.016909227723554236,0.016909227723554236,120,1
rho_W5_k5,time_agnostic_t,domain,email,random_forest [occupancy],4.0,0.017637032735832406,0.01763703273583241,120,1
rho_W5_k5,time_agnostic_t,domain,email,hist_gradient_boosting [patterns],5.0,0.019418178894807257,0.019418178894807257,120,1
rho_W5_k5,time_agnostic_t,domain,email,random_forest [patterns],6.0,0.020527926189652785,0.02052792618965279,120,1
rho_W5_k5,time_agnostic_t,domain,email,hist_gradient_boosting [occupancy],7.0,0.020660704399569678,0.02066070439956968,120,1
rho_W5_k5,time_agnostic_t,domain,email,random_forest [combined],8.0,0.022436773822033552,0.022436773822033556,120,1
rho_W5_k5,time_agnostic_t,domain,email,hist_gradient_boosting [combined],9.0,0.02259997914965338,0.02259997914965338,120,1
rho_W5_k5,time_agnostic_t,domain,email,ridge [occupancy],10.0,0.025343200091150313,0.025343200091150316,120,1
rho_W5_k5,time_agnostic_t,domain,email,ridge [patterns],11.0,0.029434049762555266,0.02943404976255527,120,1
rho_W5_k5,time_agnostic_t,domain,email,hist_gradient_boosting [crawl],12.0,0.029487685152225034,0.02948768515222503,120,1
rho_W5_k5,time_agnostic_t,domain,email,random_forest [crawl],13.0,0.02956370526708777,0.02956370526708777,120,1
rho_W5_k5,time_agnostic_t,domain,email,ridge [combined],14.0,0.03018242434091989,0.030182424340919892,120,1
rho_W5_k5,time_agnostic_t,domain,email,ridge [crawl],15.0,0.031825033144272756,0.031825033144272756,120,1
rho_W5_k5,time_agnostic_t,domain,email,extra_trees [crawl],16.0,0.03193484017137048,0.03193484017137048,120,1
rho_W5_k5,time_agnostic_t,domain,email,mask_mle,17.0,0.03347243191004292,0.03347243191004292,120,1
rho_W5_k5,time_agnostic_t,domain,email,plugin,18.0,0.03406374501992026,0.03406374501992026,120,1
rho_W5_k5,time_agnostic_t,domain,email,occ_mle,19.0,0.039410503288458756,0.03941050328845876,120,1
rho_W5_k5,time_agnostic_t,domain,email,mean_floor,20.0,0.04339131441443403,0.04339131441443403,120,1
rho_W5_k5,time_agnostic_t,domain,mechanistic,random_forest [combined],1.0,0.03552148119243577,0.031223495219697965,1080,18
rho_W5_k5,time_agnostic_t,domain,mechanistic,extra_trees [combined],2.0,0.03568139733361746,0.031248090609821463,1080,18
rho_W5_k5,time_agnostic_t,domain,mechanistic,random_forest [patterns],3.0,0.03660637450081349,0.032420230927541836,1080,18
rho_W5_k5,time_agnostic_t,domain,mechanistic,extra_trees [patterns],4.0,0.03707052848771949,0.03273147930908599,1080,18
rho_W5_k5,time_agnostic_t,domain,mechanistic,hist_gradient_boosting [combined],5.0,0.037994274867691205,0.03400383033972608,1080,18
rho_W5_k5,time_agnostic_t,domain,mechanistic,hist_gradient_boosting [patterns],6.0,0.03956815786760781,0.03546989078170421,1080,18
rho_W5_k5,time_agnostic_t,domain,mechanistic,extra_trees [occupancy],7.0,0.04660653246206995,0.041040605835009646,1080,18
rho_W5_k5,time_agnostic_t,domain,mechanistic,random_forest [occupancy],8.0,0.04769251378475424,0.041895209373603436,1080,18
rho_W5_k5,time_agnostic_t,domain,mechanistic,hist_gradient_boosting [occupancy],9.0,0.04786710273221807,0.04302588956670662,1080,18
rho_W5_k5,time_agnostic_t,domain,mechanistic,ridge [patterns],10.0,0.09289259907624701,0.08149497366741423,1080,18
rho_W5_k5,time_agnostic_t,domain,mechanistic,ridge [occupancy],11.0,0.09656656479430875,0.08625780731958099,1080,18
rho_W5_k5,time_agnostic_t,domain,mechanistic,occ_mle,12.0,0.09945527136595513,0.08734292344166683,1080,18
rho_W5_k5,time_agnostic_t,domain,mechanistic,ridge [combined],13.0,0.10263144240603538,0.09019093543999585,1080,18
rho_W5_k5,time_agnostic_t,domain,mechanistic,mask_mle,14.0,0.12713639540033458,0.11013455172297924,1080,18
rho_W5_k5,time_agnostic_t,domain,mechanistic,extra_trees [crawl],15.0,0.12912604802073732,0.11695284792289244,1080,18
rho_W5_k5,time_agnostic_t,domain,mechanistic,random_forest [crawl],16.0,0.13613725380476874,0.1240117034021261,1080,18
rho_W5_k5,time_agnostic_t,domain,mechanistic,hist_gradient_boosting [crawl],17.0,0.13825860093638365,0.12609071431309649,1080,18
rho_W5_k5,time_agnostic_t,domain,mechanistic,ridge [crawl],18.0,0.15281416023744923,0.14119296029644354,1080,18
rho_W5_k5,time_agnostic_t,domain,mechanistic,mean_floor,19.0,0.16778431541962807,0.148389848278873,1080,18
rho_W5_k5,time_agnostic_t,domain,mechanistic,plugin,20.0,0.17507451514228087,0.15037509013393158,1080,18
rho_W5_k5,time_agnostic_t,domain,messaging,extra_trees [combined],1.0,0.007489675685111142,0.0074896756851111435,120,1
rho_W5_k5,time_agnostic_t,domain,messaging,random_forest [combined],2.0,0.007678883928820332,0.007678883928820333,120,1
rho_W5_k5,time_agnostic_t,domain,messaging,random_forest [patterns],3.0,0.007922380336477226,0.007922380336477226,120,1
rho_W5_k5,time_agnostic_t,domain,messaging,extra_trees [patterns],4.0,0.00894536798333434,0.008945367983334342,120,1
rho_W5_k5,time_agnostic_t,domain,messaging,ridge [combined],5.0,0.010869228663004986,0.010869228663004984,120,1
rho_W5_k5,time_agnostic_t,domain,messaging,mask_mle,6.0,0.010869623340154733,0.010869623340154733,120,1
rho_W5_k5,time_agnostic_t,domain,messaging,hist_gradient_boosting [occupancy],7.0,0.010909401101734445,0.010909401101734445,120,1
rho_W5_k5,time_agnostic_t,domain,messaging,plugin,8.0,0.011136002312472852,0.01113600231247285,120,1
rho_W5_k5,time_agnostic_t,domain,messaging,ridge [patterns],9.0,0.011307962797785126,0.011307962797785126,120,1
rho_W5_k5,time_agnostic_t,domain,messaging,random_forest [occupancy],10.0,0.011975601975607129,0.011975601975607129,120,1
rho_W5_k5,time_agnostic_t,domain,messaging,extra_trees [occupancy],11.0,0.01226286969228636,0.01226286969228636,120,1
rho_W5_k5,time_agnostic_t,domain,messaging,hist_gradient_boosting [combined],12.0,0.01320523531358175,0.013205235313581748,120,1
rho_W5_k5,time_agnostic_t,domain,messaging,hist_gradient_boosting [crawl],13.0,0.01390631785769581,0.01390631785769581,120,1
rho_W5_k5,time_agnostic_t,domain,messaging,hist_gradient_boosting [patterns],14.0,0.01391313249646983,0.01391313249646983,120,1
rho_W5_k5,time_agnostic_t,domain,messaging,ridge [crawl],15.0,0.014429638187311848,0.014429638187311848,120,1
rho_W5_k5,time_agnostic_t,domain,messaging,ridge [occupancy],16.0,0.01751513493287509,0.01751513493287509,120,1
rho_W5_k5,time_agnostic_t,domain,messaging,occ_mle,17.0,0.022531952812483737,0.022531952812483737,120,1
rho_W5_k5,time_agnostic_t,domain,messaging,random_forest [crawl],18.0,0.02850437086547132,0.028504370865471324,120,1
rho_W5_k5,time_agnostic_t,domain,messaging,extra_trees [crawl],19.0,0.03216111801684233,0.03216111801684233,120,1
rho_W5_k5,time_agnostic_t,domain,messaging,mean_floor,20.0,0.0720337089273349,0.0720337089273349,120,1
rho_W5_k5,time_agnostic_t,domain,proximity,extra_trees [occupancy],1.0,0.03702675328502678,0.03702675328502678,480,4
rho_W5_k5,time_agnostic_t,domain,proximity,random_forest [occupancy],2.0,0.03865343332559609,0.038653433325596086,480,4
rho_W5_k5,time_agnostic_t,domain,proximity,hist_gradient_boosting [occupancy],3.0,0.0441615194126561,0.0441615194126561,480,4
rho_W5_k5,time_agnostic_t,domain,proximity,random_forest [patterns],4.0,0.04885961552787931,0.04885961552787932,480,4
rho_W5_k5,time_agnostic_t,domain,proximity,hist_gradient_boosting [combined],5.0,0.04903843154995105,0.04903843154995105,480,4
rho_W5_k5,time_agnostic_t,domain,proximity,random_forest [combined],6.0,0.04926441741533516,0.04926441741533516,480,4
rho_W5_k5,time_agnostic_t,domain,proximity,hist_gradient_boosting [patterns],7.0,0.04939214625840907,0.04939214625840907,480,4
rho_W5_k5,time_agnostic_t,domain,proximity,ridge [patterns],8.0,0.0497238057121988,0.049723805712198796,480,4
rho_W5_k5,time_agnostic_t,domain,proximity,extra_trees [patterns],9.0,0.05194464007612554,0.05194464007612553,480,4
rho_W5_k5,time_agnostic_t,domain,proximity,mask_mle,10.0,0.05238252383016899,0.05238252383016899,480,4
rho_W5_k5,time_agnostic_t,domain,proximity,extra_trees [combined],11.0,0.05391400361969814,0.05391400361969814,480,4
rho_W5_k5,time_agnostic_t,domain,proximity,occ_mle,12.0,0.05590911617230665,0.05590911617230665,480,4
rho_W5_k5,time_agnostic_t,domain,proximity,ridge [occupancy],13.0,0.05663149225524445,0.05663149225524445,480,4
rho_W5_k5,time_agnostic_t,domain,proximity,ridge [combined],14.0,0.05805681592602466,0.05805681592602466,480,4
rho_W5_k5,time_agnostic_t,domain,proximity,plugin,15.0,0.05997954558931333,0.059979545589313336,480,4
rho_W5_k5,time_agnostic_t,domain,proximity,ridge [crawl],16.0,0.07459622615116865,0.07459622615116865,480,4
rho_W5_k5,time_agnostic_t,domain,proximity,hist_gradient_boosting [crawl],17.0,0.08609381604317407,0.08609381604317405,480,4
rho_W5_k5,time_agnostic_t,domain,proximity,mean_floor,18.0,0.09862864533766595,0.09862864533766595,480,4
rho_W5_k5,time_agnostic_t,domain,proximity,extra_trees [crawl],19.0,0.09970781319430441,0.09970781319430441,480,4
rho_W5_k5,time_agnostic_t,domain,proximity,random_forest [crawl],20.0,0.10011637378071998,0.10011637378071997,480,4
rho_W5_k5,time_agnostic_t,overall,all,random_forest [combined],1.0,0.024504648805331358,0.023864746373626435,2952,36
rho_W5_k5,time_agnostic_t,overall,all,extra_trees [combined],2.0,0.024952005704295427,0.024119732136355834,2952,36
rho_W5_k5,time_agnostic_t,overall,all,random_forest [patterns],3.0,0.02489575654162755,0.02448096569603434,2952,36
rho_W5_k5,time_agnostic_t,overall,all,extra_trees [patterns],4.0,0.025422385795201324,0.024875427269918406,2952,36
rho_W5_k5,time_agnostic_t,overall,all,hist_gradient_boosting [combined],5.0,0.025736334099016586,0.025500997006459546,2952,36
rho_W5_k5,time_agnostic_t,overall,all,hist_gradient_boosting [patterns],6.0,0.02656094169800009,0.026453895587982282,2952,36
rho_W5_k5,time_agnostic_t,overall,all,extra_trees [occupancy],7.0,0.026907171323668336,0.02770894030993439,2952,36
rho_W5_k5,time_agnostic_t,overall,all,random_forest [occupancy],8.0,0.027669077708833426,0.02839834822748746,2952,36
rho_W5_k5,time_agnostic_t,overall,all,hist_gradient_boosting [occupancy],9.0,0.028677981159312874,0.029604305036782068,2952,36
rho_W5_k5,time_agnostic_t,overall,all,ridge [patterns],10.0,0.049444534846375794,0.05228827566887359,2952,36
rho_W5_k5,time_agnostic_t,overall,all,ridge [occupancy],11.0,0.054262771680894044,0.057430578638686836,2952,36
rho_W5_k5,time_agnostic_t,overall,all,ridge [combined],12.0,0.05444349527323845,0.05762919059241954,2952,36
rho_W5_k5,time_agnostic_t,overall,all,occ_mle,13.0,0.05579012293099682,0.05826256580593381,2952,36
rho_W5_k5,time_agnostic_t,overall,all,mask_mle,14.0,0.05875721603841782,0.06376260661940254,2952,36
rho_W5_k5,time_agnostic_t,overall,all,extra_trees [crawl],15.0,0.07528738976560556,0.07921774041471617,2952,36
rho_W5_k5,time_agnostic_t,overall,all,hist_gradient_boosting [crawl],16.0,0.07675608061275276,0.08270918775410871,2952,36
rho_W5_k5,time_agnostic_t,overall,all,random_forest [crawl],17.0,0.07829693706625934,0.08315733271967322,2952,36
rho_W5_k5,time_agnostic_t,overall,all,plugin,18.0,0.07766005176204357,0.0848314010089038,2952,36
rho_W5_k5,time_agnostic_t,overall,all,ridge [crawl],19.0,0.09052283373352085,0.09777031183295501,2952,36
rho_W5_k5,time_agnostic_t,overall,all,mean_floor,20.0,0.11092091078175109,0.1129660229420732,2952,36
rho_W5_k5,time_respecting,budget,100,extra_trees [combined],1.0,0.06656856978861783,0.07115531316890467,738,36
rho_W5_k5,time_respecting,budget,100,random_forest [combined],2.0,0.06698106826466908,0.07170794964662945,738,36
rho_W5_k5,time_respecting,budget,100,random_forest [patterns],3.0,0.06698525842815199,0.07209496742101373,738,36
rho_W5_k5,time_respecting,budget,100,extra_trees [patterns],4.0,0.06688938876222396,0.07228552900447788,738,36
rho_W5_k5,time_respecting,budget,100,hist_gradient_boosting [combined],5.0,0.06917584126810634,0.07330181639106347,738,36
rho_W5_k5,time_respecting,budget,100,hist_gradient_boosting [patterns],6.0,0.06920065248058084,0.07430786901587802,738,36
rho_W5_k5,time_respecting,budget,100,mask_mle,7.0,0.0784724704082238,0.08581763912257695,738,36
rho_W5_k5,time_respecting,budget,100,plugin,8.0,0.07853236274673654,0.08582129545724698,738,36
rho_W5_k5,time_respecting,budget,100,ridge [combined],9.0,0.08170581889323718,0.08863809796751307,738,36
rho_W5_k5,time_respecting,budget,100,random_forest [occupancy],10.0,0.08274100205337401,0.09040458997172794,738,36
rho_W5_k5,time_respecting,budget,100,ridge [patterns],11.0,0.08218250150539673,0.09129372920571555,738,36
rho_W5_k5,time_respecting,budget,100,hist_gradient_boosting [occupancy],12.0,0.08370330522380819,0.09190250630389052,738,36
rho_W5_k5,time_respecting,budget,100,extra_trees [occupancy],13.0,0.08413556096815882,0.09197506549847914,738,36
rho_W5_k5,time_respecting,budget,100,occ_mle,14.0,0.08528637715440666,0.09538729145630274,738,36
rho_W5_k5,time_respecting,budget,100,ridge [occupancy],15.0,0.08674989278060083,0.09675937683949233,738,36
rho_W5_k5,time_respecting,budget,100,extra_trees [crawl],16.0,0.10470834998410337,0.10544484958049796,738,36
rho_W5_k5,time_respecting,budget,100,random_forest [crawl],17.0,0.10700881533795664,0.1070836520254055,738,36
rho_W5_k5,time_respecting,budget,100,hist_gradient_boosting [crawl],18.0,0.11077044499799842,0.1118772346857777,738,36
rho_W5_k5,time_respecting,budget,100,mean_floor,19.0,0.11092091078175108,0.1129660229420732,738,36
rho_W5_k5,time_respecting,budget,100,ridge [crawl],20.0,0.11281318398595302,0.1146890596903147,738,36
rho_W5_k5,time_respecting,budget,1600,random_forest [combined],1.0,0.024175102646014312,0.02282155571940496,738,36
rho_W5_k5,time_respecting,budget,1600,extra_trees [combined],2.0,0.024340875471460972,0.023074707726335117,738,36
rho_W5_k5,time_respecting,budget,1600,random_forest [patterns],3.0,0.02520661125184545,0.024282122579402435,738,36
rho_W5_k5,time_respecting,budget,1600,hist_gradient_boosting [combined],4.0,0.02648023071248333,0.02496940718127486,738,36
rho_W5_k5,time_respecting,budget,1600,extra_trees [patterns],5.0,0.02668033453357749,0.025255173102943597,738,36
rho_W5_k5,time_respecting,budget,1600,hist_gradient_boosting [patterns],6.0,0.027897798389555604,0.026362616437665187,738,36
rho_W5_k5,time_respecting,budget,1600,random_forest [occupancy],7.0,0.04888179063128963,0.057600029158613016,738,36
rho_W5_k5,time_respecting,budget,1600,extra_trees [occupancy],8.0,0.049844520637750286,0.05905457711725919,738,36
rho_W5_k5,time_respecting,budget,1600,hist_gradient_boosting [occupancy],9.0,0.05030939436133828,0.06050199244342885,738,36
rho_W5_k5,time_respecting,budget,1600,ridge [combined],10.0,0.06458445715706973,0.06846182568736273,738,36
rho_W5_k5,time_respecting,budget,1600,ridge [patterns],11.0,0.06628447531939365,0.07337775810058292,738,36
rho_W5_k5,time_respecting,budget,1600,extra_trees [crawl],12.0,0.08032668383881622,0.07781432382765073,738,36
rho_W5_k5,time_respecting,budget,1600,ridge [occupancy],13.0,0.06904985406883848,0.0784161031169292,738,36
rho_W5_k5,time_respecting,budget,1600,occ_mle,14.0,0.07489780341318288,0.08148171554867942,738,36
rho_W5_k5,time_respecting,budget,1600,random_forest [crawl],15.0,0.0853478130896216,0.08418375903306236,738,36
rho_W5_k5,time_respecting,budget,1600,hist_gradient_boosting [crawl],16.0,0.08659508525961071,0.08448306110485651,738,36
rho_W5_k5,time_respecting,budget,1600,mask_mle,17.0,0.07820806176952312,0.0854464336429703,738,36
rho_W5_k5,time_respecting,budget,1600,plugin,18.0,0.07849623137058594,0.08578089731262088,738,36
rho_W5_k5,time_respecting,budget,1600,ridge [crawl],19.0,0.09205089416540158,0.0975685046565131,738,36
rho_W5_k5,time_respecting,budget,1600,mean_floor,20.0,0.11092091078175108,0.1129660229420732,738,36
rho_W5_k5,time_respecting,budget,3200,random_forest [combined],1.0,0.02219451864199383,0.01980058868492006,738,36
rho_W5_k5,time_respecting,budget,3200,extra_trees [combined],2.0,0.022635981259328586,0.020200142212502065,738,36
rho_W5_k5,time_respecting,budget,3200,random_forest [patterns],3.0,0.022766987973394482,0.020515262111418464,738,36
rho_W5_k5,time_respecting,budget,3200,extra_trees [patterns],4.0,0.023786459912796803,0.021117390108978295,738,36
rho_W5_k5,time_respecting,budget,3200,hist_gradient_boosting [patterns],5.0,0.02448784569758846,0.02228866361214056,738,36
rho_W5_k5,time_respecting,budget,3200,hist_gradient_boosting [combined],6.0,0.02456689666167748,0.02229808096536666,738,36
rho_W5_k5,time_respecting,budget,3200,random_forest [occupancy],7.0,0.04107629239430335,0.04477009252158256,738,36
rho_W5_k5,time_respecting,budget,3200,extra_trees [occupancy],8.0,0.040473795436273274,0.04490251733175346,738,36
rho_W5_k5,time_respecting,budget,3200,hist_gradient_boosting [occupancy],9.0,0.043923237178787475,0.048398854993572146,738,36
rho_W5_k5,time_respecting,budget,3200,extra_trees [crawl],10.0,0.06805507237926843,0.06396781983364613,738,36
rho_W5_k5,time_respecting,budget,3200,ridge [combined],11.0,0.06860700452173685,0.0718802888841694,738,36
rho_W5_k5,time_respecting,budget,3200,ridge [patterns],12.0,0.06724397473839398,0.07214884158337376,738,36
rho_W5_k5,time_respecting,budget,3200,ridge [occupancy],13.0,0.0689371464578634,0.07510459635879418,738,36
rho_W5_k5,time_respecting,budget,3200,hist_gradient_boosting [crawl],14.0,0.0794477899912975,0.076360363730389,738,36
rho_W5_k5,time_respecting,budget,3200,random_forest [crawl],15.0,0.0832542410170773,0.08073882059233796,738,36
rho_W5_k5,time_respecting,budget,3200,occ_mle,16.0,0.07615397678546072,0.08303508933159864,738,36
rho_W5_k5,time_respecting,budget,3200,mask_mle,17.0,0.07792012122848031,0.08512069952001894,738,36
rho_W5_k5,time_respecting,budget,3200,plugin,18.0,0.07847188563043049,0.08575187996061831,738,36
rho_W5_k5,time_respecting,budget,3200,ridge [crawl],19.0,0.09957144100492503,0.10167525198405089,738,36
rho_W5_k5,time_respecting,budget,3200,mean_floor,20.0,0.11092091078175108,0.1129660229420732,738,36
rho_W5_k5,time_respecting,budget,400,random_forest [patterns],1.0,0.04047012437209721,0.043030546613182355,738,36
rho_W5_k5,time_respecting,budget,400,random_forest [combined],2.0,0.04148152876101231,0.043572239703707334,738,36
rho_W5_k5,time_respecting,budget,400,hist_gradient_boosting [combined],3.0,0.04448344499331785,0.04622410975342548,738,36
rho_W5_k5,time_respecting,budget,400,extra_trees [combined],4.0,0.04429466151860021,0.04678288229286543,738,36
rho_W5_k5,time_respecting,budget,400,extra_trees [patterns],5.0,0.044842434876489735,0.047704198292987506,738,36
rho_W5_k5,time_respecting,budget,400,hist_gradient_boosting [patterns],6.0,0.04574392860665291,0.048518260248777444,738,36
rho_W5_k5,time_respecting,budget,400,ridge [combined],7.0,0.07220126487018645,0.07808598656953591,738,36
rho_W5_k5,time_respecting,budget,400,random_forest [occupancy],8.0,0.06855225222160247,0.07840932420316599,738,36
rho_W5_k5,time_respecting,budget,400,extra_trees [occupancy],9.0,0.06862002889794692,0.07859971537356829,738,36
rho_W5_k5,time_respecting,budget,400,hist_gradient_boosting [occupancy],10.0,0.07001604553978989,0.08025143392166818,738,36
rho_W5_k5,time_respecting,budget,400,ridge [patterns],11.0,0.07392804390754008,0.08247034376103413,738,36
rho_W5_k5,time_respecting,budget,400,occ_mle,12.0,0.07746172728834821,0.08377859419281866,738,36
rho_W5_k5,time_respecting,budget,400,mask_mle,13.0,0.07849686384691731,0.08580819831518056,738,36
rho_W5_k5,time_respecting,budget,400,plugin,14.0,0.07853236274673654,0.08582129545724698,738,36
rho_W5_k5,time_respecting,budget,400,ridge [occupancy],15.0,0.07737574906301838,0.08655043260679753,738,36
rho_W5_k5,time_respecting,budget,400,extra_trees [crawl],16.0,0.09999339751125454,0.09871003274368334,738,36
rho_W5_k5,time_respecting,budget,400,random_forest [crawl],17.0,0.09984589493105209,0.09912597429023769,738,36
rho_W5_k5,time_respecting,budget,400,hist_gradient_boosting [crawl],18.0,0.0992581832613815,0.0991593371389019,738,36
rho_W5_k5,time_respecting,budget,400,ridge [crawl],19.0,0.10582279211094846,0.10997562233947128,738,36
rho_W5_k5,time_respecting,budget,400,mean_floor,20.0,0.11092091078175108,0.1129660229420732,738,36
rho_W5_k5,time_respecting,coverage_band,high(>.15),random_forest [combined],1.0,0.026111993207327353,0.03217037443418139,912,28
rho_W5_k5,time_respecting,coverage_band,high(>.15),extra_trees [combined],2.0,0.0284758282793426,0.0332807940744106,912,28
rho_W5_k5,time_respecting,coverage_band,high(>.15),random_forest [patterns],3.0,0.02743711469448297,0.034980163959388404,912,28
rho_W5_k5,time_respecting,coverage_band,high(>.15),extra_trees [patterns],4.0,0.029728377128663504,0.036316961031032546,912,28
rho_W5_k5,time_respecting,coverage_band,high(>.15),hist_gradient_boosting [combined],5.0,0.028596669850016476,0.03643838465077546,912,28
rho_W5_k5,time_respecting,coverage_band,high(>.15),hist_gradient_boosting [patterns],6.0,0.028328656283514345,0.03789816720059301,912,28
rho_W5_k5,time_respecting,coverage_band,high(>.15),random_forest [occupancy],7.0,0.06370482423560453,0.08493394922358632,912,28
rho_W5_k5,time_respecting,coverage_band,high(>.15),extra_trees [occupancy],8.0,0.06473710951288054,0.08818129392021001,912,28
rho_W5_k5,time_respecting,coverage_band,high(>.15),hist_gradient_boosting [occupancy],9.0,0.0657342781248133,0.08832341167446668,912,28
rho_W5_k5,time_respecting,coverage_band,high(>.15),extra_trees [crawl],10.0,0.09177522558272692,0.10186143039433028,912,28
rho_W5_k5,time_respecting,coverage_band,high(>.15),ridge [combined],11.0,0.08581583789479613,0.11023910389078584,912,28
rho_W5_k5,time_respecting,coverage_band,high(>.15),ridge [patterns],12.0,0.09059156271514626,0.11665870611223864,912,28
rho_W5_k5,time_respecting,coverage_band,high(>.15),ridge [occupancy],13.0,0.09410445738013956,0.11805056821229806,912,28
rho_W5_k5,time_respecting,coverage_band,high(>.15),hist_gradient_boosting [crawl],14.0,0.10413092293258928,0.12033618690208077,912,28
rho_W5_k5,time_respecting,coverage_band,high(>.15),random_forest [crawl],15.0,0.10887139696292954,0.12265162442775697,912,28
rho_W5_k5,time_respecting,coverage_band,high(>.15),occ_mle,16.0,0.1248125935284527,0.14321744949509846,912,28
rho_W5_k5,time_respecting,coverage_band,high(>.15),ridge [crawl],17.0,0.12875742461197937,0.14547948458098686,912,28
rho_W5_k5,time_respecting,coverage_band,high(>.15),mask_mle,18.0,0.12935184011515724,0.14935024306661177,912,28
rho_W5_k5,time_respecting,coverage_band,high(>.15),plugin,19.0,0.1298664737531967,0.1499364367386742,912,28
rho_W5_k5,time_respecting,coverage_band,high(>.15),mean_floor,20.0,0.14567143239494665,0.15325236844411944,912,28
rho_W5_k5,time_respecting,coverage_band,low(<.02),plugin,1.0,0.05135334335858184,0.04357021886212023,533,30
rho_W5_k5,time_respecting,coverage_band,low(<.02),mask_mle,2.0,0.05132846821123273,0.043716801288929075,533,30
rho_W5_k5,time_respecting,coverage_band,low(<.02),random_forest [patterns],3.0,0.05381014012222159,0.0500273948983585,533,30
rho_W5_k5,time_respecting,coverage_band,low(<.02),extra_trees [patterns],4.0,0.05456585129247981,0.05059442856228287,533,30
rho_W5_k5,time_respecting,coverage_band,low(<.02),extra_trees [combined],5.0,0.05556384824081146,0.05239384014037955,533,30
rho_W5_k5,time_respecting,coverage_band,low(<.02),random_forest [combined],6.0,0.054989170301916586,0.05253281172881099,533,30
rho_W5_k5,time_respecting,coverage_band,low(<.02),hist_gradient_boosting [patterns],7.0,0.055668009374434016,0.053018218650680154,533,30
rho_W5_k5,time_respecting,coverage_band,low(<.02),hist_gradient_boosting [combined],8.0,0.05836142495886944,0.056339648695637866,533,30
rho_W5_k5,time_respecting,coverage_band,low(<.02),occ_mle,9.0,0.062100961396831335,0.06015166967495656,533,30
rho_W5_k5,time_respecting,coverage_band,low(<.02),ridge [patterns],10.0,0.06348625043674695,0.06685350286023045,533,30
rho_W5_k5,time_respecting,coverage_band,low(<.02),ridge [combined],11.0,0.06515729329398774,0.0672005179859437,533,30
rho_W5_k5,time_respecting,coverage_band,low(<.02),ridge [occupancy],12.0,0.07242741172474206,0.07132701337560492,533,30
rho_W5_k5,time_respecting,coverage_band,low(<.02),hist_gradient_boosting [occupancy],13.0,0.07672661836810034,0.07385497354612203,533,30
rho_W5_k5,time_respecting,coverage_band,low(<.02),random_forest [occupancy],14.0,0.07514273987273966,0.07448172833107293,533,30
rho_W5_k5,time_respecting,coverage_band,low(<.02),extra_trees [occupancy],15.0,0.07486617226626616,0.07520940698135872,533,30
rho_W5_k5,time_respecting,coverage_band,low(<.02),extra_trees [crawl],16.0,0.08681550275794757,0.08824820411311865,533,30
rho_W5_k5,time_respecting,coverage_band,low(<.02),mean_floor,17.0,0.08903738287930658,0.08848742415699011,533,30
rho_W5_k5,time_respecting,coverage_band,low(<.02),random_forest [crawl],18.0,0.08846399465441826,0.08975341013244707,533,30
rho_W5_k5,time_respecting,coverage_band,low(<.02),hist_gradient_boosting [crawl],19.0,0.0904263753444128,0.09031055410465855,533,30
rho_W5_k5,time_respecting,coverage_band,low(<.02),ridge [crawl],20.0,0.08944567036500725,0.09172885914808947,533,30
rho_W5_k5,time_respecting,coverage_band,mid,random_forest [combined],1.0,0.04057253585899056,0.04880062326872512,1507,36
rho_W5_k5,time_respecting,coverage_band,mid,extra_trees [combined],2.0,0.040411744173149744,0.048976832927438374,1507,36
rho_W5_k5,time_respecting,coverage_band,mid,random_forest [patterns],3.0,0.04047985099422587,0.04936950976735034,1507,36
rho_W5_k5,time_respecting,coverage_band,mid,hist_gradient_boosting [combined],4.0,0.0427116993077434,0.04982596630666396,1507,36
rho_W5_k5,time_respecting,coverage_band,mid,extra_trees [patterns],5.0,0.04214114231357803,0.05108218012426067,1507,36
rho_W5_k5,time_respecting,coverage_band,mid,hist_gradient_boosting [patterns],6.0,0.04511142843500492,0.05308302838690235,1507,36
rho_W5_k5,time_respecting,coverage_band,mid,random_forest [occupancy],7.0,0.053015001242719774,0.06986361946400915,1507,36
rho_W5_k5,time_respecting,coverage_band,mid,extra_trees [occupancy],8.0,0.053380642926442276,0.07117745270540977,1507,36
rho_W5_k5,time_respecting,coverage_band,mid,hist_gradient_boosting [occupancy],9.0,0.054508038288069674,0.07284935942184903,1507,36
rho_W5_k5,time_respecting,coverage_band,mid,occ_mle,10.0,0.05617479571525689,0.07340778300303538,1507,36
rho_W5_k5,time_respecting,coverage_band,mid,mask_mle,11.0,0.05689383941022575,0.07489272576895654,1507,36
rho_W5_k5,time_respecting,coverage_band,mid,plugin,12.0,0.05703164013795203,0.07501852446074014,1507,36
rho_W5_k5,time_respecting,coverage_band,mid,ridge [combined],13.0,0.06561768085641431,0.07864605282257352,1507,36
rho_W5_k5,time_respecting,coverage_band,mid,ridge [patterns],14.0,0.06456264232143008,0.08045659969512879,1507,36
rho_W5_k5,time_respecting,coverage_band,mid,ridge [occupancy],15.0,0.06538291605130869,0.08292512533401776,1507,36
rho_W5_k5,time_respecting,coverage_band,mid,extra_trees [crawl],16.0,0.08666486863907606,0.0907342862700109,1507,36
rho_W5_k5,time_respecting,coverage_band,mid,random_forest [crawl],17.0,0.08669214925565731,0.09138319992286698,1507,36
rho_W5_k5,time_respecting,coverage_band,mid,hist_gradient_boosting [crawl],18.0,0.08916795608327749,0.09346520598662407,1507,36
rho_W5_k5,time_respecting,coverage_band,mid,ridge [crawl],19.0,0.09135323169511633,0.10167281819516473,1507,36
rho_W5_k5,time_respecting,coverage_band,mid,mean_floor,20.0,0.09763056218239381,0.10561888554936938,1507,36
rho_W5_k5,time_respecting,data_block,mechanistic_activity,extra_trees [crawl],1.0,0.015886256903040474,0.015886256903040474,216,6
rho_W5_k5,time_respecting,data_block,mechanistic_activity,random_forest [crawl],2.0,0.020767255420166823,0.02076725542016682,216,6
rho_W5_k5,time_respecting,data_block,mechanistic_activity,random_forest [combined],3.0,0.02140985911897728,0.02140985911897728,216,6
rho_W5_k5,time_respecting,data_block,mechanistic_activity,extra_trees [combined],4.0,0.022023594342457903,0.0220235943424579,216,6
rho_W5_k5,time_respecting,data_block,mechanistic_activity,random_forest [patterns],5.0,0.023903982160281858,0.023903982160281858,216,6
rho_W5_k5,time_respecting,data_block,mechanistic_activity,extra_trees [patterns],6.0,0.026187283093513276,0.026187283093513272,216,6
rho_W5_k5,time_respecting,data_block,mechanistic_activity,hist_gradient_boosting [combined],7.0,0.026379838432423034,0.026379838432423034,216,6
rho_W5_k5,time_respecting,data_block,mechanistic_activity,mask_mle,8.0,0.02675528600320001,0.026755286003200016,216,6
rho_W5_k5,time_respecting,data_block,mechanistic_activity,plugin,9.0,0.026890420174260403,0.026890420174260406,216,6
rho_W5_k5,time_respecting,data_block,mechanistic_activity,hist_gradient_boosting [crawl],10.0,0.028132887073269705,0.0281328870732697,216,6
rho_W5_k5,time_respecting,data_block,mechanistic_activity,hist_gradient_boosting [patterns],11.0,0.030207660038290406,0.03020766003829041,216,6
rho_W5_k5,time_respecting,data_block,mechanistic_activity,occ_mle,12.0,0.042944076723574316,0.042944076723574316,216,6
rho_W5_k5,time_respecting,data_block,mechanistic_activity,mean_floor,13.0,0.0514175125750977,0.05141751257509769,216,6
rho_W5_k5,time_respecting,data_block,mechanistic_activity,ridge [crawl],14.0,0.05691025786491654,0.05691025786491654,216,6
rho_W5_k5,time_respecting,data_block,mechanistic_activity,ridge [combined],15.0,0.06981828592604941,0.06981828592604943,216,6
rho_W5_k5,time_respecting,data_block,mechanistic_activity,random_forest [occupancy],16.0,0.08298245943912991,0.08298245943912992,216,6
rho_W5_k5,time_respecting,data_block,mechanistic_activity,extra_trees [occupancy],17.0,0.08522228322292238,0.0852222832229224,216,6
rho_W5_k5,time_respecting,data_block,mechanistic_activity,ridge [patterns],18.0,0.08604298931587849,0.08604298931587849,216,6
rho_W5_k5,time_respecting,data_block,mechanistic_activity,hist_gradient_boosting [occupancy],19.0,0.09161286269264578,0.09161286269264578,216,6
rho_W5_k5,time_respecting,data_block,mechanistic_activity,ridge [occupancy],20.0,0.0961771374614897,0.0961771374614897,216,6
rho_W5_k5,time_respecting,data_block,mechanistic_dar,hist_gradient_boosting [combined],1.0,0.07432252282072413,0.07432252282072413,864,12
rho_W5_k5,time_respecting,data_block,mechanistic_dar,random_forest [combined],2.0,0.0750245366277388,0.0750245366277388,864,12
rho_W5_k5,time_respecting,data_block,mechanistic_dar,random_forest [patterns],3.0,0.07565367385495046,0.07565367385495046,864,12
rho_W5_k5,time_respecting,data_block,mechanistic_dar,hist_gradient_boosting [patterns],4.0,0.07620488607809435,0.07620488607809434,864,12
rho_W5_k5,time_respecting,data_block,mechanistic_dar,extra_trees [combined],5.0,0.07691975939161216,0.07691975939161218,864,12
rho_W5_k5,time_respecting,data_block,mechanistic_dar,extra_trees [patterns],6.0,0.07698704581758699,0.07698704581758699,864,12
rho_W5_k5,time_respecting,data_block,mechanistic_dar,random_forest [occupancy],7.0,0.12177526128425742,0.12177526128425743,864,12
rho_W5_k5,time_respecting,data_block,mechanistic_dar,hist_gradient_boosting [occupancy],8.0,0.12286833727542922,0.12286833727542922,864,12
rho_W5_k5,time_respecting,data_block,mechanistic_dar,extra_trees [occupancy],9.0,0.12359950281905764,0.12359950281905764,864,12
rho_W5_k5,time_respecting,data_block,mechanistic_dar,ridge [combined],10.0,0.13598085327267084,0.13598085327267087,864,12
rho_W5_k5,time_respecting,data_block,mechanistic_dar,ridge [patterns],11.0,0.1413879860167748,0.1413879860167748,864,12
rho_W5_k5,time_respecting,data_block,mechanistic_dar,ridge [occupancy],12.0,0.14782797965776698,0.14782797965776698,864,12
rho_W5_k5,time_respecting,data_block,mechanistic_dar,extra_trees [crawl],13.0,0.1664001750994552,0.16640017509945523,864,12
rho_W5_k5,time_respecting,data_block,mechanistic_dar,hist_gradient_boosting [crawl],14.0,0.17147901985602834,0.17147901985602834,864,12
rho_W5_k5,time_respecting,data_block,mechanistic_dar,random_forest [crawl],15.0,0.17910726178383457,0.1791072617838346,864,12
rho_W5_k5,time_respecting,data_block,mechanistic_dar,ridge [crawl],16.0,0.1924799284409167,0.19247992844091666,864,12
rho_W5_k5,time_respecting,data_block,mechanistic_dar,mean_floor,17.0,0.19687601613076064,0.19687601613076064,864,12
rho_W5_k5,time_respecting,data_block,mechanistic_dar,occ_mle,18.0,0.1989520909064787,0.1989520909064787,864,12
rho_W5_k5,time_respecting,data_block,mechanistic_dar,mask_mle,19.0,0.21447689000358505,0.21447689000358505,864,12
rho_W5_k5,time_respecting,data_block,mechanistic_dar,plugin,20.0,0.21498495597819078,0.2149849559781908,864,12
rho_W5_k5,time_respecting,data_block,real_controlled,mask_mle,1.0,0.00918016803811671,0.00918016803811671,432,6
rho_W5_k5,time_respecting,data_block,real_controlled,plugin,2.0,0.009210335826172318,0.00921033582617232,432,6
rho_W5_k5,time_respecting,data_block,real_controlled,occ_mle,3.0,0.013112529409899766,0.013112529409899765,432,6
rho_W5_k5,time_respecting,data_block,real_controlled,extra_trees [occupancy],4.0,0.019068178595895095,0.0190681785958951,432,6
rho_W5_k5,time_respecting,data_block,real_controlled,random_forest [occupancy],5.0,0.020316862966223568,0.020316862966223568,432,6
rho_W5_k5,time_respecting,data_block,real_controlled,hist_gradient_boosting [occupancy],6.0,0.02192558002001923,0.021925580020019226,432,6
rho_W5_k5,time_respecting,data_block,real_controlled,random_forest [patterns],7.0,0.02216081990224061,0.02216081990224061,432,6
rho_W5_k5,time_respecting,data_block,real_controlled,random_forest [combined],8.0,0.02285766330474073,0.022857663304740733,432,6
rho_W5_k5,time_respecting,data_block,real_controlled,extra_trees [combined],9.0,0.026861745509564623,0.026861745509564623,432,6
rho_W5_k5,time_respecting,data_block,real_controlled,extra_trees [patterns],10.0,0.027989907381594504,0.027989907381594504,432,6
rho_W5_k5,time_respecting,data_block,real_controlled,ridge [occupancy],11.0,0.0285487860239148,0.028548786023914797,432,6
rho_W5_k5,time_respecting,data_block,real_controlled,hist_gradient_boosting [combined],12.0,0.033239287378751654,0.033239287378751654,432,6
rho_W5_k5,time_respecting,data_block,real_controlled,ridge [patterns],13.0,0.03373608690132078,0.03373608690132079,432,6
rho_W5_k5,time_respecting,data_block,real_controlled,hist_gradient_boosting [patterns],14.0,0.03466667630407278,0.03466667630407278,432,6
rho_W5_k5,time_respecting,data_block,real_controlled,ridge [combined],15.0,0.03960988539320113,0.03960988539320113,432,6
rho_W5_k5,time_respecting,data_block,real_controlled,ridge [crawl],16.0,0.06003894638634116,0.06003894638634116,432,6
rho_W5_k5,time_respecting,data_block,real_controlled,mean_floor,17.0,0.06895843804744693,0.06895843804744693,432,6
rho_W5_k5,time_respecting,data_block,real_controlled,extra_trees [crawl],18.0,0.07004223563062177,0.07004223563062177,432,6
rho_W5_k5,time_respecting,data_block,real_controlled,hist_gradient_boosting [crawl],19.0,0.07303152471779294,0.07303152471779294,432,6
rho_W5_k5,time_respecting,data_block,real_controlled,random_forest [crawl],20.0,0.07444542818387173,0.07444542818387175,432,6
rho_W5_k5,time_respecting,data_block,real_empirical,mask_mle,1.0,0.017211006436563592,0.017211006436563592,72,6
rho_W5_k5,time_respecting,data_block,real_empirical,plugin,2.0,0.01740812776240484,0.01740812776240484,72,6
rho_W5_k5,time_respecting,data_block,real_empirical,occ_mle,3.0,0.019767622761157153,0.019767622761157153,72,6
rho_W5_k5,time_respecting,data_block,real_empirical,extra_trees [occupancy],4.0,0.04028439014894167,0.04028439014894167,72,6
rho_W5_k5,time_respecting,data_block,real_empirical,random_forest [occupancy],5.0,0.040706430594709915,0.040706430594709915,72,6
rho_W5_k5,time_respecting,data_block,real_empirical,hist_gradient_boosting [occupancy],6.0,0.041183013687397664,0.04118301368739767,72,6
rho_W5_k5,time_respecting,data_block,real_empirical,random_forest [patterns],7.0,0.04213526767113223,0.04213526767113224,72,6
rho_W5_k5,time_respecting,data_block,real_empirical,extra_trees [combined],8.0,0.043070611282520196,0.0430706112825202,72,6
rho_W5_k5,time_respecting,data_block,real_empirical,extra_trees [patterns],9.0,0.04540130283284325,0.045401302832843264,72,6
rho_W5_k5,time_respecting,data_block,real_empirical,random_forest [combined],10.0,0.04695335570143349,0.046953355701433476,72,6
rho_W5_k5,time_respecting,data_block,real_empirical,hist_gradient_boosting [combined],11.0,0.04911425416126572,0.049114254161265726,72,6
rho_W5_k5,time_respecting,data_block,real_empirical,ridge [occupancy],12.0,0.0509229279603626,0.0509229279603626,72,6
rho_W5_k5,time_respecting,data_block,real_empirical,hist_gradient_boosting [crawl],13.0,0.051142682929567224,0.05114268292956723,72,6
rho_W5_k5,time_respecting,data_block,real_empirical,hist_gradient_boosting [patterns],14.0,0.05176288495230569,0.05176288495230569,72,6
rho_W5_k5,time_respecting,data_block,real_empirical,ridge [crawl],15.0,0.05442597954254205,0.054425979542542045,72,6
rho_W5_k5,time_respecting,data_block,real_empirical,random_forest [crawl],16.0,0.056908272423846995,0.056908272423846995,72,6
rho_W5_k5,time_respecting,data_block,real_empirical,mean_floor,17.0,0.06075028126876002,0.06075028126876001,72,6
rho_W5_k5,time_respecting,data_block,real_empirical,extra_trees [crawl],18.0,0.06672608021615023,0.06672608021615023,72,6
rho_W5_k5,time_respecting,data_block,real_empirical,ridge [patterns],19.0,0.06705912911534936,0.06705912911534936,72,6
rho_W5_k5,time_respecting,data_block,real_empirical,ridge [combined],20.0,0.07010899928027883,0.07010899928027882,72,6
rho_W5_k5,time_respecting,data_block,real_shuffle,extra_trees [combined],1.0,0.10042191665507863,0.10042191665507862,216,6
rho_W5_k5,time_respecting,data_block,real_shuffle,random_forest [patterns],2.0,0.10197808310892634,0.10197808310892635,216,6
rho_W5_k5,time_respecting,data_block,real_shuffle,hist_gradient_boosting [patterns],3.0,0.1021852536871982,0.1021852536871982,216,6
rho_W5_k5,time_respecting,data_block,real_shuffle,extra_trees [patterns],4.0,0.1040079976215621,0.10400799762156211,216,6
rho_W5_k5,time_respecting,data_block,real_shuffle,random_forest [combined],5.0,0.10421634609873663,0.10421634609873665,216,6
rho_W5_k5,time_respecting,data_block,real_shuffle,hist_gradient_boosting [combined],6.0,0.11033176004906196,0.11033176004906198,216,6
rho_W5_k5,time_respecting,data_block,real_shuffle,mean_floor,7.0,0.12513281053353767,0.12513281053353767,216,6
rho_W5_k5,time_respecting,data_block,real_shuffle,ridge [patterns],8.0,0.13197232051381025,0.13197232051381025,216,6
rho_W5_k5,time_respecting,data_block,real_shuffle,mask_mle,9.0,0.13359915288842975,0.13359915288842975,216,6
rho_W5_k5,time_respecting,data_block,real_shuffle,plugin,10.0,0.13431685592649595,0.13431685592649592,216,6
rho_W5_k5,time_respecting,data_block,real_shuffle,ridge [occupancy],11.0,0.13740492391563078,0.13740492391563075,216,6
rho_W5_k5,time_respecting,data_block,real_shuffle,occ_mle,12.0,0.1384945310353604,0.13849453103536039,216,6
rho_W5_k5,time_respecting,data_block,real_shuffle,hist_gradient_boosting [occupancy],13.0,0.1397345507764937,0.1397345507764937,216,6
rho_W5_k5,time_respecting,data_block,real_shuffle,extra_trees [occupancy],14.0,0.1444929451326407,0.14449294513264066,216,6
rho_W5_k5,time_respecting,data_block,real_shuffle,random_forest [occupancy],15.0,0.14684932954005347,0.1468493295400535,216,6
rho_W5_k5,time_respecting,data_block,real_shuffle,ridge [combined],16.0,0.14904480312153204,0.14904480312153204,216,6
rho_W5_k5,time_respecting,data_block,real_shuffle,ridge [crawl],17.0,0.1496424966017005,0.14964249660170056,216,6
rho_W5_k5,time_respecting,data_block,real_shuffle,random_forest [crawl],18.0,0.19065753248206382,0.19065753248206382,216,6
rho_W5_k5,time_respecting,data_block,real_shuffle,extra_trees [crawl],19.0,0.19249614558349193,0.19249614558349193,216,6
rho_W5_k5,time_respecting,data_block,real_shuffle,hist_gradient_boosting [crawl],20.0,0.20147849934091452,0.20147849934091455,216,6
rho_W5_k5,time_respecting,data_block,synthetic_controlled,mask_mle,1.0,0.00513572127884737,0.00513572127884737,1152,12
rho_W5_k5,time_respecting,data_block,synthetic_controlled,plugin,2.0,0.005170324550532483,0.005170324550532484,1152,12
rho_W5_k5,time_respecting,data_block,synthetic_controlled,extra_trees [combined],3.0,0.007702885772357145,0.007702885772357143,1152,12
rho_W5_k5,time_respecting,data_block,synthetic_controlled,random_forest [combined],4.0,0.007859865437464527,0.007859865437464525,1152,12
rho_W5_k5,time_respecting,data_block,synthetic_controlled,random_forest [patterns],5.0,0.008284787288103605,0.008284787288103605,1152,12
rho_W5_k5,time_respecting,data_block,synthetic_controlled,extra_trees [patterns],6.0,0.00842279351834198,0.00842279351834198,1152,12
rho_W5_k5,time_respecting,data_block,synthetic_controlled,hist_gradient_boosting [combined],7.0,0.008605355752364128,0.008605355752364126,1152,12
rho_W5_k5,time_respecting,data_block,synthetic_controlled,hist_gradient_boosting [patterns],8.0,0.008983405696689522,0.008983405696689524,1152,12
rho_W5_k5,time_respecting,data_block,synthetic_controlled,random_forest [occupancy],9.0,0.009963756036884146,0.009963756036884147,1152,12
rho_W5_k5,time_respecting,data_block,synthetic_controlled,extra_trees [occupancy],10.0,0.010279647204164506,0.010279647204164506,1152,12
rho_W5_k5,time_respecting,data_block,synthetic_controlled,occ_mle,11.0,0.011641569012451898,0.011641569012451896,1152,12
rho_W5_k5,time_respecting,data_block,synthetic_controlled,hist_gradient_boosting [occupancy],12.0,0.012519314818317973,0.012519314818317973,1152,12
rho_W5_k5,time_respecting,data_block,synthetic_controlled,ridge [combined],13.0,0.02166451704553623,0.021664517045536225,1152,12
rho_W5_k5,time_respecting,data_block,synthetic_controlled,ridge [patterns],14.0,0.02178889321008048,0.02178889321008048,1152,12
rho_W5_k5,time_respecting,data_block,synthetic_controlled,ridge [occupancy],15.0,0.02498481251046091,0.024984812510460908,1152,12
rho_W5_k5,time_respecting,data_block,synthetic_controlled,extra_trees [crawl],16.0,0.03188606940061537,0.03188606940061538,1152,12
rho_W5_k5,time_respecting,data_block,synthetic_controlled,random_forest [crawl],17.0,0.03508059301320119,0.03508059301320119,1152,12
rho_W5_k5,time_respecting,data_block,synthetic_controlled,hist_gradient_boosting [crawl],18.0,0.038676167639327214,0.038676167639327214,1152,12
rho_W5_k5,time_respecting,data_block,synthetic_controlled,ridge [crawl],19.0,0.053816914246102965,0.053816914246102965,1152,12
rho_W5_k5,time_respecting,data_block,synthetic_controlled,mean_floor,20.0,0.07381832935020746,0.07381832935020748,1152,12
rho_W5_k5,time_respecting,domain,controlled,mask_mle,1.0,0.00513572127884737,0.00513572127884737,1152,12
rho_W5_k5,time_respecting,domain,controlled,plugin,2.0,0.005170324550532483,0.005170324550532484,1152,12
rho_W5_k5,time_respecting,domain,controlled,extra_trees [combined],3.0,0.007702885772357145,0.007702885772357143,1152,12
rho_W5_k5,time_respecting,domain,controlled,random_forest [combined],4.0,0.007859865437464527,0.007859865437464525,1152,12
rho_W5_k5,time_respecting,domain,controlled,random_forest [patterns],5.0,0.008284787288103605,0.008284787288103605,1152,12
rho_W5_k5,time_respecting,domain,controlled,extra_trees [patterns],6.0,0.00842279351834198,0.00842279351834198,1152,12
rho_W5_k5,time_respecting,domain,controlled,hist_gradient_boosting [combined],7.0,0.008605355752364128,0.008605355752364126,1152,12
rho_W5_k5,time_respecting,domain,controlled,hist_gradient_boosting [patterns],8.0,0.008983405696689522,0.008983405696689524,1152,12
rho_W5_k5,time_respecting,domain,controlled,random_forest [occupancy],9.0,0.009963756036884146,0.009963756036884147,1152,12
rho_W5_k5,time_respecting,domain,controlled,extra_trees [occupancy],10.0,0.010279647204164506,0.010279647204164506,1152,12
rho_W5_k5,time_respecting,domain,controlled,occ_mle,11.0,0.011641569012451898,0.011641569012451896,1152,12
rho_W5_k5,time_respecting,domain,controlled,hist_gradient_boosting [occupancy],12.0,0.012519314818317973,0.012519314818317973,1152,12
rho_W5_k5,time_respecting,domain,controlled,ridge [combined],13.0,0.02166451704553623,0.021664517045536225,1152,12
rho_W5_k5,time_respecting,domain,controlled,ridge [patterns],14.0,0.02178889321008048,0.02178889321008048,1152,12
rho_W5_k5,time_respecting,domain,controlled,ridge [occupancy],15.0,0.02498481251046091,0.024984812510460908,1152,12
rho_W5_k5,time_respecting,domain,controlled,extra_trees [crawl],16.0,0.03188606940061537,0.03188606940061538,1152,12
rho_W5_k5,time_respecting,domain,controlled,random_forest [crawl],17.0,0.03508059301320119,0.03508059301320119,1152,12
rho_W5_k5,time_respecting,domain,controlled,hist_gradient_boosting [crawl],18.0,0.038676167639327214,0.038676167639327214,1152,12
rho_W5_k5,time_respecting,domain,controlled,ridge [crawl],19.0,0.053816914246102965,0.053816914246102965,1152,12
rho_W5_k5,time_respecting,domain,controlled,mean_floor,20.0,0.07381832935020746,0.07381832935020748,1152,12
rho_W5_k5,time_respecting,domain,email,random_forest [combined],1.0,0.01170941920270086,0.01170941920270086,120,1
rho_W5_k5,time_respecting,domain,email,extra_trees [combined],2.0,0.01270971786457067,0.012709717864570673,120,1
rho_W5_k5,time_respecting,domain,email,hist_gradient_boosting [combined],3.0,0.014018592604486983,0.014018592604486981,120,1
rho_W5_k5,time_respecting,domain,email,hist_gradient_boosting [patterns],4.0,0.014032276179268506,0.014032276179268506,120,1
rho_W5_k5,time_respecting,domain,email,random_forest [patterns],5.0,0.015345000985720036,0.015345000985720036,120,1
rho_W5_k5,time_respecting,domain,email,extra_trees [patterns],6.0,0.01658780565167525,0.01658780565167525,120,1
rho_W5_k5,time_respecting,domain,email,ridge [patterns],7.0,0.029922854521847606,0.029922854521847606,120,1
rho_W5_k5,time_respecting,domain,email,ridge [combined],8.0,0.03096258515310114,0.030962585153101144,120,1
rho_W5_k5,time_respecting,domain,email,mask_mle,9.0,0.03292322533571158,0.03292322533571158,120,1
rho_W5_k5,time_respecting,domain,email,random_forest [crawl],10.0,0.03337171093063783,0.03337171093063783,120,1
rho_W5_k5,time_respecting,domain,email,occ_mle,11.0,0.03364402596645363,0.03364402596645364,120,1
rho_W5_k5,time_respecting,domain,email,plugin,12.0,0.034011426442573205,0.034011426442573205,120,1
rho_W5_k5,time_respecting,domain,email,ridge [crawl],13.0,0.03447049493074723,0.03447049493074723,120,1
rho_W5_k5,time_respecting,domain,email,mean_floor,14.0,0.04339131441443403,0.04339131441443403,120,1
rho_W5_k5,time_respecting,domain,email,extra_trees [crawl],15.0,0.046710976063869224,0.046710976063869224,120,1
rho_W5_k5,time_respecting,domain,email,extra_trees [occupancy],16.0,0.05822645720257313,0.058226457202573134,120,1
rho_W5_k5,time_respecting,domain,email,hist_gradient_boosting [crawl],17.0,0.06332075129422769,0.0633207512942277,120,1
rho_W5_k5,time_respecting,domain,email,ridge [occupancy],18.0,0.06398855246735917,0.06398855246735918,120,1
rho_W5_k5,time_respecting,domain,email,hist_gradient_boosting [occupancy],19.0,0.06420465666636715,0.06420465666636715,120,1
rho_W5_k5,time_respecting,domain,email,random_forest [occupancy],20.0,0.0645799404230213,0.0645799404230213,120,1
rho_W5_k5,time_respecting,domain,mechanistic,random_forest [combined],1.0,0.0643016011259865,0.05715297745815162,1080,18
rho_W5_k5,time_respecting,domain,mechanistic,hist_gradient_boosting [combined],2.0,0.06473398594306391,0.058341628024623775,1080,18
rho_W5_k5,time_respecting,domain,mechanistic,random_forest [patterns],3.0,0.06530373551601674,0.05840377662339426,1080,18
rho_W5_k5,time_respecting,domain,mechanistic,extra_trees [combined],4.0,0.06594052638178133,0.05862103770856074,1080,18
rho_W5_k5,time_respecting,domain,mechanistic,extra_trees [patterns],5.0,0.06682709327277224,0.06005379157622908,1080,18
rho_W5_k5,time_respecting,domain,mechanistic,hist_gradient_boosting [patterns],6.0,0.06700544087013356,0.060872477398159694,1080,18
rho_W5_k5,time_respecting,domain,mechanistic,random_forest [occupancy],7.0,0.11401670091523192,0.1088443273358816,1080,18
rho_W5_k5,time_respecting,domain,mechanistic,extra_trees [occupancy],8.0,0.11592405889983061,0.11080709628701257,1080,18
rho_W5_k5,time_respecting,domain,mechanistic,hist_gradient_boosting [occupancy],9.0,0.11661724235887251,0.11244984574783473,1080,18
rho_W5_k5,time_respecting,domain,mechanistic,ridge [combined],10.0,0.12274833980334655,0.11392666415713038,1080,18
rho_W5_k5,time_respecting,domain,mechanistic,extra_trees [crawl],11.0,0.13629739146017225,0.11622886903398363,1080,18
rho_W5_k5,time_respecting,domain,mechanistic,ridge [patterns],12.0,0.13031898667659556,0.1229396537831427,1080,18
rho_W5_k5,time_respecting,domain,mechanistic,hist_gradient_boosting [crawl],13.0,0.14280979329947663,0.1236969755951088,1080,18
rho_W5_k5,time_respecting,domain,mechanistic,random_forest [crawl],14.0,0.147439260511101,0.12632725966261196,1080,18
rho_W5_k5,time_respecting,domain,mechanistic,ridge [occupancy],15.0,0.13749781121851154,0.1306110322590079,1080,18
rho_W5_k5,time_respecting,domain,mechanistic,occ_mle,16.0,0.1677504880698978,0.14694941951217724,1080,18
rho_W5_k5,time_respecting,domain,mechanistic,ridge [crawl],17.0,0.16536599432571666,0.14729003824891665,1080,18
rho_W5_k5,time_respecting,domain,mechanistic,mean_floor,18.0,0.16778431541962807,0.148389848278873,1080,18
rho_W5_k5,time_respecting,domain,mechanistic,mask_mle,19.0,0.17693256920350803,0.1519030220034567,1080,18
rho_W5_k5,time_respecting,domain,mechanistic,plugin,20.0,0.17736604881740473,0.15228677737688068,1080,18
rho_W5_k5,time_respecting,domain,messaging,hist_gradient_boosting [patterns],1.0,0.010400953621962725,0.010400953621962725,120,1
rho_W5_k5,time_respecting,domain,messaging,mask_mle,2.0,0.01094712554630467,0.010947125546304668,120,1
rho_W5_k5,time_respecting,domain,messaging,plugin,3.0,0.011136002312472852,0.01113600231247285,120,1
rho_W5_k5,time_respecting,domain,messaging,random_forest [combined],4.0,0.011979580506761086,0.011979580506761086,120,1
rho_W5_k5,time_respecting,domain,messaging,random_forest [patterns],5.0,0.012439471397446215,0.012439471397446215,120,1
rho_W5_k5,time_respecting,domain,messaging,hist_gradient_boosting [combined],6.0,0.012901255779814203,0.012901255779814205,120,1
rho_W5_k5,time_respecting,domain,messaging,ridge [combined],7.0,0.014957482326421636,0.014957482326421636,120,1
rho_W5_k5,time_respecting,domain,messaging,ridge [patterns],8.0,0.01521745934207135,0.01521745934207135,120,1
rho_W5_k5,time_respecting,domain,messaging,extra_trees [patterns],9.0,0.015698858393756846,0.015698858393756846,120,1
rho_W5_k5,time_respecting,domain,messaging,extra_trees [combined],10.0,0.01589741926640346,0.01589741926640346,120,1
rho_W5_k5,time_respecting,domain,messaging,occ_mle,11.0,0.031931751665547396,0.031931751665547396,120,1
rho_W5_k5,time_respecting,domain,messaging,ridge [crawl],12.0,0.0421011774173606,0.042101177417360594,120,1
rho_W5_k5,time_respecting,domain,messaging,hist_gradient_boosting [crawl],13.0,0.044025055806015345,0.044025055806015345,120,1
rho_W5_k5,time_respecting,domain,messaging,mean_floor,14.0,0.0720337089273349,0.0720337089273349,120,1
rho_W5_k5,time_respecting,domain,messaging,hist_gradient_boosting [occupancy],15.0,0.07644781099116135,0.07644781099116135,120,1
rho_W5_k5,time_respecting,domain,messaging,extra_trees [occupancy],16.0,0.07657281271963821,0.07657281271963821,120,1
rho_W5_k5,time_respecting,domain,messaging,extra_trees [crawl],17.0,0.07791597373341101,0.07791597373341103,120,1
rho_W5_k5,time_respecting,domain,messaging,random_forest [occupancy],18.0,0.07934907957829981,0.07934907957829981,120,1
rho_W5_k5,time_respecting,domain,messaging,random_forest [crawl],19.0,0.0915806355771746,0.0915806355771746,120,1
rho_W5_k5,time_respecting,domain,messaging,ridge [occupancy],20.0,0.09626463098678126,0.09626463098678126,120,1
rho_W5_k5,time_respecting,domain,proximity,hist_gradient_boosting [occupancy],1.0,0.05362790500616698,0.05362790500616698,480,4
rho_W5_k5,time_respecting,domain,proximity,random_forest [occupancy],2.0,0.05449108455150149,0.05449108455150149,480,4
rho_W5_k5,time_respecting,domain,proximity,extra_trees [occupancy],3.0,0.0545260270877823,0.0545260270877823,480,4
rho_W5_k5,time_respecting,domain,proximity,ridge [occupancy],4.0,0.055101266514076444,0.055101266514076444,480,4
rho_W5_k5,time_respecting,domain,proximity,mask_mle,5.0,0.05999583327907889,0.05999583327907888,480,4
rho_W5_k5,time_respecting,domain,proximity,plugin,6.0,0.06005624938607746,0.06005624938607746,480,4
rho_W5_k5,time_respecting,domain,proximity,occ_mle,7.0,0.06069501444099528,0.06069501444099529,480,4
rho_W5_k5,time_respecting,domain,proximity,random_forest [patterns],8.0,0.06520904736591167,0.06520904736591167,480,4
rho_W5_k5,time_respecting,domain,proximity,random_forest [combined],9.0,0.06859000614654767,0.06859000614654767,480,4
rho_W5_k5,time_respecting,domain,proximity,extra_trees [combined],10.0,0.06867424086302805,0.06867424086302804,480,4
rho_W5_k5,time_respecting,domain,proximity,extra_trees [patterns],11.0,0.07073304498670648,0.07073304498670649,480,4
rho_W5_k5,time_respecting,domain,proximity,hist_gradient_boosting [patterns],12.0,0.07883949812544273,0.07883949812544273,480,4
rho_W5_k5,time_respecting,domain,proximity,hist_gradient_boosting [combined],13.0,0.08020182669106894,0.08020182669106896,480,4
rho_W5_k5,time_respecting,domain,proximity,ridge [patterns],14.0,0.088523813343726,0.088523813343726,480,4
rho_W5_k5,time_respecting,domain,proximity,mean_floor,15.0,0.09862864533766595,0.09862864533766595,480,4
rho_W5_k5,time_respecting,domain,proximity,ridge [combined],16.0,0.10175539128073155,0.10175539128073156,480,4
rho_W5_k5,time_respecting,domain,proximity,ridge [crawl],17.0,0.11039515406282667,0.11039515406282664,480,4
rho_W5_k5,time_respecting,domain,proximity,extra_trees [crawl],18.0,0.12851345216323343,0.12851345216323343,480,4
rho_W5_k5,time_respecting,domain,proximity,random_forest [crawl],19.0,0.13009492921903726,0.13009492921903723,480,4
rho_W5_k5,time_respecting,domain,proximity,hist_gradient_boosting [crawl],20.0,0.1372286476137995,0.13722864761379952,480,4
rho_W5_k5,time_respecting,overall,all,random_forest [combined],1.0,0.03870805457842238,0.039475583438665446,2952,36
rho_W5_k5,time_respecting,overall,all,random_forest [patterns],2.0,0.03885724550637228,0.03998072468125425,2952,36
rho_W5_k5,time_respecting,overall,all,extra_trees [combined],3.0,0.0394600220095019,0.04030326135015182,2952,36
rho_W5_k5,time_respecting,overall,all,extra_trees [patterns],4.0,0.040549654521272,0.041590572627346806,2952,36
rho_W5_k5,time_respecting,overall,all,hist_gradient_boosting [combined],5.0,0.04117660340889626,0.04169835357278262,2952,36
rho_W5_k5,time_respecting,overall,all,hist_gradient_boosting [patterns],6.0,0.041832556293594454,0.04286935232861531,2952,36
rho_W5_k5,time_respecting,overall,all,random_forest [occupancy],7.0,0.060312834325142374,0.06779600896377239,2952,36
rho_W5_k5,time_respecting,overall,all,extra_trees [occupancy],8.0,0.06076847648503232,0.06863296883026501,2952,36
rho_W5_k5,time_respecting,overall,all,hist_gradient_boosting [occupancy],9.0,0.06198799557593096,0.07026369691563994,2952,36
rho_W5_k5,time_respecting,overall,all,ridge [combined],10.0,0.07177463636055754,0.07676654977714531,2952,36
rho_W5_k5,time_respecting,overall,all,ridge [patterns],11.0,0.0724097488676811,0.07982266816267658,2952,36
rho_W5_k5,time_respecting,overall,all,ridge [occupancy],12.0,0.07552816059258027,0.0842076272305033,2952,36
rho_W5_k5,time_respecting,overall,all,mask_mle,13.0,0.07827437931328612,0.08554824265018668,2952,36
rho_W5_k5,time_respecting,overall,all,plugin,14.0,0.07850821062362237,0.08579384204693329,2952,36
rho_W5_k5,time_respecting,overall,all,occ_mle,15.0,0.07844997116034963,0.08592067263234987,2952,36
rho_W5_k5,time_respecting,overall,all,extra_trees [crawl],16.0,0.08827087592836064,0.08648425649636955,2952,36
rho_W5_k5,time_respecting,overall,all,random_forest [crawl],17.0,0.09386419109392691,0.09278305148526086,2952,36
rho_W5_k5,time_respecting,overall,all,hist_gradient_boosting [crawl],18.0,0.09401787587757203,0.09296999916498128,2952,36
rho_W5_k5,time_respecting,overall,all,ridge [crawl],19.0,0.10256457781680703,0.1059771096675875,2952,36
rho_W5_k5,time_respecting,overall,all,mean_floor,20.0,0.11092091078175109,0.1129660229420732,2952,36
