source,windows,events,timeline
copenhagen_bluetooth,5,116,00011000011010000000000110000110100000000001000001000000000000011000010011001000
copenhagen_bluetooth,5,406,00001000010000010000000010000110010100000000100001100101000000001000010000000000
copenhagen_bluetooth,5,30,00000001000000011000000000000100000000000000000100000000010000000001000000000000
copenhagen_bluetooth,5,35,00000000100000000000000000001001000000011000000000110000000000000000100000001100
copenhagen_bluetooth,4,12,00001000000010000000000000000000000000000000100000101100000000001000000000000000
copenhagen_bluetooth,4,56,00001000000000000000000010000000000000000000100000000000000000001000000000000000
copenhagen_bluetooth,4,53,00001000000000000000000000000000000110000000000110000000000000000000000100000000
copenhagen_bluetooth,4,132,00001000000001000000000000000000000100000000100110000000000000001001100000010000
copenhagen_bluetooth,4,53,00000000000000010000000000000100000000000000000000000001000000000000010000011000
copenhagen_bluetooth,4,190,00000000000000000000000010000110000100000000100000101001000000001000000000000000
copenhagen_bluetooth,4,61,00000000000000000000000010000010000000000000100000100000000000001000000000000000
copenhagen_bluetooth,3,41,00001000000000000000000010000000000000000000100000000000000000000000000000000000
copenhagen_bluetooth,3,22,00001000000000000000000110000000000000000000000000000000000000000001000000000000
copenhagen_bluetooth,3,55,00000000010000000000000000000100000000000000000000000000000000000000010000000000
copenhagen_bluetooth,3,4,00000000000000010000000000000000100000000000000000000000000000000000000010000000
copenhagen_bluetooth,3,9,00000000000000000000000110000000000100000000000000000001000000000000000000000000
copenhagen_bluetooth,3,29,00000000000000000000000010000000000000000000100000000000000000000001000000000000
copenhagen_bluetooth,3,6,00000000000000000000000000100000000000000000010000000000000000000001000000000000
copenhagen_bluetooth,3,5,00000000000000000000000000010000000000000000000000101000000000000000000010000000
copenhagen_bluetooth,3,40,00000000000000000000000000000000001000000000000110000000010000001000000000000000
copenhagen_bluetooth,3,18,00000000000000000000000000000000001000000000000010000000000000000000000010000000
copenhagen_bluetooth,3,55,00000000000000000000000000000000000100000000000000101000000000000000001010000000
copenhagen_bluetooth,2,6,00001000010000000000000000000100000000000000000000000000000000000000000000000000
copenhagen_bluetooth,2,74,00001000000010000000000000000000010000000001100000000000000000000000000000000000
copenhagen_bluetooth,2,8,00001000000000000000000000000000000000000000000000000000000000001000000000000000
copenhagen_bluetooth,2,7,00000001000000000000000000000000000000000000000000000000000000000001000000000000
copenhagen_bluetooth,2,4,00000000011000000000000000000000000100000000000000000000000000000000000000000000
copenhagen_bluetooth,2,16,00000000001000000000000000000110000000000000000000000000000000000000000000000000
copenhagen_bluetooth,2,5,00000000000000000000000010000000000000000000000000000000000000000000001000000000
copenhagen_bluetooth,2,99,00000000000000000000000000000110110000000000000000000000000000000000000000000000
copenhagen_bluetooth,2,80,00000000000000000000000000000110000000000000000000000000000000000000011000000000
copenhagen_bluetooth,2,27,00000000000000000000000000000010000000000000000000001000000000000000000000000000
copenhagen_bluetooth,2,25,00000000000000000000000000000000100000000000000000000101100000000000000000000000
copenhagen_bluetooth,2,28,00000000000000000000000000000000100000000000000000000000000000000000000010000000
copenhagen_bluetooth,2,35,00000000000000000000000000000000100000000000000000000000000000000000000010000000
copenhagen_bluetooth,2,28,00000000000000000000000000000000001000000000000010000000000000000000000000000000
copenhagen_bluetooth,2,10,00000000000000000000000000000000000011000000100000000000000000001000000000000000
copenhagen_bluetooth,2,4,00000000000000000000000000000000000010000000000000000000000000000000001000000000
copenhagen_bluetooth,2,56,00000000000000000000000000000000000000000000100000000000000000001000000000000000
copenhagen_bluetooth,2,2,00000000000000000000000000000000000000000000100000000000000000001000000000000000
copenhagen_bluetooth,2,2,00000000000000000000000000000000000000000000001000000000000000000010000000000000
copenhagen_bluetooth,2,2,00000000000000000000000000000000000000000000000100000000000000000000001000000000
copenhagen_bluetooth,2,6,00000000000000000000000000000000000000000000000001000100000000000000000011000000
copenhagen_bluetooth,2,2,00000000000000000000000000000000000000000000000000100000000000001000000000000000
copenhagen_bluetooth,2,24,00000000000000000000000000000000000000000000000000000000011000000000000000001000
copenhagen_bluetooth,1,7,00001000000000000000000000000000000000000000000000000000000000000000000000000000
copenhagen_bluetooth,1,2,00001000000000000000000000000000000000000000000000000000000000000000000000000000
copenhagen_bluetooth,1,19,00000011000000000000000000000000000000000000000000000000000000000000000000000000
copenhagen_bluetooth,1,2,00000001000000000000000000000000000000000000000000000000000000000000000000000000
copenhagen_bluetooth,1,4,00000000001000000000000000000000000000000000000000000000000000000000000000000000
copenhagen_bluetooth,1,8,00000000000000010000000000000000000000000000000000000000000000000000000000000000
copenhagen_bluetooth,1,32,00000000000000000000001000000000000000000000000000000000000000000000000000000000
copenhagen_bluetooth,1,8,00000000000000000000000010000000000000000000000000000000000000000000000000000000
copenhagen_bluetooth,1,7,00000000000000000000000000110000000000000000000000000000000000000000000000000000
copenhagen_bluetooth,1,12,00000000000000000000000000000000100000000000000000000000000000000000000000000000
copenhagen_bluetooth,1,16,00000000000000000000000000000000100000000000100000000000000000000000000000000000
copenhagen_bluetooth,1,2,00000000000000000000000000000000010000000000000000000000000000000000000000000000
copenhagen_bluetooth,1,6,00000000000000000000000000000000000100000000000000000000000000000000000000000000
copenhagen_bluetooth,1,14,00000000000000000000000000000000000110000000000000000000000000000000000000000000
copenhagen_bluetooth,1,2,00000000000000000000000000000000000010000000000000000000000000000000000000000000
copenhagen_bluetooth,1,5,00000000000000000000000000000000000000000000100000000000000000000000000000000000
copenhagen_bluetooth,1,25,00000000000000000000000000000000000000000000000001100000000000000000000000000000
copenhagen_bluetooth,1,6,00000000000000000000000000000000000000000000000000100000000000000000000000000000
copenhagen_bluetooth,1,24,00000000000000000000000000000000000000000000000000001000000000000000000000000000
copenhagen_bluetooth,1,6,00000000000000000000000000000000000000000000000000000100000000000000000000000000
copenhagen_bluetooth,1,12,00000000000000000000000000000000000000000000000000000100000000000000000000000000
copenhagen_bluetooth,1,2,00000000000000000000000000000000000000000000000000000100000000000000000000000000
copenhagen_bluetooth,1,2,00000000000000000000000000000000000000000000000000000001000000000000000000000000
copenhagen_bluetooth,1,6,00000000000000000000000000000000000000000000000000000001100000000000000000000000
copenhagen_bluetooth,1,22,00000000000000000000000000000000000000000000000000000000100000000000000000000000
copenhagen_bluetooth,1,2,00000000000000000000000000000000000000000000000000000000000000001000000000000000
copenhagen_bluetooth,1,2,00000000000000000000000000000000000000000000000000000000000000000000010000000000
copenhagen_bluetooth,1,21,00000000000000000000000000000000000000000000000000000000000000000000010000000000
copenhagen_bluetooth,1,17,00000000000000000000000000000000000000000000000000000000000000000000000000000100
copenhagen_bluetooth,1,1,00001000000000000000000000000000000000000000000000000000000000000000000000000000
copenhagen_bluetooth,1,1,00000010000000000000000000000000000000000000000000000000000000000000000000000000
copenhagen_bluetooth,1,1,00000001000000000000000000000000000000000000000000000000000000000000000000000000
copenhagen_bluetooth,1,1,00000001000000000000000000000000000000000000000000000000000000000000000000000000
copenhagen_bluetooth,1,1,00000000010000000000000000000000000000000000000000000000000000000000000000000000
copenhagen_bluetooth,1,1,00000000000010000000000000000000000000000000000000000000000000000000000000000000
copenhagen_bluetooth,1,1,00000000000000010000000000000000000000000000000000000000000000000000000000000000
copenhagen_bluetooth,1,1,00000000000000000000000010000000000000000000000000000000000000000000000000000000
copenhagen_bluetooth,1,1,00000000000000000000000010000000000000000000000000000000000000000000000000000000
copenhagen_bluetooth,1,1,00000000000000000000000000000100000000000000000000000000000000000000000000000000
copenhagen_bluetooth,1,1,00000000000000000000000000000010000000000000000000000000000000000000000000000000
copenhagen_bluetooth,1,1,00000000000000000000000000000000100000000000000000000000000000000000000000000000
copenhagen_bluetooth,1,1,00000000000000000000000000000000000100000000000000000000000000000000000000000000
copenhagen_bluetooth,1,1,00000000000000000000000000000000000000000000000000100000000000000000000000000000
copenhagen_bluetooth,1,1,00000000000000000000000000000000000000000000000000001000000000000000000000000000
copenhagen_bluetooth,1,1,00000000000000000000000000000000000000000000000000001000000000000000000000000000
copenhagen_bluetooth,1,1,00000000000000000000000000000000000000000000000000000001000000000000000000000000
copenhagen_bluetooth,1,1,00000000000000000000000000000000000000000000000000000000010000000000000000000000
copenhagen_bluetooth,1,1,00000000000000000000000000000000000000000000000000000000000000001000000000000000
copenhagen_bluetooth,1,1,00000000000000000000000000000000000000000000000000000000000000001000000000000000
copenhagen_bluetooth,1,1,00000000000000000000000000000000000000000000000000000000000000000010000000000000
copenhagen_bluetooth,1,1,00000000000000000000000000000000000000000000000000000000000000000001000000000000
copenhagen_bluetooth,1,1,00000000000000000000000000000000000000000000000000000000000000000001000000000000
copenhagen_bluetooth,1,1,00000000000000000000000000000000000000000000000000000000000000000000001000000000
copenhagen_bluetooth,1,1,00000000000000000000000000000000000000000000000000000000000000000000000010000000
copenhagen_bluetooth,1,1,00000000000000000000000000000000000000000000000000000000000000000000000001000000
copenhagen_bluetooth__pwt,5,13,10001000000001000000000000010110000100000000000101000000000000000000011010000000
copenhagen_bluetooth__pwt,5,26,10011001010000001000000110010000110010000001110000100000100000011000000010000000
copenhagen_bluetooth__pwt,5,72,11001001011000010001000010011111001100001000001101101111000100001101111011001001
copenhagen_bluetooth__pwt,5,22,01011010011000010001001110110000110000010000000000010001000000001000000000000000
copenhagen_bluetooth__pwt,5,74,01001010110010001000000110110110111011000000111110111101110110011001011010000000
copenhagen_bluetooth__pwt,5,36,01000101010010010000000010110110100011000000100110000100000000011001010000001000
copenhagen_bluetooth__pwt,5,87,01001110111010010001000011110100110110000000101101001101010001111011011110011000
copenhagen_bluetooth__pwt,5,58,01001001011011110001110110111111111010111000010100100001100101000000001011011000
copenhagen_bluetooth__pwt,5,61,01001010011000010100000010110100110000000000110011101101010101001011111001011001
copenhagen_bluetooth__pwt,5,76,00111101010011101001001101110110111111100101111111110101100100011101011110010000
copenhagen_bluetooth__pwt,5,31,00100000011010010100000011100010100100000000101011111000000000001000010001010000
copenhagen_bluetooth__pwt,5,169,00101011011011111000000110110111111110110001111111111101011010111011111111011000
copenhagen_bluetooth__pwt,5,134,00111111111111111101111011111110111110001101101011101111000001011001001011111101
copenhagen_bluetooth__pwt,5,10,00010000010000010000000010100000010010000000001000010000000000001000000000000000
copenhagen_bluetooth__pwt,5,12,00010010000000000000000000100000000000000000101011010000000000011000000100010000
copenhagen_bluetooth__pwt,5,36,00010011011001000100010010110100011110000001000011101001000010000001101010010000
copenhagen_bluetooth__pwt,5,90,00011011011101010011010110110100011110000000101111111101111100001011010110001100
copenhagen_bluetooth__pwt,5,46,00011011011010010000001010010110101001000000101010101101000000001001001001010001
copenhagen_bluetooth__pwt,5,59,00011011001101010010100010010101111110000010101110101100001100111010010011010001
copenhagen_bluetooth__pwt,5,14,00001000000010010000000100110000000000010000100001001000000000001011000000000000
copenhagen_bluetooth__pwt,5,26,00001001000001000001000000000110010100000001100010001101000000000001001010000000
copenhagen_bluetooth__pwt,5,18,00001100000000010000010000110010010100000000100001100001000000000000001011000000
copenhagen_bluetooth__pwt,5,26,00001000011000000000000010100100000001000000111100001111000000000000011011000000
copenhagen_bluetooth__pwt,5,41,00001001001001000000011010000100010100000010101001001101100000001111111101100000
copenhagen_bluetooth__pwt,5,20,00001010000000000000000010000010010000000000101001000101000000001000001010010000
copenhagen_bluetooth__pwt,5,88,00001111011110011100000110010010110110001001111101101111101000011001111101111001
copenhagen_bluetooth__pwt,5,54,00001011011110001000100010100010111101010000101011000100010000001011011000110001
copenhagen_bluetooth__pwt,5,11,00001000000000000000000110000010000000000010000000000000000000110001000010000001
copenhagen_bluetooth__pwt,5,12,00000010001000000100000000000010000011000000100001000000100000010000000000001001
copenhagen_bluetooth__pwt,5,19,00000001001010100000100010110000000011000000100000000100011000001000001000000000
copenhagen_bluetooth__pwt,5,22,00000001010010000010000110000110010001000000100001000010100000000001011010010000
copenhagen_bluetooth__pwt,5,23,00000001000000000000000000010010111011100001100100101010100010000011001000010000
copenhagen_bluetooth__pwt,5,10,00000000010010000000000000000100100100000000000000000000000001000000011000000100
copenhagen_bluetooth__pwt,5,11,00000000001010000000000010010000000100000000000000001001000000001010000000000001
copenhagen_bluetooth__pwt,5,13,00000000000000010000000000000101100110010000000000001000101000000010000010000000
copenhagen_bluetooth__pwt,5,9,00000000000000011000000000000000001000000001000000000101000000001000000000001000
copenhagen_bluetooth__pwt,4,20,00100000000010000000000000000000100000000000100100100101000000010100001000111000
copenhagen_bluetooth__pwt,4,10,00001001000000000101000000000010010000000000000100000000010000000000000000000000
copenhagen_bluetooth__pwt,4,5,00001000000000000000000010000000000100000000100000000000000000000000000000010000
copenhagen_bluetooth__pwt,4,11,00001001000000000000000000010000001110100000010000000000000000000000000010010000
copenhagen_bluetooth__pwt,4,20,00001000011001011000000010010010000000010001000100000000000000001000001010011000
copenhagen_bluetooth__pwt,4,5,00000010000010000000000000000000000000000000001001000000000000000010000000000000
copenhagen_bluetooth__pwt,4,9,00000011000000000000000000000100010100000000000100000000000000001000010000000000
copenhagen_bluetooth__pwt,4,6,00000000001000000000000000000000100000000000000100000000100000000000000000001000
copenhagen_bluetooth__pwt,4,5,00000000000010000000000000010000100010000000000000000000000000000000010000000000
copenhagen_bluetooth__pwt,4,13,00000000000000110000000000000000010000010000100101100010000000000000001000000000
copenhagen_bluetooth__pwt,4,8,00000000000000010000000000000000100000000000000010001000000001001001000000000000
copenhagen_bluetooth__pwt,3,3,10000000000000000000100000000000100000000000000000000000000000000000000000000000
copenhagen_bluetooth__pwt,3,3,00100000000000000000000000000000100000000000000000000000000000000000000000000001
copenhagen_bluetooth__pwt,3,4,00001000000001000000000000010000000000000000000000001000000000000000000000000000
copenhagen_bluetooth__pwt,3,3,00001000000000000000000000000000000001000000000000000000000000000000010000000000
copenhagen_bluetooth__pwt,3,6,00001000010000000000000000000000000000000000000001000000000000000000000000100000
copenhagen_bluetooth__pwt,3,3,00000000010000000100000000000000000010000000000000000000000000000000000000000000
copenhagen_bluetooth__pwt,3,4,00000000010000000100000010000000000000000000000000000000000000000000000000001000
copenhagen_bluetooth__pwt,3,4,00000000001000000000000000000000000100000000001000000100000000000000000000000000
copenhagen_bluetooth__pwt,3,4,00000000000000000000000000000100000100000000000000000000000000001000000000010000
copenhagen_bluetooth__pwt,3,3,00000000000000000000000000000000000000100000000000000100000000000000000010000000
copenhagen_bluetooth__pwt,2,3,00001000000000000000000000000000000000000001000100000000000000000000000000000000
copenhagen_bluetooth__pwt,2,2,00000000000000001000000000000000000000000000000000000001000000000000000000000000
copenhagen_bluetooth__pwt,2,5,00000000000000000010000000010000000000000000000000000000000000001001010000000000
copenhagen_bluetooth__pwt,2,3,00000000000000000010000000010000000000000000000000000000000000000000000010000000
copenhagen_bluetooth__pwt,2,2,00000000000000000000000100000000000000000000000000000000000010000000000000000000
copenhagen_bluetooth__pwt,2,5,00000000000000000000000010000100000000000000000000001001000000000000000000000000
copenhagen_bluetooth__pwt,2,2,00000000000000000000000000010000000000000001000000000000000000000000000000000000
copenhagen_bluetooth__pwt,2,3,00000000000000000000000000000100000000000000000000000000000000000000000010001000
copenhagen_bluetooth__pwt,2,2,00000000000000000000000000000000000100000000000000000000000100000000000000000000
copenhagen_bluetooth__pwt,2,3,00000000000000000000000000000000000100000000000000000000000000001001000000000000
copenhagen_bluetooth__pwt,2,3,00000000000000000000000000000000000100000000000000000000000000000000000001000100
copenhagen_bluetooth__pwt,2,2,00000000000000000000000000000000000000000000100000000000000000001000000000000000
copenhagen_bluetooth__pwt,2,2,00000000000000000000000000000000000000000000100000000000000000000000001000000000
copenhagen_bluetooth__pwt,2,2,00000000000000000000000000000000000000000000000000000100000000001000000000000000
copenhagen_bluetooth__pwt,1,2,00000000000000000000000000010100000000000000000000000000000000000000000000000000
copenhagen_bluetooth__pwt,1,2,00000000000000000000000000000000000000000000000000000000000000001001000000000000
copenhagen_bluetooth__pwt,1,2,00000000000000000000000000000000000000000000000000000000000000000000000001010000
copenhagen_bluetooth__pwt,1,1,00001000000000000000000000000000000000000000000000000000000000000000000000000000
copenhagen_bluetooth__pwt,1,1,00000000010000000000000000000000000000000000000000000000000000000000000000000000
copenhagen_bluetooth__pwt,1,1,00000000001000000000000000000000000000000000000000000000000000000000000000000000
copenhagen_bluetooth__pwt,1,1,00000000000001000000000000000000000000000000000000000000000000000000000000000000
copenhagen_bluetooth__pwt,1,1,00000000000000000001000000000000000000000000000000000000000000000000000000000000
copenhagen_bluetooth__pwt,1,1,00000000000000000000000010000000000000000000000000000000000000000000000000000000
copenhagen_bluetooth__pwt,1,1,00000000000000000000000000010000000000000000000000000000000000000000000000000000
copenhagen_bluetooth__pwt,1,1,00000000000000000000000000010000000000000000000000000000000000000000000000000000
copenhagen_bluetooth__pwt,1,1,00000000000000000000000000010000000000000000000000000000000000000000000000000000
copenhagen_bluetooth__pwt,1,1,00000000000000000000000000010000000000000000000000000000000000000000000000000000
copenhagen_bluetooth__pwt,1,1,00000000000000000000000000000100000000000000000000000000000000000000000000000000
copenhagen_bluetooth__pwt,1,1,00000000000000000000000000000010000000000000000000000000000000000000000000000000
copenhagen_bluetooth__pwt,1,1,00000000000000000000000000000000010000000000000000000000000000000000000000000000
copenhagen_bluetooth__pwt,1,1,00000000000000000000000000000000000000000001000000000000000000000000000000000000
copenhagen_bluetooth__pwt,1,1,00000000000000000000000000000000000000000000000100000000000000000000000000000000
copenhagen_bluetooth__pwt,1,1,00000000000000000000000000000000000000000000000010000000000000000000000000000000
copenhagen_bluetooth__pwt,1,1,00000000000000000000000000000000000000000000000000100000000000000000000000000000
copenhagen_bluetooth__pwt,1,1,00000000000000000000000000000000000000000000000000001000000000000000000000000000
copenhagen_bluetooth__pwt,1,1,00000000000000000000000000000000000000000000000000001000000000000000000000000000
copenhagen_bluetooth__pwt,1,1,00000000000000000000000000000000000000000000000000000100000000000000000000000000
copenhagen_bluetooth__pwt,1,1,00000000000000000000000000000000000000000000000000000000000100000000000000000000
copenhagen_bluetooth__pwt,1,1,00000000000000000000000000000000000000000000000000000000000001000000000000000000
copenhagen_bluetooth__pwt,1,1,00000000000000000000000000000000000000000000000000000000000000001000000000000000
copenhagen_bluetooth__pwt,1,1,00000000000000000000000000000000000000000000000000000000000000000100000000000000
copenhagen_bluetooth__pwt,1,1,00000000000000000000000000000000000000000000000000000000000000000001000000000000
copenhagen_bluetooth__pwt,1,1,00000000000000000000000000000000000000000000000000000000000000000000010000000000
lkml_reply,5,80,01111111010111101011100100111110000010010000000100000000010000000000000001000000
lkml_reply,4,10,00000000000100000000000000100000000000100000001000011000000000000000000000000000
lkml_reply,3,38,00110000100000110000000100010100001000000000000000000000000000000000000000000000
lkml_reply,3,7,00000100000001000000000000000000000000000000010000000100000000000000000000000000
lkml_reply,3,9,00000000000000000010100100000000010000000000000010000000000000000000000000000000
lkml_reply,2,3,00000001100000000000000010000000000000000000000000000000000000000000000000000000
lkml_reply,2,24,00000000111110001000100010100000000000000000000000000000000000000000000000000000
lkml_reply,2,12,00000000010000001100011000000000000000000000000000000000000000000000000000000000
lkml_reply,2,4,00000000000010000000000000000000000000000000000000000000010000000000000000000000
lkml_reply,2,3,00000000000000010000010000000000000000000000000000000000000000000000000000000000
lkml_reply,2,12,00000000000000000000100000000000011100000000000000000000000000000000000000000000
lkml_reply,2,10,00000000000000000000010000000000000000000000001000000000000000000000000000000000
lkml_reply,2,2,00000000000000000000000000000000000000001000000000010000000000000000000000000000
lkml_reply,2,46,00000000000000000000000000000000000000000000000000001110001110001001100011110010
lkml_reply,2,28,00000000000000000000000000000000000000000000000000000000000010000000010000011010
lkml_reply,1,2,10000000000000000000000000000000000000000000000000000000000000000000000000000000
lkml_reply,1,2,10000000000000000000000000000000000000000000000000000000000000000000000000000000
lkml_reply,1,2,01000000000000000000000000000000000000000000000000000000000000000000000000000000
lkml_reply,1,9,00001101100000000000000000000000000000000000000000000000000000000000000000000000
lkml_reply,1,5,00000100000000000000000000000000000000000000000000000000000000000000000000000000
lkml_reply,1,2,00000100000100000000000000000000000000000000000000000000000000000000000000000000
lkml_reply,1,10,00000010000000000000000000000000000000000000000000000000000000000000000000000000
lkml_reply,1,2,00000010000000000000000000000000000000000000000000000000000000000000000000000000
lkml_reply,1,6,00000001001000000000000000000000000000000000000000000000000000000000000000000000
lkml_reply,1,3,00000000000001000000000000000000000000000000000000000000000000000000000000000000
lkml_reply,1,4,00000000000000100000000000000000000000000000000000000000000000000000000000000000
lkml_reply,1,4,00000000000000100000000000000000000000000000000000000000000000000000000000000000
lkml_reply,1,3,00000000000000001000000000000000000000000000000000000000000000000000000000000000
lkml_reply,1,4,00000000000000000100000000000000000000000000000000000000000000000000000000000000
lkml_reply,1,3,00000000000000000010000000000000000000000000000000000000000000000000000000000000
lkml_reply,1,4,00000000000000000010000000000000000000000000000000000000000000000000000000000000
lkml_reply,1,4,00000000000000000000100000000000000000000000000000000000000000000000000000000000
lkml_reply,1,2,00000000000000000000001000100000000000000000000000000000000000000000000000000000
lkml_reply,1,16,00000000000000000000001100100000000000000000000000000000000000000000000000000000
lkml_reply,1,13,00000000000000000000000011000000000000000000000000000000000000000000000000000000
lkml_reply,1,4,00000000000000000000000001010000000000000000000000000000000000000000000000000000
lkml_reply,1,3,00000000000000000000000000100000000000000000000000000000000000000000000000000000
lkml_reply,1,3,00000000000000000000000000001000000000000000000000000000000000000000000000000000
lkml_reply,1,10,00000000000000000000000000000110000000000000000000000000000000000000000000000000
lkml_reply,1,5,00000000000000000000000000000000011000000000000000000000000000000000000000000000
lkml_reply,1,2,00000000000000000000000000000000000001000000000000000000000000000000000000000000
lkml_reply,1,3,00000000000000000000000000000000000001000000000000000000000000000000000000000000
lkml_reply,1,3,00000000000000000000000000000000000000000110000000000000000000000000000000000000
lkml_reply,1,2,00000000000000000000000000000000000000000000100000000000000000000000000000000000
lkml_reply,1,2,00000000000000000000000000000000000000000000000010010000000000000000000000000000
lkml_reply,1,2,00000000000000000000000000000000000000000000000000100000000000000000000000000000
lkml_reply,1,2,00000000000000000000000000000000000000000000000000100000000000000000000000000000
lkml_reply,1,2,00000000000000000000000000000000000000000000000000100000000000000000000000000000
lkml_reply,1,3,00000000000000000000000000000000000000000000000000100000000000000000000000000000
lkml_reply,1,12,00000000000000000000000000000000000000000000000000011100000000000000000000000000
lkml_reply,1,2,00000000000000000000000000000000000000000000000000001000000000000000000000000000
lkml_reply,1,2,00000000000000000000000000000000000000000000000000000001000000000000000000000000
lkml_reply,1,3,00000000000000000000000000000000000000000000000000000000010000000000000000000000
lkml_reply,1,8,00000000000000000000000000000000000000000000000000000000011000000000000000000000
lkml_reply,1,2,00000000000000000000000000000000000000000000000000000000000010000000000000000000
lkml_reply,1,11,00000000000000000000000000000000000000000000000000000000000000000000100110000101
lkml_reply,1,3,00000000000000000000000000000000000000000000000000000000000000000000010100000000
lkml_reply,1,3,00000000000000000000000000000000000000000000000000000000000000000000000110000000
lkml_reply,1,1,10000000000000000000000000000000000000000000000000000000000000000000000000000000
lkml_reply,1,1,01000000000000000000000000000000000000000000000000000000000000000000000000000000
lkml_reply,1,1,00100000000000000000000000000000000000000000000000000000000000000000000000000000
lkml_reply,1,1,00000100000000000000000000000000000000000000000000000000000000000000000000000000
lkml_reply,1,1,00000100000000000000000000000000000000000000000000000000000000000000000000000000
lkml_reply,1,1,00000000100000000000000000000000000000000000000000000000000000000000000000000000
lkml_reply,1,1,00000000010000000000000000000000000000000000000000000000000000000000000000000000
lkml_reply,1,1,00000000000010000000000000000000000000000000000000000000000000000000000000000000
lkml_reply,1,1,00000000000010000000000000000000000000000000000000000000000000000000000000000000
lkml_reply,1,1,00000000000000100000000000000000000000000000000000000000000000000000000000000000
lkml_reply,1,1,00000000000000010000000000000000000000000000000000000000000000000000000000000000
lkml_reply,1,1,00000000000000000100000000000000000000000000000000000000000000000000000000000000
lkml_reply,1,1,00000000000000000100000000000000000000000000000000000000000000000000000000000000
lkml_reply,1,1,00000000000000000100000000000000000000000000000000000000000000000000000000000000
lkml_reply,1,1,00000000000000000010000000000000000000000000000000000000000000000000000000000000
lkml_reply,1,1,00000000000000000001000000000000000000000000000000000000000000000000000000000000
lkml_reply,1,1,00000000000000000000010000000000000000000000000000000000000000000000000000000000
lkml_reply,1,1,00000000000000000000001000000000000000000000000000000000000000000000000000000000
lkml_reply,1,1,00000000000000000000000000000100000000000000000000000000000000000000000000000000
lkml_reply,1,1,00000000000000000000000000000000100000000000000000000000000000000000000000000000
lkml_reply,1,1,00000000000000000000000000000000000100000000000000000000000000000000000000000000
lkml_reply,1,1,00000000000000000000000000000000000001000000000000000000000000000000000000000000
lkml_reply,1,1,00000000000000000000000000000000000000001000000000000000000000000000000000000000
lkml_reply,1,1,00000000000000000000000000000000000000000100000000000000000000000000000000000000
lkml_reply,1,1,00000000000000000000000000000000000000000010000000000000000000000000000000000000
lkml_reply,1,1,00000000000000000000000000000000000000000001000000000000000000000000000000000000
lkml_reply,1,1,00000000000000000000000000000000000000000000010000000000000000000000000000000000
lkml_reply,1,1,00000000000000000000000000000000000000000000000010000000000000000000000000000000
lkml_reply,1,1,00000000000000000000000000000000000000000000000000000100000000000000000000000000
lkml_reply,1,1,00000000000000000000000000000000000000000000000000000100000000000000000000000000
lkml_reply,1,1,00000000000000000000000000000000000000000000000000000010000000000000000000000000
lkml_reply,1,1,00000000000000000000000000000000000000000000000000000010000000000000000000000000
lkml_reply,1,1,00000000000000000000000000000000000000000000000000000000010000000000000000000000
lkml_reply,1,1,00000000000000000000000000000000000000000000000000000000000100000000000000000000
lkml_reply,1,1,00000000000000000000000000000000000000000000000000000000000000100000000000000000
lkml_reply,1,1,00000000000000000000000000000000000000000000000000000000000000100000000000000000
lkml_reply,1,1,00000000000000000000000000000000000000000000000000000000000000100000000000000000
lkml_reply,1,1,00000000000000000000000000000000000000000000000000000000000000000001000000000000
lkml_reply,1,1,00000000000000000000000000000000000000000000000000000000000000000000000000100000
lkml_reply,1,1,00000000000000000000000000000000000000000000000000000000000000000000000000001000
lkml_reply,1,1,00000000000000000000000000000000000000000000000000000000000000000000000000000100
lkml_reply,1,1,00000000000000000000000000000000000000000000000000000000000000000000000000000001
lkml_reply__pwt,5,87,10000111001111110101101110111011011111100011101011110101011011111001111110111100
lkml_reply__pwt,5,14,10000010010000000001010000000000000000000010000000100000100110011000000001000100
lkml_reply__pwt,5,22,10000010000000111100000111001001100000000000100011000001000000000010100000000100
lkml_reply__pwt,5,82,10000101011100001100010111000011111101111000011001100101111000011111011111101111
lkml_reply__pwt,5,14,01001000101000100100000000000000010000000000010000001000010000000000000001010000
lkml_reply__pwt,5,17,01000000010000011000110001001001100000000000001000000001000100000000001110000010
lkml_reply__pwt,5,21,00100100000000100100010000000001000000000011000010101010100000001100110001110100
lkml_reply__pwt,5,15,00010000000001001000000100001010000000110000000000000001100000100011000010000000
lkml_reply__pwt,5,15,00001010000101000000000100001010000101000000000001000000100001001001000000000000
lkml_reply__pwt,5,9,00001000000001000000100000100000000001000000000000001000000001000100000000000100
lkml_reply__pwt,5,8,00000010000100010000000000001000000000000000001000000000000010000000010000000000
lkml_reply__pwt,5,7,00000000010100000000000000000100000000000001000000000010000000000000000010000010
lkml_reply__pwt,4,9,00100000000000000010000001000000111000000000000000000000000000000000000010001000
lkml_reply__pwt,4,8,00000001000000000000001011010000000000000000000000000000001000010000000000000001
lkml_reply__pwt,4,4,00000000000010000000000000000000000010000000000000000000100000000000001000000000
lkml_reply__pwt,4,6,00000000000001000000001100000000001000000000100001000000000000000000000000000000
lkml_reply__pwt,4,7,00000000000001101000000000000000000000000000000000000000000000010000000001100010
lkml_reply__pwt,4,6,00000000000000000100000000000000000000000010000000100000000000010000000100000000
lkml_reply__pwt,4,14,00000000000000000001000001001000111100000000010000000000000000110001000000001010
lkml_reply__pwt,4,6,00000000000000000000011000000000000100000000000010000000001000000000000000100000
lkml_reply__pwt,4,4,00000000000000000000001000000000000010000000000000000000100000000000000000100000
lkml_reply__pwt,3,4,10000000000000000000000000000000000000000000000001000000000000010001000000000000
lkml_reply__pwt,3,6,00100000000000000000000010000100000000000000000000001000000100000000000000000000
lkml_reply__pwt,3,3,00100000000000000000000100000000000000000000000000000000000000000000000000010000
lkml_reply__pwt,3,4,00010000000000000000000000000000000000010000001000000000000000000000001000000000
lkml_reply__pwt,3,8,00000010000000000000000000000000010100010100000000000000000000000000100000010010
lkml_reply__pwt,3,5,00000000000101010010000000000000000000000000000000001000000000000000000000000000
lkml_reply__pwt,3,6,00000000000101000000000000000000000000000100000000000000000000000000000001100000
lkml_reply__pwt,3,4,00000000000001000000000000010000010001000000000000000000000000000000000000000000
lkml_reply__pwt,3,3,00000000000000010000000000001000000000000000000000000000000000000000000000000100
lkml_reply__pwt,3,4,00000000000000000000010000000010000000000000000000000000000100000000100000000000
lkml_reply__pwt,3,4,00000000000000000000010000000000100000100000000000000000000000000000000000100000
lkml_reply__pwt,3,3,00000000000000000000000000000000000000000000100000000100000000000000000000001000
lkml_reply__pwt,2,2,10000000000000000000000000010000000000000000000000000000000000000000000000000000
lkml_reply__pwt,2,3,01000000000000000000100001000000000000000000000000000000000000000000000000000000
lkml_reply__pwt,2,2,00100000000000000001000000000000000000000000000000000000000000000000000000000000
lkml_reply__pwt,2,4,00010001000000000000000000000000000100000001000000000000000000000000000000000000
lkml_reply__pwt,2,2,00010000000000000000000000000000000000000000000000000000000100000000000000000000
lkml_reply__pwt,2,2,00000100000000000000000000000000000000000000000001000000000000000000000000000000
lkml_reply__pwt,2,2,00000100000000000000000000000000000000000000000000000000000000000010000000000000
lkml_reply__pwt,2,2,00000010000000000000000000000000000000000000000000000000000000000000000000000010
lkml_reply__pwt,2,2,00000000000001000000000000000000000000000000000000000100000000000000000000000000
lkml_reply__pwt,2,3,00000000000000001000000000000000001000000000000000000000000000000000000000000000
lkml_reply__pwt,2,2,00000000000000001000000000000000000000000000000000000000000100000000000000000000
lkml_reply__pwt,2,2,00000000000000000000000100000000010000000000000000000000000000000000000000000000
lkml_reply__pwt,2,2,00000000000000000000000100000000000000000000100000000000000000000000000000000000
lkml_reply__pwt,2,2,00000000000000000000000100000000000000000000000000000000000000000001000000000000
lkml_reply__pwt,2,2,00000000000000000000000000001000000000000000100000000000000000000000000000000000
lkml_reply__pwt,2,2,00000000000000000000000000001000000000000000000000000000100000000000000000000000
lkml_reply__pwt,2,4,00000000000000000000000000000000000010000000100000000110000000000000000000000000
lkml_reply__pwt,2,2,00000000000000000000000000000000000001000000000000000000000100000000000000000000
lkml_reply__pwt,2,2,00000000000000000000000000000000000000000010000000000000000000000001000000000000
lkml_reply__pwt,2,2,00000000000000000000000000000000000000000000100000000001000000000000000000000000
lkml_reply__pwt,2,2,00000000000000000000000000000000000000000000100000000000000000000000000000100000
lkml_reply__pwt,1,2,00000000000000000000000000000000100000000100000000000000000000000000000000000000
lkml_reply__pwt,1,2,00000000000000000000000000000000000000000000000010000000001000000000000000000000
lkml_reply__pwt,1,2,00000000000000000000000000000000000000000000000000100000010000000000000000000000
lkml_reply__pwt,1,2,00000000000000000000000000000000000000000000000000000000000000000000110000000000
lkml_reply__pwt,1,1,10000000000000000000000000000000000000000000000000000000000000000000000000000000
lkml_reply__pwt,1,1,00000010000000000000000000000000000000000000000000000000000000000000000000000000
lkml_reply__pwt,1,1,00000000010000000000000000000000000000000000000000000000000000000000000000000000
lkml_reply__pwt,1,1,00000000010000000000000000000000000000000000000000000000000000000000000000000000
lkml_reply__pwt,1,1,00000000000100000000000000000000000000000000000000000000000000000000000000000000
lkml_reply__pwt,1,1,00000000000010000000000000000000000000000000000000000000000000000000000000000000
lkml_reply__pwt,1,1,00000000000010000000000000000000000000000000000000000000000000000000000000000000
lkml_reply__pwt,1,1,00000000000001000000000000000000000000000000000000000000000000000000000000000000
lkml_reply__pwt,1,1,00000000000001000000000000000000000000000000000000000000000000000000000000000000
lkml_reply__pwt,1,1,00000000000000001000000000000000000000000000000000000000000000000000000000000000
lkml_reply__pwt,1,1,00000000000000000000000100000000000000000000000000000000000000000000000000000000
lkml_reply__pwt,1,1,00000000000000000000000010000000000000000000000000000000000000000000000000000000
lkml_reply__pwt,1,1,00000000000000000000000001000000000000000000000000000000000000000000000000000000
lkml_reply__pwt,1,1,00000000000000000000000000100000000000000000000000000000000000000000000000000000
lkml_reply__pwt,1,1,00000000000000000000000000001000000000000000000000000000000000000000000000000000
lkml_reply__pwt,1,1,00000000000000000000000000001000000000000000000000000000000000000000000000000000
lkml_reply__pwt,1,1,00000000000000000000000000001000000000000000000000000000000000000000000000000000
lkml_reply__pwt,1,1,00000000000000000000000000000000010000000000000000000000000000000000000000000000
lkml_reply__pwt,1,1,00000000000000000000000000000000000000010000000000000000000000000000000000000000
lkml_reply__pwt,1,1,00000000000000000000000000000000000000000000000100000000000000000000000000000000
lkml_reply__pwt,1,1,00000000000000000000000000000000000000000000000010000000000000000000000000000000
lkml_reply__pwt,1,1,00000000000000000000000000000000000000000000000001000000000000000000000000000000
lkml_reply__pwt,1,1,00000000000000000000000000000000000000000000000000100000000000000000000000000000
lkml_reply__pwt,1,1,00000000000000000000000000000000000000000000000000000010000000000000000000000000
lkml_reply__pwt,1,1,00000000000000000000000000000000000000000000000000000001000000000000000000000000
lkml_reply__pwt,1,1,00000000000000000000000000000000000000000000000000000000010000000000000000000000
lkml_reply__pwt,1,1,00000000000000000000000000000000000000000000000000000000001000000000000000000000
lkml_reply__pwt,1,1,00000000000000000000000000000000000000000000000000000000000001000000000000000000
lkml_reply__pwt,1,1,00000000000000000000000000000000000000000000000000000000000001000000000000000000
lkml_reply__pwt,1,1,00000000000000000000000000000000000000000000000000000000000000100000000000000000
lkml_reply__pwt,1,1,00000000000000000000000000000000000000000000000000000000000000000010000000000000
lkml_reply__pwt,1,1,00000000000000000000000000000000000000000000000000000000000000000010000000000000
lkml_reply__pwt,1,1,00000000000000000000000000000000000000000000000000000000000000000001000000000000
lkml_reply__pwt,1,1,00000000000000000000000000000000000000000000000000000000000000000000100000000000
lkml_reply__pwt,1,1,00000000000000000000000000000000000000000000000000000000000000000000100000000000
lkml_reply__pwt,1,1,00000000000000000000000000000000000000000000000000000000000000000000000100000000
lkml_reply__pwt,1,1,00000000000000000000000000000000000000000000000000000000000000000000000000100000
lkml_reply__pwt,1,1,00000000000000000000000000000000000000000000000000000000000000000000000000100000
lkml_reply__pwt,1,1,00000000000000000000000000000000000000000000000000000000000000000000000000010000
lkml_reply__pwt,1,1,00000000000000000000000000000000000000000000000000000000000000000000000000001000
lkml_reply__pwt,1,1,00000000000000000000000000000000000000000000000000000000000000000000000000000100
lkml_reply__pwt,1,1,00000000000000000000000000000000000000000000000000000000000000000000000000000001
nr_digg_reply,1,2,00000000000000000000000000000000000000000000000000000000000000000000001001000000
nr_digg_reply,1,1,00000000100000000000000000000000000000000000000000000000000000000000000000000000
nr_digg_reply,1,1,00000000100000000000000000000000000000000000000000000000000000000000000000000000
nr_digg_reply,1,1,00000000010000000000000000000000000000000000000000000000000000000000000000000000
nr_digg_reply,1,1,00000000000100000000000000000000000000000000000000000000000000000000000000000000
nr_digg_reply,1,1,00000000000001000000000000000000000000000000000000000000000000000000000000000000
nr_digg_reply,1,1,00000000000000100000000000000000000000000000000000000000000000000000000000000000
nr_digg_reply,1,1,00000000000000100000000000000000000000000000000000000000000000000000000000000000
nr_digg_reply,1,1,00000000000000000100000000000000000000000000000000000000000000000000000000000000
nr_digg_reply,1,1,00000000000000000100000000000000000000000000000000000000000000000000000000000000
nr_digg_reply,1,1,00000000000000000000000100000000000000000000000000000000000000000000000000000000
nr_digg_reply,1,1,00000000000000000000000100000000000000000000000000000000000000000000000000000000
nr_digg_reply,1,1,00000000000000000000000010000000000000000000000000000000000000000000000000000000
nr_digg_reply,1,1,00000000000000000000000010000000000000000000000000000000000000000000000000000000
nr_digg_reply,1,1,00000000000000000000000001000000000000000000000000000000000000000000000000000000
nr_digg_reply,1,1,00000000000000000000000000100000000000000000000000000000000000000000000000000000
nr_digg_reply,1,1,00000000000000000000000000000010000000000000000000000000000000000000000000000000
nr_digg_reply,1,1,00000000000000000000000000000010000000000000000000000000000000000000000000000000
nr_digg_reply,1,1,00000000000000000000000000000000100000000000000000000000000000000000000000000000
nr_digg_reply,1,1,00000000000000000000000000000000010000000000000000000000000000000000000000000000
nr_digg_reply,1,1,00000000000000000000000000000000010000000000000000000000000000000000000000000000
nr_digg_reply,1,1,00000000000000000000000000000000001000000000000000000000000000000000000000000000
nr_digg_reply,1,1,00000000000000000000000000000000001000000000000000000000000000000000000000000000
nr_digg_reply,1,1,00000000000000000000000000000000000100000000000000000000000000000000000000000000
nr_digg_reply,1,1,00000000000000000000000000000000000000010000000000000000000000000000000000000000
nr_digg_reply,1,1,00000000000000000000000000000000000000010000000000000000000000000000000000000000
nr_digg_reply,1,1,00000000000000000000000000000000000000001000000000000000000000000000000000000000
nr_digg_reply,1,1,00000000000000000000000000000000000000001000000000000000000000000000000000000000
nr_digg_reply,1,1,00000000000000000000000000000000000000001000000000000000000000000000000000000000
nr_digg_reply,1,1,00000000000000000000000000000000000000001000000000000000000000000000000000000000
nr_digg_reply,1,1,00000000000000000000000000000000000000000100000000000000000000000000000000000000
nr_digg_reply,1,1,00000000000000000000000000000000000000000010000000000000000000000000000000000000
nr_digg_reply,1,1,00000000000000000000000000000000000000000010000000000000000000000000000000000000
nr_digg_reply,1,1,00000000000000000000000000000000000000000001000000000000000000000000000000000000
nr_digg_reply,1,1,00000000000000000000000000000000000000000000010000000000000000000000000000000000
nr_digg_reply,1,1,00000000000000000000000000000000000000000000010000000000000000000000000000000000
nr_digg_reply,1,1,00000000000000000000000000000000000000000000001000000000000000000000000000000000
nr_digg_reply,1,1,00000000000000000000000000000000000000000000001000000000000000000000000000000000
nr_digg_reply,1,1,00000000000000000000000000000000000000000000000100000000000000000000000000000000
nr_digg_reply,1,1,00000000000000000000000000000000000000000000000100000000000000000000000000000000
nr_digg_reply,1,1,00000000000000000000000000000000000000000000000001000000000000000000000000000000
nr_digg_reply,1,1,00000000000000000000000000000000000000000000000001000000000000000000000000000000
nr_digg_reply,1,1,00000000000000000000000000000000000000000000000000100000000000000000000000000000
nr_digg_reply,1,1,00000000000000000000000000000000000000000000000000010000000000000000000000000000
nr_digg_reply,1,1,00000000000000000000000000000000000000000000000000010000000000000000000000000000
nr_digg_reply,1,1,00000000000000000000000000000000000000000000000000010000000000000000000000000000
nr_digg_reply,1,1,00000000000000000000000000000000000000000000000000010000000000000000000000000000
nr_digg_reply,1,1,00000000000000000000000000000000000000000000000000010000000000000000000000000000
nr_digg_reply,1,1,00000000000000000000000000000000000000000000000000010000000000000000000000000000
nr_digg_reply,1,1,00000000000000000000000000000000000000000000000000010000000000000000000000000000
nr_digg_reply,1,1,00000000000000000000000000000000000000000000000000000100000000000000000000000000
nr_digg_reply,1,1,00000000000000000000000000000000000000000000000000000100000000000000000000000000
nr_digg_reply,1,1,00000000000000000000000000000000000000000000000000000001000000000000000000000000
nr_digg_reply,1,1,00000000000000000000000000000000000000000000000000000001000000000000000000000000
nr_digg_reply,1,1,00000000000000000000000000000000000000000000000000000001000000000000000000000000
nr_digg_reply,1,1,00000000000000000000000000000000000000000000000000000001000000000000000000000000
nr_digg_reply,1,1,00000000000000000000000000000000000000000000000000000000100000000000000000000000
nr_digg_reply,1,1,00000000000000000000000000000000000000000000000000000000100000000000000000000000
nr_digg_reply,1,1,00000000000000000000000000000000000000000000000000000000100000000000000000000000
nr_digg_reply,1,1,00000000000000000000000000000000000000000000000000000000001000000000000000000000
nr_digg_reply,1,1,00000000000000000000000000000000000000000000000000000000000100000000000000000000
nr_digg_reply,1,1,00000000000000000000000000000000000000000000000000000000000010000000000000000000
nr_digg_reply,1,1,00000000000000000000000000000000000000000000000000000000000000100000000000000000
nr_digg_reply,1,1,00000000000000000000000000000000000000000000000000000000000000000100000000000000
nr_digg_reply,1,1,00000000000000000000000000000000000000000000000000000000000000000010000000000000
nr_digg_reply,1,1,00000000000000000000000000000000000000000000000000000000000000000010000000000000
nr_digg_reply,1,1,00000000000000000000000000000000000000000000000000000000000000000010000000000000
nr_digg_reply,1,1,00000000000000000000000000000000000000000000000000000000000000000010000000000000
nr_digg_reply,1,1,00000000000000000000000000000000000000000000000000000000000000000001000000000000
nr_digg_reply,1,1,00000000000000000000000000000000000000000000000000000000000000000001000000000000
nr_digg_reply,1,1,00000000000000000000000000000000000000000000000000000000000000000001000000000000
nr_digg_reply,1,1,00000000000000000000000000000000000000000000000000000000000000000001000000000000
nr_digg_reply,1,1,00000000000000000000000000000000000000000000000000000000000000000001000000000000
nr_digg_reply,1,1,00000000000000000000000000000000000000000000000000000000000000000001000000000000
nr_digg_reply,1,1,00000000000000000000000000000000000000000000000000000000000000000001000000000000
nr_digg_reply,1,1,00000000000000000000000000000000000000000000000000000000000000000001000000000000
nr_digg_reply,1,1,00000000000000000000000000000000000000000000000000000000000000000001000000000000
nr_digg_reply,1,1,00000000000000000000000000000000000000000000000000000000000000000001000000000000
nr_digg_reply,1,1,00000000000000000000000000000000000000000000000000000000000000000000100000000000
nr_digg_reply,1,1,00000000000000000000000000000000000000000000000000000000000000000000100000000000
nr_digg_reply,1,1,00000000000000000000000000000000000000000000000000000000000000000000100000000000
nr_digg_reply,1,1,00000000000000000000000000000000000000000000000000000000000000000000100000000000
nr_digg_reply,1,1,00000000000000000000000000000000000000000000000000000000000000000000100000000000
nr_digg_reply,1,1,00000000000000000000000000000000000000000000000000000000000000000000100000000000
nr_digg_reply,1,1,00000000000000000000000000000000000000000000000000000000000000000000000100000000
nr_digg_reply,1,1,00000000000000000000000000000000000000000000000000000000000000000000000100000000
nr_digg_reply,1,1,00000000000000000000000000000000000000000000000000000000000000000000000100000000
nr_digg_reply,1,1,00000000000000000000000000000000000000000000000000000000000000000000000100000000
nr_digg_reply,1,1,00000000000000000000000000000000000000000000000000000000000000000000000010000000
nr_digg_reply,1,1,00000000000000000000000000000000000000000000000000000000000000000000000010000000
nr_digg_reply,1,1,00000000000000000000000000000000000000000000000000000000000000000000000001000000
nr_digg_reply,1,1,00000000000000000000000000000000000000000000000000000000000000000000000000100000
nr_digg_reply,1,1,00000000000000000000000000000000000000000000000000000000000000000000000000001000
nr_digg_reply,1,1,00000000000000000000000000000000000000000000000000000000000000000000000000000100
nr_digg_reply,1,1,00000000000000000000000000000000000000000000000000000000000000000000000000000100
nr_digg_reply,1,1,00000000000000000000000000000000000000000000000000000000000000000000000000000100
nr_digg_reply,1,1,00000000000000000000000000000000000000000000000000000000000000000000000000000100
nr_digg_reply,1,1,00000000000000000000000000000000000000000000000000000000000000000000000000000100
nr_digg_reply,1,1,00000000000000000000000000000000000000000000000000000000000000000000000000000001
nr_digg_reply,1,1,00000000000000000000000000000000000000000000000000000000000000000000000000000001
nr_digg_reply__pwt,2,2,00000000000000000010000000000000000000000000000000000000000000000000000000000001
nr_digg_reply__pwt,1,1,00000000010000000000000000000000000000000000000000000000000000000000000000000000
nr_digg_reply__pwt,1,1,00000000010000000000000000000000000000000000000000000000000000000000000000000000
nr_digg_reply__pwt,1,1,00000000001000000000000000000000000000000000000000000000000000000000000000000000
nr_digg_reply__pwt,1,1,00000000001000000000000000000000000000000000000000000000000000000000000000000000
nr_digg_reply__pwt,1,1,00000000000100000000000000000000000000000000000000000000000000000000000000000000
nr_digg_reply__pwt,1,1,00000000000010000000000000000000000000000000000000000000000000000000000000000000
nr_digg_reply__pwt,1,1,00000000000010000000000000000000000000000000000000000000000000000000000000000000
nr_digg_reply__pwt,1,1,00000000000000100000000000000000000000000000000000000000000000000000000000000000
nr_digg_reply__pwt,1,1,00000000000000100000000000000000000000000000000000000000000000000000000000000000
nr_digg_reply__pwt,1,1,00000000000000100000000000000000000000000000000000000000000000000000000000000000
nr_digg_reply__pwt,1,1,00000000000000000010000000000000000000000000000000000000000000000000000000000000
nr_digg_reply__pwt,1,1,00000000000000000000100000000000000000000000000000000000000000000000000000000000
nr_digg_reply__pwt,1,1,00000000000000000000001000000000000000000000000000000000000000000000000000000000
nr_digg_reply__pwt,1,1,00000000000000000000000100000000000000000000000000000000000000000000000000000000
nr_digg_reply__pwt,1,1,00000000000000000000000100000000000000000000000000000000000000000000000000000000
nr_digg_reply__pwt,1,1,00000000000000000000000010000000000000000000000000000000000000000000000000000000
nr_digg_reply__pwt,1,1,00000000000000000000000001000000000000000000000000000000000000000000000000000000
nr_digg_reply__pwt,1,1,00000000000000000000000001000000000000000000000000000000000000000000000000000000
nr_digg_reply__pwt,1,1,00000000000000000000000001000000000000000000000000000000000000000000000000000000
nr_digg_reply__pwt,1,1,00000000000000000000000001000000000000000000000000000000000000000000000000000000
nr_digg_reply__pwt,1,1,00000000000000000000000000100000000000000000000000000000000000000000000000000000
nr_digg_reply__pwt,1,1,00000000000000000000000000001000000000000000000000000000000000000000000000000000
nr_digg_reply__pwt,1,1,00000000000000000000000000000100000000000000000000000000000000000000000000000000
nr_digg_reply__pwt,1,1,00000000000000000000000000000010000000000000000000000000000000000000000000000000
nr_digg_reply__pwt,1,1,00000000000000000000000000000010000000000000000000000000000000000000000000000000
nr_digg_reply__pwt,1,1,00000000000000000000000000000010000000000000000000000000000000000000000000000000
nr_digg_reply__pwt,1,1,00000000000000000000000000000010000000000000000000000000000000000000000000000000
nr_digg_reply__pwt,1,1,00000000000000000000000000000000100000000000000000000000000000000000000000000000
nr_digg_reply__pwt,1,1,00000000000000000000000000000000100000000000000000000000000000000000000000000000
nr_digg_reply__pwt,1,1,00000000000000000000000000000000100000000000000000000000000000000000000000000000
nr_digg_reply__pwt,1,1,00000000000000000000000000000000010000000000000000000000000000000000000000000000
nr_digg_reply__pwt,1,1,00000000000000000000000000000000010000000000000000000000000000000000000000000000
nr_digg_reply__pwt,1,1,00000000000000000000000000000000010000000000000000000000000000000000000000000000
nr_digg_reply__pwt,1,1,00000000000000000000000000000000010000000000000000000000000000000000000000000000
nr_digg_reply__pwt,1,1,00000000000000000000000000000000010000000000000000000000000000000000000000000000
nr_digg_reply__pwt,1,1,00000000000000000000000000000000000010000000000000000000000000000000000000000000
nr_digg_reply__pwt,1,1,00000000000000000000000000000000000001000000000000000000000000000000000000000000
nr_digg_reply__pwt,1,1,00000000000000000000000000000000000001000000000000000000000000000000000000000000
nr_digg_reply__pwt,1,1,00000000000000000000000000000000000001000000000000000000000000000000000000000000
nr_digg_reply__pwt,1,1,00000000000000000000000000000000000001000000000000000000000000000000000000000000
nr_digg_reply__pwt,1,1,00000000000000000000000000000000000000100000000000000000000000000000000000000000
nr_digg_reply__pwt,1,1,00000000000000000000000000000000000000100000000000000000000000000000000000000000
nr_digg_reply__pwt,1,1,00000000000000000000000000000000000000010000000000000000000000000000000000000000
nr_digg_reply__pwt,1,1,00000000000000000000000000000000000000010000000000000000000000000000000000000000
nr_digg_reply__pwt,1,1,00000000000000000000000000000000000000010000000000000000000000000000000000000000
nr_digg_reply__pwt,1,1,00000000000000000000000000000000000000001000000000000000000000000000000000000000
nr_digg_reply__pwt,1,1,00000000000000000000000000000000000000001000000000000000000000000000000000000000
nr_digg_reply__pwt,1,1,00000000000000000000000000000000000000000000100000000000000000000000000000000000
nr_digg_reply__pwt,1,1,00000000000000000000000000000000000000000000010000000000000000000000000000000000
nr_digg_reply__pwt,1,1,00000000000000000000000000000000000000000000001000000000000000000000000000000000
nr_digg_reply__pwt,1,1,00000000000000000000000000000000000000000000001000000000000000000000000000000000
nr_digg_reply__pwt,1,1,00000000000000000000000000000000000000000000000100000000000000000000000000000000
nr_digg_reply__pwt,1,1,00000000000000000000000000000000000000000000000100000000000000000000000000000000
nr_digg_reply__pwt,1,1,00000000000000000000000000000000000000000000000010000000000000000000000000000000
nr_digg_reply__pwt,1,1,00000000000000000000000000000000000000000000000001000000000000000000000000000000
nr_digg_reply__pwt,1,1,00000000000000000000000000000000000000000000000000100000000000000000000000000000
nr_digg_reply__pwt,1,1,00000000000000000000000000000000000000000000000000100000000000000000000000000000
nr_digg_reply__pwt,1,1,00000000000000000000000000000000000000000000000000100000000000000000000000000000
nr_digg_reply__pwt,1,1,00000000000000000000000000000000000000000000000000010000000000000000000000000000
nr_digg_reply__pwt,1,1,00000000000000000000000000000000000000000000000000010000000000000000000000000000
nr_digg_reply__pwt,1,1,00000000000000000000000000000000000000000000000000010000000000000000000000000000
nr_digg_reply__pwt,1,1,00000000000000000000000000000000000000000000000000000100000000000000000000000000
nr_digg_reply__pwt,1,1,00000000000000000000000000000000000000000000000000000100000000000000000000000000
nr_digg_reply__pwt,1,1,00000000000000000000000000000000000000000000000000000001000000000000000000000000
nr_digg_reply__pwt,1,1,00000000000000000000000000000000000000000000000000000001000000000000000000000000
nr_digg_reply__pwt,1,1,00000000000000000000000000000000000000000000000000000000100000000000000000000000
nr_digg_reply__pwt,1,1,00000000000000000000000000000000000000000000000000000000001000000000000000000000
nr_digg_reply__pwt,1,1,00000000000000000000000000000000000000000000000000000000000010000000000000000000
nr_digg_reply__pwt,1,1,00000000000000000000000000000000000000000000000000000000000010000000000000000000
nr_digg_reply__pwt,1,1,00000000000000000000000000000000000000000000000000000000000010000000000000000000
nr_digg_reply__pwt,1,1,00000000000000000000000000000000000000000000000000000000000000100000000000000000
nr_digg_reply__pwt,1,1,00000000000000000000000000000000000000000000000000000000000000100000000000000000
nr_digg_reply__pwt,1,1,00000000000000000000000000000000000000000000000000000000000000100000000000000000
nr_digg_reply__pwt,1,1,00000000000000000000000000000000000000000000000000000000000000010000000000000000
nr_digg_reply__pwt,1,1,00000000000000000000000000000000000000000000000000000000000000010000000000000000
nr_digg_reply__pwt,1,1,00000000000000000000000000000000000000000000000000000000000000010000000000000000
nr_digg_reply__pwt,1,1,00000000000000000000000000000000000000000000000000000000000000000100000000000000
nr_digg_reply__pwt,1,1,00000000000000000000000000000000000000000000000000000000000000000010000000000000
nr_digg_reply__pwt,1,1,00000000000000000000000000000000000000000000000000000000000000000001000000000000
nr_digg_reply__pwt,1,1,00000000000000000000000000000000000000000000000000000000000000000001000000000000
nr_digg_reply__pwt,1,1,00000000000000000000000000000000000000000000000000000000000000000000010000000000
nr_digg_reply__pwt,1,1,00000000000000000000000000000000000000000000000000000000000000000000010000000000
nr_digg_reply__pwt,1,1,00000000000000000000000000000000000000000000000000000000000000000000010000000000
nr_digg_reply__pwt,1,1,00000000000000000000000000000000000000000000000000000000000000000000001000000000
nr_digg_reply__pwt,1,1,00000000000000000000000000000000000000000000000000000000000000000000001000000000
nr_digg_reply__pwt,1,1,00000000000000000000000000000000000000000000000000000000000000000000000010000000
nr_digg_reply__pwt,1,1,00000000000000000000000000000000000000000000000000000000000000000000000010000000
nr_digg_reply__pwt,1,1,00000000000000000000000000000000000000000000000000000000000000000000000010000000
nr_digg_reply__pwt,1,1,00000000000000000000000000000000000000000000000000000000000000000000000010000000
nr_digg_reply__pwt,1,1,00000000000000000000000000000000000000000000000000000000000000000000000001000000
nr_digg_reply__pwt,1,1,00000000000000000000000000000000000000000000000000000000000000000000000001000000
nr_digg_reply__pwt,1,1,00000000000000000000000000000000000000000000000000000000000000000000000001000000
nr_digg_reply__pwt,1,1,00000000000000000000000000000000000000000000000000000000000000000000000000001000
nr_digg_reply__pwt,1,1,00000000000000000000000000000000000000000000000000000000000000000000000000000100
nr_digg_reply__pwt,1,1,00000000000000000000000000000000000000000000000000000000000000000000000000000100
nr_digg_reply__pwt,1,1,00000000000000000000000000000000000000000000000000000000000000000000000000000100
nr_digg_reply__pwt,1,1,00000000000000000000000000000000000000000000000000000000000000000000000000000100
nr_digg_reply__pwt,1,1,00000000000000000000000000000000000000000000000000000000000000000000000000000010
nr_digg_reply__pwt,1,1,00000000000000000000000000000000000000000000000000000000000000000000000000000001
nr_radoslaw_email,5,252,11111111111111111101111111101111111011101011100000101111111111111111011111111111
nr_radoslaw_email,5,98,10101010111001111101010101110101010111011100101011101110101010110011101101010101
nr_radoslaw_email,5,77,11001100000011010000000111100111100000000000001011001000011000001101100000010101
nr_radoslaw_email,5,20,01000000000000001000000000000000000000000001100000000000000000011000000000000000
nr_radoslaw_email,5,13,01000000000000000000000100000000000010000000000000000100001000000100000010000000
nr_radoslaw_email,5,18,01000000000011000001001001100000000000010000000000101010000000000000000001100000
nr_radoslaw_email,5,44,01010001010011000000001000100000000000000010000000101000000000000000001101000010
nr_radoslaw_email,5,21,01010101000000010000000000000010100011111100000000001000000000000000000000000001
nr_radoslaw_email,5,105,01101010010111000101011000110101000000111000101011100000000100110000000001101101
nr_radoslaw_email,5,408,01111111010001010011111111111111111111111111111100001011111111111111111101111111
nr_radoslaw_email,5,47,00100010000000000100000000010001001110000000000000001001000000010000000001011101
nr_radoslaw_email,5,109,00011111110101111101011100100000001000011010011100000000000011010100001101100001
nr_radoslaw_email,5,94,00000111010011010111011000010010110010000000001010000100011000011010010000001001
nr_radoslaw_email,5,12,00000010010000110000100000000000000000000000100000000000000100000000000000001010
nr_radoslaw_email,5,42,00000011010110010000101000100000000000101000000100010100001010000000001100000110
nr_radoslaw_email,5,54,00000001010000010101010000000000010010000010000010100100001011000010010100000001
nr_radoslaw_email,5,30,00000000010100010100010000100000000000000010001000000000101100000000000100000000
nr_radoslaw_email,5,67,00000000011000000000000100000000000000110000100000000000000111110111111101001000
nr_radoslaw_email,5,15,00000000000100100000000010000100010000000000001000000010000100000000011001100000
nr_radoslaw_email,5,24,00000000000100001000000000100000000000100000000000001000000011000001101100000010
nr_radoslaw_email,4,20,11000000000011000100001100100010000000000000000000000100000000000100000001000000
nr_radoslaw_email,4,6,01000101000000000000000000001000000000000000001000000100000000000000000000000000
nr_radoslaw_email,4,37,01000000000000000000000000000000000000000000100111111100000000011000000000000000
nr_radoslaw_email,4,10,01100000000000000000001000100000000000000000000000000000000010000000000000000010
nr_radoslaw_email,4,34,01010000010011000011011000100000000000100010000000000000000000000100000001000001
nr_radoslaw_email,4,29,00000100010010000000000100101010000000011000000000000000000000001000000100000001
nr_radoslaw_email,4,22,00000001010011000000001000100000000000001000000000000000000000000100000001000000
nr_radoslaw_email,4,11,00000000110100000100000000000000000000000000001010000000000000100000000000000000
nr_radoslaw_email,4,13,00000000000001000000000000000010000000101010000000001000000000000000000000000000
nr_radoslaw_email,3,5,11000000010000000000000000000000000000000010000000000000000000000000000000000001
nr_radoslaw_email,3,14,01010100000001000001000000000000000000000000000000001000000000000000000000000000
nr_radoslaw_email,3,44,01111111011111010001010000100000000000000000000000000000000000000000000000010000
nr_radoslaw_email,3,57,00111001111011111101000101000000000000010000100000000000000000000000000000000000
nr_radoslaw_email,3,5,00001001000000000000000000000000100000000000000000000000000000001000000000000000
nr_radoslaw_email,3,3,00000001000000000000000000000000100000000000000000000000000000100000000000000000
nr_radoslaw_email,3,3,00000001000000000001000000000000000000000000000000000000000000000000000000000010
nr_radoslaw_email,3,8,00000000000000010000000000000100000000000000000000000000000001000000000000000000
nr_radoslaw_email,3,17,00000000000000000000000000000000000000000001000000000000001000000000000100010101
nr_radoslaw_email,2,6,01000000000000000000000000000000000000000000000000000000000000000000000001010000
nr_radoslaw_email,2,3,00000100000000000000000000000000000000000000000000000001000000000000000000000000
nr_radoslaw_email,2,4,00000001000000000001000000000000000000000000000000000000000000000000000000000000
nr_radoslaw_email,2,4,00000001000000000001000000000000000000000000000000000000000000000000000000000000
nr_radoslaw_email,2,3,00000000010000000000000000100000000000000000000000000000000000000000000000000000
nr_radoslaw_email,2,5,00000000000010000100000100000000000000000000000000000000000000000000000000000000
nr_radoslaw_email,2,4,00000000000001000001010000000000000000000000000000000000000000000000000000000000
nr_radoslaw_email,2,10,00000000000000000010000000000000000000000000000000000000000000000000010100000000
nr_radoslaw_email,2,3,00000000000000000001000000000000000000000000000000000000000000000100000000000000
nr_radoslaw_email,2,3,00000000000000000001000000000000000000000000000000000000000000000000000000000010
nr_radoslaw_email,2,6,00000000000000000000001000100000000000001000000000000000000000000000000000000000
nr_radoslaw_email,2,3,00000000000000000000000001000000000000000000001000000000000000000000000000000000
nr_radoslaw_email,2,4,00000000000000000000000000001000000000001000000000000000000000000000000000000000
nr_radoslaw_email,2,6,00000000000000000000000000000100100000001000000000000000000000000000000000000000
nr_radoslaw_email,2,2,00000000000000000000000000000001000000000000000000000000000000000000000000000010
nr_radoslaw_email,2,9,00000000000000000000000000000000000000000000000010000000010000001000000000000001
nr_radoslaw_email,2,2,00000000000000000000000000000000000000000000000000000000001000000000000000010000
nr_radoslaw_email,1,3,10000010000000000000000000000000000000000000000000000000000000000000000000000000
nr_radoslaw_email,1,5,11000000000100000000000000000000000000000000000000000000000000000000000000000000
nr_radoslaw_email,1,8,11100000000001000000000000000000000000000000000000000000000000000000000000000000
nr_radoslaw_email,1,2,01100000000000000000000000000000000000000000000000000000000000000000000000000000
nr_radoslaw_email,1,2,01010000000000000000000000000000000000000000000000000000000000000000000000000000
nr_radoslaw_email,1,8,00101011000000000000000000000000000000000000000000000000000000000000000000000000
nr_radoslaw_email,1,2,00010000000000000000000000000000000000000000000000000000000000000000000000000000
nr_radoslaw_email,1,2,00010000000000000000000000000000000000000000000000000000000000000000000000000000
nr_radoslaw_email,1,2,00010000000000000000000000000000000000000000000000000000000000000000000000000000
nr_radoslaw_email,1,2,00010000000000000000000000000000000000000000000000000000000000000000000000000000
nr_radoslaw_email,1,3,00010100000000000000000000000000000000000000000000000000000000000000000000000000
nr_radoslaw_email,1,4,00000000000010000000000000000000000000000000000000000000000000000000000000000000
nr_radoslaw_email,1,2,00000000000000100000000000000000000000000000000000000000000000000000000000000000
nr_radoslaw_email,1,2,00000000000000100000000000000000000000000000000000000000000000000000000000000000
nr_radoslaw_email,1,2,00000000000000100000000000000000000000000000000000000000000000000000000000000000
nr_radoslaw_email,1,2,00000000000000100000000000000000000000000000000000000000000000000000000000000000
nr_radoslaw_email,1,3,00000000000000000110000000000000000000000000000000000000000000000000000000000000
nr_radoslaw_email,1,2,00000000000000000001000000000000000000000000000000000000000000000000000000000000
nr_radoslaw_email,1,2,00000000000000000001000000000000000000000000000000000000000000000000000000000000
nr_radoslaw_email,1,2,00000000000000000000001000000000000000000000000000000000000000000000000000000000
nr_radoslaw_email,1,2,00000000000000000000001000000000000000000000000000000000000000000000000000000000
nr_radoslaw_email,1,2,00000000000000000000001000000000000000000000000000000000000000000000000000000000
nr_radoslaw_email,1,2,00000000000000000000001100000000000000000000000000000000000000000000000000000000
nr_radoslaw_email,1,2,00000000000000000000000000000000000000000000001000000000000000000000000000000000
nr_radoslaw_email,1,2,00000000000000000000000000000000000000000000000000000000000000100000000000000000
nr_radoslaw_email,1,2,00000000000000000000000000000000000000000000000000000000000000000100000000000000
nr_radoslaw_email,1,7,00000000000000000000000000000000000000000000000000000000000000000001000001010100
nr_radoslaw_email,1,3,00000000000000000000000000000000000000000000000000000000000000000000000100001000
nr_radoslaw_email,1,2,00000000000000000000000000000000000000000000000000000000000000000000000000001000
nr_radoslaw_email,1,2,00000000000000000000000000000000000000000000000000000000000000000000000000000010
nr_radoslaw_email,1,1,10000000000000000000000000000000000000000000000000000000000000000000000000000000
nr_radoslaw_email,1,1,10000000000000000000000000000000000000000000000000000000000000000000000000000000
nr_radoslaw_email,1,1,00010000000000000000000000000000000000000000000000000000000000000000000000000000
nr_radoslaw_email,1,1,00000001000000000000000000000000000000000000000000000000000000000000000000000000
nr_radoslaw_email,1,1,00000000000001000000000000000000000000000000000000000000000000000000000000000000
nr_radoslaw_email,1,1,00000000000001000000000000000000000000000000000000000000000000000000000000000000
nr_radoslaw_email,1,1,00000000000000100000000000000000000000000000000000000000000000000000000000000000
nr_radoslaw_email,1,1,00000000000000000001000000000000000000000000000000000000000000000000000000000000
nr_radoslaw_email,1,1,00000000000000000001000000000000000000000000000000000000000000000000000000000000
nr_radoslaw_email,1,1,00000000000000000000000000100000000000000000000000000000000000000000000000000000
nr_radoslaw_email,1,1,00000000000000000000000000100000000000000000000000000000000000000000000000000000
nr_radoslaw_email,1,1,00000000000000000000000000000001000000000000000000000000000000000000000000000000
nr_radoslaw_email,1,1,00000000000000000000000000000000001000000000000000000000000000000000000000000000
nr_radoslaw_email,1,1,00000000000000000000000000000000000000001000000000000000000000000000000000000000
nr_radoslaw_email,1,1,00000000000000000000000000000000000000000000000000000000000000100000000000000000
nr_radoslaw_email__pwt,5,35,11011111000000010101001100110010000011100000100100100011100000001001100001001000
nr_radoslaw_email__pwt,5,24,10000110000001000001100010110001011000001100100000100011001001001000000000010100
nr_radoslaw_email__pwt,5,30,10010101010001010100000001000000000001010000100010100001101010000000010001001100
nr_radoslaw_email__pwt,5,68,11111111111100110101010010010001101011101010101011101011000000110100000011000100
nr_radoslaw_email__pwt,5,73,11101101010001111100111111111110100000101000001100100110101011101001101111001110
nr_radoslaw_email__pwt,5,37,11010110010011111100100101001001001000100010000010110110010000000110010000010110
nr_radoslaw_email__pwt,5,76,11010101010011110110100111111101110010001011110111110111100100110101101000001110
nr_radoslaw_email__pwt,5,18,10001000001100110001010010000000000000000010000000000000000000100000000011001101
nr_radoslaw_email__pwt,5,60,11010001010000110101010000111110001010000010011010110011011110101110100111101001
nr_radoslaw_email__pwt,5,87,11010111010111111101110101111111010010110011011110000001001010011101111011011011
nr_radoslaw_email__pwt,5,9,01100000000000000010000000000000000000000000000100101000000000000100000100000000
nr_radoslaw_email__pwt,5,14,01000000100001000100001000000101000000001000000010000000000101000100000001000000
nr_radoslaw_email__pwt,5,9,01000010010000000000001000010000000000000001000000100000000000000000000000010000
nr_radoslaw_email__pwt,5,12,01010010000000000010000000010000010000000100000000000000100000011000000000000100
nr_radoslaw_email__pwt,5,88,01010111111111111101001111110111100001111101100110001011010111101100010111000101
nr_radoslaw_email__pwt,5,98,01010001011101011101010011000111111011111011011010111110101101111101111101011111
nr_radoslaw_email__pwt,5,60,01010111110001010101010001110011111010110011101110110001101111000001100101100101
nr_radoslaw_email__pwt,5,8,00100000000000100000000000001000000000100000100000000000100000100000010000000000
nr_radoslaw_email__pwt,5,17,00110010001001010000011000000000001000011000000000100001000000000000000001000100
nr_radoslaw_email__pwt,5,9,00010000000001000100000100000000001000001000000000001010000000000000010000000000
nr_radoslaw_email__pwt,5,9,00010000010000000000010000000001010000001000010010000000000000000000000100000000
nr_radoslaw_email__pwt,5,31,00011100110011010001000000100010000001001010100010101000000010000001001001010000
nr_radoslaw_email__pwt,5,17,00010000010011010001000000000000100001000000000101000010001000100001000000000010
nr_radoslaw_email__pwt,5,32,00011000010011111001110000101001001011001000000000100100000100010000010001000110
nr_radoslaw_email__pwt,5,40,00010011110001000100011001110111000010101010000001000010000100110101010001010101
nr_radoslaw_email__pwt,5,20,00001011010000000001010000010000110000001000100000101000000000000010000110010100
nr_radoslaw_email__pwt,5,32,00001001110101010100101000000000010000100010000010110100000001100001000100011001
nr_radoslaw_email__pwt,5,12,00001000000010001000000000000010000010000000101010000000000000000000000100000001
nr_radoslaw_email__pwt,5,12,00000001000010001000000100000000000100101000100000000001100001000000000001000000
nr_radoslaw_email__pwt,5,12,00000000010000000100010100001010000000001001010010000000000000000000000100000000
nr_radoslaw_email__pwt,5,16,00000000010001000000000001101001101001000000000000110000000000000000010000001010
nr_radoslaw_email__pwt,5,22,00000000011011100100000000000001100111000001001010001000000100000100010100010001
nr_radoslaw_email__pwt,5,6,00000000001000000000010000000000000000000001000000000001000000010000000000010000
nr_radoslaw_email__pwt,5,19,00000000000001011001001000000010100010100000001001000010000010000001000001000010
nr_radoslaw_email__pwt,5,18,00000000000000100000010001000010100100000000000100000001000000000011000100000100
nr_radoslaw_email__pwt,4,4,10000000000000000000000000000000000000000001000000000000100000000000100000000000
nr_radoslaw_email__pwt,4,4,10000000000000000000000000000000000001000000000000000010000000000000000000010000
nr_radoslaw_email__pwt,4,14,01100001000100100100010000000001100000001000000010000000011000000000000000000000
nr_radoslaw_email__pwt,4,6,01000100000000000000000000000000000001000000000010000000000000000000000000010000
nr_radoslaw_email__pwt,4,9,01000100000000000100000000001100000000100000000000000000000000000100000000001000
nr_radoslaw_email__pwt,4,10,00010000100001000100000000000001000010000010000000000000000001100000000000000000
nr_radoslaw_email__pwt,4,5,00001000000000000000010000000000100000000000000100000000000001000000000000000000
nr_radoslaw_email__pwt,4,4,00000000000100000100000000000000000000000000000000100000000000000000000000001000
nr_radoslaw_email__pwt,4,6,00000000000001000001000000100001000000000000001000100000000000000000000000000000
nr_radoslaw_email__pwt,4,8,00000000000000000001010000000000000000000001000000000000000001000100010000000100
nr_radoslaw_email__pwt,3,4,01000000000000000000000000000000001000001000000000010000000000000000000000000000
nr_radoslaw_email__pwt,3,4,00010000010000000000000100000000000000100000000000000000000000000000000000000000
nr_radoslaw_email__pwt,3,3,00001000000000000000000000000000000000000000000000000001000000000000000000000010
nr_radoslaw_email__pwt,3,4,00000000010000000000000000000000000000001001000000000000000000000000000001000000
nr_radoslaw_email__pwt,3,3,00000000000100000000000000000000000000000000000000000010000000000000010000000000
nr_radoslaw_email__pwt,3,4,00000000000001000000000000100001000000000000000000001000000000000000000000000000
nr_radoslaw_email__pwt,3,3,00000000000001000000000000000000000000100000000000000000000000000000000000100000
nr_radoslaw_email__pwt,3,3,00000000000000100000000000000000000000000010000000000000010000000000000000000000
nr_radoslaw_email__pwt,3,4,00000000000000010000000000000000000000000000000000000000000000100000010000000010
nr_radoslaw_email__pwt,3,3,00000000000000000000000001000000010000000000000000000001000000000000000000000000
nr_radoslaw_email__pwt,3,4,00000000000000000000000000000010000000000000000000000000010010000000000000010000
nr_radoslaw_email__pwt,2,2,10000000000000000000000000000000000000000000000100000000000000000000000000000000
nr_radoslaw_email__pwt,2,2,01000000000000000000000000000000000000000000000000000000000000000000000001000000
nr_radoslaw_email__pwt,2,2,00010000000000000000000000000000000000000000000000000000000000000000000000010000
nr_radoslaw_email__pwt,2,2,00000100000000000000000000100000000000000000000000000000000000000000000000000000
nr_radoslaw_email__pwt,2,2,00000100000000000000000000000000000000000000000000100000000000000000000000000000
nr_radoslaw_email__pwt,2,4,00000010100001000001000000000000000000000000000000000000000000000000000000000000
nr_radoslaw_email__pwt,2,2,00000001000000000000000000000000000000000000000000000000000000000000000001000000
nr_radoslaw_email__pwt,2,2,00000000001000000000000000000000000000000000000000000000000000000000000000000001
nr_radoslaw_email__pwt,2,4,00000000000001000000000000000000000000000000000000000000001000000000000000000000
nr_radoslaw_email__pwt,2,2,00000000000000000100000000000000000000000000000000000000000010000000000000000000
nr_radoslaw_email__pwt,2,2,00000000000000000001000000000000000000000000000000000000000100000000000000000000
nr_radoslaw_email__pwt,2,2,00000000000000000000010000000000000000000000000000000000000000000000000000001000
nr_radoslaw_email__pwt,2,2,00000000000000000000001000000000000000000000100000000000000000000000000000000000
nr_radoslaw_email__pwt,2,2,00000000000000000000000001000000000000000000100000000000000000000000000000000000
nr_radoslaw_email__pwt,2,2,00000000000000000000000000010000000000000000000010000000000000000000000000000000
nr_radoslaw_email__pwt,2,2,00000000000000000000000000000100100000000000000000000000000000000000000000000000
nr_radoslaw_email__pwt,2,2,00000000000000000000000000000100000000000000000000000000000000000000100000000000
nr_radoslaw_email__pwt,2,2,00000000000000000000000000000001000000000000000000000000100000000000000000000000
nr_radoslaw_email__pwt,2,2,00000000000000000000000000000001000000000000000000000000000000000000000010000000
nr_radoslaw_email__pwt,2,3,00000000000000000000000000000000000010000000000000001000000010000000000000000000
nr_radoslaw_email__pwt,2,2,00000000000000000000000000000000000001000000000000000000000000000000000000001000
nr_radoslaw_email__pwt,2,2,00000000000000000000000000000000000000000000000000100000000000000000000000000100
nr_radoslaw_email__pwt,2,2,00000000000000000000000000000000000000000000000000000000100000000000000100000000
nr_radoslaw_email__pwt,2,2,00000000000000000000000000000000000000000000000000000000010000000000000010000000
nr_radoslaw_email__pwt,1,2,00010001000000000000000000000000000000000000000000000000000000000000000000000000
nr_radoslaw_email__pwt,1,2,00000000000000000000000000000000000000000000000000000000000000001010000000000000
nr_radoslaw_email__pwt,1,2,00000000000000000000000000000000000000000000000000000000000000000101000000000000
nr_radoslaw_email__pwt,1,2,00000000000000000000000000000000000000000000000000000000000000000001000000000100
nr_radoslaw_email__pwt,1,2,00000000000000000000000000000000000000000000000000000000000000000000010000010000
nr_radoslaw_email__pwt,1,1,00000010000000000000000000000000000000000000000000000000000000000000000000000000
nr_radoslaw_email__pwt,1,1,00000001000000000000000000000000000000000000000000000000000000000000000000000000
nr_radoslaw_email__pwt,1,1,00000000010000000000000000000000000000000000000000000000000000000000000000000000
nr_radoslaw_email__pwt,1,1,00000000000100000000000000000000000000000000000000000000000000000000000000000000
nr_radoslaw_email__pwt,1,1,00000000000001000000000000000000000000000000000000000000000000000000000000000000
nr_radoslaw_email__pwt,1,1,00000000000000000000001000000000000000000000000000000000000000000000000000000000
nr_radoslaw_email__pwt,1,1,00000000000000000000001000000000000000000000000000000000000000000000000000000000
nr_radoslaw_email__pwt,1,1,00000000000000000000000000000100000000000000000000000000000000000000000000000000
nr_radoslaw_email__pwt,1,1,00000000000000000000000000000000000000000000100000000000000000000000000000000000
nr_radoslaw_email__pwt,1,1,00000000000000000000000000000000000000000000000010000000000000000000000000000000
nr_radoslaw_email__pwt,1,1,00000000000000000000000000000000000000000000000000000100000000000000000000000000
nr_radoslaw_email__pwt,1,1,00000000000000000000000000000000000000000000000000000000000001000000000000000000
nr_radoslaw_email__pwt,1,1,00000000000000000000000000000000000000000000000000000000000000000000000001000000
nr_radoslaw_email__pwt,1,1,00000000000000000000000000000000000000000000000000000000000000000000000000000100
nr_radoslaw_email__pwt,1,1,00000000000000000000000000000000000000000000000000000000000000000000000000000010
reality_mining,5,2102,11111111011111110101111110111111011110110111111111110001111110111101110111110111
reality_mining,5,71,11000000000000000000111100011100000000101101001000000001111000011111111111001111
reality_mining,5,216,11101111100100001111111110000011000000000001101011110000000000000001100111110111
reality_mining,5,62,00100000000000000000000000101011000000000000001010001011001010000000100010010000
reality_mining,5,223,00100101001110010111011010110011100000010010000010100100101010110100111010000010
reality_mining,5,94,00001100000010011000000000011000000000010000001001101000001010000000100010000000
reality_mining,5,338,00000000011001000000000010000001000010000000001000101100101011011100000011100000
reality_mining,5,36,00000000000010001100001000001001000000010001000000110100001010110000000000010010
reality_mining,4,155,10100001111110010000111010101101000000101111111000000001110000000000000000000000
reality_mining,4,50,10101101011010100101100000110101110000011100000111100000110000000000000000000000
reality_mining,4,29,10000000000100001100000010100100000000001101010110100000101000000000000000000000
reality_mining,4,49,10100010000000000000000000110111000000000000000010000001000000100101000000000011
reality_mining,4,123,00101011100000001000010000110000000000010101101110000000000000000000000000000000
reality_mining,4,40,00000000010001001000000100101100000000000000000000001001001010000001000000000101
reality_mining,4,8,00000000000100000000000000010000000000000000000000000000000000010000001000000000
reality_mining,3,92,10111101011001110111011000111101110000000000000000000000000000000000000000000000
reality_mining,3,446,11111101011111110110011110111111110000000000000000000000000000000000000000000000
reality_mining,3,38,10101101001110000010001010011100000000000000100000000000000000000000000000000000
reality_mining,3,15,10000100000010001000000000000010000000000000100000000000000000000000000000000000
reality_mining,3,19,10000000000000000100000100001100000000000000000000000000000000000000000000000001
reality_mining,3,203,00111101110110000000010110100111111000000000000000000000000000000000000000000000
reality_mining,3,136,00101000000000000000010010110111100000010000000000000000000000000000000000000000
reality_mining,3,78,00110000110000111101011110111110000000010110000000000000000000000000000000000000
reality_mining,3,62,00110101011000010010000000010000000000000100001000000000000000000000000000000000
reality_mining,3,19,00000001000000000011101000111000001000101101000000000000000000000000000000000000
reality_mining,3,154,00000001110000001100101000010000000000000000000000000000011100000000000000000000
reality_mining,3,694,00000000000000000000000000000000000000000001111111111111000000000001100011101001
reality_mining,3,47,00000000000000000000000000000000000000000000101011000000000000010000100000000000
reality_mining,3,12,00000000000000000000000000000000000000000000000100000000001000000000100000000000
reality_mining,2,16,10000000000000110100000000000000000000000000000000000000000000000000000000000000
reality_mining,2,24,10000001011000001000001000000000000000000000000000000000000000000000000000000000
reality_mining,2,65,10101011000000100100011100110000000000000000000000000000000000000000000000000000
reality_mining,2,133,10010000000000001101000110111000000000000000000000000000000000000000000000000000
reality_mining,2,942,10111111111111111111111100111000000000000000000000000000000000000000000000000000
reality_mining,2,4,10110000000000000000000000000100000000000000000000000000000000000000000000000000
reality_mining,2,368,01101101011110000000001000000000000000000000000000000000000000000000000000000000
reality_mining,2,44,00101001011000001000000000000000000000000000000000000000000000000000000000000000
reality_mining,2,9,00100000000000000100000000000000000000000000000000000000000000000000000000000000
reality_mining,2,82,00011000000000000100000000000000000000000000000000000000000000000000000000000000
reality_mining,2,24,00010000000101101001001000000000000000000000000000000000000000000000000000000000
reality_mining,2,485,00010111111010111111011110111000000000000000000000000000000000000000000000000000
reality_mining,2,7,00010010000000000000000000001000000000000000000000000000000000000000000000000000
reality_mining,2,3,00000100000000000001000000000000000000000000000000000000000000000000000000000000
reality_mining,2,21,00000110010000000100010000100100000000000000000000000000000000000000000000000000
reality_mining,2,44,00000011010000000011010010100100000000000000000000000000000000000000000000000000
reality_mining,2,30,00000010000000001001000010110100000000000000000000000000000000000000000000000000
reality_mining,2,37,00000001100000011000000000000000000000000000000000000000000000000000000000000000
reality_mining,2,9,00000001000000000000001000000000000000000000000000000000000000000000000000000000
reality_mining,2,164,00000001111110111110011110111000000000000000000000000000000000000000000000000000
reality_mining,2,21,00000001010000001000010110100100000000000000000000000000000000000000000000000000
reality_mining,2,373,00000000011010111111011110111000000000000000000000000000000000000000000000000000
reality_mining,2,10,00000000001110110001010000001000000000000000000000000000000000000000000000000000
reality_mining,2,13,00000000000100111000000000010001000000000000000000000000000000000000000000000000
reality_mining,2,3,00000000000011000000000010000000000000000000000000000000000000000000000000000000
reality_mining,2,41,00000000000011000000000000000000000000000110000000000000000000000000000000000000
reality_mining,2,10,00000000000000011000000000000000000000000000000000000000000000000000000000000000
reality_mining,2,177,00000000000000001101011010110111000000110111100000000000000000000000000000000000
reality_mining,2,84,00000000000000000101111000000010000000001100000000000000000000000000000000000000
reality_mining,2,9,00000000000000000010000000000000000000000101000000000000000000000000000000000000
reality_mining,2,6,00000000000000000001000000000010100000001100000000000000000000000000000000000000
reality_mining,2,3,00000000000000000000000000010000000000000000110000000000000000000000000000000000
reality_mining,1,3,10011000000000000000000000000000000000000000000000000000000000000000000000000000
reality_mining,1,3,00100001000000000000000000000000000000000000000000000000000000000000000000000000
reality_mining,1,8,00010000000000000000000000000000000000000000000000000000000000000000000000000000
reality_mining,1,58,00011000000000000000000000000000000000000000000000000000000000000000000000000000
reality_mining,1,10,00010000110010000000000000000000000000000000000000000000000000000000000000000000
reality_mining,1,22,00001001000000000000000000000000000000000000000000000000000000000000000000000000
reality_mining,1,17,00001001000010000000000000000000000000000000000000000000000000000000000000000000
reality_mining,1,12,00000000100110000000000000000000000000000000000000000000000000000000000000000000
reality_mining,1,2,00000000001000000000000000000000000000000000000000000000000000000000000000000000
reality_mining,1,9,00000000000010000000000000000000000000000000000000000000000000000000000000000000
reality_mining,1,8,00000000000000110000000000000000000000000000000000000000000000000000000000000000
reality_mining,1,3,00000000000000010000000000000000000000000000000000000000000000000000000000000000
reality_mining,1,135,00000000000000001111001110110000000000000000000000000000000000000000000000000000
reality_mining,1,4,00000000000000001000010000010000000000000000000000000000000000000000000000000000
reality_mining,1,198,00000000000000001111011110111000000000000000000000000000000000000000000000000000
reality_mining,1,30,00000000000000000101000110110000000000000000000000000000000000000000000000000000
reality_mining,1,4,00000000000000000000010010000010000000000000000000000000000000000000000000000000
reality_mining,1,8,00000000000000000000001000010000000000000000000000000000000000000000000000000000
reality_mining,1,2,00000000000000000000000010000000000000000000000000000000000000000000000000000000
reality_mining,1,6,00000000000000000000000000110001000000000000000000000000000000000000000000000000
reality_mining,1,5,00000000000000000000000000000000000000000000100000000000000000000000000000000000
reality_mining,1,1,10000000000000000000000000000000000000000000000000000000000000000000000000000000
reality_mining,1,1,10000000000000000000000000000000000000000000000000000000000000000000000000000000
reality_mining,1,1,10000000000000000000000000000000000000000000000000000000000000000000000000000000
reality_mining,1,1,00100000000000000000000000000000000000000000000000000000000000000000000000000000
reality_mining,1,1,00000000001000000000000000000000000000000000000000000000000000000000000000000000
reality_mining,1,1,00000000000010000000000000000000000000000000000000000000000000000000000000000000
reality_mining,1,1,00000000000001000000000000000000000000000000000000000000000000000000000000000000
reality_mining,1,1,00000000000000001000000000000000000000000000000000000000000000000000000000000000
reality_mining,1,1,00000000000000000100000000000000000000000000000000000000000000000000000000000000
reality_mining,1,1,00000000000000000100000000000000000000000000000000000000000000000000000000000000
reality_mining,1,1,00000000000000000000001000000000000000000000000000000000000000000000000000000000
reality_mining,1,1,00000000000000000000000100000000000000000000000000000000000000000000000000000000
reality_mining,1,1,00000000000000000000000100000000000000000000000000000000000000000000000000000000
reality_mining,1,1,00000000000000000000000000100000000000000000000000000000000000000000000000000000
reality_mining,1,1,00000000000000000000000000100000000000000000000000000000000000000000000000000000
reality_mining,1,1,00000000000000000000000000000100000000000000000000000000000000000000000000000000
reality_mining,1,1,00000000000000000000000000000000000000001000000000000000000000000000000000000000
reality_mining,1,1,00000000000000000000000000000000000000001000000000000000000000000000000000000000
reality_mining__pwt,5,43,10011110011100010111111010110111000000100000101000000000100000000001000000000000
reality_mining__pwt,5,32,10110011001100001110010110110011000001000100100000000000100010010000001100000000
reality_mining__pwt,5,58,11110110101010111111110010101110100000111001110000111010001101010101110001000000
reality_mining__pwt,5,57,10111100110101110011111100111100000000000000101000110001110011010101011000100000
reality_mining__pwt,5,12,10001000010000100000011000011100000000000000010000000000000001000000000000100000
reality_mining__pwt,5,25,10101100100110000000011100101101000000011000101010100000000000010000001001100000
reality_mining__pwt,5,41,10100001001110110111110110001111010000000000000001110010101000100001011000110000
reality_mining__pwt,5,133,11111101111111111110111110110111111000001011100010110111010010111101111111111000
reality_mining__pwt,5,107,11111111010111101111111110111110001000100101011110110100011010111000111111000100
reality_mining__pwt,5,117,10111101001110101111011011111111111000101110011110100011111011110111101111110100
reality_mining__pwt,5,34,10000001011110100011000110001010100000110000001101000110000000000100000001000100
reality_mining__pwt,5,187,11111111111111111111111111111111001101110111111111111101111111111101110111010010
reality_mining__pwt,5,201,11111011111111111111111100111111010101111101111101111100111011011111111010100110
reality_mining__pwt,5,112,11111101111110111111110111111101111000100110110110110001111011110100011011000110
reality_mining__pwt,5,106,11111101111110101101011110111111011000010001111011111111011111111111100110010010
reality_mining__pwt,5,243,11111101111111111111111110111111010010101101111011111111111101111101000111110001
reality_mining__pwt,5,321,11111111111111111111111110111111101000111111111111111101111111111101011111110111
reality_mining__pwt,5,496,10111111111111111111111111111111111011111111111111111111111111110111111111111111
reality_mining__pwt,5,584,11111111111111111111111110111111111100111111111111111111111111111111101011111101
reality_mining__pwt,5,97,11111001011111110101011110101110010000000001000010110110111111110101101010010001
reality_mining__pwt,5,205,10111111111111111111111111111111011101011111111110111101111101011111111000110101
reality_mining__pwt,5,786,11111111111111111111111111111111111111111111111111111111111111111111111111111111
reality_mining__pwt,5,15,11100100000001000000010010100000000000000000000100110100011000000000000000000001
reality_mining__pwt,5,714,11111111111111111111111111111111111111111111111111111111111111111101111111101111
reality_mining__pwt,5,28,10000001000000111000000110011011000000100110101000000000101001000000100000010001
reality_mining__pwt,5,74,10100011011111111111011100111101101000101011001011110011011110110101100011010111
reality_mining__pwt,5,56,10110100011011100001011110101100011000111101111010000100010011111100100110000001
reality_mining__pwt,5,89,11101101110111101111111110110011110110010011011110100001101010001101101011010001
reality_mining__pwt,5,26,01110100111010001100110000100111000000100001001001010000000000010100000010000100
reality_mining__pwt,5,63,01100001100010001111011000101111000000010111110111100111010111000000110001110001
reality_mining__pwt,5,203,01111111111111111111111111111111000000111110111111111110111011110101111010110111
reality_mining__pwt,5,96,00111111110101111111110110111111001110111101101010100101111011110100100001000011
reality_mining__pwt,5,81,00111101110010101011111111111111010001101101100010000111101000001100001100000101
reality_mining__pwt,5,22,00110001001000100000010000000101000000000000001000100000101000010001001010000001
reality_mining__pwt,5,11,00010000000000100000110000000000000000010000000010010100000000100000101000000000
reality_mining__pwt,5,34,00010010011100001111011110000010000000100100100000000100001011001001000001000000
reality_mining__pwt,5,19,00010101011010000000001000101100001000000000001000000000010000010001001000010000
reality_mining__pwt,5,7,00011000000000001000010000000000000000000100000000000100000000000000000000001000
reality_mining__pwt,5,20,00010000000110011010010000001100000000010010001000000000000001010000100000000010
reality_mining__pwt,5,29,00001001111000100110010100110000010000000000111010000001000000011000010001000001
reality_mining__pwt,5,16,00000100000000101000000100111100000000100100000000100000000010010000000100000000
reality_mining__pwt,5,13,00000001000110000001000100101000000000000001010110000000000000000001010000000000
reality_mining__pwt,5,13,00000001000101001110000010000000000000000000001000000100100010010000001000000000
reality_mining__pwt,5,31,00000001001000111111011010110110000000100000001000101100101000000000010000000010
reality_mining__pwt,5,18,00000001010000100001011000000101010000000100100000000100000001011000000000000010
reality_mining__pwt,5,32,00000000010110111110110010100111000000100000001100100000000010100000000010010000
reality_mining__pwt,4,7,10000000000000000100000100000100000000000000000000000000001000100000000010000000
reality_mining__pwt,4,20,10010100001010101011011010101011000000010000000000000000000000000000000000001000
reality_mining__pwt,4,13,10011000001000000001010000110000000000000000000000000000000000010001000000000100
reality_mining__pwt,4,10,00100010010100100000010010000100000000000000001000000000000000000000100000000000
reality_mining__pwt,4,15,00010000110101010100000100000100000000000010000000100000000000110000000000000000
reality_mining__pwt,4,10,00000100000000000000010000111001100000000000100000001000010000000000000000000000
reality_mining__pwt,4,6,00000100000000000100000000100000000000011000000000000000000000000010000000000000
reality_mining__pwt,4,19,00000001010100000000011110110001000000000000000000000000100000000000000000000100
reality_mining__pwt,4,4,00000000000001000100000000000000100000000000000000000000000000000000000001000000
reality_mining__pwt,4,5,00000000000000010000000000100000000000001000000000100000000010000000000000000000
reality_mining__pwt,4,5,00000000000000010000000000100000000000100001000000000000000000100000000000000000
reality_mining__pwt,4,8,00000000000000000100010000000100010000000001000000010000000000010000000001000000
reality_mining__pwt,3,9,10000000011000000000010010000111000000000000000000000000000000000000000010000000
reality_mining__pwt,3,3,00010000000000000000000100000000000000000000001000000000000000000000000000000000
reality_mining__pwt,3,11,00011001001100100000100100000000000000000000000000100000000100000000000000000000
reality_mining__pwt,3,12,00010000100110000000010000010000000000000000000000101000000010010000000000000000
reality_mining__pwt,3,6,00001001000000000100000000010100000000100000000000000000000000000000000000000000
reality_mining__pwt,3,4,00000010000000000000010100000000000000000100000000000000000000000000000000000000
reality_mining__pwt,3,3,00000000010000000001000000000000000000010000000000000000000000000000000000000000
reality_mining__pwt,3,5,00000000000010000100000000000001110000000000000000000000000000000000000000000000
reality_mining__pwt,3,6,00000000000011000100000000000100000000000000000000000100000000000000000000000000
reality_mining__pwt,3,5,00000000000000000100000000110000000000000000010000000000000000000000000000000001
reality_mining__pwt,2,6,00100000001010010000000100010000000000000000000000000000000000000000000000000000
reality_mining__pwt,2,2,00000001000000000000000000000000000000000000000000000000010000000000000000000000
reality_mining__pwt,2,2,00000000000010000000000000000100000000000000000000000000000000000000000000000000
reality_mining__pwt,2,3,00000000000010000000000000000000000000000000000000000000000000000001000000000000
reality_mining__pwt,2,3,00000000000001000001000000000010000000000000000000000000000000000000000000000000
reality_mining__pwt,2,2,00000000000001000000000000000000000000000000100000000000000000000000000000000000
reality_mining__pwt,2,2,00000000000000100000000010000000000000000000000000000000000000000000000000000000
reality_mining__pwt,2,4,00000000000000000001010000000001000000000000000000000100000000000000000000000000
reality_mining__pwt,2,3,00000000000000000000000000100000000000000000000000000010001000000000000000000000
reality_mining__pwt,2,2,00000000000000000000000000100000000000000000000000000000000000010000000000000000
reality_mining__pwt,2,3,00000000000000000000000000100001000000000000000000000000000000000000000000000001
reality_mining__pwt,2,2,00000000000000000000000000000000000000000000000000000000000000010000000001000000
reality_mining__pwt,1,2,00000000011000000000000000000000000000000000000000000000000000000000000000000000
reality_mining__pwt,1,2,00000000000000000000000000100001000000000000000000000000000000000000000000000000
reality_mining__pwt,1,1,01000000000000000000000000000000000000000000000000000000000000000000000000000000
reality_mining__pwt,1,1,00000001000000000000000000000000000000000000000000000000000000000000000000000000
reality_mining__pwt,1,1,00000000000000001000000000000000000000000000000000000000000000000000000000000000
reality_mining__pwt,1,1,00000000000000000100000000000000000000000000000000000000000000000000000000000000
reality_mining__pwt,1,1,00000000000000000000100000000000000000000000000000000000000000000000000000000000
reality_mining__pwt,1,1,00000000000000000000010000000000000000000000000000000000000000000000000000000000
reality_mining__pwt,1,1,00000000000000000000010000000000000000000000000000000000000000000000000000000000
reality_mining__pwt,1,1,00000000000000000000001000000000000000000000000000000000000000000000000000000000
reality_mining__pwt,1,1,00000000000000000000000000100000000000000000000000000000000000000000000000000000
reality_mining__pwt,1,1,00000000000000000000000000010000000000000000000000000000000000000000000000000000
reality_mining__pwt,1,1,00000000000000000000000000010000000000000000000000000000000000000000000000000000
reality_mining__pwt,1,1,00000000000000000000000000000000010000000000000000000000000000000000000000000000
reality_mining__pwt,1,1,00000000000000000000000000000000000000000001000000000000000000000000000000000000
reality_mining__pwt,1,1,00000000000000000000000000000000000000000000010000000000000000000000000000000000
reality_mining__pwt,1,1,00000000000000000000000000000000000000000000000010000000000000000000000000000000
reality_mining__pwt,1,1,00000000000000000000000000000000000000000000000010000000000000000000000000000000
reality_mining__pwt,1,1,00000000000000000000000000000000000000000000000000000000100000000000000000000000
reality_mining__pwt,1,1,00000000000000000000000000000000000000000000000000000000000000000000100000000000
snap_collegemsg,3,24,00000000110001000001000000000000010000000000000000000000000000000000000000000000
snap_collegemsg,2,6,00000000100000000100000000000000000000000000000000000000000000000000000000000000
snap_collegemsg,2,5,00000000010000000010000000000000000000000000000000000000000000000000000000000000
snap_collegemsg,2,13,00000000001000000100000000000000000000000000000000000000000000000000000000000000
snap_collegemsg,2,5,00000000001010100010000000000000000000000000000000000000000000000000000000000000
snap_collegemsg,2,6,00000000000010000100000000000000000000000000000000000000000000000000000000000000
snap_collegemsg,2,2,00000000000001000000000000000000000010000000000000000000000000000000000000000000
snap_collegemsg,2,2,00000000000000100001000000000000000000000000000000000000000000000000000000000000
snap_collegemsg,2,2,00000000000000010100000000000000000000000000000000000000000000000000000000000000
snap_collegemsg,2,18,00000000000000000000000100000001110000000000000000000000000000000000000000000000
snap_collegemsg,1,2,01000000000000000000000000000000000000000000000000000000000000000000000000000000
snap_collegemsg,1,3,00100000000000000000000000000000000000000000000000000000000000000000000000000000
snap_collegemsg,1,2,00001000000000000000000000000000000000000000000000000000000000000000000000000000
snap_collegemsg,1,94,00001111000000010000000000000000000000000000000000000000000000000000000000000000
snap_collegemsg,1,9,00000100000000000000000000000000000000000000000000000000000000000000000000000000
snap_collegemsg,1,2,00000100000010000000000000000000000000000000000000000000000000000000000000000000
snap_collegemsg,1,2,00000010000000000000000000000000000000000000000000000000000000000000000000000000
snap_collegemsg,1,8,00000010000100000000000000000000000000000000000000000000000000000000000000000000
snap_collegemsg,1,2,00000001000000000000000000000000000000000000000000000000000000000000000000000000
snap_collegemsg,1,7,00000001000000000000000000000000000000000000000000000000000000000000000000000000
snap_collegemsg,1,8,00000001000000000000000000000000000000000000000000000000000000000000000000000000
snap_collegemsg,1,2,00000001100000000000000000000000000000000000000000000000000000000000000000000000
snap_collegemsg,1,2,00000001010000000000000000000000000000000000000000000000000000000000000000000000
snap_collegemsg,1,17,00000001111100000000000000000000000000000000000000000000000000000000000000000000
snap_collegemsg,1,2,00000000100000000000000000000000000000000000000000000000000000000000000000000000
snap_collegemsg,1,2,00000000100000000000000000000000000000000000000000000000000000000000000000000000
snap_collegemsg,1,2,00000000100000000000000000000000000000000000000000000000000000000000000000000000
snap_collegemsg,1,2,00000000110000000000000000000000000000000000000000000000000000000000000000000000
snap_collegemsg,1,5,00000000111100000000000000000000000000000000000000000000000000000000000000000000
snap_collegemsg,1,3,00000000010000000000000000000000000000000000000000000000000000000000000000000000
snap_collegemsg,1,2,00000000010000000000000000000000000000000000000000000000000000000000000000000000
snap_collegemsg,1,3,00000000000011000000000000000000000000000000000000000000000000000000000000000000
snap_collegemsg,1,5,00000000000001000000000000000000000000000000000000000000000000000000000000000000
snap_collegemsg,1,20,00000000000001100000000000000000000000000000000000000000000000000000000000000000
snap_collegemsg,1,9,00000000000000100000000000000000000000000000000000000000000000000000000000000000
snap_collegemsg,1,15,00000000000000110000000000000000000000000000000000000000000000000000000000000000
snap_collegemsg,1,4,00000000000000110000000000000000000000000000000000000000000000000000000000000000
snap_collegemsg,1,2,00000000000000010000000000000000000000000000000000000000000000000000000000000000
snap_collegemsg,1,3,00000000000000001100000000000000000000000000000000000000000000000000000000000000
snap_collegemsg,1,2,00000000000000001100000000000000000000000000000000000000000000000000000000000000
snap_collegemsg,1,3,00000000000000000100000000000000000000000000000000000000000000000000000000000000
snap_collegemsg,1,2,00000000000000000100001000000000000000000000000000000000000000000000000000000000
snap_collegemsg,1,2,00000000000000000010000000000000000000000000000000000000000000000000000000000000
snap_collegemsg,1,2,00000000000000000010000000000000000000000000000000000000000000000000000000000000
snap_collegemsg,1,3,00000000000000000001000000000000000000000000000000000000000000000000000000000000
snap_collegemsg,1,9,00000000000000000001011000000000000000000000000000000000000000000000000000000000
snap_collegemsg,1,6,00000000000000000000111000000000000000000000000000000000000000000000000000000000
snap_collegemsg,1,3,00000000000000000000010000000000000000000000000000000000000000000000000000000000
snap_collegemsg,1,2,00000000000000000000010000000000000000000000000000000000000000000000000000000000
snap_collegemsg,1,2,00000000000000000000010000000000000000000000000000000000000000000000000000000000
snap_collegemsg,1,4,00000000000000000000000110000000000000000000000000000000000000000000000000000000
snap_collegemsg,1,2,00000000000000000000000010000000000000000000000000000000000000000000000000000000
snap_collegemsg,1,2,00000000000000000000000000000010000000000000000000000000000000000000000000000000
snap_collegemsg,1,2,00000000000000000000000000000000100000000000000000000000000000000000000000000000
snap_collegemsg,1,3,00000000000000000000000000000000100010000000000000000000000000000000000000000000
snap_collegemsg,1,12,00000000000000000000000000000000001000000000000000000000000000000000000000000000
snap_collegemsg,1,3,00000000000000000000000000000000000000000111000000000000000000000000000000000000
snap_collegemsg,1,2,00000000000000000000000000000000000000000010000000000000000000000000000000000000
snap_collegemsg,1,3,00000000000000000000000000000000000000000000000010000010000000000000000000000000
snap_collegemsg,1,2,00000000000000000000000000000000000000000000000000010000100000000000000000000000
snap_collegemsg,1,4,00000000000000000000000000000000000000000000000000000000000000110000000000000000
snap_collegemsg,1,2,00000000000000000000000000000000000000000000000000000000000000010000000000000000
snap_collegemsg,1,1,00100000000000000000000000000000000000000000000000000000000000000000000000000000
snap_collegemsg,1,1,00100000000000000000000000000000000000000000000000000000000000000000000000000000
snap_collegemsg,1,1,00010000000000000000000000000000000000000000000000000000000000000000000000000000
snap_collegemsg,1,1,00000100000000000000000000000000000000000000000000000000000000000000000000000000
snap_collegemsg,1,1,00000010000000000000000000000000000000000000000000000000000000000000000000000000
snap_collegemsg,1,1,00000010000000000000000000000000000000000000000000000000000000000000000000000000
snap_collegemsg,1,1,00000010000000000000000000000000000000000000000000000000000000000000000000000000
snap_collegemsg,1,1,00000010000000000000000000000000000000000000000000000000000000000000000000000000
snap_collegemsg,1,1,00000010000000000000000000000000000000000000000000000000000000000000000000000000
snap_collegemsg,1,1,00000000100000000000000000000000000000000000000000000000000000000000000000000000
snap_collegemsg,1,1,00000000100000000000000000000000000000000000000000000000000000000000000000000000
snap_collegemsg,1,1,00000000100000000000000000000000000000000000000000000000000000000000000000000000
snap_collegemsg,1,1,00000000001000000000000000000000000000000000000000000000000000000000000000000000
snap_collegemsg,1,1,00000000001000000000000000000000000000000000000000000000000000000000000000000000
snap_collegemsg,1,1,00000000001000000000000000000000000000000000000000000000000000000000000000000000
snap_collegemsg,1,1,00000000001000000000000000000000000000000000000000000000000000000000000000000000
snap_collegemsg,1,1,00000000001000000000000000000000000000000000000000000000000000000000000000000000
snap_collegemsg,1,1,00000000001000000000000000000000000000000000000000000000000000000000000000000000
snap_collegemsg,1,1,00000000001000000000000000000000000000000000000000000000000000000000000000000000
snap_collegemsg,1,1,00000000000100000000000000000000000000000000000000000000000000000000000000000000
snap_collegemsg,1,1,00000000000001000000000000000000000000000000000000000000000000000000000000000000
snap_collegemsg,1,1,00000000000000010000000000000000000000000000000000000000000000000000000000000000
snap_collegemsg,1,1,00000000000000001000000000000000000000000000000000000000000000000000000000000000
snap_collegemsg,1,1,00000000000000001000000000000000000000000000000000000000000000000000000000000000
snap_collegemsg,1,1,00000000000000001000000000000000000000000000000000000000000000000000000000000000
snap_collegemsg,1,1,00000000000000001000000000000000000000000000000000000000000000000000000000000000
snap_collegemsg,1,1,00000000000000000100000000000000000000000000000000000000000000000000000000000000
snap_collegemsg,1,1,00000000000000000100000000000000000000000000000000000000000000000000000000000000
snap_collegemsg,1,1,00000000000000000100000000000000000000000000000000000000000000000000000000000000
snap_collegemsg,1,1,00000000000000000000100000000000000000000000000000000000000000000000000000000000
snap_collegemsg,1,1,00000000000000000000001000000000000000000000000000000000000000000000000000000000
snap_collegemsg,1,1,00000000000000000000000000000001000000000000000000000000000000000000000000000000
snap_collegemsg,1,1,00000000000000000000000000000001000000000000000000000000000000000000000000000000
snap_collegemsg,1,1,00000000000000000000000000000000100000000000000000000000000000000000000000000000
snap_collegemsg,1,1,00000000000000000000000000000000000000000000000010000000000000000000000000000000
snap_collegemsg,1,1,00000000000000000000000000000000000000000000000000000001000000000000000000000000
snap_collegemsg,1,1,00000000000000000000000000000000000000000000000000000000000000000000010000000000
snap_collegemsg,1,1,00000000000000000000000000000000000000000000000000000000000000000000000000000001
snap_collegemsg__pwt,5,67,00001111111111111111111110000000001110001000000010000000010100000001100000000000
snap_collegemsg__pwt,5,14,00001110100000110000100110000000100000000000000000010000000000000000100010000000
snap_collegemsg__pwt,4,17,00000101111001101000001000000000000010000000000000000100000000000000000000000000
snap_collegemsg__pwt,4,23,00000100110111111110011000000000100000000000000000000000000000010000000000000000
snap_collegemsg__pwt,4,48,00000011101111111101101010100011110000100001000000100100100000000000000000000000
snap_collegemsg__pwt,4,13,00000001100111011000100000000000000000001000000000001000000000000000000000000000
snap_collegemsg__pwt,4,8,00000000100001010000000100000010000000000010000000000000000000000010000000000000
snap_collegemsg__pwt,4,6,00000000011000000100000000000000000010000000000000010000000000000000000000000000
snap_collegemsg__pwt,3,11,00010000011111010001000110000000000000000000000000000100000000000000000000000000
snap_collegemsg__pwt,3,28,00010011111111011001000110000000000000000000000000000000000000100000000000000000
snap_collegemsg__pwt,3,17,00010101101011100001101000000010000000000000000000000000000000000001000000000000
snap_collegemsg__pwt,3,16,00001011101001101000001000000000010100000000000000000000000000000000000000000000
snap_collegemsg__pwt,3,6,00001000100000111000000000000000000000000000000000000000000000000100000000000000
snap_collegemsg__pwt,3,7,00000101100001000100000100000000000000000010000000000000000000000000000000000000
snap_collegemsg__pwt,3,9,00000010111000110000100000000000100000000000000000000000000000000000000000000000
snap_collegemsg__pwt,3,9,00000010001101001000001010000000000000000000010000000000000000000000000000000000
snap_collegemsg__pwt,3,5,00000010001000000000000010000010000000000000001000000000000000000000000000000000
snap_collegemsg__pwt,3,9,00000010100000110000000000000000000000000000000000000000100000011000010000000000
snap_collegemsg__pwt,3,5,00000010001000001000000000000000000000000000000000000000000000000000000000100001
snap_collegemsg__pwt,3,5,00000000010000011010000000000000000000000000000000001000000000000000000000000000
snap_collegemsg__pwt,3,3,00000000010000000100000000000000000000000000000000000000000000000010000000000000
snap_collegemsg__pwt,3,3,00000000001000000000100000000000010000000000000000000000000000000000000000000000
snap_collegemsg__pwt,2,5,00010000010001000100000000000000000000000000000000000000000000000000000000000000
snap_collegemsg__pwt,2,2,00001000000000000000000010000000000000000000000000000000000000000000000000000000
snap_collegemsg__pwt,2,11,00000110001101111000000000000000000000000000000000000000000000000000000000000000
snap_collegemsg__pwt,2,13,00000110000000011110001010000000000000000000000000000000000000000000000000000000
snap_collegemsg__pwt,2,2,00000100000000000000000000000000000000000000000000000000000000000001000000000000
snap_collegemsg__pwt,2,5,00000010100000100100000000000001000000000000000000000000000000000000000000000000
snap_collegemsg__pwt,2,2,00000010000000000000000000000000000000000000000000000100000000000000000000000000
snap_collegemsg__pwt,2,2,00000001000000001000000000000000000000000000000000000000000000000000000000000000
snap_collegemsg__pwt,2,5,00000001100011000000000000000000000010000000000000000000000000000000000000000000
snap_collegemsg__pwt,2,2,00000000100000000000010000000000000000000000000000000000000000000000000000000000
snap_collegemsg__pwt,2,8,00000000101110101000000100000000000000000000000000000000000000000000000000000000
snap_collegemsg__pwt,2,3,00000000010000001000000010000000000000000000000000000000000000000000000000000000
snap_collegemsg__pwt,2,3,00000000010000010000000010000000000000000000000000000000000000000000000000000000
snap_collegemsg__pwt,2,2,00000000010000000000000000000000000000000000000000000000000000000000100000000000
snap_collegemsg__pwt,2,2,00000000001000000000001000000000000000000000000000000000000000000000000000000000
snap_collegemsg__pwt,2,4,00000000001001001000000000000010000000000000000000000000000000000000000000000000
snap_collegemsg__pwt,2,2,00000000001000000000000000000000000000000010000000000000000000000000000000000000
snap_collegemsg__pwt,2,2,00000000000100000001000000000000000000000000000000000000000000000000000000000000
snap_collegemsg__pwt,2,2,00000000000100000000000010000000000000000000000000000000000000000000000000000000
snap_collegemsg__pwt,2,5,00000000000101000110000000000010000000000000000000000000000000000000000000000000
snap_collegemsg__pwt,2,3,00000000000011000001000000000000000000000000000000000000000000000000000000000000
snap_collegemsg__pwt,2,3,00000000000010100000000000000000000000000000000000000000000001000000000000000000
snap_collegemsg__pwt,2,2,00000000000001000000001000000000000000000000000000000000000000000000000000000000
snap_collegemsg__pwt,2,2,00000000000000101000000000000000000000000000000000000000000000000000000000000000
snap_collegemsg__pwt,2,2,00000000000000100000000000000000000000000000000010000000000000000000000000000000
snap_collegemsg__pwt,2,2,00000000000000100000000000000000000000000000000000000000000100000000000000000000
snap_collegemsg__pwt,2,2,00000000000000001000000000000000000000001000000000000000000000000000000000000000
snap_collegemsg__pwt,2,3,00000000000000000010000100000000000000000000000000000000000010000000000000000000
snap_collegemsg__pwt,2,2,00000000000000000000100000000000001000000000000000000000000000000000000000000000
snap_collegemsg__pwt,1,2,00010000000001000000000000000000000000000000000000000000000000000000000000000000
snap_collegemsg__pwt,1,6,00010111010001000000000000000000000000000000000000000000000000000000000000000000
snap_collegemsg__pwt,1,3,00001000100001000000000000000000000000000000000000000000000000000000000000000000
snap_collegemsg__pwt,1,2,00000100010000000000000000000000000000000000000000000000000000000000000000000000
snap_collegemsg__pwt,1,6,00000100111100000000000000000000000000000000000000000000000000000000000000000000
snap_collegemsg__pwt,1,2,00000010000010000000000000000000000000000000000000000000000000000000000000000000
snap_collegemsg__pwt,1,3,00000010000000110000000000000000000000000000000000000000000000000000000000000000
snap_collegemsg__pwt,1,2,00000000101000000000000000000000000000000000000000000000000000000000000000000000
snap_collegemsg__pwt,1,2,00000000001000100000000000000000000000000000000000000000000000000000000000000000
snap_collegemsg__pwt,1,2,00000000000000001000000100000000000000000000000000000000000000000000000000000000
snap_collegemsg__pwt,1,2,00000000000000000000000000000000001000000000100000000000000000000000000000000000
snap_collegemsg__pwt,1,1,01000000000000000000000000000000000000000000000000000000000000000000000000000000
snap_collegemsg__pwt,1,1,00001000000000000000000000000000000000000000000000000000000000000000000000000000
snap_collegemsg__pwt,1,1,00000010000000000000000000000000000000000000000000000000000000000000000000000000
snap_collegemsg__pwt,1,1,00000010000000000000000000000000000000000000000000000000000000000000000000000000
snap_collegemsg__pwt,1,1,00000001000000000000000000000000000000000000000000000000000000000000000000000000
snap_collegemsg__pwt,1,1,00000001000000000000000000000000000000000000000000000000000000000000000000000000
snap_collegemsg__pwt,1,1,00000000010000000000000000000000000000000000000000000000000000000000000000000000
snap_collegemsg__pwt,1,1,00000000010000000000000000000000000000000000000000000000000000000000000000000000
snap_collegemsg__pwt,1,1,00000000010000000000000000000000000000000000000000000000000000000000000000000000
snap_collegemsg__pwt,1,1,00000000001000000000000000000000000000000000000000000000000000000000000000000000
snap_collegemsg__pwt,1,1,00000000000100000000000000000000000000000000000000000000000000000000000000000000
snap_collegemsg__pwt,1,1,00000000000001000000000000000000000000000000000000000000000000000000000000000000
snap_collegemsg__pwt,1,1,00000000000001000000000000000000000000000000000000000000000000000000000000000000
snap_collegemsg__pwt,1,1,00000000000001000000000000000000000000000000000000000000000000000000000000000000
snap_collegemsg__pwt,1,1,00000000000000100000000000000000000000000000000000000000000000000000000000000000
snap_collegemsg__pwt,1,1,00000000000000100000000000000000000000000000000000000000000000000000000000000000
snap_collegemsg__pwt,1,1,00000000000000100000000000000000000000000000000000000000000000000000000000000000
snap_collegemsg__pwt,1,1,00000000000000001000000000000000000000000000000000000000000000000000000000000000
snap_collegemsg__pwt,1,1,00000000000000001000000000000000000000000000000000000000000000000000000000000000
snap_collegemsg__pwt,1,1,00000000000000001000000000000000000000000000000000000000000000000000000000000000
snap_collegemsg__pwt,1,1,00000000000000001000000000000000000000000000000000000000000000000000000000000000
snap_collegemsg__pwt,1,1,00000000000000000100000000000000000000000000000000000000000000000000000000000000
snap_collegemsg__pwt,1,1,00000000000000000100000000000000000000000000000000000000000000000000000000000000
snap_collegemsg__pwt,1,1,00000000000000000100000000000000000000000000000000000000000000000000000000000000
snap_collegemsg__pwt,1,1,00000000000000000010000000000000000000000000000000000000000000000000000000000000
snap_collegemsg__pwt,1,1,00000000000000000010000000000000000000000000000000000000000000000000000000000000
snap_collegemsg__pwt,1,1,00000000000000000000100000000000000000000000000000000000000000000000000000000000
snap_collegemsg__pwt,1,1,00000000000000000000100000000000000000000000000000000000000000000000000000000000
snap_collegemsg__pwt,1,1,00000000000000000000010000000000000000000000000000000000000000000000000000000000
snap_collegemsg__pwt,1,1,00000000000000000000001000000000000000000000000000000000000000000000000000000000
snap_collegemsg__pwt,1,1,00000000000000000000001000000000000000000000000000000000000000000000000000000000
snap_collegemsg__pwt,1,1,00000000000000000000000100000000000000000000000000000000000000000000000000000000
snap_collegemsg__pwt,1,1,00000000000000000000000000000000000000001000000000000000000000000000000000000000
snap_collegemsg__pwt,1,1,00000000000000000000000000000000000000000000000000100000000000000000000000000000
snap_collegemsg__pwt,1,1,00000000000000000000000000000000000000000000000000000100000000000000000000000000
snap_collegemsg__pwt,1,1,00000000000000000000000000000000000000000000000000000000000000000000100000000000
snap_collegemsg__pwt,1,1,00000000000000000000000000000000000000000000000000000000000000000000000100000000
snap_collegemsg__pwt,1,1,00000000000000000000000000000000000000000000000000000000000000000000000010000000
snap_email_eu,5,47,11100000000010000001111111101001001111000000110010000000000000000000000000000001
snap_email_eu,5,28,11011000011100000000100001011000110000010000000000100000000000000000000000000001
snap_email_eu,5,180,01101000110111111111111110000011010101100001110110100000000000000000000000000001
snap_email_eu,5,54,00001000010000000000000001011100100100010000110111110000000000000000000000000001
snap_email_eu,4,51,10000000000010000100110000001111111000011000111000110000000000000000000000000000
snap_email_eu,4,127,11101111011110111111110010111111111110110010111101110000000000000000000000000000
snap_email_eu,4,109,10111101111111111100010001000001111111101010111001110000000000000000000000000000
snap_email_eu,4,145,11010101110011111111111111101111111111110010000000000000000000000000000000000001
snap_email_eu,4,30,01001000011001000101001001000101001000100000000000110000000000000000000000000000
snap_email_eu,4,6,00100000000000000000000010000000000000000000010000010000000000000000000000000000
snap_email_eu,4,11,00110000000000000000000000000000000000100010100100100000000000000000000000000001
snap_email_eu,4,72,00010100001000100101000110000001001011110000011111110000000000000000000000000000
snap_email_eu,4,30,00000110011110100000000011100101000001100000100010000000000000000000000000000000
snap_email_eu,4,12,00000100000000000001001000100000000100110000000010000000000000000000000000000000
snap_email_eu,4,69,00000001011011001101000001000000110111100000000111111000000000000000000000000000
snap_email_eu,4,8,00000000010000000000011000000000000000000000001010010000000000000000000000000000
snap_email_eu,3,6,10000000000000110000000100000000100000000000000000000000000000000000000000000000
snap_email_eu,3,33,10000000010000001000001111000000001011000000100000000000000000000000000000000000
snap_email_eu,3,12,01000110000000000000000000000000000000000000001100010000000000000000000000000000
snap_email_eu,3,19,00001010010000010000000011100101000011100000000000000000000000000000000000000000
snap_email_eu,3,36,00001000101010100101100111100011110011110110000000000000000000000000000000000000
snap_email_eu,3,5,00000110000000000000000000000000000000000001000000000000000000000000000000000001
snap_email_eu,3,16,00000001010000000000000100010000111110100000000000000000000000000000000000000000
snap_email_eu,3,33,00000001100010000001000001000110110111000001100000000000000000000000000000000000
snap_email_eu,3,6,00000000010000001000000000100000000011000000000000000000000000000000000000000000
snap_email_eu,3,3,00000000010000000000000010000000000000000010000000000000000000000000000000000000
snap_email_eu,3,18,00000000001000000000010011110011001000000010100000000000000000000000000000000000
snap_email_eu,3,4,00000000000001000000001000000000000000000000000010000000000000000000000000000000
snap_email_eu,3,16,00000000000000000010110000110000001010000000001010110000000000000000000000000000
snap_email_eu,3,5,00000000000000000000010000000000000000000000001110000000000000000000000000000000
snap_email_eu,2,3,10000000000000000000000000000000000000000000000010000000000000000000000000000000
snap_email_eu,2,2,10000000000000000000000000000000000000000000000010000000000000000000000000000000
snap_email_eu,2,12,00001000000000000111000000011000000000000000000000000000000000000000000000000000
snap_email_eu,2,2,00001000000000000000000000000000000000000000100000000000000000000000000000000000
snap_email_eu,2,5,00000011000000010000000000000000000000000000000000000000000000000000000000000001
snap_email_eu,2,11,00000001100000000001000000010000000000000000000000000000000000000000000000000000
snap_email_eu,2,2,00000000100000000000000000000000000001000000000000000000000000000000000000000000
snap_email_eu,2,2,00000000000100000000000000000000000000000000000000100000000000000000000000000000
snap_email_eu,2,9,00000000000000101100000000000000000000000000000000000000000000000000000000000000
snap_email_eu,2,2,00000000000000100000000000000000001000000000000000000000000000000000000000000000
snap_email_eu,2,6,00000000000000000101000000000000000001010000000000000000000000000000000000000000
snap_email_eu,2,4,00000000000000000101000000000000000000000000000010000000000000000000000000000000
snap_email_eu,2,4,00000000000000000010110000000000000100000000000000000000000000000000000000000000
snap_email_eu,2,3,00000000000000000000100000000000000010000000000000000000000000000000000000000000
snap_email_eu,2,7,00000000000000000000010000000000000001000010000000000000000000000000000000000000
snap_email_eu,2,2,00000000000000000000000100000000000000000000000000010000000000000000000000000000
snap_email_eu,2,9,00000000000000000000000000001000011001000000000000000000000000000000000000000000
snap_email_eu,2,3,00000000000000000000000000001000000000000000000100000000000000000000000000000000
snap_email_eu,2,6,00000000000000000000000000000000000100000000000000000000000000000000000000000001
snap_email_eu,2,4,00000000000000000000000000000000000000000010000110100000000000000000000000000000
snap_email_eu,2,8,00000000000000000000000000000000000000000000001100110000000000000000000000000000
snap_email_eu,1,3,01000000000000010000000000000000000000000000000000000000000000000000000000000000
snap_email_eu,1,4,00100000000000000000000000000000000000000000000000000000000000000000000000000000
snap_email_eu,1,12,00111000000000000000000000000000000000000000000000000000000000000000000000000000
snap_email_eu,1,2,00001000000000000000000000000000000000000000000000000000000000000000000000000000
snap_email_eu,1,2,00001000000000000000000000000000000000000000000000000000000000000000000000000000
snap_email_eu,1,2,00000000000000010000000000000000000000000000000000000000000000000000000000000000
snap_email_eu,1,2,00000000000000000001000000000000000000000000000000000000000000000000000000000000
snap_email_eu,1,2,00000000000000000001000100000000000000000000000000000000000000000000000000000000
snap_email_eu,1,38,00000000000000000000011110000000000000000000000000000000000000000000000000000000
snap_email_eu,1,3,00000000000000000000001000100000000000000000000000000000000000000000000000000000
snap_email_eu,1,2,00000000000000000000000001000000000000000000000000000000000000000000000000000000
snap_email_eu,1,12,00000000000000000000000001110000000000000000000000000000000000000000000000000000
snap_email_eu,1,2,00000000000000000000000000000100000000000000000000000000000000000000000000000000
snap_email_eu,1,3,00000000000000000000000000000010000000000000000000000000000000000000000000000000
snap_email_eu,1,11,00000000000000000000000000000000111001010000000000000000000000000000000000000000
snap_email_eu,1,2,00000000000000000000000000000000001010000000000000000000000000000000000000000000
snap_email_eu,1,3,00000000000000000000000000000000000100000000000000000000000000000000000000000000
snap_email_eu,1,3,00000000000000000000000000000000000001000000000000000000000000000000000000000000
snap_email_eu,1,5,00000000000000000000000000000000000001100000000000000000000000000000000000000000
snap_email_eu,1,2,00000000000000000000000000000000000000000100100000000000000000000000000000000000
snap_email_eu,1,2,00000000000000000000000000000000000000000010000000000000000000000000000000000000
snap_email_eu,1,2,00000000000000000000000000000000000000000000000001000000000000000000000000000000
snap_email_eu,1,2,00000000000000000000000000000000000000000000000000010000000000000000000000000000
snap_email_eu,1,1,10000000000000000000000000000000000000000000000000000000000000000000000000000000
snap_email_eu,1,1,10000000000000000000000000000000000000000000000000000000000000000000000000000000
snap_email_eu,1,1,10000000000000000000000000000000000000000000000000000000000000000000000000000000
snap_email_eu,1,1,01000000000000000000000000000000000000000000000000000000000000000000000000000000
snap_email_eu,1,1,00010000000000000000000000000000000000000000000000000000000000000000000000000000
snap_email_eu,1,1,00001000000000000000000000000000000000000000000000000000000000000000000000000000
snap_email_eu,1,1,00000000100000000000000000000000000000000000000000000000000000000000000000000000
snap_email_eu,1,1,00000000000000100000000000000000000000000000000000000000000000000000000000000000
snap_email_eu,1,1,00000000000000000010000000000000000000000000000000000000000000000000000000000000
snap_email_eu,1,1,00000000000000000010000000000000000000000000000000000000000000000000000000000000
snap_email_eu,1,1,00000000000000000010000000000000000000000000000000000000000000000000000000000000
snap_email_eu,1,1,00000000000000000001000000000000000000000000000000000000000000000000000000000000
snap_email_eu,1,1,00000000000000000000100000000000000000000000000000000000000000000000000000000000
snap_email_eu,1,1,00000000000000000000100000000000000000000000000000000000000000000000000000000000
snap_email_eu,1,1,00000000000000000000010000000000000000000000000000000000000000000000000000000000
snap_email_eu,1,1,00000000000000000000000100000000000000000000000000000000000000000000000000000000
snap_email_eu,1,1,00000000000000000000000000000100000000000000000000000000000000000000000000000000
snap_email_eu,1,1,00000000000000000000000000000100000000000000000000000000000000000000000000000000
snap_email_eu,1,1,00000000000000000000000000000000100000000000000000000000000000000000000000000000
snap_email_eu,1,1,00000000000000000000000000000000000000000010000000000000000000000000000000000000
snap_email_eu,1,1,00000000000000000000000000000000000000000000100000000000000000000000000000000000
snap_email_eu,1,1,00000000000000000000000000000000000000000000100000000000000000000000000000000000
snap_email_eu,1,1,00000000000000000000000000000000000000000000010000000000000000000000000000000000
snap_email_eu,1,1,00000000000000000000000000000000000000000000000001000000000000000000000000000000
snap_email_eu,1,1,00000000000000000000000000000000000000000000000000100000000000000000000000000000
snap_email_eu,1,1,00000000000000000000000000000000000000000000000000100000000000000000000000000000
snap_email_eu__pwt,5,295,11111111111111111111111111111111111111111111111111110000000000000000000000000001
snap_email_eu__pwt,5,122,11110111110110111101011111111111011111110010111111110000000000000000000000000001
snap_email_eu__pwt,5,122,11101111111101001111110111111101111110110111111011111000000000000000000000000001
snap_email_eu__pwt,5,1116,11111111111111111111111111111111111111111111111111110000000000000000000000000001
snap_email_eu__pwt,5,40,10110111001000011100011110000010111001100010000011100000000000000000000000000001
snap_email_eu__pwt,5,60,00111001101000111111100001100111111111110010100010110000000000000000000000000001
snap_email_eu__pwt,5,30,00111000101110010000111101000011110000100010010000100000000000000000000000000001
snap_email_eu__pwt,5,11,00000000001010001100001000000000110000000010100010000000000000000000000000000001
snap_email_eu__pwt,4,30,11100001010000000101011011010000110101110110101001010000000000000000000000000000
snap_email_eu__pwt,4,19,10100000101000000001011101000100111010010000000001110000000000000000000000000000
snap_email_eu__pwt,4,135,11110001111011111111111111111111101111110110111110110000000000000000000000000000
snap_email_eu__pwt,4,49,10010100000111100110111011011011110001000011110111010000000000000000000000000000
snap_email_eu__pwt,4,69,11110011111111011101101110010101011011100010101110110000000000000000000000000000
snap_email_eu__pwt,4,87,10010110111101111101111111111001111100100111111111111000000000000000000000000000
snap_email_eu__pwt,4,26,10011111001100100010100010000110100010010000100101001000000000000000000000000000
snap_email_eu__pwt,4,19,10000100010010011010001010010110100001110000000000000000000000000000000000000001
snap_email_eu__pwt,4,19,01000110010011000000010000000100101001000000100111000000000000000000000000000000
snap_email_eu__pwt,4,28,01010110000000100101011110010010101100100010100101000000000000000000000000000000
snap_email_eu__pwt,4,11,01010000000000001100000100010000000000000000001110010000000000000000000000000000
snap_email_eu__pwt,4,25,01001010010110100100000001001111010100110110001010110000000000000000000000000000
snap_email_eu__pwt,4,11,00100000010011000000000000010000000010000010001100110000000000000000000000000000
snap_email_eu__pwt,4,48,00110101011100011011111101001000111111011110110110110000000000000000000000000000
snap_email_eu__pwt,4,11,00100000000000000100001010100000001101000000000001010000000000000000000000000000
snap_email_eu__pwt,4,9,00000100001000000010010100000000100000010000000010000000000000000000000000000000
snap_email_eu__pwt,4,16,00000110010001000111110000000000000000001010111000100000000000000000000000000000
snap_email_eu__pwt,4,10,00000100100100000000100000000100001000000010000010010000000000000000000000000000
snap_email_eu__pwt,4,52,00000100010011100011110101100101110111100011111010110000000000000000000000000000
snap_email_eu__pwt,4,6,00000010000000100000100000000000000000100000000001100000000000000000000000000000
snap_email_eu__pwt,4,11,00000010010000100000001100001000010000100010000100100000000000000000000000000000
snap_email_eu__pwt,4,7,00000010001000000000000000100000001100000000100000010000000000000000000000000000
snap_email_eu__pwt,4,9,00000001000010001000000000000000010010000000000001000000000000000000000000000000
snap_email_eu__pwt,4,9,00000000010000000001000100000000110000000001000101000000000000000000000000000000
snap_email_eu__pwt,4,28,00000000011011101001111100100101001010110010010101100000000000000000000000000000
snap_email_eu__pwt,3,4,10000000000100000000000001000000000001000000000000000000000000000000000000000000
snap_email_eu__pwt,3,19,10000100010001000010110100001000100000010110101000000000000000000000000000000000
snap_email_eu__pwt,3,8,10000001000010000000001100000000000010000000001000000000000000000000000000000000
snap_email_eu__pwt,3,12,01000000000010000001001110100000000100100010010000000000000000000000000000000000
snap_email_eu__pwt,3,5,01000000000000000000010000000000000000000010010000000000000000000000000000000000
snap_email_eu__pwt,3,7,00100000000000011000000000000000101001100000000000000000000000000000000000000000
snap_email_eu__pwt,3,7,00100000000100010000000010001000010000000000001000000000000000000000000000000000
snap_email_eu__pwt,3,4,00100000000000000000000010010000000000000000000000100000000000000000000000000000
snap_email_eu__pwt,3,4,00000010000000000000000100000000000000000000011000000000000000000000000000000000
snap_email_eu__pwt,3,5,00000001000000000000001000000010100100000000000000000000000000000000000000000000
snap_email_eu__pwt,3,5,00000000010010000000000001000000100010000000000000000000000000000000000000000000
snap_email_eu__pwt,3,5,00000000000000010100001000000000000010000000010000000000000000000000000000000000
snap_email_eu__pwt,3,14,00000000000000001000001100000001101011010000000110110000000000000000000000000000
snap_email_eu__pwt,3,5,00000000000000000000010000000010010000000000001000010000000000000000000000000000
snap_email_eu__pwt,3,9,00000000000000000000001000100100001000110010000101000000000000000000000000000000
snap_email_eu__pwt,3,3,00000000000000000000000000010000000000000000100000000000000000000000000000000001
snap_email_eu__pwt,2,2,01000000000000000000000000000010000000000000000000000000000000000000000000000000
snap_email_eu__pwt,2,2,01000000000000000000000000000000000000000000010000000000000000000000000000000000
snap_email_eu__pwt,2,2,00100000000000000000000000000000000001000000000000000000000000000000000000000000
snap_email_eu__pwt,2,4,00010000010001000000000000000000000000000001000000000000000000000000000000000000
snap_email_eu__pwt,2,3,00010000100000000000000000000000000000000000100000000000000000000000000000000000
snap_email_eu__pwt,2,3,00000100000000000000000000000000110000000000000000000000000000000000000000000000
snap_email_eu__pwt,2,2,00000100000000000000000000000000000000100000000000000000000000000000000000000000
snap_email_eu__pwt,2,3,00000100000000010000000000000000000000000000000001000000000000000000000000000000
snap_email_eu__pwt,2,4,00000000010000001001000000001000000000000000000000000000000000000000000000000000
snap_email_eu__pwt,2,2,00000000010000000000000000000000000010000000000000000000000000000000000000000000
snap_email_eu__pwt,2,2,00000000000000010000000000000000000000000000000001000000000000000000000000000000
snap_email_eu__pwt,2,5,00000000000000001000010010000000001000000000001000000000000000000000000000000000
snap_email_eu__pwt,2,2,00000000000000001000000000000000000000000000000000010000000000000000000000000000
snap_email_eu__pwt,2,3,00000000000000000100000000000000000001000000010000000000000000000000000000000000
snap_email_eu__pwt,2,5,00000000000000000000110000000001000000000000000010000000000000000000000000000000
snap_email_eu__pwt,2,3,00000000000000000000010010000000000000000000000010000000000000000000000000000000
snap_email_eu__pwt,2,2,00000000000000000000001000000000000001000000000000000000000000000000000000000000
snap_email_eu__pwt,2,2,00000000000000000000000100000000010000000000000000000000000000000000000000000000
snap_email_eu__pwt,2,4,00000000000000000000000000000100000000000000000000110000000000000000000000000000
snap_email_eu__pwt,2,2,00000000000000000000000000000000000000000000100010000000000000000000000000000000
snap_email_eu__pwt,1,2,00000000000000001000001000000000000000000000000000000000000000000000000000000000
snap_email_eu__pwt,1,4,00000000000000000110000100000001000000000000000000000000000000000000000000000000
snap_email_eu__pwt,1,2,00000000000000000000000000000000000100000010000000000000000000000000000000000000
snap_email_eu__pwt,1,2,00000000000000000000000000000000000010000010000000000000000000000000000000000000
snap_email_eu__pwt,1,2,00000000000000000000000000000000000000000100010000000000000000000000000000000000
snap_email_eu__pwt,1,1,10000000000000000000000000000000000000000000000000000000000000000000000000000000
snap_email_eu__pwt,1,1,00100000000000000000000000000000000000000000000000000000000000000000000000000000
snap_email_eu__pwt,1,1,00000010000000000000000000000000000000000000000000000000000000000000000000000000
snap_email_eu__pwt,1,1,00000000001000000000000000000000000000000000000000000000000000000000000000000000
snap_email_eu__pwt,1,1,00000000000010000000000000000000000000000000000000000000000000000000000000000000
snap_email_eu__pwt,1,1,00000000000001000000000000000000000000000000000000000000000000000000000000000000
snap_email_eu__pwt,1,1,00000000000000010000000000000000000000000000000000000000000000000000000000000000
snap_email_eu__pwt,1,1,00000000000000001000000000000000000000000000000000000000000000000000000000000000
snap_email_eu__pwt,1,1,00000000000000000010000000000000000000000000000000000000000000000000000000000000
snap_email_eu__pwt,1,1,00000000000000000000100000000000000000000000000000000000000000000000000000000000
snap_email_eu__pwt,1,1,00000000000000000000010000000000000000000000000000000000000000000000000000000000
snap_email_eu__pwt,1,1,00000000000000000000001000000000000000000000000000000000000000000000000000000000
snap_email_eu__pwt,1,1,00000000000000000000000100000000000000000000000000000000000000000000000000000000
snap_email_eu__pwt,1,1,00000000000000000000000001000000000000000000000000000000000000000000000000000000
snap_email_eu__pwt,1,1,00000000000000000000000000100000000000000000000000000000000000000000000000000000
snap_email_eu__pwt,1,1,00000000000000000000000000000000010000000000000000000000000000000000000000000000
snap_email_eu__pwt,1,1,00000000000000000000000000000000000100000000000000000000000000000000000000000000
snap_email_eu__pwt,1,1,00000000000000000000000000000000000010000000000000000000000000000000000000000000
snap_email_eu__pwt,1,1,00000000000000000000000000000000000000100000000000000000000000000000000000000000
snap_email_eu__pwt,1,1,00000000000000000000000000000000000000000000100000000000000000000000000000000000
snap_email_eu__pwt,1,1,00000000000000000000000000000000000000000000100000000000000000000000000000000000
snap_email_eu__pwt,1,1,00000000000000000000000000000000000000000000001000000000000000000000000000000000
snap_email_eu__pwt,1,1,00000000000000000000000000000000000000000000000100000000000000000000000000000000
snap_email_eu__pwt,1,1,00000000000000000000000000000000000000000000000010000000000000000000000000000000
snap_email_eu__pwt,1,1,00000000000000000000000000000000000000000000000001000000000000000000000000000000
snap_email_eu__pwt,1,1,00000000000000000000000000000000000000000000000000100000000000000000000000000000
snap_mathoverflow,4,11,00000000000001000001000011000000000000000100000000000000000000000001000000000000
snap_mathoverflow,3,8,10000000000000000000000000010000000000000000000000100000000000000000000000000000
snap_mathoverflow,2,9,00010000000000000000000000000000000010000000000000000000000000000000000000000000
snap_mathoverflow,2,4,00000000000100000000000000000000000000000000010000000000000000000000000000000000
snap_mathoverflow,2,9,00000000000010000000110000100000000000000000000000000000000000000000000000000000
snap_mathoverflow,2,3,00000000000000000000000000100000000000000000000100000000000000000000000000000000
snap_mathoverflow,2,2,00000000000000000000000000000000000000000100000000000000000000000000000000010000
snap_mathoverflow,2,2,00000000000000000000000000000000000000000000000010000000000000000010000000000000
snap_mathoverflow,2,2,00000000000000000000000000000000000000000000000000000000000100001000000000000000
snap_mathoverflow,1,5,00001001000000000000000000000000000000000000000000000000000000000000000000000000
snap_mathoverflow,1,2,00000010000000000000000000000000000000000000000000000000000000000000000000000000
snap_mathoverflow,1,2,00000000001000000000000000000000000000000000000000000000000000000000000000000000
snap_mathoverflow,1,2,00000000001000000000000000000000000000000000000000000000000000000000000000000000
snap_mathoverflow,1,2,00000000000100000000000000000000000000000000000000000000000000000000000000000000
snap_mathoverflow,1,2,00000000000110000000000000000000000000000000000000000000000000000000000000000000
snap_mathoverflow,1,4,00000000000010000000000000000000000000000000000000000000000000000000000000000000
snap_mathoverflow,1,2,00000000000011000000000000000000000000000000000000000000000000000000000000000000
snap_mathoverflow,1,2,00000000000000100000000000000000000000000000000000000000000000000000000000000000
snap_mathoverflow,1,3,00000000000000001000000000000000000000000000000000000000000000000000000000000000
snap_mathoverflow,1,2,00000000000000000100000000000000000000000000000000000000000000000000000000000000
snap_mathoverflow,1,12,00000000000000000100001000001100000000000000000000000000000000000000000000000000
snap_mathoverflow,1,2,00000000000000000001000000000000000000000000000000000000000000000000000000000000
snap_mathoverflow,1,2,00000000000000000001000100000000000000000000000000000000000000000000000000000000
snap_mathoverflow,1,2,00000000000000000000100000000000000000000000000000000000000000000000000000000000
snap_mathoverflow,1,2,00000000000000000000000100000000000000000000000000000000000000000000000000000000
snap_mathoverflow,1,2,00000000000000000000000000000010000000000000000000000000000000000000000000000000
snap_mathoverflow,1,2,00000000000000000000000000000001000000000000000000000000000000000000000000000000
snap_mathoverflow,1,2,00000000000000000000000000000000100000000000000000000000000000000000000000000000
snap_mathoverflow,1,2,00000000000000000000000000000000100000000000000000000000000000000000000000000000
snap_mathoverflow,1,4,00000000000000000000000000000000100000000000000000000000000000000000000000000000
snap_mathoverflow,1,2,00000000000000000000000000000000000000000010000000000000000000000000000000000000
snap_mathoverflow,1,7,00000000000000000000000000000000000000000000010000000000000000000000000000000000
snap_mathoverflow,1,2,00000000000000000000000000000000000000000000001000000000000000000000000000000000
snap_mathoverflow,1,2,00000000000000000000000000000000000000000000000000001000000000000000000000000000
snap_mathoverflow,1,2,00000000000000000000000000000000000000000000000000000000000110000000000000000000
snap_mathoverflow,1,2,00000000000000000000000000000000000000000000000000000000000000110000000000000000
snap_mathoverflow,1,2,00000000000000000000000000000000000000000000000000000000000000010000000000000000
snap_mathoverflow,1,2,00000000000000000000000000000000000000000000000000000000000000010000000000000000
snap_mathoverflow,1,11,00000000000000000000000000000000000000000000000000000000000000000000000101110100
snap_mathoverflow,1,3,00000000000000000000000000000000000000000000000000000000000000000000000010000000
snap_mathoverflow,1,1,00100000000000000000000000000000000000000000000000000000000000000000000000000000
snap_mathoverflow,1,1,00100000000000000000000000000000000000000000000000000000000000000000000000000000
snap_mathoverflow,1,1,00010000000000000000000000000000000000000000000000000000000000000000000000000000
snap_mathoverflow,1,1,00001000000000000000000000000000000000000000000000000000000000000000000000000000
snap_mathoverflow,1,1,00001000000000000000000000000000000000000000000000000000000000000000000000000000
snap_mathoverflow,1,1,00000100000000000000000000000000000000000000000000000000000000000000000000000000
snap_mathoverflow,1,1,00000010000000000000000000000000000000000000000000000000000000000000000000000000
snap_mathoverflow,1,1,00000010000000000000000000000000000000000000000000000000000000000000000000000000
snap_mathoverflow,1,1,00000010000000000000000000000000000000000000000000000000000000000000000000000000
snap_mathoverflow,1,1,00000001000000000000000000000000000000000000000000000000000000000000000000000000
snap_mathoverflow,1,1,00000000100000000000000000000000000000000000000000000000000000000000000000000000
snap_mathoverflow,1,1,00000000001000000000000000000000000000000000000000000000000000000000000000000000
snap_mathoverflow,1,1,00000000001000000000000000000000000000000000000000000000000000000000000000000000
snap_mathoverflow,1,1,00000000000100000000000000000000000000000000000000000000000000000000000000000000
snap_mathoverflow,1,1,00000000000010000000000000000000000000000000000000000000000000000000000000000000
snap_mathoverflow,1,1,00000000000010000000000000000000000000000000000000000000000000000000000000000000
snap_mathoverflow,1,1,00000000000001000000000000000000000000000000000000000000000000000000000000000000
snap_mathoverflow,1,1,00000000000000100000000000000000000000000000000000000000000000000000000000000000
snap_mathoverflow,1,1,00000000000000100000000000000000000000000000000000000000000000000000000000000000
snap_mathoverflow,1,1,00000000000000001000000000000000000000000000000000000000000000000000000000000000
snap_mathoverflow,1,1,00000000000000000100000000000000000000000000000000000000000000000000000000000000
snap_mathoverflow,1,1,00000000000000000000100000000000000000000000000000000000000000000000000000000000
snap_mathoverflow,1,1,00000000000000000000001000000000000000000000000000000000000000000000000000000000
snap_mathoverflow,1,1,00000000000000000000001000000000000000000000000000000000000000000000000000000000
snap_mathoverflow,1,1,00000000000000000000001000000000000000000000000000000000000000000000000000000000
snap_mathoverflow,1,1,00000000000000000000000100000000000000000000000000000000000000000000000000000000
snap_mathoverflow,1,1,00000000000000000000000100000000000000000000000000000000000000000000000000000000
snap_mathoverflow,1,1,00000000000000000000000000100000000000000000000000000000000000000000000000000000
snap_mathoverflow,1,1,00000000000000000000000000010000000000000000000000000000000000000000000000000000
snap_mathoverflow,1,1,00000000000000000000000000000100000000000000000000000000000000000000000000000000
snap_mathoverflow,1,1,00000000000000000000000000000001000000000000000000000000000000000000000000000000
snap_mathoverflow,1,1,00000000000000000000000000000001000000000000000000000000000000000000000000000000
snap_mathoverflow,1,1,00000000000000000000000000000000100000000000000000000000000000000000000000000000
snap_mathoverflow,1,1,00000000000000000000000000000000010000000000000000000000000000000000000000000000
snap_mathoverflow,1,1,00000000000000000000000000000000010000000000000000000000000000000000000000000000
snap_mathoverflow,1,1,00000000000000000000000000000000010000000000000000000000000000000000000000000000
snap_mathoverflow,1,1,00000000000000000000000000000000001000000000000000000000000000000000000000000000
snap_mathoverflow,1,1,00000000000000000000000000000000001000000000000000000000000000000000000000000000
snap_mathoverflow,1,1,00000000000000000000000000000000000100000000000000000000000000000000000000000000
snap_mathoverflow,1,1,00000000000000000000000000000000000000100000000000000000000000000000000000000000
snap_mathoverflow,1,1,00000000000000000000000000000000000000100000000000000000000000000000000000000000
snap_mathoverflow,1,1,00000000000000000000000000000000000000100000000000000000000000000000000000000000
snap_mathoverflow,1,1,00000000000000000000000000000000000000100000000000000000000000000000000000000000
snap_mathoverflow,1,1,00000000000000000000000000000000000000000010000000000000000000000000000000000000
snap_mathoverflow,1,1,00000000000000000000000000000000000000000000000100000000000000000000000000000000
snap_mathoverflow,1,1,00000000000000000000000000000000000000000000000000001000000000000000000000000000
snap_mathoverflow,1,1,00000000000000000000000000000000000000000000000000000001000000000000000000000000
snap_mathoverflow,1,1,00000000000000000000000000000000000000000000000000000000100000000000000000000000
snap_mathoverflow,1,1,00000000000000000000000000000000000000000000000000000000100000000000000000000000
snap_mathoverflow,1,1,00000000000000000000000000000000000000000000000000000000001000000000000000000000
snap_mathoverflow,1,1,00000000000000000000000000000000000000000000000000000000000010000000000000000000
snap_mathoverflow,1,1,00000000000000000000000000000000000000000000000000000000000000000100000000000000
snap_mathoverflow,1,1,00000000000000000000000000000000000000000000000000000000000000000010000000000000
snap_mathoverflow,1,1,00000000000000000000000000000000000000000000000000000000000000000001000000000000
snap_mathoverflow,1,1,00000000000000000000000000000000000000000000000000000000000000000000010000000000
snap_mathoverflow,1,1,00000000000000000000000000000000000000000000000000000000000000000000000001000000
snap_mathoverflow,1,1,00000000000000000000000000000000000000000000000000000000000000000000000000010000
snap_mathoverflow,1,1,00000000000000000000000000000000000000000000000000000000000000000000000000010000
snap_mathoverflow,1,1,00000000000000000000000000000000000000000000000000000000000000000000000000001000
snap_mathoverflow,1,1,00000000000000000000000000000000000000000000000000000000000000000000000000000010
snap_mathoverflow__pwt,5,34,01010001100100011111010101000010110100000110010001010000000010100001000000001011
snap_mathoverflow__pwt,5,13,00000001000000100100000000000110000000100001000000101000000000010000000010100000
snap_mathoverflow__pwt,4,7,00000000000010000000000001000000000000001001100000000000000000000000001100000000
snap_mathoverflow__pwt,4,7,00000000000001000000000001000010000000000110000000000000000000000000000000010000
snap_mathoverflow__pwt,4,9,00000000000000000100000001001000000000000100000000001000010000000010000100100000
snap_mathoverflow__pwt,4,5,00000000000000000000000000000100000000000000100000000001000000000000100000000010
snap_mathoverflow__pwt,3,7,00000101000000000000000000000000100000000000000000001100000000010000000000000000
snap_mathoverflow__pwt,3,5,00000010000000000000100000000000000000000000000010000000000100000000000000000000
snap_mathoverflow__pwt,3,4,00000001000000000000000000100010000000000000000000000000001000000000000000000000
snap_mathoverflow__pwt,3,4,00000000010001000000000000000000000000000001000000100000000000000000000000000000
snap_mathoverflow__pwt,3,3,00000000000000001000000000000000000000001000000000001000000000000000000000000000
snap_mathoverflow__pwt,3,4,00000000000000000000000000000000010000000000000000000100000000010100000000000000
snap_mathoverflow__pwt,3,4,00000000000000000000000000000000000000100000000100010000000000000000000001000000
snap_mathoverflow__pwt,3,4,00000000000000000000000000000000000000000010000001000100000000000000000001000000
snap_mathoverflow__pwt,2,2,00100000000000000000000000000000000000000000000000000000000000000000000000000010
snap_mathoverflow__pwt,2,2,00010000000000000000000000000000000000000000000000000000000000000000000000000001
snap_mathoverflow__pwt,2,2,00000100000000000000000000000000000000000000000000000000000000000000000010000000
snap_mathoverflow__pwt,2,2,00000000010000000000000000000000000000000000000000000001000000000000000000000000
snap_mathoverflow__pwt,2,2,00000000001000000001000000000000000000000000000000000000000000000000000000000000
snap_mathoverflow__pwt,2,2,00000000001000000000000000000000000000000000000000000000000000000000000100000000
snap_mathoverflow__pwt,2,2,00000000000010000000000000000000000000001000000000000000000000000000000000000000
snap_mathoverflow__pwt,2,2,00000000000010000000000000000000000000000100000000000000000000000000000000000000
snap_mathoverflow__pwt,2,2,00000000000001000000000010000000000000000000000000000000000000000000000000000000
snap_mathoverflow__pwt,2,2,00000000000000100000001000000000000000000000000000000000000000000000000000000000
snap_mathoverflow__pwt,2,2,00000000000000100000000000100000000000000000000000000000000000000000000000000000
snap_mathoverflow__pwt,2,2,00000000000000100000000000000000000000000001000000000000000000000000000000000000
snap_mathoverflow__pwt,2,2,00000000000000001000000000000000000000000000000000000000000000000001000000000000
snap_mathoverflow__pwt,2,2,00000000000000000000000010000000000000010000000000000000000000000000000000000000
snap_mathoverflow__pwt,2,2,00000000000000000000000001000000000000000000000000000000000000000000000000001000
snap_mathoverflow__pwt,2,3,00000000000000000000000000001000001000001000000000000000000000000000000000000000
snap_mathoverflow__pwt,2,2,00000000000000000000000000000000000000100000000000001000000000000000000000000000
snap_mathoverflow__pwt,2,2,00000000000000000000000000000000000000100000000000000000001000000000000000000000
snap_mathoverflow__pwt,2,2,00000000000000000000000000000000000000001000000000000010000000000000000000000000
snap_mathoverflow__pwt,2,3,00000000000000000000000000000000000000000000010100000000000000000000000000001000
snap_mathoverflow__pwt,2,2,00000000000000000000000000000000000000000000000000000000010000000000010000000000
snap_mathoverflow__pwt,1,2,00000000100100000000000000000000000000000000000000000000000000000000000000000000
snap_mathoverflow__pwt,1,2,00000000000000001100000000000000000000000000000000000000000000000000000000000000
snap_mathoverflow__pwt,1,2,00000000000000000000000000000000100000000001000000000000000000000000000000000000
snap_mathoverflow__pwt,1,2,00000000000000000000000000000000001000001000000000000000000000000000000000000000
snap_mathoverflow__pwt,1,2,00000000000000000000000000000000000000000000000000000000000000001000000000000100
snap_mathoverflow__pwt,1,1,00010000000000000000000000000000000000000000000000000000000000000000000000000000
snap_mathoverflow__pwt,1,1,00010000000000000000000000000000000000000000000000000000000000000000000000000000
snap_mathoverflow__pwt,1,1,00000000100000000000000000000000000000000000000000000000000000000000000000000000
snap_mathoverflow__pwt,1,1,00000000100000000000000000000000000000000000000000000000000000000000000000000000
snap_mathoverflow__pwt,1,1,00000000010000000000000000000000000000000000000000000000000000000000000000000000
snap_mathoverflow__pwt,1,1,00000000010000000000000000000000000000000000000000000000000000000000000000000000
snap_mathoverflow__pwt,1,1,00000000001000000000000000000000000000000000000000000000000000000000000000000000
snap_mathoverflow__pwt,1,1,00000000000100000000000000000000000000000000000000000000000000000000000000000000
snap_mathoverflow__pwt,1,1,00000000000010000000000000000000000000000000000000000000000000000000000000000000
snap_mathoverflow__pwt,1,1,00000000000000100000000000000000000000000000000000000000000000000000000000000000
snap_mathoverflow__pwt,1,1,00000000000000001000000000000000000000000000000000000000000000000000000000000000
snap_mathoverflow__pwt,1,1,00000000000000000100000000000000000000000000000000000000000000000000000000000000
snap_mathoverflow__pwt,1,1,00000000000000000001000000000000000000000000000000000000000000000000000000000000
snap_mathoverflow__pwt,1,1,00000000000000000000001000000000000000000000000000000000000000000000000000000000
snap_mathoverflow__pwt,1,1,00000000000000000000000010000000000000000000000000000000000000000000000000000000
snap_mathoverflow__pwt,1,1,00000000000000000000000001000000000000000000000000000000000000000000000000000000
snap_mathoverflow__pwt,1,1,00000000000000000000000001000000000000000000000000000000000000000000000000000000
snap_mathoverflow__pwt,1,1,00000000000000000000000001000000000000000000000000000000000000000000000000000000
snap_mathoverflow__pwt,1,1,00000000000000000000000000010000000000000000000000000000000000000000000000000000
snap_mathoverflow__pwt,1,1,00000000000000000000000000010000000000000000000000000000000000000000000000000000
snap_mathoverflow__pwt,1,1,00000000000000000000000000000010000000000000000000000000000000000000000000000000
snap_mathoverflow__pwt,1,1,00000000000000000000000000000010000000000000000000000000000000000000000000000000
snap_mathoverflow__pwt,1,1,00000000000000000000000000000010000000000000000000000000000000000000000000000000
snap_mathoverflow__pwt,1,1,00000000000000000000000000000000100000000000000000000000000000000000000000000000
snap_mathoverflow__pwt,1,1,00000000000000000000000000000000100000000000000000000000000000000000000000000000
snap_mathoverflow__pwt,1,1,00000000000000000000000000000000100000000000000000000000000000000000000000000000
snap_mathoverflow__pwt,1,1,00000000000000000000000000000000001000000000000000000000000000000000000000000000
snap_mathoverflow__pwt,1,1,00000000000000000000000000000000000001000000000000000000000000000000000000000000
snap_mathoverflow__pwt,1,1,00000000000000000000000000000000000000010000000000000000000000000000000000000000
snap_mathoverflow__pwt,1,1,00000000000000000000000000000000000000001000000000000000000000000000000000000000
snap_mathoverflow__pwt,1,1,00000000000000000000000000000000000000001000000000000000000000000000000000000000
snap_mathoverflow__pwt,1,1,00000000000000000000000000000000000000000010000000000000000000000000000000000000
snap_mathoverflow__pwt,1,1,00000000000000000000000000000000000000000000100000000000000000000000000000000000
snap_mathoverflow__pwt,1,1,00000000000000000000000000000000000000000000100000000000000000000000000000000000
snap_mathoverflow__pwt,1,1,00000000000000000000000000000000000000000000000100000000000000000000000000000000
snap_mathoverflow__pwt,1,1,00000000000000000000000000000000000000000000000100000000000000000000000000000000
snap_mathoverflow__pwt,1,1,00000000000000000000000000000000000000000000000010000000000000000000000000000000
snap_mathoverflow__pwt,1,1,00000000000000000000000000000000000000000000000010000000000000000000000000000000
snap_mathoverflow__pwt,1,1,00000000000000000000000000000000000000000000000000100000000000000000000000000000
snap_mathoverflow__pwt,1,1,00000000000000000000000000000000000000000000000000100000000000000000000000000000
snap_mathoverflow__pwt,1,1,00000000000000000000000000000000000000000000000000010000000000000000000000000000
snap_mathoverflow__pwt,1,1,00000000000000000000000000000000000000000000000000010000000000000000000000000000
snap_mathoverflow__pwt,1,1,00000000000000000000000000000000000000000000000000000100000000000000000000000000
snap_mathoverflow__pwt,1,1,00000000000000000000000000000000000000000000000000000010000000000000000000000000
snap_mathoverflow__pwt,1,1,00000000000000000000000000000000000000000000000000000001000000000000000000000000
snap_mathoverflow__pwt,1,1,00000000000000000000000000000000000000000000000000000000010000000000000000000000
snap_mathoverflow__pwt,1,1,00000000000000000000000000000000000000000000000000000000001000000000000000000000
snap_mathoverflow__pwt,1,1,00000000000000000000000000000000000000000000000000000000001000000000000000000000
snap_mathoverflow__pwt,1,1,00000000000000000000000000000000000000000000000000000000000100000000000000000000
snap_mathoverflow__pwt,1,1,00000000000000000000000000000000000000000000000000000000000000010000000000000000
snap_mathoverflow__pwt,1,1,00000000000000000000000000000000000000000000000000000000000000000100000000000000
snap_mathoverflow__pwt,1,1,00000000000000000000000000000000000000000000000000000000000000000001000000000000
snap_mathoverflow__pwt,1,1,00000000000000000000000000000000000000000000000000000000000000000001000000000000
snap_mathoverflow__pwt,1,1,00000000000000000000000000000000000000000000000000000000000000000000010000000000
snap_mathoverflow__pwt,1,1,00000000000000000000000000000000000000000000000000000000000000000000000100000000
snap_mathoverflow__pwt,1,1,00000000000000000000000000000000000000000000000000000000000000000000000100000000
snap_mathoverflow__pwt,1,1,00000000000000000000000000000000000000000000000000000000000000000000000001000000
snap_mathoverflow__pwt,1,1,00000000000000000000000000000000000000000000000000000000000000000000000000100000
snap_mathoverflow__pwt,1,1,00000000000000000000000000000000000000000000000000000000000000000000000000010000
snap_mathoverflow__pwt,1,1,00000000000000000000000000000000000000000000000000000000000000000000000000000100
sp_highschool2013,5,95,11000000000000000001000000000000000000010100000000000001000000000000000011111000
sp_highschool2013,5,122,11100000000000011101000000000000000010110000000000000000001000000000000000101000
sp_highschool2013,5,990,11100000000000001111111000000000000100100000000000000111010110000000000011111111
sp_highschool2013,5,133,01100000000000000000101000000000001011000000000000000001010000000000000000111000
sp_highschool2013,5,66,00010000000000000001011000000000000110110000000000000011000000000000000000001100
sp_highschool2013,4,7,10010000000000000100001000000000000000000100000000000001000000000000000000000000
sp_highschool2013,4,15,10000000000000000001100000000000000010000000000000000001011000000000000000000000
sp_highschool2013,4,264,10010000000000000000111000000000000000000000000000000111011110000000000000111000
sp_highschool2013,4,117,01010000000000011100101000000000000110000000000000000000000000000000000000011000
sp_highschool2013,4,55,01100000000000000000000000000000000010010100000000000001010010000000000000000100
sp_highschool2013,4,162,00000000000000011111000000000000001111100000000000000011000000000000000000000000
sp_highschool2013,4,227,00000000000000000000100000000000001110110100000000000001100010000000000000111111
sp_highschool2013,3,291,10010000000000011111111000000000000000100000000000000000000000000000000000000000
sp_highschool2013,3,29,10000000000000000001100000000000000010110000000000000000000000000000000000000000
sp_highschool2013,3,12,11000000000000000000100000000000000000000000000000000010000000000000000000000000
sp_highschool2013,3,9,11000000000000000000000000000000000000000100000000000001000000000000000000000000
sp_highschool2013,3,84,11010000000000000100100000000000000000000000000000000001001100000000000000000000
sp_highschool2013,3,7,10000000000000000000000000000000000000000000000000000000010110000000000001000000
sp_highschool2013,3,33,01110000000000000000000000000000000010000000000000000001000010000000000000000000
sp_highschool2013,3,15,01000000000000000000000000000000000000000000000000000100000000000000000000000100
sp_highschool2013,3,6,00100000000000000100000000000000000000100100000000000000000000000000000000000000
sp_highschool2013,3,26,00010000000000000000000000000000000000100000000000000000000000000000000000001000
sp_highschool2013,3,9,00000000000000000100000000000000001010100000000000000000000000000000000000101000
sp_highschool2013,3,35,00000000000000000001000000000000000010010000000000000000000000000000000000100100
sp_highschool2013,3,12,00000000000000000000010000000000000010100000000000000000000000000000000000000100
sp_highschool2013,3,10,00000000000000000000000000000000000010000000000000000000001000000000000000100000
sp_highschool2013,2,2,10000000000000000000000000000000000000000000000000000000000010000000000000000000
sp_highschool2013,2,21,01110000000000000000000000000000000010100000000000000000000000000000000000000000
sp_highschool2013,2,3,01000000000000000000000000000000000000110000000000000000000000000000000000000000
sp_highschool2013,2,7,01000000000000000000000000000000000000000000000000000000000000000000000000100000
sp_highschool2013,2,8,01100000000000000000000000000000000000000000000000000000000000000000000000001110
sp_highschool2013,2,4,00100000000000000001000000000000000000000000000000000000000000000000000000000000
sp_highschool2013,2,3,00010000000000000000001000000000000000000000000000000000000000000000000000000000
sp_highschool2013,2,3,00010000000000000000000000000000000000000000000000000001000000000000000000000000
sp_highschool2013,2,12,00010000000000000000000000000000000000000000000000000000010000000000000000000000
sp_highschool2013,2,7,00000000000000000100000000000000000010000000000000000000000000000000000000000000
sp_highschool2013,2,4,00000000000000000101000000000000000010000000000000000000000000000000000000000000
sp_highschool2013,2,2,00000000000000000100000000000000000000000000000000000000010000000000000000000000
sp_highschool2013,2,8,00000000000000000100000000000000000000000000000000000000000000000000000000000100
sp_highschool2013,2,6,00000000000000000100000000000000000000000000000000000000000000000000000001100010
sp_highschool2013,2,10,00000000000000000001000000000000000000000000000000000000000010000000000000000000
sp_highschool2013,2,6,00000000000000000000100000000000000010000000000000000000000000000000000000000000
sp_highschool2013,2,2,00000000000000000000001000000000000010000000000000000000000000000000000000000000
sp_highschool2013,2,2,00000000000000000000000000000000001000000000000000000000001000000000000000000000
sp_highschool2013,2,6,00000000000000000000000000000000000010000000000000000000000000000000000000100000
sp_highschool2013,2,16,00000000000000000000000000000000000011000000000000000000000000000000000000000100
sp_highschool2013,2,7,00000000000000000000000000000000000000110000000000000000000000000000000000100000
sp_highschool2013,2,3,00000000000000000000000000000000000000000100000000000001000100000000000000000000
sp_highschool2013,1,7,10110000000000000000000000000000000000000000000000000000000000000000000000000000
sp_highschool2013,1,3,10010000000000000000000000000000000000000000000000000000000000000000000000000000
sp_highschool2013,1,2,00000000000000000100000000000000000000000000000000000000000000000000000000000000
sp_highschool2013,1,6,00000000000000000100000000000000000000000000000000000000000000000000000000000000
sp_highschool2013,1,2,00000000000000000000100000000000000000000000000000000000000000000000000000000000
sp_highschool2013,1,5,00000000000000000000000000000000000001100000000000000000000000000000000000000000
sp_highschool2013,1,2,00000000000000000000000000000000000000100000000000000000000000000000000000000000
sp_highschool2013,1,5,00000000000000000000000000000000000000100000000000000000000000000000000000000000
sp_highschool2013,1,2,00000000000000000000000000000000000000010000000000000000000000000000000000000000
sp_highschool2013,1,3,00000000000000000000000000000000000000000000000000000001000000000000000000000000
sp_highschool2013,1,5,00000000000000000000000000000000000000000000000000000001000000000000000000000000
sp_highschool2013,1,7,00000000000000000000000000000000000000000000000000000000010000000000000000000000
sp_highschool2013,1,2,00000000000000000000000000000000000000000000000000000000010000000000000000000000
sp_highschool2013,1,2,00000000000000000000000000000000000000000000000000000000010010000000000000000000
sp_highschool2013,1,5,00000000000000000000000000000000000000000000000000000000001000000000000000000000
sp_highschool2013,1,4,00000000000000000000000000000000000000000000000000000000001000000000000000000000
sp_highschool2013,1,2,00000000000000000000000000000000000000000000000000000000000100000000000000000000
sp_highschool2013,1,3,00000000000000000000000000000000000000000000000000000000000000000000000000100000
sp_highschool2013,1,10,00000000000000000000000000000000000000000000000000000000000000000000000000100000
sp_highschool2013,1,6,00000000000000000000000000000000000000000000000000000000000000000000000000100000
sp_highschool2013,1,2,00000000000000000000000000000000000000000000000000000000000000000000000000100000
sp_highschool2013,1,1,10000000000000000000000000000000000000000000000000000000000000000000000000000000
sp_highschool2013,1,1,10000000000000000000000000000000000000000000000000000000000000000000000000000000
sp_highschool2013,1,1,10000000000000000000000000000000000000000000000000000000000000000000000000000000
sp_highschool2013,1,1,10000000000000000000000000000000000000000000000000000000000000000000000000000000
sp_highschool2013,1,1,10000000000000000000000000000000000000000000000000000000000000000000000000000000
sp_highschool2013,1,1,00100000000000000000000000000000000000000000000000000000000000000000000000000000
sp_highschool2013,1,1,00010000000000000000000000000000000000000000000000000000000000000000000000000000
sp_highschool2013,1,1,00000000000000000100000000000000000000000000000000000000000000000000000000000000
sp_highschool2013,1,1,00000000000000000100000000000000000000000000000000000000000000000000000000000000
sp_highschool2013,1,1,00000000000000000100000000000000000000000000000000000000000000000000000000000000
sp_highschool2013,1,1,00000000000000000001000000000000000000000000000000000000000000000000000000000000
sp_highschool2013,1,1,00000000000000000000100000000000000000000000000000000000000000000000000000000000
sp_highschool2013,1,1,00000000000000000000100000000000000000000000000000000000000000000000000000000000
sp_highschool2013,1,1,00000000000000000000001000000000000000000000000000000000000000000000000000000000
sp_highschool2013,1,1,00000000000000000000001000000000000000000000000000000000000000000000000000000000
sp_highschool2013,1,1,00000000000000000000001000000000000000000000000000000000000000000000000000000000
sp_highschool2013,1,1,00000000000000000000000000000000000010000000000000000000000000000000000000000000
sp_highschool2013,1,1,00000000000000000000000000000000000010000000000000000000000000000000000000000000
sp_highschool2013,1,1,00000000000000000000000000000000000000000100000000000000000000000000000000000000
sp_highschool2013,1,1,00000000000000000000000000000000000000000000000000000001000000000000000000000000
sp_highschool2013,1,1,00000000000000000000000000000000000000000000000000000000100000000000000000000000
sp_highschool2013,1,1,00000000000000000000000000000000000000000000000000000000010000000000000000000000
sp_highschool2013,1,1,00000000000000000000000000000000000000000000000000000000010000000000000000000000
sp_highschool2013,1,1,00000000000000000000000000000000000000000000000000000000001000000000000000000000
sp_highschool2013,1,1,00000000000000000000000000000000000000000000000000000000001000000000000000000000
sp_highschool2013,1,1,00000000000000000000000000000000000000000000000000000000001000000000000000000000
sp_highschool2013,1,1,00000000000000000000000000000000000000000000000000000000000010000000000000000000
sp_highschool2013,1,1,00000000000000000000000000000000000000000000000000000000000000000000000000100000
sp_highschool2013,1,1,00000000000000000000000000000000000000000000000000000000000000000000000000100000
sp_highschool2013,1,1,00000000000000000000000000000000000000000000000000000000000000000000000000010000
sp_highschool2013,1,1,00000000000000000000000000000000000000000000000000000000000000000000000000001000
sp_highschool2013__pwt,5,10,10100000000000000110010000000000000010000000000000000000010000000000000001000000
sp_highschool2013__pwt,5,16,11100000000000000011110000000000000011100000000000000000000010000000000000110000
sp_highschool2013__pwt,5,32,11010000000000001101111000000000000110110100000000000101100000000000000001111100
sp_highschool2013__pwt,5,21,11000000000000001011100000000000000101110100000000000000101000000000000001100100
sp_highschool2013__pwt,5,28,11000000000000011100001000000000000011100000000000000011011000000000000001111100
sp_highschool2013__pwt,5,21,10110000000000010110010000000000000010000000000000000001101010000000000001011100
sp_highschool2013__pwt,5,123,11110000000000011111111000000000001111111100000000000111111110000000000001111110
sp_highschool2013__pwt,5,35,11110000000000001101100000000000000101010000000000000011110000000000000001111010
sp_highschool2013__pwt,5,20,11100000000000000001000000000000001100111000000000000011100100000000000000111010
sp_highschool2013__pwt,5,43,11110000000000001101011000000000000110110100000000000010000110000000000001110110
sp_highschool2013__pwt,5,20,10010000000000011100001000000000000110001000000000000000111000000000000010010010
sp_highschool2013__pwt,5,168,11110000000000011111111000000000000111111100000000000111111110000000000011111110
sp_highschool2013__pwt,5,22,11000000000000001111100000000000000001000100000000000101111100000000000001111010
sp_highschool2013__pwt,5,38,11010000000000010111010000000000000001110000000000000011100100000000000000111010
sp_highschool2013__pwt,5,15,10000000000000000001011000000000001010100000000000000000111010000000000000000010
sp_highschool2013__pwt,5,331,11110000000000001111111000000000001111111100000000000011111110000000000011111111
sp_highschool2013__pwt,5,28,11110000000000010000110000000000000110000000000000000010100100000000000001101001
sp_highschool2013__pwt,5,31,10010000000000000110001000000000000111100000000000000111110100000000000000100101
sp_highschool2013__pwt,5,390,11110000000000011111111000000000001111111100000000000011111110000000000011111111
sp_highschool2013__pwt,5,331,11110000000000011111111000000000001111111100000000000111111110000000000011111111
sp_highschool2013__pwt,5,242,11110000000000011111111000000000001111111100000000000011111110000000000011111111
sp_highschool2013__pwt,5,370,11110000000000011111111000000000001111111100000000000111111110000000000011111111
sp_highschool2013__pwt,5,1290,11110000000000011111111000000000001111111100000000000111111110000000000011111111
sp_highschool2013__pwt,5,601,11110000000000011111111000000000001111111100000000000111111110000000000011111111
sp_highschool2013__pwt,5,13,01010000000000001100010000000000000000010100000000000000000110000000000000001000
sp_highschool2013__pwt,5,19,01000000000000001001010000000000000111110000000000000001000010000000000000101000
sp_highschool2013__pwt,5,31,01100000000000000111111000000000000110110000000000000001011110000000000001101110
sp_highschool2013__pwt,5,8,00100000000000001010000000000000000010000100000000000010000000000000000000011000
sp_highschool2013__pwt,5,7,00100000000000000100010000000000000000001000000000000100000000000000000000000110
sp_highschool2013__pwt,5,20,00110000000000001000101000000000001101110000000000000001001000000000000001010001
sp_highschool2013__pwt,4,14,10100000000000000001101000000000000010010100000000000100000000000000000000000000
sp_highschool2013__pwt,4,7,11000000000000000000010000000000000000000000000000000010000000000000000010100000
sp_highschool2013__pwt,4,7,01000000000000000000000000000000000110000000000000000000001010000000000000110000
sp_highschool2013__pwt,4,9,01110000000000000100001000000000000000000000000000000001000000000000000000001000
sp_highschool2013__pwt,4,5,00100000000000000010010000000000000000000000000000000000000010000000000001000000
sp_highschool2013__pwt,4,7,00100000000000000000001000000000000000000000000000000001011000000000000000001000
sp_highschool2013__pwt,4,6,00010000000000000000001000000000000000000100000000000001010000000000000000000000
sp_highschool2013__pwt,4,5,00010000000000000000000000000000000110000000000000000001000000000000000001000000
sp_highschool2013__pwt,4,5,00000000000000001000000000000000000000010000000000000000100000000000000000000101
sp_highschool2013__pwt,4,16,00000000000000000101100000000000000010010000000000000001011000000000000000110100
sp_highschool2013__pwt,3,3,10000000000000000000000000000000000000001000000000000000000010000000000000000000
sp_highschool2013__pwt,3,7,00100000000000001100000000000000000000000000000000000000001100000000000000000000
sp_highschool2013__pwt,3,3,00100000000000000000000000000000000000000000000000000000100000000000000000100000
sp_highschool2013__pwt,3,3,00010000000000000001000000000000000000000000000000000000000000000000000000100000
sp_highschool2013__pwt,3,6,00000000000000001000000000000000000110101000000000000000000000000000000000001000
sp_highschool2013__pwt,3,4,00000000000000000100010000000000001000000000000000000000000000000000000000100000
sp_highschool2013__pwt,3,3,00000000000000000100000000000000000000000000000000000000100000000000000000000001
sp_highschool2013__pwt,3,4,00000000000000000010000000000000000010000000000000000001000000000000000000000000
sp_highschool2013__pwt,3,11,00000000000000000001110000000000001011010100000000000001100100000000000000000000
sp_highschool2013__pwt,3,4,00000000000000000000101000000000000000010000000000000000000000000000000000010000
sp_highschool2013__pwt,3,4,00000000000000000000000000000000000000000100000000000010000000000000000000110000
sp_highschool2013__pwt,2,2,10000000000000000100000000000000000000000000000000000000000000000000000000000000
sp_highschool2013__pwt,2,3,10000000000000010010000000000000000000000000000000000000000000000000000000000000
sp_highschool2013__pwt,2,3,10000000000000000000000000000000000000000000000000000000000000000000000000000010
sp_highschool2013__pwt,2,2,01000000000000000000000000000000000000000000000000000000010000000000000000000000
sp_highschool2013__pwt,2,2,01000000000000000000000000000000000000000000000000000000000000000000000000000100
sp_highschool2013__pwt,2,3,00000000000000001010000000000000000100000000000000000000000000000000000000000000
sp_highschool2013__pwt,2,3,00000000000000000100000000000000000000000000000000000000000010000000000000000000
sp_highschool2013__pwt,2,3,00000000000000000000100000000000000000000000000000000000000000000000000001010000
sp_highschool2013__pwt,2,2,00000000000000000000001000000000000000010000000000000000000000000000000000000000
sp_highschool2013__pwt,2,2,00000000000000000000001000000000000000000000000000000000000000000000000000100000
sp_highschool2013__pwt,2,2,00000000000000000000000000000000000100000000000000000000000000000000000000000100
sp_highschool2013__pwt,2,3,00000000000000000000000000000000000001100000000000000000000000000000000001000000
sp_highschool2013__pwt,2,2,00000000000000000000000000000000000000100000000000000000000000000000000001000000
sp_highschool2013__pwt,2,2,00000000000000000000000000000000000000001000000000000000000000000000000000100000
sp_highschool2013__pwt,2,2,00000000000000000000000000000000000000000000000000000000000100000000000000000001
sp_highschool2013__pwt,1,2,00000000000000000000000000000000000010000000000000000000000000000000000000000000
sp_highschool2013__pwt,1,2,00000000000000000000000000000000000000000000000000000000000000000000000000110000
sp_highschool2013__pwt,1,3,00000000000000000000000000000000000000000000000000000000000000000000000000110010
sp_highschool2013__pwt,1,1,10000000000000000000000000000000000000000000000000000000000000000000000000000000
sp_highschool2013__pwt,1,1,01000000000000000000000000000000000000000000000000000000000000000000000000000000
sp_highschool2013__pwt,1,1,00100000000000000000000000000000000000000000000000000000000000000000000000000000
sp_highschool2013__pwt,1,1,00010000000000000000000000000000000000000000000000000000000000000000000000000000
sp_highschool2013__pwt,1,1,00000000000000001000000000000000000000000000000000000000000000000000000000000000
sp_highschool2013__pwt,1,1,00000000000000000001000000000000000000000000000000000000000000000000000000000000
sp_highschool2013__pwt,1,1,00000000000000000001000000000000000000000000000000000000000000000000000000000000
sp_highschool2013__pwt,1,1,00000000000000000000100000000000000000000000000000000000000000000000000000000000
sp_highschool2013__pwt,1,1,00000000000000000000100000000000000000000000000000000000000000000000000000000000
sp_highschool2013__pwt,1,1,00000000000000000000001000000000000000000000000000000000000000000000000000000000
sp_highschool2013__pwt,1,1,00000000000000000000001000000000000000000000000000000000000000000000000000000000
sp_highschool2013__pwt,1,1,00000000000000000000000000000000000100000000000000000000000000000000000000000000
sp_highschool2013__pwt,1,1,00000000000000000000000000000000000100000000000000000000000000000000000000000000
sp_highschool2013__pwt,1,1,00000000000000000000000000000000000010000000000000000000000000000000000000000000
sp_highschool2013__pwt,1,1,00000000000000000000000000000000000010000000000000000000000000000000000000000000
sp_highschool2013__pwt,1,1,00000000000000000000000000000000000010000000000000000000000000000000000000000000
sp_highschool2013__pwt,1,1,00000000000000000000000000000000000000001000000000000000000000000000000000000000
sp_highschool2013__pwt,1,1,00000000000000000000000000000000000000000000000000000010000000000000000000000000
sp_highschool2013__pwt,1,1,00000000000000000000000000000000000000000000000000000001000000000000000000000000
sp_highschool2013__pwt,1,1,00000000000000000000000000000000000000000000000000000001000000000000000000000000
sp_highschool2013__pwt,1,1,00000000000000000000000000000000000000000000000000000001000000000000000000000000
sp_highschool2013__pwt,1,1,00000000000000000000000000000000000000000000000000000000100000000000000000000000
sp_highschool2013__pwt,1,1,00000000000000000000000000000000000000000000000000000000010000000000000000000000
sp_highschool2013__pwt,1,1,00000000000000000000000000000000000000000000000000000000001000000000000000000000
sp_highschool2013__pwt,1,1,00000000000000000000000000000000000000000000000000000000000100000000000000000000
sp_highschool2013__pwt,1,1,00000000000000000000000000000000000000000000000000000000000100000000000000000000
sp_highschool2013__pwt,1,1,00000000000000000000000000000000000000000000000000000000000010000000000000000000
sp_highschool2013__pwt,1,1,00000000000000000000000000000000000000000000000000000000000000000000000000010000
sp_highschool2013__pwt,1,1,00000000000000000000000000000000000000000000000000000000000000000000000000001000
sp_highschool2013__pwt,1,1,00000000000000000000000000000000000000000000000000000000000000000000000000000100
sp_highschool2013__pwt,1,1,00000000000000000000000000000000000000000000000000000000000000000000000000000010
sp_hospital,5,130,00000000000000010111000000000000000110110000000000000000110110000000000000000110
sp_hospital,5,101,00000000000000010111000000000000000101110000000000000001000100000000000000111110
sp_hospital,4,175,10000000000000001111100000000000000011111100000000000000111111100000000000000000
sp_hospital,4,91,00000000000000001111101000000000000010111000000000000000101000000000000000010000
sp_hospital,4,28,00000000000000000100000000000000000011011000000000000011010000000000000000110101
sp_hospital,3,16,01001000000000000000000000000000000000000000000000000000101101011000000000000000
sp_hospital,3,4,00010000000000000000001000000000000000001000000000000000000000000000000000000000
sp_hospital,3,3,00000000000000100100000000000000000000000000000000000000000000000000000000000001
sp_hospital,3,24,00000000000000010010000000000000000100010000000000000000000000000000000000000000
sp_hospital,3,161,00000000000000011111100000000000001111111000000000000000000000000000000000000000
sp_hospital,3,7,00000000000000000100000000000000000000100000000000000000010000000000000000000000
sp_hospital,3,6,00000000000000000000011000000000000000000001000000000000001000000000000000000000
sp_hospital,3,72,00000000000000000000001000000000000000000000000000000011111000000000000000110110
sp_hospital,3,33,00000000000000000000000010000000000000000010110000000000011000000000000000000000
sp_hospital,3,75,00000000000000000000000000000000001111111000000000000011001100000000000000000101
sp_hospital,3,76,00000000000000000000000000000000000011000100000000000000101100000000000000001100
sp_hospital,3,33,00000000000000000000000000000000000000010000000000000000000100000000000000000100
sp_hospital,2,8,11000000000000000000010000000000000000000000000000000000000000000000000000000000
sp_hospital,2,20,01100000000000000011000000000000000000000000000000000000000000000000000000000000
sp_hospital,2,87,01111100000000000000011111000000000000000000000000000000000000000000000000000000
sp_hospital,2,5,00000100000000000000000001000000000000000000000000000000000000000000000000000000
sp_hospital,2,17,00000000100000000110000000000000000000000000000000000000000000000000000000000000
sp_hospital,2,84,00000000000000111111110000000000000000000000000000000000000000000000000000000000
sp_hospital,2,4,00000000000000011001000000000000000000000000000000000000000000000000000000000000
sp_hospital,2,19,00000000000000011110100000000000000000000000000000000000000000000000000000000000
sp_hospital,2,3,00000000000000010000100000000000000000000000000000000000000000000000000000000000
sp_hospital,2,29,00000000000000001001000000000000000011100000000000000000000000000000000000000000
sp_hospital,2,8,00000000000000000100000000000000000000110000000000000000000000000000000000000000
sp_hospital,2,25,00000000000000000010000000000000000000100000000000000000000000000000000000000000
sp_hospital,2,9,00000000000000000010000000000000000000000000000000000000010010000000000000000000
sp_hospital,2,4,00000000000000000001001000000000000000000000000000000000010000000000000000000000
sp_hospital,2,15,00000000000000000000010000000000000000100000000000000000000000000000000000000000
sp_hospital,2,18,00000000000000000000011000000000000000001000000000000000000000000000000000000000
sp_hospital,2,8,00000000000000000000010001000000000000000000000000000000000001010000000000000000
sp_hospital,2,12,00000000000000000000010000000000000000000000000000000000000000001000000000000000
sp_hospital,2,2,00000000000000000000000000000000000100000000000000000001000000000000000000000000
sp_hospital,2,56,00000000000000000000000000000000000011100000000000000000001000000000000000000000
sp_hospital,2,17,00000000000000000000000000000000000000000010100000000000011000000000000000000000
sp_hospital,2,12,00000000000000000000000000000000000000000000000100000100000000000000000000000000
sp_hospital,2,15,00000000000000000000000000000000000000000000000000000100000000000001000001000000
sp_hospital,2,26,00000000000000000000000000000000000000000000000000000001010000000000000000001110
sp_hospital,2,3,00000000000000000000000000000000000000000000000000000000010000000000000000010000
sp_hospital,2,4,00000000000000000000000000000000000000000000000000000000010000000000000000000111
sp_hospital,2,11,00000000000000000000000000000000000000000000000000000000000100000000000000010000
sp_hospital,2,10,00000000000000000000000000000000000000000000000000000000000001100000000000000001
sp_hospital,1,7,11000000000000000000000000000000000000000000000000000000000000000000000000000000
sp_hospital,1,3,01100000000000000000000000000000000000000000000000000000000000000000000000000000
sp_hospital,1,7,00110000000000000000000000000000000000000000000000000000000000000000000000000000
sp_hospital,1,13,00001100000000000000000000000000000000000000000000000000000000000000000000000000
sp_hospital,1,10,00000000100000000000000000000000000000000000000000000000000000000000000000000000
sp_hospital,1,5,00000000000000000100000000000000000000000000000000000000000000000000000000000000
sp_hospital,1,3,00000000000000000100000000000000000000000000000000000000000000000000000000000000
sp_hospital,1,10,00000000000000000110000000000000000000000000000000000000000000000000000000000000
sp_hospital,1,14,00000000000000000011000000000000000000000000000000000000000000000000000000000000
sp_hospital,1,6,00000000000000000011000000000000000000000000000000000000000000000000000000000000
sp_hospital,1,12,00000000000000000010101000000000000000000000000000000000000000000000000000000000
sp_hospital,1,2,00000000000000000000101000000000000000000000000000000000000000000000000000000000
sp_hospital,1,3,00000000000000000000010000000000000000000000000000000000000000000000000000000000
sp_hospital,1,17,00000000000000000000010000000000000000000000000000000000000000000000000000000000
sp_hospital,1,8,00000000000000000000010001000000000000000000000000000000000000000000000000000000
sp_hospital,1,21,00000000000000000000001010000000000000000000000000000000000000000000000000000000
sp_hospital,1,6,00000000000000000000001000100000000000000000000000000000000000000000000000000000
sp_hospital,1,92,00000000000000000000000000000000001111111000000000000000000000000000000000000000
sp_hospital,1,5,00000000000000000000000000000000000100000000000000000000000000000000000000000000
sp_hospital,1,42,00000000000000000000000000000000000011110000000000000000000000000000000000000000
sp_hospital,1,8,00000000000000000000000000000000000000100000000000000000000000000000000000000000
sp_hospital,1,8,00000000000000000000000000000000000000001000000000000000000000000000000000000000
sp_hospital,1,5,00000000000000000000000000000000000000000000000100000000000000000000000000000000
sp_hospital,1,36,00000000000000000000000000000000000000000000000000000001100000000000000000000000
sp_hospital,1,4,00000000000000000000000000000000000000000000000000000000100000000000000000000000
sp_hospital,1,17,00000000000000000000000000000000000000000000000000000000111110000000000000000000
sp_hospital,1,20,00000000000000000000000000000000000000000000000000000000010000000000000000000000
sp_hospital,1,2,00000000000000000000000000000000000000000000000000000000010000000000000000000000
sp_hospital,1,2,00000000000000000000000000000000000000000000000000000000001000000000000000000000
sp_hospital,1,2,00000000000000000000000000000000000000000000000000000000000010000000000000000000
sp_hospital,1,4,00000000000000000000000000000000000000000000000000000000000000010000000000000000
sp_hospital,1,4,00000000000000000000000000000000000000000000000000000000000000001000000000000000
sp_hospital,1,11,00000000000000000000000000000000000000000000000000000000000000000001001101000000
sp_hospital,1,3,00000000000000000000000000000000000000000000000000000000000000000000000000010000
sp_hospital,1,2,00000000000000000000000000000000000000000000000000000000000000000000000000001000
sp_hospital,1,16,00000000000000000000000000000000000000000000000000000000000000000000000000001100
sp_hospital,1,28,00000000000000000000000000000000000000000000000000000000000000000000000000001011
sp_hospital,1,217,00000000000000000000000000000000000000000000000000000000000000000000000000001111
sp_hospital,1,26,00000000000000000000000000000000000000000000000000000000000000000000000000000110
sp_hospital,1,6,00000000000000000000000000000000000000000000000000000000000000000000000000000101
sp_hospital,1,2,00000000000000000000000000000000000000000000000000000000000000000000000000000010
sp_hospital,1,1,00010000000000000000000000000000000000000000000000000000000000000000000000000000
sp_hospital,1,1,00010000000000000000000000000000000000000000000000000000000000000000000000000000
sp_hospital,1,1,00000000000000001000000000000000000000000000000000000000000000000000000000000000
sp_hospital,1,1,00000000000000000100000000000000000000000000000000000000000000000000000000000000
sp_hospital,1,1,00000000000000000001000000000000000000000000000000000000000000000000000000000000
sp_hospital,1,1,00000000000000000000000000000000000001000000000000000000000000000000000000000000
sp_hospital,1,1,00000000000000000000000000000000000000001000000000000000000000000000000000000000
sp_hospital,1,1,00000000000000000000000000000000000000000000000000000000100000000000000000000000
sp_hospital,1,1,00000000000000000000000000000000000000000000000000000000001000000000000000000000
sp_hospital,1,1,00000000000000000000000000000000000000000000000000000000000010000000000000000000
sp_hospital,1,1,00000000000000000000000000000000000000000000000000000000000000000000000000000100
sp_hospital,1,1,00000000000000000000000000000000000000000000000000000000000000000000000000000010
sp_hospital,1,1,00000000000000000000000000000000000000000000000000000000000000000000000000000001
sp_hospital,1,1,00000000000000000000000000000000000000000000000000000000000000000000000000000001
sp_hospital__pwt,5,9,10010100000000000000001000000000000101000000000000000000000100000000000000000100
sp_hospital__pwt,5,22,10000000000000010011101000000000000000111100000000000000111000001000000000011100
sp_hospital__pwt,5,156,10011100100000011111111111000000000111111111101000000001111111101000000000111111
sp_hospital__pwt,5,68,10011100000000000111110111100000000111111101000110000000111111110000000000110111
sp_hospital__pwt,5,59,11101110100000011111011100000000000101100101001000000010111110100000000000101111
sp_hospital__pwt,5,545,11111111100000011111111111000000001111111111111100000111111111111101000001111111
sp_hospital__pwt,5,299,11111100100000111111111111100000001111111111110100000111111111111101000000111111
sp_hospital__pwt,5,68,11111100000100011111110010000000000110110011100000000011111111000000000000111101
sp_hospital__pwt,5,142,11010110000001011111111111000000001111111111000100000011011111010101000000111111
sp_hospital__pwt,5,47,10100000000000010111100011100000000111101111001000010010101110010100000000101111
sp_hospital__pwt,5,12,01100000000000000101010000000000000000010000100000000010010000000000000000001100
sp_hospital__pwt,5,85,01011100000001011111110010100000001011111111000110000110111111010000000000101110
sp_hospital__pwt,5,21,01000000100000001011000100000000000011001010000100000000010000100000000000010110
sp_hospital__pwt,5,189,01111101000000111111111101000000001111111111111000000001111111000000000000111111
sp_hospital__pwt,5,39,01001001000000000101101001000000001111101001011000000110111110001000000000000111
sp_hospital__pwt,5,226,01111100100000011111111111100000001111111111110100010011111111111111000000011111
sp_hospital__pwt,5,24,01010000000000001001010000000000000010001001000000000000101101100000000000010111
sp_hospital__pwt,5,17,00101000000000010100000001000000000000110000000000000000011010000000000000011110
sp_hospital__pwt,5,44,00100000000000100110111101000000000111111110000000000001111010110000000000011110
sp_hospital__pwt,5,49,00110010000000001111111010000000000011101011001000000111110110101000000001001110
sp_hospital__pwt,5,77,00101000000000011111111111000000001111101111000000000010111110001001000000111111
sp_hospital__pwt,5,26,00100100100001010111110001000000001000000010000000000011110000000000000000011011
sp_hospital__pwt,5,36,00100010000000001101011101000000000000110011000000000001111000000001000000010111
sp_hospital__pwt,5,42,00100110100000001111110110000000000000111101110000000001111001000000000000111101
sp_hospital__pwt,5,14,00010000000000001000000100000000000001110000000000000000111000000000000000001000
sp_hospital__pwt,5,13,00010000000000011011000000000000000010100000000000000000001000100000000000001100
sp_hospital__pwt,5,15,00010010000000000111110010000000000001100000000000000000100100010000000000000010
sp_hospital__pwt,5,15,00010000000000000000000101000000000000111000000000000000111000000000000000100110
sp_hospital__pwt,5,16,00010000000000000011001010000000000001000000000000000000001100000000000000010110
sp_hospital__pwt,5,21,00011000000000000001101010000000000001100110000000000010111101000000000000001101
sp_hospital__pwt,5,21,00001000000000011110111101000000000011010000000000000000111110000000000000001000
sp_hospital__pwt,5,16,00001000000000011010011000000000000010100000000000000001100101000000000000011010
sp_hospital__pwt,5,60,00001000000000001111011000000000000011100011011100000001111010000000000001111101
sp_hospital__pwt,5,51,00001100000000011111111010000000000111110001000100000011001111000100000000010111
sp_hospital__pwt,5,22,00001000000000001100100001000000000010101001001100000000110100000000000000000111
sp_hospital__pwt,5,29,00000100000000000111001001100000000001110110000100000010100110000000000000111111
sp_hospital__pwt,5,61,00000010000000011001111110000000000111101110100000000111111010010000000000011110
sp_hospital__pwt,5,44,00000010100001000111110100000000000111011010000000000011111011000100000000011111
sp_hospital__pwt,5,20,00000000100000001100011000000000000111100110000000000000000110000000000000100100
sp_hospital__pwt,5,42,00000000000000011011111001000000000111110100000000000111111100000000000000001110
sp_hospital__pwt,4,12,01000000000000010001010001000000000101100000000000000011000100000000000000000000
sp_hospital__pwt,4,7,01000000000000001001000001000000000000010000000000000000000000000000000000001010
sp_hospital__pwt,4,4,00001000000000000000000000000000000001000000000000000000100000000000000000001000
sp_hospital__pwt,4,12,00000100100000010100100100000000000001000100000000000000010110000000000000000000
sp_hospital__pwt,4,8,00000000100000000000010010000000010000000000000000000000011100000000000000000000
sp_hospital__pwt,4,13,00000000000000010100010000000000000000000000000000000011011001000000000000001010
sp_hospital__pwt,4,7,00000000000000001000000000000000000000100010000000000000110010000000000000001000
sp_hospital__pwt,4,14,00000000000000001000100000000000000000100000100000001001111010010000000000000010
sp_hospital__pwt,4,5,00000000000000000101000000000000000001000000000000000000100000000000000000010000
sp_hospital__pwt,4,11,00000000000000000110001000000000000000100001000000000110001100000000000000101000
sp_hospital__pwt,4,19,00000000000000000011000000000000000011110100000000000000010100100001000000011001
sp_hospital__pwt,4,10,00000000000000000010000001000000000000110000000000000000000100100000000000010001
sp_hospital__pwt,4,9,00000000000000000001100101000000000011000000000000000000000010000000000000000100
sp_hospital__pwt,4,13,00000000000000000000100000000000000100010000000000000011100110001000000000001101
sp_hospital__pwt,4,6,00000000000000000000001001000000000010000000000000000000000000100000000000000010
sp_hospital__pwt,4,9,00000000000000000000000100000000000010011000000000000001101000000000000000000100
sp_hospital__pwt,4,5,00000000000000000000000000100000000000001000000000000000010000000000000000000110
sp_hospital__pwt,3,8,01000000000000001010010100000000000010011000000000000000000000000000000000000000
sp_hospital__pwt,3,4,01000000000000000000000000000000000010010000000000000000000100000000000000000000
sp_hospital__pwt,3,3,00010000000000000000000000000000000000000000000000000001000000000000000001000000
sp_hospital__pwt,3,6,00001000000000000000000000000000000000000000000000000000001000101000000000001001
sp_hospital__pwt,3,4,00000100000001000100000000000000000001000000000000000000000000000000000000000000
sp_hospital__pwt,3,4,00000000000000010000000000000000000000000000000000000000001010000000000000010000
sp_hospital__pwt,3,6,00000000000000001000100000000000001000011000000000000000100000000000000000000000
sp_hospital__pwt,3,6,00000000000000000100000000000000000110000010000000000000001001000000000000000000
sp_hospital__pwt,3,4,00000000000000000100000001000000000001000000000000000000000000000000000000000100
sp_hospital__pwt,3,6,00000000000000000001011000000000000010010000000000000000001000000000000000000000
sp_hospital__pwt,3,5,00000000000000000000100100000000000100000100000000000000100000000000000000000000
sp_hospital__pwt,3,14,00000000000000000000110001100000000111010001100010000010001000000000000000000000
sp_hospital__pwt,3,8,00000000000000000000100000000000000000111000100000000010000100100000000000000000
sp_hospital__pwt,3,4,00000000000000000000000000000000000000010010000000000010000000000000000000010000
sp_hospital__pwt,2,2,00001000000000000000000000000000000000000000000000000000010000000000000000000000
sp_hospital__pwt,2,5,00000000000000000100100011000000000001000000000000000000000000000000000000000000
sp_hospital__pwt,2,4,00000000000000000001000000000000000100010010000000000000000000000000000000000000
sp_hospital__pwt,2,3,00000000000000000001000000000000000000000000000000000000010010000000000000000000
sp_hospital__pwt,2,3,00000000000000000001000100000000000000000000000000000000000000000000000000000010
sp_hospital__pwt,2,3,00000000000000000000100000000000000010010000000000000000000000000000000000000000
sp_hospital__pwt,2,2,00000000000000000000001000000000000000000001000000000000000000000000000000000000
sp_hospital__pwt,2,2,00000000000000000000000001000000000000000000000000000000000000000000000000000100
sp_hospital__pwt,2,2,00000000000000000000000000000000001000000000000000000000001000000000000000000000
sp_hospital__pwt,2,6,00000000000000000000000000000000000010100101000000000000000000000000000000000100
sp_hospital__pwt,2,2,00000000000000000000000000000000000001000000000000000000000000000000000000000010
sp_hospital__pwt,2,3,00000000000000000000000000000000000000100100000000000000000000000000000000001000
sp_hospital__pwt,2,2,00000000000000000000000000000000000000001000000000000000000100000000000000000000
sp_hospital__pwt,1,2,00000000000000000010100000000000000000000000000000000000000000000000000000000000
sp_hospital__pwt,1,2,00000000000000000000000000000000000000000000000000000000000000000000000000011000
sp_hospital__pwt,1,1,01000000000000000000000000000000000000000000000000000000000000000000000000000000
sp_hospital__pwt,1,1,01000000000000000000000000000000000000000000000000000000000000000000000000000000
sp_hospital__pwt,1,1,00100000000000000000000000000000000000000000000000000000000000000000000000000000
sp_hospital__pwt,1,1,00100000000000000000000000000000000000000000000000000000000000000000000000000000
sp_hospital__pwt,1,1,00000000000000000000000100000000000000000000000000000000000000000000000000000000
sp_hospital__pwt,1,1,00000000000000000000000010000000000000000000000000000000000000000000000000000000
sp_hospital__pwt,1,1,00000000000000000000000000000000000000000000100000000000000000000000000000000000
sp_hospital__pwt,1,1,00000000000000000000000000000000000000000000010000000000000000000000000000000000
sp_hospital__pwt,1,1,00000000000000000000000000000000000000000000000000000010000000000000000000000000
sp_hospital__pwt,1,1,00000000000000000000000000000000000000000000000000000001000000000000000000000000
sp_hospital__pwt,1,1,00000000000000000000000000000000000000000000000000000000001000000000000000000000
sp_hospital__pwt,1,1,00000000000000000000000000000000000000000000000000000000000000100000000000000000
sp_hospital__pwt,1,1,00000000000000000000000000000000000000000000000000000000000000000000000000001000
sp_hospital__pwt,1,1,00000000000000000000000000000000000000000000000000000000000000000000000000000010
sp_malawi,5,1525,11101111101111001111101111101111111111001111001111001111001110000110000000000000
sp_malawi,5,1507,11101111101001101101101111111111100001000111101111101111100001001011101110000000
sp_malawi,5,69,10001001101010100000101110000000000100000000000000000000000111001011001011000000
sp_malawi,5,390,11000001000000000110000000000000000000000111000001101111111001000000001011000010
sp_malawi,5,2057,11001111100011101111111101101111001011001111001111101111001111101111000111001010
sp_malawi,5,1600,10101111101111101110001111001110000110001101001111001111000100001111001111111111
sp_malawi,5,1853,10000011001111000000000111000110101110000001001111101011000001111111101011001011
sp_malawi,5,1163,11001000000000001000000101111000000000000000000100000011001101000000000111111111
sp_malawi,5,619,11110101001011001011001011000100001001101011000111001111000011001011001101001111
sp_malawi,5,3142,11001111000111001111001111000111000111000111001111000111001111001111001111000111
sp_malawi,5,4470,11101111101111111111001111000001001111000010111111101111001111101111001111001111
sp_malawi,5,795,10100000101011100011001011100000001000100011000011100011100000000111001111001111
sp_malawi,5,2579,11001011001111001111111001101011001101111011111111101111111111101011111111111011
sp_malawi,5,1067,11101111001111101111001010100111001111000111000111001001001011111000001011001111
sp_malawi,5,2207,11001111001001001111100110100000000111000001100011100111111111001111001111101111
sp_malawi,5,1014,11001100001111101111101101100110101101101011000111101111001111001111001111000101
sp_malawi,5,2139,11101011000111100111101111101111001111001000000000000000000001001111001110001111
sp_malawi,5,1656,10101111100111100111100001000001101111100111101111001111100111100111100111001111
sp_malawi,5,632,01000101001011000110100011001011101111100111000111000001001111000000101111001101
sp_malawi,5,260,01101000000101001101111110000010001011101101001001001011001110100011101111001111
sp_malawi,5,172,00001000000000000110000000000000000000000110000000001111001001000000000011000011
sp_malawi,5,178,00001000100101001001001000100111001011001001001001000101001000001001000111000111
sp_malawi,5,25,00000000000001000010000000000000000010000101000010000000000000000010000000000010
sp_malawi,4,8,10000000000000000110000000000000000001000010000000000100000000000000000000000000
sp_malawi,4,54,11000111000000000100000000000000000001000000000000000000000000000110000000000000
sp_malawi,4,23,10000100000000000110001100000000000000000000000100000000000000000000000010000000
sp_malawi,4,116,00000111000010000000000000000000000000000011000100000000000001001110001011000000
sp_malawi,4,3767,00000000000000000001111011111011111111101101101011101111101111111111111111101111
sp_malawi,3,257,11100000000000000000000011000000000000000000000000000000000000000110000000000000
sp_malawi,3,45,00000000000100000000000000000000001100001111000010000001001000000000000000000000
sp_malawi,3,40,00000000000010000001000000000000000000000000000000000001000000000000000000000000
sp_malawi,3,33,00000000000000000001000000000000000000000000000100000100000000000000000000000000
sp_malawi,3,15,00000000000000000000000000001000000011000000000010000000000000000000000000000000
sp_malawi,3,5,00000000000000000000000000000011000000000000000000000100000000000000000000000001
sp_malawi,3,6,00000000000000000000000000000000000100000000000010000000000000000000000000000001
sp_malawi,2,10,10000001000000000000000010000000000000000000000000000000000000000000000000000000
sp_malawi,2,3,01000000000000000001000000000000000000000000000000000000000000000000000000000000
sp_malawi,2,596,01001111000111100000000000000000000000000000000000000000000000000110000000000100
sp_malawi,2,25,00000100000000000000000000000000000000000010000000000000000000000000000000000000
sp_malawi,2,14,00000101000000000000000000000000000000000000000000000010000000000000000000000000
sp_malawi,2,14,00000100000000000000000000000000000000000000000000000011000000000000000000000000
sp_malawi,2,18,00000010000101000100000000000000000000000000000000000000000000000000000000000000
sp_malawi,2,2,00000010000000000100000000000000000000000000000000000000000000000000000000000000
sp_malawi,2,5,00000000000100000010001100000000000000000000000000000000000000000000000000000000
sp_malawi,2,2,00000000000010000000000000000000000000000001000000000000000000000000000000000000
sp_malawi,2,13,00000000000000000000000100000000000000000000000100000000000000000000000000000000
sp_malawi,2,11,00000000000000000000000101000000000000000000000000000000000000000000000010000000
sp_malawi,2,40,00000000000000000000000010000000000000000000000000000000000000000010000000000000
sp_malawi,2,12,00000000000000000000000001000000000000000000000000000001000100000000000000000000
sp_malawi,2,14,00000000000000000000000001000011000000000000000010000000000010000000000000000000
sp_malawi,2,16,00000000000000000000000000000000000000000000000001000000000000000000000000000101
sp_malawi,1,2,10000000000000000000000000000000000000000000000000000000000000000000000000000000
sp_malawi,1,57,10000000000000000000000000000000000000000000000000000000000000000000000000000000
sp_malawi,1,89,11000000000000000000000000000000000000000000000000000000000000000000000000000000
sp_malawi,1,11,11000000000000000000000000000000000000000000000000000000000000000000000000000000
sp_malawi,1,3,01000000000000000000000000000000000000000000000000000000000000000000000000000000
sp_malawi,1,9,01000000000000000000000000000000000000000000000000000000000000000000000000000000
sp_malawi,1,6,01000000000100000000000000000000000000000000000000000000000000000000000000000000
sp_malawi,1,2,00000010000000000000000000000000000000000000000000000000000000000000000000000000
sp_malawi,1,2,00000001000000000000000000000000000000000000000000000000000000000000000000000000
sp_malawi,1,6,00000000000001000000000000000000000000000000000000000000000000000000000000000000
sp_malawi,1,13,00000000000000001001000000000000000000000000000000000000000000000000000000000000
sp_malawi,1,5,00000000000000000001000000000000000000000000000000000000000000000000000000000000
sp_malawi,1,3,00000000000000000000000001000000000000000000000000000000000000000000000000000000
sp_malawi,1,60,00000000000000000000000001000000000000000000000000000000000000000000000000000000
sp_malawi,1,23,00000000000000000000000001000000000000000000000000000000000000000000000000000000
sp_malawi,1,28,00000000000000000000000001000000000000000000000000000000000000000000000000000000
sp_malawi,1,9,00000000000000000000000000000001000000000000000000000000000000000000000000000000
sp_malawi,1,2,00000000000000000000000000000001000000000000000000000000000000000000000000000000
sp_malawi,1,3,00000000000000000000000000000001000000000000000000000000000000000000000000000000
sp_malawi,1,6,00000000000000000000000000000000000100000000000000000000000000000000000000000000
sp_malawi,1,18,00000000000000000000000000000000000010000000000000000000000000000000000000000000
sp_malawi,1,7,00000000000000000000000000000000000010000000000000000000000000000000000000000000
sp_malawi,1,9,00000000000000000000000000000000000001000000000000000000000000000000000000000000
sp_malawi,1,20,00000000000000000000000000000000000000000010000000000000000000000000000000000000
sp_malawi,1,7,00000000000000000000000000000000000000000000000100000000000000000000000000000000
sp_malawi,1,2,00000000000000000000000000000000000000000000000010000000000000000000000000000000
sp_malawi,1,7,00000000000000000000000000000000000000000000000010000000000011000000000000000000
sp_malawi,1,3,00000000000000000000000000000000000000000000000001000000000000000000000000000000
sp_malawi,1,2,00000000000000000000000000000000000000000000000000000011000000000000000000000000
sp_malawi,1,5,00000000000000000000000000000000000000000000000000000000000000000001000000000000
sp_malawi,1,9,00000000000000000000000000000000000000000000000000000000000000000001000001000000
sp_malawi,1,4,00000000000000000000000000000000000000000000000000000000000000000001000000000001
sp_malawi,1,7,00000000000000000000000000000000000000000000000000000000000000000000000000000010
sp_malawi,1,8,00000000000000000000000000000000000000000000000000000000000000000000000000000010
sp_malawi,1,1,10000000000000000000000000000000000000000000000000000000000000000000000000000000
sp_malawi,1,1,01000000000000000000000000000000000000000000000000000000000000000000000000000000
sp_malawi,1,1,00000100000000000000000000000000000000000000000000000000000000000000000000000000
sp_malawi,1,1,00000001000000000000000000000000000000000000000000000000000000000000000000000000
sp_malawi,1,1,00000000000000000010000000000000000000000000000000000000000000000000000000000000
sp_malawi,1,1,00000000000000000010000000000000000000000000000000000000000000000000000000000000
sp_malawi,1,1,00000000000000000000000001000000000000000000000000000000000000000000000000000000
sp_malawi,1,1,00000000000000000000000000000100000000000000000000000000000000000000000000000000
sp_malawi,1,1,00000000000000000000000000000010000000000000000000000000000000000000000000000000
sp_malawi,1,1,00000000000000000000000000000010000000000000000000000000000000000000000000000000
sp_malawi,1,1,00000000000000000000000000000000000001000000000000000000000000000000000000000000
sp_malawi,1,1,00000000000000000000000000000000000000000100000000000000000000000000000000000000
sp_malawi,1,1,00000000000000000000000000000000000000000000000001000000000000000000000000000000
sp_malawi,1,1,00000000000000000000000000000000000000000000000000000000000000000100000000000000
sp_malawi,1,1,00000000000000000000000000000000000000000000000000000000000000000100000000000000
sp_malawi__pwt,5,25,11000001000011100100000010101010000000000000001110001011000010000000001000101000
sp_malawi__pwt,5,74,11001111101100001101001010001110101111010001000100001011011111111011001111101110
sp_malawi__pwt,5,33,11000000010100000010100010011000000111001011000110100001100000110001100010001110
sp_malawi__pwt,5,2139,11111111111111111111111111111111111111111111111111111111111111111111111111111111
sp_malawi__pwt,5,64,11001111001011001110000100110110101111111110000111000110000110100110101001001011
sp_malawi__pwt,5,48,10010111000011011111110011000010000110100001001110101010000110111001010001000101
sp_malawi__pwt,5,86,11100110101011001110000111000111001100010101000111111111000011011111111011100011
sp_malawi__pwt,5,1018,11111111111111111111111111111111111111111111111111111111111111111111111111111111
sp_malawi__pwt,5,72,11101111001111100100101111001000000111001111000101001101011110111111001111100111
sp_malawi__pwt,5,2759,11111111111111111111111111111111111111111111111111111111111111111111111111111111
sp_malawi__pwt,5,72,10001011001111101000011111010100001100001011001111110101001100111100110111011111
sp_malawi__pwt,5,768,11111111111111101111111111111111111111111111111111111111111111111111111111111111
sp_malawi__pwt,5,754,11111111111111111111111111111111111111111111111111111111111111111111111111111111
sp_malawi__pwt,5,132,11101111101110001111011111110011011111000111100111110111110111111011110111111111
sp_malawi__pwt,5,3463,11111111111111111111111111111111111111111111111111111111111111111111111111111111
sp_malawi__pwt,5,33,10000000001000011100000110000000000110010001000111000101000010001100000010000111
sp_malawi__pwt,5,487,11111111111111111111101111111111011111111111101111111111101111111111101111111111
sp_malawi__pwt,5,50,11000101000001110010001100111111000110001010000010101111001001000010000111011111
sp_malawi__pwt,5,234,11101111101111111111111111111111101101111111001111111111111111111011001111111111
sp_malawi__pwt,5,2880,11111111111111111111111111111111111111111111101111111111111111111111111111111111
sp_malawi__pwt,5,1507,11101111111111111111111111111111111111111111101111111111111111111111111111111111
sp_malawi__pwt,5,25,10000100001000000110000100011000001000000101001010000001000010001000010100100001
sp_malawi__pwt,5,25,10001000000010000110100110001000000100010110010011000100000000000000010010000111
sp_malawi__pwt,5,69,11000111001101100101100001001111001101010001101011100111001001111101001011001111
sp_malawi__pwt,5,284,11101111111111111111110111010011011111111111011111111111111111111111101111111111
sp_malawi__pwt,5,1656,11111111111111111111111111111111111111111111111111111111111111111111111111111111
sp_malawi__pwt,5,423,11111111101111111111101111111111101111101111011111111111111111111111111111111111
sp_malawi__pwt,5,1166,11111111111111111111111111111111111111111111111111111111111111111111111111111111
sp_malawi__pwt,5,203,11011111111111111111111111011111101111001111101111101111001111111111111111011111
sp_malawi__pwt,5,22,11000000001000000000001100000010100001000001000001000000000100100101001010000101
sp_malawi__pwt,5,3767,11111111111111111111111111111111111111111111111111111111111111111111111111111111
sp_malawi__pwt,5,381,11111111111111101111111111111111011111111111011111111111101111111111111111111111
sp_malawi__pwt,5,576,11111111111111111111101111111111101111111111101111111111111111111111011111111111
sp_malawi__pwt,5,183,11111111101111011111101111111111101111100110101111101111101011110111100111011111
sp_malawi__pwt,5,991,11111111111111111111111111111111111111111111111111111111101111111111111111111111
sp_malawi__pwt,5,2599,11111111111111111111111111111111111111111111111111111111111111111111111111111111
sp_malawi__pwt,5,116,11101001101111100111000111001111001111001010001111101111000111011110011001001101
sp_malawi__pwt,5,2724,11111111111111111111111111111111111111111111111111111111111111111111111111111111
sp_malawi__pwt,5,19,10000000000101000001000000000010000101000001000001000111000000000000000000101001
sp_malawi__pwt,5,1287,11111111111111111111111111111111001111111111111111111111111111111111111111111111
sp_malawi__pwt,5,7,01000000000000100000000010000000000000010000000001001000000000000000000100000000
sp_malawi__pwt,5,74,01001011001011100100001111100111000101001111001001001100001101001111101101001100
sp_malawi__pwt,5,41,00101011000101001110011010101011010010010001000110001000001000000110000011000000
sp_malawi__pwt,5,31,00100100000100111001001010000010000111001000001011001101000001000001000000000111
sp_malawi__pwt,5,85,00101111100101110111001101111011101101101011001011100111100001111111000001001111
sp_malawi__pwt,5,9,00000100000000100010000110000000000000010000000000000100000000000101000000000000
sp_malawi__pwt,5,23,00000101000010101001000000010000001011100010000110001001000000000001101000001000
sp_malawi__pwt,5,9,00000100000001001000000000000000000000010000000000000001000000001000001001000001
sp_malawi__pwt,5,16,00000010000011000001000100010000000000000010000100000000000000100110001000000010
sp_malawi__pwt,5,17,00000001001100000000000110000010000000000000001001000010000111000000000011000000
sp_malawi__pwt,5,14,00000001000000000101000100000010000000001000000000000111000010000000001000001000
sp_malawi__pwt,5,8,00000000100001000000000000000100000001000001100000000000000000100000000000001000
sp_malawi__pwt,5,8,00000000000010000000000000000001001100001000000000000000000000100001000000000000
sp_malawi__pwt,4,5,10000000000100001000000000000000001000000000000000001000000000000000000000000000
sp_malawi__pwt,4,14,10100100000110000100000000000001000010000100000010001001000000100000000000000000
sp_malawi__pwt,4,10,10100010000000000010000101000000001000001000000000000000000000000011000000000000
sp_malawi__pwt,4,7,00100000000000000100001010000000000100000000000001000001000000000000000000000000
sp_malawi__pwt,4,8,00000010000000000001000010000000000000000000000000000110000000000010000010000010
sp_malawi__pwt,4,4,00000000000001000000000010000000100000000000000000000000000000000000000000000001
sp_malawi__pwt,4,9,00000000000000000100100001000000000000000001000011000000000000010000000010000001
sp_malawi__pwt,4,11,00000000000000000000000000001000000001000100001110000010000000001010000010001000
sp_malawi__pwt,3,6,10000000100000000000000000000010000000000000000001000000010000000000000000000000
sp_malawi__pwt,3,4,10000000000000000000000000000000100000001000000000000000000000000001000000000000
sp_malawi__pwt,3,4,10000000000000000000000000000000000000000000000000000010000100000000000000000100
sp_malawi__pwt,3,8,01000011000000000000000000000000000000000000001000000000000000000000100110000000
sp_malawi__pwt,3,3,00001000000000000000000001000000000000000000000000000000000000000000000000000001
sp_malawi__pwt,3,3,00000000010000000000000000000000000000000100000000000000000000000100000000000000
sp_malawi__pwt,3,3,00000000000001000000000000000001000000000000000000001000000000000000000000000000
sp_malawi__pwt,3,4,00000000000000100000000000000010000000000000000000000000000000000000000010000100
sp_malawi__pwt,3,3,00000000000000000000000000000010000000000000100000000000000000000000000000000001
sp_malawi__pwt,3,3,00000000000000000000000000000000100000000000000001000000000000000010000000000000
sp_malawi__pwt,2,2,10000000000000000000000000000000000000000000000000000000000000000000000000001000
sp_malawi__pwt,2,4,01000000000100000000000000000000000000000000000000000001000001000000000000000000
sp_malawi__pwt,2,2,00010000000000000000000010000000000000000000000000000000000000000000000000000000
sp_malawi__pwt,2,5,00000100000000100000000000000000000000000001011000000000000000000000000000000000
sp_malawi__pwt,2,2,00000000000001000000000000000000000001000000000000000000000000000000000000000000
sp_malawi__pwt,2,2,00000000000001000000000000000000000000000000000010000000000000000000000000000000
sp_malawi__pwt,2,2,00000000000000100000000000000000000000000000000000000000000000000000000010000000
sp_malawi__pwt,2,2,00000000000000000100000000000000000000000000000010000000000000000000000000000000
sp_malawi__pwt,2,4,00000000000000000000000000000010010001000000000100000000000000000000000000000000
sp_malawi__pwt,2,3,00000000000000000000000000000000000000010000100000000000000000000000000000000010
sp_malawi__pwt,2,4,00000000000000000000000000000000000000001000000001000100000000010000000000000000
sp_malawi__pwt,2,2,00000000000000000000000000000000000000000000000001000000000000000001000000000000
sp_malawi__pwt,2,2,00000000000000000000000000000000000000000000000000000000000100000000000001000000
sp_malawi__pwt,1,2,00000000000000000000000000000000000000000000000000000000000000000000000001010000
sp_malawi__pwt,1,1,00001000000000000000000000000000000000000000000000000000000000000000000000000000
sp_malawi__pwt,1,1,00000000100000000000000000000000000000000000000000000000000000000000000000000000
sp_malawi__pwt,1,1,00000000000010000000000000000000000000000000000000000000000000000000000000000000
sp_malawi__pwt,1,1,00000000000000000100000000000000000000000000000000000000000000000000000000000000
sp_malawi__pwt,1,1,00000000000000000001000000000000000000000000000000000000000000000000000000000000
sp_malawi__pwt,1,1,00000000000000000000000000000000000000000000001000000000000000000000000000000000
sp_malawi__pwt,1,1,00000000000000000000000000000000000000000000000100000000000000000000000000000000
sp_malawi__pwt,1,1,00000000000000000000000000000000000000000000000100000000000000000000000000000000
sp_malawi__pwt,1,1,00000000000000000000000000000000000000000000000000000100000000000000000000000000
sp_malawi__pwt,1,1,00000000000000000000000000000000000000000000000000000001000000000000000000000000
sp_malawi__pwt,1,1,00000000000000000000000000000000000000000000000000000000000010000000000000000000
sp_malawi__pwt,1,1,00000000000000000000000000000000000000000000000000000000000010000000000000000000
sp_malawi__pwt,1,1,00000000000000000000000000000000000000000000000000000000000000001000000000000000
sp_malawi__pwt,1,1,00000000000000000000000000000000000000000000000000000000000000000000000001000000
sp_malawi__pwt,1,1,00000000000000000000000000000000000000000000000000000000000000000000000000010000
sp_workplace,4,72,10100000010000011000010000001000000000000000000011010000010000001000001000000000
sp_workplace,4,122,10110001110000000000010000000000000000000000000000000000111000000000001110000000
sp_workplace,4,75,10100000010000101000001100000110000000000000000001000000000000000000011110000100
sp_workplace,4,156,00100001010000000000011100000000000000000000000001100000101000010000001100000000
sp_workplace,4,10,00000001000000000000000100000000000000000000000000100000000000000000001000000000
sp_workplace,3,38,11000000000000010000000000000000000000000000000000010000100000010000000010000000
sp_workplace,3,115,01100000000000001000011000001000000000000000000000000000100000000000000000000000
sp_workplace,3,56,00000001011000100000010000000000000000000000000000000000100000000000000000000000
sp_workplace,3,83,00000000100000000000000000000000000000000000000001000000100000001000000000000000
sp_workplace,3,66,00000000100000000000000000000000000000000000000000000000000000010000000100000000
sp_workplace,3,4,00000000000000001000000000000000000000000000000000000000000000010000000100000000
sp_workplace,3,121,00000000000000000000000000001100000000000000000000000000100000000000011110000110
sp_workplace,2,12,10000000000000100000001000000000000000000000000000000000000000000000000000000000
sp_workplace,2,7,01000000010000000000010010000000000000000000000000000000000000000000000000000000
sp_workplace,2,7,01000000000000000000000000001000000000000000000000000000000000000000000000000000
sp_workplace,2,2,01000000000000000000000000000000000000000000000001000000000000000000000000000000
sp_workplace,2,18,00000001100000000000000000001110000000000000000000000000000000000000000000000000
sp_workplace,2,5,00000000000000100000000000000000000000000000000000000000000000000000000100000000
sp_workplace,2,50,00000000000000010000000100001000000000000000000000000000000000000000000000000000
sp_workplace,2,88,00000000000000010000000000000000000000000000000000000000000000000000000000000110
sp_workplace,2,2,00000000000000000000001000000000000000000000000000000000000000001000000000000000
sp_workplace,2,23,00000000000000000000000100001000000000000000000000000000000000000000000000000100
sp_workplace,2,31,00000000000000000000000000000110000000000000000001000000000000000000000000000000
sp_workplace,2,6,00000000000000000000000000000100000000000000000000100000010000000000000000000000
sp_workplace,2,7,00000000000000000000000000000000000000000000000001100000000000000000001000000000
sp_workplace,2,5,00000000000000000000000000000000000000000000000001000000000000000000000110000000
sp_workplace,2,12,00000000000000000000000000000000000000000000000000010000100000000000001000000000
sp_workplace,2,10,00000000000000000000000000000000000000000000000000010000100000000000001100000000
sp_workplace,2,46,00000000000000000000000000000000000000000000000000000000101000000000011100000000
sp_workplace,1,6,10000000000000000000000000000000000000000000000000000000000000000000000000000000
sp_workplace,1,2,10000000000000000000000000000000000000000000000000000000000000000000000000000000
sp_workplace,1,2,10000000000000000000000000000000000000000000000000000000000000000000000000000000
sp_workplace,1,2,10000000000000000000000000000000000000000000000000000000000000000000000000000000
sp_workplace,1,10,10000000000000000000000000000000000000000000000000000000000000000000000000000000
sp_workplace,1,31,10000000000000000000000000000000000000000000000000000000000000000000000000000000
sp_workplace,1,2,10000000000000000000000000000000000000000000000000000000000000000000000000000000
sp_workplace,1,2,10000000000000000000000000000000000000000000000000000000000000000000000000000000
sp_workplace,1,23,10000000000000000000000000000000000000000000000000000000000000000000000000000000
sp_workplace,1,4,10000000000000000000000000000000000000000000000000000000000000000000000000000000
sp_workplace,1,2,11000000000000000000000000000000000000000000000000000000000000000000000000000000
sp_workplace,1,9,10000000010000000000000000000000000000000000000000000000000000000000000000000000
sp_workplace,1,22,01000000000000000000000000000000000000000000000000000000000000000000000000000000
sp_workplace,1,16,01100000000000000000000000000000000000000000000000000000000000000000000000000000
sp_workplace,1,27,01000000100000000000000000000000000000000000000000000000000000000000000000000000
sp_workplace,1,209,01100000000000010000000000000000000000000000000000000000000000000000000000000000
sp_workplace,1,5,00000001000000000000000000000000000000000000000000000000000000000000000000000000
sp_workplace,1,33,00000001100000000000000000000000000000000000000000000000000000000000000000000000
sp_workplace,1,12,00000000100000000000000000000000000000000000000000000000000000000000000000000000
sp_workplace,1,22,00000000110000000000000000000000000000000000000000000000000000000000000000000000
sp_workplace,1,4,00000000000000100000000000000000000000000000000000000000000000000000000000000000
sp_workplace,1,11,00000000000000001000000000000000000000000000000000000000000000000000000000000000
sp_workplace,1,54,00000000000000000000110000000000000000000000000000000000000000000000000000000000
sp_workplace,1,7,00000000000000000000110000000000000000000000000000000000000000000000000000000000
sp_workplace,1,16,00000000000000000000000100000000000000000000000000000000000000000000000000000000
sp_workplace,1,7,00000000000000000000000000000100000000000000000000000000000000000000000000000000
sp_workplace,1,2,00000000000000000000000000000000000000000000000000100000000000000000000000000000
sp_workplace,1,12,00000000000000000000000000000000000000000000000000100000000000000000000000000000
sp_workplace,1,4,00000000000000000000000000000000000000000000000000000000100000000000000000000000
sp_workplace,1,2,00000000000000000000000000000000000000000000000000000000100000000000000000000000
sp_workplace,1,2,00000000000000000000000000000000000000000000000000000000100000000000000000000000
sp_workplace,1,2,00000000000000000000000000000000000000000000000000000000101000000000000000000000
sp_workplace,1,5,00000000000000000000000000000000000000000000000000000000100000010000000000000000
sp_workplace,1,8,00000000000000000000000000000000000000000000000000000000011000000000000000000000
sp_workplace,1,4,00000000000000000000000000000000000000000000000000000000000000010000000000000000
sp_workplace,1,4,00000000000000000000000000000000000000000000000000000000000000001000000000000000
sp_workplace,1,7,00000000000000000000000000000000000000000000000000000000000000000000010000000000
sp_workplace,1,4,00000000000000000000000000000000000000000000000000000000000000000000000000000100
sp_workplace,1,1,10000000000000000000000000000000000000000000000000000000000000000000000000000000
sp_workplace,1,1,10000000000000000000000000000000000000000000000000000000000000000000000000000000
sp_workplace,1,1,10000000000000000000000000000000000000000000000000000000000000000000000000000000
sp_workplace,1,1,10000000000000000000000000000000000000000000000000000000000000000000000000000000
sp_workplace,1,1,10000000000000000000000000000000000000000000000000000000000000000000000000000000
sp_workplace,1,1,10000000000000000000000000000000000000000000000000000000000000000000000000000000
sp_workplace,1,1,10000000000000000000000000000000000000000000000000000000000000000000000000000000
sp_workplace,1,1,01000000000000000000000000000000000000000000000000000000000000000000000000000000
sp_workplace,1,1,00000001000000000000000000000000000000000000000000000000000000000000000000000000
sp_workplace,1,1,00000000100000000000000000000000000000000000000000000000000000000000000000000000
sp_workplace,1,1,00000000000000100000000000000000000000000000000000000000000000000000000000000000
sp_workplace,1,1,00000000000000010000000000000000000000000000000000000000000000000000000000000000
sp_workplace,1,1,00000000000000001000000000000000000000000000000000000000000000000000000000000000
sp_workplace,1,1,00000000000000001000000000000000000000000000000000000000000000000000000000000000
sp_workplace,1,1,00000000000000001000000000000000000000000000000000000000000000000000000000000000
sp_workplace,1,1,00000000000000000000010000000000000000000000000000000000000000000000000000000000
sp_workplace,1,1,00000000000000000000010000000000000000000000000000000000000000000000000000000000
sp_workplace,1,1,00000000000000000000010000000000000000000000000000000000000000000000000000000000
sp_workplace,1,1,00000000000000000000000100000000000000000000000000000000000000000000000000000000
sp_workplace,1,1,00000000000000000000000000000100000000000000000000000000000000000000000000000000
sp_workplace,1,1,00000000000000000000000000000100000000000000000000000000000000000000000000000000
sp_workplace,1,1,00000000000000000000000000000000000000000000000000100000000000000000000000000000
sp_workplace,1,1,00000000000000000000000000000000000000000000000000100000000000000000000000000000
sp_workplace,1,1,00000000000000000000000000000000000000000000000000000000100000000000000000000000
sp_workplace,1,1,00000000000000000000000000000000000000000000000000000000100000000000000000000000
sp_workplace,1,1,00000000000000000000000000000000000000000000000000000000100000000000000000000000
sp_workplace,1,1,00000000000000000000000000000000000000000000000000000000100000000000000000000000
sp_workplace,1,1,00000000000000000000000000000000000000000000000000000000100000000000000000000000
sp_workplace,1,1,00000000000000000000000000000000000000000000000000000000000000000000001000000000
sp_workplace,1,1,00000000000000000000000000000000000000000000000000000000000000000000001000000000
sp_workplace,1,1,00000000000000000000000000000000000000000000000000000000000000000000000100000000
sp_workplace,1,1,00000000000000000000000000000000000000000000000000000000000000000000000100000000
sp_workplace,1,1,00000000000000000000000000000000000000000000000000000000000000000000000010000000
sp_workplace__pwt,4,4,10000000000000000000000000000100000000000000000000000000010000001000000000000000
sp_workplace__pwt,4,13,11000001000000110000100000000100000000000000000001000000100000000000011000000000
sp_workplace__pwt,4,16,10000000100000011000001000000100000000000000000001110000110000001100001100000000
sp_workplace__pwt,4,20,11100000000000010000100000000100000000000000000000100000111000011000001110000000
sp_workplace__pwt,4,9,10100000000000000000000000001110000000000000000000000000101000000000000100000100
sp_workplace__pwt,4,27,10100001100000110000110000001110000000000000000001100001110000011000001010000010
sp_workplace__pwt,4,68,11110001101000111000011100001110000000000000000000110000111000011100001100000110
sp_workplace__pwt,4,64,11100001111000110000010100001110000000000000000001110000110000011000000100000011
sp_workplace__pwt,4,148,11110011111000111000111100001110000000000000000001110001111000111100011110001111
sp_workplace__pwt,4,54,11100001111000110000010100001100000000000000000001110000110000011000001010000101
sp_workplace__pwt,4,52,11110001101000001000111000001000000000000000000000100000110000010000001110001111
sp_workplace__pwt,4,44,11100001111000010000000000000110000000000000000001100000110000001000001110000101
sp_workplace__pwt,4,139,11100001111000111000111000001110000000000000000001110000111000111000001110000111
sp_workplace__pwt,4,132,11110001111000111000111100001100000000000000000001110001111000011100011110000111
sp_workplace__pwt,4,62,10100000111000110000011110001110000000000000000001100000111000011100001110000111
sp_workplace__pwt,4,18,11000000011000100000011000001010000000000000000001000000001000000000001000000001
sp_workplace__pwt,4,76,11100001110000011100111100001110000000000000000001110000111000010000001110001011
sp_workplace__pwt,4,10,10000000000000010000111000000100000000000000000000000000000000010000000000000001
sp_workplace__pwt,4,15,10010000000000010000000100000000000000000000000001100000101000000000001100000101
sp_workplace__pwt,4,28,11100001010000001000100100001110000000000000000000000000110000001000001000000001
sp_workplace__pwt,4,40,11110001100000100000011000001000000000000000000001100000100000011000001100000011
sp_workplace__pwt,4,94,11100001110000111000011100001110000000000000000011110001110000111100011110000111
sp_workplace__pwt,4,21,01000001100000110000011000001110000000000000000000100001000000000000001100000111
sp_workplace__pwt,4,25,01000001110000010000011000000100000000000000000000110000000000011000001000000101
sp_workplace__pwt,4,25,01100000100001100000011100000110000000000000000001100000000000001000001100000001
sp_workplace__pwt,4,12,00000001000000010000001000001000000000000000000001000000000000000000000100000010
sp_workplace__pwt,4,10,00000001010000011000000000001000000000000000000000110000010000000000000000000010
sp_workplace__pwt,4,7,00000000110000001000000000000000000000000000000000100000000000010000001000000000
sp_workplace__pwt,4,13,00000000100000110000010000001100000000000000000001000000100000001100001000000001
sp_workplace__pwt,4,17,00000000010000000000011000001000000000000000000001010000100000000000001110000110
sp_workplace__pwt,4,13,00000000001000110000000000001000000000000000000001100000110000000100000100000000
sp_workplace__pwt,4,6,00000000000000110000000000001000000000000000000000000000100000001000000000000000
sp_workplace__pwt,3,11,11100001000000010000000000001100000000000000000001000000100000000000000000000000
sp_workplace__pwt,3,4,10000000000000000000000000001000000000000000000001000000010000000000000000000000
sp_workplace__pwt,3,5,10000000100000000000001000000100000000000000000000000000000000010000000000000000
sp_workplace__pwt,3,6,10000001000000000000000100000100000000000000000000000000001000010000000000000000
sp_workplace__pwt,3,4,10000000100000000000000000000000000000000000000000000000010000000000000000000001
sp_workplace__pwt,3,6,01000000100000000000001000000010000000000000000001100000000000000000000000000000
sp_workplace__pwt,3,5,00000000010000010000001000000000000000000000000010100000000000000000000000000000
sp_workplace__pwt,3,4,00000000001000000000000100000000000000000000000001000000100000000000000000000000
sp_workplace__pwt,3,3,00000000001000000000100000000000000000000000000000000000000000000100000000000000
sp_workplace__pwt,3,4,00000000000000100000000000001000000000000000000000000000000000000000001000000000
sp_workplace__pwt,3,7,00000000000000100000001100000010000000000000000000000000000000000000011100000000
sp_workplace__pwt,3,3,00000000000000010000000100000000000000000000000000000000000000000000000000000001
sp_workplace__pwt,3,3,00000000000000000000010000000000000000000000000000000000000000010000000000000100
sp_workplace__pwt,2,4,10000000000000110000000000001000000000000000000000000000000000000000000000000000
sp_workplace__pwt,2,10,01000011100000100100010000000100000000000000000000000000000000000000000000000000
sp_workplace__pwt,2,4,01000001000000000000000000000000000000000000000000010000001000000000000000000000
sp_workplace__pwt,2,3,01000000100000000000000000000000000000000000000000000000000000010000000000000000
sp_workplace__pwt,2,2,00010000000000000000000000000000000000000000000001000000000000000000000000000000
sp_workplace__pwt,2,2,00000000010000000000000000000000000000000000000000000000000000000000000010000000
sp_workplace__pwt,2,3,00000000001000000000010000001000000000000000000000000000000000000000000000000000
sp_workplace__pwt,2,3,00000000000000100000000000001100000000000000000000000000000000000000000000000000
sp_workplace__pwt,2,2,00000000000000100000000000000000000000000000000000000000000000010000000000000000
sp_workplace__pwt,2,2,00000000000000001000000000000000000000000000000000000000000000000000001000000000
sp_workplace__pwt,2,2,00000000000000000000010000000000000000000000000000000000000000000000001000000000
sp_workplace__pwt,2,2,00000000000000000000010000000000000000000000000000000000000000000000000000001000
sp_workplace__pwt,2,2,00000000000000000000000000001000000000000000000000000000100000000000000000000000
sp_workplace__pwt,2,2,00000000000000000000000000000100000000000000000000000000000000000000000100000000
sp_workplace__pwt,2,2,00000000000000000000000000000010000000000000000000000000000000000000000000000010
sp_workplace__pwt,2,3,00000000000000000000000000000000000000000000000000100000100000000000001000000000
sp_workplace__pwt,2,2,00000000000000000000000000000000000000000000000000000000100000000000000000000100
sp_workplace__pwt,2,2,00000000000000000000000000000000000000000000000000000000001000000000001000000000
sp_workplace__pwt,1,2,10000000100000000000000000000000000000000000000000000000000000000000000000000000
sp_workplace__pwt,1,2,00000000000000000000010000000100000000000000000000000000000000000000000000000000
sp_workplace__pwt,1,2,00000000000000000000000000000000000000000000000000000000100000010000000000000000
sp_workplace__pwt,1,2,00000000000000000000000000000000000000000000000000000000000000000000000100000010
sp_workplace__pwt,1,1,10000000000000000000000000000000000000000000000000000000000000000000000000000000
sp_workplace__pwt,1,1,10000000000000000000000000000000000000000000000000000000000000000000000000000000
sp_workplace__pwt,1,1,10000000000000000000000000000000000000000000000000000000000000000000000000000000
sp_workplace__pwt,1,1,01000000000000000000000000000000000000000000000000000000000000000000000000000000
sp_workplace__pwt,1,1,01000000000000000000000000000000000000000000000000000000000000000000000000000000
sp_workplace__pwt,1,1,01000000000000000000000000000000000000000000000000000000000000000000000000000000
sp_workplace__pwt,1,1,00000001000000000000000000000000000000000000000000000000000000000000000000000000
sp_workplace__pwt,1,1,00000000100000000000000000000000000000000000000000000000000000000000000000000000
sp_workplace__pwt,1,1,00000000010000000000000000000000000000000000000000000000000000000000000000000000
sp_workplace__pwt,1,1,00000000010000000000000000000000000000000000000000000000000000000000000000000000
sp_workplace__pwt,1,1,00000000010000000000000000000000000000000000000000000000000000000000000000000000
sp_workplace__pwt,1,1,00000000000000010000000000000000000000000000000000000000000000000000000000000000
sp_workplace__pwt,1,1,00000000000000000000010000000000000000000000000000000000000000000000000000000000
sp_workplace__pwt,1,1,00000000000000000000010000000000000000000000000000000000000000000000000000000000
sp_workplace__pwt,1,1,00000000000000000000010000000000000000000000000000000000000000000000000000000000
sp_workplace__pwt,1,1,00000000000000000000001000000000000000000000000000000000000000000000000000000000
sp_workplace__pwt,1,1,00000000000000000000000100000000000000000000000000000000000000000000000000000000
sp_workplace__pwt,1,1,00000000000000000000000100000000000000000000000000000000000000000000000000000000
sp_workplace__pwt,1,1,00000000000000000000000000000100000000000000000000000000000000000000000000000000
sp_workplace__pwt,1,1,00000000000000000000000000000000000000000000000001000000000000000000000000000000
sp_workplace__pwt,1,1,00000000000000000000000000000000000000000000000000100000000000000000000000000000
sp_workplace__pwt,1,1,00000000000000000000000000000000000000000000000000000000100000000000000000000000
sp_workplace__pwt,1,1,00000000000000000000000000000000000000000000000000000000100000000000000000000000
sp_workplace__pwt,1,1,00000000000000000000000000000000000000000000000000000000001000000000000000000000
sp_workplace__pwt,1,1,00000000000000000000000000000000000000000000000000000000000000000100000000000000
sp_workplace__pwt,1,1,00000000000000000000000000000000000000000000000000000000000000000000001000000000
sp_workplace__pwt,1,1,00000000000000000000000000000000000000000000000000000000000000000000001000000000
sp_workplace__pwt,1,1,00000000000000000000000000000000000000000000000000000000000000000000001000000000
sp_workplace__pwt,1,1,00000000000000000000000000000000000000000000000000000000000000000000001000000000
sp_workplace__pwt,1,1,00000000000000000000000000000000000000000000000000000000000000000000001000000000
sp_workplace__pwt,1,1,00000000000000000000000000000000000000000000000000000000000000000000000000000100
sp_workplace__pwt,1,1,00000000000000000000000000000000000000000000000000000000000000000000000000000100
sp_workplace__pwt,1,1,00000000000000000000000000000000000000000000000000000000000000000000000000000100
dar_a0_r1,4,10,00000001100100000000000100001000100000001000000000000000000000000001000100000000
dar_a0_r1,3,10,10000000001000000000000000000000100000100000100010010010001100000000000000000000
dar_a0_r1,3,5,00001000000001000100000000001000000000000000001000000000000000000000000000000000
dar_a0_r1,3,5,00001000000000000000000000000000001000000000010000000000000000000010000000000010
dar_a0_r1,3,5,00000010000100000001000000000000100001000000000000000000000000000000000000000000
dar_a0_r1,3,5,00000000000000010000000000000000000000000000000000000000010000000000000000111000
dar_a0_r1,3,6,00000000000000000000000000000100000000011000000000010000010000100000000000000000
dar_a0_r1,3,4,00000000000000000000000000000000000000000000100000000000010000010000100000000000
dar_a0_r1,2,3,01000000000000000000000000000000000000010000010000000000000000000000000000000000
dar_a0_r1,2,7,01100100010001000000000000000000000000000000000000000010001000000000000000000000
dar_a0_r1,2,4,00010000000001001000001000000000000000000000000000000000000000000000000000000000
dar_a0_r1,2,4,00000100000000000000000000000000000000010001100000000000000000000000000000000000
dar_a0_r1,2,3,00000100000000000000000000000000000000000000000000000000010100000000000000000000
dar_a0_r1,2,5,00000110000000000000000000000000000000000000000000000000000000000000000110100000
dar_a0_r1,2,3,00000010001000000000000000000001000000000000000000000000000000000000000000000000
dar_a0_r1,2,3,00000001000100000100000000000000000000000000000000000000000000000000000000000000
dar_a0_r1,2,3,00000001000000010100000000000000000000000000000000000000000000000000000000000000
dar_a0_r1,2,4,00000000110001000000000000000000000001000000000000000000000000000000000000000000
dar_a0_r1,2,3,00000000000100010000000000000000000000000000010000000000000000000000000000000000
dar_a0_r1,2,3,00000000000010000000000000000000000000000000000000000000000000000000000100100000
dar_a0_r1,2,2,00000000000001000000001000000000000000000000000000000000000000000000000000000000
dar_a0_r1,2,2,00000000000000001000000000000000000000000000000000000000000000000000000100000000
dar_a0_r1,2,4,00000000000000000100000010000000000010001000000000000000000000000000000000000000
dar_a0_r1,2,4,00000000000000000010000000010000000000000000000000000000010000010000000000000000
dar_a0_r1,2,6,00000000000000000000100000000011000000000000000000000000110000100000000000000000
dar_a0_r1,2,6,00000000000000000000110000100000000000000000000000000000000000001000000100100000
dar_a0_r1,2,4,00000000000000000000011000000000000000000000000000000000010000000000000000000000
dar_a0_r1,2,8,00000000000000000000000110100000100000100100010000000000000000000000000000000000
dar_a0_r1,2,2,00000000000000000000000010000000000000000000000000000000000000000001000000000000
dar_a0_r1,2,3,00000000000000000000000001000010000000000000010000000000000000000000000000000000
dar_a0_r1,2,3,00000000000000000000000000100000000000000000000001100000000000000000000000000000
dar_a0_r1,2,6,00000000000000000000000000000000000100000000010000000000000000000000000100100000
dar_a0_r1,2,3,00000000000000000000000000000000000000000000000100000000100010000000000000000000
dar_a0_r1,2,3,00000000000000000000000000000000000000000000000000100000000010000001000000000000
dar_a0_r1,2,3,00000000000000000000000000000000000000000000000000000001000000000000000000000001
dar_a0_r1,2,4,00000000000000000000000000000000000000000000000000000000100000001000001100000000
dar_a0_r1,2,4,00000000000000000000000000000000000000000000000000000000000001000000000101010000
dar_a0_r1,2,5,00000000000000000000000000000000000000000000000000000000000001000010000001001001
dar_a0_r1,1,3,11000001000000000000000000000000000000000000000000000000000000000000000000000000
dar_a0_r1,1,2,10000000000000010000000000000000000000000000000000000000000000000000000000000000
dar_a0_r1,1,2,00100000000000010000000000000000000000000000000000000000000000000000000000000000
dar_a0_r1,1,3,00010000100100000000000000000000000000000000000000000000000000000000000000000000
dar_a0_r1,1,2,00000010010000000000000000000000000000000000000000000000000000000000000000000000
dar_a0_r1,1,2,00000010000000100000000000000000000000000000000000000000000000000000000000000000
dar_a0_r1,1,2,00000000000100000000000000000000000000000000000000000000000000000000000000000000
dar_a0_r1,1,2,00000000000000110000000000000000000000000000000000000000000000000000000000000000
dar_a0_r1,1,4,00000000000000001001100010000000000000000000000000000000000000000000000000000000
dar_a0_r1,1,3,00000000000000001000001000010000000000000000000000000000000000000000000000000000
dar_a0_r1,1,4,00000000000000001110000000001000000000000000000000000000000000000000000000000000
dar_a0_r1,1,2,00000000000000000011000000000000000000000000000000000000000000000000000000000000
dar_a0_r1,1,2,00000000000000000001010000000000000000000000000000000000000000000000000000000000
dar_a0_r1,1,2,00000000000000000001000001000000000000000000000000000000000000000000000000000000
dar_a0_r1,1,5,00000000000000000000110000001010000000000000000000000000000000000000000000000000
dar_a0_r1,1,2,00000000000000000000100000000010000000000000000000000000000000000000000000000000
dar_a0_r1,1,2,00000000000000000000010001000000000000000000000000000000000000000000000000000000
dar_a0_r1,1,3,00000000000000000000000010010000000000000000000000000000000000000000000000000000
dar_a0_r1,1,2,00000000000000000000000000000110000000000000000000000000000000000000000000000000
dar_a0_r1,1,4,00000000000000000000000000000000110000000001010000000000000000000000000000000000
dar_a0_r1,1,2,00000000000000000000000000000000010000000000010000000000000000000000000000000000
dar_a0_r1,1,3,00000000000000000000000000000000000010001000000100000000000000000000000000000000
dar_a0_r1,1,2,00000000000000000000000000000000000001000000010000000000000000000000000000000000
dar_a0_r1,1,2,00000000000000000000000000000000000000010000000100000000000000000000000000000000
dar_a0_r1,1,4,00000000000000000000000000000000000000010001001100000000000000000000000000000000
dar_a0_r1,1,2,00000000000000000000000000000000000000000101000000000000000000000000000000000000
dar_a0_r1,1,3,00000000000000000000000000000000000000000000000010000010000100000000000000000000
dar_a0_r1,1,3,00000000000000000000000000000000000000000000000001100000001000000000000000000000
dar_a0_r1,1,3,00000000000000000000000000000000000000000000000001000000010100000000000000000000
dar_a0_r1,1,2,00000000000000000000000000000000000000000000000000101000000000000000000000000000
dar_a0_r1,1,2,00000000000000000000000000000000000000000000000000100000010000000000000000000000
dar_a0_r1,1,2,00000000000000000000000000000000000000000000000000000010100000000000000000000000
dar_a0_r1,1,2,00000000000000000000000000000000000000000000000000000010001000000000000000000000
dar_a0_r1,1,4,00000000000000000000000000000000000000000000000000000000000000001100001100000000
dar_a0_r1,1,2,00000000000000000000000000000000000000000000000000000000000000000110000000000000
dar_a0_r1,1,4,00000000000000000000000000000000000000000000000000000000000000000100000000101000
dar_a0_r1,1,2,00000000000000000000000000000000000000000000000000000000000000000001000000000100
dar_a0_r1,1,4,00000000000000000000000000000000000000000000000000000000000000000000001000010101
dar_a0_r1,1,4,00000000000000000000000000000000000000000000000000000000000000000000000100001011
dar_a0_r1,1,3,00000000000000000000000000000000000000000000000000000000000000000000000010011000
dar_a0_r1,1,1,00000001000000000000000000000000000000000000000000000000000000000000000000000000
dar_a0_r1,1,1,00000001000000000000000000000000000000000000000000000000000000000000000000000000
dar_a0_r1,1,1,00000000100000000000000000000000000000000000000000000000000000000000000000000000
dar_a0_r1,1,1,00000000010000000000000000000000000000000000000000000000000000000000000000000000
dar_a0_r1,1,1,00000000000001000000000000000000000000000000000000000000000000000000000000000000
dar_a0_r1,1,1,00000000000000100000000000000000000000000000000000000000000000000000000000000000
dar_a0_r1,1,1,00000000000000001000000000000000000000000000000000000000000000000000000000000000
dar_a0_r1,1,1,00000000000000000001000000000000000000000000000000000000000000000000000000000000
dar_a0_r1,1,1,00000000000000000000100000000000000000000000000000000000000000000000000000000000
dar_a0_r1,1,1,00000000000000000000000000100000000000000000000000000000000000000000000000000000
dar_a0_r1,1,1,00000000000000000000000000000000001000000000000000000000000000000000000000000000
dar_a0_r1,1,1,00000000000000000000000000000000000010000000000000000000000000000000000000000000
dar_a0_r1,1,1,00000000000000000000000000000000000000010000000000000000000000000000000000000000
dar_a0_r1,1,1,00000000000000000000000000000000000000000010000000000000000000000000000000000000
dar_a0_r1,1,1,00000000000000000000000000000000000000000000010000000000000000000000000000000000
dar_a0_r1,1,1,00000000000000000000000000000000000000000000001000000000000000000000000000000000
dar_a0_r1,1,1,00000000000000000000000000000000000000000000000100000000000000000000000000000000
dar_a0_r1,1,1,00000000000000000000000000000000000000000000000001000000000000000000000000000000
dar_a0_r1,1,1,00000000000000000000000000000000000000000000000000000001000000000000000000000000
dar_a0_r1,1,1,00000000000000000000000000000000000000000000000000000000001000000000000000000000
dar_a0_r1,1,1,00000000000000000000000000000000000000000000000000000000000010000000000000000000
dar_a0_r1,1,1,00000000000000000000000000000000000000000000000000000000000000000000000001000000
dar_a08_r1,5,8,10001000000100000000010000000000000000000001000000000000100000000000100000100000
dar_a08_r1,5,9,11001000010000000000000000000010010010000000000000000000001000000000000000100000
dar_a08_r1,5,10,10000000010000010001000000100000001000000000000000100000001000000000000000001000
dar_a08_r1,5,12,10001000000000000000001000000000001000000000000000000011010100100011000000001000
dar_a08_r1,5,12,10100000100010001010000000000100000000000000001010000000000010000000100000000010
dar_a08_r1,5,11,01001000000000000001000000100000000000000110001000000000010010000100100000000000
dar_a08_r1,5,13,01000000000000000001000000011000000011000000101100000000000100000100010000000000
dar_a08_r1,5,15,01010000100000000000000100001000001000000000100000100000100100001000000011000000
dar_a08_r1,5,16,01000000010000001000001010110001001000000000100100000100000000001000100000001000
dar_a08_r1,5,10,01000000010000000001010000000000000000010000000000010100000010000000000000100001
dar_a08_r1,5,15,01000000000000000000000001000000000000011100010000000000100000011010010001000001
dar_a08_r1,5,14,00100101000000000001001000000100000000000010110010000000000000010000100100000000
dar_a08_r1,5,11,00100000000000010010010000000000000000000100010000000000000101000000000001100000
dar_a08_r1,5,6,00100000000000000000001000000000001000000000000000010000000000000000100000010000
dar_a08_r1,5,7,00010000100000000000100100000000010000000000000000000000000010000000000001000000
dar_a08_r1,5,10,00010000000010000010010000001000110000000000000000000000000000110000000000000001
dar_a08_r1,5,10,00001001000000000010000000000010010000000000000000000001000010000010000000110000
dar_a08_r1,5,9,00001000000000000100000100000000001000000000010000000000010000000010000000000010
dar_a08_r1,5,12,00001000000000000010010000000000000001001100100100000000010000000000001000010001
dar_a08_r1,5,11,00000100000010000000000000100000000000000000000111000000000000000001010101000000
dar_a08_r1,5,12,00000110000000000010100000000100000000001000000010000000011000000000100010010000
dar_a08_r1,5,11,00000010000000010000000011000000000001000000000000100000000000011000000001000000
dar_a08_r1,5,8,00000010000000000000000000001000000000010000000001000000000000100000000100000101
dar_a08_r1,5,7,00000001000000000000000100000000110000000100000000000100000000000010000000000000
dar_a08_r1,5,10,00000000100000000000100000000000010110100000101000000000000000010000100000000000
dar_a08_r1,5,10,00000000100000010000000010000001000000100000000000001010000010100000000000000001
dar_a08_r1,5,7,00000000010000000000010000000000000000000000000100001000000000001001100000000000
dar_a08_r1,5,9,00000000001000001000000000000100000100000100001000100000000000000011000000000000
dar_a08_r1,5,8,00000000001000000000000000000100000000000000000110000001010000000000001000000000
dar_a08_r1,5,10,00000000000110010000000000000100000000000001100000010000001000000001100000000000
dar_a08_r1,4,6,01000000000000000000000001000000000001000001000000100000000000000000000000000000
dar_a08_r1,4,7,00100000001100000000000000100000000000010000100000001000000000000000000000000000
dar_a08_r1,4,8,00100000001000100000010000000000000001000010000000000000001000000000000000000000
dar_a08_r1,4,9,00000100001001000000000000000000100000000000000000010000000000000001000010010000
dar_a08_r1,4,8,00000000000010000001000000011000000000000010000000000011000000000000000000000000
dar_a08_r1,4,8,00000000000010000000000100100001000000100000000100000000010000100000000000000000
dar_a08_r1,4,7,00000000000001000000001000000000001000000000010100000000000100100000000000000000
dar_a08_r1,4,10,00000000000000111010000100000000100000000001000000000101000000000000000000000000
dar_a08_r1,4,7,00000000000000001000000000100100000000000000100000000100000000000000010000000010
dar_a08_r1,4,9,00000000000000000100000000000000010000000000000000000000000001000100001000001001
dar_a08_r1,4,8,00000000000000000000000000001000100010000000001000110010000000000100000000000000
dar_a08_r1,4,9,00000000000000000000000000000010000001100000000000001010000000000001000110000010
dar_a08_r1,3,7,11010000000000000000010000000000000001000001010000000000000000000000000000000000
dar_a08_r1,3,5,01000101000000000000000000010000000000000001000000000000000000000000000000000000
dar_a08_r1,3,7,01000000110001000000100000000000000010000000000100000000000000000000000000000000
dar_a08_r1,3,7,00100000000000000000000000000000000000000000000000010000010010000000001000000001
dar_a08_r1,3,6,00001000000000010010001000000100000000000000100000000000000000000000000000000000
dar_a08_r1,3,6,00001010000000000000000001001000100000000000000100000000000000000000000000000000
dar_a08_r1,3,4,00000001000000010001000000000000010000000000000000000000000000000000000000000000
dar_a08_r1,3,5,00000001000000000000100001000000000000000000100000000000000000000000000000000000
dar_a08_r1,3,9,00000000000100000001000001100000000010010010001000000000000000000000000000000000
dar_a08_r1,3,8,00000000000001011000101001100000000000000000100000000000000000000000000000000000
dar_a08_r1,3,4,00000000000000100100000100000000000000000000001000000000000000000000000000000000
dar_a08_r1,3,6,00000000000000010000000100000000101000000000000000000000000000000000000000000000
dar_a08_r1,3,7,00000000000000000000000000000000010100000000000000000101000010000000000000011000
dar_a08_r1,3,12,00000000000000000000000000000000010101000101001100000001010000000100010000000010
dar_a08_r1,3,5,00000000000000000000000000000000000100000100000000000000000011000100000000000000
dar_a08_r1,3,4,00000000000000000000000000000000000010000000000010000000000000000000000010001000
dar_a08_r1,3,3,00000000000000000000000000000000000000100000000000000000010000000000000000000010
dar_a08_r1,3,4,00000000000000000000000000000000000000000000000100000000000000100101000000000000
dar_a08_r1,2,3,10000000000000000000001000100000000000000000000000000000000000000000000000000000
dar_a08_r1,2,3,00100000000000010000010000000000000000000000000000000000000000000000000000000000
dar_a08_r1,2,4,00100000000000000010000100000100000000000000000000000000000000000000000000000000
dar_a08_r1,2,7,00001001100100000011001000000000000000000000000000000000000000000000000000000000
dar_a08_r1,2,3,00000010000000000000001000000000000000000000000000000000000000000000000000000000
dar_a08_r1,2,2,00000010000000000000000000000001000000000000000000000000000000000000000000000000
dar_a08_r1,2,2,00000001000000000000000000010000000000000000000000000000000000000000000000000000
dar_a08_r1,2,2,00000000010000000001000000000000000000000000000000000000000000000000000000000000
dar_a08_r1,2,3,00000000001000000000100000000000000000000000000000000000000000000000000000000000
dar_a08_r1,2,4,00000000000011010000000001000000000000000000000000000000000000000000000000000000
dar_a08_r1,2,3,00000000000010100000000000000000000000000000000000001000000000000000000000000000
dar_a08_r1,2,3,00000000000000100000100000000000000000000000000000000000000000000000000000000000
dar_a08_r1,2,3,00000000000000000000000000000000000000000000000010000000000000000100000000000000
dar_a08_r1,2,5,00000000000000000000000000000000000000000000000010000000000000010000100101000000
dar_a08_r1,2,5,00000000000000000000000000000000000000000000000001000011000000000000001000000000
dar_a08_r1,2,6,00000000000000000000000000000000000000000000000000010010000000000100000010101000
dar_a08_r1,2,7,00000000000000000000000000000000000000000000000000001000000001101000110000010000
dar_a08_r1,2,6,00000000000000000000000000000000000000000000000000001000101000000000000010100001
dar_a08_r1,2,3,00000000000000000000000000000000000000000000000000000000100000000000000001001000
dar_a08_r1,1,2,10000000010000000000000000000000000000000000000000000000000000000000000000000000
dar_a08_r1,1,2,10000000000100000000000000000000000000000000000000000000000000000000000000000000
dar_a08_r1,1,3,01100000010000000000000000000000000000000000000000000000000000000000000000000000
dar_a08_r1,1,3,01000000000100100000000000000000000000000000000000000000000000000000000000000000
dar_a08_r1,1,3,01000000100000010000000000000000000000000000000000000000000000000000000000000000
dar_a08_r1,1,2,00001000100000000000000000000000000000000000000000000000000000000000000000000000
dar_a08_r1,1,3,00000000000110010000000000000000000000000000000000000000000000000000000000000000
dar_a08_r1,1,2,00000000000000000100100000000000000000000000000000000000000000000000000000000000
dar_a08_r1,1,3,00000000000000000000000000000000000000000000000000000000000000001010000000010000
dar_a08_r1,1,5,00000000000000000000000000000000000000000000000000000000000000001000010001010000
dar_a08_r1,1,4,00000000000000000000000000000000000000000000000000000000000000001101000000000001
dar_a08_r1,1,3,00000000000000000000000000000000000000000000000000000000000000000000010010000000
dar_a08_r1,1,2,00000000000000000000000000000000000000000000000000000000000000000000000000010001
dar_a08_r1,1,1,00000001000000000000000000000000000000000000000000000000000000000000000000000000
dar_a08_r1,1,1,00000000100000000000000000000000000000000000000000000000000000000000000000000000
dar_a08_r1,1,1,00000000000100000000000000000000000000000000000000000000000000000000000000000000
dar_a08_r1,1,1,00000000000001000000000000000000000000000000000000000000000000000000000000000000
dar_a08_r1,1,1,00000000000000000000000000000100000000000000000000000000000000000000000000000000
dar_a08_r1,1,1,00000000000000000000000000000000000000010000000000000000000000000000000000000000
dar_a08_r1,1,1,00000000000000000000000000000000000000000000000000000000000000000000000100000000
dar_a08_r1,1,1,00000000000000000000000000000000000000000000000000000000000000000000000000000100
ad_memoryless_r1,2,2,00010000000000000000000000000000000000000001000000000000000000000000000000000000
ad_memoryless_r1,2,2,00000000000010000000000000000000000000000010000000000000000000000000000000000000
ad_memoryless_r1,2,2,00000000000000010000000000000000000000000000000000000000000000000000100000000000
ad_memoryless_r1,2,2,00000000000000001000000000000000000000000000000000000001000000000000000000000000
ad_memoryless_r1,2,2,00000000000000000000000000000000000010000000000000000000000000000010000000000000
ad_memoryless_r1,1,2,00000000000000000000000000000000000000000000000000000000000000000001010000000000
ad_memoryless_r1,1,2,00000000000000000000000000000000000000000000000000000000000000000000010000000100
ad_memoryless_r1,1,1,10000000000000000000000000000000000000000000000000000000000000000000000000000000
ad_memoryless_r1,1,1,00100000000000000000000000000000000000000000000000000000000000000000000000000000
ad_memoryless_r1,1,1,00010000000000000000000000000000000000000000000000000000000000000000000000000000
ad_memoryless_r1,1,1,00010000000000000000000000000000000000000000000000000000000000000000000000000000
ad_memoryless_r1,1,1,00001000000000000000000000000000000000000000000000000000000000000000000000000000
ad_memoryless_r1,1,1,00000100000000000000000000000000000000000000000000000000000000000000000000000000
ad_memoryless_r1,1,1,00000010000000000000000000000000000000000000000000000000000000000000000000000000
ad_memoryless_r1,1,1,00000001000000000000000000000000000000000000000000000000000000000000000000000000
ad_memoryless_r1,1,1,00000001000000000000000000000000000000000000000000000000000000000000000000000000
ad_memoryless_r1,1,1,00000000100000000000000000000000000000000000000000000000000000000000000000000000
ad_memoryless_r1,1,1,00000000010000000000000000000000000000000000000000000000000000000000000000000000
ad_memoryless_r1,1,1,00000000010000000000000000000000000000000000000000000000000000000000000000000000
ad_memoryless_r1,1,1,00000000010000000000000000000000000000000000000000000000000000000000000000000000
ad_memoryless_r1,1,1,00000000000100000000000000000000000000000000000000000000000000000000000000000000
ad_memoryless_r1,1,1,00000000000001000000000000000000000000000000000000000000000000000000000000000000
ad_memoryless_r1,1,1,00000000000001000000000000000000000000000000000000000000000000000000000000000000
ad_memoryless_r1,1,1,00000000000001000000000000000000000000000000000000000000000000000000000000000000
ad_memoryless_r1,1,1,00000000000001000000000000000000000000000000000000000000000000000000000000000000
ad_memoryless_r1,1,1,00000000000000100000000000000000000000000000000000000000000000000000000000000000
ad_memoryless_r1,1,1,00000000000000010000000000000000000000000000000000000000000000000000000000000000
ad_memoryless_r1,1,1,00000000000000001000000000000000000000000000000000000000000000000000000000000000
ad_memoryless_r1,1,1,00000000000000001000000000000000000000000000000000000000000000000000000000000000
ad_memoryless_r1,1,1,00000000000000000010000000000000000000000000000000000000000000000000000000000000
ad_memoryless_r1,1,1,00000000000000000001000000000000000000000000000000000000000000000000000000000000
ad_memoryless_r1,1,1,00000000000000000001000000000000000000000000000000000000000000000000000000000000
ad_memoryless_r1,1,1,00000000000000000000010000000000000000000000000000000000000000000000000000000000
ad_memoryless_r1,1,1,00000000000000000000010000000000000000000000000000000000000000000000000000000000
ad_memoryless_r1,1,1,00000000000000000000010000000000000000000000000000000000000000000000000000000000
ad_memoryless_r1,1,1,00000000000000000000001000000000000000000000000000000000000000000000000000000000
ad_memoryless_r1,1,1,00000000000000000000000000100000000000000000000000000000000000000000000000000000
ad_memoryless_r1,1,1,00000000000000000000000000100000000000000000000000000000000000000000000000000000
ad_memoryless_r1,1,1,00000000000000000000000000001000000000000000000000000000000000000000000000000000
ad_memoryless_r1,1,1,00000000000000000000000000001000000000000000000000000000000000000000000000000000
ad_memoryless_r1,1,1,00000000000000000000000000000010000000000000000000000000000000000000000000000000
ad_memoryless_r1,1,1,00000000000000000000000000000001000000000000000000000000000000000000000000000000
ad_memoryless_r1,1,1,00000000000000000000000000000000010000000000000000000000000000000000000000000000
ad_memoryless_r1,1,1,00000000000000000000000000000000010000000000000000000000000000000000000000000000
ad_memoryless_r1,1,1,00000000000000000000000000000000001000000000000000000000000000000000000000000000
ad_memoryless_r1,1,1,00000000000000000000000000000000000100000000000000000000000000000000000000000000
ad_memoryless_r1,1,1,00000000000000000000000000000000000010000000000000000000000000000000000000000000
ad_memoryless_r1,1,1,00000000000000000000000000000000000010000000000000000000000000000000000000000000
ad_memoryless_r1,1,1,00000000000000000000000000000000000001000000000000000000000000000000000000000000
ad_memoryless_r1,1,1,00000000000000000000000000000000000000100000000000000000000000000000000000000000
ad_memoryless_r1,1,1,00000000000000000000000000000000000000010000000000000000000000000000000000000000
ad_memoryless_r1,1,1,00000000000000000000000000000000000000000010000000000000000000000000000000000000
ad_memoryless_r1,1,1,00000000000000000000000000000000000000000010000000000000000000000000000000000000
ad_memoryless_r1,1,1,00000000000000000000000000000000000000000001000000000000000000000000000000000000
ad_memoryless_r1,1,1,00000000000000000000000000000000000000000000100000000000000000000000000000000000
ad_memoryless_r1,1,1,00000000000000000000000000000000000000000000100000000000000000000000000000000000
ad_memoryless_r1,1,1,00000000000000000000000000000000000000000000010000000000000000000000000000000000
ad_memoryless_r1,1,1,00000000000000000000000000000000000000000000010000000000000000000000000000000000
ad_memoryless_r1,1,1,00000000000000000000000000000000000000000000000100000000000000000000000000000000
ad_memoryless_r1,1,1,00000000000000000000000000000000000000000000000010000000000000000000000000000000
ad_memoryless_r1,1,1,00000000000000000000000000000000000000000000000001000000000000000000000000000000
ad_memoryless_r1,1,1,00000000000000000000000000000000000000000000000000100000000000000000000000000000
ad_memoryless_r1,1,1,00000000000000000000000000000000000000000000000000100000000000000000000000000000
ad_memoryless_r1,1,1,00000000000000000000000000000000000000000000000000100000000000000000000000000000
ad_memoryless_r1,1,1,00000000000000000000000000000000000000000000000000010000000000000000000000000000
ad_memoryless_r1,1,1,00000000000000000000000000000000000000000000000000010000000000000000000000000000
ad_memoryless_r1,1,1,00000000000000000000000000000000000000000000000000001000000000000000000000000000
ad_memoryless_r1,1,1,00000000000000000000000000000000000000000000000000000100000000000000000000000000
ad_memoryless_r1,1,1,00000000000000000000000000000000000000000000000000000100000000000000000000000000
ad_memoryless_r1,1,1,00000000000000000000000000000000000000000000000000000010000000000000000000000000
ad_memoryless_r1,1,1,00000000000000000000000000000000000000000000000000000001000000000000000000000000
ad_memoryless_r1,1,1,00000000000000000000000000000000000000000000000000000001000000000000000000000000
ad_memoryless_r1,1,1,00000000000000000000000000000000000000000000000000000000100000000000000000000000
ad_memoryless_r1,1,1,00000000000000000000000000000000000000000000000000000000100000000000000000000000
ad_memoryless_r1,1,1,00000000000000000000000000000000000000000000000000000000001000000000000000000000
ad_memoryless_r1,1,1,00000000000000000000000000000000000000000000000000000000001000000000000000000000
ad_memoryless_r1,1,1,00000000000000000000000000000000000000000000000000000000001000000000000000000000
ad_memoryless_r1,1,1,00000000000000000000000000000000000000000000000000000000000100000000000000000000
ad_memoryless_r1,1,1,00000000000000000000000000000000000000000000000000000000000100000000000000000000
ad_memoryless_r1,1,1,00000000000000000000000000000000000000000000000000000000000010000000000000000000
ad_memoryless_r1,1,1,00000000000000000000000000000000000000000000000000000000000010000000000000000000
ad_memoryless_r1,1,1,00000000000000000000000000000000000000000000000000000000000000100000000000000000
ad_memoryless_r1,1,1,00000000000000000000000000000000000000000000000000000000000000010000000000000000
ad_memoryless_r1,1,1,00000000000000000000000000000000000000000000000000000000000000001000000000000000
ad_memoryless_r1,1,1,00000000000000000000000000000000000000000000000000000000000000001000000000000000
ad_memoryless_r1,1,1,00000000000000000000000000000000000000000000000000000000000000001000000000000000
ad_memoryless_r1,1,1,00000000000000000000000000000000000000000000000000000000000000000100000000000000
ad_memoryless_r1,1,1,00000000000000000000000000000000000000000000000000000000000000000100000000000000
ad_memoryless_r1,1,1,00000000000000000000000000000000000000000000000000000000000000000010000000000000
ad_memoryless_r1,1,1,00000000000000000000000000000000000000000000000000000000000000000000010000000000
ad_memoryless_r1,1,1,00000000000000000000000000000000000000000000000000000000000000000000001000000000
ad_memoryless_r1,1,1,00000000000000000000000000000000000000000000000000000000000000000000000100000000
ad_memoryless_r1,1,1,00000000000000000000000000000000000000000000000000000000000000000000000000100000
ad_memoryless_r1,1,1,00000000000000000000000000000000000000000000000000000000000000000000000000100000
ad_memoryless_r1,1,1,00000000000000000000000000000000000000000000000000000000000000000000000000100000
ad_memoryless_r1,1,1,00000000000000000000000000000000000000000000000000000000000000000000000000100000
ad_memoryless_r1,1,1,00000000000000000000000000000000000000000000000000000000000000000000000000000100
ad_memoryless_r1,1,1,00000000000000000000000000000000000000000000000000000000000000000000000000000010
ad_memoryless_r1,1,1,00000000000000000000000000000000000000000000000000000000000000000000000000000010
ad_memoryless_r1,1,1,00000000000000000000000000000000000000000000000000000000000000000000000000000001
ad_memory_r1,5,16,11000000001000011000010000000000000100000100000000000000100110000101001010000000
ad_memory_r1,5,8,01000000000001000000000001000000000000000000100000000000000010000001000000100000
ad_memory_r1,5,9,00010001000000000000000000100010000000000100000000000000000010000000001100000000
ad_memory_r1,5,10,00010000000010010100000000000010000000100000100000000001010000000000000000001000
ad_memory_r1,5,24,00001011000011001000001001000000010100001000111100100000100100000010001000000000
ad_memory_r1,5,9,00000100100000000000010000000000011000010000001000000000100000000000000010000000
ad_memory_r1,5,16,00000100011000000000000000100000001101000001001000010001000000100000000100000001
ad_memory_r1,5,8,00000000100000001001000011000000000010000000000000000010000000000010000000000000
ad_memory_r1,5,22,00000000010000100111100000001000010000001100000001110000001100000010101000100000
ad_memory_r1,5,13,00000000000110000000100100010110000101010000000000010000000000001001000000000000
ad_memory_r1,5,6,00000000000000100000000000010000000001100000000010000000000000000000000000000010
ad_memory_r1,5,6,00000000000000010000001000000000000100001000000000000000010000001000000000000000
ad_memory_r1,4,10,10000100010001000000000000000000000000000010000000000000100100000000000000100010
ad_memory_r1,4,5,01000000000000000000000010000000000100000000000000000000000000000000000000000100
ad_memory_r1,4,6,00100000000000000000000100000010000110000000000000000000100000000000000000000000
ad_memory_r1,4,4,00001000000000000000000000000000000000010000000000100000000000000100000000000000
ad_memory_r1,4,10,00000010010000001000000001000000000000001010000010000010000011000000000000000000
ad_memory_r1,4,4,00000001000000001000000000000000000000000000001000000000100000000000000000000000
ad_memory_r1,4,6,00000000010000010100010000000000000000000000100000000000000000010000000000000000
ad_memory_r1,4,6,00000000010000000100000000000010000000000100001000000000000000000000000000000100
ad_memory_r1,4,9,00000000000110000000000000100100000000000101000000001000001010000000000000000000
ad_memory_r1,4,7,00000000000110000000000000001000000000000000000000000100000000100000000000000011
ad_memory_r1,4,6,00000000000001000001000000000000100000000000000000000000100000000000000000000000
ad_memory_r1,4,5,00000000000001000000100000010000000000000000000001000000000000001000000000000000
ad_memory_r1,4,11,00000000000000000011000000001100000000000010000000000010000000010010001000001000
ad_memory_r1,4,4,00000000000000000001000000000000000000000000010000000000010000000001000000000000
ad_memory_r1,4,12,00000000000000000001010000000010000011000010000100010100000000000010000001000000
ad_memory_r1,4,10,00000000000000000000000110011000000000010000001000000000001000010000100000001000
ad_memory_r1,4,5,00000000000000000000000000010000010000000000000000100000000001000000000000001000
ad_memory_r1,4,7,00000000000000000000000000001000000000100000000001000000100100000000010001000000
ad_memory_r1,4,6,00000000000000000000000000000011000000100000000001000001000000000000000000000010
ad_memory_r1,3,6,11000110000000000000100000000000000000000000000000000000000000000001000000000000
ad_memory_r1,3,4,01000100000000000000000000000000000000000000000000001000000000000000000100000000
ad_memory_r1,3,7,00101000000000101010000000000000000000000000000000000100100000000000000000000000
ad_memory_r1,3,8,00000010100110010000100000001000000000000000000000000000000000000000000001000000
ad_memory_r1,3,6,00000001000000000000101000010001000001000000000000000000000000000000000000000000
ad_memory_r1,3,7,00000000010100000000000000000010000100010001000100000000000000000000000000000000
ad_memory_r1,3,4,00000000001000000000000000000000000000000000100000011000000000000000000000000000
ad_memory_r1,3,4,00000000001000100000000000100000000000000000000000000000000000000000000000100000
ad_memory_r1,3,5,00000000000010000100000000100000000000000000000000010010000000000000000000000000
ad_memory_r1,3,5,00000000000000001000000000000010001000000000000000000000101000000000000000000000
ad_memory_r1,3,5,00000000000000001001000001000000000000000010000000000000000000000010000000000000
ad_memory_r1,3,6,00000000000000000001000000010000000000000000000000010000000001000000100000000100
ad_memory_r1,3,8,00000000000000000000010000001110000100000000100000000010000000100000000000000000
ad_memory_r1,3,5,00000000000000000000001000000001000000000000000000001000000000000000100000100000
ad_memory_r1,3,4,00000000000000000000000010000000000000000000010000000000000000001000000000100000
ad_memory_r1,3,4,00000000000000000000000000010000000000010000000000000000000000000000100000000000
ad_memory_r1,3,5,00000000000000000000000000010000000000000001100000000000000000000000100100000000
ad_memory_r1,3,4,00000000000000000000000000000100000000000000000010000000000000011000000000000000
ad_memory_r1,3,8,00000000000000000000000000000100000000000000000001001000010100000000000001110000
ad_memory_r1,3,7,00000000000000000000000000000100000000000000000000000000000110001100000000001000
ad_memory_r1,3,9,00000000000000000000000000000000100000000110010000001000000101000000100001000000
ad_memory_r1,3,9,00000000000000000000000000000000011000000000000000000000000100000010000100001000
ad_memory_r1,3,7,00000000000000000000000000000000000000001000000100100010000010010000000000000010
ad_memory_r1,3,5,00000000000000000000000000000000000000000000000100000000001010000110000000000000
ad_memory_r1,2,3,00000100000000000000000000000000000010000000010000000000000000000000000000000000
ad_memory_r1,2,4,00000000100101000000000000000000000000000000000000000000000000100000000000000000
ad_memory_r1,2,2,00000000010000000000001000000000000000000000000000000000000000000000000000000000
ad_memory_r1,2,3,00000000001010000000000000000000100000000000000000000000000000000000000000000000
ad_memory_r1,2,2,00000000000001000000000000000000000000000001000000000000000000000000000000000000
ad_memory_r1,2,3,00000000000000000010001000000000000000000000000000000000000000001000000000000000
ad_memory_r1,2,5,00000000000000000000100000001001000000001000100000000000000000000000000000000000
ad_memory_r1,2,3,00000000000000000000011000000000000000000000000000000010000000000000000000000000
ad_memory_r1,2,3,00000000000000000000000100000001000000000000000000000001000000000000000000000000
ad_memory_r1,2,4,00000000000000000000000001000110000000000000000100000000000000000000000000000000
ad_memory_r1,2,3,00000000000000000000000000100000000000010100000000000000000000000000000000000000
ad_memory_r1,2,3,00000000000000000000000000000101000000000000010000000000000000000000000000000000
ad_memory_r1,2,3,00000000000000000000000000000000010000000000000001000100000000000000000000000000
ad_memory_r1,2,4,00000000000000000000000000000000010000010010000000000000000000001000000000000000
ad_memory_r1,2,3,00000000000000000000000000000000001000000100000000000000010000000000000000000000
ad_memory_r1,2,2,00000000000000000000000000000000000000010000000000000000000000000000100000000000
ad_memory_r1,2,2,00000000000000000000000000000000000000000100000000000000000000100000000000000000
ad_memory_r1,2,2,00000000000000000000000000000000000000000000100000000000000000000000100000000000
ad_memory_r1,2,3,00000000000000000000000000000000000000000000011000000000000100000000000000000000
ad_memory_r1,2,2,00000000000000000000000000000000000000000000001000000000010000000000000000000000
ad_memory_r1,2,3,00000000000000000000000000000000000000000000000010010000000000000000000000000100
ad_memory_r1,2,3,00000000000000000000000000000000000000000000000001000000000000100000000000001000
ad_memory_r1,2,4,00000000000000000000000000000000000000000000000000000100100000000100010000000000
ad_memory_r1,2,2,00000000000000000000000000000000000000000000000000000000000000100001000000000000
ad_memory_r1,2,2,00000000000000000000000000000000000000000000000000000000000000010000000010000000
ad_memory_r1,1,3,00000001010000100000000000000000000000000000000000000000000000000000000000000000
ad_memory_r1,1,3,00000000000000000000000000000000100000001000001000000000000000000000000000000000
ad_memory_r1,1,2,00000000000000000000000000000000000000000000000000000000000000000100010000000000
ad_memory_r1,1,2,00000000000000000000000000000000000000000000000000000000000000000000000010000100
ad_memory_r1,1,2,00000000000000000000000000000000000000000000000000000000000000000000000000101000
ad_memory_r1,1,2,00000000000000000000000000000000000000000000000000000000000000000000000000001001
ad_memory_r1,1,2,00000000000000000000000000000000000000000000000000000000000000000000000000000110
ad_memory_r1,1,1,00010000000000000000000000000000000000000000000000000000000000000000000000000000
ad_memory_r1,1,1,00000000000000010000000000000000000000000000000000000000000000000000000000000000
ad_memory_r1,1,1,00000000000000000000000010000000000000000000000000000000000000000000000000000000
ad_memory_r1,1,1,00000000000000000000000000000100000000000000000000000000000000000000000000000000
ad_memory_r1,1,1,00000000000000000000000000000000000000000000001000000000000000000000000000000000
ad_memory_r1,1,1,00000000000000000000000000000000000000000000000000000001000000000000000000000000
ad_memory_r1,1,1,00000000000000000000000000000000000000000000000000000000000010000000000000000000
ad_memory_r1,1,1,00000000000000000000000000000000000000000000000000000000000000001000000000000000
ad_memory_r1,1,1,00000000000000000000000000000000000000000000000000000000000000000100000000000000
ad_memory_r1,1,1,00000000000000000000000000000000000000000000000000000000000000000000000100000000
ad_memory_r1,1,1,00000000000000000000000000000000000000000000000000000000000000000000000000100000
ad_memory_r1,1,1,00000000000000000000000000000000000000000000000000000000000000000000000000001000
ad_memory_r1,1,1,00000000000000000000000000000000000000000000000000000000000000000000000000000010
