prompt_id,case_id,arm,condition,subset,qwen36_tokens
activity__n1500__f0__beta1|event_sample_then_full_history|ss0|b9600|direction_only,activity__n1500__f0__beta1|event_sample_then_full_history|ss0|b9600,event_sample_then_full_history,direction_only,factorial,2344
activity__n1500__f0__beta1|event_sample_then_full_history|ss0|b9600|hidden,activity__n1500__f0__beta1|event_sample_then_full_history|ss0|b9600,event_sample_then_full_history,hidden,factorial,2296
activity__n1500__f0__beta1|event_sample_then_full_history|ss0|b9600|mechanism,activity__n1500__f0__beta1|event_sample_then_full_history|ss0|b9600,event_sample_then_full_history,mechanism,factorial,2450
activity__n1500__f0__beta1|event_sample_then_full_history|ss0|b9600|mechanism_direction,activity__n1500__f0__beta1|event_sample_then_full_history|ss0|b9600,event_sample_then_full_history,mechanism_direction,factorial,2498
activity__n1500__f0__beta1|event_sample_then_full_history|ss0|b9600|mismatched,activity__n1500__f0__beta1|event_sample_then_full_history|ss0|b9600,event_sample_then_full_history,mismatched,mismatched,2419
activity__n1500__f0__beta1|node_panel_full_history|ss0|b2500|direction_only,activity__n1500__f0__beta1|node_panel_full_history|ss0|b2500,node_panel_full_history,direction_only,factorial,1796
activity__n1500__f0__beta1|node_panel_full_history|ss0|b2500|hidden,activity__n1500__f0__beta1|node_panel_full_history|ss0|b2500,node_panel_full_history,hidden,factorial,1749
activity__n1500__f0__beta1|node_panel_full_history|ss0|b2500|mechanism,activity__n1500__f0__beta1|node_panel_full_history|ss0|b2500,node_panel_full_history,mechanism,factorial,1886
activity__n1500__f0__beta1|node_panel_full_history|ss0|b2500|mechanism_direction,activity__n1500__f0__beta1|node_panel_full_history|ss0|b2500,node_panel_full_history,mechanism_direction,factorial,1933
activity__n1500__f0__beta1|recent_history_k20|ws0|b800|direction_only,activity__n1500__f0__beta1|recent_history_k20|ws0|b800,recent_history_k20,direction_only,factorial,1116
activity__n1500__f0__beta1|recent_history_k20|ws0|b800|hidden,activity__n1500__f0__beta1|recent_history_k20|ws0|b800,recent_history_k20,hidden,factorial,1069
activity__n1500__f0__beta1|recent_history_k20|ws0|b800|mechanism,activity__n1500__f0__beta1|recent_history_k20|ws0|b800,recent_history_k20,mechanism,factorial,1229
activity__n1500__f0__beta1|recent_history_k20|ws0|b800|mechanism_direction,activity__n1500__f0__beta1|recent_history_k20|ws0|b800,recent_history_k20,mechanism_direction,factorial,1276
activity__n1500__f0__beta1|time_agnostic_t|ws0|b800|direction_only,activity__n1500__f0__beta1|time_agnostic_t|ws0|b800,time_agnostic_t,direction_only,factorial,1037
activity__n1500__f0__beta1|time_agnostic_t|ws0|b800|hidden,activity__n1500__f0__beta1|time_agnostic_t|ws0|b800,time_agnostic_t,hidden,factorial,990
activity__n1500__f0__beta1|time_agnostic_t|ws0|b800|mechanism,activity__n1500__f0__beta1|time_agnostic_t|ws0|b800,time_agnostic_t,mechanism,factorial,1113
activity__n1500__f0__beta1|time_agnostic_t|ws0|b800|mechanism_direction,activity__n1500__f0__beta1|time_agnostic_t|ws0|b800,time_agnostic_t,mechanism_direction,factorial,1160
activity__n1500__f0__beta1|time_agnostic_t|ws0|b800|metadata_only,activity__n1500__f0__beta1|time_agnostic_t|ws0|b800,time_agnostic_t,metadata_only,metadata_only,653
activity__n1500__f0__beta1|time_agnostic_t|ws0|b800|mismatched,activity__n1500__f0__beta1|time_agnostic_t|ws0|b800,time_agnostic_t,mismatched,mismatched,1144
activity__n1500__f0__beta1|time_respecting|ws0|b800|direction_only,activity__n1500__f0__beta1|time_respecting|ws0|b800,time_respecting,direction_only,factorial,969
activity__n1500__f0__beta1|time_respecting|ws0|b800|hidden,activity__n1500__f0__beta1|time_respecting|ws0|b800,time_respecting,hidden,factorial,922
activity__n1500__f0__beta1|time_respecting|ws0|b800|mechanism,activity__n1500__f0__beta1|time_respecting|ws0|b800,time_respecting,mechanism,factorial,1069
activity__n1500__f0__beta1|time_respecting|ws0|b800|mechanism_direction,activity__n1500__f0__beta1|time_respecting|ws0|b800,time_respecting,mechanism_direction,factorial,1116
activity__n1500__f0__memoryless|event_sample_then_full_history|ss0|b9600|direction_only,activity__n1500__f0__memoryless|event_sample_then_full_history|ss0|b9600,event_sample_then_full_history,direction_only,factorial,967
activity__n1500__f0__memoryless|event_sample_then_full_history|ss0|b9600|hidden,activity__n1500__f0__memoryless|event_sample_then_full_history|ss0|b9600,event_sample_then_full_history,hidden,factorial,919
activity__n1500__f0__memoryless|event_sample_then_full_history|ss0|b9600|mechanism,activity__n1500__f0__memoryless|event_sample_then_full_history|ss0|b9600,event_sample_then_full_history,mechanism,factorial,1073
activity__n1500__f0__memoryless|event_sample_then_full_history|ss0|b9600|mechanism_direction,activity__n1500__f0__memoryless|event_sample_then_full_history|ss0|b9600,event_sample_then_full_history,mechanism_direction,factorial,1121
activity__n1500__f0__memoryless|event_sample_then_full_history|ss0|b9600|mismatched,activity__n1500__f0__memoryless|event_sample_then_full_history|ss0|b9600,event_sample_then_full_history,mismatched,mismatched,1042
activity__n1500__f0__memoryless|event_sample_then_full_history|ss1|b9600|slot1|hidden,activity__n1500__f0__memoryless|event_sample_then_full_history|ss1|b9600,event_sample_then_full_history,hidden,seed_replication,932
activity__n1500__f0__memoryless|event_sample_then_full_history|ss1|b9600|slot1|mechanism,activity__n1500__f0__memoryless|event_sample_then_full_history|ss1|b9600,event_sample_then_full_history,mechanism,seed_replication,1086
activity__n1500__f0__memoryless|event_sample_then_full_history|ss2|b9600|slot2|hidden,activity__n1500__f0__memoryless|event_sample_then_full_history|ss2|b9600,event_sample_then_full_history,hidden,seed_replication,935
activity__n1500__f0__memoryless|event_sample_then_full_history|ss2|b9600|slot2|mechanism,activity__n1500__f0__memoryless|event_sample_then_full_history|ss2|b9600,event_sample_then_full_history,mechanism,seed_replication,1089
activity__n1500__f0__memoryless|event_sample_then_full_history|ss3|b9600|slot3|hidden,activity__n1500__f0__memoryless|event_sample_then_full_history|ss3|b9600,event_sample_then_full_history,hidden,seed_replication,927
activity__n1500__f0__memoryless|event_sample_then_full_history|ss3|b9600|slot3|mechanism,activity__n1500__f0__memoryless|event_sample_then_full_history|ss3|b9600,event_sample_then_full_history,mechanism,seed_replication,1081
activity__n1500__f0__memoryless|node_panel_full_history|ss0|b2500|direction_only,activity__n1500__f0__memoryless|node_panel_full_history|ss0|b2500,node_panel_full_history,direction_only,factorial,929
activity__n1500__f0__memoryless|node_panel_full_history|ss0|b2500|hidden,activity__n1500__f0__memoryless|node_panel_full_history|ss0|b2500,node_panel_full_history,hidden,factorial,882
activity__n1500__f0__memoryless|node_panel_full_history|ss0|b2500|mechanism,activity__n1500__f0__memoryless|node_panel_full_history|ss0|b2500,node_panel_full_history,mechanism,factorial,1019
activity__n1500__f0__memoryless|node_panel_full_history|ss0|b2500|mechanism_direction,activity__n1500__f0__memoryless|node_panel_full_history|ss0|b2500,node_panel_full_history,mechanism_direction,factorial,1066
activity__n1500__f0__memoryless|node_panel_full_history|ss1|b2500|slot1|hidden,activity__n1500__f0__memoryless|node_panel_full_history|ss1|b2500,node_panel_full_history,hidden,seed_replication,882
activity__n1500__f0__memoryless|node_panel_full_history|ss1|b2500|slot1|mechanism,activity__n1500__f0__memoryless|node_panel_full_history|ss1|b2500,node_panel_full_history,mechanism,seed_replication,1019
activity__n1500__f0__memoryless|node_panel_full_history|ss2|b2500|slot2|hidden,activity__n1500__f0__memoryless|node_panel_full_history|ss2|b2500,node_panel_full_history,hidden,seed_replication,882
activity__n1500__f0__memoryless|node_panel_full_history|ss2|b2500|slot2|mechanism,activity__n1500__f0__memoryless|node_panel_full_history|ss2|b2500,node_panel_full_history,mechanism,seed_replication,1019
activity__n1500__f0__memoryless|node_panel_full_history|ss3|b2500|slot3|hidden,activity__n1500__f0__memoryless|node_panel_full_history|ss3|b2500,node_panel_full_history,hidden,seed_replication,896
activity__n1500__f0__memoryless|node_panel_full_history|ss3|b2500|slot3|mechanism,activity__n1500__f0__memoryless|node_panel_full_history|ss3|b2500,node_panel_full_history,mechanism,seed_replication,1033
activity__n1500__f0__memoryless|recent_history_k20|ws0|b800|direction_only,activity__n1500__f0__memoryless|recent_history_k20|ws0|b800,recent_history_k20,direction_only,factorial,863
activity__n1500__f0__memoryless|recent_history_k20|ws0|b800|hidden,activity__n1500__f0__memoryless|recent_history_k20|ws0|b800,recent_history_k20,hidden,factorial,816
activity__n1500__f0__memoryless|recent_history_k20|ws0|b800|mechanism,activity__n1500__f0__memoryless|recent_history_k20|ws0|b800,recent_history_k20,mechanism,factorial,976
activity__n1500__f0__memoryless|recent_history_k20|ws0|b800|mechanism_direction,activity__n1500__f0__memoryless|recent_history_k20|ws0|b800,recent_history_k20,mechanism_direction,factorial,1023
activity__n1500__f0__memoryless|recent_history_k20|ws1|b800|slot1|hidden,activity__n1500__f0__memoryless|recent_history_k20|ws1|b800,recent_history_k20,hidden,seed_replication,796
activity__n1500__f0__memoryless|recent_history_k20|ws1|b800|slot1|mechanism,activity__n1500__f0__memoryless|recent_history_k20|ws1|b800,recent_history_k20,mechanism,seed_replication,956
activity__n1500__f0__memoryless|recent_history_k20|ws2|b800|slot2|hidden,activity__n1500__f0__memoryless|recent_history_k20|ws2|b800,recent_history_k20,hidden,seed_replication,803
activity__n1500__f0__memoryless|recent_history_k20|ws2|b800|slot2|mechanism,activity__n1500__f0__memoryless|recent_history_k20|ws2|b800,recent_history_k20,mechanism,seed_replication,963
activity__n1500__f0__memoryless|recent_history_k20|ws3|b800|slot3|hidden,activity__n1500__f0__memoryless|recent_history_k20|ws3|b800,recent_history_k20,hidden,seed_replication,796
activity__n1500__f0__memoryless|recent_history_k20|ws3|b800|slot3|mechanism,activity__n1500__f0__memoryless|recent_history_k20|ws3|b800,recent_history_k20,mechanism,seed_replication,956
activity__n1500__f0__memoryless|time_agnostic_t|ws0|b800|direction_only,activity__n1500__f0__memoryless|time_agnostic_t|ws0|b800,time_agnostic_t,direction_only,factorial,873
activity__n1500__f0__memoryless|time_agnostic_t|ws0|b800|hidden,activity__n1500__f0__memoryless|time_agnostic_t|ws0|b800,time_agnostic_t,hidden,factorial,826
activity__n1500__f0__memoryless|time_agnostic_t|ws0|b800|mechanism,activity__n1500__f0__memoryless|time_agnostic_t|ws0|b800,time_agnostic_t,mechanism,factorial,949
activity__n1500__f0__memoryless|time_agnostic_t|ws0|b800|mechanism_direction,activity__n1500__f0__memoryless|time_agnostic_t|ws0|b800,time_agnostic_t,mechanism_direction,factorial,996
activity__n1500__f0__memoryless|time_agnostic_t|ws0|b800|metadata_only,activity__n1500__f0__memoryless|time_agnostic_t|ws0|b800,time_agnostic_t,metadata_only,metadata_only,653
activity__n1500__f0__memoryless|time_agnostic_t|ws0|b800|mismatched,activity__n1500__f0__memoryless|time_agnostic_t|ws0|b800,time_agnostic_t,mismatched,mismatched,980
activity__n1500__f0__memoryless|time_agnostic_t|ws1|b800|slot1|hidden,activity__n1500__f0__memoryless|time_agnostic_t|ws1|b800,time_agnostic_t,hidden,seed_replication,841
activity__n1500__f0__memoryless|time_agnostic_t|ws1|b800|slot1|mechanism,activity__n1500__f0__memoryless|time_agnostic_t|ws1|b800,time_agnostic_t,mechanism,seed_replication,964
activity__n1500__f0__memoryless|time_agnostic_t|ws2|b800|slot2|hidden,activity__n1500__f0__memoryless|time_agnostic_t|ws2|b800,time_agnostic_t,hidden,seed_replication,826
activity__n1500__f0__memoryless|time_agnostic_t|ws2|b800|slot2|mechanism,activity__n1500__f0__memoryless|time_agnostic_t|ws2|b800,time_agnostic_t,mechanism,seed_replication,949
activity__n1500__f0__memoryless|time_agnostic_t|ws3|b800|slot3|hidden,activity__n1500__f0__memoryless|time_agnostic_t|ws3|b800,time_agnostic_t,hidden,seed_replication,826
activity__n1500__f0__memoryless|time_agnostic_t|ws3|b800|slot3|mechanism,activity__n1500__f0__memoryless|time_agnostic_t|ws3|b800,time_agnostic_t,mechanism,seed_replication,949
activity__n1500__f0__memoryless|time_respecting|ws0|b800|direction_only,activity__n1500__f0__memoryless|time_respecting|ws0|b800,time_respecting,direction_only,factorial,841
activity__n1500__f0__memoryless|time_respecting|ws0|b800|hidden,activity__n1500__f0__memoryless|time_respecting|ws0|b800,time_respecting,hidden,factorial,794
activity__n1500__f0__memoryless|time_respecting|ws0|b800|mechanism,activity__n1500__f0__memoryless|time_respecting|ws0|b800,time_respecting,mechanism,factorial,941
activity__n1500__f0__memoryless|time_respecting|ws0|b800|mechanism_direction,activity__n1500__f0__memoryless|time_respecting|ws0|b800,time_respecting,mechanism_direction,factorial,988
activity__n1500__f0__memoryless|time_respecting|ws1|b800|slot1|hidden,activity__n1500__f0__memoryless|time_respecting|ws1|b800,time_respecting,hidden,seed_replication,794
activity__n1500__f0__memoryless|time_respecting|ws1|b800|slot1|mechanism,activity__n1500__f0__memoryless|time_respecting|ws1|b800,time_respecting,mechanism,seed_replication,941
activity__n1500__f0__memoryless|time_respecting|ws2|b800|slot2|hidden,activity__n1500__f0__memoryless|time_respecting|ws2|b800,time_respecting,hidden,seed_replication,808
activity__n1500__f0__memoryless|time_respecting|ws2|b800|slot2|mechanism,activity__n1500__f0__memoryless|time_respecting|ws2|b800,time_respecting,mechanism,seed_replication,955
activity__n1500__f0__memoryless|time_respecting|ws3|b800|slot3|hidden,activity__n1500__f0__memoryless|time_respecting|ws3|b800,time_respecting,hidden,seed_replication,808
activity__n1500__f0__memoryless|time_respecting|ws3|b800|slot3|mechanism,activity__n1500__f0__memoryless|time_respecting|ws3|b800,time_respecting,mechanism,seed_replication,955
activity__n500__f0__beta1|event_sample_then_full_history|ss0|b9600|direction_only,activity__n500__f0__beta1|event_sample_then_full_history|ss0|b9600,event_sample_then_full_history,direction_only,factorial,2419
activity__n500__f0__beta1|event_sample_then_full_history|ss0|b9600|hidden,activity__n500__f0__beta1|event_sample_then_full_history|ss0|b9600,event_sample_then_full_history,hidden,factorial,2371
activity__n500__f0__beta1|event_sample_then_full_history|ss0|b9600|mechanism,activity__n500__f0__beta1|event_sample_then_full_history|ss0|b9600,event_sample_then_full_history,mechanism,factorial,2525
activity__n500__f0__beta1|event_sample_then_full_history|ss0|b9600|mechanism_direction,activity__n500__f0__beta1|event_sample_then_full_history|ss0|b9600,event_sample_then_full_history,mechanism_direction,factorial,2573
activity__n500__f0__beta1|event_sample_then_full_history|ss0|b9600|mismatched,activity__n500__f0__beta1|event_sample_then_full_history|ss0|b9600,event_sample_then_full_history,mismatched,mismatched,2494
activity__n500__f0__beta1|node_panel_full_history|ss0|b2500|direction_only,activity__n500__f0__beta1|node_panel_full_history|ss0|b2500,node_panel_full_history,direction_only,factorial,1748
activity__n500__f0__beta1|node_panel_full_history|ss0|b2500|hidden,activity__n500__f0__beta1|node_panel_full_history|ss0|b2500,node_panel_full_history,hidden,factorial,1701
activity__n500__f0__beta1|node_panel_full_history|ss0|b2500|mechanism,activity__n500__f0__beta1|node_panel_full_history|ss0|b2500,node_panel_full_history,mechanism,factorial,1838
activity__n500__f0__beta1|node_panel_full_history|ss0|b2500|mechanism_direction,activity__n500__f0__beta1|node_panel_full_history|ss0|b2500,node_panel_full_history,mechanism_direction,factorial,1885
activity__n500__f0__beta1|recent_history_k20|ws0|b800|direction_only,activity__n500__f0__beta1|recent_history_k20|ws0|b800,recent_history_k20,direction_only,factorial,1199
activity__n500__f0__beta1|recent_history_k20|ws0|b800|hidden,activity__n500__f0__beta1|recent_history_k20|ws0|b800,recent_history_k20,hidden,factorial,1152
activity__n500__f0__beta1|recent_history_k20|ws0|b800|mechanism,activity__n500__f0__beta1|recent_history_k20|ws0|b800,recent_history_k20,mechanism,factorial,1312
activity__n500__f0__beta1|recent_history_k20|ws0|b800|mechanism_direction,activity__n500__f0__beta1|recent_history_k20|ws0|b800,recent_history_k20,mechanism_direction,factorial,1359
activity__n500__f0__beta1|time_agnostic_t|ws0|b800|direction_only,activity__n500__f0__beta1|time_agnostic_t|ws0|b800,time_agnostic_t,direction_only,factorial,1131
activity__n500__f0__beta1|time_agnostic_t|ws0|b800|hidden,activity__n500__f0__beta1|time_agnostic_t|ws0|b800,time_agnostic_t,hidden,factorial,1084
activity__n500__f0__beta1|time_agnostic_t|ws0|b800|mechanism,activity__n500__f0__beta1|time_agnostic_t|ws0|b800,time_agnostic_t,mechanism,factorial,1207
activity__n500__f0__beta1|time_agnostic_t|ws0|b800|mechanism_direction,activity__n500__f0__beta1|time_agnostic_t|ws0|b800,time_agnostic_t,mechanism_direction,factorial,1254
activity__n500__f0__beta1|time_agnostic_t|ws0|b800|metadata_only,activity__n500__f0__beta1|time_agnostic_t|ws0|b800,time_agnostic_t,metadata_only,metadata_only,651
activity__n500__f0__beta1|time_agnostic_t|ws0|b800|mismatched,activity__n500__f0__beta1|time_agnostic_t|ws0|b800,time_agnostic_t,mismatched,mismatched,1238
activity__n500__f0__beta1|time_respecting|ws0|b800|direction_only,activity__n500__f0__beta1|time_respecting|ws0|b800,time_respecting,direction_only,factorial,1031
activity__n500__f0__beta1|time_respecting|ws0|b800|hidden,activity__n500__f0__beta1|time_respecting|ws0|b800,time_respecting,hidden,factorial,984
activity__n500__f0__beta1|time_respecting|ws0|b800|mechanism,activity__n500__f0__beta1|time_respecting|ws0|b800,time_respecting,mechanism,factorial,1131
activity__n500__f0__beta1|time_respecting|ws0|b800|mechanism_direction,activity__n500__f0__beta1|time_respecting|ws0|b800,time_respecting,mechanism_direction,factorial,1178
activity__n500__f0__memoryless|event_sample_then_full_history|ss0|b9600|direction_only,activity__n500__f0__memoryless|event_sample_then_full_history|ss0|b9600,event_sample_then_full_history,direction_only,factorial,1062
activity__n500__f0__memoryless|event_sample_then_full_history|ss0|b9600|hidden,activity__n500__f0__memoryless|event_sample_then_full_history|ss0|b9600,event_sample_then_full_history,hidden,factorial,1014
activity__n500__f0__memoryless|event_sample_then_full_history|ss0|b9600|mechanism,activity__n500__f0__memoryless|event_sample_then_full_history|ss0|b9600,event_sample_then_full_history,mechanism,factorial,1168
activity__n500__f0__memoryless|event_sample_then_full_history|ss0|b9600|mechanism_direction,activity__n500__f0__memoryless|event_sample_then_full_history|ss0|b9600,event_sample_then_full_history,mechanism_direction,factorial,1216
activity__n500__f0__memoryless|event_sample_then_full_history|ss0|b9600|mismatched,activity__n500__f0__memoryless|event_sample_then_full_history|ss0|b9600,event_sample_then_full_history,mismatched,mismatched,1137
activity__n500__f0__memoryless|node_panel_full_history|ss0|b2500|direction_only,activity__n500__f0__memoryless|node_panel_full_history|ss0|b2500,node_panel_full_history,direction_only,factorial,960
activity__n500__f0__memoryless|node_panel_full_history|ss0|b2500|hidden,activity__n500__f0__memoryless|node_panel_full_history|ss0|b2500,node_panel_full_history,hidden,factorial,913
activity__n500__f0__memoryless|node_panel_full_history|ss0|b2500|mechanism,activity__n500__f0__memoryless|node_panel_full_history|ss0|b2500,node_panel_full_history,mechanism,factorial,1050
activity__n500__f0__memoryless|node_panel_full_history|ss0|b2500|mechanism_direction,activity__n500__f0__memoryless|node_panel_full_history|ss0|b2500,node_panel_full_history,mechanism_direction,factorial,1097
activity__n500__f0__memoryless|recent_history_k20|ws0|b800|direction_only,activity__n500__f0__memoryless|recent_history_k20|ws0|b800,recent_history_k20,direction_only,factorial,884
activity__n500__f0__memoryless|recent_history_k20|ws0|b800|hidden,activity__n500__f0__memoryless|recent_history_k20|ws0|b800,recent_history_k20,hidden,factorial,837
activity__n500__f0__memoryless|recent_history_k20|ws0|b800|mechanism,activity__n500__f0__memoryless|recent_history_k20|ws0|b800,recent_history_k20,mechanism,factorial,997
activity__n500__f0__memoryless|recent_history_k20|ws0|b800|mechanism_direction,activity__n500__f0__memoryless|recent_history_k20|ws0|b800,recent_history_k20,mechanism_direction,factorial,1044
activity__n500__f0__memoryless|time_agnostic_t|ws0|b800|direction_only,activity__n500__f0__memoryless|time_agnostic_t|ws0|b800,time_agnostic_t,direction_only,factorial,882
activity__n500__f0__memoryless|time_agnostic_t|ws0|b800|hidden,activity__n500__f0__memoryless|time_agnostic_t|ws0|b800,time_agnostic_t,hidden,factorial,835
activity__n500__f0__memoryless|time_agnostic_t|ws0|b800|mechanism,activity__n500__f0__memoryless|time_agnostic_t|ws0|b800,time_agnostic_t,mechanism,factorial,958
activity__n500__f0__memoryless|time_agnostic_t|ws0|b800|mechanism_direction,activity__n500__f0__memoryless|time_agnostic_t|ws0|b800,time_agnostic_t,mechanism_direction,factorial,1005
activity__n500__f0__memoryless|time_agnostic_t|ws0|b800|metadata_only,activity__n500__f0__memoryless|time_agnostic_t|ws0|b800,time_agnostic_t,metadata_only,metadata_only,651
activity__n500__f0__memoryless|time_agnostic_t|ws0|b800|mismatched,activity__n500__f0__memoryless|time_agnostic_t|ws0|b800,time_agnostic_t,mismatched,mismatched,989
activity__n500__f0__memoryless|time_respecting|ws0|b800|direction_only,activity__n500__f0__memoryless|time_respecting|ws0|b800,time_respecting,direction_only,factorial,877
activity__n500__f0__memoryless|time_respecting|ws0|b800|hidden,activity__n500__f0__memoryless|time_respecting|ws0|b800,time_respecting,hidden,factorial,830
activity__n500__f0__memoryless|time_respecting|ws0|b800|mechanism,activity__n500__f0__memoryless|time_respecting|ws0|b800,time_respecting,mechanism,factorial,977
activity__n500__f0__memoryless|time_respecting|ws0|b800|mechanism_direction,activity__n500__f0__memoryless|time_respecting|ws0|b800,time_respecting,mechanism_direction,factorial,1024
controlled__snap_bitcoin_otc__bursty__contiguous__rho0.15__r0|event_sample_then_full_history|ss0|b9600|direction_only,controlled__snap_bitcoin_otc__bursty__contiguous__rho0.15__r0|event_sample_then_full_history|ss0|b9600,event_sample_then_full_history,direction_only,factorial,903
controlled__snap_bitcoin_otc__bursty__contiguous__rho0.15__r0|event_sample_then_full_history|ss0|b9600|hidden,controlled__snap_bitcoin_otc__bursty__contiguous__rho0.15__r0|event_sample_then_full_history|ss0|b9600,event_sample_then_full_history,hidden,factorial,855
controlled__snap_bitcoin_otc__bursty__contiguous__rho0.15__r0|event_sample_then_full_history|ss0|b9600|mechanism,controlled__snap_bitcoin_otc__bursty__contiguous__rho0.15__r0|event_sample_then_full_history|ss0|b9600,event_sample_then_full_history,mechanism,factorial,1009
controlled__snap_bitcoin_otc__bursty__contiguous__rho0.15__r0|event_sample_then_full_history|ss0|b9600|mechanism_direction,controlled__snap_bitcoin_otc__bursty__contiguous__rho0.15__r0|event_sample_then_full_history|ss0|b9600,event_sample_then_full_history,mechanism_direction,factorial,1057
controlled__snap_bitcoin_otc__bursty__contiguous__rho0.15__r0|event_sample_then_full_history|ss0|b9600|mismatched,controlled__snap_bitcoin_otc__bursty__contiguous__rho0.15__r0|event_sample_then_full_history|ss0|b9600,event_sample_then_full_history,mismatched,mismatched,978
controlled__snap_bitcoin_otc__bursty__contiguous__rho0.15__r0|node_panel_full_history|ss0|b2500|direction_only,controlled__snap_bitcoin_otc__bursty__contiguous__rho0.15__r0|node_panel_full_history|ss0|b2500,node_panel_full_history,direction_only,factorial,897
controlled__snap_bitcoin_otc__bursty__contiguous__rho0.15__r0|node_panel_full_history|ss0|b2500|hidden,controlled__snap_bitcoin_otc__bursty__contiguous__rho0.15__r0|node_panel_full_history|ss0|b2500,node_panel_full_history,hidden,factorial,850
controlled__snap_bitcoin_otc__bursty__contiguous__rho0.15__r0|node_panel_full_history|ss0|b2500|mechanism,controlled__snap_bitcoin_otc__bursty__contiguous__rho0.15__r0|node_panel_full_history|ss0|b2500,node_panel_full_history,mechanism,factorial,987
controlled__snap_bitcoin_otc__bursty__contiguous__rho0.15__r0|node_panel_full_history|ss0|b2500|mechanism_direction,controlled__snap_bitcoin_otc__bursty__contiguous__rho0.15__r0|node_panel_full_history|ss0|b2500,node_panel_full_history,mechanism_direction,factorial,1034
controlled__snap_bitcoin_otc__bursty__contiguous__rho0.15__r0|recent_history_k20|ws0|b800|direction_only,controlled__snap_bitcoin_otc__bursty__contiguous__rho0.15__r0|recent_history_k20|ws0|b800,recent_history_k20,direction_only,factorial,872
controlled__snap_bitcoin_otc__bursty__contiguous__rho0.15__r0|recent_history_k20|ws0|b800|hidden,controlled__snap_bitcoin_otc__bursty__contiguous__rho0.15__r0|recent_history_k20|ws0|b800,recent_history_k20,hidden,factorial,825
controlled__snap_bitcoin_otc__bursty__contiguous__rho0.15__r0|recent_history_k20|ws0|b800|mechanism,controlled__snap_bitcoin_otc__bursty__contiguous__rho0.15__r0|recent_history_k20|ws0|b800,recent_history_k20,mechanism,factorial,985
controlled__snap_bitcoin_otc__bursty__contiguous__rho0.15__r0|recent_history_k20|ws0|b800|mechanism_direction,controlled__snap_bitcoin_otc__bursty__contiguous__rho0.15__r0|recent_history_k20|ws0|b800,recent_history_k20,mechanism_direction,factorial,1032
controlled__snap_bitcoin_otc__bursty__contiguous__rho0.15__r0|time_agnostic_t|ws0|b800|direction_only,controlled__snap_bitcoin_otc__bursty__contiguous__rho0.15__r0|time_agnostic_t|ws0|b800,time_agnostic_t,direction_only,factorial,875
controlled__snap_bitcoin_otc__bursty__contiguous__rho0.15__r0|time_agnostic_t|ws0|b800|hidden,controlled__snap_bitcoin_otc__bursty__contiguous__rho0.15__r0|time_agnostic_t|ws0|b800,time_agnostic_t,hidden,factorial,828
controlled__snap_bitcoin_otc__bursty__contiguous__rho0.15__r0|time_agnostic_t|ws0|b800|mechanism,controlled__snap_bitcoin_otc__bursty__contiguous__rho0.15__r0|time_agnostic_t|ws0|b800,time_agnostic_t,mechanism,factorial,951
controlled__snap_bitcoin_otc__bursty__contiguous__rho0.15__r0|time_agnostic_t|ws0|b800|mechanism_direction,controlled__snap_bitcoin_otc__bursty__contiguous__rho0.15__r0|time_agnostic_t|ws0|b800,time_agnostic_t,mechanism_direction,factorial,998
controlled__snap_bitcoin_otc__bursty__contiguous__rho0.15__r0|time_agnostic_t|ws0|b800|metadata_only,controlled__snap_bitcoin_otc__bursty__contiguous__rho0.15__r0|time_agnostic_t|ws0|b800,time_agnostic_t,metadata_only,metadata_only,653
controlled__snap_bitcoin_otc__bursty__contiguous__rho0.15__r0|time_agnostic_t|ws0|b800|mismatched,controlled__snap_bitcoin_otc__bursty__contiguous__rho0.15__r0|time_agnostic_t|ws0|b800,time_agnostic_t,mismatched,mismatched,982
controlled__snap_bitcoin_otc__bursty__contiguous__rho0.15__r0|time_respecting|ws0|b800|direction_only,controlled__snap_bitcoin_otc__bursty__contiguous__rho0.15__r0|time_respecting|ws0|b800,time_respecting,direction_only,factorial,887
controlled__snap_bitcoin_otc__bursty__contiguous__rho0.15__r0|time_respecting|ws0|b800|hidden,controlled__snap_bitcoin_otc__bursty__contiguous__rho0.15__r0|time_respecting|ws0|b800,time_respecting,hidden,factorial,840
controlled__snap_bitcoin_otc__bursty__contiguous__rho0.15__r0|time_respecting|ws0|b800|mechanism,controlled__snap_bitcoin_otc__bursty__contiguous__rho0.15__r0|time_respecting|ws0|b800,time_respecting,mechanism,factorial,987
controlled__snap_bitcoin_otc__bursty__contiguous__rho0.15__r0|time_respecting|ws0|b800|mechanism_direction,controlled__snap_bitcoin_otc__bursty__contiguous__rho0.15__r0|time_respecting|ws0|b800,time_respecting,mechanism_direction,factorial,1034
controlled__snap_bitcoin_otc__bursty__contiguous__rho0.55__r0|event_sample_then_full_history|ss0|b9600|direction_only,controlled__snap_bitcoin_otc__bursty__contiguous__rho0.55__r0|event_sample_then_full_history|ss0|b9600,event_sample_then_full_history,direction_only,factorial,886
controlled__snap_bitcoin_otc__bursty__contiguous__rho0.55__r0|event_sample_then_full_history|ss0|b9600|hidden,controlled__snap_bitcoin_otc__bursty__contiguous__rho0.55__r0|event_sample_then_full_history|ss0|b9600,event_sample_then_full_history,hidden,factorial,838
controlled__snap_bitcoin_otc__bursty__contiguous__rho0.55__r0|event_sample_then_full_history|ss0|b9600|mechanism,controlled__snap_bitcoin_otc__bursty__contiguous__rho0.55__r0|event_sample_then_full_history|ss0|b9600,event_sample_then_full_history,mechanism,factorial,992
controlled__snap_bitcoin_otc__bursty__contiguous__rho0.55__r0|event_sample_then_full_history|ss0|b9600|mechanism_direction,controlled__snap_bitcoin_otc__bursty__contiguous__rho0.55__r0|event_sample_then_full_history|ss0|b9600,event_sample_then_full_history,mechanism_direction,factorial,1040
controlled__snap_bitcoin_otc__bursty__contiguous__rho0.55__r0|event_sample_then_full_history|ss0|b9600|mismatched,controlled__snap_bitcoin_otc__bursty__contiguous__rho0.55__r0|event_sample_then_full_history|ss0|b9600,event_sample_then_full_history,mismatched,mismatched,961
controlled__snap_bitcoin_otc__bursty__contiguous__rho0.55__r0|node_panel_full_history|ss0|b2500|direction_only,controlled__snap_bitcoin_otc__bursty__contiguous__rho0.55__r0|node_panel_full_history|ss0|b2500,node_panel_full_history,direction_only,factorial,877
controlled__snap_bitcoin_otc__bursty__contiguous__rho0.55__r0|node_panel_full_history|ss0|b2500|hidden,controlled__snap_bitcoin_otc__bursty__contiguous__rho0.55__r0|node_panel_full_history|ss0|b2500,node_panel_full_history,hidden,factorial,830
controlled__snap_bitcoin_otc__bursty__contiguous__rho0.55__r0|node_panel_full_history|ss0|b2500|mechanism,controlled__snap_bitcoin_otc__bursty__contiguous__rho0.55__r0|node_panel_full_history|ss0|b2500,node_panel_full_history,mechanism,factorial,967
controlled__snap_bitcoin_otc__bursty__contiguous__rho0.55__r0|node_panel_full_history|ss0|b2500|mechanism_direction,controlled__snap_bitcoin_otc__bursty__contiguous__rho0.55__r0|node_panel_full_history|ss0|b2500,node_panel_full_history,mechanism_direction,factorial,1014
controlled__snap_bitcoin_otc__bursty__contiguous__rho0.55__r0|recent_history_k20|ws0|b800|direction_only,controlled__snap_bitcoin_otc__bursty__contiguous__rho0.55__r0|recent_history_k20|ws0|b800,recent_history_k20,direction_only,factorial,907
controlled__snap_bitcoin_otc__bursty__contiguous__rho0.55__r0|recent_history_k20|ws0|b800|hidden,controlled__snap_bitcoin_otc__bursty__contiguous__rho0.55__r0|recent_history_k20|ws0|b800,recent_history_k20,hidden,factorial,860
controlled__snap_bitcoin_otc__bursty__contiguous__rho0.55__r0|recent_history_k20|ws0|b800|mechanism,controlled__snap_bitcoin_otc__bursty__contiguous__rho0.55__r0|recent_history_k20|ws0|b800,recent_history_k20,mechanism,factorial,1020
controlled__snap_bitcoin_otc__bursty__contiguous__rho0.55__r0|recent_history_k20|ws0|b800|mechanism_direction,controlled__snap_bitcoin_otc__bursty__contiguous__rho0.55__r0|recent_history_k20|ws0|b800,recent_history_k20,mechanism_direction,factorial,1067
controlled__snap_bitcoin_otc__bursty__contiguous__rho0.55__r0|time_agnostic_t|ws0|b800|direction_only,controlled__snap_bitcoin_otc__bursty__contiguous__rho0.55__r0|time_agnostic_t|ws0|b800,time_agnostic_t,direction_only,factorial,931
controlled__snap_bitcoin_otc__bursty__contiguous__rho0.55__r0|time_agnostic_t|ws0|b800|hidden,controlled__snap_bitcoin_otc__bursty__contiguous__rho0.55__r0|time_agnostic_t|ws0|b800,time_agnostic_t,hidden,factorial,884
controlled__snap_bitcoin_otc__bursty__contiguous__rho0.55__r0|time_agnostic_t|ws0|b800|mechanism,controlled__snap_bitcoin_otc__bursty__contiguous__rho0.55__r0|time_agnostic_t|ws0|b800,time_agnostic_t,mechanism,factorial,1007
controlled__snap_bitcoin_otc__bursty__contiguous__rho0.55__r0|time_agnostic_t|ws0|b800|mechanism_direction,controlled__snap_bitcoin_otc__bursty__contiguous__rho0.55__r0|time_agnostic_t|ws0|b800,time_agnostic_t,mechanism_direction,factorial,1054
controlled__snap_bitcoin_otc__bursty__contiguous__rho0.55__r0|time_agnostic_t|ws0|b800|metadata_only,controlled__snap_bitcoin_otc__bursty__contiguous__rho0.55__r0|time_agnostic_t|ws0|b800,time_agnostic_t,metadata_only,metadata_only,653
controlled__snap_bitcoin_otc__bursty__contiguous__rho0.55__r0|time_agnostic_t|ws0|b800|mismatched,controlled__snap_bitcoin_otc__bursty__contiguous__rho0.55__r0|time_agnostic_t|ws0|b800,time_agnostic_t,mismatched,mismatched,1038
controlled__snap_bitcoin_otc__bursty__contiguous__rho0.55__r0|time_respecting|ws0|b800|direction_only,controlled__snap_bitcoin_otc__bursty__contiguous__rho0.55__r0|time_respecting|ws0|b800,time_respecting,direction_only,factorial,906
controlled__snap_bitcoin_otc__bursty__contiguous__rho0.55__r0|time_respecting|ws0|b800|hidden,controlled__snap_bitcoin_otc__bursty__contiguous__rho0.55__r0|time_respecting|ws0|b800,time_respecting,hidden,factorial,859
controlled__snap_bitcoin_otc__bursty__contiguous__rho0.55__r0|time_respecting|ws0|b800|mechanism,controlled__snap_bitcoin_otc__bursty__contiguous__rho0.55__r0|time_respecting|ws0|b800,time_respecting,mechanism,factorial,1006
controlled__snap_bitcoin_otc__bursty__contiguous__rho0.55__r0|time_respecting|ws0|b800|mechanism_direction,controlled__snap_bitcoin_otc__bursty__contiguous__rho0.55__r0|time_respecting|ws0|b800,time_respecting,mechanism_direction,factorial,1053
controlled__snap_collegemsg__bursty__contiguous__rho0.15__r0|event_sample_then_full_history|ss0|b9600|direction_only,controlled__snap_collegemsg__bursty__contiguous__rho0.15__r0|event_sample_then_full_history|ss0|b9600,event_sample_then_full_history,direction_only,factorial,2207
controlled__snap_collegemsg__bursty__contiguous__rho0.15__r0|event_sample_then_full_history|ss0|b9600|hidden,controlled__snap_collegemsg__bursty__contiguous__rho0.15__r0|event_sample_then_full_history|ss0|b9600,event_sample_then_full_history,hidden,factorial,2159
controlled__snap_collegemsg__bursty__contiguous__rho0.15__r0|event_sample_then_full_history|ss0|b9600|mechanism,controlled__snap_collegemsg__bursty__contiguous__rho0.15__r0|event_sample_then_full_history|ss0|b9600,event_sample_then_full_history,mechanism,factorial,2313
controlled__snap_collegemsg__bursty__contiguous__rho0.15__r0|event_sample_then_full_history|ss0|b9600|mechanism_direction,controlled__snap_collegemsg__bursty__contiguous__rho0.15__r0|event_sample_then_full_history|ss0|b9600,event_sample_then_full_history,mechanism_direction,factorial,2361
controlled__snap_collegemsg__bursty__contiguous__rho0.15__r0|event_sample_then_full_history|ss0|b9600|mismatched,controlled__snap_collegemsg__bursty__contiguous__rho0.15__r0|event_sample_then_full_history|ss0|b9600,event_sample_then_full_history,mismatched,mismatched,2282
controlled__snap_collegemsg__bursty__contiguous__rho0.15__r0|node_panel_full_history|ss0|b2500|direction_only,controlled__snap_collegemsg__bursty__contiguous__rho0.15__r0|node_panel_full_history|ss0|b2500,node_panel_full_history,direction_only,factorial,1219
controlled__snap_collegemsg__bursty__contiguous__rho0.15__r0|node_panel_full_history|ss0|b2500|hidden,controlled__snap_collegemsg__bursty__contiguous__rho0.15__r0|node_panel_full_history|ss0|b2500,node_panel_full_history,hidden,factorial,1172
controlled__snap_collegemsg__bursty__contiguous__rho0.15__r0|node_panel_full_history|ss0|b2500|mechanism,controlled__snap_collegemsg__bursty__contiguous__rho0.15__r0|node_panel_full_history|ss0|b2500,node_panel_full_history,mechanism,factorial,1309
controlled__snap_collegemsg__bursty__contiguous__rho0.15__r0|node_panel_full_history|ss0|b2500|mechanism_direction,controlled__snap_collegemsg__bursty__contiguous__rho0.15__r0|node_panel_full_history|ss0|b2500,node_panel_full_history,mechanism_direction,factorial,1356
controlled__snap_collegemsg__bursty__contiguous__rho0.15__r0|recent_history_k20|ws0|b800|direction_only,controlled__snap_collegemsg__bursty__contiguous__rho0.15__r0|recent_history_k20|ws0|b800,recent_history_k20,direction_only,factorial,958
controlled__snap_collegemsg__bursty__contiguous__rho0.15__r0|recent_history_k20|ws0|b800|hidden,controlled__snap_collegemsg__bursty__contiguous__rho0.15__r0|recent_history_k20|ws0|b800,recent_history_k20,hidden,factorial,911
controlled__snap_collegemsg__bursty__contiguous__rho0.15__r0|recent_history_k20|ws0|b800|mechanism,controlled__snap_collegemsg__bursty__contiguous__rho0.15__r0|recent_history_k20|ws0|b800,recent_history_k20,mechanism,factorial,1071
controlled__snap_collegemsg__bursty__contiguous__rho0.15__r0|recent_history_k20|ws0|b800|mechanism_direction,controlled__snap_collegemsg__bursty__contiguous__rho0.15__r0|recent_history_k20|ws0|b800,recent_history_k20,mechanism_direction,factorial,1118
controlled__snap_collegemsg__bursty__contiguous__rho0.15__r0|time_agnostic_t|ws0|b800|direction_only,controlled__snap_collegemsg__bursty__contiguous__rho0.15__r0|time_agnostic_t|ws0|b800,time_agnostic_t,direction_only,factorial,913
controlled__snap_collegemsg__bursty__contiguous__rho0.15__r0|time_agnostic_t|ws0|b800|hidden,controlled__snap_collegemsg__bursty__contiguous__rho0.15__r0|time_agnostic_t|ws0|b800,time_agnostic_t,hidden,factorial,866
controlled__snap_collegemsg__bursty__contiguous__rho0.15__r0|time_agnostic_t|ws0|b800|mechanism,controlled__snap_collegemsg__bursty__contiguous__rho0.15__r0|time_agnostic_t|ws0|b800,time_agnostic_t,mechanism,factorial,989
controlled__snap_collegemsg__bursty__contiguous__rho0.15__r0|time_agnostic_t|ws0|b800|mechanism_direction,controlled__snap_collegemsg__bursty__contiguous__rho0.15__r0|time_agnostic_t|ws0|b800,time_agnostic_t,mechanism_direction,factorial,1036
controlled__snap_collegemsg__bursty__contiguous__rho0.15__r0|time_agnostic_t|ws0|b800|metadata_only,controlled__snap_collegemsg__bursty__contiguous__rho0.15__r0|time_agnostic_t|ws0|b800,time_agnostic_t,metadata_only,metadata_only,653
controlled__snap_collegemsg__bursty__contiguous__rho0.15__r0|time_agnostic_t|ws0|b800|mismatched,controlled__snap_collegemsg__bursty__contiguous__rho0.15__r0|time_agnostic_t|ws0|b800,time_agnostic_t,mismatched,mismatched,1020
controlled__snap_collegemsg__bursty__contiguous__rho0.15__r0|time_respecting|ws0|b800|direction_only,controlled__snap_collegemsg__bursty__contiguous__rho0.15__r0|time_respecting|ws0|b800,time_respecting,direction_only,factorial,1004
controlled__snap_collegemsg__bursty__contiguous__rho0.15__r0|time_respecting|ws0|b800|hidden,controlled__snap_collegemsg__bursty__contiguous__rho0.15__r0|time_respecting|ws0|b800,time_respecting,hidden,factorial,957
controlled__snap_collegemsg__bursty__contiguous__rho0.15__r0|time_respecting|ws0|b800|mechanism,controlled__snap_collegemsg__bursty__contiguous__rho0.15__r0|time_respecting|ws0|b800,time_respecting,mechanism,factorial,1104
controlled__snap_collegemsg__bursty__contiguous__rho0.15__r0|time_respecting|ws0|b800|mechanism_direction,controlled__snap_collegemsg__bursty__contiguous__rho0.15__r0|time_respecting|ws0|b800,time_respecting,mechanism_direction,factorial,1151
controlled__snap_collegemsg__bursty__contiguous__rho0.55__r0|event_sample_then_full_history|ss0|b9600|direction_only,controlled__snap_collegemsg__bursty__contiguous__rho0.55__r0|event_sample_then_full_history|ss0|b9600,event_sample_then_full_history,direction_only,factorial,2344
controlled__snap_collegemsg__bursty__contiguous__rho0.55__r0|event_sample_then_full_history|ss0|b9600|hidden,controlled__snap_collegemsg__bursty__contiguous__rho0.55__r0|event_sample_then_full_history|ss0|b9600,event_sample_then_full_history,hidden,factorial,2296
controlled__snap_collegemsg__bursty__contiguous__rho0.55__r0|event_sample_then_full_history|ss0|b9600|mechanism,controlled__snap_collegemsg__bursty__contiguous__rho0.55__r0|event_sample_then_full_history|ss0|b9600,event_sample_then_full_history,mechanism,factorial,2450
controlled__snap_collegemsg__bursty__contiguous__rho0.55__r0|event_sample_then_full_history|ss0|b9600|mechanism_direction,controlled__snap_collegemsg__bursty__contiguous__rho0.55__r0|event_sample_then_full_history|ss0|b9600,event_sample_then_full_history,mechanism_direction,factorial,2498
controlled__snap_collegemsg__bursty__contiguous__rho0.55__r0|event_sample_then_full_history|ss0|b9600|mismatched,controlled__snap_collegemsg__bursty__contiguous__rho0.55__r0|event_sample_then_full_history|ss0|b9600,event_sample_then_full_history,mismatched,mismatched,2419
controlled__snap_collegemsg__bursty__contiguous__rho0.55__r0|node_panel_full_history|ss0|b2500|direction_only,controlled__snap_collegemsg__bursty__contiguous__rho0.55__r0|node_panel_full_history|ss0|b2500,node_panel_full_history,direction_only,factorial,1345
controlled__snap_collegemsg__bursty__contiguous__rho0.55__r0|node_panel_full_history|ss0|b2500|hidden,controlled__snap_collegemsg__bursty__contiguous__rho0.55__r0|node_panel_full_history|ss0|b2500,node_panel_full_history,hidden,factorial,1298
controlled__snap_collegemsg__bursty__contiguous__rho0.55__r0|node_panel_full_history|ss0|b2500|mechanism,controlled__snap_collegemsg__bursty__contiguous__rho0.55__r0|node_panel_full_history|ss0|b2500,node_panel_full_history,mechanism,factorial,1435
controlled__snap_collegemsg__bursty__contiguous__rho0.55__r0|node_panel_full_history|ss0|b2500|mechanism_direction,controlled__snap_collegemsg__bursty__contiguous__rho0.55__r0|node_panel_full_history|ss0|b2500,node_panel_full_history,mechanism_direction,factorial,1482
controlled__snap_collegemsg__bursty__contiguous__rho0.55__r0|recent_history_k20|ws0|b800|direction_only,controlled__snap_collegemsg__bursty__contiguous__rho0.55__r0|recent_history_k20|ws0|b800,recent_history_k20,direction_only,factorial,976
controlled__snap_collegemsg__bursty__contiguous__rho0.55__r0|recent_history_k20|ws0|b800|hidden,controlled__snap_collegemsg__bursty__contiguous__rho0.55__r0|recent_history_k20|ws0|b800,recent_history_k20,hidden,factorial,929
controlled__snap_collegemsg__bursty__contiguous__rho0.55__r0|recent_history_k20|ws0|b800|mechanism,controlled__snap_collegemsg__bursty__contiguous__rho0.55__r0|recent_history_k20|ws0|b800,recent_history_k20,mechanism,factorial,1089
controlled__snap_collegemsg__bursty__contiguous__rho0.55__r0|recent_history_k20|ws0|b800|mechanism_direction,controlled__snap_collegemsg__bursty__contiguous__rho0.55__r0|recent_history_k20|ws0|b800,recent_history_k20,mechanism_direction,factorial,1136
controlled__snap_collegemsg__bursty__contiguous__rho0.55__r0|time_agnostic_t|ws0|b800|direction_only,controlled__snap_collegemsg__bursty__contiguous__rho0.55__r0|time_agnostic_t|ws0|b800,time_agnostic_t,direction_only,factorial,900
controlled__snap_collegemsg__bursty__contiguous__rho0.55__r0|time_agnostic_t|ws0|b800|hidden,controlled__snap_collegemsg__bursty__contiguous__rho0.55__r0|time_agnostic_t|ws0|b800,time_agnostic_t,hidden,factorial,853
controlled__snap_collegemsg__bursty__contiguous__rho0.55__r0|time_agnostic_t|ws0|b800|mechanism,controlled__snap_collegemsg__bursty__contiguous__rho0.55__r0|time_agnostic_t|ws0|b800,time_agnostic_t,mechanism,factorial,976
controlled__snap_collegemsg__bursty__contiguous__rho0.55__r0|time_agnostic_t|ws0|b800|mechanism_direction,controlled__snap_collegemsg__bursty__contiguous__rho0.55__r0|time_agnostic_t|ws0|b800,time_agnostic_t,mechanism_direction,factorial,1023
controlled__snap_collegemsg__bursty__contiguous__rho0.55__r0|time_agnostic_t|ws0|b800|metadata_only,controlled__snap_collegemsg__bursty__contiguous__rho0.55__r0|time_agnostic_t|ws0|b800,time_agnostic_t,metadata_only,metadata_only,653
controlled__snap_collegemsg__bursty__contiguous__rho0.55__r0|time_agnostic_t|ws0|b800|mismatched,controlled__snap_collegemsg__bursty__contiguous__rho0.55__r0|time_agnostic_t|ws0|b800,time_agnostic_t,mismatched,mismatched,1007
controlled__snap_collegemsg__bursty__contiguous__rho0.55__r0|time_respecting|ws0|b800|direction_only,controlled__snap_collegemsg__bursty__contiguous__rho0.55__r0|time_respecting|ws0|b800,time_respecting,direction_only,factorial,1004
controlled__snap_collegemsg__bursty__contiguous__rho0.55__r0|time_respecting|ws0|b800|hidden,controlled__snap_collegemsg__bursty__contiguous__rho0.55__r0|time_respecting|ws0|b800,time_respecting,hidden,factorial,957
controlled__snap_collegemsg__bursty__contiguous__rho0.55__r0|time_respecting|ws0|b800|mechanism,controlled__snap_collegemsg__bursty__contiguous__rho0.55__r0|time_respecting|ws0|b800,time_respecting,mechanism,factorial,1104
controlled__snap_collegemsg__bursty__contiguous__rho0.55__r0|time_respecting|ws0|b800|mechanism_direction,controlled__snap_collegemsg__bursty__contiguous__rho0.55__r0|time_respecting|ws0|b800,time_respecting,mechanism_direction,factorial,1151
controlled__snap_email_eu__bursty__contiguous__rho0.15__r0|event_sample_then_full_history|ss0|b9600|direction_only,controlled__snap_email_eu__bursty__contiguous__rho0.15__r0|event_sample_then_full_history|ss0|b9600,event_sample_then_full_history,direction_only,factorial,978
controlled__snap_email_eu__bursty__contiguous__rho0.15__r0|event_sample_then_full_history|ss0|b9600|hidden,controlled__snap_email_eu__bursty__contiguous__rho0.15__r0|event_sample_then_full_history|ss0|b9600,event_sample_then_full_history,hidden,factorial,930
controlled__snap_email_eu__bursty__contiguous__rho0.15__r0|event_sample_then_full_history|ss0|b9600|mechanism,controlled__snap_email_eu__bursty__contiguous__rho0.15__r0|event_sample_then_full_history|ss0|b9600,event_sample_then_full_history,mechanism,factorial,1084
controlled__snap_email_eu__bursty__contiguous__rho0.15__r0|event_sample_then_full_history|ss0|b9600|mechanism_direction,controlled__snap_email_eu__bursty__contiguous__rho0.15__r0|event_sample_then_full_history|ss0|b9600,event_sample_then_full_history,mechanism_direction,factorial,1132
controlled__snap_email_eu__bursty__contiguous__rho0.15__r0|event_sample_then_full_history|ss0|b9600|mismatched,controlled__snap_email_eu__bursty__contiguous__rho0.15__r0|event_sample_then_full_history|ss0|b9600,event_sample_then_full_history,mismatched,mismatched,1053
controlled__snap_email_eu__bursty__contiguous__rho0.15__r0|node_panel_full_history|ss0|b2500|direction_only,controlled__snap_email_eu__bursty__contiguous__rho0.15__r0|node_panel_full_history|ss0|b2500,node_panel_full_history,direction_only,factorial,1112
controlled__snap_email_eu__bursty__contiguous__rho0.15__r0|node_panel_full_history|ss0|b2500|hidden,controlled__snap_email_eu__bursty__contiguous__rho0.15__r0|node_panel_full_history|ss0|b2500,node_panel_full_history,hidden,factorial,1065
controlled__snap_email_eu__bursty__contiguous__rho0.15__r0|node_panel_full_history|ss0|b2500|mechanism,controlled__snap_email_eu__bursty__contiguous__rho0.15__r0|node_panel_full_history|ss0|b2500,node_panel_full_history,mechanism,factorial,1202
controlled__snap_email_eu__bursty__contiguous__rho0.15__r0|node_panel_full_history|ss0|b2500|mechanism_direction,controlled__snap_email_eu__bursty__contiguous__rho0.15__r0|node_panel_full_history|ss0|b2500,node_panel_full_history,mechanism_direction,factorial,1249
controlled__snap_email_eu__bursty__contiguous__rho0.15__r0|recent_history_k20|ws0|b800|direction_only,controlled__snap_email_eu__bursty__contiguous__rho0.15__r0|recent_history_k20|ws0|b800,recent_history_k20,direction_only,factorial,1136
controlled__snap_email_eu__bursty__contiguous__rho0.15__r0|recent_history_k20|ws0|b800|hidden,controlled__snap_email_eu__bursty__contiguous__rho0.15__r0|recent_history_k20|ws0|b800,recent_history_k20,hidden,factorial,1089
controlled__snap_email_eu__bursty__contiguous__rho0.15__r0|recent_history_k20|ws0|b800|mechanism,controlled__snap_email_eu__bursty__contiguous__rho0.15__r0|recent_history_k20|ws0|b800,recent_history_k20,mechanism,factorial,1249
controlled__snap_email_eu__bursty__contiguous__rho0.15__r0|recent_history_k20|ws0|b800|mechanism_direction,controlled__snap_email_eu__bursty__contiguous__rho0.15__r0|recent_history_k20|ws0|b800,recent_history_k20,mechanism_direction,factorial,1296
controlled__snap_email_eu__bursty__contiguous__rho0.15__r0|time_agnostic_t|ws0|b800|direction_only,controlled__snap_email_eu__bursty__contiguous__rho0.15__r0|time_agnostic_t|ws0|b800,time_agnostic_t,direction_only,factorial,879
controlled__snap_email_eu__bursty__contiguous__rho0.15__r0|time_agnostic_t|ws0|b800|hidden,controlled__snap_email_eu__bursty__contiguous__rho0.15__r0|time_agnostic_t|ws0|b800,time_agnostic_t,hidden,factorial,832
controlled__snap_email_eu__bursty__contiguous__rho0.15__r0|time_agnostic_t|ws0|b800|mechanism,controlled__snap_email_eu__bursty__contiguous__rho0.15__r0|time_agnostic_t|ws0|b800,time_agnostic_t,mechanism,factorial,955
controlled__snap_email_eu__bursty__contiguous__rho0.15__r0|time_agnostic_t|ws0|b800|mechanism_direction,controlled__snap_email_eu__bursty__contiguous__rho0.15__r0|time_agnostic_t|ws0|b800,time_agnostic_t,mechanism_direction,factorial,1002
controlled__snap_email_eu__bursty__contiguous__rho0.15__r0|time_agnostic_t|ws0|b800|metadata_only,controlled__snap_email_eu__bursty__contiguous__rho0.15__r0|time_agnostic_t|ws0|b800,time_agnostic_t,metadata_only,metadata_only,653
controlled__snap_email_eu__bursty__contiguous__rho0.15__r0|time_agnostic_t|ws0|b800|mismatched,controlled__snap_email_eu__bursty__contiguous__rho0.15__r0|time_agnostic_t|ws0|b800,time_agnostic_t,mismatched,mismatched,986
controlled__snap_email_eu__bursty__contiguous__rho0.15__r0|time_respecting|ws0|b800|direction_only,controlled__snap_email_eu__bursty__contiguous__rho0.15__r0|time_respecting|ws0|b800,time_respecting,direction_only,factorial,1015
controlled__snap_email_eu__bursty__contiguous__rho0.15__r0|time_respecting|ws0|b800|hidden,controlled__snap_email_eu__bursty__contiguous__rho0.15__r0|time_respecting|ws0|b800,time_respecting,hidden,factorial,968
controlled__snap_email_eu__bursty__contiguous__rho0.15__r0|time_respecting|ws0|b800|mechanism,controlled__snap_email_eu__bursty__contiguous__rho0.15__r0|time_respecting|ws0|b800,time_respecting,mechanism,factorial,1115
controlled__snap_email_eu__bursty__contiguous__rho0.15__r0|time_respecting|ws0|b800|mechanism_direction,controlled__snap_email_eu__bursty__contiguous__rho0.15__r0|time_respecting|ws0|b800,time_respecting,mechanism_direction,factorial,1162
controlled__snap_email_eu__bursty__contiguous__rho0.55__r0|event_sample_then_full_history|ss0|b9600|direction_only,controlled__snap_email_eu__bursty__contiguous__rho0.55__r0|event_sample_then_full_history|ss0|b9600,event_sample_then_full_history,direction_only,factorial,1165
controlled__snap_email_eu__bursty__contiguous__rho0.55__r0|event_sample_then_full_history|ss0|b9600|hidden,controlled__snap_email_eu__bursty__contiguous__rho0.55__r0|event_sample_then_full_history|ss0|b9600,event_sample_then_full_history,hidden,factorial,1117
controlled__snap_email_eu__bursty__contiguous__rho0.55__r0|event_sample_then_full_history|ss0|b9600|mechanism,controlled__snap_email_eu__bursty__contiguous__rho0.55__r0|event_sample_then_full_history|ss0|b9600,event_sample_then_full_history,mechanism,factorial,1271
controlled__snap_email_eu__bursty__contiguous__rho0.55__r0|event_sample_then_full_history|ss0|b9600|mechanism_direction,controlled__snap_email_eu__bursty__contiguous__rho0.55__r0|event_sample_then_full_history|ss0|b9600,event_sample_then_full_history,mechanism_direction,factorial,1319
controlled__snap_email_eu__bursty__contiguous__rho0.55__r0|event_sample_then_full_history|ss0|b9600|mismatched,controlled__snap_email_eu__bursty__contiguous__rho0.55__r0|event_sample_then_full_history|ss0|b9600,event_sample_then_full_history,mismatched,mismatched,1240
controlled__snap_email_eu__bursty__contiguous__rho0.55__r0|node_panel_full_history|ss2|b2500|direction_only,controlled__snap_email_eu__bursty__contiguous__rho0.55__r0|node_panel_full_history|ss2|b2500,node_panel_full_history,direction_only,factorial,962
controlled__snap_email_eu__bursty__contiguous__rho0.55__r0|node_panel_full_history|ss2|b2500|hidden,controlled__snap_email_eu__bursty__contiguous__rho0.55__r0|node_panel_full_history|ss2|b2500,node_panel_full_history,hidden,factorial,915
controlled__snap_email_eu__bursty__contiguous__rho0.55__r0|node_panel_full_history|ss2|b2500|mechanism,controlled__snap_email_eu__bursty__contiguous__rho0.55__r0|node_panel_full_history|ss2|b2500,node_panel_full_history,mechanism,factorial,1052
controlled__snap_email_eu__bursty__contiguous__rho0.55__r0|node_panel_full_history|ss2|b2500|mechanism_direction,controlled__snap_email_eu__bursty__contiguous__rho0.55__r0|node_panel_full_history|ss2|b2500,node_panel_full_history,mechanism_direction,factorial,1099
controlled__snap_email_eu__bursty__contiguous__rho0.55__r0|recent_history_k20|ws0|b800|direction_only,controlled__snap_email_eu__bursty__contiguous__rho0.55__r0|recent_history_k20|ws0|b800,recent_history_k20,direction_only,factorial,1148
controlled__snap_email_eu__bursty__contiguous__rho0.55__r0|recent_history_k20|ws0|b800|hidden,controlled__snap_email_eu__bursty__contiguous__rho0.55__r0|recent_history_k20|ws0|b800,recent_history_k20,hidden,factorial,1101
controlled__snap_email_eu__bursty__contiguous__rho0.55__r0|recent_history_k20|ws0|b800|mechanism,controlled__snap_email_eu__bursty__contiguous__rho0.55__r0|recent_history_k20|ws0|b800,recent_history_k20,mechanism,factorial,1261
controlled__snap_email_eu__bursty__contiguous__rho0.55__r0|recent_history_k20|ws0|b800|mechanism_direction,controlled__snap_email_eu__bursty__contiguous__rho0.55__r0|recent_history_k20|ws0|b800,recent_history_k20,mechanism_direction,factorial,1308
controlled__snap_email_eu__bursty__contiguous__rho0.55__r0|time_agnostic_t|ws0|b800|direction_only,controlled__snap_email_eu__bursty__contiguous__rho0.55__r0|time_agnostic_t|ws0|b800,time_agnostic_t,direction_only,factorial,900
controlled__snap_email_eu__bursty__contiguous__rho0.55__r0|time_agnostic_t|ws0|b800|hidden,controlled__snap_email_eu__bursty__contiguous__rho0.55__r0|time_agnostic_t|ws0|b800,time_agnostic_t,hidden,factorial,853
controlled__snap_email_eu__bursty__contiguous__rho0.55__r0|time_agnostic_t|ws0|b800|mechanism,controlled__snap_email_eu__bursty__contiguous__rho0.55__r0|time_agnostic_t|ws0|b800,time_agnostic_t,mechanism,factorial,976
controlled__snap_email_eu__bursty__contiguous__rho0.55__r0|time_agnostic_t|ws0|b800|mechanism_direction,controlled__snap_email_eu__bursty__contiguous__rho0.55__r0|time_agnostic_t|ws0|b800,time_agnostic_t,mechanism_direction,factorial,1023
controlled__snap_email_eu__bursty__contiguous__rho0.55__r0|time_agnostic_t|ws0|b800|metadata_only,controlled__snap_email_eu__bursty__contiguous__rho0.55__r0|time_agnostic_t|ws0|b800,time_agnostic_t,metadata_only,metadata_only,653
controlled__snap_email_eu__bursty__contiguous__rho0.55__r0|time_agnostic_t|ws0|b800|mismatched,controlled__snap_email_eu__bursty__contiguous__rho0.55__r0|time_agnostic_t|ws0|b800,time_agnostic_t,mismatched,mismatched,1007
controlled__snap_email_eu__bursty__contiguous__rho0.55__r0|time_respecting|ws0|b800|direction_only,controlled__snap_email_eu__bursty__contiguous__rho0.55__r0|time_respecting|ws0|b800,time_respecting,direction_only,factorial,1031
controlled__snap_email_eu__bursty__contiguous__rho0.55__r0|time_respecting|ws0|b800|hidden,controlled__snap_email_eu__bursty__contiguous__rho0.55__r0|time_respecting|ws0|b800,time_respecting,hidden,factorial,984
controlled__snap_email_eu__bursty__contiguous__rho0.55__r0|time_respecting|ws0|b800|mechanism,controlled__snap_email_eu__bursty__contiguous__rho0.55__r0|time_respecting|ws0|b800,time_respecting,mechanism,factorial,1131
controlled__snap_email_eu__bursty__contiguous__rho0.55__r0|time_respecting|ws0|b800|mechanism_direction,controlled__snap_email_eu__bursty__contiguous__rho0.55__r0|time_respecting|ws0|b800,time_respecting,mechanism_direction,factorial,1178
controlled__snap_mathoverflow__bursty__contiguous__rho0.15__r0|event_sample_then_full_history|ss0|b9600|direction_only,controlled__snap_mathoverflow__bursty__contiguous__rho0.15__r0|event_sample_then_full_history|ss0|b9600,event_sample_then_full_history,direction_only,factorial,2355
controlled__snap_mathoverflow__bursty__contiguous__rho0.15__r0|event_sample_then_full_history|ss0|b9600|hidden,controlled__snap_mathoverflow__bursty__contiguous__rho0.15__r0|event_sample_then_full_history|ss0|b9600,event_sample_then_full_history,hidden,factorial,2307
controlled__snap_mathoverflow__bursty__contiguous__rho0.15__r0|event_sample_then_full_history|ss0|b9600|mechanism,controlled__snap_mathoverflow__bursty__contiguous__rho0.15__r0|event_sample_then_full_history|ss0|b9600,event_sample_then_full_history,mechanism,factorial,2461
controlled__snap_mathoverflow__bursty__contiguous__rho0.15__r0|event_sample_then_full_history|ss0|b9600|mechanism_direction,controlled__snap_mathoverflow__bursty__contiguous__rho0.15__r0|event_sample_then_full_history|ss0|b9600,event_sample_then_full_history,mechanism_direction,factorial,2509
controlled__snap_mathoverflow__bursty__contiguous__rho0.15__r0|event_sample_then_full_history|ss0|b9600|mismatched,controlled__snap_mathoverflow__bursty__contiguous__rho0.15__r0|event_sample_then_full_history|ss0|b9600,event_sample_then_full_history,mismatched,mismatched,2430
controlled__snap_mathoverflow__bursty__contiguous__rho0.15__r0|event_sample_then_full_history|ss1|b9600|slot1|hidden,controlled__snap_mathoverflow__bursty__contiguous__rho0.15__r0|event_sample_then_full_history|ss1|b9600,event_sample_then_full_history,hidden,seed_replication,2399
controlled__snap_mathoverflow__bursty__contiguous__rho0.15__r0|event_sample_then_full_history|ss1|b9600|slot1|mechanism,controlled__snap_mathoverflow__bursty__contiguous__rho0.15__r0|event_sample_then_full_history|ss1|b9600,event_sample_then_full_history,mechanism,seed_replication,2553
controlled__snap_mathoverflow__bursty__contiguous__rho0.15__r0|event_sample_then_full_history|ss2|b9600|slot2|hidden,controlled__snap_mathoverflow__bursty__contiguous__rho0.15__r0|event_sample_then_full_history|ss2|b9600,event_sample_then_full_history,hidden,seed_replication,2390
controlled__snap_mathoverflow__bursty__contiguous__rho0.15__r0|event_sample_then_full_history|ss2|b9600|slot2|mechanism,controlled__snap_mathoverflow__bursty__contiguous__rho0.15__r0|event_sample_then_full_history|ss2|b9600,event_sample_then_full_history,mechanism,seed_replication,2544
controlled__snap_mathoverflow__bursty__contiguous__rho0.15__r0|event_sample_then_full_history|ss3|b9600|slot3|hidden,controlled__snap_mathoverflow__bursty__contiguous__rho0.15__r0|event_sample_then_full_history|ss3|b9600,event_sample_then_full_history,hidden,seed_replication,2455
controlled__snap_mathoverflow__bursty__contiguous__rho0.15__r0|event_sample_then_full_history|ss3|b9600|slot3|mechanism,controlled__snap_mathoverflow__bursty__contiguous__rho0.15__r0|event_sample_then_full_history|ss3|b9600,event_sample_then_full_history,mechanism,seed_replication,2609
controlled__snap_mathoverflow__bursty__contiguous__rho0.15__r0|node_panel_full_history|ss0|b2500|direction_only,controlled__snap_mathoverflow__bursty__contiguous__rho0.15__r0|node_panel_full_history|ss0|b2500,node_panel_full_history,direction_only,factorial,1383
controlled__snap_mathoverflow__bursty__contiguous__rho0.15__r0|node_panel_full_history|ss0|b2500|hidden,controlled__snap_mathoverflow__bursty__contiguous__rho0.15__r0|node_panel_full_history|ss0|b2500,node_panel_full_history,hidden,factorial,1336
controlled__snap_mathoverflow__bursty__contiguous__rho0.15__r0|node_panel_full_history|ss0|b2500|mechanism,controlled__snap_mathoverflow__bursty__contiguous__rho0.15__r0|node_panel_full_history|ss0|b2500,node_panel_full_history,mechanism,factorial,1473
controlled__snap_mathoverflow__bursty__contiguous__rho0.15__r0|node_panel_full_history|ss0|b2500|mechanism_direction,controlled__snap_mathoverflow__bursty__contiguous__rho0.15__r0|node_panel_full_history|ss0|b2500,node_panel_full_history,mechanism_direction,factorial,1520
controlled__snap_mathoverflow__bursty__contiguous__rho0.15__r0|node_panel_full_history|ss1|b2500|slot1|hidden,controlled__snap_mathoverflow__bursty__contiguous__rho0.15__r0|node_panel_full_history|ss1|b2500,node_panel_full_history,hidden,seed_replication,1248
controlled__snap_mathoverflow__bursty__contiguous__rho0.15__r0|node_panel_full_history|ss1|b2500|slot1|mechanism,controlled__snap_mathoverflow__bursty__contiguous__rho0.15__r0|node_panel_full_history|ss1|b2500,node_panel_full_history,mechanism,seed_replication,1385
controlled__snap_mathoverflow__bursty__contiguous__rho0.15__r0|node_panel_full_history|ss2|b2500|slot2|hidden,controlled__snap_mathoverflow__bursty__contiguous__rho0.15__r0|node_panel_full_history|ss2|b2500,node_panel_full_history,hidden,seed_replication,1482
controlled__snap_mathoverflow__bursty__contiguous__rho0.15__r0|node_panel_full_history|ss2|b2500|slot2|mechanism,controlled__snap_mathoverflow__bursty__contiguous__rho0.15__r0|node_panel_full_history|ss2|b2500,node_panel_full_history,mechanism,seed_replication,1619
controlled__snap_mathoverflow__bursty__contiguous__rho0.15__r0|node_panel_full_history|ss3|b2500|slot3|hidden,controlled__snap_mathoverflow__bursty__contiguous__rho0.15__r0|node_panel_full_history|ss3|b2500,node_panel_full_history,hidden,seed_replication,1252
controlled__snap_mathoverflow__bursty__contiguous__rho0.15__r0|node_panel_full_history|ss3|b2500|slot3|mechanism,controlled__snap_mathoverflow__bursty__contiguous__rho0.15__r0|node_panel_full_history|ss3|b2500,node_panel_full_history,mechanism,seed_replication,1389
controlled__snap_mathoverflow__bursty__contiguous__rho0.15__r0|recent_history_k20|ws0|b800|direction_only,controlled__snap_mathoverflow__bursty__contiguous__rho0.15__r0|recent_history_k20|ws0|b800,recent_history_k20,direction_only,factorial,913
controlled__snap_mathoverflow__bursty__contiguous__rho0.15__r0|recent_history_k20|ws0|b800|hidden,controlled__snap_mathoverflow__bursty__contiguous__rho0.15__r0|recent_history_k20|ws0|b800,recent_history_k20,hidden,factorial,866
controlled__snap_mathoverflow__bursty__contiguous__rho0.15__r0|recent_history_k20|ws0|b800|mechanism,controlled__snap_mathoverflow__bursty__contiguous__rho0.15__r0|recent_history_k20|ws0|b800,recent_history_k20,mechanism,factorial,1026
controlled__snap_mathoverflow__bursty__contiguous__rho0.15__r0|recent_history_k20|ws0|b800|mechanism_direction,controlled__snap_mathoverflow__bursty__contiguous__rho0.15__r0|recent_history_k20|ws0|b800,recent_history_k20,mechanism_direction,factorial,1073
controlled__snap_mathoverflow__bursty__contiguous__rho0.15__r0|recent_history_k20|ws1|b800|slot1|hidden,controlled__snap_mathoverflow__bursty__contiguous__rho0.15__r0|recent_history_k20|ws1|b800,recent_history_k20,hidden,seed_replication,888
controlled__snap_mathoverflow__bursty__contiguous__rho0.15__r0|recent_history_k20|ws1|b800|slot1|mechanism,controlled__snap_mathoverflow__bursty__contiguous__rho0.15__r0|recent_history_k20|ws1|b800,recent_history_k20,mechanism,seed_replication,1048
controlled__snap_mathoverflow__bursty__contiguous__rho0.15__r0|recent_history_k20|ws2|b800|slot2|hidden,controlled__snap_mathoverflow__bursty__contiguous__rho0.15__r0|recent_history_k20|ws2|b800,recent_history_k20,hidden,seed_replication,882
controlled__snap_mathoverflow__bursty__contiguous__rho0.15__r0|recent_history_k20|ws2|b800|slot2|mechanism,controlled__snap_mathoverflow__bursty__contiguous__rho0.15__r0|recent_history_k20|ws2|b800,recent_history_k20,mechanism,seed_replication,1042
controlled__snap_mathoverflow__bursty__contiguous__rho0.15__r0|recent_history_k20|ws3|b800|slot3|hidden,controlled__snap_mathoverflow__bursty__contiguous__rho0.15__r0|recent_history_k20|ws3|b800,recent_history_k20,hidden,seed_replication,868
controlled__snap_mathoverflow__bursty__contiguous__rho0.15__r0|recent_history_k20|ws3|b800|slot3|mechanism,controlled__snap_mathoverflow__bursty__contiguous__rho0.15__r0|recent_history_k20|ws3|b800,recent_history_k20,mechanism,seed_replication,1028
controlled__snap_mathoverflow__bursty__contiguous__rho0.15__r0|time_agnostic_t|ws0|b800|direction_only,controlled__snap_mathoverflow__bursty__contiguous__rho0.15__r0|time_agnostic_t|ws0|b800,time_agnostic_t,direction_only,factorial,911
controlled__snap_mathoverflow__bursty__contiguous__rho0.15__r0|time_agnostic_t|ws0|b800|hidden,controlled__snap_mathoverflow__bursty__contiguous__rho0.15__r0|time_agnostic_t|ws0|b800,time_agnostic_t,hidden,factorial,864
controlled__snap_mathoverflow__bursty__contiguous__rho0.15__r0|time_agnostic_t|ws0|b800|mechanism,controlled__snap_mathoverflow__bursty__contiguous__rho0.15__r0|time_agnostic_t|ws0|b800,time_agnostic_t,mechanism,factorial,987
controlled__snap_mathoverflow__bursty__contiguous__rho0.15__r0|time_agnostic_t|ws0|b800|mechanism_direction,controlled__snap_mathoverflow__bursty__contiguous__rho0.15__r0|time_agnostic_t|ws0|b800,time_agnostic_t,mechanism_direction,factorial,1034
controlled__snap_mathoverflow__bursty__contiguous__rho0.15__r0|time_agnostic_t|ws0|b800|metadata_only,controlled__snap_mathoverflow__bursty__contiguous__rho0.15__r0|time_agnostic_t|ws0|b800,time_agnostic_t,metadata_only,metadata_only,655
controlled__snap_mathoverflow__bursty__contiguous__rho0.15__r0|time_agnostic_t|ws0|b800|mismatched,controlled__snap_mathoverflow__bursty__contiguous__rho0.15__r0|time_agnostic_t|ws0|b800,time_agnostic_t,mismatched,mismatched,1018
controlled__snap_mathoverflow__bursty__contiguous__rho0.15__r0|time_agnostic_t|ws1|b800|slot1|hidden,controlled__snap_mathoverflow__bursty__contiguous__rho0.15__r0|time_agnostic_t|ws1|b800,time_agnostic_t,hidden,seed_replication,843
controlled__snap_mathoverflow__bursty__contiguous__rho0.15__r0|time_agnostic_t|ws1|b800|slot1|mechanism,controlled__snap_mathoverflow__bursty__contiguous__rho0.15__r0|time_agnostic_t|ws1|b800,time_agnostic_t,mechanism,seed_replication,966
controlled__snap_mathoverflow__bursty__contiguous__rho0.15__r0|time_agnostic_t|ws2|b800|slot2|hidden,controlled__snap_mathoverflow__bursty__contiguous__rho0.15__r0|time_agnostic_t|ws2|b800,time_agnostic_t,hidden,seed_replication,857
controlled__snap_mathoverflow__bursty__contiguous__rho0.15__r0|time_agnostic_t|ws2|b800|slot2|mechanism,controlled__snap_mathoverflow__bursty__contiguous__rho0.15__r0|time_agnostic_t|ws2|b800,time_agnostic_t,mechanism,seed_replication,980
controlled__snap_mathoverflow__bursty__contiguous__rho0.15__r0|time_agnostic_t|ws3|b800|slot3|hidden,controlled__snap_mathoverflow__bursty__contiguous__rho0.15__r0|time_agnostic_t|ws3|b800,time_agnostic_t,hidden,seed_replication,843
controlled__snap_mathoverflow__bursty__contiguous__rho0.15__r0|time_agnostic_t|ws3|b800|slot3|mechanism,controlled__snap_mathoverflow__bursty__contiguous__rho0.15__r0|time_agnostic_t|ws3|b800,time_agnostic_t,mechanism,seed_replication,966
controlled__snap_mathoverflow__bursty__contiguous__rho0.15__r0|time_respecting|ws0|b800|direction_only,controlled__snap_mathoverflow__bursty__contiguous__rho0.15__r0|time_respecting|ws0|b800,time_respecting,direction_only,factorial,855
controlled__snap_mathoverflow__bursty__contiguous__rho0.15__r0|time_respecting|ws0|b800|hidden,controlled__snap_mathoverflow__bursty__contiguous__rho0.15__r0|time_respecting|ws0|b800,time_respecting,hidden,factorial,808
controlled__snap_mathoverflow__bursty__contiguous__rho0.15__r0|time_respecting|ws0|b800|mechanism,controlled__snap_mathoverflow__bursty__contiguous__rho0.15__r0|time_respecting|ws0|b800,time_respecting,mechanism,factorial,955
controlled__snap_mathoverflow__bursty__contiguous__rho0.15__r0|time_respecting|ws0|b800|mechanism_direction,controlled__snap_mathoverflow__bursty__contiguous__rho0.15__r0|time_respecting|ws0|b800,time_respecting,mechanism_direction,factorial,1002
controlled__snap_mathoverflow__bursty__contiguous__rho0.15__r0|time_respecting|ws1|b800|slot1|hidden,controlled__snap_mathoverflow__bursty__contiguous__rho0.15__r0|time_respecting|ws1|b800,time_respecting,hidden,seed_replication,816
controlled__snap_mathoverflow__bursty__contiguous__rho0.15__r0|time_respecting|ws1|b800|slot1|mechanism,controlled__snap_mathoverflow__bursty__contiguous__rho0.15__r0|time_respecting|ws1|b800,time_respecting,mechanism,seed_replication,963
controlled__snap_mathoverflow__bursty__contiguous__rho0.15__r0|time_respecting|ws2|b800|slot2|hidden,controlled__snap_mathoverflow__bursty__contiguous__rho0.15__r0|time_respecting|ws2|b800,time_respecting,hidden,seed_replication,822
controlled__snap_mathoverflow__bursty__contiguous__rho0.15__r0|time_respecting|ws2|b800|slot2|mechanism,controlled__snap_mathoverflow__bursty__contiguous__rho0.15__r0|time_respecting|ws2|b800,time_respecting,mechanism,seed_replication,969
controlled__snap_mathoverflow__bursty__contiguous__rho0.15__r0|time_respecting|ws3|b800|slot3|hidden,controlled__snap_mathoverflow__bursty__contiguous__rho0.15__r0|time_respecting|ws3|b800,time_respecting,hidden,seed_replication,829
controlled__snap_mathoverflow__bursty__contiguous__rho0.15__r0|time_respecting|ws3|b800|slot3|mechanism,controlled__snap_mathoverflow__bursty__contiguous__rho0.15__r0|time_respecting|ws3|b800,time_respecting,mechanism,seed_replication,976
controlled__snap_mathoverflow__bursty__contiguous__rho0.55__r0|event_sample_then_full_history|ss0|b9600|direction_only,controlled__snap_mathoverflow__bursty__contiguous__rho0.55__r0|event_sample_then_full_history|ss0|b9600,event_sample_then_full_history,direction_only,factorial,2675
controlled__snap_mathoverflow__bursty__contiguous__rho0.55__r0|event_sample_then_full_history|ss0|b9600|hidden,controlled__snap_mathoverflow__bursty__contiguous__rho0.55__r0|event_sample_then_full_history|ss0|b9600,event_sample_then_full_history,hidden,factorial,2627
controlled__snap_mathoverflow__bursty__contiguous__rho0.55__r0|event_sample_then_full_history|ss0|b9600|mechanism,controlled__snap_mathoverflow__bursty__contiguous__rho0.55__r0|event_sample_then_full_history|ss0|b9600,event_sample_then_full_history,mechanism,factorial,2781
controlled__snap_mathoverflow__bursty__contiguous__rho0.55__r0|event_sample_then_full_history|ss0|b9600|mechanism_direction,controlled__snap_mathoverflow__bursty__contiguous__rho0.55__r0|event_sample_then_full_history|ss0|b9600,event_sample_then_full_history,mechanism_direction,factorial,2829
controlled__snap_mathoverflow__bursty__contiguous__rho0.55__r0|event_sample_then_full_history|ss0|b9600|mismatched,controlled__snap_mathoverflow__bursty__contiguous__rho0.55__r0|event_sample_then_full_history|ss0|b9600,event_sample_then_full_history,mismatched,mismatched,2750
controlled__snap_mathoverflow__bursty__contiguous__rho0.55__r0|node_panel_full_history|ss0|b2500|direction_only,controlled__snap_mathoverflow__bursty__contiguous__rho0.55__r0|node_panel_full_history|ss0|b2500,node_panel_full_history,direction_only,factorial,1450
controlled__snap_mathoverflow__bursty__contiguous__rho0.55__r0|node_panel_full_history|ss0|b2500|hidden,controlled__snap_mathoverflow__bursty__contiguous__rho0.55__r0|node_panel_full_history|ss0|b2500,node_panel_full_history,hidden,factorial,1403
controlled__snap_mathoverflow__bursty__contiguous__rho0.55__r0|node_panel_full_history|ss0|b2500|mechanism,controlled__snap_mathoverflow__bursty__contiguous__rho0.55__r0|node_panel_full_history|ss0|b2500,node_panel_full_history,mechanism,factorial,1540
controlled__snap_mathoverflow__bursty__contiguous__rho0.55__r0|node_panel_full_history|ss0|b2500|mechanism_direction,controlled__snap_mathoverflow__bursty__contiguous__rho0.55__r0|node_panel_full_history|ss0|b2500,node_panel_full_history,mechanism_direction,factorial,1587
controlled__snap_mathoverflow__bursty__contiguous__rho0.55__r0|recent_history_k20|ws0|b800|direction_only,controlled__snap_mathoverflow__bursty__contiguous__rho0.55__r0|recent_history_k20|ws0|b800,recent_history_k20,direction_only,factorial,919
controlled__snap_mathoverflow__bursty__contiguous__rho0.55__r0|recent_history_k20|ws0|b800|hidden,controlled__snap_mathoverflow__bursty__contiguous__rho0.55__r0|recent_history_k20|ws0|b800,recent_history_k20,hidden,factorial,872
controlled__snap_mathoverflow__bursty__contiguous__rho0.55__r0|recent_history_k20|ws0|b800|mechanism,controlled__snap_mathoverflow__bursty__contiguous__rho0.55__r0|recent_history_k20|ws0|b800,recent_history_k20,mechanism,factorial,1032
controlled__snap_mathoverflow__bursty__contiguous__rho0.55__r0|recent_history_k20|ws0|b800|mechanism_direction,controlled__snap_mathoverflow__bursty__contiguous__rho0.55__r0|recent_history_k20|ws0|b800,recent_history_k20,mechanism_direction,factorial,1079
controlled__snap_mathoverflow__bursty__contiguous__rho0.55__r0|time_agnostic_t|ws0|b800|direction_only,controlled__snap_mathoverflow__bursty__contiguous__rho0.55__r0|time_agnostic_t|ws0|b800,time_agnostic_t,direction_only,factorial,901
controlled__snap_mathoverflow__bursty__contiguous__rho0.55__r0|time_agnostic_t|ws0|b800|hidden,controlled__snap_mathoverflow__bursty__contiguous__rho0.55__r0|time_agnostic_t|ws0|b800,time_agnostic_t,hidden,factorial,854
controlled__snap_mathoverflow__bursty__contiguous__rho0.55__r0|time_agnostic_t|ws0|b800|mechanism,controlled__snap_mathoverflow__bursty__contiguous__rho0.55__r0|time_agnostic_t|ws0|b800,time_agnostic_t,mechanism,factorial,977
controlled__snap_mathoverflow__bursty__contiguous__rho0.55__r0|time_agnostic_t|ws0|b800|mechanism_direction,controlled__snap_mathoverflow__bursty__contiguous__rho0.55__r0|time_agnostic_t|ws0|b800,time_agnostic_t,mechanism_direction,factorial,1024
controlled__snap_mathoverflow__bursty__contiguous__rho0.55__r0|time_agnostic_t|ws0|b800|metadata_only,controlled__snap_mathoverflow__bursty__contiguous__rho0.55__r0|time_agnostic_t|ws0|b800,time_agnostic_t,metadata_only,metadata_only,655
controlled__snap_mathoverflow__bursty__contiguous__rho0.55__r0|time_agnostic_t|ws0|b800|mismatched,controlled__snap_mathoverflow__bursty__contiguous__rho0.55__r0|time_agnostic_t|ws0|b800,time_agnostic_t,mismatched,mismatched,1008
controlled__snap_mathoverflow__bursty__contiguous__rho0.55__r0|time_respecting|ws0|b800|direction_only,controlled__snap_mathoverflow__bursty__contiguous__rho0.55__r0|time_respecting|ws0|b800,time_respecting,direction_only,factorial,883
controlled__snap_mathoverflow__bursty__contiguous__rho0.55__r0|time_respecting|ws0|b800|hidden,controlled__snap_mathoverflow__bursty__contiguous__rho0.55__r0|time_respecting|ws0|b800,time_respecting,hidden,factorial,836
controlled__snap_mathoverflow__bursty__contiguous__rho0.55__r0|time_respecting|ws0|b800|mechanism,controlled__snap_mathoverflow__bursty__contiguous__rho0.55__r0|time_respecting|ws0|b800,time_respecting,mechanism,factorial,983
controlled__snap_mathoverflow__bursty__contiguous__rho0.55__r0|time_respecting|ws0|b800|mechanism_direction,controlled__snap_mathoverflow__bursty__contiguous__rho0.55__r0|time_respecting|ws0|b800,time_respecting,mechanism_direction,factorial,1030
controlled__sp_highschool2013__bursty__contiguous__rho0.15__r0|event_sample_then_full_history|ss0|b9600|direction_only,controlled__sp_highschool2013__bursty__contiguous__rho0.15__r0|event_sample_then_full_history|ss0|b9600,event_sample_then_full_history,direction_only,factorial,973
controlled__sp_highschool2013__bursty__contiguous__rho0.15__r0|event_sample_then_full_history|ss0|b9600|hidden,controlled__sp_highschool2013__bursty__contiguous__rho0.15__r0|event_sample_then_full_history|ss0|b9600,event_sample_then_full_history,hidden,factorial,925
controlled__sp_highschool2013__bursty__contiguous__rho0.15__r0|event_sample_then_full_history|ss0|b9600|mechanism,controlled__sp_highschool2013__bursty__contiguous__rho0.15__r0|event_sample_then_full_history|ss0|b9600,event_sample_then_full_history,mechanism,factorial,1079
controlled__sp_highschool2013__bursty__contiguous__rho0.15__r0|event_sample_then_full_history|ss0|b9600|mechanism_direction,controlled__sp_highschool2013__bursty__contiguous__rho0.15__r0|event_sample_then_full_history|ss0|b9600,event_sample_then_full_history,mechanism_direction,factorial,1127
controlled__sp_highschool2013__bursty__contiguous__rho0.15__r0|event_sample_then_full_history|ss0|b9600|mismatched,controlled__sp_highschool2013__bursty__contiguous__rho0.15__r0|event_sample_then_full_history|ss0|b9600,event_sample_then_full_history,mismatched,mismatched,1048
controlled__sp_highschool2013__bursty__contiguous__rho0.15__r0|node_panel_full_history|ss0|b2500|direction_only,controlled__sp_highschool2013__bursty__contiguous__rho0.15__r0|node_panel_full_history|ss0|b2500,node_panel_full_history,direction_only,factorial,949
controlled__sp_highschool2013__bursty__contiguous__rho0.15__r0|node_panel_full_history|ss0|b2500|hidden,controlled__sp_highschool2013__bursty__contiguous__rho0.15__r0|node_panel_full_history|ss0|b2500,node_panel_full_history,hidden,factorial,902
controlled__sp_highschool2013__bursty__contiguous__rho0.15__r0|node_panel_full_history|ss0|b2500|mechanism,controlled__sp_highschool2013__bursty__contiguous__rho0.15__r0|node_panel_full_history|ss0|b2500,node_panel_full_history,mechanism,factorial,1039
controlled__sp_highschool2013__bursty__contiguous__rho0.15__r0|node_panel_full_history|ss0|b2500|mechanism_direction,controlled__sp_highschool2013__bursty__contiguous__rho0.15__r0|node_panel_full_history|ss0|b2500,node_panel_full_history,mechanism_direction,factorial,1086
controlled__sp_highschool2013__bursty__contiguous__rho0.15__r0|recent_history_k20|ws0|b800|direction_only,controlled__sp_highschool2013__bursty__contiguous__rho0.15__r0|recent_history_k20|ws0|b800,recent_history_k20,direction_only,factorial,1160
controlled__sp_highschool2013__bursty__contiguous__rho0.15__r0|recent_history_k20|ws0|b800|hidden,controlled__sp_highschool2013__bursty__contiguous__rho0.15__r0|recent_history_k20|ws0|b800,recent_history_k20,hidden,factorial,1113
controlled__sp_highschool2013__bursty__contiguous__rho0.15__r0|recent_history_k20|ws0|b800|mechanism,controlled__sp_highschool2013__bursty__contiguous__rho0.15__r0|recent_history_k20|ws0|b800,recent_history_k20,mechanism,factorial,1273
controlled__sp_highschool2013__bursty__contiguous__rho0.15__r0|recent_history_k20|ws0|b800|mechanism_direction,controlled__sp_highschool2013__bursty__contiguous__rho0.15__r0|recent_history_k20|ws0|b800,recent_history_k20,mechanism_direction,factorial,1320
controlled__sp_highschool2013__bursty__contiguous__rho0.15__r0|time_agnostic_t|ws0|b800|direction_only,controlled__sp_highschool2013__bursty__contiguous__rho0.15__r0|time_agnostic_t|ws0|b800,time_agnostic_t,direction_only,factorial,913
controlled__sp_highschool2013__bursty__contiguous__rho0.15__r0|time_agnostic_t|ws0|b800|hidden,controlled__sp_highschool2013__bursty__contiguous__rho0.15__r0|time_agnostic_t|ws0|b800,time_agnostic_t,hidden,factorial,866
controlled__sp_highschool2013__bursty__contiguous__rho0.15__r0|time_agnostic_t|ws0|b800|mechanism,controlled__sp_highschool2013__bursty__contiguous__rho0.15__r0|time_agnostic_t|ws0|b800,time_agnostic_t,mechanism,factorial,989
controlled__sp_highschool2013__bursty__contiguous__rho0.15__r0|time_agnostic_t|ws0|b800|mechanism_direction,controlled__sp_highschool2013__bursty__contiguous__rho0.15__r0|time_agnostic_t|ws0|b800,time_agnostic_t,mechanism_direction,factorial,1036
controlled__sp_highschool2013__bursty__contiguous__rho0.15__r0|time_agnostic_t|ws0|b800|metadata_only,controlled__sp_highschool2013__bursty__contiguous__rho0.15__r0|time_agnostic_t|ws0|b800,time_agnostic_t,metadata_only,metadata_only,653
controlled__sp_highschool2013__bursty__contiguous__rho0.15__r0|time_agnostic_t|ws0|b800|mismatched,controlled__sp_highschool2013__bursty__contiguous__rho0.15__r0|time_agnostic_t|ws0|b800,time_agnostic_t,mismatched,mismatched,1020
controlled__sp_highschool2013__bursty__contiguous__rho0.15__r0|time_respecting|ws0|b800|direction_only,controlled__sp_highschool2013__bursty__contiguous__rho0.15__r0|time_respecting|ws0|b800,time_respecting,direction_only,factorial,992
controlled__sp_highschool2013__bursty__contiguous__rho0.15__r0|time_respecting|ws0|b800|hidden,controlled__sp_highschool2013__bursty__contiguous__rho0.15__r0|time_respecting|ws0|b800,time_respecting,hidden,factorial,945
controlled__sp_highschool2013__bursty__contiguous__rho0.15__r0|time_respecting|ws0|b800|mechanism,controlled__sp_highschool2013__bursty__contiguous__rho0.15__r0|time_respecting|ws0|b800,time_respecting,mechanism,factorial,1092
controlled__sp_highschool2013__bursty__contiguous__rho0.15__r0|time_respecting|ws0|b800|mechanism_direction,controlled__sp_highschool2013__bursty__contiguous__rho0.15__r0|time_respecting|ws0|b800,time_respecting,mechanism_direction,factorial,1139
controlled__sp_highschool2013__bursty__contiguous__rho0.55__r0|event_sample_then_full_history|ss0|b9600|direction_only,controlled__sp_highschool2013__bursty__contiguous__rho0.55__r0|event_sample_then_full_history|ss0|b9600,event_sample_then_full_history,direction_only,factorial,927
controlled__sp_highschool2013__bursty__contiguous__rho0.55__r0|event_sample_then_full_history|ss0|b9600|hidden,controlled__sp_highschool2013__bursty__contiguous__rho0.55__r0|event_sample_then_full_history|ss0|b9600,event_sample_then_full_history,hidden,factorial,879
controlled__sp_highschool2013__bursty__contiguous__rho0.55__r0|event_sample_then_full_history|ss0|b9600|mechanism,controlled__sp_highschool2013__bursty__contiguous__rho0.55__r0|event_sample_then_full_history|ss0|b9600,event_sample_then_full_history,mechanism,factorial,1033
controlled__sp_highschool2013__bursty__contiguous__rho0.55__r0|event_sample_then_full_history|ss0|b9600|mechanism_direction,controlled__sp_highschool2013__bursty__contiguous__rho0.55__r0|event_sample_then_full_history|ss0|b9600,event_sample_then_full_history,mechanism_direction,factorial,1081
controlled__sp_highschool2013__bursty__contiguous__rho0.55__r0|event_sample_then_full_history|ss0|b9600|mismatched,controlled__sp_highschool2013__bursty__contiguous__rho0.55__r0|event_sample_then_full_history|ss0|b9600,event_sample_then_full_history,mismatched,mismatched,1002
controlled__sp_highschool2013__bursty__contiguous__rho0.55__r0|node_panel_full_history|ss0|b2500|direction_only,controlled__sp_highschool2013__bursty__contiguous__rho0.55__r0|node_panel_full_history|ss0|b2500,node_panel_full_history,direction_only,factorial,1028
controlled__sp_highschool2013__bursty__contiguous__rho0.55__r0|node_panel_full_history|ss0|b2500|hidden,controlled__sp_highschool2013__bursty__contiguous__rho0.55__r0|node_panel_full_history|ss0|b2500,node_panel_full_history,hidden,factorial,981
controlled__sp_highschool2013__bursty__contiguous__rho0.55__r0|node_panel_full_history|ss0|b2500|mechanism,controlled__sp_highschool2013__bursty__contiguous__rho0.55__r0|node_panel_full_history|ss0|b2500,node_panel_full_history,mechanism,factorial,1118
controlled__sp_highschool2013__bursty__contiguous__rho0.55__r0|node_panel_full_history|ss0|b2500|mechanism_direction,controlled__sp_highschool2013__bursty__contiguous__rho0.55__r0|node_panel_full_history|ss0|b2500,node_panel_full_history,mechanism_direction,factorial,1165
controlled__sp_highschool2013__bursty__contiguous__rho0.55__r0|recent_history_k20|ws0|b800|direction_only,controlled__sp_highschool2013__bursty__contiguous__rho0.55__r0|recent_history_k20|ws0|b800,recent_history_k20,direction_only,factorial,1195
controlled__sp_highschool2013__bursty__contiguous__rho0.55__r0|recent_history_k20|ws0|b800|hidden,controlled__sp_highschool2013__bursty__contiguous__rho0.55__r0|recent_history_k20|ws0|b800,recent_history_k20,hidden,factorial,1148
controlled__sp_highschool2013__bursty__contiguous__rho0.55__r0|recent_history_k20|ws0|b800|mechanism,controlled__sp_highschool2013__bursty__contiguous__rho0.55__r0|recent_history_k20|ws0|b800,recent_history_k20,mechanism,factorial,1308
controlled__sp_highschool2013__bursty__contiguous__rho0.55__r0|recent_history_k20|ws0|b800|mechanism_direction,controlled__sp_highschool2013__bursty__contiguous__rho0.55__r0|recent_history_k20|ws0|b800,recent_history_k20,mechanism_direction,factorial,1355
controlled__sp_highschool2013__bursty__contiguous__rho0.55__r0|time_agnostic_t|ws0|b800|direction_only,controlled__sp_highschool2013__bursty__contiguous__rho0.55__r0|time_agnostic_t|ws0|b800,time_agnostic_t,direction_only,factorial,923
controlled__sp_highschool2013__bursty__contiguous__rho0.55__r0|time_agnostic_t|ws0|b800|hidden,controlled__sp_highschool2013__bursty__contiguous__rho0.55__r0|time_agnostic_t|ws0|b800,time_agnostic_t,hidden,factorial,876
controlled__sp_highschool2013__bursty__contiguous__rho0.55__r0|time_agnostic_t|ws0|b800|mechanism,controlled__sp_highschool2013__bursty__contiguous__rho0.55__r0|time_agnostic_t|ws0|b800,time_agnostic_t,mechanism,factorial,999
controlled__sp_highschool2013__bursty__contiguous__rho0.55__r0|time_agnostic_t|ws0|b800|mechanism_direction,controlled__sp_highschool2013__bursty__contiguous__rho0.55__r0|time_agnostic_t|ws0|b800,time_agnostic_t,mechanism_direction,factorial,1046
controlled__sp_highschool2013__bursty__contiguous__rho0.55__r0|time_agnostic_t|ws0|b800|metadata_only,controlled__sp_highschool2013__bursty__contiguous__rho0.55__r0|time_agnostic_t|ws0|b800,time_agnostic_t,metadata_only,metadata_only,653
controlled__sp_highschool2013__bursty__contiguous__rho0.55__r0|time_agnostic_t|ws0|b800|mismatched,controlled__sp_highschool2013__bursty__contiguous__rho0.55__r0|time_agnostic_t|ws0|b800,time_agnostic_t,mismatched,mismatched,1030
controlled__sp_highschool2013__bursty__contiguous__rho0.55__r0|time_respecting|ws0|b800|direction_only,controlled__sp_highschool2013__bursty__contiguous__rho0.55__r0|time_respecting|ws0|b800,time_respecting,direction_only,factorial,1025
controlled__sp_highschool2013__bursty__contiguous__rho0.55__r0|time_respecting|ws0|b800|hidden,controlled__sp_highschool2013__bursty__contiguous__rho0.55__r0|time_respecting|ws0|b800,time_respecting,hidden,factorial,978
controlled__sp_highschool2013__bursty__contiguous__rho0.55__r0|time_respecting|ws0|b800|mechanism,controlled__sp_highschool2013__bursty__contiguous__rho0.55__r0|time_respecting|ws0|b800,time_respecting,mechanism,factorial,1125
controlled__sp_highschool2013__bursty__contiguous__rho0.55__r0|time_respecting|ws0|b800|mechanism_direction,controlled__sp_highschool2013__bursty__contiguous__rho0.55__r0|time_respecting|ws0|b800,time_respecting,mechanism_direction,factorial,1172
controlled__sp_hospital__bursty__contiguous__rho0.15__r0|event_sample_then_full_history|ss0|b9600|direction_only,controlled__sp_hospital__bursty__contiguous__rho0.15__r0|event_sample_then_full_history|ss0|b9600,event_sample_then_full_history,direction_only,factorial,1396
controlled__sp_hospital__bursty__contiguous__rho0.15__r0|event_sample_then_full_history|ss0|b9600|hidden,controlled__sp_hospital__bursty__contiguous__rho0.15__r0|event_sample_then_full_history|ss0|b9600,event_sample_then_full_history,hidden,factorial,1348
controlled__sp_hospital__bursty__contiguous__rho0.15__r0|event_sample_then_full_history|ss0|b9600|mechanism,controlled__sp_hospital__bursty__contiguous__rho0.15__r0|event_sample_then_full_history|ss0|b9600,event_sample_then_full_history,mechanism,factorial,1502
controlled__sp_hospital__bursty__contiguous__rho0.15__r0|event_sample_then_full_history|ss0|b9600|mechanism_direction,controlled__sp_hospital__bursty__contiguous__rho0.15__r0|event_sample_then_full_history|ss0|b9600,event_sample_then_full_history,mechanism_direction,factorial,1550
controlled__sp_hospital__bursty__contiguous__rho0.15__r0|event_sample_then_full_history|ss0|b9600|mismatched,controlled__sp_hospital__bursty__contiguous__rho0.15__r0|event_sample_then_full_history|ss0|b9600,event_sample_then_full_history,mismatched,mismatched,1471
controlled__sp_hospital__bursty__contiguous__rho0.15__r0|node_panel_full_history|ss0|b2500|direction_only,controlled__sp_hospital__bursty__contiguous__rho0.15__r0|node_panel_full_history|ss0|b2500,node_panel_full_history,direction_only,factorial,1107
controlled__sp_hospital__bursty__contiguous__rho0.15__r0|node_panel_full_history|ss0|b2500|hidden,controlled__sp_hospital__bursty__contiguous__rho0.15__r0|node_panel_full_history|ss0|b2500,node_panel_full_history,hidden,factorial,1060
controlled__sp_hospital__bursty__contiguous__rho0.15__r0|node_panel_full_history|ss0|b2500|mechanism,controlled__sp_hospital__bursty__contiguous__rho0.15__r0|node_panel_full_history|ss0|b2500,node_panel_full_history,mechanism,factorial,1197
controlled__sp_hospital__bursty__contiguous__rho0.15__r0|node_panel_full_history|ss0|b2500|mechanism_direction,controlled__sp_hospital__bursty__contiguous__rho0.15__r0|node_panel_full_history|ss0|b2500,node_panel_full_history,mechanism_direction,factorial,1244
controlled__sp_hospital__bursty__contiguous__rho0.15__r0|recent_history_k20|ws0|b800|direction_only,controlled__sp_hospital__bursty__contiguous__rho0.15__r0|recent_history_k20|ws0|b800,recent_history_k20,direction_only,factorial,1194
controlled__sp_hospital__bursty__contiguous__rho0.15__r0|recent_history_k20|ws0|b800|hidden,controlled__sp_hospital__bursty__contiguous__rho0.15__r0|recent_history_k20|ws0|b800,recent_history_k20,hidden,factorial,1147
controlled__sp_hospital__bursty__contiguous__rho0.15__r0|recent_history_k20|ws0|b800|mechanism,controlled__sp_hospital__bursty__contiguous__rho0.15__r0|recent_history_k20|ws0|b800,recent_history_k20,mechanism,factorial,1307
controlled__sp_hospital__bursty__contiguous__rho0.15__r0|recent_history_k20|ws0|b800|mechanism_direction,controlled__sp_hospital__bursty__contiguous__rho0.15__r0|recent_history_k20|ws0|b800,recent_history_k20,mechanism_direction,factorial,1354
controlled__sp_hospital__bursty__contiguous__rho0.15__r0|time_agnostic_t|ws0|b800|direction_only,controlled__sp_hospital__bursty__contiguous__rho0.15__r0|time_agnostic_t|ws0|b800,time_agnostic_t,direction_only,factorial,985
controlled__sp_hospital__bursty__contiguous__rho0.15__r0|time_agnostic_t|ws0|b800|hidden,controlled__sp_hospital__bursty__contiguous__rho0.15__r0|time_agnostic_t|ws0|b800,time_agnostic_t,hidden,factorial,938
controlled__sp_hospital__bursty__contiguous__rho0.15__r0|time_agnostic_t|ws0|b800|mechanism,controlled__sp_hospital__bursty__contiguous__rho0.15__r0|time_agnostic_t|ws0|b800,time_agnostic_t,mechanism,factorial,1061
controlled__sp_hospital__bursty__contiguous__rho0.15__r0|time_agnostic_t|ws0|b800|mechanism_direction,controlled__sp_hospital__bursty__contiguous__rho0.15__r0|time_agnostic_t|ws0|b800,time_agnostic_t,mechanism_direction,factorial,1108
controlled__sp_hospital__bursty__contiguous__rho0.15__r0|time_agnostic_t|ws0|b800|metadata_only,controlled__sp_hospital__bursty__contiguous__rho0.15__r0|time_agnostic_t|ws0|b800,time_agnostic_t,metadata_only,metadata_only,651
controlled__sp_hospital__bursty__contiguous__rho0.15__r0|time_agnostic_t|ws0|b800|mismatched,controlled__sp_hospital__bursty__contiguous__rho0.15__r0|time_agnostic_t|ws0|b800,time_agnostic_t,mismatched,mismatched,1092
controlled__sp_hospital__bursty__contiguous__rho0.15__r0|time_respecting|ws0|b800|direction_only,controlled__sp_hospital__bursty__contiguous__rho0.15__r0|time_respecting|ws0|b800,time_respecting,direction_only,factorial,1034
controlled__sp_hospital__bursty__contiguous__rho0.15__r0|time_respecting|ws0|b800|hidden,controlled__sp_hospital__bursty__contiguous__rho0.15__r0|time_respecting|ws0|b800,time_respecting,hidden,factorial,987
controlled__sp_hospital__bursty__contiguous__rho0.15__r0|time_respecting|ws0|b800|mechanism,controlled__sp_hospital__bursty__contiguous__rho0.15__r0|time_respecting|ws0|b800,time_respecting,mechanism,factorial,1134
controlled__sp_hospital__bursty__contiguous__rho0.15__r0|time_respecting|ws0|b800|mechanism_direction,controlled__sp_hospital__bursty__contiguous__rho0.15__r0|time_respecting|ws0|b800,time_respecting,mechanism_direction,factorial,1181
controlled__sp_hospital__bursty__contiguous__rho0.55__r0|event_sample_then_full_history|ss0|b9600|direction_only,controlled__sp_hospital__bursty__contiguous__rho0.55__r0|event_sample_then_full_history|ss0|b9600,event_sample_then_full_history,direction_only,factorial,1327
controlled__sp_hospital__bursty__contiguous__rho0.55__r0|event_sample_then_full_history|ss0|b9600|hidden,controlled__sp_hospital__bursty__contiguous__rho0.55__r0|event_sample_then_full_history|ss0|b9600,event_sample_then_full_history,hidden,factorial,1279
controlled__sp_hospital__bursty__contiguous__rho0.55__r0|event_sample_then_full_history|ss0|b9600|mechanism,controlled__sp_hospital__bursty__contiguous__rho0.55__r0|event_sample_then_full_history|ss0|b9600,event_sample_then_full_history,mechanism,factorial,1433
controlled__sp_hospital__bursty__contiguous__rho0.55__r0|event_sample_then_full_history|ss0|b9600|mechanism_direction,controlled__sp_hospital__bursty__contiguous__rho0.55__r0|event_sample_then_full_history|ss0|b9600,event_sample_then_full_history,mechanism_direction,factorial,1481
controlled__sp_hospital__bursty__contiguous__rho0.55__r0|event_sample_then_full_history|ss0|b9600|mismatched,controlled__sp_hospital__bursty__contiguous__rho0.55__r0|event_sample_then_full_history|ss0|b9600,event_sample_then_full_history,mismatched,mismatched,1402
controlled__sp_hospital__bursty__contiguous__rho0.55__r0|event_sample_then_full_history|ss1|b9600|slot1|hidden,controlled__sp_hospital__bursty__contiguous__rho0.55__r0|event_sample_then_full_history|ss1|b9600,event_sample_then_full_history,hidden,seed_replication,1242
controlled__sp_hospital__bursty__contiguous__rho0.55__r0|event_sample_then_full_history|ss1|b9600|slot1|mechanism,controlled__sp_hospital__bursty__contiguous__rho0.55__r0|event_sample_then_full_history|ss1|b9600,event_sample_then_full_history,mechanism,seed_replication,1396
controlled__sp_hospital__bursty__contiguous__rho0.55__r0|event_sample_then_full_history|ss2|b9600|slot2|hidden,controlled__sp_hospital__bursty__contiguous__rho0.55__r0|event_sample_then_full_history|ss2|b9600,event_sample_then_full_history,hidden,seed_replication,1280
controlled__sp_hospital__bursty__contiguous__rho0.55__r0|event_sample_then_full_history|ss2|b9600|slot2|mechanism,controlled__sp_hospital__bursty__contiguous__rho0.55__r0|event_sample_then_full_history|ss2|b9600,event_sample_then_full_history,mechanism,seed_replication,1434
controlled__sp_hospital__bursty__contiguous__rho0.55__r0|event_sample_then_full_history|ss3|b9600|slot3|hidden,controlled__sp_hospital__bursty__contiguous__rho0.55__r0|event_sample_then_full_history|ss3|b9600,event_sample_then_full_history,hidden,seed_replication,1284
controlled__sp_hospital__bursty__contiguous__rho0.55__r0|event_sample_then_full_history|ss3|b9600|slot3|mechanism,controlled__sp_hospital__bursty__contiguous__rho0.55__r0|event_sample_then_full_history|ss3|b9600,event_sample_then_full_history,mechanism,seed_replication,1438
controlled__sp_hospital__bursty__contiguous__rho0.55__r0|node_panel_full_history|ss0|b2500|direction_only,controlled__sp_hospital__bursty__contiguous__rho0.55__r0|node_panel_full_history|ss0|b2500,node_panel_full_history,direction_only,factorial,1085
controlled__sp_hospital__bursty__contiguous__rho0.55__r0|node_panel_full_history|ss0|b2500|hidden,controlled__sp_hospital__bursty__contiguous__rho0.55__r0|node_panel_full_history|ss0|b2500,node_panel_full_history,hidden,factorial,1038
controlled__sp_hospital__bursty__contiguous__rho0.55__r0|node_panel_full_history|ss0|b2500|mechanism,controlled__sp_hospital__bursty__contiguous__rho0.55__r0|node_panel_full_history|ss0|b2500,node_panel_full_history,mechanism,factorial,1175
controlled__sp_hospital__bursty__contiguous__rho0.55__r0|node_panel_full_history|ss0|b2500|mechanism_direction,controlled__sp_hospital__bursty__contiguous__rho0.55__r0|node_panel_full_history|ss0|b2500,node_panel_full_history,mechanism_direction,factorial,1222
controlled__sp_hospital__bursty__contiguous__rho0.55__r0|node_panel_full_history|ss1|b2500|slot1|hidden,controlled__sp_hospital__bursty__contiguous__rho0.55__r0|node_panel_full_history|ss1|b2500,node_panel_full_history,hidden,seed_replication,1043
controlled__sp_hospital__bursty__contiguous__rho0.55__r0|node_panel_full_history|ss1|b2500|slot1|mechanism,controlled__sp_hospital__bursty__contiguous__rho0.55__r0|node_panel_full_history|ss1|b2500,node_panel_full_history,mechanism,seed_replication,1180
controlled__sp_hospital__bursty__contiguous__rho0.55__r0|node_panel_full_history|ss2|b2500|slot2|hidden,controlled__sp_hospital__bursty__contiguous__rho0.55__r0|node_panel_full_history|ss2|b2500,node_panel_full_history,hidden,seed_replication,1535
controlled__sp_hospital__bursty__contiguous__rho0.55__r0|node_panel_full_history|ss2|b2500|slot2|mechanism,controlled__sp_hospital__bursty__contiguous__rho0.55__r0|node_panel_full_history|ss2|b2500,node_panel_full_history,mechanism,seed_replication,1672
controlled__sp_hospital__bursty__contiguous__rho0.55__r0|node_panel_full_history|ss3|b2500|slot3|hidden,controlled__sp_hospital__bursty__contiguous__rho0.55__r0|node_panel_full_history|ss3|b2500,node_panel_full_history,hidden,seed_replication,1208
controlled__sp_hospital__bursty__contiguous__rho0.55__r0|node_panel_full_history|ss3|b2500|slot3|mechanism,controlled__sp_hospital__bursty__contiguous__rho0.55__r0|node_panel_full_history|ss3|b2500,node_panel_full_history,mechanism,seed_replication,1345
controlled__sp_hospital__bursty__contiguous__rho0.55__r0|recent_history_k20|ws0|b800|direction_only,controlled__sp_hospital__bursty__contiguous__rho0.55__r0|recent_history_k20|ws0|b800,recent_history_k20,direction_only,factorial,1225
controlled__sp_hospital__bursty__contiguous__rho0.55__r0|recent_history_k20|ws0|b800|hidden,controlled__sp_hospital__bursty__contiguous__rho0.55__r0|recent_history_k20|ws0|b800,recent_history_k20,hidden,factorial,1178
controlled__sp_hospital__bursty__contiguous__rho0.55__r0|recent_history_k20|ws0|b800|mechanism,controlled__sp_hospital__bursty__contiguous__rho0.55__r0|recent_history_k20|ws0|b800,recent_history_k20,mechanism,factorial,1338
controlled__sp_hospital__bursty__contiguous__rho0.55__r0|recent_history_k20|ws0|b800|mechanism_direction,controlled__sp_hospital__bursty__contiguous__rho0.55__r0|recent_history_k20|ws0|b800,recent_history_k20,mechanism_direction,factorial,1385
controlled__sp_hospital__bursty__contiguous__rho0.55__r0|recent_history_k20|ws1|b800|slot1|hidden,controlled__sp_hospital__bursty__contiguous__rho0.55__r0|recent_history_k20|ws1|b800,recent_history_k20,hidden,seed_replication,1195
controlled__sp_hospital__bursty__contiguous__rho0.55__r0|recent_history_k20|ws1|b800|slot1|mechanism,controlled__sp_hospital__bursty__contiguous__rho0.55__r0|recent_history_k20|ws1|b800,recent_history_k20,mechanism,seed_replication,1355
controlled__sp_hospital__bursty__contiguous__rho0.55__r0|recent_history_k20|ws2|b800|slot2|hidden,controlled__sp_hospital__bursty__contiguous__rho0.55__r0|recent_history_k20|ws2|b800,recent_history_k20,hidden,seed_replication,1238
controlled__sp_hospital__bursty__contiguous__rho0.55__r0|recent_history_k20|ws2|b800|slot2|mechanism,controlled__sp_hospital__bursty__contiguous__rho0.55__r0|recent_history_k20|ws2|b800,recent_history_k20,mechanism,seed_replication,1398
controlled__sp_hospital__bursty__contiguous__rho0.55__r0|recent_history_k20|ws3|b800|slot3|hidden,controlled__sp_hospital__bursty__contiguous__rho0.55__r0|recent_history_k20|ws3|b800,recent_history_k20,hidden,seed_replication,1187
controlled__sp_hospital__bursty__contiguous__rho0.55__r0|recent_history_k20|ws3|b800|slot3|mechanism,controlled__sp_hospital__bursty__contiguous__rho0.55__r0|recent_history_k20|ws3|b800,recent_history_k20,mechanism,seed_replication,1347
controlled__sp_hospital__bursty__contiguous__rho0.55__r0|time_agnostic_t|ws0|b800|direction_only,controlled__sp_hospital__bursty__contiguous__rho0.55__r0|time_agnostic_t|ws0|b800,time_agnostic_t,direction_only,factorial,1048
controlled__sp_hospital__bursty__contiguous__rho0.55__r0|time_agnostic_t|ws0|b800|hidden,controlled__sp_hospital__bursty__contiguous__rho0.55__r0|time_agnostic_t|ws0|b800,time_agnostic_t,hidden,factorial,1001
controlled__sp_hospital__bursty__contiguous__rho0.55__r0|time_agnostic_t|ws0|b800|mechanism,controlled__sp_hospital__bursty__contiguous__rho0.55__r0|time_agnostic_t|ws0|b800,time_agnostic_t,mechanism,factorial,1124
controlled__sp_hospital__bursty__contiguous__rho0.55__r0|time_agnostic_t|ws0|b800|mechanism_direction,controlled__sp_hospital__bursty__contiguous__rho0.55__r0|time_agnostic_t|ws0|b800,time_agnostic_t,mechanism_direction,factorial,1171
controlled__sp_hospital__bursty__contiguous__rho0.55__r0|time_agnostic_t|ws0|b800|metadata_only,controlled__sp_hospital__bursty__contiguous__rho0.55__r0|time_agnostic_t|ws0|b800,time_agnostic_t,metadata_only,metadata_only,651
controlled__sp_hospital__bursty__contiguous__rho0.55__r0|time_agnostic_t|ws0|b800|mismatched,controlled__sp_hospital__bursty__contiguous__rho0.55__r0|time_agnostic_t|ws0|b800,time_agnostic_t,mismatched,mismatched,1155
controlled__sp_hospital__bursty__contiguous__rho0.55__r0|time_agnostic_t|ws1|b800|slot1|hidden,controlled__sp_hospital__bursty__contiguous__rho0.55__r0|time_agnostic_t|ws1|b800,time_agnostic_t,hidden,seed_replication,996
controlled__sp_hospital__bursty__contiguous__rho0.55__r0|time_agnostic_t|ws1|b800|slot1|mechanism,controlled__sp_hospital__bursty__contiguous__rho0.55__r0|time_agnostic_t|ws1|b800,time_agnostic_t,mechanism,seed_replication,1119
controlled__sp_hospital__bursty__contiguous__rho0.55__r0|time_agnostic_t|ws2|b800|slot2|hidden,controlled__sp_hospital__bursty__contiguous__rho0.55__r0|time_agnostic_t|ws2|b800,time_agnostic_t,hidden,seed_replication,1017
controlled__sp_hospital__bursty__contiguous__rho0.55__r0|time_agnostic_t|ws2|b800|slot2|mechanism,controlled__sp_hospital__bursty__contiguous__rho0.55__r0|time_agnostic_t|ws2|b800,time_agnostic_t,mechanism,seed_replication,1140
controlled__sp_hospital__bursty__contiguous__rho0.55__r0|time_agnostic_t|ws3|b800|slot3|hidden,controlled__sp_hospital__bursty__contiguous__rho0.55__r0|time_agnostic_t|ws3|b800,time_agnostic_t,hidden,seed_replication,1016
controlled__sp_hospital__bursty__contiguous__rho0.55__r0|time_agnostic_t|ws3|b800|slot3|mechanism,controlled__sp_hospital__bursty__contiguous__rho0.55__r0|time_agnostic_t|ws3|b800,time_agnostic_t,mechanism,seed_replication,1139
controlled__sp_hospital__bursty__contiguous__rho0.55__r0|time_respecting|ws0|b800|direction_only,controlled__sp_hospital__bursty__contiguous__rho0.55__r0|time_respecting|ws0|b800,time_respecting,direction_only,factorial,1049
controlled__sp_hospital__bursty__contiguous__rho0.55__r0|time_respecting|ws0|b800|hidden,controlled__sp_hospital__bursty__contiguous__rho0.55__r0|time_respecting|ws0|b800,time_respecting,hidden,factorial,1002
controlled__sp_hospital__bursty__contiguous__rho0.55__r0|time_respecting|ws0|b800|mechanism,controlled__sp_hospital__bursty__contiguous__rho0.55__r0|time_respecting|ws0|b800,time_respecting,mechanism,factorial,1149
controlled__sp_hospital__bursty__contiguous__rho0.55__r0|time_respecting|ws0|b800|mechanism_direction,controlled__sp_hospital__bursty__contiguous__rho0.55__r0|time_respecting|ws0|b800,time_respecting,mechanism_direction,factorial,1196
controlled__sp_hospital__bursty__contiguous__rho0.55__r0|time_respecting|ws1|b800|slot1|hidden,controlled__sp_hospital__bursty__contiguous__rho0.55__r0|time_respecting|ws1|b800,time_respecting,hidden,seed_replication,1008
controlled__sp_hospital__bursty__contiguous__rho0.55__r0|time_respecting|ws1|b800|slot1|mechanism,controlled__sp_hospital__bursty__contiguous__rho0.55__r0|time_respecting|ws1|b800,time_respecting,mechanism,seed_replication,1155
controlled__sp_hospital__bursty__contiguous__rho0.55__r0|time_respecting|ws2|b800|slot2|hidden,controlled__sp_hospital__bursty__contiguous__rho0.55__r0|time_respecting|ws2|b800,time_respecting,hidden,seed_replication,986
controlled__sp_hospital__bursty__contiguous__rho0.55__r0|time_respecting|ws2|b800|slot2|mechanism,controlled__sp_hospital__bursty__contiguous__rho0.55__r0|time_respecting|ws2|b800,time_respecting,mechanism,seed_replication,1133
controlled__sp_hospital__bursty__contiguous__rho0.55__r0|time_respecting|ws3|b800|slot3|hidden,controlled__sp_hospital__bursty__contiguous__rho0.55__r0|time_respecting|ws3|b800,time_respecting,hidden,seed_replication,992
controlled__sp_hospital__bursty__contiguous__rho0.55__r0|time_respecting|ws3|b800|slot3|mechanism,controlled__sp_hospital__bursty__contiguous__rho0.55__r0|time_respecting|ws3|b800,time_respecting,mechanism,seed_replication,1139
controlled__sp_hypertext2009__bursty__contiguous__rho0.15__r0|event_sample_then_full_history|ss0|b9600|direction_only,controlled__sp_hypertext2009__bursty__contiguous__rho0.15__r0|event_sample_then_full_history|ss0|b9600,event_sample_then_full_history,direction_only,factorial,1843
controlled__sp_hypertext2009__bursty__contiguous__rho0.15__r0|event_sample_then_full_history|ss0|b9600|hidden,controlled__sp_hypertext2009__bursty__contiguous__rho0.15__r0|event_sample_then_full_history|ss0|b9600,event_sample_then_full_history,hidden,factorial,1795
controlled__sp_hypertext2009__bursty__contiguous__rho0.15__r0|event_sample_then_full_history|ss0|b9600|mechanism,controlled__sp_hypertext2009__bursty__contiguous__rho0.15__r0|event_sample_then_full_history|ss0|b9600,event_sample_then_full_history,mechanism,factorial,1949
controlled__sp_hypertext2009__bursty__contiguous__rho0.15__r0|event_sample_then_full_history|ss0|b9600|mechanism_direction,controlled__sp_hypertext2009__bursty__contiguous__rho0.15__r0|event_sample_then_full_history|ss0|b9600,event_sample_then_full_history,mechanism_direction,factorial,1997
controlled__sp_hypertext2009__bursty__contiguous__rho0.15__r0|event_sample_then_full_history|ss0|b9600|mismatched,controlled__sp_hypertext2009__bursty__contiguous__rho0.15__r0|event_sample_then_full_history|ss0|b9600,event_sample_then_full_history,mismatched,mismatched,1918
controlled__sp_hypertext2009__bursty__contiguous__rho0.15__r0|node_panel_full_history|ss0|b2500|direction_only,controlled__sp_hypertext2009__bursty__contiguous__rho0.15__r0|node_panel_full_history|ss0|b2500,node_panel_full_history,direction_only,factorial,1312
controlled__sp_hypertext2009__bursty__contiguous__rho0.15__r0|node_panel_full_history|ss0|b2500|hidden,controlled__sp_hypertext2009__bursty__contiguous__rho0.15__r0|node_panel_full_history|ss0|b2500,node_panel_full_history,hidden,factorial,1265
controlled__sp_hypertext2009__bursty__contiguous__rho0.15__r0|node_panel_full_history|ss0|b2500|mechanism,controlled__sp_hypertext2009__bursty__contiguous__rho0.15__r0|node_panel_full_history|ss0|b2500,node_panel_full_history,mechanism,factorial,1402
controlled__sp_hypertext2009__bursty__contiguous__rho0.15__r0|node_panel_full_history|ss0|b2500|mechanism_direction,controlled__sp_hypertext2009__bursty__contiguous__rho0.15__r0|node_panel_full_history|ss0|b2500,node_panel_full_history,mechanism_direction,factorial,1449
controlled__sp_hypertext2009__bursty__contiguous__rho0.15__r0|recent_history_k20|ws0|b800|direction_only,controlled__sp_hypertext2009__bursty__contiguous__rho0.15__r0|recent_history_k20|ws0|b800,recent_history_k20,direction_only,factorial,1106
controlled__sp_hypertext2009__bursty__contiguous__rho0.15__r0|recent_history_k20|ws0|b800|hidden,controlled__sp_hypertext2009__bursty__contiguous__rho0.15__r0|recent_history_k20|ws0|b800,recent_history_k20,hidden,factorial,1059
controlled__sp_hypertext2009__bursty__contiguous__rho0.15__r0|recent_history_k20|ws0|b800|mechanism,controlled__sp_hypertext2009__bursty__contiguous__rho0.15__r0|recent_history_k20|ws0|b800,recent_history_k20,mechanism,factorial,1219
controlled__sp_hypertext2009__bursty__contiguous__rho0.15__r0|recent_history_k20|ws0|b800|mechanism_direction,controlled__sp_hypertext2009__bursty__contiguous__rho0.15__r0|recent_history_k20|ws0|b800,recent_history_k20,mechanism_direction,factorial,1266
controlled__sp_hypertext2009__bursty__contiguous__rho0.15__r0|time_agnostic_t|ws0|b800|direction_only,controlled__sp_hypertext2009__bursty__contiguous__rho0.15__r0|time_agnostic_t|ws0|b800,time_agnostic_t,direction_only,factorial,901
controlled__sp_hypertext2009__bursty__contiguous__rho0.15__r0|time_agnostic_t|ws0|b800|hidden,controlled__sp_hypertext2009__bursty__contiguous__rho0.15__r0|time_agnostic_t|ws0|b800,time_agnostic_t,hidden,factorial,854
controlled__sp_hypertext2009__bursty__contiguous__rho0.15__r0|time_agnostic_t|ws0|b800|mechanism,controlled__sp_hypertext2009__bursty__contiguous__rho0.15__r0|time_agnostic_t|ws0|b800,time_agnostic_t,mechanism,factorial,977
controlled__sp_hypertext2009__bursty__contiguous__rho0.15__r0|time_agnostic_t|ws0|b800|mechanism_direction,controlled__sp_hypertext2009__bursty__contiguous__rho0.15__r0|time_agnostic_t|ws0|b800,time_agnostic_t,mechanism_direction,factorial,1024
controlled__sp_hypertext2009__bursty__contiguous__rho0.15__r0|time_agnostic_t|ws0|b800|metadata_only,controlled__sp_hypertext2009__bursty__contiguous__rho0.15__r0|time_agnostic_t|ws0|b800,time_agnostic_t,metadata_only,metadata_only,652
controlled__sp_hypertext2009__bursty__contiguous__rho0.15__r0|time_agnostic_t|ws0|b800|mismatched,controlled__sp_hypertext2009__bursty__contiguous__rho0.15__r0|time_agnostic_t|ws0|b800,time_agnostic_t,mismatched,mismatched,1008
controlled__sp_hypertext2009__bursty__contiguous__rho0.15__r0|time_respecting|ws0|b800|direction_only,controlled__sp_hypertext2009__bursty__contiguous__rho0.15__r0|time_respecting|ws0|b800,time_respecting,direction_only,factorial,983
controlled__sp_hypertext2009__bursty__contiguous__rho0.15__r0|time_respecting|ws0|b800|hidden,controlled__sp_hypertext2009__bursty__contiguous__rho0.15__r0|time_respecting|ws0|b800,time_respecting,hidden,factorial,936
controlled__sp_hypertext2009__bursty__contiguous__rho0.15__r0|time_respecting|ws0|b800|mechanism,controlled__sp_hypertext2009__bursty__contiguous__rho0.15__r0|time_respecting|ws0|b800,time_respecting,mechanism,factorial,1083
controlled__sp_hypertext2009__bursty__contiguous__rho0.15__r0|time_respecting|ws0|b800|mechanism_direction,controlled__sp_hypertext2009__bursty__contiguous__rho0.15__r0|time_respecting|ws0|b800,time_respecting,mechanism_direction,factorial,1130
controlled__sp_hypertext2009__bursty__contiguous__rho0.55__r0|event_sample_then_full_history|ss0|b9600|direction_only,controlled__sp_hypertext2009__bursty__contiguous__rho0.55__r0|event_sample_then_full_history|ss0|b9600,event_sample_then_full_history,direction_only,factorial,1740
controlled__sp_hypertext2009__bursty__contiguous__rho0.55__r0|event_sample_then_full_history|ss0|b9600|hidden,controlled__sp_hypertext2009__bursty__contiguous__rho0.55__r0|event_sample_then_full_history|ss0|b9600,event_sample_then_full_history,hidden,factorial,1692
controlled__sp_hypertext2009__bursty__contiguous__rho0.55__r0|event_sample_then_full_history|ss0|b9600|mechanism,controlled__sp_hypertext2009__bursty__contiguous__rho0.55__r0|event_sample_then_full_history|ss0|b9600,event_sample_then_full_history,mechanism,factorial,1846
controlled__sp_hypertext2009__bursty__contiguous__rho0.55__r0|event_sample_then_full_history|ss0|b9600|mechanism_direction,controlled__sp_hypertext2009__bursty__contiguous__rho0.55__r0|event_sample_then_full_history|ss0|b9600,event_sample_then_full_history,mechanism_direction,factorial,1894
controlled__sp_hypertext2009__bursty__contiguous__rho0.55__r0|event_sample_then_full_history|ss0|b9600|mismatched,controlled__sp_hypertext2009__bursty__contiguous__rho0.55__r0|event_sample_then_full_history|ss0|b9600,event_sample_then_full_history,mismatched,mismatched,1815
controlled__sp_hypertext2009__bursty__contiguous__rho0.55__r0|node_panel_full_history|ss0|b2500|direction_only,controlled__sp_hypertext2009__bursty__contiguous__rho0.55__r0|node_panel_full_history|ss0|b2500,node_panel_full_history,direction_only,factorial,1493
controlled__sp_hypertext2009__bursty__contiguous__rho0.55__r0|node_panel_full_history|ss0|b2500|hidden,controlled__sp_hypertext2009__bursty__contiguous__rho0.55__r0|node_panel_full_history|ss0|b2500,node_panel_full_history,hidden,factorial,1446
controlled__sp_hypertext2009__bursty__contiguous__rho0.55__r0|node_panel_full_history|ss0|b2500|mechanism,controlled__sp_hypertext2009__bursty__contiguous__rho0.55__r0|node_panel_full_history|ss0|b2500,node_panel_full_history,mechanism,factorial,1583
controlled__sp_hypertext2009__bursty__contiguous__rho0.55__r0|node_panel_full_history|ss0|b2500|mechanism_direction,controlled__sp_hypertext2009__bursty__contiguous__rho0.55__r0|node_panel_full_history|ss0|b2500,node_panel_full_history,mechanism_direction,factorial,1630
controlled__sp_hypertext2009__bursty__contiguous__rho0.55__r0|recent_history_k20|ws0|b800|direction_only,controlled__sp_hypertext2009__bursty__contiguous__rho0.55__r0|recent_history_k20|ws0|b800,recent_history_k20,direction_only,factorial,1092
controlled__sp_hypertext2009__bursty__contiguous__rho0.55__r0|recent_history_k20|ws0|b800|hidden,controlled__sp_hypertext2009__bursty__contiguous__rho0.55__r0|recent_history_k20|ws0|b800,recent_history_k20,hidden,factorial,1045
controlled__sp_hypertext2009__bursty__contiguous__rho0.55__r0|recent_history_k20|ws0|b800|mechanism,controlled__sp_hypertext2009__bursty__contiguous__rho0.55__r0|recent_history_k20|ws0|b800,recent_history_k20,mechanism,factorial,1205
controlled__sp_hypertext2009__bursty__contiguous__rho0.55__r0|recent_history_k20|ws0|b800|mechanism_direction,controlled__sp_hypertext2009__bursty__contiguous__rho0.55__r0|recent_history_k20|ws0|b800,recent_history_k20,mechanism_direction,factorial,1252
controlled__sp_hypertext2009__bursty__contiguous__rho0.55__r0|time_agnostic_t|ws0|b800|direction_only,controlled__sp_hypertext2009__bursty__contiguous__rho0.55__r0|time_agnostic_t|ws0|b800,time_agnostic_t,direction_only,factorial,929
controlled__sp_hypertext2009__bursty__contiguous__rho0.55__r0|time_agnostic_t|ws0|b800|hidden,controlled__sp_hypertext2009__bursty__contiguous__rho0.55__r0|time_agnostic_t|ws0|b800,time_agnostic_t,hidden,factorial,882
controlled__sp_hypertext2009__bursty__contiguous__rho0.55__r0|time_agnostic_t|ws0|b800|mechanism,controlled__sp_hypertext2009__bursty__contiguous__rho0.55__r0|time_agnostic_t|ws0|b800,time_agnostic_t,mechanism,factorial,1005
controlled__sp_hypertext2009__bursty__contiguous__rho0.55__r0|time_agnostic_t|ws0|b800|mechanism_direction,controlled__sp_hypertext2009__bursty__contiguous__rho0.55__r0|time_agnostic_t|ws0|b800,time_agnostic_t,mechanism_direction,factorial,1052
controlled__sp_hypertext2009__bursty__contiguous__rho0.55__r0|time_agnostic_t|ws0|b800|metadata_only,controlled__sp_hypertext2009__bursty__contiguous__rho0.55__r0|time_agnostic_t|ws0|b800,time_agnostic_t,metadata_only,metadata_only,652
controlled__sp_hypertext2009__bursty__contiguous__rho0.55__r0|time_agnostic_t|ws0|b800|mismatched,controlled__sp_hypertext2009__bursty__contiguous__rho0.55__r0|time_agnostic_t|ws0|b800,time_agnostic_t,mismatched,mismatched,1036
controlled__sp_hypertext2009__bursty__contiguous__rho0.55__r0|time_respecting|ws0|b800|direction_only,controlled__sp_hypertext2009__bursty__contiguous__rho0.55__r0|time_respecting|ws0|b800,time_respecting,direction_only,factorial,988
controlled__sp_hypertext2009__bursty__contiguous__rho0.55__r0|time_respecting|ws0|b800|hidden,controlled__sp_hypertext2009__bursty__contiguous__rho0.55__r0|time_respecting|ws0|b800,time_respecting,hidden,factorial,941
controlled__sp_hypertext2009__bursty__contiguous__rho0.55__r0|time_respecting|ws0|b800|mechanism,controlled__sp_hypertext2009__bursty__contiguous__rho0.55__r0|time_respecting|ws0|b800,time_respecting,mechanism,factorial,1088
controlled__sp_hypertext2009__bursty__contiguous__rho0.55__r0|time_respecting|ws0|b800|mechanism_direction,controlled__sp_hypertext2009__bursty__contiguous__rho0.55__r0|time_respecting|ws0|b800,time_respecting,mechanism_direction,factorial,1135
controlled__sp_primaryschool__bursty__contiguous__rho0.15__r0|event_sample_then_full_history|ss0|b9600|direction_only,controlled__sp_primaryschool__bursty__contiguous__rho0.15__r0|event_sample_then_full_history|ss0|b9600,event_sample_then_full_history,direction_only,factorial,1335
controlled__sp_primaryschool__bursty__contiguous__rho0.15__r0|event_sample_then_full_history|ss0|b9600|hidden,controlled__sp_primaryschool__bursty__contiguous__rho0.15__r0|event_sample_then_full_history|ss0|b9600,event_sample_then_full_history,hidden,factorial,1287
controlled__sp_primaryschool__bursty__contiguous__rho0.15__r0|event_sample_then_full_history|ss0|b9600|mechanism,controlled__sp_primaryschool__bursty__contiguous__rho0.15__r0|event_sample_then_full_history|ss0|b9600,event_sample_then_full_history,mechanism,factorial,1441
controlled__sp_primaryschool__bursty__contiguous__rho0.15__r0|event_sample_then_full_history|ss0|b9600|mechanism_direction,controlled__sp_primaryschool__bursty__contiguous__rho0.15__r0|event_sample_then_full_history|ss0|b9600,event_sample_then_full_history,mechanism_direction,factorial,1489
controlled__sp_primaryschool__bursty__contiguous__rho0.15__r0|event_sample_then_full_history|ss0|b9600|mismatched,controlled__sp_primaryschool__bursty__contiguous__rho0.15__r0|event_sample_then_full_history|ss0|b9600,event_sample_then_full_history,mismatched,mismatched,1410
controlled__sp_primaryschool__bursty__contiguous__rho0.15__r0|node_panel_full_history|ss0|b2500|direction_only,controlled__sp_primaryschool__bursty__contiguous__rho0.15__r0|node_panel_full_history|ss0|b2500,node_panel_full_history,direction_only,factorial,1286
controlled__sp_primaryschool__bursty__contiguous__rho0.15__r0|node_panel_full_history|ss0|b2500|hidden,controlled__sp_primaryschool__bursty__contiguous__rho0.15__r0|node_panel_full_history|ss0|b2500,node_panel_full_history,hidden,factorial,1239
controlled__sp_primaryschool__bursty__contiguous__rho0.15__r0|node_panel_full_history|ss0|b2500|mechanism,controlled__sp_primaryschool__bursty__contiguous__rho0.15__r0|node_panel_full_history|ss0|b2500,node_panel_full_history,mechanism,factorial,1376
controlled__sp_primaryschool__bursty__contiguous__rho0.15__r0|node_panel_full_history|ss0|b2500|mechanism_direction,controlled__sp_primaryschool__bursty__contiguous__rho0.15__r0|node_panel_full_history|ss0|b2500,node_panel_full_history,mechanism_direction,factorial,1423
controlled__sp_primaryschool__bursty__contiguous__rho0.15__r0|recent_history_k20|ws0|b800|direction_only,controlled__sp_primaryschool__bursty__contiguous__rho0.15__r0|recent_history_k20|ws0|b800,recent_history_k20,direction_only,factorial,1038
controlled__sp_primaryschool__bursty__contiguous__rho0.15__r0|recent_history_k20|ws0|b800|hidden,controlled__sp_primaryschool__bursty__contiguous__rho0.15__r0|recent_history_k20|ws0|b800,recent_history_k20,hidden,factorial,991
controlled__sp_primaryschool__bursty__contiguous__rho0.15__r0|recent_history_k20|ws0|b800|mechanism,controlled__sp_primaryschool__bursty__contiguous__rho0.15__r0|recent_history_k20|ws0|b800,recent_history_k20,mechanism,factorial,1151
controlled__sp_primaryschool__bursty__contiguous__rho0.15__r0|recent_history_k20|ws0|b800|mechanism_direction,controlled__sp_primaryschool__bursty__contiguous__rho0.15__r0|recent_history_k20|ws0|b800,recent_history_k20,mechanism_direction,factorial,1198
controlled__sp_primaryschool__bursty__contiguous__rho0.15__r0|time_agnostic_t|ws0|b800|direction_only,controlled__sp_primaryschool__bursty__contiguous__rho0.15__r0|time_agnostic_t|ws0|b800,time_agnostic_t,direction_only,factorial,873
controlled__sp_primaryschool__bursty__contiguous__rho0.15__r0|time_agnostic_t|ws0|b800|hidden,controlled__sp_primaryschool__bursty__contiguous__rho0.15__r0|time_agnostic_t|ws0|b800,time_agnostic_t,hidden,factorial,826
controlled__sp_primaryschool__bursty__contiguous__rho0.15__r0|time_agnostic_t|ws0|b800|mechanism,controlled__sp_primaryschool__bursty__contiguous__rho0.15__r0|time_agnostic_t|ws0|b800,time_agnostic_t,mechanism,factorial,949
controlled__sp_primaryschool__bursty__contiguous__rho0.15__r0|time_agnostic_t|ws0|b800|mechanism_direction,controlled__sp_primaryschool__bursty__contiguous__rho0.15__r0|time_agnostic_t|ws0|b800,time_agnostic_t,mechanism_direction,factorial,996
controlled__sp_primaryschool__bursty__contiguous__rho0.15__r0|time_agnostic_t|ws0|b800|metadata_only,controlled__sp_primaryschool__bursty__contiguous__rho0.15__r0|time_agnostic_t|ws0|b800,time_agnostic_t,metadata_only,metadata_only,653
controlled__sp_primaryschool__bursty__contiguous__rho0.15__r0|time_agnostic_t|ws0|b800|mismatched,controlled__sp_primaryschool__bursty__contiguous__rho0.15__r0|time_agnostic_t|ws0|b800,time_agnostic_t,mismatched,mismatched,980
controlled__sp_primaryschool__bursty__contiguous__rho0.15__r0|time_respecting|ws0|b800|direction_only,controlled__sp_primaryschool__bursty__contiguous__rho0.15__r0|time_respecting|ws0|b800,time_respecting,direction_only,factorial,907
controlled__sp_primaryschool__bursty__contiguous__rho0.15__r0|time_respecting|ws0|b800|hidden,controlled__sp_primaryschool__bursty__contiguous__rho0.15__r0|time_respecting|ws0|b800,time_respecting,hidden,factorial,860
controlled__sp_primaryschool__bursty__contiguous__rho0.15__r0|time_respecting|ws0|b800|mechanism,controlled__sp_primaryschool__bursty__contiguous__rho0.15__r0|time_respecting|ws0|b800,time_respecting,mechanism,factorial,1007
controlled__sp_primaryschool__bursty__contiguous__rho0.15__r0|time_respecting|ws0|b800|mechanism_direction,controlled__sp_primaryschool__bursty__contiguous__rho0.15__r0|time_respecting|ws0|b800,time_respecting,mechanism_direction,factorial,1054
controlled__sp_primaryschool__bursty__contiguous__rho0.55__r0|event_sample_then_full_history|ss0|b9600|direction_only,controlled__sp_primaryschool__bursty__contiguous__rho0.55__r0|event_sample_then_full_history|ss0|b9600,event_sample_then_full_history,direction_only,factorial,1485
controlled__sp_primaryschool__bursty__contiguous__rho0.55__r0|event_sample_then_full_history|ss0|b9600|hidden,controlled__sp_primaryschool__bursty__contiguous__rho0.55__r0|event_sample_then_full_history|ss0|b9600,event_sample_then_full_history,hidden,factorial,1437
controlled__sp_primaryschool__bursty__contiguous__rho0.55__r0|event_sample_then_full_history|ss0|b9600|mechanism,controlled__sp_primaryschool__bursty__contiguous__rho0.55__r0|event_sample_then_full_history|ss0|b9600,event_sample_then_full_history,mechanism,factorial,1591
controlled__sp_primaryschool__bursty__contiguous__rho0.55__r0|event_sample_then_full_history|ss0|b9600|mechanism_direction,controlled__sp_primaryschool__bursty__contiguous__rho0.55__r0|event_sample_then_full_history|ss0|b9600,event_sample_then_full_history,mechanism_direction,factorial,1639
controlled__sp_primaryschool__bursty__contiguous__rho0.55__r0|event_sample_then_full_history|ss0|b9600|mismatched,controlled__sp_primaryschool__bursty__contiguous__rho0.55__r0|event_sample_then_full_history|ss0|b9600,event_sample_then_full_history,mismatched,mismatched,1560
controlled__sp_primaryschool__bursty__contiguous__rho0.55__r0|node_panel_full_history|ss0|b2500|direction_only,controlled__sp_primaryschool__bursty__contiguous__rho0.55__r0|node_panel_full_history|ss0|b2500,node_panel_full_history,direction_only,factorial,1096
controlled__sp_primaryschool__bursty__contiguous__rho0.55__r0|node_panel_full_history|ss0|b2500|hidden,controlled__sp_primaryschool__bursty__contiguous__rho0.55__r0|node_panel_full_history|ss0|b2500,node_panel_full_history,hidden,factorial,1049
controlled__sp_primaryschool__bursty__contiguous__rho0.55__r0|node_panel_full_history|ss0|b2500|mechanism,controlled__sp_primaryschool__bursty__contiguous__rho0.55__r0|node_panel_full_history|ss0|b2500,node_panel_full_history,mechanism,factorial,1186
controlled__sp_primaryschool__bursty__contiguous__rho0.55__r0|node_panel_full_history|ss0|b2500|mechanism_direction,controlled__sp_primaryschool__bursty__contiguous__rho0.55__r0|node_panel_full_history|ss0|b2500,node_panel_full_history,mechanism_direction,factorial,1233
controlled__sp_primaryschool__bursty__contiguous__rho0.55__r0|recent_history_k20|ws0|b800|direction_only,controlled__sp_primaryschool__bursty__contiguous__rho0.55__r0|recent_history_k20|ws0|b800,recent_history_k20,direction_only,factorial,1034
controlled__sp_primaryschool__bursty__contiguous__rho0.55__r0|recent_history_k20|ws0|b800|hidden,controlled__sp_primaryschool__bursty__contiguous__rho0.55__r0|recent_history_k20|ws0|b800,recent_history_k20,hidden,factorial,987
controlled__sp_primaryschool__bursty__contiguous__rho0.55__r0|recent_history_k20|ws0|b800|mechanism,controlled__sp_primaryschool__bursty__contiguous__rho0.55__r0|recent_history_k20|ws0|b800,recent_history_k20,mechanism,factorial,1147
controlled__sp_primaryschool__bursty__contiguous__rho0.55__r0|recent_history_k20|ws0|b800|mechanism_direction,controlled__sp_primaryschool__bursty__contiguous__rho0.55__r0|recent_history_k20|ws0|b800,recent_history_k20,mechanism_direction,factorial,1194
controlled__sp_primaryschool__bursty__contiguous__rho0.55__r0|time_agnostic_t|ws0|b800|direction_only,controlled__sp_primaryschool__bursty__contiguous__rho0.55__r0|time_agnostic_t|ws0|b800,time_agnostic_t,direction_only,factorial,878
controlled__sp_primaryschool__bursty__contiguous__rho0.55__r0|time_agnostic_t|ws0|b800|hidden,controlled__sp_primaryschool__bursty__contiguous__rho0.55__r0|time_agnostic_t|ws0|b800,time_agnostic_t,hidden,factorial,831
controlled__sp_primaryschool__bursty__contiguous__rho0.55__r0|time_agnostic_t|ws0|b800|mechanism,controlled__sp_primaryschool__bursty__contiguous__rho0.55__r0|time_agnostic_t|ws0|b800,time_agnostic_t,mechanism,factorial,954
controlled__sp_primaryschool__bursty__contiguous__rho0.55__r0|time_agnostic_t|ws0|b800|mechanism_direction,controlled__sp_primaryschool__bursty__contiguous__rho0.55__r0|time_agnostic_t|ws0|b800,time_agnostic_t,mechanism_direction,factorial,1001
controlled__sp_primaryschool__bursty__contiguous__rho0.55__r0|time_agnostic_t|ws0|b800|metadata_only,controlled__sp_primaryschool__bursty__contiguous__rho0.55__r0|time_agnostic_t|ws0|b800,time_agnostic_t,metadata_only,metadata_only,653
controlled__sp_primaryschool__bursty__contiguous__rho0.55__r0|time_agnostic_t|ws0|b800|mismatched,controlled__sp_primaryschool__bursty__contiguous__rho0.55__r0|time_agnostic_t|ws0|b800,time_agnostic_t,mismatched,mismatched,985
controlled__sp_primaryschool__bursty__contiguous__rho0.55__r0|time_respecting|ws0|b800|direction_only,controlled__sp_primaryschool__bursty__contiguous__rho0.55__r0|time_respecting|ws0|b800,time_respecting,direction_only,factorial,949
controlled__sp_primaryschool__bursty__contiguous__rho0.55__r0|time_respecting|ws0|b800|hidden,controlled__sp_primaryschool__bursty__contiguous__rho0.55__r0|time_respecting|ws0|b800,time_respecting,hidden,factorial,902
controlled__sp_primaryschool__bursty__contiguous__rho0.55__r0|time_respecting|ws0|b800|mechanism,controlled__sp_primaryschool__bursty__contiguous__rho0.55__r0|time_respecting|ws0|b800,time_respecting,mechanism,factorial,1049
controlled__sp_primaryschool__bursty__contiguous__rho0.55__r0|time_respecting|ws0|b800|mechanism_direction,controlled__sp_primaryschool__bursty__contiguous__rho0.55__r0|time_respecting|ws0|b800,time_respecting,mechanism_direction,factorial,1096
dar__dcsbm__n1500__f0__a0.1__c0.15|event_sample_then_full_history|ss0|b9600|direction_only,dar__dcsbm__n1500__f0__a0.1__c0.15|event_sample_then_full_history|ss0|b9600,event_sample_then_full_history,direction_only,factorial,2352
dar__dcsbm__n1500__f0__a0.1__c0.15|event_sample_then_full_history|ss0|b9600|hidden,dar__dcsbm__n1500__f0__a0.1__c0.15|event_sample_then_full_history|ss0|b9600,event_sample_then_full_history,hidden,factorial,2304
dar__dcsbm__n1500__f0__a0.1__c0.15|event_sample_then_full_history|ss0|b9600|mechanism,dar__dcsbm__n1500__f0__a0.1__c0.15|event_sample_then_full_history|ss0|b9600,event_sample_then_full_history,mechanism,factorial,2458
dar__dcsbm__n1500__f0__a0.1__c0.15|event_sample_then_full_history|ss0|b9600|mechanism_direction,dar__dcsbm__n1500__f0__a0.1__c0.15|event_sample_then_full_history|ss0|b9600,event_sample_then_full_history,mechanism_direction,factorial,2506
dar__dcsbm__n1500__f0__a0.1__c0.15|event_sample_then_full_history|ss0|b9600|mismatched,dar__dcsbm__n1500__f0__a0.1__c0.15|event_sample_then_full_history|ss0|b9600,event_sample_then_full_history,mismatched,mismatched,2427
dar__dcsbm__n1500__f0__a0.1__c0.15|node_panel_full_history|ss0|b2500|direction_only,dar__dcsbm__n1500__f0__a0.1__c0.15|node_panel_full_history|ss0|b2500,node_panel_full_history,direction_only,factorial,1672
dar__dcsbm__n1500__f0__a0.1__c0.15|node_panel_full_history|ss0|b2500|hidden,dar__dcsbm__n1500__f0__a0.1__c0.15|node_panel_full_history|ss0|b2500,node_panel_full_history,hidden,factorial,1625
dar__dcsbm__n1500__f0__a0.1__c0.15|node_panel_full_history|ss0|b2500|mechanism,dar__dcsbm__n1500__f0__a0.1__c0.15|node_panel_full_history|ss0|b2500,node_panel_full_history,mechanism,factorial,1762
dar__dcsbm__n1500__f0__a0.1__c0.15|node_panel_full_history|ss0|b2500|mechanism_direction,dar__dcsbm__n1500__f0__a0.1__c0.15|node_panel_full_history|ss0|b2500,node_panel_full_history,mechanism_direction,factorial,1809
dar__dcsbm__n1500__f0__a0.1__c0.15|recent_history_k20|ws0|b800|direction_only,dar__dcsbm__n1500__f0__a0.1__c0.15|recent_history_k20|ws0|b800,recent_history_k20,direction_only,factorial,969
dar__dcsbm__n1500__f0__a0.1__c0.15|recent_history_k20|ws0|b800|hidden,dar__dcsbm__n1500__f0__a0.1__c0.15|recent_history_k20|ws0|b800,recent_history_k20,hidden,factorial,922
dar__dcsbm__n1500__f0__a0.1__c0.15|recent_history_k20|ws0|b800|mechanism,dar__dcsbm__n1500__f0__a0.1__c0.15|recent_history_k20|ws0|b800,recent_history_k20,mechanism,factorial,1082
dar__dcsbm__n1500__f0__a0.1__c0.15|recent_history_k20|ws0|b800|mechanism_direction,dar__dcsbm__n1500__f0__a0.1__c0.15|recent_history_k20|ws0|b800,recent_history_k20,mechanism_direction,factorial,1129
dar__dcsbm__n1500__f0__a0.1__c0.15|time_agnostic_t|ws0|b800|direction_only,dar__dcsbm__n1500__f0__a0.1__c0.15|time_agnostic_t|ws0|b800,time_agnostic_t,direction_only,factorial,975
dar__dcsbm__n1500__f0__a0.1__c0.15|time_agnostic_t|ws0|b800|hidden,dar__dcsbm__n1500__f0__a0.1__c0.15|time_agnostic_t|ws0|b800,time_agnostic_t,hidden,factorial,928
dar__dcsbm__n1500__f0__a0.1__c0.15|time_agnostic_t|ws0|b800|mechanism,dar__dcsbm__n1500__f0__a0.1__c0.15|time_agnostic_t|ws0|b800,time_agnostic_t,mechanism,factorial,1051
dar__dcsbm__n1500__f0__a0.1__c0.15|time_agnostic_t|ws0|b800|mechanism_direction,dar__dcsbm__n1500__f0__a0.1__c0.15|time_agnostic_t|ws0|b800,time_agnostic_t,mechanism_direction,factorial,1098
dar__dcsbm__n1500__f0__a0.1__c0.15|time_agnostic_t|ws0|b800|metadata_only,dar__dcsbm__n1500__f0__a0.1__c0.15|time_agnostic_t|ws0|b800,time_agnostic_t,metadata_only,metadata_only,653
dar__dcsbm__n1500__f0__a0.1__c0.15|time_agnostic_t|ws0|b800|mismatched,dar__dcsbm__n1500__f0__a0.1__c0.15|time_agnostic_t|ws0|b800,time_agnostic_t,mismatched,mismatched,1082
dar__dcsbm__n1500__f0__a0.1__c0.15|time_respecting|ws0|b800|direction_only,dar__dcsbm__n1500__f0__a0.1__c0.15|time_respecting|ws0|b800,time_respecting,direction_only,factorial,912
dar__dcsbm__n1500__f0__a0.1__c0.15|time_respecting|ws0|b800|hidden,dar__dcsbm__n1500__f0__a0.1__c0.15|time_respecting|ws0|b800,time_respecting,hidden,factorial,865
dar__dcsbm__n1500__f0__a0.1__c0.15|time_respecting|ws0|b800|mechanism,dar__dcsbm__n1500__f0__a0.1__c0.15|time_respecting|ws0|b800,time_respecting,mechanism,factorial,1012
dar__dcsbm__n1500__f0__a0.1__c0.15|time_respecting|ws0|b800|mechanism_direction,dar__dcsbm__n1500__f0__a0.1__c0.15|time_respecting|ws0|b800,time_respecting,mechanism_direction,factorial,1059
dar__dcsbm__n1500__f0__a0.9__c0.15|event_sample_then_full_history|ss0|b9600|direction_only,dar__dcsbm__n1500__f0__a0.9__c0.15|event_sample_then_full_history|ss0|b9600,event_sample_then_full_history,direction_only,factorial,1469
dar__dcsbm__n1500__f0__a0.9__c0.15|event_sample_then_full_history|ss0|b9600|hidden,dar__dcsbm__n1500__f0__a0.9__c0.15|event_sample_then_full_history|ss0|b9600,event_sample_then_full_history,hidden,factorial,1421
dar__dcsbm__n1500__f0__a0.9__c0.15|event_sample_then_full_history|ss0|b9600|mechanism,dar__dcsbm__n1500__f0__a0.9__c0.15|event_sample_then_full_history|ss0|b9600,event_sample_then_full_history,mechanism,factorial,1575
dar__dcsbm__n1500__f0__a0.9__c0.15|event_sample_then_full_history|ss0|b9600|mechanism_direction,dar__dcsbm__n1500__f0__a0.9__c0.15|event_sample_then_full_history|ss0|b9600,event_sample_then_full_history,mechanism_direction,factorial,1623
dar__dcsbm__n1500__f0__a0.9__c0.15|event_sample_then_full_history|ss0|b9600|mismatched,dar__dcsbm__n1500__f0__a0.9__c0.15|event_sample_then_full_history|ss0|b9600,event_sample_then_full_history,mismatched,mismatched,1544
dar__dcsbm__n1500__f0__a0.9__c0.15|node_panel_full_history|ss0|b2500|direction_only,dar__dcsbm__n1500__f0__a0.9__c0.15|node_panel_full_history|ss0|b2500,node_panel_full_history,direction_only,factorial,1287
dar__dcsbm__n1500__f0__a0.9__c0.15|node_panel_full_history|ss0|b2500|hidden,dar__dcsbm__n1500__f0__a0.9__c0.15|node_panel_full_history|ss0|b2500,node_panel_full_history,hidden,factorial,1240
dar__dcsbm__n1500__f0__a0.9__c0.15|node_panel_full_history|ss0|b2500|mechanism,dar__dcsbm__n1500__f0__a0.9__c0.15|node_panel_full_history|ss0|b2500,node_panel_full_history,mechanism,factorial,1377
dar__dcsbm__n1500__f0__a0.9__c0.15|node_panel_full_history|ss0|b2500|mechanism_direction,dar__dcsbm__n1500__f0__a0.9__c0.15|node_panel_full_history|ss0|b2500,node_panel_full_history,mechanism_direction,factorial,1424
dar__dcsbm__n1500__f0__a0.9__c0.15|recent_history_k20|ws0|b800|direction_only,dar__dcsbm__n1500__f0__a0.9__c0.15|recent_history_k20|ws0|b800,recent_history_k20,direction_only,factorial,1060
dar__dcsbm__n1500__f0__a0.9__c0.15|recent_history_k20|ws0|b800|hidden,dar__dcsbm__n1500__f0__a0.9__c0.15|recent_history_k20|ws0|b800,recent_history_k20,hidden,factorial,1013
dar__dcsbm__n1500__f0__a0.9__c0.15|recent_history_k20|ws0|b800|mechanism,dar__dcsbm__n1500__f0__a0.9__c0.15|recent_history_k20|ws0|b800,recent_history_k20,mechanism,factorial,1173
dar__dcsbm__n1500__f0__a0.9__c0.15|recent_history_k20|ws0|b800|mechanism_direction,dar__dcsbm__n1500__f0__a0.9__c0.15|recent_history_k20|ws0|b800,recent_history_k20,mechanism_direction,factorial,1220
dar__dcsbm__n1500__f0__a0.9__c0.15|time_agnostic_t|ws0|b800|direction_only,dar__dcsbm__n1500__f0__a0.9__c0.15|time_agnostic_t|ws0|b800,time_agnostic_t,direction_only,factorial,1168
dar__dcsbm__n1500__f0__a0.9__c0.15|time_agnostic_t|ws0|b800|hidden,dar__dcsbm__n1500__f0__a0.9__c0.15|time_agnostic_t|ws0|b800,time_agnostic_t,hidden,factorial,1121
dar__dcsbm__n1500__f0__a0.9__c0.15|time_agnostic_t|ws0|b800|mechanism,dar__dcsbm__n1500__f0__a0.9__c0.15|time_agnostic_t|ws0|b800,time_agnostic_t,mechanism,factorial,1244
dar__dcsbm__n1500__f0__a0.9__c0.15|time_agnostic_t|ws0|b800|mechanism_direction,dar__dcsbm__n1500__f0__a0.9__c0.15|time_agnostic_t|ws0|b800,time_agnostic_t,mechanism_direction,factorial,1291
dar__dcsbm__n1500__f0__a0.9__c0.15|time_agnostic_t|ws0|b800|metadata_only,dar__dcsbm__n1500__f0__a0.9__c0.15|time_agnostic_t|ws0|b800,time_agnostic_t,metadata_only,metadata_only,653
dar__dcsbm__n1500__f0__a0.9__c0.15|time_agnostic_t|ws0|b800|mismatched,dar__dcsbm__n1500__f0__a0.9__c0.15|time_agnostic_t|ws0|b800,time_agnostic_t,mismatched,mismatched,1275
dar__dcsbm__n1500__f0__a0.9__c0.15|time_respecting|ws0|b800|direction_only,dar__dcsbm__n1500__f0__a0.9__c0.15|time_respecting|ws0|b800,time_respecting,direction_only,factorial,897
dar__dcsbm__n1500__f0__a0.9__c0.15|time_respecting|ws0|b800|hidden,dar__dcsbm__n1500__f0__a0.9__c0.15|time_respecting|ws0|b800,time_respecting,hidden,factorial,850
dar__dcsbm__n1500__f0__a0.9__c0.15|time_respecting|ws0|b800|mechanism,dar__dcsbm__n1500__f0__a0.9__c0.15|time_respecting|ws0|b800,time_respecting,mechanism,factorial,997
dar__dcsbm__n1500__f0__a0.9__c0.15|time_respecting|ws0|b800|mechanism_direction,dar__dcsbm__n1500__f0__a0.9__c0.15|time_respecting|ws0|b800,time_respecting,mechanism_direction,factorial,1044
dar__dcsbm__n500__f0__a0.1__c0.15|event_sample_then_full_history|ss0|b9600|direction_only,dar__dcsbm__n500__f0__a0.1__c0.15|event_sample_then_full_history|ss0|b9600,event_sample_then_full_history,direction_only,factorial,2089
dar__dcsbm__n500__f0__a0.1__c0.15|event_sample_then_full_history|ss0|b9600|hidden,dar__dcsbm__n500__f0__a0.1__c0.15|event_sample_then_full_history|ss0|b9600,event_sample_then_full_history,hidden,factorial,2041
dar__dcsbm__n500__f0__a0.1__c0.15|event_sample_then_full_history|ss0|b9600|mechanism,dar__dcsbm__n500__f0__a0.1__c0.15|event_sample_then_full_history|ss0|b9600,event_sample_then_full_history,mechanism,factorial,2195
dar__dcsbm__n500__f0__a0.1__c0.15|event_sample_then_full_history|ss0|b9600|mechanism_direction,dar__dcsbm__n500__f0__a0.1__c0.15|event_sample_then_full_history|ss0|b9600,event_sample_then_full_history,mechanism_direction,factorial,2243
dar__dcsbm__n500__f0__a0.1__c0.15|event_sample_then_full_history|ss0|b9600|mismatched,dar__dcsbm__n500__f0__a0.1__c0.15|event_sample_then_full_history|ss0|b9600,event_sample_then_full_history,mismatched,mismatched,2164
dar__dcsbm__n500__f0__a0.1__c0.15|node_panel_full_history|ss0|b2500|direction_only,dar__dcsbm__n500__f0__a0.1__c0.15|node_panel_full_history|ss0|b2500,node_panel_full_history,direction_only,factorial,1726
dar__dcsbm__n500__f0__a0.1__c0.15|node_panel_full_history|ss0|b2500|hidden,dar__dcsbm__n500__f0__a0.1__c0.15|node_panel_full_history|ss0|b2500,node_panel_full_history,hidden,factorial,1679
dar__dcsbm__n500__f0__a0.1__c0.15|node_panel_full_history|ss0|b2500|mechanism,dar__dcsbm__n500__f0__a0.1__c0.15|node_panel_full_history|ss0|b2500,node_panel_full_history,mechanism,factorial,1816
dar__dcsbm__n500__f0__a0.1__c0.15|node_panel_full_history|ss0|b2500|mechanism_direction,dar__dcsbm__n500__f0__a0.1__c0.15|node_panel_full_history|ss0|b2500,node_panel_full_history,mechanism_direction,factorial,1863
dar__dcsbm__n500__f0__a0.1__c0.15|recent_history_k20|ws0|b800|direction_only,dar__dcsbm__n500__f0__a0.1__c0.15|recent_history_k20|ws0|b800,recent_history_k20,direction_only,factorial,976
dar__dcsbm__n500__f0__a0.1__c0.15|recent_history_k20|ws0|b800|hidden,dar__dcsbm__n500__f0__a0.1__c0.15|recent_history_k20|ws0|b800,recent_history_k20,hidden,factorial,929
dar__dcsbm__n500__f0__a0.1__c0.15|recent_history_k20|ws0|b800|mechanism,dar__dcsbm__n500__f0__a0.1__c0.15|recent_history_k20|ws0|b800,recent_history_k20,mechanism,factorial,1089
dar__dcsbm__n500__f0__a0.1__c0.15|recent_history_k20|ws0|b800|mechanism_direction,dar__dcsbm__n500__f0__a0.1__c0.15|recent_history_k20|ws0|b800,recent_history_k20,mechanism_direction,factorial,1136
dar__dcsbm__n500__f0__a0.1__c0.15|time_agnostic_t|ws0|b800|direction_only,dar__dcsbm__n500__f0__a0.1__c0.15|time_agnostic_t|ws0|b800,time_agnostic_t,direction_only,factorial,988
dar__dcsbm__n500__f0__a0.1__c0.15|time_agnostic_t|ws0|b800|hidden,dar__dcsbm__n500__f0__a0.1__c0.15|time_agnostic_t|ws0|b800,time_agnostic_t,hidden,factorial,941
dar__dcsbm__n500__f0__a0.1__c0.15|time_agnostic_t|ws0|b800|mechanism,dar__dcsbm__n500__f0__a0.1__c0.15|time_agnostic_t|ws0|b800,time_agnostic_t,mechanism,factorial,1064
dar__dcsbm__n500__f0__a0.1__c0.15|time_agnostic_t|ws0|b800|mechanism_direction,dar__dcsbm__n500__f0__a0.1__c0.15|time_agnostic_t|ws0|b800,time_agnostic_t,mechanism_direction,factorial,1111
dar__dcsbm__n500__f0__a0.1__c0.15|time_agnostic_t|ws0|b800|metadata_only,dar__dcsbm__n500__f0__a0.1__c0.15|time_agnostic_t|ws0|b800,time_agnostic_t,metadata_only,metadata_only,651
dar__dcsbm__n500__f0__a0.1__c0.15|time_agnostic_t|ws0|b800|mismatched,dar__dcsbm__n500__f0__a0.1__c0.15|time_agnostic_t|ws0|b800,time_agnostic_t,mismatched,mismatched,1095
dar__dcsbm__n500__f0__a0.1__c0.15|time_respecting|ws0|b800|direction_only,dar__dcsbm__n500__f0__a0.1__c0.15|time_respecting|ws0|b800,time_respecting,direction_only,factorial,947
dar__dcsbm__n500__f0__a0.1__c0.15|time_respecting|ws0|b800|hidden,dar__dcsbm__n500__f0__a0.1__c0.15|time_respecting|ws0|b800,time_respecting,hidden,factorial,900
dar__dcsbm__n500__f0__a0.1__c0.15|time_respecting|ws0|b800|mechanism,dar__dcsbm__n500__f0__a0.1__c0.15|time_respecting|ws0|b800,time_respecting,mechanism,factorial,1047
dar__dcsbm__n500__f0__a0.1__c0.15|time_respecting|ws0|b800|mechanism_direction,dar__dcsbm__n500__f0__a0.1__c0.15|time_respecting|ws0|b800,time_respecting,mechanism_direction,factorial,1094
dar__dcsbm__n500__f0__a0.9__c0.15|event_sample_then_full_history|ss0|b9600|direction_only,dar__dcsbm__n500__f0__a0.9__c0.15|event_sample_then_full_history|ss0|b9600,event_sample_then_full_history,direction_only,factorial,1472
dar__dcsbm__n500__f0__a0.9__c0.15|event_sample_then_full_history|ss0|b9600|hidden,dar__dcsbm__n500__f0__a0.9__c0.15|event_sample_then_full_history|ss0|b9600,event_sample_then_full_history,hidden,factorial,1424
dar__dcsbm__n500__f0__a0.9__c0.15|event_sample_then_full_history|ss0|b9600|mechanism,dar__dcsbm__n500__f0__a0.9__c0.15|event_sample_then_full_history|ss0|b9600,event_sample_then_full_history,mechanism,factorial,1578
dar__dcsbm__n500__f0__a0.9__c0.15|event_sample_then_full_history|ss0|b9600|mechanism_direction,dar__dcsbm__n500__f0__a0.9__c0.15|event_sample_then_full_history|ss0|b9600,event_sample_then_full_history,mechanism_direction,factorial,1626
dar__dcsbm__n500__f0__a0.9__c0.15|event_sample_then_full_history|ss0|b9600|mismatched,dar__dcsbm__n500__f0__a0.9__c0.15|event_sample_then_full_history|ss0|b9600,event_sample_then_full_history,mismatched,mismatched,1547
dar__dcsbm__n500__f0__a0.9__c0.15|event_sample_then_full_history|ss1|b9600|slot1|hidden,dar__dcsbm__n500__f0__a0.9__c0.15|event_sample_then_full_history|ss1|b9600,event_sample_then_full_history,hidden,seed_replication,1424
dar__dcsbm__n500__f0__a0.9__c0.15|event_sample_then_full_history|ss1|b9600|slot1|mechanism,dar__dcsbm__n500__f0__a0.9__c0.15|event_sample_then_full_history|ss1|b9600,event_sample_then_full_history,mechanism,seed_replication,1578
dar__dcsbm__n500__f0__a0.9__c0.15|event_sample_then_full_history|ss2|b9600|slot2|hidden,dar__dcsbm__n500__f0__a0.9__c0.15|event_sample_then_full_history|ss2|b9600,event_sample_then_full_history,hidden,seed_replication,1424
dar__dcsbm__n500__f0__a0.9__c0.15|event_sample_then_full_history|ss2|b9600|slot2|mechanism,dar__dcsbm__n500__f0__a0.9__c0.15|event_sample_then_full_history|ss2|b9600,event_sample_then_full_history,mechanism,seed_replication,1578
dar__dcsbm__n500__f0__a0.9__c0.15|event_sample_then_full_history|ss3|b9600|slot3|hidden,dar__dcsbm__n500__f0__a0.9__c0.15|event_sample_then_full_history|ss3|b9600,event_sample_then_full_history,hidden,seed_replication,1424
dar__dcsbm__n500__f0__a0.9__c0.15|event_sample_then_full_history|ss3|b9600|slot3|mechanism,dar__dcsbm__n500__f0__a0.9__c0.15|event_sample_then_full_history|ss3|b9600,event_sample_then_full_history,mechanism,seed_replication,1578
dar__dcsbm__n500__f0__a0.9__c0.15|node_panel_full_history|ss0|b2500|direction_only,dar__dcsbm__n500__f0__a0.9__c0.15|node_panel_full_history|ss0|b2500,node_panel_full_history,direction_only,factorial,1311
dar__dcsbm__n500__f0__a0.9__c0.15|node_panel_full_history|ss0|b2500|hidden,dar__dcsbm__n500__f0__a0.9__c0.15|node_panel_full_history|ss0|b2500,node_panel_full_history,hidden,factorial,1264
dar__dcsbm__n500__f0__a0.9__c0.15|node_panel_full_history|ss0|b2500|mechanism,dar__dcsbm__n500__f0__a0.9__c0.15|node_panel_full_history|ss0|b2500,node_panel_full_history,mechanism,factorial,1401
dar__dcsbm__n500__f0__a0.9__c0.15|node_panel_full_history|ss0|b2500|mechanism_direction,dar__dcsbm__n500__f0__a0.9__c0.15|node_panel_full_history|ss0|b2500,node_panel_full_history,mechanism_direction,factorial,1448
dar__dcsbm__n500__f0__a0.9__c0.15|node_panel_full_history|ss1|b2500|slot1|hidden,dar__dcsbm__n500__f0__a0.9__c0.15|node_panel_full_history|ss1|b2500,node_panel_full_history,hidden,seed_replication,1221
dar__dcsbm__n500__f0__a0.9__c0.15|node_panel_full_history|ss1|b2500|slot1|mechanism,dar__dcsbm__n500__f0__a0.9__c0.15|node_panel_full_history|ss1|b2500,node_panel_full_history,mechanism,seed_replication,1358
dar__dcsbm__n500__f0__a0.9__c0.15|node_panel_full_history|ss2|b2500|slot2|hidden,dar__dcsbm__n500__f0__a0.9__c0.15|node_panel_full_history|ss2|b2500,node_panel_full_history,hidden,seed_replication,1267
dar__dcsbm__n500__f0__a0.9__c0.15|node_panel_full_history|ss2|b2500|slot2|mechanism,dar__dcsbm__n500__f0__a0.9__c0.15|node_panel_full_history|ss2|b2500,node_panel_full_history,mechanism,seed_replication,1404
dar__dcsbm__n500__f0__a0.9__c0.15|node_panel_full_history|ss3|b2500|slot3|hidden,dar__dcsbm__n500__f0__a0.9__c0.15|node_panel_full_history|ss3|b2500,node_panel_full_history,hidden,seed_replication,1221
dar__dcsbm__n500__f0__a0.9__c0.15|node_panel_full_history|ss3|b2500|slot3|mechanism,dar__dcsbm__n500__f0__a0.9__c0.15|node_panel_full_history|ss3|b2500,node_panel_full_history,mechanism,seed_replication,1358
dar__dcsbm__n500__f0__a0.9__c0.15|recent_history_k20|ws0|b800|direction_only,dar__dcsbm__n500__f0__a0.9__c0.15|recent_history_k20|ws0|b800,recent_history_k20,direction_only,factorial,1176
dar__dcsbm__n500__f0__a0.9__c0.15|recent_history_k20|ws0|b800|hidden,dar__dcsbm__n500__f0__a0.9__c0.15|recent_history_k20|ws0|b800,recent_history_k20,hidden,factorial,1129
dar__dcsbm__n500__f0__a0.9__c0.15|recent_history_k20|ws0|b800|mechanism,dar__dcsbm__n500__f0__a0.9__c0.15|recent_history_k20|ws0|b800,recent_history_k20,mechanism,factorial,1289
dar__dcsbm__n500__f0__a0.9__c0.15|recent_history_k20|ws0|b800|mechanism_direction,dar__dcsbm__n500__f0__a0.9__c0.15|recent_history_k20|ws0|b800,recent_history_k20,mechanism_direction,factorial,1336
dar__dcsbm__n500__f0__a0.9__c0.15|recent_history_k20|ws1|b800|slot1|hidden,dar__dcsbm__n500__f0__a0.9__c0.15|recent_history_k20|ws1|b800,recent_history_k20,hidden,seed_replication,1107
dar__dcsbm__n500__f0__a0.9__c0.15|recent_history_k20|ws1|b800|slot1|mechanism,dar__dcsbm__n500__f0__a0.9__c0.15|recent_history_k20|ws1|b800,recent_history_k20,mechanism,seed_replication,1267
dar__dcsbm__n500__f0__a0.9__c0.15|recent_history_k20|ws2|b800|slot2|hidden,dar__dcsbm__n500__f0__a0.9__c0.15|recent_history_k20|ws2|b800,recent_history_k20,hidden,seed_replication,1120
dar__dcsbm__n500__f0__a0.9__c0.15|recent_history_k20|ws2|b800|slot2|mechanism,dar__dcsbm__n500__f0__a0.9__c0.15|recent_history_k20|ws2|b800,recent_history_k20,mechanism,seed_replication,1280
dar__dcsbm__n500__f0__a0.9__c0.15|recent_history_k20|ws3|b800|slot3|hidden,dar__dcsbm__n500__f0__a0.9__c0.15|recent_history_k20|ws3|b800,recent_history_k20,hidden,seed_replication,1091
dar__dcsbm__n500__f0__a0.9__c0.15|recent_history_k20|ws3|b800|slot3|mechanism,dar__dcsbm__n500__f0__a0.9__c0.15|recent_history_k20|ws3|b800,recent_history_k20,mechanism,seed_replication,1251
dar__dcsbm__n500__f0__a0.9__c0.15|time_agnostic_t|ws0|b800|direction_only,dar__dcsbm__n500__f0__a0.9__c0.15|time_agnostic_t|ws0|b800,time_agnostic_t,direction_only,factorial,804
dar__dcsbm__n500__f0__a0.9__c0.15|time_agnostic_t|ws0|b800|hidden,dar__dcsbm__n500__f0__a0.9__c0.15|time_agnostic_t|ws0|b800,time_agnostic_t,hidden,factorial,757
dar__dcsbm__n500__f0__a0.9__c0.15|time_agnostic_t|ws0|b800|mechanism,dar__dcsbm__n500__f0__a0.9__c0.15|time_agnostic_t|ws0|b800,time_agnostic_t,mechanism,factorial,880
dar__dcsbm__n500__f0__a0.9__c0.15|time_agnostic_t|ws0|b800|mechanism_direction,dar__dcsbm__n500__f0__a0.9__c0.15|time_agnostic_t|ws0|b800,time_agnostic_t,mechanism_direction,factorial,927
dar__dcsbm__n500__f0__a0.9__c0.15|time_agnostic_t|ws0|b800|metadata_only,dar__dcsbm__n500__f0__a0.9__c0.15|time_agnostic_t|ws0|b800,time_agnostic_t,metadata_only,metadata_only,651
dar__dcsbm__n500__f0__a0.9__c0.15|time_agnostic_t|ws0|b800|mismatched,dar__dcsbm__n500__f0__a0.9__c0.15|time_agnostic_t|ws0|b800,time_agnostic_t,mismatched,mismatched,911
dar__dcsbm__n500__f0__a0.9__c0.15|time_agnostic_t|ws1|b800|slot1|hidden,dar__dcsbm__n500__f0__a0.9__c0.15|time_agnostic_t|ws1|b800,time_agnostic_t,hidden,seed_replication,1260
dar__dcsbm__n500__f0__a0.9__c0.15|time_agnostic_t|ws1|b800|slot1|mechanism,dar__dcsbm__n500__f0__a0.9__c0.15|time_agnostic_t|ws1|b800,time_agnostic_t,mechanism,seed_replication,1383
dar__dcsbm__n500__f0__a0.9__c0.15|time_agnostic_t|ws2|b800|slot2|hidden,dar__dcsbm__n500__f0__a0.9__c0.15|time_agnostic_t|ws2|b800,time_agnostic_t,hidden,seed_replication,1206
dar__dcsbm__n500__f0__a0.9__c0.15|time_agnostic_t|ws2|b800|slot2|mechanism,dar__dcsbm__n500__f0__a0.9__c0.15|time_agnostic_t|ws2|b800,time_agnostic_t,mechanism,seed_replication,1329
dar__dcsbm__n500__f0__a0.9__c0.15|time_agnostic_t|ws3|b800|slot3|hidden,dar__dcsbm__n500__f0__a0.9__c0.15|time_agnostic_t|ws3|b800,time_agnostic_t,hidden,seed_replication,1192
dar__dcsbm__n500__f0__a0.9__c0.15|time_agnostic_t|ws3|b800|slot3|mechanism,dar__dcsbm__n500__f0__a0.9__c0.15|time_agnostic_t|ws3|b800,time_agnostic_t,mechanism,seed_replication,1315
dar__dcsbm__n500__f0__a0.9__c0.15|time_respecting|ws0|b800|direction_only,dar__dcsbm__n500__f0__a0.9__c0.15|time_respecting|ws0|b800,time_respecting,direction_only,factorial,1019
dar__dcsbm__n500__f0__a0.9__c0.15|time_respecting|ws0|b800|hidden,dar__dcsbm__n500__f0__a0.9__c0.15|time_respecting|ws0|b800,time_respecting,hidden,factorial,972
dar__dcsbm__n500__f0__a0.9__c0.15|time_respecting|ws0|b800|mechanism,dar__dcsbm__n500__f0__a0.9__c0.15|time_respecting|ws0|b800,time_respecting,mechanism,factorial,1119
dar__dcsbm__n500__f0__a0.9__c0.15|time_respecting|ws0|b800|mechanism_direction,dar__dcsbm__n500__f0__a0.9__c0.15|time_respecting|ws0|b800,time_respecting,mechanism_direction,factorial,1166
dar__dcsbm__n500__f0__a0.9__c0.15|time_respecting|ws1|b800|slot1|hidden,dar__dcsbm__n500__f0__a0.9__c0.15|time_respecting|ws1|b800,time_respecting,hidden,seed_replication,944
dar__dcsbm__n500__f0__a0.9__c0.15|time_respecting|ws1|b800|slot1|mechanism,dar__dcsbm__n500__f0__a0.9__c0.15|time_respecting|ws1|b800,time_respecting,mechanism,seed_replication,1091
dar__dcsbm__n500__f0__a0.9__c0.15|time_respecting|ws2|b800|slot2|hidden,dar__dcsbm__n500__f0__a0.9__c0.15|time_respecting|ws2|b800,time_respecting,hidden,seed_replication,950
dar__dcsbm__n500__f0__a0.9__c0.15|time_respecting|ws2|b800|slot2|mechanism,dar__dcsbm__n500__f0__a0.9__c0.15|time_respecting|ws2|b800,time_respecting,mechanism,seed_replication,1097
dar__dcsbm__n500__f0__a0.9__c0.15|time_respecting|ws3|b800|slot3|hidden,dar__dcsbm__n500__f0__a0.9__c0.15|time_respecting|ws3|b800,time_respecting,hidden,seed_replication,950
dar__dcsbm__n500__f0__a0.9__c0.15|time_respecting|ws3|b800|slot3|mechanism,dar__dcsbm__n500__f0__a0.9__c0.15|time_respecting|ws3|b800,time_respecting,mechanism,seed_replication,1097
real__snap_bitcoin_otc|event_sample_then_full_history|ss0|b9600|direction_only,real__snap_bitcoin_otc|event_sample_then_full_history|ss0|b9600,event_sample_then_full_history,direction_only,factorial,946
real__snap_bitcoin_otc|event_sample_then_full_history|ss0|b9600|hidden,real__snap_bitcoin_otc|event_sample_then_full_history|ss0|b9600,event_sample_then_full_history,hidden,factorial,898
real__snap_bitcoin_otc|event_sample_then_full_history|ss0|b9600|mechanism,real__snap_bitcoin_otc|event_sample_then_full_history|ss0|b9600,event_sample_then_full_history,mechanism,factorial,1052
real__snap_bitcoin_otc|event_sample_then_full_history|ss0|b9600|mechanism_direction,real__snap_bitcoin_otc|event_sample_then_full_history|ss0|b9600,event_sample_then_full_history,mechanism_direction,factorial,1100
real__snap_bitcoin_otc|event_sample_then_full_history|ss0|b9600|mismatched,real__snap_bitcoin_otc|event_sample_then_full_history|ss0|b9600,event_sample_then_full_history,mismatched,mismatched,1021
real__snap_bitcoin_otc|event_sample_then_full_history|ss1|b9600|slot1|hidden,real__snap_bitcoin_otc|event_sample_then_full_history|ss1|b9600,event_sample_then_full_history,hidden,seed_replication,898
real__snap_bitcoin_otc|event_sample_then_full_history|ss1|b9600|slot1|mechanism,real__snap_bitcoin_otc|event_sample_then_full_history|ss1|b9600,event_sample_then_full_history,mechanism,seed_replication,1052
real__snap_bitcoin_otc|event_sample_then_full_history|ss2|b9600|slot2|hidden,real__snap_bitcoin_otc|event_sample_then_full_history|ss2|b9600,event_sample_then_full_history,hidden,seed_replication,890
real__snap_bitcoin_otc|event_sample_then_full_history|ss2|b9600|slot2|mechanism,real__snap_bitcoin_otc|event_sample_then_full_history|ss2|b9600,event_sample_then_full_history,mechanism,seed_replication,1044
real__snap_bitcoin_otc|event_sample_then_full_history|ss3|b9600|slot3|hidden,real__snap_bitcoin_otc|event_sample_then_full_history|ss3|b9600,event_sample_then_full_history,hidden,seed_replication,891
real__snap_bitcoin_otc|event_sample_then_full_history|ss3|b9600|slot3|mechanism,real__snap_bitcoin_otc|event_sample_then_full_history|ss3|b9600,event_sample_then_full_history,mechanism,seed_replication,1045
real__snap_bitcoin_otc|node_panel_full_history|ss0|b2500|direction_only,real__snap_bitcoin_otc|node_panel_full_history|ss0|b2500,node_panel_full_history,direction_only,factorial,913
real__snap_bitcoin_otc|node_panel_full_history|ss0|b2500|hidden,real__snap_bitcoin_otc|node_panel_full_history|ss0|b2500,node_panel_full_history,hidden,factorial,866
real__snap_bitcoin_otc|node_panel_full_history|ss0|b2500|mechanism,real__snap_bitcoin_otc|node_panel_full_history|ss0|b2500,node_panel_full_history,mechanism,factorial,1003
real__snap_bitcoin_otc|node_panel_full_history|ss0|b2500|mechanism_direction,real__snap_bitcoin_otc|node_panel_full_history|ss0|b2500,node_panel_full_history,mechanism_direction,factorial,1050
real__snap_bitcoin_otc|node_panel_full_history|ss1|b2500|slot1|hidden,real__snap_bitcoin_otc|node_panel_full_history|ss1|b2500,node_panel_full_history,hidden,seed_replication,874
real__snap_bitcoin_otc|node_panel_full_history|ss1|b2500|slot1|mechanism,real__snap_bitcoin_otc|node_panel_full_history|ss1|b2500,node_panel_full_history,mechanism,seed_replication,1011
real__snap_bitcoin_otc|node_panel_full_history|ss2|b2500|slot2|hidden,real__snap_bitcoin_otc|node_panel_full_history|ss2|b2500,node_panel_full_history,hidden,seed_replication,868
real__snap_bitcoin_otc|node_panel_full_history|ss2|b2500|slot2|mechanism,real__snap_bitcoin_otc|node_panel_full_history|ss2|b2500,node_panel_full_history,mechanism,seed_replication,1005
real__snap_bitcoin_otc|node_panel_full_history|ss3|b2500|slot3|hidden,real__snap_bitcoin_otc|node_panel_full_history|ss3|b2500,node_panel_full_history,hidden,seed_replication,882
real__snap_bitcoin_otc|node_panel_full_history|ss3|b2500|slot3|mechanism,real__snap_bitcoin_otc|node_panel_full_history|ss3|b2500,node_panel_full_history,mechanism,seed_replication,1019
real__snap_bitcoin_otc|recent_history_k20|ws0|b800|direction_only,real__snap_bitcoin_otc|recent_history_k20|ws0|b800,recent_history_k20,direction_only,factorial,880
real__snap_bitcoin_otc|recent_history_k20|ws0|b800|hidden,real__snap_bitcoin_otc|recent_history_k20|ws0|b800,recent_history_k20,hidden,factorial,833
real__snap_bitcoin_otc|recent_history_k20|ws0|b800|mechanism,real__snap_bitcoin_otc|recent_history_k20|ws0|b800,recent_history_k20,mechanism,factorial,993
real__snap_bitcoin_otc|recent_history_k20|ws0|b800|mechanism_direction,real__snap_bitcoin_otc|recent_history_k20|ws0|b800,recent_history_k20,mechanism_direction,factorial,1040
real__snap_bitcoin_otc|recent_history_k20|ws1|b800|slot1|hidden,real__snap_bitcoin_otc|recent_history_k20|ws1|b800,recent_history_k20,hidden,seed_replication,840
real__snap_bitcoin_otc|recent_history_k20|ws1|b800|slot1|mechanism,real__snap_bitcoin_otc|recent_history_k20|ws1|b800,recent_history_k20,mechanism,seed_replication,1000
real__snap_bitcoin_otc|recent_history_k20|ws2|b800|slot2|hidden,real__snap_bitcoin_otc|recent_history_k20|ws2|b800,recent_history_k20,hidden,seed_replication,826
real__snap_bitcoin_otc|recent_history_k20|ws2|b800|slot2|mechanism,real__snap_bitcoin_otc|recent_history_k20|ws2|b800,recent_history_k20,mechanism,seed_replication,986
real__snap_bitcoin_otc|recent_history_k20|ws3|b800|slot3|hidden,real__snap_bitcoin_otc|recent_history_k20|ws3|b800,recent_history_k20,hidden,seed_replication,833
real__snap_bitcoin_otc|recent_history_k20|ws3|b800|slot3|mechanism,real__snap_bitcoin_otc|recent_history_k20|ws3|b800,recent_history_k20,mechanism,seed_replication,993
real__snap_bitcoin_otc|time_agnostic_t|ws0|b800|direction_only,real__snap_bitcoin_otc|time_agnostic_t|ws0|b800,time_agnostic_t,direction_only,factorial,910
real__snap_bitcoin_otc|time_agnostic_t|ws0|b800|hidden,real__snap_bitcoin_otc|time_agnostic_t|ws0|b800,time_agnostic_t,hidden,factorial,863
real__snap_bitcoin_otc|time_agnostic_t|ws0|b800|mechanism,real__snap_bitcoin_otc|time_agnostic_t|ws0|b800,time_agnostic_t,mechanism,factorial,986
real__snap_bitcoin_otc|time_agnostic_t|ws0|b800|mechanism_direction,real__snap_bitcoin_otc|time_agnostic_t|ws0|b800,time_agnostic_t,mechanism_direction,factorial,1033
real__snap_bitcoin_otc|time_agnostic_t|ws0|b800|metadata_only,real__snap_bitcoin_otc|time_agnostic_t|ws0|b800,time_agnostic_t,metadata_only,metadata_only,653
real__snap_bitcoin_otc|time_agnostic_t|ws0|b800|mismatched,real__snap_bitcoin_otc|time_agnostic_t|ws0|b800,time_agnostic_t,mismatched,mismatched,1017
real__snap_bitcoin_otc|time_agnostic_t|ws1|b800|slot1|hidden,real__snap_bitcoin_otc|time_agnostic_t|ws1|b800,time_agnostic_t,hidden,seed_replication,862
real__snap_bitcoin_otc|time_agnostic_t|ws1|b800|slot1|mechanism,real__snap_bitcoin_otc|time_agnostic_t|ws1|b800,time_agnostic_t,mechanism,seed_replication,985
real__snap_bitcoin_otc|time_agnostic_t|ws2|b800|slot2|hidden,real__snap_bitcoin_otc|time_agnostic_t|ws2|b800,time_agnostic_t,hidden,seed_replication,862
real__snap_bitcoin_otc|time_agnostic_t|ws2|b800|slot2|mechanism,real__snap_bitcoin_otc|time_agnostic_t|ws2|b800,time_agnostic_t,mechanism,seed_replication,985
real__snap_bitcoin_otc|time_agnostic_t|ws3|b800|slot3|hidden,real__snap_bitcoin_otc|time_agnostic_t|ws3|b800,time_agnostic_t,hidden,seed_replication,855
real__snap_bitcoin_otc|time_agnostic_t|ws3|b800|slot3|mechanism,real__snap_bitcoin_otc|time_agnostic_t|ws3|b800,time_agnostic_t,mechanism,seed_replication,978
real__snap_bitcoin_otc|time_respecting|ws0|b800|direction_only,real__snap_bitcoin_otc|time_respecting|ws0|b800,time_respecting,direction_only,factorial,899
real__snap_bitcoin_otc|time_respecting|ws0|b800|hidden,real__snap_bitcoin_otc|time_respecting|ws0|b800,time_respecting,hidden,factorial,852
real__snap_bitcoin_otc|time_respecting|ws0|b800|mechanism,real__snap_bitcoin_otc|time_respecting|ws0|b800,time_respecting,mechanism,factorial,999
real__snap_bitcoin_otc|time_respecting|ws0|b800|mechanism_direction,real__snap_bitcoin_otc|time_respecting|ws0|b800,time_respecting,mechanism_direction,factorial,1046
real__snap_bitcoin_otc|time_respecting|ws1|b800|slot1|hidden,real__snap_bitcoin_otc|time_respecting|ws1|b800,time_respecting,hidden,seed_replication,861
real__snap_bitcoin_otc|time_respecting|ws1|b800|slot1|mechanism,real__snap_bitcoin_otc|time_respecting|ws1|b800,time_respecting,mechanism,seed_replication,1008
real__snap_bitcoin_otc|time_respecting|ws2|b800|slot2|hidden,real__snap_bitcoin_otc|time_respecting|ws2|b800,time_respecting,hidden,seed_replication,868
real__snap_bitcoin_otc|time_respecting|ws2|b800|slot2|mechanism,real__snap_bitcoin_otc|time_respecting|ws2|b800,time_respecting,mechanism,seed_replication,1015
real__snap_bitcoin_otc|time_respecting|ws3|b800|slot3|hidden,real__snap_bitcoin_otc|time_respecting|ws3|b800,time_respecting,hidden,seed_replication,840
real__snap_bitcoin_otc|time_respecting|ws3|b800|slot3|mechanism,real__snap_bitcoin_otc|time_respecting|ws3|b800,time_respecting,mechanism,seed_replication,987
real__snap_collegemsg|event_sample_then_full_history|ss0|b9600|direction_only,real__snap_collegemsg|event_sample_then_full_history|ss0|b9600,event_sample_then_full_history,direction_only,factorial,2497
real__snap_collegemsg|event_sample_then_full_history|ss0|b9600|hidden,real__snap_collegemsg|event_sample_then_full_history|ss0|b9600,event_sample_then_full_history,hidden,factorial,2449
real__snap_collegemsg|event_sample_then_full_history|ss0|b9600|mechanism,real__snap_collegemsg|event_sample_then_full_history|ss0|b9600,event_sample_then_full_history,mechanism,factorial,2603
real__snap_collegemsg|event_sample_then_full_history|ss0|b9600|mechanism_direction,real__snap_collegemsg|event_sample_then_full_history|ss0|b9600,event_sample_then_full_history,mechanism_direction,factorial,2651
real__snap_collegemsg|event_sample_then_full_history|ss0|b9600|mismatched,real__snap_collegemsg|event_sample_then_full_history|ss0|b9600,event_sample_then_full_history,mismatched,mismatched,2572
real__snap_collegemsg|event_sample_then_full_history|ss1|b9600|slot1|hidden,real__snap_collegemsg|event_sample_then_full_history|ss1|b9600,event_sample_then_full_history,hidden,seed_replication,2449
real__snap_collegemsg|event_sample_then_full_history|ss1|b9600|slot1|mechanism,real__snap_collegemsg|event_sample_then_full_history|ss1|b9600,event_sample_then_full_history,mechanism,seed_replication,2603
real__snap_collegemsg|event_sample_then_full_history|ss2|b9600|slot2|hidden,real__snap_collegemsg|event_sample_then_full_history|ss2|b9600,event_sample_then_full_history,hidden,seed_replication,2477
real__snap_collegemsg|event_sample_then_full_history|ss2|b9600|slot2|mechanism,real__snap_collegemsg|event_sample_then_full_history|ss2|b9600,event_sample_then_full_history,mechanism,seed_replication,2631
real__snap_collegemsg|event_sample_then_full_history|ss3|b9600|slot3|hidden,real__snap_collegemsg|event_sample_then_full_history|ss3|b9600,event_sample_then_full_history,hidden,seed_replication,2447
real__snap_collegemsg|event_sample_then_full_history|ss3|b9600|slot3|mechanism,real__snap_collegemsg|event_sample_then_full_history|ss3|b9600,event_sample_then_full_history,mechanism,seed_replication,2601
real__snap_collegemsg|node_panel_full_history|ss0|b2500|direction_only,real__snap_collegemsg|node_panel_full_history|ss0|b2500,node_panel_full_history,direction_only,factorial,1461
real__snap_collegemsg|node_panel_full_history|ss0|b2500|hidden,real__snap_collegemsg|node_panel_full_history|ss0|b2500,node_panel_full_history,hidden,factorial,1414
real__snap_collegemsg|node_panel_full_history|ss0|b2500|mechanism,real__snap_collegemsg|node_panel_full_history|ss0|b2500,node_panel_full_history,mechanism,factorial,1551
real__snap_collegemsg|node_panel_full_history|ss0|b2500|mechanism_direction,real__snap_collegemsg|node_panel_full_history|ss0|b2500,node_panel_full_history,mechanism_direction,factorial,1598
real__snap_collegemsg|node_panel_full_history|ss1|b2500|slot1|hidden,real__snap_collegemsg|node_panel_full_history|ss1|b2500,node_panel_full_history,hidden,seed_replication,1317
real__snap_collegemsg|node_panel_full_history|ss1|b2500|slot1|mechanism,real__snap_collegemsg|node_panel_full_history|ss1|b2500,node_panel_full_history,mechanism,seed_replication,1454
real__snap_collegemsg|node_panel_full_history|ss2|b2500|slot2|hidden,real__snap_collegemsg|node_panel_full_history|ss2|b2500,node_panel_full_history,hidden,seed_replication,1414
real__snap_collegemsg|node_panel_full_history|ss2|b2500|slot2|mechanism,real__snap_collegemsg|node_panel_full_history|ss2|b2500,node_panel_full_history,mechanism,seed_replication,1551
real__snap_collegemsg|node_panel_full_history|ss3|b2500|slot3|hidden,real__snap_collegemsg|node_panel_full_history|ss3|b2500,node_panel_full_history,hidden,seed_replication,1391
real__snap_collegemsg|node_panel_full_history|ss3|b2500|slot3|mechanism,real__snap_collegemsg|node_panel_full_history|ss3|b2500,node_panel_full_history,mechanism,seed_replication,1528
real__snap_collegemsg|recent_history_k20|ws0|b800|direction_only,real__snap_collegemsg|recent_history_k20|ws0|b800,recent_history_k20,direction_only,factorial,920
real__snap_collegemsg|recent_history_k20|ws0|b800|hidden,real__snap_collegemsg|recent_history_k20|ws0|b800,recent_history_k20,hidden,factorial,873
real__snap_collegemsg|recent_history_k20|ws0|b800|mechanism,real__snap_collegemsg|recent_history_k20|ws0|b800,recent_history_k20,mechanism,factorial,1033
real__snap_collegemsg|recent_history_k20|ws0|b800|mechanism_direction,real__snap_collegemsg|recent_history_k20|ws0|b800,recent_history_k20,mechanism_direction,factorial,1080
real__snap_collegemsg|recent_history_k20|ws1|b800|slot1|hidden,real__snap_collegemsg|recent_history_k20|ws1|b800,recent_history_k20,hidden,seed_replication,886
real__snap_collegemsg|recent_history_k20|ws1|b800|slot1|mechanism,real__snap_collegemsg|recent_history_k20|ws1|b800,recent_history_k20,mechanism,seed_replication,1046
real__snap_collegemsg|recent_history_k20|ws2|b800|slot2|hidden,real__snap_collegemsg|recent_history_k20|ws2|b800,recent_history_k20,hidden,seed_replication,881
real__snap_collegemsg|recent_history_k20|ws2|b800|slot2|mechanism,real__snap_collegemsg|recent_history_k20|ws2|b800,recent_history_k20,mechanism,seed_replication,1041
real__snap_collegemsg|recent_history_k20|ws3|b800|slot3|hidden,real__snap_collegemsg|recent_history_k20|ws3|b800,recent_history_k20,hidden,seed_replication,888
real__snap_collegemsg|recent_history_k20|ws3|b800|slot3|mechanism,real__snap_collegemsg|recent_history_k20|ws3|b800,recent_history_k20,mechanism,seed_replication,1048
real__snap_collegemsg|time_agnostic_t|ws0|b800|direction_only,real__snap_collegemsg|time_agnostic_t|ws0|b800,time_agnostic_t,direction_only,factorial,900
real__snap_collegemsg|time_agnostic_t|ws0|b800|hidden,real__snap_collegemsg|time_agnostic_t|ws0|b800,time_agnostic_t,hidden,factorial,853
real__snap_collegemsg|time_agnostic_t|ws0|b800|mechanism,real__snap_collegemsg|time_agnostic_t|ws0|b800,time_agnostic_t,mechanism,factorial,976
real__snap_collegemsg|time_agnostic_t|ws0|b800|mechanism_direction,real__snap_collegemsg|time_agnostic_t|ws0|b800,time_agnostic_t,mechanism_direction,factorial,1023
real__snap_collegemsg|time_agnostic_t|ws0|b800|metadata_only,real__snap_collegemsg|time_agnostic_t|ws0|b800,time_agnostic_t,metadata_only,metadata_only,653
real__snap_collegemsg|time_agnostic_t|ws0|b800|mismatched,real__snap_collegemsg|time_agnostic_t|ws0|b800,time_agnostic_t,mismatched,mismatched,1007
real__snap_collegemsg|time_agnostic_t|ws1|b800|slot1|hidden,real__snap_collegemsg|time_agnostic_t|ws1|b800,time_agnostic_t,hidden,seed_replication,846
real__snap_collegemsg|time_agnostic_t|ws1|b800|slot1|mechanism,real__snap_collegemsg|time_agnostic_t|ws1|b800,time_agnostic_t,mechanism,seed_replication,969
real__snap_collegemsg|time_agnostic_t|ws2|b800|slot2|hidden,real__snap_collegemsg|time_agnostic_t|ws2|b800,time_agnostic_t,hidden,seed_replication,847
real__snap_collegemsg|time_agnostic_t|ws2|b800|slot2|mechanism,real__snap_collegemsg|time_agnostic_t|ws2|b800,time_agnostic_t,mechanism,seed_replication,970
real__snap_collegemsg|time_agnostic_t|ws3|b800|slot3|hidden,real__snap_collegemsg|time_agnostic_t|ws3|b800,time_agnostic_t,hidden,seed_replication,846
real__snap_collegemsg|time_agnostic_t|ws3|b800|slot3|mechanism,real__snap_collegemsg|time_agnostic_t|ws3|b800,time_agnostic_t,mechanism,seed_replication,969
real__snap_collegemsg|time_respecting|ws0|b800|direction_only,real__snap_collegemsg|time_respecting|ws0|b800,time_respecting,direction_only,factorial,1021
real__snap_collegemsg|time_respecting|ws0|b800|hidden,real__snap_collegemsg|time_respecting|ws0|b800,time_respecting,hidden,factorial,974
real__snap_collegemsg|time_respecting|ws0|b800|mechanism,real__snap_collegemsg|time_respecting|ws0|b800,time_respecting,mechanism,factorial,1121
real__snap_collegemsg|time_respecting|ws0|b800|mechanism_direction,real__snap_collegemsg|time_respecting|ws0|b800,time_respecting,mechanism_direction,factorial,1168
real__snap_collegemsg|time_respecting|ws1|b800|slot1|hidden,real__snap_collegemsg|time_respecting|ws1|b800,time_respecting,hidden,seed_replication,968
real__snap_collegemsg|time_respecting|ws1|b800|slot1|mechanism,real__snap_collegemsg|time_respecting|ws1|b800,time_respecting,mechanism,seed_replication,1115
real__snap_collegemsg|time_respecting|ws2|b800|slot2|hidden,real__snap_collegemsg|time_respecting|ws2|b800,time_respecting,hidden,seed_replication,966
real__snap_collegemsg|time_respecting|ws2|b800|slot2|mechanism,real__snap_collegemsg|time_respecting|ws2|b800,time_respecting,mechanism,seed_replication,1113
real__snap_collegemsg|time_respecting|ws3|b800|slot3|hidden,real__snap_collegemsg|time_respecting|ws3|b800,time_respecting,hidden,seed_replication,966
real__snap_collegemsg|time_respecting|ws3|b800|slot3|mechanism,real__snap_collegemsg|time_respecting|ws3|b800,time_respecting,mechanism,seed_replication,1113
real__snap_email_eu|event_sample_then_full_history|ss0|b9600|direction_only,real__snap_email_eu|event_sample_then_full_history|ss0|b9600,event_sample_then_full_history,direction_only,factorial,1138
real__snap_email_eu|event_sample_then_full_history|ss0|b9600|hidden,real__snap_email_eu|event_sample_then_full_history|ss0|b9600,event_sample_then_full_history,hidden,factorial,1090
real__snap_email_eu|event_sample_then_full_history|ss0|b9600|mechanism,real__snap_email_eu|event_sample_then_full_history|ss0|b9600,event_sample_then_full_history,mechanism,factorial,1244
real__snap_email_eu|event_sample_then_full_history|ss0|b9600|mechanism_direction,real__snap_email_eu|event_sample_then_full_history|ss0|b9600,event_sample_then_full_history,mechanism_direction,factorial,1292
real__snap_email_eu|event_sample_then_full_history|ss0|b9600|mismatched,real__snap_email_eu|event_sample_then_full_history|ss0|b9600,event_sample_then_full_history,mismatched,mismatched,1213
real__snap_email_eu|node_panel_full_history|ss0|b2500|direction_only,real__snap_email_eu|node_panel_full_history|ss0|b2500,node_panel_full_history,direction_only,factorial,1556
real__snap_email_eu|node_panel_full_history|ss0|b2500|hidden,real__snap_email_eu|node_panel_full_history|ss0|b2500,node_panel_full_history,hidden,factorial,1509
real__snap_email_eu|node_panel_full_history|ss0|b2500|mechanism,real__snap_email_eu|node_panel_full_history|ss0|b2500,node_panel_full_history,mechanism,factorial,1646
real__snap_email_eu|node_panel_full_history|ss0|b2500|mechanism_direction,real__snap_email_eu|node_panel_full_history|ss0|b2500,node_panel_full_history,mechanism_direction,factorial,1693
real__snap_email_eu|recent_history_k20|ws0|b800|direction_only,real__snap_email_eu|recent_history_k20|ws0|b800,recent_history_k20,direction_only,factorial,1104
real__snap_email_eu|recent_history_k20|ws0|b800|hidden,real__snap_email_eu|recent_history_k20|ws0|b800,recent_history_k20,hidden,factorial,1057
real__snap_email_eu|recent_history_k20|ws0|b800|mechanism,real__snap_email_eu|recent_history_k20|ws0|b800,recent_history_k20,mechanism,factorial,1217
real__snap_email_eu|recent_history_k20|ws0|b800|mechanism_direction,real__snap_email_eu|recent_history_k20|ws0|b800,recent_history_k20,mechanism_direction,factorial,1264
real__snap_email_eu|time_agnostic_t|ws0|b800|direction_only,real__snap_email_eu|time_agnostic_t|ws0|b800,time_agnostic_t,direction_only,factorial,900
real__snap_email_eu|time_agnostic_t|ws0|b800|hidden,real__snap_email_eu|time_agnostic_t|ws0|b800,time_agnostic_t,hidden,factorial,853
real__snap_email_eu|time_agnostic_t|ws0|b800|mechanism,real__snap_email_eu|time_agnostic_t|ws0|b800,time_agnostic_t,mechanism,factorial,976
real__snap_email_eu|time_agnostic_t|ws0|b800|mechanism_direction,real__snap_email_eu|time_agnostic_t|ws0|b800,time_agnostic_t,mechanism_direction,factorial,1023
real__snap_email_eu|time_agnostic_t|ws0|b800|metadata_only,real__snap_email_eu|time_agnostic_t|ws0|b800,time_agnostic_t,metadata_only,metadata_only,653
real__snap_email_eu|time_agnostic_t|ws0|b800|mismatched,real__snap_email_eu|time_agnostic_t|ws0|b800,time_agnostic_t,mismatched,mismatched,1007
real__snap_email_eu|time_respecting|ws0|b800|direction_only,real__snap_email_eu|time_respecting|ws0|b800,time_respecting,direction_only,factorial,1015
real__snap_email_eu|time_respecting|ws0|b800|hidden,real__snap_email_eu|time_respecting|ws0|b800,time_respecting,hidden,factorial,968
real__snap_email_eu|time_respecting|ws0|b800|mechanism,real__snap_email_eu|time_respecting|ws0|b800,time_respecting,mechanism,factorial,1115
real__snap_email_eu|time_respecting|ws0|b800|mechanism_direction,real__snap_email_eu|time_respecting|ws0|b800,time_respecting,mechanism_direction,factorial,1162
real__snap_mathoverflow|event_sample_then_full_history|ss0|b9600|direction_only,real__snap_mathoverflow|event_sample_then_full_history|ss0|b9600,event_sample_then_full_history,direction_only,factorial,3128
real__snap_mathoverflow|event_sample_then_full_history|ss0|b9600|hidden,real__snap_mathoverflow|event_sample_then_full_history|ss0|b9600,event_sample_then_full_history,hidden,factorial,3080
real__snap_mathoverflow|event_sample_then_full_history|ss0|b9600|mechanism,real__snap_mathoverflow|event_sample_then_full_history|ss0|b9600,event_sample_then_full_history,mechanism,factorial,3234
real__snap_mathoverflow|event_sample_then_full_history|ss0|b9600|mechanism_direction,real__snap_mathoverflow|event_sample_then_full_history|ss0|b9600,event_sample_then_full_history,mechanism_direction,factorial,3282
real__snap_mathoverflow|event_sample_then_full_history|ss0|b9600|mismatched,real__snap_mathoverflow|event_sample_then_full_history|ss0|b9600,event_sample_then_full_history,mismatched,mismatched,3203
real__snap_mathoverflow|node_panel_full_history|ss0|b2500|direction_only,real__snap_mathoverflow|node_panel_full_history|ss0|b2500,node_panel_full_history,direction_only,factorial,1292
real__snap_mathoverflow|node_panel_full_history|ss0|b2500|hidden,real__snap_mathoverflow|node_panel_full_history|ss0|b2500,node_panel_full_history,hidden,factorial,1245
real__snap_mathoverflow|node_panel_full_history|ss0|b2500|mechanism,real__snap_mathoverflow|node_panel_full_history|ss0|b2500,node_panel_full_history,mechanism,factorial,1382
real__snap_mathoverflow|node_panel_full_history|ss0|b2500|mechanism_direction,real__snap_mathoverflow|node_panel_full_history|ss0|b2500,node_panel_full_history,mechanism_direction,factorial,1429
real__snap_mathoverflow|recent_history_k20|ws0|b800|direction_only,real__snap_mathoverflow|recent_history_k20|ws0|b800,recent_history_k20,direction_only,factorial,914
real__snap_mathoverflow|recent_history_k20|ws0|b800|hidden,real__snap_mathoverflow|recent_history_k20|ws0|b800,recent_history_k20,hidden,factorial,867
real__snap_mathoverflow|recent_history_k20|ws0|b800|mechanism,real__snap_mathoverflow|recent_history_k20|ws0|b800,recent_history_k20,mechanism,factorial,1027
real__snap_mathoverflow|recent_history_k20|ws0|b800|mechanism_direction,real__snap_mathoverflow|recent_history_k20|ws0|b800,recent_history_k20,mechanism_direction,factorial,1074
real__snap_mathoverflow|time_agnostic_t|ws0|b800|direction_only,real__snap_mathoverflow|time_agnostic_t|ws0|b800,time_agnostic_t,direction_only,factorial,882
real__snap_mathoverflow|time_agnostic_t|ws0|b800|hidden,real__snap_mathoverflow|time_agnostic_t|ws0|b800,time_agnostic_t,hidden,factorial,835
real__snap_mathoverflow|time_agnostic_t|ws0|b800|mechanism,real__snap_mathoverflow|time_agnostic_t|ws0|b800,time_agnostic_t,mechanism,factorial,958
real__snap_mathoverflow|time_agnostic_t|ws0|b800|mechanism_direction,real__snap_mathoverflow|time_agnostic_t|ws0|b800,time_agnostic_t,mechanism_direction,factorial,1005
real__snap_mathoverflow|time_agnostic_t|ws0|b800|metadata_only,real__snap_mathoverflow|time_agnostic_t|ws0|b800,time_agnostic_t,metadata_only,metadata_only,655
real__snap_mathoverflow|time_agnostic_t|ws0|b800|mismatched,real__snap_mathoverflow|time_agnostic_t|ws0|b800,time_agnostic_t,mismatched,mismatched,989
real__snap_mathoverflow|time_respecting|ws0|b800|direction_only,real__snap_mathoverflow|time_respecting|ws0|b800,time_respecting,direction_only,factorial,869
real__snap_mathoverflow|time_respecting|ws0|b800|hidden,real__snap_mathoverflow|time_respecting|ws0|b800,time_respecting,hidden,factorial,822
real__snap_mathoverflow|time_respecting|ws0|b800|mechanism,real__snap_mathoverflow|time_respecting|ws0|b800,time_respecting,mechanism,factorial,969
real__snap_mathoverflow|time_respecting|ws0|b800|mechanism_direction,real__snap_mathoverflow|time_respecting|ws0|b800,time_respecting,mechanism_direction,factorial,1016
real__sp_highschool2013|event_sample_then_full_history|ss0|b9600|direction_only,real__sp_highschool2013|event_sample_then_full_history|ss0|b9600,event_sample_then_full_history,direction_only,factorial,968
real__sp_highschool2013|event_sample_then_full_history|ss0|b9600|hidden,real__sp_highschool2013|event_sample_then_full_history|ss0|b9600,event_sample_then_full_history,hidden,factorial,920
real__sp_highschool2013|event_sample_then_full_history|ss0|b9600|mechanism,real__sp_highschool2013|event_sample_then_full_history|ss0|b9600,event_sample_then_full_history,mechanism,factorial,1074
real__sp_highschool2013|event_sample_then_full_history|ss0|b9600|mechanism_direction,real__sp_highschool2013|event_sample_then_full_history|ss0|b9600,event_sample_then_full_history,mechanism_direction,factorial,1122
real__sp_highschool2013|event_sample_then_full_history|ss0|b9600|mismatched,real__sp_highschool2013|event_sample_then_full_history|ss0|b9600,event_sample_then_full_history,mismatched,mismatched,1043
real__sp_highschool2013|node_panel_full_history|ss0|b2500|direction_only,real__sp_highschool2013|node_panel_full_history|ss0|b2500,node_panel_full_history,direction_only,factorial,1277
real__sp_highschool2013|node_panel_full_history|ss0|b2500|hidden,real__sp_highschool2013|node_panel_full_history|ss0|b2500,node_panel_full_history,hidden,factorial,1230
real__sp_highschool2013|node_panel_full_history|ss0|b2500|mechanism,real__sp_highschool2013|node_panel_full_history|ss0|b2500,node_panel_full_history,mechanism,factorial,1367
real__sp_highschool2013|node_panel_full_history|ss0|b2500|mechanism_direction,real__sp_highschool2013|node_panel_full_history|ss0|b2500,node_panel_full_history,mechanism_direction,factorial,1414
real__sp_highschool2013|recent_history_k20|ws0|b800|direction_only,real__sp_highschool2013|recent_history_k20|ws0|b800,recent_history_k20,direction_only,factorial,1290
real__sp_highschool2013|recent_history_k20|ws0|b800|hidden,real__sp_highschool2013|recent_history_k20|ws0|b800,recent_history_k20,hidden,factorial,1243
real__sp_highschool2013|recent_history_k20|ws0|b800|mechanism,real__sp_highschool2013|recent_history_k20|ws0|b800,recent_history_k20,mechanism,factorial,1403
real__sp_highschool2013|recent_history_k20|ws0|b800|mechanism_direction,real__sp_highschool2013|recent_history_k20|ws0|b800,recent_history_k20,mechanism_direction,factorial,1450
real__sp_highschool2013|time_agnostic_t|ws0|b800|direction_only,real__sp_highschool2013|time_agnostic_t|ws0|b800,time_agnostic_t,direction_only,factorial,961
real__sp_highschool2013|time_agnostic_t|ws0|b800|hidden,real__sp_highschool2013|time_agnostic_t|ws0|b800,time_agnostic_t,hidden,factorial,914
real__sp_highschool2013|time_agnostic_t|ws0|b800|mechanism,real__sp_highschool2013|time_agnostic_t|ws0|b800,time_agnostic_t,mechanism,factorial,1037
real__sp_highschool2013|time_agnostic_t|ws0|b800|mechanism_direction,real__sp_highschool2013|time_agnostic_t|ws0|b800,time_agnostic_t,mechanism_direction,factorial,1084
real__sp_highschool2013|time_agnostic_t|ws0|b800|metadata_only,real__sp_highschool2013|time_agnostic_t|ws0|b800,time_agnostic_t,metadata_only,metadata_only,653
real__sp_highschool2013|time_agnostic_t|ws0|b800|mismatched,real__sp_highschool2013|time_agnostic_t|ws0|b800,time_agnostic_t,mismatched,mismatched,1068
real__sp_highschool2013|time_respecting|ws0|b800|direction_only,real__sp_highschool2013|time_respecting|ws0|b800,time_respecting,direction_only,factorial,1059
real__sp_highschool2013|time_respecting|ws0|b800|hidden,real__sp_highschool2013|time_respecting|ws0|b800,time_respecting,hidden,factorial,1012
real__sp_highschool2013|time_respecting|ws0|b800|mechanism,real__sp_highschool2013|time_respecting|ws0|b800,time_respecting,mechanism,factorial,1159
real__sp_highschool2013|time_respecting|ws0|b800|mechanism_direction,real__sp_highschool2013|time_respecting|ws0|b800,time_respecting,mechanism_direction,factorial,1206
real__sp_hospital|event_sample_then_full_history|ss0|b9600|direction_only,real__sp_hospital|event_sample_then_full_history|ss0|b9600,event_sample_then_full_history,direction_only,factorial,1311
real__sp_hospital|event_sample_then_full_history|ss0|b9600|hidden,real__sp_hospital|event_sample_then_full_history|ss0|b9600,event_sample_then_full_history,hidden,factorial,1263
real__sp_hospital|event_sample_then_full_history|ss0|b9600|mechanism,real__sp_hospital|event_sample_then_full_history|ss0|b9600,event_sample_then_full_history,mechanism,factorial,1417
real__sp_hospital|event_sample_then_full_history|ss0|b9600|mechanism_direction,real__sp_hospital|event_sample_then_full_history|ss0|b9600,event_sample_then_full_history,mechanism_direction,factorial,1465
real__sp_hospital|event_sample_then_full_history|ss0|b9600|mismatched,real__sp_hospital|event_sample_then_full_history|ss0|b9600,event_sample_then_full_history,mismatched,mismatched,1386
real__sp_hospital|node_panel_full_history|ss0|b2500|direction_only,real__sp_hospital|node_panel_full_history|ss0|b2500,node_panel_full_history,direction_only,factorial,1160
real__sp_hospital|node_panel_full_history|ss0|b2500|hidden,real__sp_hospital|node_panel_full_history|ss0|b2500,node_panel_full_history,hidden,factorial,1113
real__sp_hospital|node_panel_full_history|ss0|b2500|mechanism,real__sp_hospital|node_panel_full_history|ss0|b2500,node_panel_full_history,mechanism,factorial,1250
real__sp_hospital|node_panel_full_history|ss0|b2500|mechanism_direction,real__sp_hospital|node_panel_full_history|ss0|b2500,node_panel_full_history,mechanism_direction,factorial,1297
real__sp_hospital|recent_history_k20|ws0|b800|direction_only,real__sp_hospital|recent_history_k20|ws0|b800,recent_history_k20,direction_only,factorial,1296
real__sp_hospital|recent_history_k20|ws0|b800|hidden,real__sp_hospital|recent_history_k20|ws0|b800,recent_history_k20,hidden,factorial,1249
real__sp_hospital|recent_history_k20|ws0|b800|mechanism,real__sp_hospital|recent_history_k20|ws0|b800,recent_history_k20,mechanism,factorial,1409
real__sp_hospital|recent_history_k20|ws0|b800|mechanism_direction,real__sp_hospital|recent_history_k20|ws0|b800,recent_history_k20,mechanism_direction,factorial,1456
real__sp_hospital|time_agnostic_t|ws0|b800|direction_only,real__sp_hospital|time_agnostic_t|ws0|b800,time_agnostic_t,direction_only,factorial,1063
real__sp_hospital|time_agnostic_t|ws0|b800|hidden,real__sp_hospital|time_agnostic_t|ws0|b800,time_agnostic_t,hidden,factorial,1016
real__sp_hospital|time_agnostic_t|ws0|b800|mechanism,real__sp_hospital|time_agnostic_t|ws0|b800,time_agnostic_t,mechanism,factorial,1139
real__sp_hospital|time_agnostic_t|ws0|b800|mechanism_direction,real__sp_hospital|time_agnostic_t|ws0|b800,time_agnostic_t,mechanism_direction,factorial,1186
real__sp_hospital|time_agnostic_t|ws0|b800|metadata_only,real__sp_hospital|time_agnostic_t|ws0|b800,time_agnostic_t,metadata_only,metadata_only,651
real__sp_hospital|time_agnostic_t|ws0|b800|mismatched,real__sp_hospital|time_agnostic_t|ws0|b800,time_agnostic_t,mismatched,mismatched,1170
real__sp_hospital|time_respecting|ws0|b800|direction_only,real__sp_hospital|time_respecting|ws0|b800,time_respecting,direction_only,factorial,1025
real__sp_hospital|time_respecting|ws0|b800|hidden,real__sp_hospital|time_respecting|ws0|b800,time_respecting,hidden,factorial,978
real__sp_hospital|time_respecting|ws0|b800|mechanism,real__sp_hospital|time_respecting|ws0|b800,time_respecting,mechanism,factorial,1125
real__sp_hospital|time_respecting|ws0|b800|mechanism_direction,real__sp_hospital|time_respecting|ws0|b800,time_respecting,mechanism_direction,factorial,1172
real__sp_hypertext2009|event_sample_then_full_history|ss0|b9600|direction_only,real__sp_hypertext2009|event_sample_then_full_history|ss0|b9600,event_sample_then_full_history,direction_only,factorial,1918
real__sp_hypertext2009|event_sample_then_full_history|ss0|b9600|hidden,real__sp_hypertext2009|event_sample_then_full_history|ss0|b9600,event_sample_then_full_history,hidden,factorial,1870
real__sp_hypertext2009|event_sample_then_full_history|ss0|b9600|mechanism,real__sp_hypertext2009|event_sample_then_full_history|ss0|b9600,event_sample_then_full_history,mechanism,factorial,2024
real__sp_hypertext2009|event_sample_then_full_history|ss0|b9600|mechanism_direction,real__sp_hypertext2009|event_sample_then_full_history|ss0|b9600,event_sample_then_full_history,mechanism_direction,factorial,2072
real__sp_hypertext2009|event_sample_then_full_history|ss0|b9600|mismatched,real__sp_hypertext2009|event_sample_then_full_history|ss0|b9600,event_sample_then_full_history,mismatched,mismatched,1993
real__sp_hypertext2009|event_sample_then_full_history|ss1|b9600|slot1|hidden,real__sp_hypertext2009|event_sample_then_full_history|ss1|b9600,event_sample_then_full_history,hidden,seed_replication,1743
real__sp_hypertext2009|event_sample_then_full_history|ss1|b9600|slot1|mechanism,real__sp_hypertext2009|event_sample_then_full_history|ss1|b9600,event_sample_then_full_history,mechanism,seed_replication,1897
real__sp_hypertext2009|event_sample_then_full_history|ss2|b9600|slot2|hidden,real__sp_hypertext2009|event_sample_then_full_history|ss2|b9600,event_sample_then_full_history,hidden,seed_replication,1852
real__sp_hypertext2009|event_sample_then_full_history|ss2|b9600|slot2|mechanism,real__sp_hypertext2009|event_sample_then_full_history|ss2|b9600,event_sample_then_full_history,mechanism,seed_replication,2006
real__sp_hypertext2009|event_sample_then_full_history|ss3|b9600|slot3|hidden,real__sp_hypertext2009|event_sample_then_full_history|ss3|b9600,event_sample_then_full_history,hidden,seed_replication,1736
real__sp_hypertext2009|event_sample_then_full_history|ss3|b9600|slot3|mechanism,real__sp_hypertext2009|event_sample_then_full_history|ss3|b9600,event_sample_then_full_history,mechanism,seed_replication,1890
real__sp_hypertext2009|node_panel_full_history|ss0|b2500|direction_only,real__sp_hypertext2009|node_panel_full_history|ss0|b2500,node_panel_full_history,direction_only,factorial,1559
real__sp_hypertext2009|node_panel_full_history|ss0|b2500|hidden,real__sp_hypertext2009|node_panel_full_history|ss0|b2500,node_panel_full_history,hidden,factorial,1512
real__sp_hypertext2009|node_panel_full_history|ss0|b2500|mechanism,real__sp_hypertext2009|node_panel_full_history|ss0|b2500,node_panel_full_history,mechanism,factorial,1649
real__sp_hypertext2009|node_panel_full_history|ss0|b2500|mechanism_direction,real__sp_hypertext2009|node_panel_full_history|ss0|b2500,node_panel_full_history,mechanism_direction,factorial,1696
real__sp_hypertext2009|node_panel_full_history|ss1|b2500|slot1|hidden,real__sp_hypertext2009|node_panel_full_history|ss1|b2500,node_panel_full_history,hidden,seed_replication,1435
real__sp_hypertext2009|node_panel_full_history|ss1|b2500|slot1|mechanism,real__sp_hypertext2009|node_panel_full_history|ss1|b2500,node_panel_full_history,mechanism,seed_replication,1572
real__sp_hypertext2009|node_panel_full_history|ss2|b2500|slot2|hidden,real__sp_hypertext2009|node_panel_full_history|ss2|b2500,node_panel_full_history,hidden,seed_replication,1324
real__sp_hypertext2009|node_panel_full_history|ss2|b2500|slot2|mechanism,real__sp_hypertext2009|node_panel_full_history|ss2|b2500,node_panel_full_history,mechanism,seed_replication,1461
real__sp_hypertext2009|node_panel_full_history|ss3|b2500|slot3|hidden,real__sp_hypertext2009|node_panel_full_history|ss3|b2500,node_panel_full_history,hidden,seed_replication,1551
real__sp_hypertext2009|node_panel_full_history|ss3|b2500|slot3|mechanism,real__sp_hypertext2009|node_panel_full_history|ss3|b2500,node_panel_full_history,mechanism,seed_replication,1688
real__sp_hypertext2009|recent_history_k20|ws0|b800|direction_only,real__sp_hypertext2009|recent_history_k20|ws0|b800,recent_history_k20,direction_only,factorial,1123
real__sp_hypertext2009|recent_history_k20|ws0|b800|hidden,real__sp_hypertext2009|recent_history_k20|ws0|b800,recent_history_k20,hidden,factorial,1076
real__sp_hypertext2009|recent_history_k20|ws0|b800|mechanism,real__sp_hypertext2009|recent_history_k20|ws0|b800,recent_history_k20,mechanism,factorial,1236
real__sp_hypertext2009|recent_history_k20|ws0|b800|mechanism_direction,real__sp_hypertext2009|recent_history_k20|ws0|b800,recent_history_k20,mechanism_direction,factorial,1283
real__sp_hypertext2009|recent_history_k20|ws1|b800|slot1|hidden,real__sp_hypertext2009|recent_history_k20|ws1|b800,recent_history_k20,hidden,seed_replication,1089
real__sp_hypertext2009|recent_history_k20|ws1|b800|slot1|mechanism,real__sp_hypertext2009|recent_history_k20|ws1|b800,recent_history_k20,mechanism,seed_replication,1249
real__sp_hypertext2009|recent_history_k20|ws2|b800|slot2|hidden,real__sp_hypertext2009|recent_history_k20|ws2|b800,recent_history_k20,hidden,seed_replication,1107
real__sp_hypertext2009|recent_history_k20|ws2|b800|slot2|mechanism,real__sp_hypertext2009|recent_history_k20|ws2|b800,recent_history_k20,mechanism,seed_replication,1267
real__sp_hypertext2009|recent_history_k20|ws3|b800|slot3|hidden,real__sp_hypertext2009|recent_history_k20|ws3|b800,recent_history_k20,hidden,seed_replication,1102
real__sp_hypertext2009|recent_history_k20|ws3|b800|slot3|mechanism,real__sp_hypertext2009|recent_history_k20|ws3|b800,recent_history_k20,mechanism,seed_replication,1262
real__sp_hypertext2009|time_agnostic_t|ws0|b800|direction_only,real__sp_hypertext2009|time_agnostic_t|ws0|b800,time_agnostic_t,direction_only,factorial,921
real__sp_hypertext2009|time_agnostic_t|ws0|b800|hidden,real__sp_hypertext2009|time_agnostic_t|ws0|b800,time_agnostic_t,hidden,factorial,874
real__sp_hypertext2009|time_agnostic_t|ws0|b800|mechanism,real__sp_hypertext2009|time_agnostic_t|ws0|b800,time_agnostic_t,mechanism,factorial,997
real__sp_hypertext2009|time_agnostic_t|ws0|b800|mechanism_direction,real__sp_hypertext2009|time_agnostic_t|ws0|b800,time_agnostic_t,mechanism_direction,factorial,1044
real__sp_hypertext2009|time_agnostic_t|ws0|b800|metadata_only,real__sp_hypertext2009|time_agnostic_t|ws0|b800,time_agnostic_t,metadata_only,metadata_only,652
real__sp_hypertext2009|time_agnostic_t|ws0|b800|mismatched,real__sp_hypertext2009|time_agnostic_t|ws0|b800,time_agnostic_t,mismatched,mismatched,1028
real__sp_hypertext2009|time_agnostic_t|ws1|b800|slot1|hidden,real__sp_hypertext2009|time_agnostic_t|ws1|b800,time_agnostic_t,hidden,seed_replication,895
real__sp_hypertext2009|time_agnostic_t|ws1|b800|slot1|mechanism,real__sp_hypertext2009|time_agnostic_t|ws1|b800,time_agnostic_t,mechanism,seed_replication,1018
real__sp_hypertext2009|time_agnostic_t|ws2|b800|slot2|hidden,real__sp_hypertext2009|time_agnostic_t|ws2|b800,time_agnostic_t,hidden,seed_replication,895
real__sp_hypertext2009|time_agnostic_t|ws2|b800|slot2|mechanism,real__sp_hypertext2009|time_agnostic_t|ws2|b800,time_agnostic_t,mechanism,seed_replication,1018
real__sp_hypertext2009|time_agnostic_t|ws3|b800|slot3|hidden,real__sp_hypertext2009|time_agnostic_t|ws3|b800,time_agnostic_t,hidden,seed_replication,882
real__sp_hypertext2009|time_agnostic_t|ws3|b800|slot3|mechanism,real__sp_hypertext2009|time_agnostic_t|ws3|b800,time_agnostic_t,mechanism,seed_replication,1005
real__sp_hypertext2009|time_respecting|ws0|b800|direction_only,real__sp_hypertext2009|time_respecting|ws0|b800,time_respecting,direction_only,factorial,988
real__sp_hypertext2009|time_respecting|ws0|b800|hidden,real__sp_hypertext2009|time_respecting|ws0|b800,time_respecting,hidden,factorial,941
real__sp_hypertext2009|time_respecting|ws0|b800|mechanism,real__sp_hypertext2009|time_respecting|ws0|b800,time_respecting,mechanism,factorial,1088
real__sp_hypertext2009|time_respecting|ws0|b800|mechanism_direction,real__sp_hypertext2009|time_respecting|ws0|b800,time_respecting,mechanism_direction,factorial,1135
real__sp_hypertext2009|time_respecting|ws1|b800|slot1|hidden,real__sp_hypertext2009|time_respecting|ws1|b800,time_respecting,hidden,seed_replication,927
real__sp_hypertext2009|time_respecting|ws1|b800|slot1|mechanism,real__sp_hypertext2009|time_respecting|ws1|b800,time_respecting,mechanism,seed_replication,1074
real__sp_hypertext2009|time_respecting|ws2|b800|slot2|hidden,real__sp_hypertext2009|time_respecting|ws2|b800,time_respecting,hidden,seed_replication,935
real__sp_hypertext2009|time_respecting|ws2|b800|slot2|mechanism,real__sp_hypertext2009|time_respecting|ws2|b800,time_respecting,mechanism,seed_replication,1082
real__sp_hypertext2009|time_respecting|ws3|b800|slot3|hidden,real__sp_hypertext2009|time_respecting|ws3|b800,time_respecting,hidden,seed_replication,926
real__sp_hypertext2009|time_respecting|ws3|b800|slot3|mechanism,real__sp_hypertext2009|time_respecting|ws3|b800,time_respecting,mechanism,seed_replication,1073
real__sp_primaryschool|event_sample_then_full_history|ss0|b9600|direction_only,real__sp_primaryschool|event_sample_then_full_history|ss0|b9600,event_sample_then_full_history,direction_only,factorial,1562
real__sp_primaryschool|event_sample_then_full_history|ss0|b9600|hidden,real__sp_primaryschool|event_sample_then_full_history|ss0|b9600,event_sample_then_full_history,hidden,factorial,1514
real__sp_primaryschool|event_sample_then_full_history|ss0|b9600|mechanism,real__sp_primaryschool|event_sample_then_full_history|ss0|b9600,event_sample_then_full_history,mechanism,factorial,1668
real__sp_primaryschool|event_sample_then_full_history|ss0|b9600|mechanism_direction,real__sp_primaryschool|event_sample_then_full_history|ss0|b9600,event_sample_then_full_history,mechanism_direction,factorial,1716
real__sp_primaryschool|event_sample_then_full_history|ss0|b9600|mismatched,real__sp_primaryschool|event_sample_then_full_history|ss0|b9600,event_sample_then_full_history,mismatched,mismatched,1637
real__sp_primaryschool|event_sample_then_full_history|ss1|b9600|slot1|hidden,real__sp_primaryschool|event_sample_then_full_history|ss1|b9600,event_sample_then_full_history,hidden,seed_replication,1523
real__sp_primaryschool|event_sample_then_full_history|ss1|b9600|slot1|mechanism,real__sp_primaryschool|event_sample_then_full_history|ss1|b9600,event_sample_then_full_history,mechanism,seed_replication,1677
real__sp_primaryschool|event_sample_then_full_history|ss2|b9600|slot2|hidden,real__sp_primaryschool|event_sample_then_full_history|ss2|b9600,event_sample_then_full_history,hidden,seed_replication,1472
real__sp_primaryschool|event_sample_then_full_history|ss2|b9600|slot2|mechanism,real__sp_primaryschool|event_sample_then_full_history|ss2|b9600,event_sample_then_full_history,mechanism,seed_replication,1626
real__sp_primaryschool|event_sample_then_full_history|ss3|b9600|slot3|hidden,real__sp_primaryschool|event_sample_then_full_history|ss3|b9600,event_sample_then_full_history,hidden,seed_replication,1723
real__sp_primaryschool|event_sample_then_full_history|ss3|b9600|slot3|mechanism,real__sp_primaryschool|event_sample_then_full_history|ss3|b9600,event_sample_then_full_history,mechanism,seed_replication,1877
real__sp_primaryschool|node_panel_full_history|ss0|b2500|direction_only,real__sp_primaryschool|node_panel_full_history|ss0|b2500,node_panel_full_history,direction_only,factorial,1044
real__sp_primaryschool|node_panel_full_history|ss0|b2500|hidden,real__sp_primaryschool|node_panel_full_history|ss0|b2500,node_panel_full_history,hidden,factorial,997
real__sp_primaryschool|node_panel_full_history|ss0|b2500|mechanism,real__sp_primaryschool|node_panel_full_history|ss0|b2500,node_panel_full_history,mechanism,factorial,1134
real__sp_primaryschool|node_panel_full_history|ss0|b2500|mechanism_direction,real__sp_primaryschool|node_panel_full_history|ss0|b2500,node_panel_full_history,mechanism_direction,factorial,1181
real__sp_primaryschool|node_panel_full_history|ss1|b2500|slot1|hidden,real__sp_primaryschool|node_panel_full_history|ss1|b2500,node_panel_full_history,hidden,seed_replication,1053
real__sp_primaryschool|node_panel_full_history|ss1|b2500|slot1|mechanism,real__sp_primaryschool|node_panel_full_history|ss1|b2500,node_panel_full_history,mechanism,seed_replication,1190
real__sp_primaryschool|node_panel_full_history|ss2|b2500|slot2|hidden,real__sp_primaryschool|node_panel_full_history|ss2|b2500,node_panel_full_history,hidden,seed_replication,1187
real__sp_primaryschool|node_panel_full_history|ss2|b2500|slot2|mechanism,real__sp_primaryschool|node_panel_full_history|ss2|b2500,node_panel_full_history,mechanism,seed_replication,1324
real__sp_primaryschool|node_panel_full_history|ss3|b2500|slot3|hidden,real__sp_primaryschool|node_panel_full_history|ss3|b2500,node_panel_full_history,hidden,seed_replication,1027
real__sp_primaryschool|node_panel_full_history|ss3|b2500|slot3|mechanism,real__sp_primaryschool|node_panel_full_history|ss3|b2500,node_panel_full_history,mechanism,seed_replication,1164
real__sp_primaryschool|recent_history_k20|ws0|b800|direction_only,real__sp_primaryschool|recent_history_k20|ws0|b800,recent_history_k20,direction_only,factorial,1111
real__sp_primaryschool|recent_history_k20|ws0|b800|hidden,real__sp_primaryschool|recent_history_k20|ws0|b800,recent_history_k20,hidden,factorial,1064
real__sp_primaryschool|recent_history_k20|ws0|b800|mechanism,real__sp_primaryschool|recent_history_k20|ws0|b800,recent_history_k20,mechanism,factorial,1224
real__sp_primaryschool|recent_history_k20|ws0|b800|mechanism_direction,real__sp_primaryschool|recent_history_k20|ws0|b800,recent_history_k20,mechanism_direction,factorial,1271
real__sp_primaryschool|recent_history_k20|ws1|b800|slot1|hidden,real__sp_primaryschool|recent_history_k20|ws1|b800,recent_history_k20,hidden,seed_replication,1039
real__sp_primaryschool|recent_history_k20|ws1|b800|slot1|mechanism,real__sp_primaryschool|recent_history_k20|ws1|b800,recent_history_k20,mechanism,seed_replication,1199
real__sp_primaryschool|recent_history_k20|ws2|b800|slot2|hidden,real__sp_primaryschool|recent_history_k20|ws2|b800,recent_history_k20,hidden,seed_replication,1039
real__sp_primaryschool|recent_history_k20|ws2|b800|slot2|mechanism,real__sp_primaryschool|recent_history_k20|ws2|b800,recent_history_k20,mechanism,seed_replication,1199
real__sp_primaryschool|recent_history_k20|ws3|b800|slot3|hidden,real__sp_primaryschool|recent_history_k20|ws3|b800,recent_history_k20,hidden,seed_replication,1093
real__sp_primaryschool|recent_history_k20|ws3|b800|slot3|mechanism,real__sp_primaryschool|recent_history_k20|ws3|b800,recent_history_k20,mechanism,seed_replication,1253
real__sp_primaryschool|time_agnostic_t|ws0|b800|direction_only,real__sp_primaryschool|time_agnostic_t|ws0|b800,time_agnostic_t,direction_only,factorial,885
real__sp_primaryschool|time_agnostic_t|ws0|b800|hidden,real__sp_primaryschool|time_agnostic_t|ws0|b800,time_agnostic_t,hidden,factorial,838
real__sp_primaryschool|time_agnostic_t|ws0|b800|mechanism,real__sp_primaryschool|time_agnostic_t|ws0|b800,time_agnostic_t,mechanism,factorial,961
real__sp_primaryschool|time_agnostic_t|ws0|b800|mechanism_direction,real__sp_primaryschool|time_agnostic_t|ws0|b800,time_agnostic_t,mechanism_direction,factorial,1008
real__sp_primaryschool|time_agnostic_t|ws0|b800|metadata_only,real__sp_primaryschool|time_agnostic_t|ws0|b800,time_agnostic_t,metadata_only,metadata_only,653
real__sp_primaryschool|time_agnostic_t|ws0|b800|mismatched,real__sp_primaryschool|time_agnostic_t|ws0|b800,time_agnostic_t,mismatched,mismatched,992
real__sp_primaryschool|time_agnostic_t|ws1|b800|slot1|hidden,real__sp_primaryschool|time_agnostic_t|ws1|b800,time_agnostic_t,hidden,seed_replication,831
real__sp_primaryschool|time_agnostic_t|ws1|b800|slot1|mechanism,real__sp_primaryschool|time_agnostic_t|ws1|b800,time_agnostic_t,mechanism,seed_replication,954
real__sp_primaryschool|time_agnostic_t|ws2|b800|slot2|hidden,real__sp_primaryschool|time_agnostic_t|ws2|b800,time_agnostic_t,hidden,seed_replication,858
real__sp_primaryschool|time_agnostic_t|ws2|b800|slot2|mechanism,real__sp_primaryschool|time_agnostic_t|ws2|b800,time_agnostic_t,mechanism,seed_replication,981
real__sp_primaryschool|time_agnostic_t|ws3|b800|slot3|hidden,real__sp_primaryschool|time_agnostic_t|ws3|b800,time_agnostic_t,hidden,seed_replication,866
real__sp_primaryschool|time_agnostic_t|ws3|b800|slot3|mechanism,real__sp_primaryschool|time_agnostic_t|ws3|b800,time_agnostic_t,mechanism,seed_replication,989
real__sp_primaryschool|time_respecting|ws0|b800|direction_only,real__sp_primaryschool|time_respecting|ws0|b800,time_respecting,direction_only,factorial,935
real__sp_primaryschool|time_respecting|ws0|b800|hidden,real__sp_primaryschool|time_respecting|ws0|b800,time_respecting,hidden,factorial,888
real__sp_primaryschool|time_respecting|ws0|b800|mechanism,real__sp_primaryschool|time_respecting|ws0|b800,time_respecting,mechanism,factorial,1035
real__sp_primaryschool|time_respecting|ws0|b800|mechanism_direction,real__sp_primaryschool|time_respecting|ws0|b800,time_respecting,mechanism_direction,factorial,1082
real__sp_primaryschool|time_respecting|ws1|b800|slot1|hidden,real__sp_primaryschool|time_respecting|ws1|b800,time_respecting,hidden,seed_replication,888
real__sp_primaryschool|time_respecting|ws1|b800|slot1|mechanism,real__sp_primaryschool|time_respecting|ws1|b800,time_respecting,mechanism,seed_replication,1035
real__sp_primaryschool|time_respecting|ws2|b800|slot2|hidden,real__sp_primaryschool|time_respecting|ws2|b800,time_respecting,hidden,seed_replication,887
real__sp_primaryschool|time_respecting|ws2|b800|slot2|mechanism,real__sp_primaryschool|time_respecting|ws2|b800,time_respecting,mechanism,seed_replication,1034
real__sp_primaryschool|time_respecting|ws3|b800|slot3|hidden,real__sp_primaryschool|time_respecting|ws3|b800,time_respecting,hidden,seed_replication,896
real__sp_primaryschool|time_respecting|ws3|b800|slot3|mechanism,real__sp_primaryschool|time_respecting|ws3|b800,time_respecting,mechanism,seed_replication,1043
