graph_id,stratum,cap,budget_fraction,C_cap_share,n_dyads,dyad_coverage,saturated,target_unreachable,relative_budget_error,truth_2,expected_plugin_bias_2,expected_plugin_profile_bias,expected_midpoint_bias_2,sd_plugin_2,sd_midpoint_2,sd_selection_2,share_J_lt_K,MAE2_plugin_mc,MAE2_midpoint_mc,coverage_truth_2_mc,width_2_mc,draws
sp_hospital,real,1,0.01,0.035128300024673084,324,0.2844600526777875,False,False,-0.0007401924500370377,0.44512730465320455,-0.44512730465320455,-0.16725197541703246,0.012730465320456574,0.0,0.006530692257843901,0.0233654399585106,0.44512730465320455,0.4451273046532046,0.010033573960264056,1.0,0.9095679012345679,20
sp_hospital,real,1,0.02,0.035128300024673084,648,0.568920105355575,False,False,-0.0007401924500370377,0.44512730465320455,-0.44512730465320455,-0.16725197541703246,0.012730465320456574,0.0,0.003584314945202151,0.01282392315208598,0.44512730465320455,0.4451273046532046,0.01247300398877076,1.0,0.9152006172839506,20
sp_hospital,real,1,0.05,0.035128300024673084,1139,1.0,True,True,-0.29743399950653837,0.44512730465320455,-0.44512730465320455,-0.16725197541703246,0.012730465320456574,0.0,0.0,0.0,0.44512730465320455,0.44512730465320455,0.012730465320456574,1.0,0.9157155399473222,1
sp_hospital,real,1,0.1,0.035128300024673084,1139,1.0,True,True,-0.6487169997532692,0.44512730465320455,-0.44512730465320455,-0.16725197541703246,0.012730465320456574,0.0,0.0,0.0,0.44512730465320455,0.44512730465320455,0.012730465320456574,1.0,0.9157155399473222,1
sp_hospital,real,1,0.2,0.035128300024673084,1139,1.0,True,True,-0.8243584998766346,0.44512730465320455,-0.44512730465320455,-0.16725197541703246,0.012730465320456574,0.0,0.0,0.0,0.44512730465320455,0.44512730465320455,0.012730465320456574,1.0,0.9157155399473222,1
sp_hospital,real,1,0.3,0.035128300024673084,1139,1.0,True,True,-0.882905666584423,0.44512730465320455,-0.44512730465320455,-0.16725197541703246,0.012730465320456574,0.0,0.0,0.0,0.44512730465320455,0.44512730465320455,0.012730465320456574,1.0,0.9157155399473222,1
sp_hospital,real,1,0.5,0.035128300024673084,1139,1.0,True,True,-0.9297433999506538,0.44512730465320455,-0.44512730465320455,-0.16725197541703246,0.012730465320456574,0.0,0.0,0.0,0.44512730465320455,0.44512730465320455,0.012730465320456574,1.0,0.9157155399473222,1
sp_hospital,real,2,0.01,0.06522945965951148,175,0.15364354697102722,False,False,0.0022085549090874864,0.44512730465320455,-0.36435469710272167,-0.14705882352941174,-0.006145741878841093,0.018957972633469666,0.018031978580143347,0.03457698776882373,0.3906935908691835,0.3634130189389188,0.014765207575567532,1.0,0.7145714285714286,20
sp_hospital,real,2,0.02,0.06522945965951148,349,0.3064091308165057,False,False,-0.0006548981049383727,0.44512730465320455,-0.36435469710272167,-0.14705882352941174,-0.006145741878841093,0.012152712717319393,0.011559118669812778,0.022165038799714522,0.3906935908691835,0.3656144106703966,0.010429145356983818,1.0,0.7174785100286533,20
sp_hospital,real,2,0.05,0.06522945965951148,873,0.7664618086040387,False,False,-8.220750213320084e-05,0.44512730465320455,-0.36435469710272167,-0.14705882352941174,-0.006145741878841093,0.004458677862162794,0.004240895651697348,0.008132074715254638,0.3906935908691835,0.36397037452720227,0.006152505111394702,1.0,0.7156357388316149,20
sp_hospital,real,2,0.1,0.06522945965951148,1139,1.0,True,True,-0.3477054034048853,0.44512730465320455,-0.36435469710272167,-0.14705882352941174,-0.006145741878841093,0.0,0.0,0.0,0.3906935908691835,0.36435469710272167,0.006145741878841093,1.0,0.7164179104477612,1
sp_hospital,real,2,0.2,0.06522945965951148,1139,1.0,True,True,-0.6738527017024426,0.44512730465320455,-0.36435469710272167,-0.14705882352941174,-0.006145741878841093,0.0,0.0,0.0,0.3906935908691835,0.36435469710272167,0.006145741878841093,1.0,0.7164179104477612,1
sp_hospital,real,2,0.3,0.06522945965951148,1139,1.0,True,True,-0.7825684678016284,0.44512730465320455,-0.36435469710272167,-0.14705882352941174,-0.006145741878841093,0.0,0.0,0.0,0.3906935908691835,0.36435469710272167,0.006145741878841093,1.0,0.7164179104477612,1
sp_hospital,real,2,0.5,0.06522945965951148,1139,1.0,True,True,-0.869541080680977,0.44512730465320455,-0.36435469710272167,-0.14705882352941174,-0.006145741878841093,0.0,0.0,0.0,0.3906935908691835,0.36435469710272167,0.006145741878841093,1.0,0.7164179104477612,1
sp_hospital,real,3,0.01,0.09221564273377744,124,0.10886742756804214,False,False,0.003927980595996737,0.44512730465320455,-0.3204565408252853,-0.13476733977172956,-0.015803336259877065,0.02801683515162603,0.025819038685507265,0.0421492491275534,0.35733099209833186,0.311256336911269,0.022651094621767814,1.0,0.592741935483871,20
sp_hospital,real,3,0.02,0.09221564273377744,247,0.21685689201053557,False,False,-0.00012011609995481026,0.44512730465320455,-0.3204565408252853,-0.13476733977172956,-0.015803336259877065,0.018609334691277,0.017149514915061614,0.027996362892370917,0.35733099209833186,0.3204309483779009,0.01970796173929115,1.0,0.6080971659919028,20
sp_hospital,real,3,0.05,0.09221564273377744,618,0.5425812115891132,False,False,0.0006895032392355693,0.44512730465320455,-0.3204565408252853,-0.13476733977172956,-0.015803336259877065,0.00899127995819167,0.008285953920791215,0.013526713380808244,0.35733099209833186,0.318428275526991,0.016203356433139828,1.0,0.6044498381877023,20
sp_hospital,real,3,0.1,0.09221564273377744,1139,1.0,True,True,-0.07784357266222554,0.44512730465320455,-0.3204565408252853,-0.13476733977172956,-0.015803336259877065,0.0,0.0,0.0,0.35733099209833186,0.3204565408252853,0.015803336259877065,1.0,0.6093064091308166,1
sp_hospital,real,3,0.2,0.09221564273377744,1139,1.0,True,True,-0.5389217863311128,0.44512730465320455,-0.3204565408252853,-0.13476733977172956,-0.015803336259877065,0.0,0.0,0.0,0.35733099209833186,0.3204565408252853,0.015803336259877065,1.0,0.6093064091308166,1
sp_hospital,real,3,0.3,0.09221564273377744,1139,1.0,True,True,-0.6926145242207418,0.44512730465320455,-0.3204565408252853,-0.13476733977172956,-0.015803336259877065,0.0,0.0,0.0,0.35733099209833186,0.3204565408252853,0.015803336259877065,1.0,0.6093064091308166,1
sp_hospital,real,3,0.5,0.09221564273377744,1139,1.0,True,True,-0.8155687145324451,0.44512730465320455,-0.3204565408252853,-0.13476733977172956,-0.015803336259877065,0.0,0.0,0.0,0.35733099209833186,0.3204565408252853,0.015803336259877065,1.0,0.6093064091308166,1
sp_hospital,real,5,0.01,0.1389094497902788,82,0.07199297629499561,False,False,5.0472590242519723e-05,0.44512730465320455,-0.2528533801580334,-0.11325724319578577,-0.017120280948200173,0.04194224602895656,0.037920720365575436,0.05289300377640703,0.2923617208077261,0.2530541339214973,0.03201540718216663,1.0,0.46768292682926826,20
sp_hospital,real,5,0.02,0.1389094497902788,164,0.14398595258999122,False,False,5.0472590242519723e-05,0.44512730465320455,-0.2528533801580334,-0.11325724319578577,-0.017120280948200173,0.028484034283036884,0.02575291504858347,0.035920969321953565,0.2923617208077261,0.25335901197027766,0.022410142615473565,1.0,0.4777439024390243,20
sp_hospital,real,5,0.05,0.1389094497902788,410,0.35996488147497807,False,False,5.0472590242414536e-05,0.44512730465320455,-0.2528533801580334,-0.11325724319578577,-0.017120280948200173,0.015577327539967807,0.014083735078905401,0.01964443305751941,0.2923617208077261,0.25549315831174113,0.022504282746953885,1.0,0.4713414634146342,20
sp_hospital,real,5,0.1,0.1389094497902788,820,0.7199297629499561,False,False,5.0472590242414536e-05,0.44512730465320455,-0.2528533801580334,-0.11325724319578577,-0.017120280948200173,0.007286341654368065,0.006587709303230405,0.00918874245252883,0.2923617208077261,0.2515907192873509,0.017230963189789922,1.0,0.4687195121951221,20
sp_hospital,real,5,0.2,0.1389094497902788,1139,1.0,True,True,-0.305452751048606,0.44512730465320455,-0.2528533801580334,-0.11325724319578577,-0.017120280948200173,0.0,0.0,0.0,0.2923617208077261,0.2528533801580334,0.017120280948200173,1.0,0.4714661984196663,1
sp_hospital,real,5,0.3,0.1389094497902788,1139,1.0,True,True,-0.5369685006990706,0.44512730465320455,-0.2528533801580334,-0.11325724319578577,-0.017120280948200173,0.0,0.0,0.0,0.2923617208077261,0.2528533801580334,0.017120280948200173,1.0,0.4714661984196663,1
sp_hospital,real,5,0.5,0.1389094497902788,1139,1.0,True,True,-0.7221811004194424,0.44512730465320455,-0.2528533801580334,-0.11325724319578577,-0.017120280948200173,0.0,0.0,0.0,0.2923617208077261,0.2528533801580334,0.017120280948200173,1.0,0.4714661984196663,1
sp_hospital,real,10,0.01,0.22850357759684184,50,0.043898156277436345,False,False,0.0030885759299465643,0.44512730465320455,-0.1764705882352941,-0.08779631255487269,-0.023266022827041266,0.061322139185526946,0.056584237588202226,0.06875378336617358,0.22036874451273047,0.17361457418788406,0.05005092186128183,0.85,0.306,20
sp_hospital,real,10,0.02,0.22850357759684184,100,0.08779631255487269,False,False,0.0030885759299465643,0.44512730465320455,-0.1764705882352941,-0.08779631255487269,-0.023266022827041266,0.04235416582324925,0.03908177721168741,0.04748707694062236,0.22036874451273047,0.17062730465320455,0.023589113257243194,1.0,0.30000000000000004,20
sp_hospital,real,10,0.05,0.22850357759684184,249,0.218612818261633,False,False,-0.000923778373773175,0.44512730465320455,-0.1764705882352941,-0.08779631255487269,-0.023266022827041266,0.024841835900753347,0.02292249362799655,0.02785242371879842,0.22036874451273047,0.18227589903071456,0.029997426051880903,1.0,0.30682730923694784,20
sp_hospital,real,10,0.1,0.22850357759684184,498,0.437225636523266,False,False,-0.000923778373773175,0.44512730465320455,-0.1764705882352941,-0.08779631255487269,-0.023266022827041266,0.014907427373584749,0.013755642310255138,0.01671406193266518,0.22036874451273047,0.17785822834798365,0.02210051796298449,1.0,0.31184738955823293,20
sp_hospital,real,10,0.2,0.22850357759684184,997,0.8753292361720808,False,False,7.931020215675096e-05,0.44512730465320455,-0.1764705882352941,-0.08779631255487269,-0.023266022827041266,0.004958895448343805,0.00457575880344314,0.005559865130592222,0.22036874451273047,0.17667193855490967,0.022985880380386098,1.0,0.30737211634904715,20
sp_hospital,real,10,0.3,0.22850357759684184,1139,1.0,True,True,-0.2383214080105271,0.44512730465320455,-0.1764705882352941,-0.08779631255487269,-0.023266022827041266,0.0,0.0,0.0,0.22036874451273047,0.1764705882352941,0.023266022827041266,1.0,0.30640913081650567,1
sp_hospital,real,10,0.5,0.22850357759684184,1139,1.0,True,True,-0.5429928448063163,0.44512730465320455,-0.1764705882352941,-0.08779631255487269,-0.023266022827041266,0.0,0.0,0.0,0.22036874451273047,0.1764705882352941,0.023266022827041266,1.0,0.30640913081650567,1
sp_hospital,real,20,0.01,0.34971009129040215,33,0.02897278314310799,False,False,0.013207463791331961,0.44512730465320455,-0.09745390693590866,-0.059701492537313425,-0.017120280948200173,0.08172741042252706,0.07763464071763561,0.08528806419805596,0.14837576821773485,0.11613456780269774,0.06990182775959772,0.5,0.14545454545454542,20
sp_hospital,real,20,0.02,0.34971009129040215,65,0.05706760316066725,False,False,-0.0021441644479306718,0.44512730465320455,-0.09745390693590866,-0.059701492537313425,-0.017120280948200173,0.05738423641914673,0.05451053146336269,0.059884320503609034,0.14837576821773485,0.09446072803403793,0.04741034645775647,0.8,0.17615384615384616,20
sp_hospital,real,20,0.05,0.34971009129040215,163,0.1431079894644425,False,False,0.0009261611999219249,0.44512730465320455,-0.09745390693590866,-0.059701492537313425,-0.017120280948200173,0.03454444752762675,0.03281452035163595,0.03604946055663251,0.14837576821773485,0.0926391140651847,0.03899125807268241,0.9,0.16319018404907976,20
sp_hospital,real,20,0.1,0.34971009129040215,326,0.286215978928885,False,False,0.0009261611999219249,0.44512730465320455,-0.09745390693590866,-0.059701492537313425,-0.017120280948200173,0.022293775195149336,0.021177340852562877,0.02326505783348338,0.14837576821773485,0.09466718195381804,0.02647469527138755,1.0,0.15506134969325153,20
sp_hospital,real,20,0.2,0.34971009129040215,651,0.5715539947322212,False,False,-0.0006090016240043733,0.44512730465320455,-0.09745390693590866,-0.059701492537313425,-0.017120280948200173,0.012222683369793158,0.01161059217603399,0.012755194353106444,0.14837576821773485,0.10173252738745955,0.020664939061806695,1.0,0.16213517665130567,20
sp_hospital,real,20,0.3,0.34971009129040215,977,0.8577699736611062,False,False,-9.728068269542029e-05,0.44512730465320455,-0.09745390693590866,-0.059701492537313425,-0.017120280948200173,0.005748537518058837,0.005460660536765691,0.005998986562163187,0.14837576821773485,0.09809557486814824,0.017338154192610887,1.0,0.16151484135107466,20
sp_hospital,real,20,0.5,0.34971009129040215,1139,1.0,True,True,-0.30057981741919565,0.44512730465320455,-0.09745390693590866,-0.059701492537313425,-0.017120280948200173,0.0,0.0,0.0,0.14837576821773485,0.09745390693590866,0.017120280948200173,1.0,0.16066725197541698,1
sp_hospital,real,full,0.01,1.0,11,0.009657594381035996,False,False,-0.03424056189640039,0.44512730465320455,0.0,0.0,0.0,0.1491852446886831,0.1491852446886831,0.1491852446886831,0.0,0.14013089632053635,0.14013089632053635,0.0,0.0,20
sp_hospital,real,full,0.02,1.0,23,0.02019315188762072,False,False,0.009657594381035925,0.44512730465320455,0.0,0.0,0.0,0.10262090563094284,0.10262090563094284,0.10262090563094284,0.0,0.0981410085124251,0.0981410085124251,0.0,0.0,20
sp_hospital,real,full,0.05,1.0,57,0.05004389815627744,False,False,0.0008779631255486632,0.44512730465320455,0.0,0.0,0.0,0.06418652533035446,0.06418652533035446,0.06418652533035446,0.0,0.05328466028988186,0.05328466028988186,0.0,0.0,20
sp_hospital,real,full,0.1,1.0,114,0.10008779631255488,False,False,0.0008779631255486632,0.44512730465320455,0.0,0.0,0.0,0.04417506230641155,0.04417506230641155,0.04417506230641155,0.0,0.031149977665850325,0.031149977665850325,0.0,0.0,20
sp_hospital,real,full,0.2,1.0,228,0.20017559262510976,False,False,0.0008779631255486632,0.44512730465320455,0.0,0.0,0.0,0.029448245748616268,0.029448245748616268,0.029448245748616268,0.0,0.023908322166258496,0.023908322166258496,0.0,0.0,20
sp_hospital,real,full,0.3,1.0,342,0.30026338893766463,False,False,0.0008779631255488971,0.44512730465320455,0.0,0.0,0.0,0.0224897056517587,0.0224897056517587,0.0224897056517587,0.0,0.015497076023391818,0.015497076023391818,0.0,0.0,20
sp_hospital,real,full,0.5,1.0,569,0.4995610184372256,False,False,-0.0008779631255487473,0.44512730465320455,0.0,0.0,0.0,0.01474514196767756,0.01474514196767756,0.01474514196767756,0.0,0.013415168548861192,0.013415168548861192,0.0,0.0,20
sp_highschool2013,real,1,0.01,0.030863411632397565,1885,0.3239944998281196,False,False,-4.24385171981705e-05,0.4855620488140254,-0.4855620488140254,-0.23315572361636303,-0.03944654520453761,0.0,0.0029363805336767674,0.00946554515523006,0.4855620488140254,0.48556204881402526,0.0393021018644233,1.0,0.8925198938992042,20
sp_highschool2013,real,1,0.02,0.030863411632397565,3770,0.6479889996562392,False,False,-4.24385171981705e-05,0.4855620488140254,-0.4855620488140254,-0.23315572361636303,-0.03944654520453761,0.0,0.0014983053885459542,0.0048298499288333095,0.4855620488140254,0.48556204881402526,0.03947451565752676,1.0,0.8921750663129974,20
sp_highschool2013,real,1,0.05,0.030863411632397565,5818,1.0,True,True,-0.38273176735204867,0.4855620488140254,-0.4855620488140254,-0.23315572361636303,-0.03944654520453761,0.0,0.0,0.0,0.4855620488140254,0.4855620488140254,0.03944654520453761,1.0,0.8922310072189756,1
sp_highschool2013,real,1,0.1,0.030863411632397565,5818,1.0,True,True,-0.6913658836760244,0.4855620488140254,-0.4855620488140254,-0.23315572361636303,-0.03944654520453761,0.0,0.0,0.0,0.4855620488140254,0.4855620488140254,0.03944654520453761,1.0,0.8922310072189756,1
sp_highschool2013,real,1,0.2,0.030863411632397565,5818,1.0,True,True,-0.8456829418380122,0.4855620488140254,-0.4855620488140254,-0.23315572361636303,-0.03944654520453761,0.0,0.0,0.0,0.4855620488140254,0.4855620488140254,0.03944654520453761,1.0,0.8922310072189756,1
sp_highschool2013,real,1,0.3,0.030863411632397565,5818,1.0,True,True,-0.8971219612253415,0.4855620488140254,-0.4855620488140254,-0.23315572361636303,-0.03944654520453761,0.0,0.0,0.0,0.4855620488140254,0.4855620488140254,0.03944654520453761,1.0,0.8922310072189756,1
sp_highschool2013,real,1,0.5,0.030863411632397565,5818,1.0,True,True,-0.9382731767352048,0.4855620488140254,-0.4855620488140254,-0.23315572361636303,-0.03944654520453761,0.0,0.0,0.0,0.4855620488140254,0.4855620488140254,0.03944654520453761,1.0,0.8922310072189756,1
sp_highschool2013,real,2,0.01,0.05224711948564517,1114,0.19147473358542455,False,False,0.0004003284119753653,0.4855620488140254,-0.3269164661395668,-0.19349432794774837,-0.08155723616363009,0.009843397218380413,0.009259259149163075,0.013465745334906928,0.3944654520453764,0.3303555856183343,0.08690854791635935,1.0,0.4868940754039498,20
sp_highschool2013,real,2,0.02,0.05224711948564517,2227,0.3827775867995875,False,False,-4.868430275178263e-05,0.4855620488140254,-0.3269164661395668,-0.19349432794774837,-0.08155723616363009,0.006082772079437228,0.0057218013028706985,0.008321218572693231,0.3944654520453764,0.3252118018450088,0.07994911661824634,1.0,0.49052537045352496,20
sp_highschool2013,real,2,0.05,0.05224711948564517,5568,0.9570299071845996,False,False,4.11182401936952e-05,0.4855620488140254,-0.3269164661395668,-0.19349432794774837,-0.08155723616363009,0.0010150193949428823,0.0009547849599784016,0.0013885442575425238,0.3944654520453764,0.3271568764002323,0.08180845686000245,1.0,0.49069683908045986,20
sp_highschool2013,real,2,0.1,0.05224711948564517,5818,1.0,True,True,-0.4775288051435483,0.4855620488140254,-0.3269164661395668,-0.19349432794774837,-0.08155723616363009,0.0,0.0,0.0,0.3944654520453764,0.3269164661395668,0.08155723616363009,1.0,0.49071845995187346,1
sp_highschool2013,real,2,0.2,0.05224711948564517,5818,1.0,True,True,-0.7387644025717741,0.4855620488140254,-0.3269164661395668,-0.19349432794774837,-0.08155723616363009,0.0,0.0,0.0,0.3944654520453764,0.3269164661395668,0.08155723616363009,1.0,0.49071845995187346,1
sp_highschool2013,real,2,0.3,0.05224711948564517,5818,1.0,True,True,-0.8258429350478494,0.4855620488140254,-0.3269164661395668,-0.19349432794774837,-0.08155723616363009,0.0,0.0,0.0,0.3944654520453764,0.3269164661395668,0.08155723616363009,1.0,0.49071845995187346,1
sp_highschool2013,real,2,0.5,0.05224711948564517,5818,1.0,True,True,-0.8955057610287096,0.4855620488140254,-0.3269164661395668,-0.19349432794774837,-0.08155723616363009,0.0,0.0,0.0,0.3944654520453764,0.3269164661395668,0.08155723616363009,1.0,0.49071845995187346,1
sp_highschool2013,real,3,0.01,0.06994928597194815,832,0.1430044688896528,False,False,0.0003060489628885424,0.4855620488140254,-0.25421106909590924,-0.1694740460639395,-0.07373667927122723,0.013535199223894182,0.01251323638333022,0.016041826304173643,0.34221381918184945,0.2595404141986408,0.0788312795832562,1.0,0.3614182692307692,20
sp_highschool2013,real,3,0.02,0.06994928597194815,1663,0.285837057408044,False,False,-0.00029509649922862394,0.4855620488140254,-0.25421106909590924,-0.1694740460639395,-0.07373667927122723,0.00873955999466054,0.008079687508878776,0.010358067220891111,0.34221381918184945,0.25411286059995447,0.07592584917481918,1.0,0.35637402285027064,20
sp_highschool2013,real,3,0.05,0.06994928597194815,4159,0.7148504640770024,False,False,6.559077804172409e-05,0.4855620488140254,-0.25421106909590924,-0.1694740460639395,-0.07373667927122723,0.0034920376011431846,0.00322837449525255,0.00413873927664769,0.34221381918184945,0.25507395071352057,0.07494050517372727,1.0,0.3602668910795864,20
sp_highschool2013,real,3,0.1,0.06994928597194815,5818,1.0,True,True,-0.30050714028051856,0.4855620488140254,-0.25421106909590924,-0.1694740460639395,-0.07373667927122723,0.0,0.0,0.0,0.34221381918184945,0.25421106909590924,0.07373667927122723,1.0,0.36094877964936406,1
sp_highschool2013,real,3,0.2,0.06994928597194815,5818,1.0,True,True,-0.6502535701402593,0.4855620488140254,-0.25421106909590924,-0.1694740460639395,-0.07373667927122723,0.0,0.0,0.0,0.34221381918184945,0.25421106909590924,0.07373667927122723,1.0,0.36094877964936406,1
sp_highschool2013,real,3,0.3,0.06994928597194815,5818,1.0,True,True,-0.7668357134268395,0.4855620488140254,-0.25421106909590924,-0.1694740460639395,-0.07373667927122723,0.0,0.0,0.0,0.34221381918184945,0.25421106909590924,0.07373667927122723,1.0,0.36094877964936406,1
sp_highschool2013,real,3,0.5,0.06994928597194815,5818,1.0,True,True,-0.8601014280561037,0.4855620488140254,-0.25421106909590924,-0.1694740460639395,-0.07373667927122723,0.0,0.0,0.0,0.34221381918184945,0.25421106909590924,0.07373667927122723,1.0,0.36094877964936406,1
sp_highschool2013,real,5,0.01,0.09902497506737115,588,0.10106565830182193,False,False,0.0008024293505368643,0.4855620488140254,-0.18322447576486767,-0.13956686146442077,-0.06067377105534549,0.01795896805641577,0.0167315630180008,0.01954346282711391,0.2751804743898247,0.18658245697729076,0.05962667466436557,1.0,0.2539115646258503,20
sp_highschool2013,real,5,0.02,0.09902497506737115,1175,0.20195943623238227,False,False,-4.85931234006535e-05,0.4855620488140254,-0.18322447576486767,-0.13956686146442077,-0.06067377105534549,0.011970150343075893,0.011152050840057551,0.013026260057369777,0.2751804743898247,0.18326417647359988,0.06058332540977011,1.0,0.24536170212765956,20
sp_highschool2013,real,5,0.05,0.09902497506737115,2938,0.5049845307665864,False,False,0.00012161137138685006,0.4855620488140254,-0.18322447576486767,-0.13956686146442077,-0.06067377105534549,0.005961966682660484,0.005554496280008622,0.006487982709977669,0.2751804743898247,0.18367300865064898,0.061225765628184735,1.0,0.24489448604492853,20
sp_highschool2013,real,5,0.1,0.09902497506737115,5818,1.0,True,True,-0.0097502493262885,0.4855620488140254,-0.18322447576486767,-0.13956686146442077,-0.06067377105534549,0.0,0.0,0.0,0.2751804743898247,0.18322447576486767,0.06067377105534549,1.0,0.24510140941904435,1
sp_highschool2013,real,5,0.2,0.09902497506737115,5818,1.0,True,True,-0.5048751246631442,0.4855620488140254,-0.18322447576486767,-0.13956686146442077,-0.06067377105534549,0.0,0.0,0.0,0.2751804743898247,0.18322447576486767,0.06067377105534549,1.0,0.24510140941904435,1
sp_highschool2013,real,5,0.3,0.09902497506737115,5818,1.0,True,True,-0.6699167497754295,0.4855620488140254,-0.18322447576486767,-0.13956686146442077,-0.06067377105534549,0.0,0.0,0.0,0.2751804743898247,0.18322447576486767,0.06067377105534549,1.0,0.24510140941904435,1
sp_highschool2013,real,5,0.5,0.09902497506737115,5818,1.0,True,True,-0.8019500498652578,0.4855620488140254,-0.18322447576486767,-0.13956686146442077,-0.06067377105534549,0.0,0.0,0.0,0.2751804743898247,0.18322447576486767,0.06067377105534549,1.0,0.24510140941904435,1
sp_highschool2013,real,10,0.01,0.1536115178135676,379,0.06514266070814713,False,False,0.0006662985792733259,0.4855620488140254,-0.1160192506015813,-0.10514781711928498,-0.04185287040220004,0.023974555786238128,0.02274780336219714,0.02482442855809513,0.20195943623238227,0.12566758971112307,0.05264648153170354,0.75,0.14604221635883904,20
sp_highschool2013,real,10,0.02,0.1536115178135676,757,0.13011344104503267,False,False,-0.0006538416563193545,0.4855620488140254,-0.1160192506015813,-0.10514781711928498,-0.04185287040220004,0.016363676062146153,0.015526364228114915,0.016943751157455705,0.20195943623238227,0.11686984273740722,0.043620172988397946,0.95,0.14649933949801852,20
sp_highschool2013,real,10,0.05,0.1536115178135676,1894,0.32554142316947404,False,False,0.0001382424850362778,0.4855620488140254,-0.1160192506015813,-0.10514781711928498,-0.04185287040220004,0.00910930317923253,0.008643189860759185,0.009432218390327455,0.20195943623238227,0.11943216497030844,0.044498162858376,1.0,0.14986800422386484,20
sp_highschool2013,real,10,0.1,0.1536115178135676,3787,0.6509109659676865,False,False,-0.000125785562082403,0.4855620488140254,-0.1160192506015813,-0.10514781711928498,-0.04185287040220004,0.004634660790863135,0.004397510146217501,0.004798954638393306,0.20195943623238227,0.11571784495873098,0.04175428541291637,1.0,0.14792711909162926,20
sp_highschool2013,real,10,0.2,0.1536115178135676,5818,1.0,True,True,-0.231942410932162,0.4855620488140254,-0.1160192506015813,-0.10514781711928498,-0.04185287040220004,0.0,0.0,0.0,0.20195943623238227,0.1160192506015813,0.04185287040220004,1.0,0.14833276039876248,1
sp_highschool2013,real,10,0.3,0.1536115178135676,5818,1.0,True,True,-0.48796160728810806,0.4855620488140254,-0.1160192506015813,-0.10514781711928498,-0.04185287040220004,0.0,0.0,0.0,0.20195943623238227,0.1160192506015813,0.04185287040220004,1.0,0.14833276039876248,1
sp_highschool2013,real,10,0.5,0.1536115178135676,5818,1.0,True,True,-0.6927769643728648,0.4855620488140254,-0.1160192506015813,-0.10514781711928498,-0.04185287040220004,0.0,0.0,0.0,0.20195943623238227,0.1160192506015813,0.04185287040220004,1.0,0.14833276039876248,1
sp_highschool2013,real,20,0.01,0.22896110509898784,254,0.04365761430044689,False,False,-0.00041043837843049837,0.4855620488140254,-0.07253351667239599,-0.07605706428325885,-0.028961842557579887,0.030215215283885186,0.029194351176976756,0.030670159747393514,0.1428325885183912,0.0765069307037892,0.03415151322396147,0.6,0.08562992125984252,20
sp_highschool2013,real,20,0.02,0.22896110509898784,508,0.08731522860089377,False,False,-0.00041043837843049837,0.4855620488140254,-0.07253351667239599,-0.07605706428325885,-0.028961842557579887,0.020872015807135366,0.02016682500918352,0.021186281581663174,0.1428325885183912,0.07690063149119078,0.03413488345969471,0.7,0.08553149606299212,20
sp_highschool2013,real,20,0.05,0.22896110509898784,1271,0.21845995187349604,False,False,0.0003766400165470711,0.4855620488140254,-0.07253351667239599,-0.07605706428325885,-0.028961842557579887,0.012210647452872531,0.011798093327752706,0.01239450073349103,0.1428325885183912,0.07604198587146052,0.03333938949065799,0.7,0.08540519276160505,20
sp_highschool2013,real,20,0.1,0.22896110509898784,2541,0.4367480233757305,False,False,-1.6899180941629198e-05,0.4855620488140254,-0.07253351667239599,-0.07605706428325885,-0.028961842557579887,0.007331365622876204,0.00708366498765987,0.00744175253121843,0.1428325885183912,0.0728308406282718,0.028369998440156863,0.9,0.08892168437622985,20
sp_highschool2013,real,20,0.2,0.22896110509898784,5082,0.873496046751461,False,False,-1.6899180941629198e-05,0.4855620488140254,-0.07253351667239599,-0.07605706428325885,-0.028961842557579887,0.002456804321815167,0.0023737976867051983,0.0024937959339427582,0.1428325885183912,0.07284067927447407,0.029353863060385132,1.0,0.08697363242817788,20
sp_highschool2013,real,20,0.3,0.22896110509898784,5818,1.0,True,True,-0.23679631633670722,0.4855620488140254,-0.07253351667239599,-0.07605706428325885,-0.028961842557579887,0.0,0.0,0.0,0.1428325885183912,0.07253351667239599,0.028961842557579887,1.0,0.08714334822963216,1
sp_highschool2013,real,20,0.5,0.22896110509898784,5818,1.0,True,True,-0.5420777898020244,0.4855620488140254,-0.07253351667239599,-0.07605706428325885,-0.028961842557579887,0.0,0.0,0.0,0.1428325885183912,0.07253351667239599,0.028961842557579887,1.0,0.08714334822963216,1
sp_highschool2013,real,full,0.01,1.0,58,0.009969061533172912,False,False,-0.0030938466827087445,0.4855620488140254,0.0,0.0,0.0,0.06530351839201723,0.06530351839201723,0.06530351839201723,0.0,0.05948275862068967,0.05948275862068967,0.0,0.0,20
sp_highschool2013,real,full,0.02,1.0,116,0.019938123066345823,False,False,-0.0030938466827087445,0.4855620488140254,0.0,0.0,0.0,0.04594348631721877,0.04594348631721877,0.04594348631721877,0.0,0.03965517241379309,0.03965517241379309,0.0,0.0,20
sp_highschool2013,real,full,0.05,1.0,291,0.05001718803712616,False,False,0.0003437607425231751,0.4855620488140254,0.0,0.0,0.0,0.02855864339074257,0.02855864339074257,0.02855864339074257,0.0,0.027729974164785433,0.027729974164785433,0.0,0.0,20
sp_highschool2013,real,full,0.1,1.0,582,0.10003437607425232,False,False,0.0003437607425231751,0.4855620488140254,0.0,0.0,0.0,0.01965520882494011,0.01965520882494011,0.01965520882494011,0.0,0.015463917525773183,0.015463917525773183,0.0,0.0,20
sp_highschool2013,real,full,0.2,1.0,1164,0.20006875214850464,False,False,0.0003437607425231751,0.4855620488140254,0.0,0.0,0.0,0.013103159724593274,0.013103159724593274,0.013103159724593274,0.0,0.00848846865811636,0.00848846865811636,0.0,0.0,20
sp_highschool2013,real,full,0.3,1.0,1745,0.2999312478514954,False,False,-0.00022917382834878336,0.4855620488140254,0.0,0.0,0.0,0.01001149247078976,0.01001149247078976,0.01001149247078976,0.0,0.008452722063037252,0.008452722063037252,0.0,0.0,20
sp_highschool2013,real,full,0.5,1.0,2909,0.5,False,False,0.0,0.4855620488140254,0.0,0.0,0.0,0.0065529874420448145,0.0065529874420448145,0.0065529874420448145,0.0,0.005706428325885182,0.005706428325885182,0.0,0.0,20
copenhagen_bluetooth,real,1,0.01,0.03277858811785454,24263,0.30507984408399347,False,False,8.655228850397126e-06,0.44692568841946434,-0.44692568841946434,-0.20415566452910852,0.009241795548849518,0.0,0.0007567602260003989,0.002660770017445249,0.44692568841946434,0.44692568841946423,0.009175164731423841,1.0,0.9122017063017761,20
copenhagen_bluetooth,real,1,0.02,0.03277858811785454,48526,0.6101596881679869,False,False,8.655228850397126e-06,0.44692568841946434,-0.44692568841946434,-0.20415566452910852,0.009241795548849518,0.0,0.00040079216136263367,0.0014091858022414244,0.44692568841946434,0.44692568841946423,0.009273565588696237,1.0,0.912398508016321,20
copenhagen_bluetooth,real,1,0.05,0.03277858811785454,79530,1.0,True,True,-0.34442823764290925,0.44692568841946434,-0.44692568841946434,-0.20415566452910852,0.009241795548849518,0.0,0.0,0.0,0.44692568841946434,0.44692568841946434,0.009241795548849518,1.0,0.9123349679366277,1
copenhagen_bluetooth,real,1,0.1,0.03277858811785454,79530,1.0,True,True,-0.6722141188214547,0.44692568841946434,-0.44692568841946434,-0.20415566452910852,0.009241795548849518,0.0,0.0,0.0,0.44692568841946434,0.44692568841946434,0.009241795548849518,1.0,0.9123349679366277,1
copenhagen_bluetooth,real,1,0.2,0.03277858811785454,79530,1.0,True,True,-0.8361070594107273,0.44692568841946434,-0.44692568841946434,-0.20415566452910852,0.009241795548849518,0.0,0.0,0.0,0.44692568841946434,0.44692568841946434,0.009241795548849518,1.0,0.9123349679366277,1
copenhagen_bluetooth,real,1,0.3,0.03277858811785454,79530,1.0,True,True,-0.8907380396071515,0.44692568841946434,-0.44692568841946434,-0.20415566452910852,0.009241795548849518,0.0,0.0,0.0,0.44692568841946434,0.44692568841946434,0.009241795548849518,1.0,0.9123349679366277,1
copenhagen_bluetooth,real,1,0.5,0.03277858811785454,79530,1.0,True,True,-0.9344428237642909,0.44692568841946434,-0.44692568841946434,-0.20415566452910852,0.009241795548849518,0.0,0.0,0.0,0.44692568841946434,0.44692568841946434,0.009241795548849518,1.0,0.9123349679366277,1
copenhagen_bluetooth,real,2,0.01,0.057075051962284636,13934,0.1752043254117943,False,False,-2.0402310481525813e-05,0.44692568841946434,-0.32722243178674715,-0.17422985037092922,-0.0377844838425751,0.002497500277983135,0.0023965219931861436,0.003825140725189425,0.36481830755689676,0.3265654185759162,0.036896263990011204,1.0,0.5793383091718101,20
copenhagen_bluetooth,real,2,0.02,0.057075051962284636,27869,0.35042122469508363,False,False,1.548040796581145e-05,0.44692568841946434,-0.32722243178674715,-0.17422985037092922,-0.0377844838425751,0.0015672038187716896,0.0015038390396195297,0.002400310103948048,0.36481830755689676,0.32690164737026994,0.03785826583523096,1.0,0.5780867630700779,20
copenhagen_bluetooth,real,2,0.05,0.057075051962284636,69671,0.8760342009304665,False,False,-6.049223102620896e-06,0.44692568841946434,-0.32722243178674715,-0.17422985037092922,-0.0377844838425751,0.0004330072629972238,0.000415500025417491,0.0006631886012565533,0.36481830755689676,0.32719150920573126,0.03775149829731883,1.0,0.5788800218168249,20
copenhagen_bluetooth,real,2,0.1,0.057075051962284636,79530,1.0,True,True,-0.4292494803771537,0.44692568841946434,-0.32722243178674715,-0.17422985037092922,-0.0377844838425751,0.0,0.0,0.0,0.36481830755689676,0.32722243178674715,0.0377844838425751,1.0,0.5788758958883441,1
copenhagen_bluetooth,real,2,0.2,0.057075051962284636,79530,1.0,True,True,-0.7146247401885768,0.44692568841946434,-0.32722243178674715,-0.17422985037092922,-0.0377844838425751,0.0,0.0,0.0,0.36481830755689676,0.32722243178674715,0.0377844838425751,1.0,0.5788758958883441,1
copenhagen_bluetooth,real,2,0.3,0.057075051962284636,79530,1.0,True,True,-0.8097498267923845,0.44692568841946434,-0.32722243178674715,-0.17422985037092922,-0.0377844838425751,0.0,0.0,0.0,0.36481830755689676,0.32722243178674715,0.0377844838425751,1.0,0.5788758958883441,1
copenhagen_bluetooth,real,2,0.5,0.057075051962284636,79530,1.0,True,True,-0.8858498960754307,0.44692568841946434,-0.32722243178674715,-0.17422985037092922,-0.0377844838425751,0.0,0.0,0.0,0.36481830755689676,0.32722243178674715,0.0377844838425751,1.0,0.5788758958883441,1
copenhagen_bluetooth,real,3,0.01,0.07761432217811719,10247,0.12884446120960644,False,False,1.7552318831675153e-05,0.44692568841946434,-0.2795800326920659,-0.15906890481579278,-0.046460455174148096,0.0034418489817315454,0.003240736946933798,0.004584179513741465,0.32516031686156166,0.2782958455386212,0.045054409020615895,1.0,0.46648287303601055,20
copenhagen_bluetooth,real,3,0.02,0.07761432217811719,20494,0.2576889224192129,False,False,1.7552318831675153e-05,0.44692568841946434,-0.2795800326920659,-0.15906890481579278,-0.046460455174148096,0.0022465802297870607,0.002115309414667925,0.0029922077116193786,0.32516031686156166,0.28039890009117313,0.0477125040728263,1.0,0.4653727920366936,20
copenhagen_bluetooth,real,3,0.05,0.07761432217811719,51234,0.6442097321765372,False,False,-1.965931433220349e-06,0.44692568841946434,-0.2795800326920659,-0.15906890481579278,-0.046460455174148096,0.0009836944657141428,0.0009262158265672482,0.0013101771871579903,0.32516031686156166,0.27967249717927223,0.04640259828400741,1.0,0.4665397977905297,20
copenhagen_bluetooth,real,3,0.1,0.07761432217811719,79530,1.0,True,True,-0.22385677821882816,0.44692568841946434,-0.2795800326920659,-0.15906890481579278,-0.046460455174148096,0.0,0.0,0.0,0.32516031686156166,0.2795800326920659,0.046460455174148096,1.0,0.4662391550358356,1
copenhagen_bluetooth,real,3,0.2,0.07761432217811719,79530,1.0,True,True,-0.611928389109414,0.44692568841946434,-0.2795800326920659,-0.15906890481579278,-0.046460455174148096,0.0,0.0,0.0,0.32516031686156166,0.2795800326920659,0.046460455174148096,1.0,0.4662391550358356,1
copenhagen_bluetooth,real,3,0.3,0.07761432217811719,79530,1.0,True,True,-0.7412855927396094,0.44692568841946434,-0.2795800326920659,-0.15906890481579278,-0.046460455174148096,0.0,0.0,0.0,0.32516031686156166,0.2795800326920659,0.046460455174148096,1.0,0.4662391550358356,1
copenhagen_bluetooth,real,3,0.5,0.07761432217811719,79530,1.0,True,True,-0.8447713556437656,0.44692568841946434,-0.2795800326920659,-0.15906890481579278,-0.046460455174148096,0.0,0.0,0.0,0.32516031686156166,0.2795800326920659,0.046460455174148096,1.0,0.4662391550358356,1
copenhagen_bluetooth,real,5,0.01,0.1124767596801522,7071,0.0889098453413806,False,False,2.91307661966401e-05,0.44692568841946434,-0.23208852005532501,-0.1417704011065007,-0.051313969571230966,0.00466205684563914,0.004377453699686502,0.0056435501831660385,0.2801081352948573,0.2320904458795124,0.051893161195592195,1.0,0.3603945693678405,20
copenhagen_bluetooth,real,5,0.02,0.1124767596801522,14142,0.1778196906827612,False,False,2.91307661966401e-05,0.44692568841946434,-0.23208852005532501,-0.1417704011065007,-0.051313969571230966,0.0031315938087604863,0.0029404203676531094,0.003790881878577559,0.2801081352948573,0.23214701496450743,0.05127090126064664,1.0,0.3617522274077217,20
copenhagen_bluetooth,real,5,0.05,0.1124767596801522,35354,0.444536652835408,False,False,8.453997486151587e-07,0.44692568841946434,-0.23208852005532501,-0.1417704011065007,-0.051313969571230966,0.0016279675019958398,0.001528585472149922,0.001970700186264551,0.2801081352948573,0.23209709759522945,0.051041912891942695,1.0,0.3621103694065735,20
copenhagen_bluetooth,real,5,0.1,0.1124767596801522,70708,0.889073305670816,False,False,8.453997486151587e-07,0.44692568841946434,-0.23208852005532501,-0.1417704011065007,-0.051313969571230966,0.0005144238144360256,0.00048301994254235775,0.0006227244129168049,0.2801081352948573,0.23223145297227304,0.051460889528249766,1.0,0.36154112688804657,20
copenhagen_bluetooth,real,5,0.2,0.1124767596801522,79530,1.0,True,True,-0.43761620159923903,0.44692568841946434,-0.23208852005532501,-0.1417704011065007,-0.051313969571230966,0.0,0.0,0.0,0.2801081352948573,0.23208852005532501,0.051313969571230966,1.0,0.36154910096818804,1
copenhagen_bluetooth,real,5,0.3,0.1124767596801522,79530,1.0,True,True,-0.625077467732826,0.44692568841946434,-0.23208852005532501,-0.1417704011065007,-0.051313969571230966,0.0,0.0,0.0,0.2801081352948573,0.23208852005532501,0.051313969571230966,1.0,0.36154910096818804,1
copenhagen_bluetooth,real,5,0.5,0.1124767596801522,79530,1.0,True,True,-0.7750464806396956,0.44692568841946434,-0.23208852005532501,-0.1417704011065007,-0.051313969571230966,0.0,0.0,0.0,0.2801081352948573,0.23208852005532501,0.051313969571230966,1.0,0.36154910096818804,1
copenhagen_bluetooth,real,10,0.01,0.18059382288681558,4404,0.055375330064126746,False,False,4.425498998579686e-05,0.44692568841946434,-0.1722620394819565,-0.1181661008424494,-0.05072299761096438,0.0065370082231177955,0.006186927421588879,0.0072814541569198804,0.22316107129385138,0.17052923065379677,0.048293762897211844,1.0,0.24447093551316987,20
copenhagen_bluetooth,real,10,0.02,0.18059382288681558,8808,0.11075066012825349,False,False,4.425498998579686e-05,0.44692568841946434,-0.1722620394819565,-0.1181661008424494,-0.05072299761096438,0.004484831878676016,0.0042446526582710425,0.004995572379821347,0.22316107129385138,0.17149426244307922,0.04975550222509558,1.0,0.24347752043596724,20
copenhagen_bluetooth,real,10,0.05,0.18059382288681558,22019,0.2768640764491387,False,False,-1.1602804497178965e-06,0.44692568841946434,-0.1722620394819565,-0.1181661008424494,-0.05072299761096438,0.0025579038601607294,0.0024209187129748677,0.0028492024271441897,0.22316107129385138,0.17300770849303718,0.051370713170815464,1.0,0.24327399064444338,20
copenhagen_bluetooth,real,10,0.1,0.18059382288681558,44038,0.5537281528982774,False,False,-1.1602804497178965e-06,0.44692568841946434,-0.1722620394819565,-0.1181661008424494,-0.05072299761096438,0.0014208852185684778,0.001344791596039761,0.0015826981132841418,0.22316107129385138,0.17243320465544235,0.05111809043590467,1.0,0.24263022843907533,20
copenhagen_bluetooth,real,10,0.2,0.18059382288681558,79530,1.0,True,True,-0.09703088556592222,0.44692568841946434,-0.1722620394819565,-0.1181661008424494,-0.05072299761096438,0.0,0.0,0.0,0.22316107129385138,0.1722620394819565,0.05072299761096438,1.0,0.24307808374198414,1
copenhagen_bluetooth,real,10,0.3,0.18059382288681558,79530,1.0,True,True,-0.3980205903772814,0.44692568841946434,-0.1722620394819565,-0.1181661008424494,-0.05072299761096438,0.0,0.0,0.0,0.22316107129385138,0.1722620394819565,0.05072299761096438,1.0,0.24307808374198414,1
copenhagen_bluetooth,real,10,0.5,0.18059382288681558,79530,1.0,True,True,-0.6388123542263688,0.44692568841946434,-0.1722620394819565,-0.1181661008424494,-0.05072299761096438,0.0,0.0,0.0,0.22316107129385138,0.1722620394819565,0.05072299761096438,1.0,0.24307808374198414,1
copenhagen_bluetooth,real,20,0.01,0.2775587638519725,2865,0.03602414183327046,False,False,-0.00011837239293200941,0.44692568841946434,-0.10252734817050169,-0.08896957123098201,-0.037646171256129735,0.008716136904872511,0.008392443161108909,0.009119749274937047,0.16110901546586193,0.10388903920480463,0.03866216311405422,1.0,0.13045375218150085,20
copenhagen_bluetooth,real,20,0.02,0.2775587638519725,5731,0.07206085753803596,False,False,5.6127018517767336e-05,0.44692568841946434,-0.10252734817050169,-0.08896957123098201,-0.037646171256129735,0.006046413170253244,0.005821865743247282,0.0063264004142203605,0.16110901546586193,0.10408848723293493,0.03903875769184263,1.0,0.13009945908218462,20
copenhagen_bluetooth,real,20,0.05,0.2775587638519725,14327,0.1801458569093424,False,False,2.1227136227722023e-05,0.44692568841946434,-0.10252734817050169,-0.08896957123098201,-0.037646171256129735,0.0035945451654567496,0.003461053482795866,0.0037609953840992525,0.16110901546586193,0.10304001800695647,0.03821311774870284,1.0,0.1296538005165073,20
copenhagen_bluetooth,real,20,0.1,0.2775587638519725,28653,0.36027913994718974,False,False,-1.3672746062173348e-05,0.44692568841946434,-0.10252734817050169,-0.08896957123098201,-0.037646171256129735,0.0022452436863408293,0.0021618614101759177,0.002349212696408795,0.16110901546586193,0.10271914809209896,0.03803133180759124,1.0,0.12937563256901546,20
copenhagen_bluetooth,real,20,0.2,0.2775587638519725,57307,0.7205708537658745,False,False,3.7771950828343145e-06,0.44692568841946434,-0.10252734817050169,-0.08896957123098201,-0.037646171256129735,0.0010492652560143876,0.0010102983831179204,0.0010978528862258397,0.16110901546586193,0.10216588595205198,0.03732651205357535,1.0,0.12967874779695326,20
copenhagen_bluetooth,real,20,0.3,0.2775587638519725,79530,1.0,True,True,-0.07480412049342491,0.44692568841946434,-0.10252734817050169,-0.08896957123098201,-0.037646171256129735,0.0,0.0,0.0,0.16110901546586193,0.10252734817050169,0.037646171256129735,1.0,0.12976235382874385,1
copenhagen_bluetooth,real,20,0.5,0.2775587638519725,79530,1.0,True,True,-0.444882472296055,0.44692568841946434,-0.10252734817050169,-0.08896957123098201,-0.037646171256129735,0.0,0.0,0.0,0.16110901546586193,0.10252734817050169,0.037646171256129735,1.0,0.12976235382874385,1
copenhagen_bluetooth,real,full,0.01,1.0,795,0.00999622783855149,False,False,-0.00037721614485106207,0.44692568841946434,0.0,0.0,0.0,0.017544742290040792,0.017544742290040792,0.017544742290040792,0.0,0.012606753355207112,0.012606753355207112,0.0,0.0,20
copenhagen_bluetooth,real,full,0.02,1.0,1591,0.020005029548598015,False,False,0.00025147742990060806,0.44692568841946434,0.0,0.0,0.0,0.01233925577399413,0.01233925577399413,0.01233925577399413,0.0,0.008858656802302462,0.008858656802302462,0.0,0.0,20
copenhagen_bluetooth,real,full,0.05,1.0,3977,0.05000628693574752,False,False,0.00012573871495021407,0.44692568841946434,0.0,0.0,0.0,0.007684129990647099,0.007684129990647099,0.007684129990647099,0.0,0.005984410359567513,0.005984410359567513,0.0,0.0,20
copenhagen_bluetooth,real,full,0.1,1.0,7953,0.1,False,False,-1.1995253001296924e-16,0.44692568841946434,0.0,0.0,0.0,0.005288930942763556,0.005288930942763556,0.005288930942763556,0.0,0.003892870614862323,0.003892870614862323,0.0,0.0,20
copenhagen_bluetooth,real,full,0.2,1.0,15906,0.2,False,False,-1.1995253001296924e-16,0.44692568841946434,0.0,0.0,0.0,0.003525953961842371,0.003525953961842371,0.003525953961842371,0.0,0.002947944172010561,0.002947944172010561,0.0,0.0,20
copenhagen_bluetooth,real,full,0.3,1.0,23859,0.3,False,False,0.0,0.44692568841946434,0.0,0.0,0.0,0.0026929918211786833,0.0026929918211786833,0.0026929918211786833,0.0,0.0019564944046271903,0.0019564944046271903,0.0,0.0,20
copenhagen_bluetooth,real,full,0.5,1.0,39765,0.5,False,False,0.0,0.44692568841946434,0.0,0.0,0.0,0.0017629769809211855,0.0017629769809211855,0.0017629769809211855,0.0,0.0014258770275367761,0.0014258770275367761,0.0,0.0,20
snap_email_eu,real,1,0.01,0.04833691406837699,3323,0.20686005976095617,False,False,-0.00010230671553321222,0.5057270916334662,-0.5057270916334662,-0.25014006474103584,-0.07526145418326696,0.0,0.002672958652892307,0.00772440027523157,0.5057270916334662,0.5057270916334661,0.074806236984053,1.0,0.8618417092988263,20
snap_email_eu,real,1,0.02,0.04833691406837699,6647,0.41378237051792827,False,False,4.814433672144724e-05,0.5057270916334662,-0.5057270916334662,-0.25014006474103584,-0.07526145418326696,0.0,0.0016247969660886724,0.004695389552124292,0.5057270916334662,0.5057270916334661,0.07578501250002252,1.0,0.8598841582668874,20
snap_email_eu,real,1,0.05,0.04833691406837699,16064,1.0,True,True,-0.033261718632460156,0.5057270916334662,-0.5057270916334662,-0.25014006474103584,-0.07526145418326696,0.0,0.0,0.0,0.5057270916334662,0.5057270916334662,0.07526145418326696,1.0,0.8609312749003984,1
snap_email_eu,real,1,0.1,0.04833691406837699,16064,1.0,True,True,-0.5166308593162301,0.5057270916334662,-0.5057270916334662,-0.25014006474103584,-0.07526145418326696,0.0,0.0,0.0,0.5057270916334662,0.5057270916334662,0.07526145418326696,1.0,0.8609312749003984,1
snap_email_eu,real,1,0.2,0.04833691406837699,16064,1.0,True,True,-0.758315429658115,0.5057270916334662,-0.5057270916334662,-0.25014006474103584,-0.07526145418326696,0.0,0.0,0.0,0.5057270916334662,0.5057270916334662,0.07526145418326696,1.0,0.8609312749003984,1
snap_email_eu,real,1,0.3,0.04833691406837699,16064,1.0,True,True,-0.83887695310541,0.5057270916334662,-0.5057270916334662,-0.25014006474103584,-0.07526145418326696,0.0,0.0,0.0,0.5057270916334662,0.5057270916334662,0.07526145418326696,1.0,0.8609312749003984,1
snap_email_eu,real,1,0.5,0.04833691406837699,16064,1.0,True,True,-0.903326171863246,0.5057270916334662,-0.5057270916334662,-0.25014006474103584,-0.07526145418326696,0.0,0.0,0.0,0.5057270916334662,0.5057270916334662,0.07526145418326696,1.0,0.8609312749003984,1
snap_email_eu,real,2,0.01,0.08391256988451377,1914,0.119148406374502,False,False,-0.0001951023471155452,0.5057270916334662,-0.32189990039840644,-0.20418326693227093,-0.07974352589641437,0.008309786394156167,0.007537508696264873,0.01072594181322743,0.42150149402390436,0.3222892650921914,0.08106669455927601,1.0,0.4824451410658307,20
snap_email_eu,real,2,0.02,0.08391256988451377,3829,0.23835906374501992,False,False,6.607970556285168e-05,0.5057270916334662,-0.32189990039840644,-0.20418326693227093,-0.07974352589641437,0.005463134725357356,0.004955413237842827,0.00705159704504722,0.42150149402390436,0.3223894055535498,0.08077279547258867,1.0,0.48323322016192216,20
snap_email_eu,real,2,0.05,0.08391256988451377,9572,0.5958665338645418,False,False,1.3843295027090207e-05,0.5057270916334662,-0.32189990039840644,-0.20418326693227093,-0.07974352589641437,0.002516926408987865,0.002283013521135308,0.0032487485153606887,0.42150149402390436,0.32212387391512104,0.07963275398198268,1.0,0.48498223986627664,20
snap_email_eu,real,2,0.1,0.08391256988451377,16064,1.0,True,True,-0.16087430115486231,0.5057270916334662,-0.32189990039840644,-0.20418326693227093,-0.07974352589641437,0.0,0.0,0.0,0.42150149402390436,0.32189990039840644,0.07974352589641437,1.0,0.484312749003984,1
snap_email_eu,real,2,0.2,0.08391256988451377,16064,1.0,True,True,-0.5804371505774312,0.5057270916334662,-0.32189990039840644,-0.20418326693227093,-0.07974352589641437,0.0,0.0,0.0,0.42150149402390436,0.32189990039840644,0.07974352589641437,1.0,0.484312749003984,1
snap_email_eu,real,2,0.3,0.08391256988451377,16064,1.0,True,True,-0.7202914337182874,0.5057270916334662,-0.32189990039840644,-0.20418326693227093,-0.07974352589641437,0.0,0.0,0.0,0.42150149402390436,0.32189990039840644,0.07974352589641437,1.0,0.484312749003984,1
snap_email_eu,real,2,0.5,0.08391256988451377,16064,1.0,True,True,-0.8321748602309724,0.5057270916334662,-0.32189990039840644,-0.20418326693227093,-0.07974352589641437,0.0,0.0,0.0,0.42150149402390436,0.32189990039840644,0.07974352589641437,1.0,0.484312749003984,1
snap_email_eu,real,3,0.01,0.11241702624468156,1429,0.08895667330677291,False,False,2.446777670531444e-05,0.5057270916334662,-0.22877241035856577,-0.17590575199203187,-0.07127739043824705,0.011299364896791654,0.010317333703006314,0.012624332731075653,0.3644795816733068,0.2268607515354956,0.07106998876432692,1.0,0.3115815255423373,20
snap_email_eu,real,3,0.02,0.11241702624468156,2858,0.17791334661354583,False,False,2.446777670531444e-05,0.5057270916334662,-0.22877241035856577,-0.17590575199203187,-0.07127739043824705,0.007589764823256879,0.0069301360850037,0.008479743539091686,0.3644795816733068,0.22775298386579648,0.06948671374683217,1.0,0.3165325402379286,20
snap_email_eu,real,3,0.05,0.11241702624468156,7145,0.4447833665338645,False,False,2.446777670528707e-05,0.5057270916334662,-0.22877241035856577,-0.17590575199203187,-0.07127739043824705,0.003944852325911268,0.0036020040265328226,0.004407427213134969,0.3644795816733068,0.22846327077972228,0.07115046462156974,1.0,0.31462561231630504,20
snap_email_eu,real,3,0.1,0.11241702624468156,14290,0.889566733067729,False,False,2.446777670528707e-05,0.5057270916334662,-0.22877241035856577,-0.17590575199203187,-0.07127739043824705,0.0012440403826032124,0.0011359204596514464,0.0013899170320038914,0.3644795816733068,0.22878867315900853,0.07108748351590147,1.0,0.3154023792862141,20
snap_email_eu,real,3,0.2,0.11241702624468156,16064,1.0,True,True,-0.43791486877659225,0.5057270916334662,-0.22877241035856577,-0.17590575199203187,-0.07127739043824705,0.0,0.0,0.0,0.3644795816733068,0.22877241035856577,0.07127739043824705,1.0,0.31499003984063745,1
snap_email_eu,real,3,0.3,0.11241702624468156,16064,1.0,True,True,-0.6252765791843948,0.5057270916334662,-0.22877241035856577,-0.17590575199203187,-0.07127739043824705,0.0,0.0,0.0,0.3644795816733068,0.22877241035856577,0.07127739043824705,1.0,0.31499003984063745,1
snap_email_eu,real,3,0.5,0.11241702624468156,16064,1.0,True,True,-0.7751659475106369,0.5057270916334662,-0.22877241035856577,-0.17590575199203187,-0.07127739043824705,0.0,0.0,0.0,0.3644795816733068,0.22877241035856577,0.07127739043824705,1.0,0.31499003984063745,1
snap_email_eu,real,5,0.01,0.15778403654155157,1018,0.0633715139442231,False,False,-9.867281312560422e-05,0.5057270916334662,-0.13215886454183273,-0.13919322709163348,-0.04976967131474108,0.014673886796193013,0.013796454910392433,0.015165782496984423,0.2923929282868526,0.13416520558238565,0.053197622085332595,1.0,0.16193516699410607,20
snap_email_eu,real,5,0.02,0.15778403654155157,2036,0.1267430278884462,False,False,-9.867281312560422e-05,0.5057270916334662,-0.13215886454183273,-0.13919322709163348,-0.04976967131474108,0.010018841738028144,0.009419760436541186,0.010354691758291634,0.2923929282868526,0.12991667905979232,0.04768436078867248,1.0,0.1644646365422397,20
snap_email_eu,real,5,0.05,0.15778403654155157,5091,0.3169198207171315,False,False,9.777145547695925e-05,0.5057270916334662,-0.13215886454183273,-0.13919322709163348,-0.04976967131474108,0.0056036327608567915,0.005268560933672729,0.005791476847577869,0.2923929282868526,0.13125252867923323,0.04858212993635362,1.0,0.16534079748575917,20
snap_email_eu,real,5,0.1,0.15778403654155157,10181,0.633777390438247,False,False,-4.5067882439090224e-07,0.5057270916334662,-0.13215886454183273,-0.13919322709163348,-0.04976967131474108,0.002901434227811888,0.002727941618703317,0.0029986956448183203,0.2923929282868526,0.13211939101466647,0.04982148314706995,1.0,0.16459581573519302,20
snap_email_eu,real,5,0.2,0.15778403654155157,16064,1.0,True,True,-0.21107981729224218,0.5057270916334662,-0.13215886454183273,-0.13919322709163348,-0.04976967131474108,0.0,0.0,0.0,0.2923929282868526,0.13215886454183273,0.04976967131474108,1.0,0.16477838645418325,1
snap_email_eu,real,5,0.3,0.15778403654155157,16064,1.0,True,True,-0.47405321152816143,0.5057270916334662,-0.13215886454183273,-0.13919322709163348,-0.04976967131474108,0.0,0.0,0.0,0.2923929282868526,0.13215886454183273,0.04976967131474108,1.0,0.16477838645418325,1
snap_email_eu,real,5,0.5,0.15778403654155157,16064,1.0,True,True,-0.6844319269168968,0.5057270916334662,-0.13215886454183273,-0.13919322709163348,-0.04976967131474108,0.0,0.0,0.0,0.2923929282868526,0.13215886454183273,0.04976967131474108,1.0,0.16477838645418325,1
snap_email_eu,real,10,0.01,0.23913893853773613,672,0.04183266932270916,False,False,0.00038201380327863263,0.5057270916334662,-0.05266434262948211,-0.09437250996015938,-0.02312624501992039,0.01879738734667067,0.018302784058850073,0.018879525469554546,0.20287599601593626,0.05275090115727571,0.02577235700056918,0.45,0.0578125,20
snap_email_eu,real,10,0.02,0.23913893853773613,1343,0.08360308764940239,False,False,-0.0003623180522297995,0.5057270916334662,-0.05266434262948211,-0.09437250996015938,-0.02312624501992039,0.013003649348504074,0.012661492877350893,0.013060470827384511,0.20287599601593626,0.05148286229616165,0.021624336607405127,0.65,0.05971705137751304,20
snap_email_eu,real,10,0.05,0.23913893853773613,3359,0.20910109561752988,False,False,8.428106107525976e-05,0.5057270916334662,-0.05266434262948211,-0.09437250996015938,-0.02312624501992039,0.007638655653690894,0.007437664732390649,0.007672033953833311,0.20287599601593626,0.05254161976683922,0.021855403631084534,0.9,0.06137243227150937,20
snap_email_eu,real,10,0.1,0.23913893853773613,6717,0.41813994023904383,False,False,-6.458531002648141e-05,0.5057270916334662,-0.05266434262948211,-0.09437250996015938,-0.02312624501992039,0.004633221331058261,0.004511310426033058,0.004653466916044095,0.20287599601593626,0.05248903893136704,0.023086031636443703,0.95,0.058806014589846654,20
snap_email_eu,real,10,0.2,0.23913893853773613,13435,0.8363421314741036,False,False,9.847875524389176e-06,0.5057270916334662,-0.05266434262948211,-0.09437250996015938,-0.02312624501992039,0.001737444968076571,0.0016917287215700994,0.0017450370055049596,0.20287599601593626,0.053170336888397327,0.02348853562304564,1.0,0.059363602530703365,20
snap_email_eu,real,10,0.3,0.23913893853773613,16064,1.0,True,True,-0.20287020487421287,0.5057270916334662,-0.05266434262948211,-0.09437250996015938,-0.02312624501992039,0.0,0.0,0.0,0.20287599601593626,0.05266434262948211,0.02312624501992039,1.0,0.059076195219123495,1
snap_email_eu,real,10,0.5,0.23913893853773613,16064,1.0,True,True,-0.5217221229245277,0.5057270916334662,-0.05266434262948211,-0.09437250996015938,-0.02312624501992039,0.0,0.0,0.0,0.20287599601593626,0.05266434262948211,0.02312624501992039,1.0,0.059076195219123495,1
snap_email_eu,real,20,0.01,0.34520693037727107,465,0.028946713147410357,False,False,-0.0007394009871076158,0.5057270916334662,-0.017679282868525936,-0.058391434262948225,-0.008279382470119556,0.02284306942166195,0.022633495146322794,0.022848099744100122,0.13097609561752988,0.025119307715375093,0.019137482328749546,0.35,0.022150537634408593,20
snap_email_eu,real,20,0.02,0.34520693037727107,931,0.05795567729083665,False,False,0.0003350727752717943,0.5057270916334662,-0.017679282868525936,-0.058391434262948225,-0.008279382470119556,0.01590084604100182,0.015754963356638816,0.015904347601197143,0.13097609561752988,0.025741716271327198,0.017856233497802597,0.35,0.02035445757250268,20
snap_email_eu,real,20,0.05,0.34520693037727107,2327,0.14485806772908366,False,False,0.00012017802279585757,0.5057270916334662,-0.017679282868525936,-0.058391434262948225,-0.008279382470119556,0.009582532800669822,0.00949461762909005,0.00958464299124325,0.13097609561752988,0.01730852695791827,0.009008797213381145,0.65,0.01903738719381178,20
snap_email_eu,real,20,0.1,0.34520693037727107,4653,0.2896538844621514,False,False,-9.47167296798876e-05,0.5057270916334662,-0.017679282868525936,-0.058391434262948225,-0.008279382470119556,0.006176292899446965,0.0061196283556069625,0.006177652994457985,0.13097609561752988,0.01670925367945801,0.008817689696832729,0.5,0.018364496024070504,20
snap_email_eu,real,20,0.2,0.34520693037727107,9307,0.5793700199203188,False,False,1.2730646558094444e-05,0.5057270916334662,-0.017679282868525936,-0.058391434262948225,-0.008279382470119556,0.003360505879155691,0.0033296748392723577,0.003361245903528751,0.13097609561752988,0.018674335643351213,0.009100896296622942,0.65,0.01914687869345654,20
snap_email_eu,real,20,0.3,0.34520693037727107,13960,0.8690239043824701,False,False,-2.308514552123291e-05,0.5057270916334662,-0.017679282868525936,-0.058391434262948225,-0.008279382470119556,0.0015311322907391425,0.0015170848816822957,0.0015314694647404006,0.13097609561752988,0.017693424011689676,0.008327378166417477,0.75,0.01873209169054441,20
snap_email_eu,real,20,0.5,0.34520693037727107,16064,1.0,True,True,-0.30958613924545786,0.5057270916334662,-0.017679282868525936,-0.058391434262948225,-0.008279382470119556,0.0,0.0,0.0,0.13097609561752988,0.017679282868525936,0.008279382470119556,1.0,0.01879980079681276,1
snap_email_eu,real,full,0.01,1.0,161,0.010022410358565737,False,False,0.0022410358565737006,0.5057270916334662,0.0,0.0,0.0,0.03920620215488977,0.03920620215488977,0.03920620215488977,0.0,0.029813664596273298,0.029813664596273298,0.0,0.0,20
snap_email_eu,real,full,0.02,1.0,321,0.019982569721115537,False,False,-0.0008715139442231665,0.5057270916334662,0.0,0.0,0.0,0.027626089531785067,0.027626089531785067,0.027626089531785067,0.0,0.01640075213166022,0.01640075213166022,0.0,0.0,20
snap_email_eu,real,full,0.05,1.0,803,0.04998754980079681,False,False,-0.00024900398406379315,0.5057270916334662,0.0,0.0,0.0,0.017197364923394673,0.017197364923394673,0.017197364923394673,0.0,0.019650879669367374,0.019650879669367374,0.0,0.0,20
snap_email_eu,real,full,0.1,1.0,1606,0.09997509960159362,False,False,-0.00024900398406379315,0.5057270916334662,0.0,0.0,0.0,0.011836124458221782,0.011836124458221782,0.011836124458221782,0.0,0.009034441313202992,0.009034441313202992,0.0,0.0,20
snap_email_eu,real,full,0.2,1.0,3213,0.2000124501992032,False,False,6.225099601594829e-05,0.5057270916334662,0.0,0.0,0.0,0.007889351073559035,0.007889351073559035,0.007889351073559035,0.0,0.00648926237161532,0.00648926237161532,0.0,0.0,20
snap_email_eu,real,full,0.3,1.0,4819,0.29998754980079684,False,False,-4.15006640106322e-05,0.5057270916334662,0.0,0.0,0.0,0.006026004479434317,0.006026004479434317,0.006026004479434317,0.0,0.004924186838452399,0.004924186838452399,0.0,0.0,20
snap_email_eu,real,full,0.5,1.0,8032,0.5,False,False,0.0,0.5057270916334662,0.0,0.0,0.0,0.003944829011170657,0.003944829011170657,0.003944829011170657,0.0,0.003629233067729093,0.003629233067729093,0.0,0.0,20
snap_collegemsg,real,1,0.01,0.23126932397426256,598,0.04321433733198439,False,False,-0.0005849419236233354,0.10304957363780894,-0.10304957363780894,-0.02991761815291227,0.13350917762682468,0.0,0.009985822169341466,0.01216129294537336,0.10304957363780894,0.10304957363780894,0.13353069392071948,1.0,0.4731605351170568,20
snap_collegemsg,real,1,0.02,0.23126932397426256,1197,0.08650093944211591,False,False,0.000250689395838518,0.10304957363780894,-0.10304957363780894,-0.02991761815291227,0.13350917762682468,0.0,0.006896584593594535,0.00839904658253922,0.10304957363780894,0.10304957363780894,0.13293622419009415,1.0,0.4719715956558061,20
snap_collegemsg,real,1,0.05,0.23126932397426256,2992,0.21621621621621623,False,False,8.356313194618534e-05,0.10304957363780894,-0.10304957363780894,-0.02991761815291227,0.13350917762682468,0.0,0.004040586724665396,0.004920852584448044,0.10304957363780894,0.10304957363780894,0.13267903598785952,1.0,0.4714572192513368,20
snap_collegemsg,real,1,0.1,0.23126932397426256,5983,0.4323601676542853,False,False,-8.356313194618534e-05,0.10304957363780894,-0.10304957363780894,-0.02991761815291227,0.13350917762682468,0.0,0.0024316665487206864,0.002961419574970006,0.10304957363780894,0.10304957363780894,0.13312375078137875,1.0,0.4723466488383754,20
snap_collegemsg,real,1,0.2,0.23126932397426256,11967,0.8647926000867178,False,False,0.0,0.10304957363780894,-0.10304957363780894,-0.02991761815291227,0.13350917762682468,0.0,0.0008391404868040971,0.0010219522348074042,0.10304957363780894,0.10304957363780894,0.13346751502267407,1.0,0.4730341773209661,20
snap_collegemsg,real,1,0.3,0.23126932397426256,13838,1.0,True,True,-0.22910225341912482,0.10304957363780894,-0.10304957363780894,-0.02991761815291227,0.13350917762682468,0.0,0.0,0.0,0.10304957363780894,0.10304957363780894,0.13350917762682468,1.0,0.4731175025292672,1
snap_collegemsg,real,1,0.5,0.23126932397426256,13838,1.0,True,True,-0.5374613520514749,0.10304957363780894,-0.10304957363780894,-0.02991761815291227,0.13350917762682468,0.0,0.0,0.0,0.10304957363780894,0.10304957363780894,0.13350917762682468,1.0,0.4731175025292672,1
snap_collegemsg,real,2,0.01,0.375114899306426,369,0.026665703136291373,False,False,0.000270254690498474,0.10304957363780894,-0.06446018210724094,-0.02027027027027027,0.07248157248157248,0.009892861824871105,0.014182436336926802,0.01561495880618631,0.06922965746495158,0.06930973623943495,0.06903714722939973,1.0,0.27669376693766934,20
snap_collegemsg,real,2,0.02,0.375114899306426,738,0.053331406272582746,False,False,0.000270254690498474,0.10304957363780894,-0.06446018210724094,-0.02027027027027027,0.07248157248157248,0.0068988216371841365,0.009890171358018732,0.010889145889517227,0.06922965746495158,0.06585445168658943,0.0691387732456599,1.0,0.26998644986449866,20
snap_collegemsg,real,2,0.05,0.375114899306426,1845,0.13332851568145687,False,False,0.00027025469049855,0.10304957363780894,-0.06446018210724094,-0.02027027027027027,0.07248157248157248,0.004174776032207329,0.005984971421399566,0.006589494215322343,0.06922965746495158,0.06497369287900136,0.07172007405866802,1.0,0.2733875338753387,20
snap_collegemsg,real,2,0.1,0.375114899306426,3689,0.2665847665847666,False,False,-8.212592820420771e-07,0.10304957363780894,-0.06446018210724094,-0.02027027027027027,0.07248157248157248,0.002715968624228594,0.0038936207528315067,0.004286902914139971,0.06922965746495158,0.06435345002707434,0.07258067846303139,1.0,0.27386825698021144,20
snap_collegemsg,real,2,0.2,0.375114899306426,7378,0.5331695331695332,False,False,-8.212592820420771e-07,0.10304957363780894,-0.06446018210724094,-0.02027027027027027,0.07248157248157248,0.0015321962089044133,0.0021965610733424516,0.002418428671963077,0.06922965746495158,0.06429923479259345,0.07271621654923363,1.0,0.27403090268365415,20
snap_collegemsg,real,2,0.3,0.375114899306426,11067,0.7997542997542998,False,False,-8.212592819407435e-07,0.10304957363780894,-0.06446018210724094,-0.02027027027027027,0.07248157248157248,0.0008193524521494731,0.001174626129003492,0.0012932713520668686,0.06922965746495158,0.06432182447362714,0.0728856391569864,1.0,0.274414927261227,20
snap_collegemsg,real,2,0.5,0.375114899306426,13838,1.0,True,True,-0.24977020138714798,0.10304957363780894,-0.06446018210724094,-0.02027027027027027,0.07248157248157248,0.0,0.0,0.0,0.06922965746495158,0.06446018210724094,0.07248157248157248,1.0,0.2738835091776268,1
snap_collegemsg,real,3,0.01,0.47269992479318124,293,0.02117357999710941,False,False,0.0008749672236023898,0.10304957363780894,-0.044009249891602834,-0.014778147131088309,0.04198583610348315,0.013623685061362419,0.01645069288153884,0.017572843607995554,0.05015175603410898,0.045711689678764565,0.04072175742021154,1.0,0.1728668941979522,20
snap_collegemsg,real,3,0.02,0.47269992479318124,585,0.04227489521607169,False,False,-0.0008330105361649139,0.10304957363780894,-0.044009249891602834,-0.014778147131088309,0.04198583610348315,0.009537138002444745,0.011516159360731838,0.012301710868239387,0.05015175603410898,0.04339145397968928,0.04370256311432782,1.0,0.17418803418803414,20
snap_collegemsg,real,3,0.05,0.47269992479318124,1464,0.10579563520739992,False,False,0.00019177611969558233,0.10304957363780894,-0.044009249891602834,-0.014778147131088309,0.04198583610348315,0.005825368706302891,0.0070341725515146785,0.007513994398262674,0.05015175603410898,0.044306404238901836,0.04102487991410364,1.0,0.17066256830601093,20
snap_collegemsg,real,3,0.1,0.47269992479318124,2927,0.21151900563665268,False,False,-0.00014981943225791646,0.10304957363780894,-0.044009249891602834,-0.014778147131088309,0.04198583610348315,0.003868653359499177,0.004671425388623157,0.004990077218742391,0.05015175603410898,0.04387635874201119,0.041039937807356756,1.0,0.16983259309873588,20
snap_collegemsg,real,3,0.2,0.47269992479318124,5855,0.4231102760514525,False,False,2.0978343718832938e-05,0.10304957363780894,-0.044009249891602834,-0.014778147131088309,0.04198583610348315,0.0023396910615855614,0.0028251929575929696,0.00301790777833472,0.05015175603410898,0.04283608089656214,0.042936762826751275,1.0,0.17154568744662682,20
snap_collegemsg,real,3,0.3,0.47269992479318124,8782,0.6346292816881052,False,False,-3.595424827336619e-05,0.10304957363780894,-0.044009249891602834,-0.014778147131088309,0.04198583610348315,0.0015203574873256854,0.001835842063398502,0.0019610703148732036,0.05015175603410898,0.04363258434152106,0.042165069951350706,1.0,0.1715953085857436,20
snap_collegemsg,real,3,0.5,0.47269992479318124,13838,1.0,True,True,-0.054600150413637506,0.10304957363780894,-0.044009249891602834,-0.014778147131088309,0.04198583610348315,0.0,0.0,0.0,0.05015175603410898,0.044009249891602834,0.04198583610348315,1.0,0.171990171990172,1
snap_collegemsg,real,5,0.01,0.6003676777805632,230,0.01662089897384015,False,False,-0.0021349480450242523,0.10304957363780894,-0.023269258563376208,-0.008888567712097123,0.020414799826564523,0.01771764089312687,0.01921834910675533,0.019880146560031023,0.02984535337476514,0.022004876301551495,0.0264069481013215,0.9,0.09108695652173912,20
snap_collegemsg,real,5,0.02,0.6003676777805632,461,0.03331406272582743,False,False,3.432380705163669e-05,0.10304957363780894,-0.023269258563376208,-0.008888567712097123,0.020414799826564523,0.012407993679006012,0.013458967572260493,0.013922436646194178,0.02984535337476514,0.027236124613947765,0.018913550006442688,1.0,0.0922993492407809,20
snap_collegemsg,real,5,0.05,0.6003676777805632,1152,0.08324902442549502,False,False,-0.0003995305633634652,0.10304957363780894,-0.023269258563376208,-0.008888567712097123,0.020414799826564523,0.007643790522006277,0.00829122994629668,0.008576744317614538,0.02984535337476514,0.023014851415586717,0.019928994837083068,1.0,0.08576388888888888,20
snap_collegemsg,real,5,0.1,0.6003676777805632,2305,0.16657031362913716,False,False,3.432380705178869e-05,0.10304957363780894,-0.023269258563376208,-0.008888567712097123,0.020414799826564523,0.005152385434976795,0.005588799469367166,0.005781253734567067,0.02984535337476514,0.02012115715190872,0.023533940461974146,1.0,0.08731019522776573,20
snap_collegemsg,real,5,0.2,0.6003676777805632,4610,0.3331406272582743,False,False,3.432380705178869e-05,0.10304957363780894,-0.023269258563376208,-0.008888567712097123,0.020414799826564523,0.00325893720975098,0.0035349736114295995,0.0036567029296163825,0.02984535337476514,0.023049573637808938,0.020990556514034885,1.0,0.08808026030368764,20
snap_collegemsg,real,5,0.3,0.6003676777805632,6915,0.49971094088741147,False,False,3.432380705168736e-05,0.10304957363780894,-0.023269258563376208,-0.008888567712097123,0.020414799826564523,0.0023047495364888703,0.0024999649481019914,0.002586053010439815,0.02984535337476514,0.02453185852573374,0.018975010599356645,1.0,0.08701373825018076,20
snap_collegemsg,real,5,0.5,0.6003676777805632,11525,0.8328515681456858,False,False,3.432380705172789e-05,0.10304957363780894,-0.023269258563376208,-0.008888567712097123,0.020414799826564523,0.0010319057016135679,0.0011193095140873974,0.001157853729396189,0.02984535337476514,0.02344436756405622,0.020195545668047897,1.0,0.08727982646420823,20
snap_collegemsg,real,10,0.01,0.757917606751901,183,0.01322445440092499,False,False,0.0023046830148712332,0.10304957363780894,-0.008382714265067204,-0.003866165630871513,0.005889579418991181,0.021498221382896292,0.022022385031682516,0.022325780822282384,0.012790865732042203,0.018970570465266706,0.01881190386494147,0.4,0.026775956284153014,20
snap_collegemsg,real,10,0.02,0.757917606751901,365,0.026376644023702846,False,False,-0.0004338543704152539,0.10304957363780894,-0.008382714265067204,-0.003866165630871513,0.005889579418991181,0.015120562446289086,0.015489227790383663,0.01570261823399293,0.012790865732042203,0.012832680310520764,0.012204828079123,0.55,0.0273972602739726,20
snap_collegemsg,real,10,0.05,0.757917606751901,913,0.06597774244833068,False,False,0.0001138531066420436,0.10304957363780894,-0.008382714265067204,-0.003866165630871513,0.005889579418991181,0.009364015212426462,0.009592326024452062,0.009724476621841647,0.012790865732042203,0.010962740976915327,0.008378665696171012,0.8,0.027546549835706462,20
snap_collegemsg,real,10,0.1,0.757917606751901,1826,0.13195548489666137,False,False,0.0001138531066420436,0.10304957363780894,-0.008382714265067204,-0.003866165630871513,0.005889579418991181,0.006383215382022261,0.00653884916241914,0.006628932925299107,0.012790865732042203,0.008845382977204382,0.0067220391901469155,0.95,0.026478641840087625,20
snap_collegemsg,real,10,0.2,0.757917606751901,3652,0.26391096979332274,False,False,0.0001138531066420436,0.10304957363780894,-0.008382714265067204,-0.003866165630871513,0.005889579418991181,0.004156412812829269,0.004257753312912113,0.004316411102733322,0.012790865732042203,0.009014138647377488,0.006340461571680561,0.9,0.02895673603504929,20
snap_collegemsg,real,10,0.3,0.757917606751901,5477,0.39579418991183696,False,False,-6.871605237700488e-05,0.10304957363780894,-0.008382714265067204,-0.003866165630871513,0.005889579418991181,0.00307496349758716,0.003149936401534556,0.00319333213017648,0.012790865732042203,0.007093758410494715,0.007316502681343887,1.0,0.0288205221836772,20
snap_collegemsg,real,10,0.5,0.757917606751901,9129,0.6597051597051597,False,False,4.3116112306753044e-06,0.10304957363780894,-0.008382714265067204,-0.003866165630871513,0.005889579418991181,0.0017874543747425772,0.0018310355896913341,0.0018562612175945644,0.012790865732042203,0.00844994607728752,0.005543919625418141,1.0,0.027987731405411324,20
snap_collegemsg,real,20,0.01,0.8767945182585444,158,0.011417834947246712,False,False,0.0011095092126752748,0.10304957363780894,-0.002240208122561066,-0.0014814279520161877,0.001264633617574784,0.02381605709810846,0.023951439761583242,0.024049212216263306,0.0049862696921520455,0.020569620253164552,0.021004009323071123,0.1,0.0066455696202531635,20
snap_collegemsg,real,20,0.02,0.8767945182585444,316,0.022835669894493423,False,False,0.0011095092126752748,0.10304957363780894,-0.002240208122561066,-0.0014814279520161877,0.001264633617574784,0.01674296163616692,0.016838137203282113,0.01690687236171068,0.0049862696921520455,0.011628271810699212,0.01241941105120554,0.1,0.006329113924050632,20
snap_collegemsg,real,20,0.05,0.8767945182585444,789,0.05701690995808643,False,False,-0.00015771801417625478,0.10304957363780894,-0.002240208122561066,-0.0014814279520161877,0.001264633617574784,0.010408915228190884,0.010468084832196729,0.010510816724727243,0.0049862696921520455,0.006844106463878327,0.0070128845626497155,0.25,0.006653992395437264,20
snap_collegemsg,real,20,0.1,0.8767945182585444,1578,0.11403381991617285,False,False,-0.00015771801417625478,0.10304957363780894,-0.002240208122561066,-0.0014814279520161877,0.001264633617574784,0.007134229784202918,0.007174784399353854,0.007204072671353695,0.0049862696921520455,0.006538235944409063,0.0055854101900847586,0.55,0.00807984790874525,20
snap_collegemsg,real,20,0.2,0.8767945182585444,3156,0.2280676398323457,False,False,-0.00015771801417625478,0.10304957363780894,-0.002240208122561066,-0.0014814279520161877,0.001264633617574784,0.004708831469364771,0.004735598878577402,0.004754930122600624,0.0049862696921520455,0.004045417085005545,0.003842697896041666,0.4,0.006939163498098857,20
snap_collegemsg,real,20,0.3,0.8767945182585444,4735,0.3421737245266657,False,False,5.348652363246649e-05,0.10304957363780894,-0.002240208122561066,-0.0014814279520161877,0.001264633617574784,0.0035488499510348947,0.0035690234313328403,0.003583592583966904,0.0049862696921520455,0.0030229859989472406,0.003468660513197439,0.75,0.007180570221752905,20
snap_collegemsg,real,20,0.5,0.8767945182585444,7891,0.5702413643590114,False,False,-3.099529149102202e-05,0.10304957363780894,-0.002240208122561066,-0.0014814279520161877,0.001264633617574784,0.0022219705842023807,0.0022346014027552897,0.00224372329549133,0.0049862696921520455,0.0032735202712913768,0.0019643574106215796,0.85,0.006995311113927261,20
snap_collegemsg,real,full,0.01,1.0,138,0.009972539384304091,False,False,-0.0027460615695910203,0.10304957363780894,0.0,0.0,0.0,0.025751770298153603,0.025751770298153603,0.025751770298153603,0.0,0.018318231042016207,0.018318231042016207,0.0,0.0,20
snap_collegemsg,real,full,0.02,1.0,277,0.02001734354675531,False,False,0.0008671773377655854,0.10304957363780894,0.0,0.0,0.0,0.018083909415262958,0.018083909415262958,0.018083909415262958,0.0,0.012290516930567897,0.012290516930567897,0.0,0.0,20
snap_collegemsg,real,full,0.05,1.0,692,0.05000722647781471,False,False,0.00014452955629426425,0.10304957363780894,0.0,0.0,0.0,0.011264971990498664,0.011264971990498664,0.011264971990498664,0.0,0.008580836717524918,0.008580836717524918,0.0,0.0,20
snap_collegemsg,real,full,0.1,1.0,1384,0.10001445295562943,False,False,0.00014452955629426425,0.10304957363780894,0.0,0.0,0.0,0.007753052683756376,0.007753052683756376,0.007753052683756376,0.0,0.006358381502890175,0.006358381502890175,0.0,0.0,20
snap_collegemsg,real,full,0.2,1.0,2768,0.20002890591125885,False,False,0.00014452955629426425,0.10304957363780894,0.0,0.0,0.0,0.0051686499109818975,0.0051686499109818975,0.0051686499109818975,0.0,0.004471054196912748,0.004471054196912748,0.0,0.0,20
snap_collegemsg,real,full,0.3,1.0,4151,0.2999710940887412,False,False,-9.635303752950949e-05,0.10304957363780894,0.0,0.0,0.0,0.0039482498964713945,0.0039482498964713945,0.0039482498964713945,0.0,0.00248132980004818,0.00248132980004818,0.0,0.0,20
snap_collegemsg,real,full,0.5,1.0,6919,0.5,False,False,0.0,0.10304957363780894,0.0,0.0,0.0,0.002584558397969677,0.002584558397969677,0.002584558397969677,0.0,0.0025726261020378666,0.0025726261020378666,0.0,0.0,20
snap_mathoverflow,real,1,0.01,0.4814709520772665,3904,0.02076750396306108,False,False,-0.00010500946365772408,0.08438394348515314,-0.08438394348515314,-0.027516676773802304,0.2986233017352356,0.0,0.003352525868265354,0.00440226080271621,0.08438394348515314,0.08438394348515316,0.298441363891896,1.0,0.7656506147540983,20
snap_mathoverflow,real,1,0.02,0.4814709520772665,7809,0.04154032747119466,False,False,2.3050857876131228e-05,0.08438394348515314,-0.08438394348515314,-0.027516676773802304,0.2986233017352356,0.0,0.0023451646777135197,0.0030794770696145665,0.08438394348515314,0.08438394348515316,0.29795374379875,1.0,0.7646753745678063,20
snap_mathoverflow,real,1,0.05,0.4814709520772665,19522,0.1038481589054504,False,False,-2.561206430639836e-06,0.08438394348515314,-0.08438394348515314,-0.027516676773802304,0.2986233017352356,0.0,0.0014342101111328193,0.0018832865735249663,0.08438394348515314,0.08438394348515316,0.29836628702401596,1.0,0.7655004610183382,20
snap_mathoverflow,real,1,0.1,0.4814709520772665,39044,0.2076963178109008,False,False,-2.561206430639836e-06,0.08438394348515314,-0.08438394348515314,-0.027516676773802304,0.2986233017352356,0.0,0.0009535705251568159,0.0012521502623618532,0.08438394348515314,0.08438394348515316,0.2985775870957299,1.0,0.7659230611617662,20
snap_mathoverflow,real,1,0.2,0.4814709520772665,78088,0.4153926356218016,False,False,-2.561206430639836e-06,0.08438394348515314,-0.08438394348515314,-0.027516676773802304,0.2986233017352356,0.0,0.0005791940937492037,0.0007605499722500702,0.08438394348515314,0.08438394348515316,0.2988625220409199,1.0,0.7664929310521463,20
snap_mathoverflow,real,1,0.3,0.4814709520772665,117132,0.6230889534327024,False,False,-2.561206430701953e-06,0.08438394348515314,-0.08438394348515314,-0.027516676773802304,0.2986233017352356,0.0,0.00037972202398070076,0.0004986196819305179,0.08438394348515314,0.08438394348515316,0.2985839901282062,1.0,0.7659358672267186,20
snap_mathoverflow,real,1,0.5,0.4814709520772665,187986,1.0,True,True,-0.03705809584546705,0.08438394348515314,-0.08438394348515314,-0.027516676773802304,0.2986233017352356,0.0,0.0,0.0,0.08438394348515314,0.08438394348515314,0.2986233017352356,1.0,0.7660144904407775,1
snap_mathoverflow,real,2,0.01,0.6722910759884336,2796,0.014873448022725097,False,False,-7.136251441039194e-05,0.08438394348515314,-0.039449746257700036,-0.016283127466939027,0.09505761067313524,0.0038885145202545916,0.005308754516954239,0.005217532855568743,0.04838658197950911,0.0385327274622633,0.0935667002916709,1.0,0.26419885550786837,20
snap_mathoverflow,real,2,0.02,0.6722910759884336,5592,0.029746896045450194,False,False,-7.136251441039194e-05,0.08438394348515314,-0.039449746257700036,-0.016283127466939027,0.09505761067313524,0.002728759339930409,0.003725410666741748,0.0036613960001607056,0.04838658197950911,0.039462627319201776,0.09486319528451781,1.0,0.2686516452074392,20
snap_mathoverflow,real,2,0.05,0.6722910759884336,13981,0.07437255965869799,False,False,1.6313920075647703e-07,0.08438394348515314,-0.039449746257700036,-0.016283127466939027,0.09505761067313524,0.0016856029736608102,0.0023012521500440338,0.0022617091567254427,0.04838658197950911,0.038879330081247845,0.09539933381976068,1.0,0.268557327802017,20
snap_mathoverflow,real,2,0.1,0.6722910759884336,27962,0.14874511931739598,False,False,1.6313920075647703e-07,0.08438394348515314,-0.039449746257700036,-0.016283127466939027,0.09505761067313524,0.0011430151532456287,0.001560489700149708,0.0015336754139422756,0.04838658197950911,0.03941756053686619,0.09503276490480465,1.0,0.2689006508833417,20
snap_mathoverflow,real,2,0.2,0.6722910759884336,55924,0.29749023863479196,False,False,1.6313920075647703e-07,0.08438394348515314,-0.039449746257700036,-0.016283127466939027,0.09505761067313524,0.0007342320943792973,0.0010024028268958763,0.0009851782875138178,0.04838658197950911,0.039194042905795444,0.0951203838161844,1.0,0.26862885344395965,20
snap_mathoverflow,real,2,0.3,0.6722910759884336,83886,0.44623535795218794,False,False,1.63139200756477e-07,0.08438394348515314,-0.039449746257700036,-0.016283127466939027,0.09505761067313524,0.0005322604102997294,0.0007266630592881526,0.000714176625544789,0.04838658197950911,0.039599354876803716,0.09490074049071888,1.0,0.2690001907350452,20
snap_mathoverflow,real,2,0.5,0.6722910759884336,139810,0.7437255965869799,False,False,1.63139200756477e-07,0.08438394348515314,-0.039449746257700036,-0.016283127466939027,0.09505761067313524,0.0002804721824657446,0.00038291176689435346,0.0003763320978912747,0.04838658197950911,0.03954416092310464,0.0950025453210839,1.0,0.26909341248837704,20
snap_mathoverflow,real,3,0.01,0.7660542822090918,2454,0.01305416360792825,False,False,1.979325115238785e-05,0.08438394348515314,-0.021496281637994316,-0.010817294904939729,0.03540689200259595,0.004868431766319466,0.00556449831824292,0.005574387359272131,0.03150234591937697,0.021425508277329183,0.03586870525160317,1.0,0.11458842705786472,20
snap_mathoverflow,real,3,0.02,0.7660542822090918,4908,0.0261083272158565,False,False,1.979325115238785e-05,0.08438394348515314,-0.021496281637994316,-0.010817294904939729,0.03540689200259595,0.0034196586444700085,0.00390858610934254,0.003915532318361018,0.03150234591937697,0.02154775766608224,0.03585851780254042,1.0,0.11481255093724532,20
snap_mathoverflow,real,3,0.05,0.7660542822090918,12270,0.06527081803964124,False,False,1.9793251152434436e-05,0.08438394348515314,-0.021496281637994316,-0.010817294904939729,0.03540689200259595,0.0021188505547896598,0.0024217943096794467,0.0024260982418442233,0.03150234591937697,0.021971555547092837,0.03484384787589005,1.0,0.11363080684596576,20
snap_mathoverflow,real,3,0.1,0.7660542822090918,24540,0.13054163607928249,False,False,1.9793251152434436e-05,0.08438394348515314,-0.021496281637994316,-0.010817294904939729,0.03540689200259595,0.0014449965916258922,0.0016515957273131887,0.0016545308882166476,0.03150234591937697,0.021293071439513374,0.03581878675119567,1.0,0.11422371638141811,20
snap_mathoverflow,real,3,0.2,0.7660542822090918,49079,0.2610779526134925,False,False,-5.820502585475544e-07,0.08438394348515314,-0.021496281637994316,-0.010817294904939729,0.03540689200259595,0.0009419571931539359,0.0010766340104473697,0.0010785473685425374,0.03150234591937697,0.021048300949649164,0.03576826010497705,1.0,0.1136331221092524,20
snap_mathoverflow,real,3,0.3,0.7660542822090918,73619,0.39161958869277497,False,False,6.209716878322207e-06,0.08438394348515314,-0.021496281637994316,-0.010817294904939729,0.03540689200259595,0.0006978665160837091,0.0007976443424699783,0.000799061889421793,0.03150234591937697,0.021396807012231754,0.03559799052644712,1.0,0.11398959507735773,20
snap_mathoverflow,real,3,0.5,0.7660542822090918,122698,0.6526975413062674,False,False,3.4930100234997616e-06,0.08438394348515314,-0.021496281637994316,-0.010817294904939729,0.03540689200259595,0.00040842742299230947,0.00046682254521627034,0.00046765216669137613,0.03150234591937697,0.02144241224585014,0.035440951786163424,1.0,0.11376672806402714,20
snap_mathoverflow,real,5,0.01,0.8564469407669789,2195,0.011676401434149351,False,False,2.1828744437737727e-05,0.08438394348515314,-0.008096347600353215,-0.00575973742725522,0.007551094230421426,0.005632858318520235,0.005836661894995755,0.005898208003361549,0.016357601097954103,0.008916973097909406,0.008663483567222463,1.0,0.0324373576309795,20
snap_mathoverflow,real,5,0.02,0.8564469407669789,4390,0.023352802868298703,False,False,2.1828744437737727e-05,0.08438394348515314,-0.008096347600353215,-0.00575973742725522,0.007551094230421426,0.003959433937549454,0.004102691010896742,0.004145952839334074,0.016357601097954103,0.008610697200419149,0.007358653325780798,0.95,0.03182232346241458,20
snap_mathoverflow,real,5,0.05,0.8564469407669789,10975,0.05838200717074676,False,False,2.182874443776102e-05,0.08438394348515314,-0.008096347600353215,-0.00575973742725522,0.007551094230421426,0.0024588476299673063,0.0025478116891818016,0.0025746777124565886,0.016357601097954103,0.0076641257174993845,0.007595555375894692,1.0,0.030519362186788152,20
snap_mathoverflow,real,5,0.1,0.8564469407669789,21950,0.11676401434149351,False,False,2.182874443776102e-05,0.08438394348515314,-0.008096347600353215,-0.00575973742725522,0.007551094230421426,0.0016839051402187102,0.0017448308497991782,0.0017632296452911344,0.016357601097954103,0.008058203166246539,0.007776648769972144,1.0,0.03166970387243736,20
snap_mathoverflow,real,5,0.2,0.8564469407669789,43899,0.23352270913791454,False,False,-9.507960803985404e-07,0.08438394348515314,-0.008096347600353215,-0.00575973742725522,0.007551094230421426,0.0011092229324542895,0.0011493559498248094,0.0011614756146454558,0.016357601097954103,0.00826717544943479,0.007394343036179915,1.0,0.031323036971229415,20
snap_mathoverflow,real,5,0.3,0.8564469407669789,65849,0.35028672347940804,False,False,6.642384092259195e-06,0.08438394348515314,-0.008096347600353215,-0.00575973742725522,0.007551094230421426,0.0008338401176438624,0.0008640094541645139,0.0008731202130968879,0.016357601097954103,0.008087416582694486,0.007558986551749469,1.0,0.03129280626888791,20
snap_mathoverflow,real,5,0.5,0.8564469407669789,109748,0.5838094326173225,False,False,3.6051120231961014e-06,0.08438394348515314,-0.008096347600353215,-0.00575973742725522,0.007551094230421426,0.0005169449731957402,0.0005356486629427267,0.000541296941230652,0.016357601097954103,0.008001230360540396,0.00769267750110629,1.0,0.03138781572329336,20
snap_mathoverflow,real,10,0.01,0.9329220035805665,2015,0.010718883321098379,False,False,-1.1789593458169368e-05,0.08438394348515314,-0.0018139648697243355,-0.002075952464545231,0.00011968976413137544,0.0060984722142984156,0.006124330712423152,0.006158998498248549,0.005761067313523348,0.004995941965901632,0.004382992170976039,0.25,0.0037965260545905705,20
snap_mathoverflow,real,10,0.02,0.9329220035805665,4030,0.021437766642196758,False,False,-1.1789593458169368e-05,0.08438394348515314,-0.0018139648697243355,-0.002075952464545231,0.00011968976413137544,0.004288845653771674,0.00430703104568595,0.004331411706503676,0.005761067313523348,0.0036104218362282884,0.003737355223564905,0.15,0.0036352357320099233,20
snap_mathoverflow,real,10,0.05,0.9329220035805665,10075,0.0535944166054919,False,False,-1.178959345812278e-05,0.08438394348515314,-0.0018139648697243355,-0.002075952464545231,0.00011968976413137544,0.0026675639182332624,0.0026788748161357765,0.0026940390296212526,0.005761067313523348,0.002216785638358209,0.0019098117992472873,0.55,0.004004962779156328,20
snap_mathoverflow,real,10,0.1,0.9329220035805665,20150,0.1071888332109838,False,False,-1.178959345812278e-05,0.08438394348515314,-0.0018139648697243355,-0.002075952464545231,0.00011968976413137544,0.0018320655000630482,0.001839833750968037,0.0018502484338824515,0.005761067313523348,0.0021407207373739497,0.0016153846153846158,0.75,0.003806451612903226,20
snap_mathoverflow,real,10,0.2,0.9329220035805665,40300,0.2143776664219676,False,False,-1.178959345812278e-05,0.08438394348515314,-0.0018139648697243355,-0.002075952464545231,0.00011968976413137544,0.0012152149463580105,0.0012203676522009386,0.0012272757449185516,0.005761067313523348,0.0018342691244707227,0.0009083798450330721,0.85,0.003800248138957818,20
snap_mathoverflow,real,10,0.3,0.9329220035805665,60451,0.3215718191780239,False,False,4.752808699021815e-06,0.08438394348515314,-0.0018139648697243355,-0.002075952464545231,0.00011968976413137544,0.0009220381910248307,0.0009259477805081852,0.0009311892608996742,0.005761067313523348,0.001997382468792784,0.0008666626397892625,0.95,0.0038692494747812256,20
snap_mathoverflow,real,10,0.5,0.9329220035805665,100751,0.5359494855999914,False,False,-1.8641521638360225e-06,0.08438394348515314,-0.0018139648697243355,-0.002075952464545231,0.00011968976413137544,0.0005906859780200856,0.0005931905810941355,0.0005965484343820547,0.005761067313523348,0.0018343906271169933,0.00045605831200418444,1.0,0.0038178281108872357,20
snap_mathoverflow,real,20,0.01,0.9730842816200143,1932,0.010277361080080432,False,False,7.38523559560689e-05,0.08438394348515314,-0.00031917270435032064,-0.0005665315502218245,-9.841158384134296e-05,0.006280493125467104,0.006283478397740726,0.006291308111663684,0.0015213898907365441,0.005232367310556295,0.005167667517595634,0.0,0.0002846790890269152,20
snap_mathoverflow,real,20,0.02,0.9730842816200143,3864,0.020554722160160865,False,False,7.38523559560689e-05,0.08438394348515314,-0.00031917270435032064,-0.0005665315502218245,-9.841158384134296e-05,0.004417861360428251,0.004419961278183836,0.0044254689015363995,0.0015213898907365441,0.0029047161104173644,0.0028206063795685023,0.1,0.00047877846790890104,20
snap_mathoverflow,real,20,0.05,0.9730842816200143,9659,0.05138148585532965,False,False,-2.9674957952283562e-05,0.08438394348515314,-0.00031917270435032064,-0.0005665315502218245,-9.841158384134296e-05,0.002749921323320405,0.0027512284283067734,0.0027546566777837023,0.0015213898907365441,0.0024297911830342958,0.002403240710696639,0.1,0.0004865928149912012,20
snap_mathoverflow,real,20,0.1,0.9730842816200143,19319,0.10276829125573181,False,False,2.2088699001857728e-05,0.08438394348515314,-0.00031917270435032064,-0.0005665315502218245,-9.841158384134296e-05,0.001891039231747818,0.0018919380890308514,0.0018942955943900463,0.0015213898907365441,0.0020386853189020885,0.0019601263439067602,0.1,0.00048397950204461735,20
snap_mathoverflow,real,20,0.2,0.9730842816200143,38637,0.20553126296639113,False,False,-3.7931294752129187e-06,0.08438394348515314,-0.00031917270435032064,-0.0005665315502218245,-9.841158384134296e-05,0.0012582799037894484,0.0012588779950593852,0.001260446657182703,0.0015213898907365441,0.0008904088653559697,0.0008655112342162632,0.25,0.0004671687760436874,20
snap_mathoverflow,real,20,0.3,0.9730842816200143,57956,0.3082995542221229,False,False,4.834146683748512e-06,0.08438394348515314,-0.00031917270435032064,-0.0005665315502218245,-9.841158384134296e-05,0.0009586285946840047,0.0009590842543443596,0.0009602793496186951,0.0015213898907365441,0.0007254540882298023,0.0007474535360867979,0.1,0.0004408516805852726,20
snap_mathoverflow,real,20,0.5,0.9730842816200143,96593,0.5138308171885141,False,False,1.3832362200893989e-06,0.08438394348515314,-0.00031917270435032064,-0.0005665315502218245,-9.841158384134296e-05,0.0006225316544036093,0.0006228275589528568,0.0006236036516361208,0.0015213898907365441,0.0005876129867025459,0.0005338360471891298,0.35,0.00044464919818206427,20
snap_mathoverflow,real,full,0.01,1.0,1880,0.01000074473631015,False,False,7.447363101511855e-05,0.08438394348515314,0.0,0.0,0.0,0.006378613285059556,0.006378613285059556,0.006378613285059556,0.0,0.0043692454123451015,0.0043692454123451015,0.0,0.0,20
snap_mathoverflow,real,full,0.02,1.0,3760,0.0200014894726203,False,False,7.447363101511855e-05,0.08438394348515314,0.0,0.0,0.0,0.00448752156994173,0.00448752156994173,0.00448752156994173,0.0,0.004456575931073183,0.004456575931073183,0.0,0.0,20
snap_mathoverflow,real,full,0.05,1.0,9399,0.04999840413647825,False,False,-3.1917270435007544e-05,0.08438394348515314,0.0,0.0,0.0,0.0027945321242401682,0.0027945321242401682,0.0027945321242401682,0.0,0.002087981377102978,0.002087981377102978,0.0,0.0,20
snap_mathoverflow,real,full,0.1,1.0,18799,0.100002127818029,False,False,2.127818029006715e-05,0.08438394348515314,0.0,0.0,0.0,0.0019232738695963507,0.0019232738695963507,0.0019232738695963507,0.0,0.0014256077450928225,0.0014256077450928225,0.0,0.0,20
snap_mathoverflow,real,full,0.2,1.0,37597,0.19999893609098549,False,False,-5.319545072470199e-06,0.08438394348515314,0.0,0.0,0.0,0.0012822019995868115,0.0012822019995868115,0.0012822019995868115,0.0,0.000939346879864366,0.000939346879864366,0.0,0.0,20
snap_mathoverflow,real,full,0.3,1.0,56396,0.3000010639090145,False,False,3.546363381646799e-06,0.08438394348515314,0.0,0.0,0.0,0.0009792922166712856,0.0009792922166712856,0.0009792922166712856,0.0,0.0007902444258858915,0.0007902444258858915,0.0,0.0,20
snap_mathoverflow,real,full,0.5,1.0,93993,0.5,False,False,0.0,0.08438394348515314,0.0,0.0,0.0,0.0006410988683141569,0.0006410988683141569,0.0006410988683141569,0.0,0.0004377985594671903,0.0004377985594671903,0.0,0.0,20
dar_a0_r1,dar_a0,1,0.01,0.33708975879794384,101,0.029618768328445746,False,False,-0.001581652827204395,0.3906158357771261,-0.3906158357771261,-0.12133431085043989,0.04824046920821112,0.0,0.016058730409588565,0.04782937447681433,0.3906158357771261,0.3906158357771261,0.05047327313376497,1.0,0.8821782178217822,20
dar_a0_r1,dar_a0,1,0.02,0.33708975879794384,202,0.05923753665689149,False,False,-0.001581652827204395,0.3906158357771261,-0.3906158357771261,-0.12133431085043989,0.04824046920821112,0.0,0.01118059730708751,0.03330032710156515,0.3906158357771261,0.3906158357771261,0.047379213727824374,1.0,0.8759900990099011,20
dar_a0_r1,dar_a0,1,0.05,0.33708975879794384,506,0.14838709677419354,False,False,0.00039541320680108467,0.3906158357771261,-0.3906158357771261,-0.12133431085043989,0.04824046920821112,0.0,0.00672119596868195,0.020018431763833326,0.3906158357771261,0.3906158357771261,0.050984954736707874,1.0,0.883201581027668,20
dar_a0_r1,dar_a0,1,0.1,0.33708975879794384,1012,0.2967741935483871,False,False,0.00039541320680108467,0.3906158357771261,-0.3906158357771261,-0.12133431085043989,0.04824046920821112,0.0,0.004318747802783061,0.01286297239331527,0.3906158357771261,0.3906158357771261,0.04826756343236005,1.0,0.8777667984189724,20
dar_a0_r1,dar_a0,1,0.2,0.33708975879794384,2023,0.5932551319648094,False,False,-9.885330170029926e-05,0.3906158357771261,-0.3906158357771261,-0.12133431085043989,0.04824046920821112,0.0,0.00232307804176813,0.006919063136662942,0.3906158357771261,0.3906158357771261,0.04870695216157879,1.0,0.8786455758774098,20
dar_a0_r1,dar_a0,1,0.3,0.33708975879794384,3035,0.8900293255131965,False,False,6.590220113360777e-05,0.3906158357771261,-0.3906158357771261,-0.12133431085043989,0.04824046920821112,0.0,0.0009861881886807124,0.002937266083803042,0.3906158357771261,0.3906158357771261,0.048618101619908496,1.0,0.8784678747940691,20
dar_a0_r1,dar_a0,1,0.5,0.33708975879794384,3410,1.0,True,True,-0.3258204824041123,0.3906158357771261,-0.3906158357771261,-0.12133431085043989,0.04824046920821112,0.0,0.0,0.0,0.3906158357771261,0.3906158357771261,0.04824046920821112,1.0,0.8777126099706745,1
dar_a0_r1,dar_a0,2,0.01,0.6020166073546857,57,0.016715542521994135,False,False,0.006303419918389524,0.3906158357771261,-0.24750733137829914,-0.08555718475073315,0.03724340175953078,0.046000387070665116,0.04203963754258535,0.06408942177077705,0.2806451612903226,0.23973864279467,0.049841024849513804,1.0,0.5666666666666667,20
dar_a0_r1,dar_a0,2,0.02,0.6020166073546857,113,0.03313782991202346,False,False,-0.0025238030633507142,0.3906158357771261,-0.24750733137829914,-0.08555718475073315,0.03724340175953078,0.03239682045562675,0.029607372376987934,0.04513643520049579,0.2806451612903226,0.23928840214880753,0.04458697739599822,1.0,0.5610619469026548,20
dar_a0_r1,dar_a0,2,0.05,0.6020166073546857,283,0.08299120234604106,False,False,-0.0007583584670026944,0.3906158357771261,-0.24750733137829914,-0.08555718475073315,0.03724340175953078,0.019936681005849697,0.018220082409318487,0.027776513178693698,0.2806451612903226,0.24980311492906954,0.0327213661751448,1.0,0.5646643109540637,20
dar_a0_r1,dar_a0,2,0.1,0.6020166073546857,566,0.16598240469208211,False,False,-0.0007583584670026944,0.3906158357771261,-0.24750733137829914,-0.08555718475073315,0.03724340175953078,0.013444316182595697,0.012286726597669599,0.01873111304307989,0.2806451612903226,0.24247095945203773,0.04255554231474668,1.0,0.570053003533569,20
dar_a0_r1,dar_a0,2,0.2,0.6020166073546857,1133,0.33225806451612905,False,False,0.00012436383117131523,0.3906158357771261,-0.24750733137829914,-0.08555718475073315,0.03724340175953078,0.008502540270793765,0.007770450075263618,0.011846050093031087,0.2806451612903226,0.24851521794835296,0.03667895680892862,1.0,0.5703883495145631,20
dar_a0_r1,dar_a0,2,0.3,0.6020166073546857,1699,0.49824046920821113,False,False,-0.00016987693488653818,0.3906158357771261,-0.24750733137829914,-0.08555718475073315,0.03724340175953078,0.006018807486940896,0.0055005729582426255,0.008385622733893407,0.2806451612903226,0.24770824307553693,0.036105765164604314,1.0,0.5676280164802825,20
dar_a0_r1,dar_a0,2,0.5,0.6020166073546857,2832,0.8304985337243401,False,False,-5.2180628463441754e-05,0.3906158357771261,-0.24750733137829914,-0.08555718475073315,0.03724340175953078,0.0027095641146352555,0.002476263799751877,0.0037750638291598644,0.2806451612903226,0.24831357589012043,0.03705895235846711,1.0,0.5707450564971751,20
dar_a0_r1,dar_a0,3,0.01,0.7781731909845789,44,0.012903225806451613,False,False,0.0040944399801018565,0.3906158357771261,-0.09912023460410557,-0.04508797653958944,0.018181818181818188,0.06807764049990095,0.06408843530837278,0.07308659378857738,0.15073313782991202,0.09700879765395896,0.0482991202346041,0.95,0.2272727272727272,20
dar_a0_r1,dar_a0,3,0.02,0.7781731909845789,88,0.025806451612903226,False,False,0.0040944399801018565,0.3906158357771261,-0.09912023460410557,-0.04508797653958944,0.018181818181818188,0.047822497766406596,0.04502020093354455,0.051341137009788006,0.15073313782991202,0.10609970674486806,0.03991752199413488,0.95,0.23125,20
dar_a0_r1,dar_a0,3,0.05,0.7781731909845789,219,0.06422287390029326,False,False,-0.00046962565617142535,0.3906158357771261,-0.09912023460410557,-0.04508797653958944,0.018181818181818188,0.02971085311254433,0.027969860201935665,0.03189689061787881,0.15073313782991202,0.09929163486388412,0.024212630056642422,1.0,0.23264840182648405,20
dar_a0_r1,dar_a0,3,0.1,0.7781731909845789,438,0.1284457478005865,False,False,-0.00046962565617142535,0.3906158357771261,-0.09912023460410557,-0.04508797653958944,0.018181818181818188,0.02027501223029666,0.019086939561304635,0.02176678821493947,0.15073313782991202,0.09815008235246857,0.023372567924048248,1.0,0.2365296803652968,20
dar_a0_r1,dar_a0,3,0.2,0.7781731909845789,876,0.256891495601173,False,False,-0.00046962565617142535,0.3906158357771261,-0.09912023460410557,-0.04508797653958944,0.018181818181818188,0.013238080868102676,0.012462357436192874,0.014212100064613221,0.15073313782991202,0.09746515084561926,0.020062065640943233,1.0,0.23299086757990867,20
dar_a0_r1,dar_a0,3,0.3,0.7781731909845789,1315,0.38563049853372433,False,False,0.0002910519498741637,0.3906158357771261,-0.09912023460410557,-0.04508797653958944,0.018181818181818188,0.00982432938418747,0.00924864454119206,0.010547174750398977,0.15073313782991202,0.09612914376191699,0.020125609089794043,1.0,0.23250950570342202,20
dar_a0_r1,dar_a0,3,0.5,0.7781731909845789,2191,0.6425219941348974,False,False,-1.3219092544071912e-05,0.3906158357771261,-0.09912023460410557,-0.04508797653958944,0.018181818181818188,0.00580569800778705,0.005465496431130723,0.006232864253791263,0.15073313782991202,0.09643509638871899,0.019767550804343538,1.0,0.23240529438612506,20
dar_a0_r1,dar_a0,5,0.01,0.9413799920917358,36,0.010557184750733138,False,False,-0.006167750284384435,0.3906158357771261,-0.006451612903225823,-0.0092375366568915,0.0008797653958944052,0.080648947552001,0.08030374305914119,0.08089623194986925,0.032551319648093845,0.06267269468882372,0.0638888888888889,0.1,0.01388888888888889,20
dar_a0_r1,dar_a0,5,0.02,0.9413799920917358,72,0.021114369501466276,False,False,-0.006167750284384435,0.3906158357771261,-0.006451612903225823,-0.0092375366568915,0.0008797653958944052,0.05672236544166456,0.05647957472969063,0.05689628657032978,0.032551319648093845,0.04461713913326817,0.048960166177908104,0.15,0.019444444444444438,20
dar_a0_r1,dar_a0,5,0.05,0.9413799920917358,181,0.0530791788856305,False,False,-0.0006464600081865347,0.3906158357771261,-0.006451612903225823,-0.0092375366568915,0.0008797653958944052,0.03518618247923262,0.035035573839602395,0.03529406973891508,0.032551319648093845,0.023983571231833572,0.017848544255601822,0.35,0.020994475138121547,20
dar_a0_r1,dar_a0,5,0.1,0.9413799920917358,362,0.106158357771261,False,False,-0.0006464600081865347,0.3906158357771261,-0.006451612903225823,-0.0092375366568915,0.0008797653958944052,0.024173003317874416,0.024069534771730468,0.02424712215949072,0.032551319648093845,0.015442799047325864,0.016739521394663084,0.25,0.016298342541436455,20
dar_a0_r1,dar_a0,5,0.2,0.9413799920917358,724,0.212316715542522,False,False,-0.0006464600081865347,0.3906158357771261,-0.006451612903225823,-0.0092375366568915,0.0008797653958944052,0.016045791204487958,0.01597710984678384,0.016094990529919494,0.032551319648093845,0.009779815621911506,0.010362781711249002,0.4,0.014433701657458558,20
dar_a0_r1,dar_a0,5,0.3,0.9413799920917358,1087,0.3187683284457478,False,False,0.0002737550378464673,0.3906158357771261,-0.006451612903225823,-0.0092375366568915,0.0008797653958944052,0.0121783162695333,0.012126188999192915,0.012215657210700809,0.032551319648093845,0.009953893926354382,0.009802315825255547,0.3,0.013937442502299908,20
dar_a0_r1,dar_a0,5,0.5,0.9413799920917358,1811,0.5310850439882698,False,False,-9.43309805667785e-05,0.3906158357771261,-0.006451612903225823,-0.0092375366568915,0.0008797653958944052,0.007827848690374319,0.007794342877597263,0.00785185030364714,0.032551319648093845,0.007799129140751135,0.005162893429044732,0.8,0.015019326339039208,20
dar_a0_r1,dar_a0,10,0.01,0.9994068801897983,34,0.00997067448680352,False,False,-0.0035239317755676645,0.3906158357771261,0.0,0.0,0.0,0.08326620375040514,0.08326620375040514,0.08326620375040514,0.0,0.0764705882352941,0.0764705882352941,0.0,0.0,20
dar_a0_r1,dar_a0,10,0.02,0.9994068801897983,68,0.01994134897360704,False,False,-0.0035239317755676645,0.3906158357771261,0.0,0.0,0.0,0.05858086374535252,0.05858086374535252,0.05858086374535252,0.0,0.033179230636536126,0.033179230636536126,0.0,0.0,20
dar_a0_r1,dar_a0,10,0.05,0.9994068801897983,171,0.050146627565982406,False,False,0.002337692155164326,0.3906158357771261,0.0,0.0,0.0,0.036367581706380624,0.036367581706380624,0.036367581706380624,0.0,0.03555281164788805,0.03555281164788805,0.0,0.0,20
dar_a0_r1,dar_a0,10,0.1,0.9994068801897983,341,0.1,False,False,-0.0005931198102016832,0.3906158357771261,0.0,0.0,0.0,0.025068494855252588,0.025068494855252588,0.025068494855252588,0.0,0.026744868035190612,0.026744868035190612,0.0,0.0,20
dar_a0_r1,dar_a0,10,0.2,0.9994068801897983,682,0.2,False,False,-0.0005931198102016832,0.3906158357771261,0.0,0.0,0.0,0.016712329903501726,0.016712329903501726,0.016712329903501726,0.0,0.01221407624633431,0.01221407624633431,0.0,0.0,20
dar_a0_r1,dar_a0,10,0.3,0.9994068801897983,1024,0.3002932551319648,False,False,0.0003838175115870989,0.3906158357771261,0.0,0.0,0.0,0.012755346059971999,0.012755346059971999,0.012755346059971999,0.0,0.010888671875,0.010888671875,0.0,0.0,20
dar_a0_r1,dar_a0,10,0.5,0.9994068801897983,1706,0.5002932551319648,False,False,-6.957417128458901e-06,0.3906158357771261,0.0,0.0,0.0,0.008351265411633502,0.008351265411633502,0.008351265411633502,0.0,0.005223293327328418,0.005223293327328418,0.0,0.0,20
dar_a0_r1,dar_a0,20,0.01,1.0,34,0.00997067448680352,False,False,-0.002932551319648096,0.3906158357771261,0.0,0.0,0.0,0.08326620375040514,0.08326620375040514,0.08326620375040514,0.0,0.04577022597895462,0.04577022597895462,0.0,0.0,20
dar_a0_r1,dar_a0,20,0.02,1.0,68,0.01994134897360704,False,False,-0.002932551319648096,0.3906158357771261,0.0,0.0,0.0,0.05858086374535252,0.05858086374535252,0.05858086374535252,0.0,0.039334569604968075,0.039334569604968075,0.0,0.0,20
dar_a0_r1,dar_a0,20,0.05,1.0,170,0.04985337243401759,False,False,-0.0029325513196481238,0.3906158357771261,0.0,0.0,0.0,0.036480018410632704,0.036480018410632704,0.036480018410632704,0.0,0.031050543384509233,0.031050543384509233,0.0,0.0,20
dar_a0_r1,dar_a0,20,0.1,1.0,341,0.1,False,False,0.0,0.3906158357771261,0.0,0.0,0.0,0.025068494855252588,0.025068494855252588,0.025068494855252588,0.0,0.02542521994134897,0.02542521994134897,0.0,0.0,20
dar_a0_r1,dar_a0,20,0.2,1.0,682,0.2,False,False,0.0,0.3906158357771261,0.0,0.0,0.0,0.016712329903501726,0.016712329903501726,0.016712329903501726,0.0,0.013137829912023457,0.013137829912023457,0.0,0.0,20
dar_a0_r1,dar_a0,20,0.3,1.0,1023,0.3,False,False,1.4984425691527091e-16,0.3906158357771261,0.0,0.0,0.0,0.012764252803645114,0.012764252803645114,0.012764252803645114,0.0,0.01234604105571847,0.01234604105571847,0.0,0.0,20
dar_a0_r1,dar_a0,20,0.5,1.0,1705,0.5,False,False,0.0,0.3906158357771261,0.0,0.0,0.0,0.008356164951750863,0.008356164951750863,0.008356164951750863,0.0,0.007536656891495602,0.007536656891495602,0.0,0.0,20
dar_a0_r1,dar_a0,full,0.01,1.0,34,0.00997067448680352,False,False,-0.002932551319648096,0.3906158357771261,0.0,0.0,0.0,0.08326620375040514,0.08326620375040514,0.08326620375040514,0.0,0.042184750733137835,0.042184750733137835,0.0,0.0,20
dar_a0_r1,dar_a0,full,0.02,1.0,68,0.01994134897360704,False,False,-0.002932551319648096,0.3906158357771261,0.0,0.0,0.0,0.05858086374535252,0.05858086374535252,0.05858086374535252,0.0,0.05082628946006553,0.05082628946006553,0.0,0.0,20
dar_a0_r1,dar_a0,full,0.05,1.0,170,0.04985337243401759,False,False,-0.0029325513196481238,0.3906158357771261,0.0,0.0,0.0,0.036480018410632704,0.036480018410632704,0.036480018410632704,0.0,0.02529411764705882,0.02529411764705882,0.0,0.0,20
dar_a0_r1,dar_a0,full,0.1,1.0,341,0.1,False,False,0.0,0.3906158357771261,0.0,0.0,0.0,0.025068494855252588,0.025068494855252588,0.025068494855252588,0.0,0.024457478005865098,0.024457478005865098,0.0,0.0,20
dar_a0_r1,dar_a0,full,0.2,1.0,682,0.2,False,False,0.0,0.3906158357771261,0.0,0.0,0.0,0.016712329903501726,0.016712329903501726,0.016712329903501726,0.0,0.015542521994134898,0.015542521994134898,0.0,0.0,20
dar_a0_r1,dar_a0,full,0.3,1.0,1023,0.3,False,False,1.4984425691527091e-16,0.3906158357771261,0.0,0.0,0.0,0.012764252803645114,0.012764252803645114,0.012764252803645114,0.0,0.010391006842619737,0.010391006842619737,0.0,0.0,20
dar_a0_r1,dar_a0,full,0.5,1.0,1705,0.5,False,False,0.0,0.3906158357771261,0.0,0.0,0.0,0.008356164951750863,0.008356164951750863,0.008356164951750863,0.0,0.006392961876832842,0.006392961876832842,0.0,0.0,20
dar_a08_r1,dar_a08,1,0.01,0.15971476018364755,102,0.062385321100917435,False,False,-0.0036143401387125577,0.7737003058103975,-0.7737003058103975,-0.5314984709480122,-0.32140672782874613,0.0,0.014087813672793362,0.040130385645362615,0.7737003058103975,0.7737003058103975,0.3146316783594171,1.0,0.9181372549019606,20
dar_a08_r1,dar_a08,1,0.02,0.15971476018364755,205,0.12538226299694188,False,False,0.0012699032919800278,0.7737003058103975,-0.7737003058103975,-0.5314984709480122,-0.32140672782874613,0.0,0.009597623199348926,0.027339680181359304,0.7737003058103975,0.7737003058103975,0.31821250093234876,1.0,0.9109756097560977,20
dar_a08_r1,dar_a08,1,0.05,0.15971476018364755,512,0.3131498470948012,False,False,0.0002930546058415107,0.7737003058103975,-0.7737003058103975,-0.5314984709480122,-0.32140672782874613,0.0,0.005381799389181869,0.015330532470835953,0.7737003058103975,0.7737003058103975,0.32028233706039744,1.0,0.9068359375,20
dar_a08_r1,dar_a08,1,0.1,0.15971476018364755,1024,0.6262996941896024,False,False,0.0002930546058415107,0.7737003058103975,-0.7737003058103975,-0.5314984709480122,-0.32140672782874613,0.0,0.0028070053101960034,0.007996003370224202,0.7737003058103975,0.7737003058103975,0.32037999331039746,1.0,0.906640625,20
dar_a08_r1,dar_a08,1,0.2,0.15971476018364755,1635,1.0,True,True,-0.20142619908176226,0.7737003058103975,-0.7737003058103975,-0.5314984709480122,-0.32140672782874613,0.0,0.0,0.0,0.7737003058103975,0.7737003058103975,0.32140672782874613,1.0,0.9045871559633027,1
dar_a08_r1,dar_a08,1,0.3,0.15971476018364755,1635,1.0,True,True,-0.46761746605450816,0.7737003058103975,-0.7737003058103975,-0.5314984709480122,-0.32140672782874613,0.0,0.0,0.0,0.7737003058103975,0.7737003058103975,0.32140672782874613,1.0,0.9045871559633027,1
dar_a08_r1,dar_a08,1,0.5,0.15971476018364755,1635,1.0,True,True,-0.6805704796327049,0.7737003058103975,-0.7737003058103975,-0.5314984709480122,-0.32140672782874613,0.0,0.0,0.0,0.7737003058103975,0.7737003058103975,0.32140672782874613,1.0,0.9045871559633027,1
dar_a08_r1,dar_a08,2,0.01,0.3060466933671974,53,0.03241590214067278,False,False,-0.007922033733243938,0.7737003058103975,-0.4807339449541284,-0.45825688073394494,-0.19633027522935775,0.06151318232861098,0.04312596795814052,0.056554562421245215,0.7027522935779816,0.5020021926028504,0.21615313599907676,0.9,0.5716981132075472,20
dar_a08_r1,dar_a08,2,0.02,0.3060466933671974,107,0.0654434250764526,False,False,0.0014371923636123764,0.7737003058103975,-0.4807339449541284,-0.45825688073394494,-0.19633027522935775,0.04254736597592674,0.029829319055204345,0.03911759356052566,0.7027522935779816,0.4807096516047902,0.19426105347394892,1.0,0.5728971962616823,20
dar_a08_r1,dar_a08,2,0.05,0.3060466933671974,267,0.163302752293578,False,False,-0.00043465285575888655,0.7737003058103975,-0.4807339449541284,-0.45825688073394494,-0.19633027522935775,0.025485332769031373,0.01786738391339237,0.023430942577685642,0.7027522935779816,0.47519843315122146,0.19486135449953607,1.0,0.5606741573033707,20
dar_a08_r1,dar_a08,2,0.1,0.3060466933671974,534,0.326605504587156,False,False,-0.00043465285575888655,0.7737003058103975,-0.4807339449541284,-0.45825688073394494,-0.19633027522935775,0.01616686908863868,0.011334349027424605,0.01486364665942917,0.7027522935779816,0.4814718413909219,0.1958445005669518,1.0,0.5712546816479401,20
dar_a08_r1,dar_a08,2,0.2,0.3060466933671974,1068,0.653211009174312,False,False,-0.00043465285575888655,0.7737003058103975,-0.4807339449541284,-0.45825688073394494,-0.19633027522935775,0.008203681552793185,0.0057514778847653925,0.007542377144185976,0.7027522935779816,0.48081641067931136,0.19689787135346865,1.0,0.5678370786516854,20
dar_a08_r1,dar_a08,2,0.3,0.3060466933671974,1603,0.980428134556575,False,False,0.00018929555069825666,0.7737003058103975,-0.4807339449541284,-0.45825688073394494,-0.19633027522935775,0.0015907836498513415,0.0011152745170186665,0.0014625494864434773,0.7027522935779816,0.48062482234190096,0.1962361760536913,1.0,0.5687772925764193,20
dar_a08_r1,dar_a08,2,0.5,0.3060466933671974,1635,1.0,True,True,-0.38790661326560516,0.7737003058103975,-0.4807339449541284,-0.45825688073394494,-0.19633027522935775,0.0,0.0,0.0,0.7027522935779816,0.4807339449541284,0.19633027522935775,1.0,0.5688073394495412,1
dar_a08_r1,dar_a08,3,0.01,0.43528377454332323,38,0.023241590214067277,False,False,0.01166871147683683,0.7737003058103975,-0.2122324159021406,-0.36880733944954125,-0.08562691131498468,0.07957887496928963,0.062386540272878044,0.06710625479036425,0.618348623853211,0.19606872686302906,0.07527764365041038,0.85,0.2552631578947368,20
dar_a08_r1,dar_a08,3,0.02,0.43528377454332323,75,0.045871559633027525,False,False,-0.00164271893733202,0.7737003058103975,-0.2122324159021406,-0.36880733944954125,-0.08562691131498468,0.05598462877546399,0.043889628988980786,0.0472100009506302,0.618348623853211,0.21703363914373086,0.0906636085626911,0.8,0.2553333333333333,20
dar_a08_r1,dar_a08,3,0.05,0.43528377454332323,188,0.11498470948012232,False,False,0.0010195671455018058,0.7737003058103975,-0.2122324159021406,-0.36880733944954125,-0.08562691131498468,0.03405590896590609,0.026698421371889047,0.028718230875536908,0.618348623853211,0.19763647602316342,0.07436519942741877,1.0,0.24654255319148932,20
dar_a08_r1,dar_a08,3,0.1,0.43528377454332323,376,0.22996941896024464,False,False,0.0010195671455018058,0.7737003058103975,-0.2122324159021406,-0.36880733944954125,-0.08562691131498468,0.022462395926276607,0.017609587577366283,0.018941801637840046,0.618348623853211,0.21518966751252516,0.08600083772529113,1.0,0.2583776595744681,20
dar_a08_r1,dar_a08,3,0.2,0.43528377454332323,751,0.45932721712538227,False,False,-0.0003115758959151487,0.7737003058103975,-0.2122324159021406,-0.36880733944954125,-0.08562691131498468,0.013318131519883999,0.010440863215839284,0.011230743428451548,0.618348623853211,0.21611042565061056,0.08947926719521775,1.0,0.2532623169107856,20
dar_a08_r1,dar_a08,3,0.3,0.43528377454332323,1127,0.6892966360856269,False,False,0.00013213845122383617,0.7737003058103975,-0.2122324159021406,-0.36880733944954125,-0.08562691131498468,0.008241514621513152,0.006461005939616052,0.006949798929215887,0.618348623853211,0.2122983537252156,0.084880430034,1.0,0.25483584738243126,20
dar_a08_r1,dar_a08,3,0.5,0.43528377454332323,1635,1.0,True,True,-0.1294324509133535,0.7737003058103975,-0.2122324159021406,-0.36880733944954125,-0.08562691131498468,0.0,0.0,0.0,0.618348623853211,0.2122324159021406,0.08562691131498468,1.0,0.25321100917431194,1
dar_a08_r1,dar_a08,5,0.01,0.646283090749243,25,0.01529051987767584,False,False,-0.011799555429292176,0.7737003058103975,-0.015290519877675823,-0.21896024464831804,-0.00642201834862377,0.08497839827461305,0.08284213751707106,0.08307020369162264,0.46422018348623856,0.06599999999999999,0.071519877675841,0.2,0.02599999999999999,20
dar_a08_r1,dar_a08,5,0.02,0.646283090749243,51,0.031192660550458717,False,False,0.007964453462122007,0.7737003058103975,-0.015290519877675823,-0.21896024464831804,-0.00642201834862377,0.05901441520171636,0.057530859593650965,0.05768924327929023,0.46422018348623856,0.055558553696708035,0.05702914193200215,0.0,0.010784313725490196,20
dar_a08_r1,dar_a08,5,0.05,0.646283090749243,126,0.07706422018348624,False,False,-0.0038939518727265587,0.7737003058103975,-0.015290519877675823,-0.21896024464831804,-0.00642201834862377,0.036645863081312714,0.03572462755774022,0.03582297822068267,0.46422018348623856,0.0336864715305082,0.0293432357652541,0.3,0.01984126984126982,20
dar_a08_r1,dar_a08,5,0.1,0.646283090749243,253,0.1547400611620795,False,False,5.884990555627815e-05,0.7737003058103975,-0.015290519877675823,-0.21896024464831804,-0.00642201834862377,0.024749097593739135,0.024126933290250764,0.02419335525308381,0.46422018348623856,0.02044699084986278,0.01620402267590141,0.5,0.020355731225296447,20
dar_a08_r1,dar_a08,5,0.2,0.646283090749243,506,0.309480122324159,False,False,5.884990555627815e-05,0.7737003058103975,-0.015290519877675823,-0.21896024464831804,-0.00642201834862377,0.015817480941238568,0.015419847371954983,0.015462298541223359,0.46422018348623856,0.023505699193772545,0.016840271482273843,0.25,0.018873517786561277,20
dar_a08_r1,dar_a08,5,0.3,0.646283090749243,759,0.46422018348623856,False,False,5.884990555638921e-05,0.7737003058103975,-0.015290519877675823,-0.21896024464831804,-0.00642201834862377,0.011376188313041664,0.011090203813957276,0.011120735382005306,0.46422018348623856,0.018034956666787498,0.010102923934196335,0.55,0.01798418972332016,20
dar_a08_r1,dar_a08,5,0.5,0.646283090749243,1265,0.7737003058103975,False,False,5.884990555638921e-05,0.7737003058103975,-0.015290519877675823,-0.21896024464831804,-0.00642201834862377,0.00572692118853211,0.005582952871348002,0.0055983228598856325,0.46422018348623856,0.017850503438856018,0.008937459960595117,0.6,0.01782608695652174,20
dar_a08_r1,dar_a08,10,0.01,0.9496922926638663,17,0.010397553516819572,False,False,-0.012552356251637468,0.7737003058103975,0.0,-0.021559633027522937,0.0,0.10098738803684133,0.10098738803684133,0.10098738803684133,0.07767584097859327,0.08211009174311926,0.08211009174311926,0.0,0.0,20
dar_a08_r1,dar_a08,10,0.02,0.9496922926638663,34,0.020795107033639144,False,False,-0.012552356251637468,0.7737003058103975,0.0,-0.021559633027522937,0.0,0.07103273701772121,0.07103273701772121,0.07103273701772121,0.07767584097859327,0.06380644000719551,0.06380644000719551,0.0,0.0,20
dar_a08_r1,dar_a08,10,0.05,0.9496922926638663,86,0.052599388379204894,False,False,-0.0009353251487155527,0.7737003058103975,0.0,-0.021559633027522937,0.0,0.04393178251501172,0.04393178251501172,0.04393178251501172,0.07767584097859327,0.040071829884076524,0.040071829884076524,0.0,0.0,20
dar_a08_r1,dar_a08,10,0.1,0.9496922926638663,172,0.10519877675840979,False,False,-0.0009353251487155527,0.7737003058103975,0.0,-0.021559633027522937,0.0,0.030189803153550108,0.030189803153550108,0.030189803153550108,0.07767584097859327,0.026453488372093013,0.026453488372093013,0.0,0.0,20
dar_a08_r1,dar_a08,10,0.2,0.9496922926638663,344,0.21039755351681957,False,False,-0.0009353251487155527,0.7737003058103975,0.0,-0.021559633027522937,0.0,0.02005331803472959,0.02005331803472959,0.02005331803472959,0.07767584097859327,0.01661421662755136,0.01661421662755136,0.0,0.0,20
dar_a08_r1,dar_a08,10,0.3,0.9496922926638663,516,0.3155963302752294,False,False,-0.0009353251487155157,0.7737003058103975,0.0,-0.021559633027522937,0.0,0.015243775148760887,0.015243775148760887,0.015243775148760887,0.07767584097859327,0.013327643837564889,0.013327643837564889,0.0,0.0,20
dar_a08_r1,dar_a08,10,0.5,0.9496922926638663,861,0.5266055045871559,False,False,0.00022637796157676937,0.7737003058103975,0.0,-0.021559633027522937,0.0,0.00981456930951741,0.00981456930951741,0.00981456930951741,0.07767584097859327,0.005226480836236924,0.005226480836236924,0.0,0.0,20
dar_a08_r1,dar_a08,20,0.01,1.0,16,0.009785932721712538,False,False,-0.021406727828746204,0.7737003058103975,0.0,0.0,0.0,0.10412757989259097,0.10412757989259097,0.10412757989259097,0.0,0.09461009174311925,0.09461009174311925,0.0,0.0,20
dar_a08_r1,dar_a08,20,0.02,1.0,33,0.02018348623853211,False,False,0.009174311926605516,0.7737003058103975,0.0,0.0,0.0,0.0721234723793527,0.0721234723793527,0.0721234723793527,0.0,0.05,0.05,0.0,0.0,20
dar_a08_r1,dar_a08,20,0.05,1.0,82,0.05015290519877676,False,False,0.003058103975535089,0.7737003058103975,0.0,0.0,0.0,0.04504858388580766,0.04504858388580766,0.04504858388580766,0.0,0.03285783545908855,0.03285783545908855,0.0,0.0,20
dar_a08_r1,dar_a08,20,0.1,1.0,164,0.10030581039755351,False,False,0.003058103975535089,0.7737003058103975,0.0,0.0,0.0,0.031001788852182122,0.031001788852182122,0.031001788852182122,0.0,0.023918475423286362,0.023918475423286362,0.0,0.0,20
dar_a08_r1,dar_a08,20,0.2,1.0,327,0.2,False,False,0.0,0.7737003058103975,0.0,0.0,0.0,0.020702954962621346,0.020702954962621346,0.020702954962621346,0.0,0.011467889908256885,0.011467889908256885,0.1,0.0,20
dar_a08_r1,dar_a08,20,0.3,1.0,490,0.2996941896024465,False,False,-0.0010193679918450297,0.7737003058103975,0.0,0.0,0.0,0.015823663726202163,0.015823663726202163,0.015823663726202163,0.0,0.0104871122761031,0.0104871122761031,0.0,0.0,20
dar_a08_r1,dar_a08,20,0.5,1.0,817,0.4996941896024465,False,False,-0.0006116207951070178,0.7737003058103975,0.0,0.0,0.0,0.010357810597523383,0.010357810597523383,0.010357810597523383,0.0,0.0067042472834529295,0.0067042472834529295,0.0,0.0,20
dar_a08_r1,dar_a08,full,0.01,1.0,16,0.009785932721712538,False,False,-0.021406727828746204,0.7737003058103975,0.0,0.0,0.0,0.10412757989259097,0.10412757989259097,0.10412757989259097,0.0,0.0921349388379205,0.0921349388379205,0.0,0.0,20
dar_a08_r1,dar_a08,full,0.02,1.0,33,0.02018348623853211,False,False,0.009174311926605516,0.7737003058103975,0.0,0.0,0.0,0.0721234723793527,0.0721234723793527,0.0721234723793527,0.0,0.06827912149013064,0.06827912149013064,0.0,0.0,20
dar_a08_r1,dar_a08,full,0.05,1.0,82,0.05015290519877676,False,False,0.003058103975535089,0.7737003058103975,0.0,0.0,0.0,0.04504858388580766,0.04504858388580766,0.04504858388580766,0.0,0.03400835384500634,0.03400835384500634,0.0,0.0,20
dar_a08_r1,dar_a08,full,0.1,1.0,164,0.10030581039755351,False,False,0.003058103975535089,0.7737003058103975,0.0,0.0,0.0,0.031001788852182122,0.031001788852182122,0.031001788852182122,0.0,0.02842265234578952,0.02842265234578952,0.0,0.0,20
dar_a08_r1,dar_a08,full,0.2,1.0,327,0.2,False,False,0.0,0.7737003058103975,0.0,0.0,0.0,0.020702954962621346,0.020702954962621346,0.020702954962621346,0.0,0.015596330275229336,0.015596330275229336,0.1,0.0,20
dar_a08_r1,dar_a08,full,0.3,1.0,490,0.2996941896024465,False,False,-0.0010193679918450297,0.7737003058103975,0.0,0.0,0.0,0.015823663726202163,0.015823663726202163,0.015823663726202163,0.0,0.013877551020408158,0.013877551020408158,0.0,0.0,20
dar_a08_r1,dar_a08,full,0.5,1.0,817,0.4996941896024465,False,False,-0.0006116207951070178,0.7737003058103975,0.0,0.0,0.0,0.010357810597523383,0.010357810597523383,0.010357810597523383,0.0,0.00835663406435867,0.00835663406435867,0.0,0.0,20
dar_a0_r2,dar_a0,1,0.01,0.3398235473075753,99,0.02954341987466428,False,False,0.003954974140553702,0.3897344076395106,-0.3897344076395106,-0.12071023575052224,0.04312145628170694,0.0,0.016881497369959232,0.04829243283291303,0.3897344076395106,0.38973440763951056,0.040653174538581874,1.0,0.8606060606060606,20
dar_a0_r2,dar_a0,1,0.02,0.3398235473075753,197,0.058788421366756195,False,False,-0.0011155055268228316,0.3897344076395106,-0.3897344076395106,-0.12071023575052224,0.04312145628170694,0.0,0.011785581777615212,0.03371468797578949,0.3897344076395106,0.38973440763951056,0.03945340961937263,1.0,0.8583756345177666,20
dar_a0_r2,dar_a0,1,0.05,0.3398235473075753,493,0.14712026260817668,False,False,-0.00010140959334755373,0.3897344076395106,-0.3897344076395106,-0.12071023575052224,0.04312145628170694,0.0,0.007091872953133603,0.020287524900380577,0.3897344076395106,0.38973440763951056,0.042770663354404194,1.0,0.8650101419878296,20
dar_a0_r2,dar_a0,1,0.1,0.3398235473075753,986,0.29424052521635335,False,False,-0.00010140959334755373,0.3897344076395106,-0.3897344076395106,-0.12071023575052224,0.04312145628170694,0.0,0.004561738746383621,0.013049639921340691,0.3897344076395106,0.38973440763951056,0.04360737735034739,1.0,0.8666835699797162,20
dar_a0_r2,dar_a0,1,0.2,0.3398235473075753,1972,0.5884810504327067,False,False,-0.00010140959334755373,0.3897344076395106,-0.3897344076395106,-0.12071023575052224,0.04312145628170694,0.0,0.002463099590697144,0.007046120906086701,0.3897344076395106,0.38973440763951056,0.04336650513939406,1.0,0.8662018255578093,20
dar_a0_r2,dar_a0,1,0.3,0.3398235473075753,2958,0.88272157564906,False,False,-0.00010140959334743846,0.3897344076395106,-0.3897344076395106,-0.12071023575052224,0.04312145628170694,0.0,0.0010736197316418498,0.0030712742858146924,0.3897344076395106,0.38973440763951056,0.04318479452411346,1.0,0.865838404327248,20
dar_a0_r2,dar_a0,1,0.5,0.3398235473075753,3351,1.0,True,True,-0.3203529053848494,0.3897344076395106,-0.3897344076395106,-0.12071023575052224,0.04312145628170694,0.0,0.0,0.0,0.3897344076395106,0.3897344076395106,0.04312145628170694,1.0,0.8657117278424351,1
dar_a0_r2,dar_a0,2,0.01,0.6022715748909847,56,0.016711429424052522,False,False,0.006481891790365366,0.3897344076395106,-0.24231572664876158,-0.08385556550283498,0.027305282005371523,0.04698459192813594,0.04361538608680926,0.06463311826705873,0.2721575649059982,0.2683058362109392,0.03129396342243253,1.0,0.5517857142857141,20
dar_a0_r2,dar_a0,2,0.02,0.6022715748909847,111,0.03312444046553268,False,False,-0.0025045536720487,0.3897344076395106,-0.24231572664876158,-0.08385556550283498,0.027305282005371523,0.033092743948082926,0.03071970500829719,0.04552316292646352,0.2721575649059982,0.24288756079266377,0.03125892230637082,1.0,0.5351351351351351,20
dar_a0_r2,dar_a0,2,0.05,0.6022715748909847,278,0.08296031035511787,False,False,-0.0007072645795658582,0.3897344076395106,-0.24231572664876158,-0.08385556550283498,0.027305282005371523,0.020364823266458058,0.01890448746931244,0.028014333564542956,0.2721575649059982,0.2476480767042588,0.02547728155881739,1.0,0.5429856115107914,20
dar_a0_r2,dar_a0,2,0.1,0.6022715748909847,556,0.16592062071023575,False,False,-0.0007072645795658582,0.3897344076395106,-0.24231572664876158,-0.08385556550283498,0.027305282005371523,0.013733311586982211,0.012748513130279821,0.018891868920718428,0.2721575649059982,0.24566965943807179,0.024833937684230388,1.0,0.5410071942446043,20
dar_a0_r2,dar_a0,2,0.2,0.6022715748909847,1113,0.3321396598030439,False,False,0.00019137996667547639,0.3897344076395106,-0.24231572664876158,-0.08385556550283498,0.027305282005371523,0.008685687945682863,0.008062848215430544,0.011948238202914173,0.2721575649059982,0.2444064651417568,0.027224262621046436,1.0,0.5432614555256066,20
dar_a0_r2,dar_a0,2,0.3,0.6022715748909847,1669,0.4980602805132796,False,False,-0.0001081682154048532,0.3897344076395106,-0.24231572664876158,-0.08385556550283498,0.027305282005371523,0.006149029699796058,0.005708090533723662,0.008458750996974825,0.2721575649059982,0.24036352687258428,0.02749147612322156,1.0,0.5357100059916118,20
dar_a0_r2,dar_a0,2,0.5,0.6022715748909847,2782,0.8301999403163235,False,False,1.1651057427232517e-05,0.3897344076395106,-0.24231572664876158,-0.08385556550283498,0.027305282005371523,0.002770124789003012,0.0025714826334089394,0.003810649316184155,0.2721575649059982,0.24228652841593043,0.027824902209518852,1.0,0.5402228612508986,20
dar_a0_r2,dar_a0,3,0.01,0.7740594260217016,43,0.012831990450611758,False,False,-0.006727683708350555,0.3897344076395106,-0.10086541330945986,-0.04588182632050134,0.010892270963891337,0.06868333760071275,0.0650467005299298,0.07390433881578283,0.1495076096687556,0.1211297564767199,0.03664785936860222,0.95,0.23255813953488377,20
dar_a0_r2,dar_a0,3,0.02,0.7740594260217016,87,0.025962399283795883,False,False,0.004821994388063975,0.3897344076395106,-0.10086541330945986,-0.04588182632050134,0.010892270963891337,0.04796432280937981,0.04542471363345966,0.05161035686095139,0.1495076096687556,0.08890603937064594,0.05147048230584796,0.85,0.2206896551724138,20
dar_a0_r2,dar_a0,3,0.05,0.7740594260217016,216,0.06445837063563116,False,False,-0.0021078124697848587,0.3897344076395106,-0.10086541330945986,-0.04588182632050134,0.010892270963891337,0.02983285144242468,0.028253265224390384,0.032100611849401293,0.1495076096687556,0.10408625949136248,0.024074074074074074,1.0,0.22314814814814818,20
dar_a0_r2,dar_a0,3,0.1,0.7740594260217016,433,0.12921515965383468,False,False,0.00020212314949804726,0.3897344076395106,-0.10086541330945986,-0.04588182632050134,0.010892270963891337,0.02032832353377711,0.01925198191247191,0.021873592089117183,0.1495076096687556,0.09562355313604642,0.020777138670818315,1.0,0.22344110854503466,20
dar_a0_r2,dar_a0,3,0.2,0.7740594260217016,866,0.25843031930766935,False,False,0.00020212314949804726,0.3897344076395106,-0.10086541330945986,-0.04588182632050134,0.010892270963891337,0.013264995866857069,0.012562642466478712,0.014273341732944414,0.1495076096687556,0.09856812588431432,0.015696307262042335,1.0,0.22586605080831407,20
dar_a0_r2,dar_a0,3,0.3,0.7740594260217016,1299,0.38764547896150403,False,False,0.000202123149498201,0.3897344076395106,-0.10086541330945986,-0.04588182632050134,0.010892270963891337,0.009842081820716322,0.009320964460186005,0.010590233016330988,0.1495076096687556,0.10432255236622345,0.010095845368277906,1.0,0.225635103926097,20
dar_a0_r2,dar_a0,3,0.5,0.7740594260217016,2165,0.6460757982691734,False,False,0.0002021231494981395,0.3897344076395106,-0.10086541330945986,-0.04588182632050134,0.010892270963891337,0.005795838329355502,0.005488960980917205,0.006236412128139572,0.1495076096687556,0.09781754851710876,0.013163975732313862,1.0,0.22196304849884524,20
dar_a0_r2,dar_a0,5,0.01,0.9343879931041477,36,0.010743061772605193,False,False,0.0038187929498452356,0.3897344076395106,-0.00954938824231577,-0.011414503133393029,-0.0023873470605789704,0.0804816083742555,0.08015373375273102,0.08085593978667775,0.03968964488212474,0.06683577041679103,0.06597222222222224,0.15,0.020833333333333336,20
dar_a0_r2,dar_a0,5,0.02,0.9343879931041477,72,0.021486123545210387,False,False,0.0038187929498452356,0.3897344076395106,-0.00954938824231577,-0.011414503133393029,-0.0023873470605789704,0.05659923887913885,0.056368658819906235,0.05686248999277377,0.03968964488212474,0.05772344076395107,0.05564010743061774,0.05,0.018055555555555554,20
dar_a0_r2,dar_a0,5,0.05,0.9343879931041477,179,0.053416890480453595,False,False,-0.0017579781220983328,0.3897344076395106,-0.00954938824231577,-0.011414503133393029,-0.0023873470605789704,0.03530581203592094,0.035161979426300845,0.03547002439142785,0.03968964488212474,0.03506282623881139,0.033945507803057204,0.1,0.014525139664804473,20
dar_a0_r2,dar_a0,5,0.1,0.9343879931041477,359,0.10713219934347956,False,False,0.001030407413873437,0.3897344076395106,-0.00954938824231577,-0.011414503133393029,-0.0023873470605789704,0.024212503762848364,0.0241138642641136,0.024325119563090317,0.03968964488212474,0.022606854977809822,0.019892660819661366,0.25,0.013927576601671307,20
dar_a0_r2,dar_a0,5,0.2,0.9343879931041477,717,0.21396598030438674,False,False,-0.000363785354112448,0.3897344076395106,-0.00954938824231577,-0.011414503133393029,-0.0023873470605789704,0.016075127950556874,0.016009639367522636,0.01614989565801394,0.03968964488212474,0.014236679489916849,0.01051312978452695,0.45,0.015481171548117156,20
dar_a0_r2,dar_a0,5,0.3,0.9343879931041477,1076,0.3210981796478663,False,False,0.00010094556854970576,0.3897344076395106,-0.00954938824231577,-0.011414503133393029,-0.0023873470605789704,0.012195249664731697,0.01214556734663454,0.01225197150620649,0.03968964488212474,0.012438083732426336,0.008921933085501857,0.6,0.015241635687732338,20
dar_a0_r2,dar_a0,5,0.5,0.9343879931041477,1793,0.5350641599522531,False,False,-8.494680051520188e-05,0.3897344076395106,-0.00954938824231577,-0.011414503133393029,-0.0023873470605789704,0.007818072847536203,0.007786222742553004,0.007854435816797817,0.03968964488212474,0.00858549520225462,0.004977691020635814,0.85,0.013970998326826547,20
dar_a0_r2,dar_a0,10,0.01,0.9994929520332624,34,0.01014622500746046,False,False,0.014108038470036466,0.3897344076395106,0.0,0.0,0.0,0.08322516992034452,0.08322516992034452,0.08322516992034452,0.0,0.07279697017571576,0.07279697017571576,0.0,0.0,20
dar_a0_r2,dar_a0,10,0.02,0.9994929520332624,67,0.019994031632348554,False,False,-0.000805315036875833,0.3897344076395106,0.0,0.0,0.0,0.05899097662101657,0.05899097662101657,0.05899097662101657,0.0,0.044197321360965984,0.044197321360965984,0.0,0.0,20
dar_a0_r2,dar_a0,10,0.05,0.9994929520332624,168,0.050134288272157566,False,False,0.002177355664506569,0.3897344076395106,0.0,0.0,0.0,0.03667626413210171,0.03667626413210171,0.03667626413210171,0.0,0.03449450057552117,0.03449450057552117,0.0,0.0,20
dar_a0_r2,dar_a0,10,0.1,0.9994929520332624,335,0.09997015816174276,False,False,-0.0008053150368759771,0.3897344076395106,0.0,0.0,0.0,0.025282189276169365,0.025282189276169365,0.025282189276169365,0.0,0.021248680500808418,0.021248680500808418,0.0,0.0,20
dar_a0_r2,dar_a0,10,0.2,0.9994929520332624,671,0.20023873470605788,False,False,0.0006860203138152959,0.3897344076395106,0.0,0.0,0.0,0.01683943633159629,0.01683943633159629,0.01683943633159629,0.0,0.011775229139509926,0.011775229139509926,0.0,0.0,20
dar_a0_r2,dar_a0,10,0.3,0.9994929520332624,1006,0.30020889286780067,False,False,0.00018890853025169198,0.3897344076395106,0.0,0.0,0.0,0.01286452770066601,0.01286452770066601,0.01286452770066601,0.0,0.012830299610869553,0.012830299610869553,0.0,0.0,20
dar_a0_r2,dar_a0,10,0.5,0.9994929520332624,1676,0.5001492091912861,False,False,-0.00020878089659946795,0.3897344076395106,0.0,0.0,0.0,0.008423485096789286,0.008423485096789286,0.008423485096789286,0.0,0.00393289966518739,0.00393289966518739,0.0,0.0,20
dar_a0_r2,dar_a0,20,0.01,1.0,34,0.01014622500746046,False,False,0.01462250074604602,0.3897344076395106,0.0,0.0,0.0,0.08322516992034452,0.08322516992034452,0.08322516992034452,0.0,0.0669146172345393,0.0669146172345393,0.0,0.0,20
dar_a0_r2,dar_a0,20,0.02,1.0,67,0.019994031632348554,False,False,-0.0002984183825723207,0.3897344076395106,0.0,0.0,0.0,0.05899097662101657,0.05899097662101657,0.05899097662101657,0.0,0.03656716417910448,0.03656716417910448,0.0,0.0,20
dar_a0_r2,dar_a0,20,0.05,1.0,168,0.050134288272157566,False,False,0.0026857654431513187,0.3897344076395106,0.0,0.0,0.0,0.03667626413210171,0.03667626413210171,0.03667626413210171,0.0,0.028259155049665342,0.028259155049665342,0.0,0.0,20
dar_a0_r2,dar_a0,20,0.1,1.0,335,0.09997015816174276,False,False,-0.00029841838257240713,0.3897344076395106,0.0,0.0,0.0,0.025282189276169365,0.025282189276169365,0.025282189276169365,0.0,0.02022212126475947,0.02022212126475947,0.0,0.0,20
dar_a0_r2,dar_a0,20,0.2,1.0,670,0.19994031632348552,False,False,-0.00029841838257240713,0.3897344076395106,0.0,0.0,0.0,0.016855142125858636,0.016855142125858636,0.016855142125858636,0.0,0.012107769122160023,0.012107769122160023,0.0,0.0,20
dar_a0_r2,dar_a0,20,0.3,1.0,1005,0.2999104744852283,False,False,-0.0002984183825722535,0.3897344076395106,0.0,0.0,0.0,0.012873670413360806,0.012873670413360806,0.012873670413360806,0.0,0.012388059701492538,0.012388059701492538,0.0,0.0,20
dar_a0_r2,dar_a0,20,0.5,1.0,1675,0.4998507908087138,False,False,-0.0002984183825723149,0.3897344076395106,0.0,0.0,0.0,0.008428514043115728,0.008428514043115728,0.008428514043115728,0.0,0.00681913619013261,0.00681913619013261,0.0,0.0,20
dar_a0_r2,dar_a0,full,0.01,1.0,34,0.01014622500746046,False,False,0.01462250074604602,0.3897344076395106,0.0,0.0,0.0,0.08322516992034452,0.08322516992034452,0.08322516992034452,0.0,0.07279126511840188,0.07279126511840188,0.0,0.0,20
dar_a0_r2,dar_a0,full,0.02,1.0,67,0.019994031632348554,False,False,-0.0002984183825723207,0.3897344076395106,0.0,0.0,0.0,0.05899097662101657,0.05899097662101657,0.05899097662101657,0.0,0.04063344869208123,0.04063344869208123,0.0,0.0,20
dar_a0_r2,dar_a0,full,0.05,1.0,168,0.050134288272157566,False,False,0.0026857654431513187,0.3897344076395106,0.0,0.0,0.0,0.03667626413210171,0.03667626413210171,0.03667626413210171,0.0,0.0319038559918148,0.0319038559918148,0.0,0.0,20
dar_a0_r2,dar_a0,full,0.1,1.0,335,0.09997015816174276,False,False,-0.00029841838257240713,0.3897344076395106,0.0,0.0,0.0,0.025282189276169365,0.025282189276169365,0.025282189276169365,0.0,0.015839112405742116,0.015839112405742116,0.0,0.0,20
dar_a0_r2,dar_a0,full,0.2,1.0,670,0.19994031632348552,False,False,-0.00029841838257240713,0.3897344076395106,0.0,0.0,0.0,0.016855142125858636,0.016855142125858636,0.016855142125858636,0.0,0.012051359139842418,0.012051359139842418,0.0,0.0,20
dar_a0_r2,dar_a0,full,0.3,1.0,1005,0.2999104744852283,False,False,-0.0002984183825722535,0.3897344076395106,0.0,0.0,0.0,0.012873670413360806,0.012873670413360806,0.012873670413360806,0.0,0.008145886503026504,0.008145886503026504,0.0,0.0,20
dar_a0_r2,dar_a0,full,0.5,1.0,1675,0.4998507908087138,False,False,-0.0002984183825723149,0.3897344076395106,0.0,0.0,0.0,0.008428514043115728,0.008428514043115728,0.008428514043115728,0.0,0.006573747199543909,0.006573747199543909,0.0,0.0,20
dar_a08_r2,dar_a08,1,0.01,0.16183014122654285,103,0.06156604901374776,False,False,-0.0036757593344940555,0.7668858338314405,-0.7668858338314405,-0.5260011954572624,-0.3138075313807531,0.0,0.013921517175289588,0.04037037355479216,0.7668858338314405,0.7668858338314404,0.31834214451105214,1.0,0.8970873786407765,20
dar_a08_r2,dar_a08,1,0.02,0.16183014122654285,207,0.12372982665869695,False,False,0.0011607661056297596,0.7668858338314405,-0.7668858338314405,-0.5260011954572624,-0.3138075313807531,0.0,0.009489365314433937,0.027517778250603416,0.7668858338314405,0.7668858338314404,0.31398728310680285,1.0,0.9057971014492754,20
dar_a08_r2,dar_a08,1,0.05,0.16183014122654285,517,0.3090257023311417,False,False,0.00019346101760499659,0.7668858338314405,-0.7668858338314405,-0.5260011954572624,-0.3138075313807531,0.0,0.005331985984503713,0.01546198329341597,0.7668858338314405,0.7668858338314404,0.3140328357656765,1.0,0.9057059961315282,20
dar_a08_r2,dar_a08,1,0.1,0.16183014122654285,1034,0.6180514046622834,False,False,0.00019346101760499659,0.7668858338314405,-0.7668858338314405,-0.5260011954572624,-0.3138075313807531,0.0,0.0028031446773840543,0.00812871157139291,0.7668858338314405,0.7668858338314404,0.3142504373130653,1.0,0.9052707930367504,20
dar_a08_r2,dar_a08,1,0.2,0.16183014122654285,1673,1.0,True,True,-0.19084929386728572,0.7668858338314405,-0.7668858338314405,-0.5260011954572624,-0.3138075313807531,0.0,0.0,0.0,0.7668858338314405,0.7668858338314405,0.3138075313807531,1.0,0.9061566049013747,1
dar_a08_r2,dar_a08,1,0.3,0.16183014122654285,1673,1.0,True,True,-0.46056619591152387,0.7668858338314405,-0.7668858338314405,-0.5260011954572624,-0.3138075313807531,0.0,0.0,0.0,0.7668858338314405,0.7668858338314405,0.3138075313807531,1.0,0.9061566049013747,1
dar_a08_r2,dar_a08,1,0.5,0.16183014122654285,1673,1.0,True,True,-0.6763397175469142,0.7668858338314405,-0.7668858338314405,-0.5260011954572624,-0.3138075313807531,0.0,0.0,0.0,0.7668858338314405,0.7668858338314405,0.3138075313807531,1.0,0.9061566049013747,1
dar_a08_r2,dar_a08,2,0.01,0.3095376281679242,54,0.032277346084877465,False,False,-0.0008946849331795306,0.7668858338314405,-0.4835624626419605,-0.4551703526598924,-0.19874476987447698,0.06034082300459814,0.04296524150884927,0.05661846601034149,0.7077106993424985,0.4817006486462553,0.19975620420181087,0.95,0.5638888888888889,20
dar_a08_r2,dar_a08,2,0.02,0.3095376281679242,108,0.06455469216975493,False,False,-0.0008946849331795306,0.7668858338314405,-0.4835624626419605,-0.4551703526598924,-0.19874476987447698,0.0419498080601475,0.02987005388403076,0.0393619719375193,0.7077106993424985,0.4918858338314406,0.2018395375351442,1.0,0.5800925925925926,20
dar_a08_r2,dar_a08,2,0.05,0.3095376281679242,270,0.16138673042438734,False,False,-0.0008946849331796131,0.7668858338314405,-0.4835624626419605,-0.4551703526598924,-0.19874476987447698,0.02512069428837115,0.01788700656084173,0.023571027123941254,0.7077106993424985,0.48521916716477376,0.19688583383144048,1.0,0.5766666666666668,20
dar_a08_r2,dar_a08,2,0.1,0.3095376281679242,540,0.3227734608487747,False,False,-0.0008946849331796131,0.7668858338314405,-0.4835624626419605,-0.4551703526598924,-0.19874476987447698,0.015962567983003172,0.011366029734776632,0.014977855252563595,0.7077106993424985,0.48077472272032934,0.19725620420181084,1.0,0.567037037037037,20
dar_a08_r2,dar_a08,2,0.2,0.3095376281679242,1081,0.6461446503287508,False,False,3.0412580771168112e-05,0.7668858338314405,-0.4835624626419605,-0.4551703526598924,-0.19874476987447698,0.008155163852588703,0.005806824750202871,0.007652081035775292,0.7077106993424985,0.4826120132949002,0.19845382643088544,1.0,0.5683163737280296,20
dar_a08_r2,dar_a08,2,0.3,0.3095376281679242,1621,0.9689181111775254,False,False,-0.0002779532572124989,0.7668858338314405,-0.4835624626419605,-0.4551703526598924,-0.19874476987447698,0.0019737622992037685,0.0014054030032021488,0.0018520031395900295,0.7077106993424985,0.48385067035210677,0.19864092328239666,1.0,0.5704194941394201,20
dar_a08_r2,dar_a08,2,0.5,0.3095376281679242,1673,1.0,True,True,-0.3809247436641517,0.7668858338314405,-0.4835624626419605,-0.4551703526598924,-0.19874476987447698,0.0,0.0,0.0,0.7077106993424985,0.4835624626419605,0.19874476987447698,1.0,0.5696353855349672,1
dar_a08_r2,dar_a08,3,0.01,0.4400270845424647,38,0.022713687985654513,False,False,-0.0005362096465236248,0.7668858338314405,-0.20621637776449486,-0.36491332934847576,-0.08577405857740583,0.07961558515461548,0.06355759589833382,0.06782637932358343,0.6228332337118948,0.18135951804196682,0.07214899172617732,0.65,0.2184210526315789,20
dar_a08_r2,dar_a08,3,0.02,0.4400270845424647,76,0.045427375971309025,False,False,-0.0005362096465236248,0.7668858338314405,-0.20621637776449486,-0.36491332934847576,-0.08577405857740583,0.055638661439643085,0.04441667486632847,0.04739987715386267,0.6228332337118948,0.22149109698933525,0.09649109698933525,0.65,0.25,20
dar_a08_r2,dar_a08,3,0.05,0.4400270845424647,190,0.11356843992827256,False,False,-0.0005362096465237623,0.7668858338314405,-0.20621637776449486,-0.36491332934847576,-0.08577405857740583,0.033909765483784535,0.027070367785907094,0.028888522416940274,0.6228332337118948,0.21162267593670364,0.09162267593670363,0.8,0.24000000000000005,20
dar_a08_r2,dar_a08,3,0.1,0.4400270845424647,380,0.22713687985654513,False,False,-0.0005362096465237623,0.7668858338314405,-0.20621637776449486,-0.36491332934847576,-0.08577405857740583,0.022389194818526737,0.01787342759588444,0.019073878783430233,0.6228332337118948,0.20557004435775625,0.0857016233051247,0.9,0.23973684210526316,20
dar_a08_r2,dar_a08,3,0.2,0.4400270845424647,760,0.45427375971309025,False,False,-0.0005362096465237623,0.7668858338314405,-0.20621637776449486,-0.36491332934847576,-0.08577405857740583,0.013303306707367322,0.010620108992183037,0.011333398168707156,0.6228332337118948,0.20741214962091417,0.0869845180419668,1.0,0.24085526315789477,20
dar_a08_r2,dar_a08,3,0.3,0.4400270845424647,1141,0.6820083682008368,False,False,0.0003405129765933915,0.7668858338314405,-0.20621637776449486,-0.36491332934847576,-0.08577405857740583,0.008287890512142097,0.006616272366740561,0.007060647793735267,0.6228332337118948,0.20597435267456055,0.08500590394537563,1.0,0.24193689745836985,20
dar_a08_r2,dar_a08,3,0.5,0.4400270845424647,1673,1.0,True,True,-0.11994583091507062,0.7668858338314405,-0.20621637776449486,-0.36491332934847576,-0.08577405857740583,0.0,0.0,0.0,0.6228332337118948,0.20621637776449486,0.08577405857740583,1.0,0.24088463837417806,1
dar_a08_r2,dar_a08,5,0.01,0.6558328496807894,26,0.015540944411237299,False,False,0.019226185995249494,0.7668858338314405,-0.011954572624028659,-0.21204423191870891,-0.005379557680812885,0.0837220110369635,0.08219596379097845,0.08229845453883565,0.4482964734010759,0.04399627569083638,0.04015012184468253,0.2,0.007692307692307709,20
dar_a08_r2,dar_a08,5,0.02,0.6558328496807894,51,0.030484160191273164,False,False,-0.00037431758158224367,0.7668858338314405,-0.011954572624028659,-0.21204423191870891,-0.005379557680812885,0.059322557097289924,0.05824125214818709,0.05831387359105972,0.4482964734010759,0.05207036789611241,0.05168858338314406,0.2,0.012745098039215702,20
dar_a08_r2,dar_a08,5,0.05,0.6558328496807894,128,0.07650926479378362,False,False,0.0035457831337840488,0.7668858338314405,-0.011954572624028659,-0.21204423191870891,-0.005379557680812885,0.03654591023659683,0.03587976778519355,0.03592450652981851,0.4482964734010759,0.027192916915720244,0.0242756042662881,0.25,0.013671875,20
dar_a08_r2,dar_a08,5,0.1,0.6558328496807894,255,0.15242080095636582,False,False,-0.00037431758158235366,0.7668858338314405,-0.011954572624028659,-0.21204423191870891,-0.005379557680812885,0.024805475204137083,0.02435333213385284,0.024383698481640435,0.4482964734010759,0.018715117846301692,0.01643829916904,0.15,0.01274509803921568,20
dar_a08_r2,dar_a08,5,0.2,0.6558328496807894,510,0.30484160191273163,False,False,-0.00037431758158235366,0.7668858338314405,-0.011954572624028659,-0.21204423191870891,-0.005379557680812885,0.015884893060571396,0.01559535035838822,0.015614796314705382,0.4482964734010759,0.015948103090608623,0.013377166766288102,0.25,0.012156862745098035,20
dar_a08_r2,dar_a08,5,0.3,0.6558328496807894,765,0.4572624028690974,False,False,-0.00037431758158242695,0.7668858338314405,-0.011954572624028659,-0.21204423191870891,-0.005379557680812885,0.01146018775413529,0.011251296594641422,0.011265325918578548,0.4482964734010759,0.012092284612589793,0.009335251534365518,0.5,0.014052287581699347,20
dar_a08_r2,dar_a08,5,0.5,0.6558328496807894,1275,0.762104004781829,False,False,-0.0003743175815823976,0.7668858338314405,-0.011954572624028659,-0.21204423191870891,-0.005379557680812885,0.005877139100908456,0.005770013246809553,0.0057772079184885096,0.4482964734010759,0.009748578929479713,0.004450980392156867,0.85,0.012745098039215697,20
dar_a08_r2,dar_a08,10,0.01,0.9504739794931322,18,0.010759115361625823,False,False,0.0226259193590185,0.7668858338314405,0.0,-0.020322773460848778,0.0,0.09915036120751525,0.09915036120751525,0.09915036120751525,0.07292289300657502,0.07222222222222224,0.07222222222222224,0.0,0.0,20
dar_a08_r2,dar_a08,10,0.02,0.9504739794931322,35,0.02092050209205021,False,False,-0.005780356178732011,0.7668858338314405,0.0,-0.020322773460848778,0.0,0.0707382775534079,0.0707382775534079,0.0707382775534079,0.07292289300657502,0.06331141661685595,0.06331141661685595,0.0,0.0,20
dar_a08_r2,dar_a08,10,0.05,0.9504739794931322,88,0.05260011954572624,False,False,-9.910107118182688e-05,0.7668858338314405,0.0,-0.020322773460848778,0.0,0.043883863082309724,0.043883863082309724,0.043883863082309724,0.07292289300657502,0.024447780253219576,0.024447780253219576,0.0,0.0,20
dar_a08_r2,dar_a08,10,0.1,0.9504739794931322,176,0.10520023909145249,False,False,-9.910107118182688e-05,0.7668858338314405,0.0,-0.020322773460848778,0.0,0.03015686004280639,0.03015686004280639,0.03015686004280639,0.07292289300657502,0.024431818181818193,0.024431818181818193,0.0,0.0,20
dar_a08_r2,dar_a08,10,0.2,0.9504739794931322,352,0.21040047818290497,False,False,-9.910107118182688e-05,0.7668858338314405,0.0,-0.020322773460848778,0.0,0.02003141512596317,0.02003141512596317,0.02003141512596317,0.07292289300657502,0.01684117399337066,0.01684117399337066,0.0,0.0,20
dar_a08_r2,dar_a08,10,0.3,0.9504739794931322,528,0.31560071727435746,False,False,-9.910107118197351e-05,0.7668858338314405,0.0,-0.020322773460848778,0.0,0.01522710478229804,0.01522710478229804,0.01522710478229804,0.07292289300657502,0.01155303030303031,0.01155303030303031,0.0,0.0,20
dar_a08_r2,dar_a08,10,0.5,0.9504739794931322,880,0.5260011954572624,False,False,-9.910107118191485e-05,0.7668858338314405,0.0,-0.020322773460848778,0.0,0.009815825107092021,0.009815825107092021,0.009815825107092021,0.07292289300657502,0.008449947019507681,0.008449947019507681,0.0,0.0,20
dar_a08_r2,dar_a08,20,0.01,1.0,17,0.010161386730424387,False,False,0.016138673042438777,0.7668858338314405,0.0,0.0,0.0,0.10205569855265524,0.10205569855265524,0.10205569855265524,0.0,0.05697232868042612,0.05697232868042612,0.0,0.0,20
dar_a08_r2,dar_a08,20,0.02,1.0,33,0.01972504482964734,False,False,-0.013747758517632972,0.7668858338314405,0.0,0.0,0.0,0.07289479320897035,0.07289479320897035,0.07289479320897035,0.0,0.05093100762556828,0.05093100762556828,0.0,0.0,20
dar_a08_r2,dar_a08,20,0.05,1.0,84,0.0502092050209205,False,False,0.004184100418410106,0.7668858338314405,0.0,0.0,0.0,0.04497320719968195,0.04497320719968195,0.04497320719968195,0.0,0.039978083283522634,0.039978083283522634,0.0,0.0,20
dar_a08_r2,dar_a08,20,0.1,1.0,167,0.09982068141063957,False,False,-0.0017931858936042994,0.7668858338314405,0.0,0.0,0.0,0.031051730236014416,0.031051730236014416,0.031051730236014416,0.0,0.019802355838233875,0.019802355838233875,0.0,0.0,20
dar_a08_r2,dar_a08,20,0.2,1.0,335,0.20023909145248056,False,False,0.001195457262403013,0.7668858338314405,0.0,0.0,0.0,0.020665085543162133,0.020665085543162133,0.020665085543162133,0.0,0.016622833233711904,0.016622833233711904,0.0,0.0,20
dar_a08_r2,dar_a08,20,0.3,1.0,502,0.30005977286312013,False,False,0.0001992428770671688,0.7668858338314405,0.0,0.0,0.0,0.01579276391390927,0.01579276391390927,0.01579276391390927,0.0,0.011739056922340507,0.011739056922340507,0.0,0.0,20
dar_a08_r2,dar_a08,20,0.5,1.0,836,0.4997011356843993,False,False,-0.0005977286312014185,0.7668858338314405,0.0,0.0,0.0,0.010346444785794634,0.010346444785794634,0.010346444785794634,0.0,0.009702937450129701,0.009702937450129701,0.0,0.0,20
dar_a08_r2,dar_a08,full,0.01,1.0,17,0.010161386730424387,False,False,0.016138673042438777,0.7668858338314405,0.0,0.0,0.0,0.10205569855265524,0.10205569855265524,0.10205569855265524,0.0,0.07396540206040572,0.07396540206040572,0.0,0.0,20
dar_a08_r2,dar_a08,full,0.02,1.0,33,0.01972504482964734,False,False,-0.013747758517632972,0.7668858338314405,0.0,0.0,0.0,0.07289479320897035,0.07289479320897035,0.07289479320897035,0.0,0.05385172707348442,0.05385172707348442,0.0,0.0,20
dar_a08_r2,dar_a08,full,0.05,1.0,84,0.0502092050209205,False,False,0.004184100418410106,0.7668858338314405,0.0,0.0,0.0,0.04497320719968195,0.04497320719968195,0.04497320719968195,0.0,0.02808577405857739,0.02808577405857739,0.0,0.0,20
dar_a08_r2,dar_a08,full,0.1,1.0,167,0.09982068141063957,False,False,-0.0017931858936042994,0.7668858338314405,0.0,0.0,0.0,0.031051730236014416,0.031051730236014416,0.031051730236014416,0.0,0.02792806496988091,0.02792806496988091,0.0,0.0,20
dar_a08_r2,dar_a08,full,0.2,1.0,335,0.20023909145248056,False,False,0.001195457262403013,0.7668858338314405,0.0,0.0,0.0,0.020665085543162133,0.020665085543162133,0.020665085543162133,0.0,0.017584105771203756,0.017584105771203756,0.0,0.0,20
dar_a08_r2,dar_a08,full,0.3,1.0,502,0.30005977286312013,False,False,0.0001992428770671688,0.7668858338314405,0.0,0.0,0.0,0.01579276391390927,0.01579276391390927,0.01579276391390927,0.0,0.014650721679927026,0.014650721679927026,0.0,0.0,20
dar_a08_r2,dar_a08,full,0.5,1.0,836,0.4997011356843993,False,False,-0.0005977286312014185,0.7668858338314405,0.0,0.0,0.0,0.010346444785794634,0.010346444785794634,0.010346444785794634,0.0,0.010328908044168977,0.010328908044168977,0.0,0.0,20
ad_memoryless_r1,ad_memoryless,1,0.01,0.9388769740690193,103,0.010694631917765549,False,False,0.0040943653733671445,0.04921607309729,-0.04921607309729,-0.013004880074758592,0.35593396324369225,0.0,0.01921302039804803,0.02120134989258493,0.04921607309729,0.04921607309729001,0.3624344123396032,1.0,0.8233009708737864,20
ad_memoryless_r1,ad_memoryless,1,0.02,0.9388769740690193,205,0.021285432457688713,False,False,-0.0007798791187365792,0.04921607309729,-0.04921607309729,-0.013004880074758592,0.35593396324369225,0.0,0.013545659957752173,0.014947481985677696,0.04921607309729,0.04921607309729001,0.36200343909783195,1.0,0.8224390243902441,20
ad_memoryless_r1,ad_memoryless,1,0.05,0.9388769740690193,513,0.053265496833142974,False,False,0.0001949697796841933,0.04921607309729,-0.04921607309729,-0.013004880074758592,0.35593396324369225,0.0,0.00842179165566541,0.009293351483265738,0.04921607309729,0.04921607309729001,0.35731414132766126,1.0,0.8130604288499026,20
ad_memoryless_r1,ad_memoryless,1,0.1,0.9388769740690193,1026,0.10653099366628595,False,False,0.0001949697796841933,0.04921607309729,-0.04921607309729,-0.013004880074758592,0.35593396324369225,0.0,0.005785156858569348,0.006383854917183002,0.04921607309729,0.04921607309729001,0.3547556617954975,1.0,0.8079434697855751,20
ad_memoryless_r1,ad_memoryless,1,0.2,0.9388769740690193,2052,0.2130619873325719,False,False,0.0001949697796841933,0.04921607309729,-0.04921607309729,-0.013004880074758592,0.35593396324369225,0.0,0.003839110895983623,0.004236415290042235,0.04921607309729,0.04921607309729001,0.35735069103526357,1.0,0.8131335282651072,20
ad_memoryless_r1,ad_memoryless,1,0.3,0.9388769740690193,3077,0.3194891496210155,False,False,-0.0001299798531227955,0.04921607309729,-0.04921607309729,-0.013004880074758592,0.35593396324369225,0.0,0.002915431570560354,0.00321714564054792,0.04921607309729,0.04921607309729001,0.3563250383749232,1.0,0.8110822229444263,20
ad_memoryless_r1,ad_memoryless,1,0.5,0.9388769740690193,5129,0.5325511369535874,False,False,0.0,0.04921607309729,-0.04921607309729,-0.013004880074758592,0.35593396324369225,0.0,0.001871542861962041,0.0020652263014022654,0.04921607309729,0.04921607309729001,0.3563405656237083,1.0,0.8111132774419965,20
ad_memoryless_r1,ad_memoryless,2,0.01,0.9945408461688439,97,0.010071643650711245,False,False,0.0016660998689425374,0.04921607309729,-0.0017651334233205265,-0.0011421451562662235,0.002699615823901984,0.02147853462082288,0.021899408877064475,0.021854101619342675,0.004360917869380127,0.016261813495296012,0.01626181349529601,0.15,0.010309278350515464,20
ad_memoryless_r1,ad_memoryless,2,0.02,0.9945408461688439,194,0.02014328730142249,False,False,0.0016660998689425374,0.04921607309729,-0.0017651334233205265,-0.0011421451562662235,0.002699615823901984,0.015110159687027402,0.015406244933634683,0.015374371255507033,0.004360917869380127,0.014666021556250384,0.01608354732944626,0.1,0.009020618556701034,20
ad_memoryless_r1,ad_memoryless,2,0.05,0.9945408461688439,484,0.05025438687571384,False,False,-0.00039919105862235054,0.04921607309729,-0.0017651334233205265,-0.0011421451562662235,0.002699615823901984,0.009418236683899617,0.009602788071106485,0.009582921051113944,0.004360917869380127,0.007710863508076106,0.006869834710743802,0.2,0.007954545454545454,20
ad_memoryless_r1,ad_memoryless,2,0.1,0.9945408461688439,968,0.10050877375142768,False,False,-0.00039919105862235054,0.04921607309729,-0.0017651334233205265,-0.0011421451562662235,0.002699615823901984,0.006481110410685866,0.006608108484431206,0.006594437098329488,0.004360917869380127,0.006175859247557174,0.006789016785500676,0.4,0.009504132231404958,20
ad_memoryless_r1,ad_memoryless,2,0.2,0.9945408461688439,1937,0.20112137888069775,False,False,0.00011713167326898227,0.04921607309729,-0.0017651334233205265,-0.0011421451562662235,0.002699615823901984,0.004317816903024725,0.00440242500174884,0.00439331691096544,0.004360917869380127,0.0029342763459524277,0.0050472998293724005,0.35,0.008492514197212185,20
ad_memoryless_r1,ad_memoryless,2,0.3,0.9945408461688439,2905,0.30163015263212545,False,False,-5.4975904028276434e-05,0.04921607309729,-0.0017651334233205265,-0.0011421451562662235,0.002699615823901984,0.0032965396570894924,0.0033611357154725153,0.0033541819276806297,0.004360917869380127,0.002064464452586143,0.003923182830257501,0.55,0.008864027538726333,20
ad_memoryless_r1,ad_memoryless,2,0.5,0.9945408461688439,4842,0.5027515315128231,False,False,1.3867126890627047e-05,0.04921607309729,-0.0017651334233205265,-0.0011421451562662235,0.002699615823901984,0.002154581703203936,0.0021968009694553954,0.0021922560509945663,0.004360917869380127,0.0018528893793538365,0.0038261455300763387,0.7,0.009252375051631557,20
ad_memoryless_r1,ad_memoryless,3,0.01,0.9992201208812634,96,0.00996781227286886,False,False,-0.003996141578223612,0.04921607309729,-0.00020766275568476905,-0.00010383137784238428,-0.00010383137784238106,0.021924779513324322,0.0219345921355127,0.021968782221568162,0.0004153255113695359,0.015338273976395667,0.015338273976395667,0.0,0.0,20
ad_memoryless_r1,ad_memoryless,3,0.02,0.9992201208812634,193,0.020039455923580106,False,False,0.00119137851772313,0.04921607309729,-0.00020766275568476905,-0.00010383137784238428,-0.00010383137784238106,0.015384090795463124,0.015390976076594268,0.015414966438178622,0.0004153255113695359,0.009326424870466322,0.009197563674726959,0.05,0.00025906735751295325,20
ad_memoryless_r1,ad_memoryless,3,0.05,0.9992201208812634,482,0.05004672412002907,False,False,0.000153874498533754,0.04921607309729,-0.00020766275568476905,-0.00010383137784238428,-0.00010383137784238106,0.00958459567811214,0.009588885345707681,0.00960383181989422,0.0004153255113695359,0.008540755539145507,0.008437021099311482,0.0,0.00020746887966804976,20
ad_memoryless_r1,ad_memoryless,3,0.1,0.9992201208812634,964,0.10009344824005814,False,False,0.000153874498533754,0.04921607309729,-0.00020766275568476905,-0.00010383137784238428,-0.00010383137784238106,0.006596390897692899,0.006599343168736107,0.006609629756672396,0.0004153255113695359,0.006391225214566895,0.006469026044442415,0.0,0.0002593360995850634,20
ad_memoryless_r1,ad_memoryless,3,0.2,0.9992201208812634,1928,0.20018689648011628,False,False,0.000153874498533754,0.04921607309729,-0.00020766275568476905,-0.00010383137784238428,-0.00010383137784238106,0.004397308512750228,0.00439927656570397,0.004406133845904757,0.0004153255113695359,0.0033396571022601207,0.0032877898823431085,0.05,0.0001556016597510368,20
ad_memoryless_r1,ad_memoryless,3,0.3,0.9992201208812634,2892,0.30028034472017445,False,False,0.00015387449853382785,0.04921607309729,-0.00020766275568476905,-0.00010383137784238428,-0.00010383137784238106,0.003358219555560989,0.0033597225553838295,0.0033649594525452346,0.0004153255113695359,0.0024262955190369733,0.002466652248035497,0.05,0.0002766251728907338,20
ad_memoryless_r1,ad_memoryless,3,0.5,0.9992201208812634,4819,0.5003634098224483,False,False,-5.3626305304076905e-05,0.04921607309729,-0.00020766275568476905,-0.00010383137784238428,-0.00010383137784238106,0.002198339931081191,0.0021993238168790947,0.0022027519668122394,0.0004153255113695359,0.0019155628756305863,0.0019363140688241944,0.0,0.000186760738742478,20
ad_memoryless_r1,ad_memoryless,5,0.01,1.0,96,0.00996781227286886,False,False,-0.00321877271311392,0.04921607309729,0.0,0.0,0.0,0.021968782221568162,0.021968782221568162,0.021968782221568162,0.0,0.019504940643062338,0.019504940643062338,0.0,0.0,20
ad_memoryless_r1,ad_memoryless,5,0.02,1.0,193,0.020039455923580106,False,False,0.0019727961790052657,0.04921607309729,0.0,0.0,0.0,0.015414966438178622,0.015414966438178622,0.015414966438178622,0.0,0.01191642596257874,0.01191642596257874,0.0,0.0,20
ad_memoryless_r1,ad_memoryless,5,0.05,1.0,482,0.05004672412002907,False,False,0.0009344824005815116,0.04921607309729,0.0,0.0,0.0,0.00960383181989422,0.00960383181989422,0.00960383181989422,0.0,0.006800384391515814,0.006800384391515814,0.0,0.0,20
ad_memoryless_r1,ad_memoryless,5,0.1,1.0,963,0.09998961686221576,False,False,-0.0001038313778422424,0.04921607309729,0.0,0.0,0.0,0.006613442154426939,0.006613442154426939,0.006613442154426939,0.0,0.0035825545171339554,0.0035825545171339554,0.0,0.0,20
ad_memoryless_r1,ad_memoryless,5,0.2,1.0,1926,0.19997923372443152,False,False,-0.0001038313778422424,0.04921607309729,0.0,0.0,0.0,0.004408993226674141,0.004408993226674141,0.004408993226674141,0.0,0.004461042909098593,0.004461042909098593,0.0,0.0,20
ad_memoryless_r1,ad_memoryless,5,0.3,1.0,2889,0.2999688505866473,False,False,-0.00010383137784239016,0.04921607309729,0.0,0.0,0.0,0.0033674554172491824,0.0033674554172491824,0.0033674554172491824,0.0,0.0029787367786158676,0.0029787367786158676,0.0,0.0,20
ad_memoryless_r1,ad_memoryless,5,0.5,1.0,4815,0.4999480843110788,False,False,-0.00010383137784241972,0.04921607309729,0.0,0.0,0.0,0.0022045824454083804,0.0022045824454083804,0.0022045824454083804,0.0,0.0017450593569376671,0.0017450593569376671,0.0,0.0,20
ad_memoryless_r1,ad_memoryless,10,0.01,1.0,96,0.00996781227286886,False,False,-0.00321877271311392,0.04921607309729,0.0,0.0,0.0,0.021968782221568162,0.021968782221568162,0.021968782221568162,0.0,0.019270833333333334,0.019270833333333334,0.0,0.0,20
ad_memoryless_r1,ad_memoryless,10,0.02,1.0,193,0.020039455923580106,False,False,0.0019727961790052657,0.04921607309729,0.0,0.0,0.0,0.015414966438178622,0.015414966438178622,0.015414966438178622,0.0,0.014505082088656937,0.014505082088656937,0.0,0.0,20
ad_memoryless_r1,ad_memoryless,10,0.05,1.0,482,0.05004672412002907,False,False,0.0009344824005815116,0.04921607309729,0.0,0.0,0.0,0.00960383181989422,0.00960383181989422,0.00960383181989422,0.0,0.009278453782758048,0.009278453782758048,0.0,0.0,20
ad_memoryless_r1,ad_memoryless,10,0.1,1.0,963,0.09998961686221576,False,False,-0.0001038313778422424,0.04921607309729,0.0,0.0,0.0,0.006613442154426939,0.006613442154426939,0.006613442154426939,0.0,0.006230529595015577,0.006230529595015577,0.0,0.0,20
ad_memoryless_r1,ad_memoryless,10,0.2,1.0,1926,0.19997923372443152,False,False,-0.0001038313778422424,0.04921607309729,0.0,0.0,0.0,0.004408993226674141,0.004408993226674141,0.004408993226674141,0.0,0.002848934078719711,0.002848934078719711,0.0,0.0,20
ad_memoryless_r1,ad_memoryless,10,0.3,1.0,2889,0.2999688505866473,False,False,-0.00010383137784239016,0.04921607309729,0.0,0.0,0.0,0.0033674554172491824,0.0033674554172491824,0.0033674554172491824,0.0,0.002479388357350584,0.002479388357350584,0.0,0.0,20
ad_memoryless_r1,ad_memoryless,10,0.5,1.0,4815,0.4999480843110788,False,False,-0.00010383137784241972,0.04921607309729,0.0,0.0,0.0,0.0022045824454083804,0.0022045824454083804,0.0022045824454083804,0.0,0.0019517215361049087,0.0019517215361049087,0.0,0.0,20
ad_memoryless_r1,ad_memoryless,20,0.01,1.0,96,0.00996781227286886,False,False,-0.00321877271311392,0.04921607309729,0.0,0.0,0.0,0.021968782221568162,0.021968782221568162,0.021968782221568162,0.0,0.01627470321531167,0.01627470321531167,0.0,0.0,20
ad_memoryless_r1,ad_memoryless,20,0.02,1.0,193,0.020039455923580106,False,False,0.0019727961790052657,0.04921607309729,0.0,0.0,0.0,0.015414966438178622,0.015414966438178622,0.015414966438178622,0.0,0.009845232068509343,0.009845232068509343,0.0,0.0,20
ad_memoryless_r1,ad_memoryless,20,0.05,1.0,482,0.05004672412002907,False,False,0.0009344824005815116,0.04921607309729,0.0,0.0,0.0,0.00960383181989422,0.00960383181989422,0.00960383181989422,0.0,0.0077685258227775025,0.0077685258227775025,0.0,0.0,20
ad_memoryless_r1,ad_memoryless,20,0.1,1.0,963,0.09998961686221576,False,False,-0.0001038313778422424,0.04921607309729,0.0,0.0,0.0,0.006613442154426939,0.006613442154426939,0.006613442154426939,0.0,0.006552951361091353,0.006552951361091353,0.0,0.0,20
ad_memoryless_r1,ad_memoryless,20,0.2,1.0,1926,0.19997923372443152,False,False,-0.0001038313778422424,0.04921607309729,0.0,0.0,0.0,0.004408993226674141,0.004408993226674141,0.004408993226674141,0.0,0.003530633437175493,0.003530633437175493,0.0,0.0,20
ad_memoryless_r1,ad_memoryless,20,0.3,1.0,2889,0.2999688505866473,False,False,-0.00010383137784239016,0.04921607309729,0.0,0.0,0.0,0.0033674554172491824,0.0033674554172491824,0.0033674554172491824,0.0,0.002671693844862264,0.002671693844862264,0.0,0.0,20
ad_memoryless_r1,ad_memoryless,20,0.5,1.0,4815,0.4999480843110788,False,False,-0.00010383137784241972,0.04921607309729,0.0,0.0,0.0,0.0022045824454083804,0.0022045824454083804,0.0022045824454083804,0.0,0.001880565235162977,0.001880565235162977,0.0,0.0,20
ad_memoryless_r1,ad_memoryless,full,0.01,1.0,96,0.00996781227286886,False,False,-0.00321877271311392,0.04921607309729,0.0,0.0,0.0,0.021968782221568162,0.021968782221568162,0.021968782221568162,0.0,0.014817440643062337,0.014817440643062337,0.0,0.0,20
ad_memoryless_r1,ad_memoryless,full,0.02,1.0,193,0.020039455923580106,False,False,0.0019727961790052657,0.04921607309729,0.0,0.0,0.0,0.015414966438178622,0.015414966438178622,0.015414966438178622,0.0,0.011400308696604175,0.011400308696604175,0.0,0.0,20
ad_memoryless_r1,ad_memoryless,full,0.05,1.0,482,0.05004672412002907,False,False,0.0009344824005815116,0.04921607309729,0.0,0.0,0.0,0.00960383181989422,0.00960383181989422,0.00960383181989422,0.0,0.007226879315626278,0.007226879315626278,0.0,0.0,20
ad_memoryless_r1,ad_memoryless,full,0.1,1.0,963,0.09998961686221576,False,False,-0.0001038313778422424,0.04921607309729,0.0,0.0,0.0,0.006613442154426939,0.006613442154426939,0.006613442154426939,0.0,0.004943397882378995,0.004943397882378995,0.0,0.0,20
ad_memoryless_r1,ad_memoryless,full,0.2,1.0,1926,0.19997923372443152,False,False,-0.0001038313778422424,0.04921607309729,0.0,0.0,0.0,0.004408993226674141,0.004408993226674141,0.004408993226674141,0.0,0.0033011585446916444,0.0033011585446916444,0.0,0.0,20
ad_memoryless_r1,ad_memoryless,full,0.3,1.0,2889,0.2999688505866473,False,False,-0.00010383137784239016,0.04921607309729,0.0,0.0,0.0,0.0033674554172491824,0.0033674554172491824,0.0033674554172491824,0.0,0.0026069492842481544,0.0026069492842481544,0.0,0.0,20
ad_memoryless_r1,ad_memoryless,full,0.5,1.0,4815,0.4999480843110788,False,False,-0.00010383137784241972,0.04921607309729,0.0,0.0,0.0,0.0022045824454083804,0.0022045824454083804,0.0022045824454083804,0.0,0.0014750697411536583,0.0014750697411536583,0.0,0.0,20
ad_memory_r1,ad_memory,1,0.01,0.19297903461725988,103,0.052046488125315815,False,False,0.004388103364212607,0.7887822132390097,-0.7887822132390097,-0.4377210712481051,-0.29282465891864584,0.0,0.00429664044578711,0.03916773513069261,0.7887822132390097,0.7887822132390097,0.29242298993803884,1.0,0.9927184466019418,20
ad_memory_r1,ad_memory,1,0.02,0.19297903461725988,205,0.10358767054067711,False,False,-0.00048756704046803664,0.7887822132390097,-0.7887822132390097,-0.4377210712481051,-0.29282465891864584,0.0,0.002961631938110705,0.026997934030123284,0.7887822132390097,0.7887822132390097,0.2924407498243755,1.0,0.9926829268292682,20
ad_memory_r1,ad_memory,1,0.05,0.19297903461725988,513,0.25922182920667003,False,False,0.00048756704046806434,0.7887822132390097,-0.7887822132390097,-0.4377210712481051,-0.29282465891864584,0.0,0.0017019214434042785,0.015514541919342094,0.7887822132390097,0.7887822132390097,0.2930707122643509,1.0,0.9914230019493177,20
ad_memory_r1,ad_memory,1,0.1,0.19297903461725988,1025,0.5179383527033855,False,False,-0.00048756704046806434,0.7887822132390097,-0.7887822132390097,-0.4377210712481051,-0.29282465891864584,0.0,0.0009712777997334815,0.008854069145018666,0.7887822132390097,0.7887822132390097,0.2929285547024243,1.0,0.9917073170731708,20
ad_memory_r1,ad_memory,1,0.2,0.19297903461725988,1979,1.0,True,True,-0.035104826913700635,0.7887822132390097,-0.7887822132390097,-0.4377210712481051,-0.29282465891864584,0.0,0.0,0.0,0.7887822132390097,0.7887822132390097,0.29282465891864584,1.0,0.9919151086407276,1
ad_memory_r1,ad_memory,1,0.3,0.19297903461725988,1979,1.0,True,True,-0.3567365512758004,0.7887822132390097,-0.7887822132390097,-0.4377210712481051,-0.29282465891864584,0.0,0.0,0.0,0.7887822132390097,0.7887822132390097,0.29282465891864584,1.0,0.9919151086407276,1
ad_memory_r1,ad_memory,1,0.5,0.19297903461725988,1979,1.0,True,True,-0.6140419307654803,0.7887822132390097,-0.7887822132390097,-0.4377210712481051,-0.29282465891864584,0.0,0.0,0.0,0.7887822132390097,0.7887822132390097,0.29282465891864584,1.0,0.9919151086407276,1
ad_memory_r1,ad_memory,2,0.01,0.35953193564115066,55,0.027791814047498736,False,False,-0.0007955300523856546,0.7887822132390097,-0.33906013137948465,-0.32529055078322383,-0.13542193026781213,0.06615629794869507,0.04695417991993499,0.054281500419717056,0.6523496715512885,0.32423675869355517,0.1283276677844642,0.9,0.39181818181818184,20
ad_memory_r1,ad_memory,2,0.02,0.35953193564115066,110,0.05558362809499747,False,False,-0.0007955300523856546,0.7887822132390097,-0.33906013137948465,-0.32529055078322383,-0.13542193026781213,0.046106092100145414,0.03272362285982514,0.03783022834237843,0.6523496715512885,0.34514584960264605,0.13810039505719143,1.0,0.41409090909090907,20
ad_memory_r1,ad_memory,2,0.05,0.35953193564115066,275,0.13895907023749368,False,False,-0.0007955300523858486,0.7887822132390097,-0.33906013137948465,-0.32529055078322383,-0.13542193026781213,0.027843155550860914,0.01976157336203616,0.02284541769390401,0.6523496715512885,0.34223675869355513,0.13587312232991877,1.0,0.4127272727272727,20
ad_memory_r1,ad_memory,2,0.1,0.35953193564115066,550,0.27791814047498736,False,False,-0.0007955300523858486,0.7887822132390097,-0.33906013137948465,-0.32529055078322383,-0.13542193026781213,0.018029545338791884,0.012796400977103915,0.014793312250239712,0.6523496715512885,0.3413276677844642,0.13805494051173692,1.0,0.40654545454545454,20
ad_memory_r1,ad_memory,2,0.2,0.35953193564115066,1101,0.5563415866599293,False,False,0.0001128376475666875,0.7887822132390097,-0.33906013137948465,-0.32529055078322383,-0.13542193026781213,0.009988576585492959,0.007089354100542401,0.008195666035277396,0.6523496715512885,0.33928175910640296,0.1370792159638053,1.0,0.4044050862851953,20
ad_memory_r1,ad_memory,2,0.3,0.35953193564115066,1651,0.8342597271349166,False,False,-0.00018995158575082452,0.7887822132390097,-0.33906013137948465,-0.32529055078322383,-0.13542193026781213,0.00498555360968433,0.003538477642312161,0.004090666176128434,0.6523496715512885,0.33820680439588424,0.13539032953216537,1.0,0.4056329497274379,20
ad_memory_r1,ad_memory,2,0.5,0.35953193564115066,1979,1.0,True,True,-0.2809361287176987,0.7887822132390097,-0.33906013137948465,-0.32529055078322383,-0.13542193026781213,0.0,0.0,0.0,0.6523496715512885,0.33906013137948465,0.13542193026781213,1.0,0.40727640222334516,1
ad_memory_r1,ad_memory,3,0.01,0.5011214041930766,39,0.019706922688226377,False,False,-0.01244392301515989,0.7887822132390097,-0.1131884790298131,-0.22587165234967158,-0.04598281960586159,0.0742408338809912,0.0629246365963172,0.0647290474542307,0.49772612430520463,0.14836553037664715,0.07330139542115291,0.7,0.17051282051282052,20
ad_memory_r1,ad_memory,3,0.02,0.5011214041930766,79,0.03991915108640728,False,False,0.00021705233079956642,0.7887822132390097,-0.1131884790298131,-0.22587165234967158,-0.04598281960586159,0.051622321906267005,0.04375376294152404,0.04500843470757252,0.49772612430520463,0.12675689678331345,0.0584766631913574,0.6,0.14556962025316453,20
ad_memory_r1,ad_memory,3,0.05,0.5011214041930766,197,0.09954522486104093,False,False,-0.002315142738392297,0.7887822132390097,-0.1131884790298131,-0.22587165234967158,-0.04598281960586159,0.0316588413563095,0.026833226181155554,0.027602688943169505,0.49772612430520463,0.10959439598012641,0.04409683658105543,0.7,0.13477157360406092,20
ad_memory_r1,ad_memory,3,0.1,0.5011214041930766,395,0.1995957554320364,False,False,0.00021705233079953872,0.7887822132390097,-0.1131884790298131,-0.22587165234967158,-0.04598281960586159,0.02107916098521775,0.01786615903151525,0.01837848445903409,0.49772612430520463,0.11675689678331344,0.05112398539090838,0.9,0.13126582278481008,20
ad_memory_r1,ad_memory,3,0.2,0.5011214041930766,790,0.3991915108640728,False,False,0.00021705233079953872,0.7887822132390097,-0.1131884790298131,-0.22587165234967158,-0.04598281960586159,0.012913728797157511,0.010945347044015228,0.01125921302907534,0.49772612430520463,0.11150373222635143,0.043529048682047614,1.0,0.13594936708860755,20
ad_memory_r1,ad_memory,3,0.3,0.5011214041930766,1185,0.5987872662961091,False,False,0.00021705233079953872,0.7887822132390097,-0.1131884790298131,-0.22587165234967158,-0.04598281960586159,0.008616390155693867,0.007303032454999719,0.007512452354268037,0.49772612430520463,0.11549107399850334,0.04789613728964257,1.0,0.13518987341772154,20
ad_memory_r1,ad_memory,3,0.5,0.5011214041930766,1975,0.9979787771601819,False,False,0.0002170523307996274,0.7887822132390097,-0.1131884790298131,-0.22587165234967158,-0.04598281960586159,0.0004737189145691453,0.00040151206539313343,0.00041302572315212084,0.49772612430520463,0.1132379094415413,0.045984744884579265,1.0,0.13450632911392402,20
ad_memory_r1,ad_memory,5,0.01,0.7088249634324719,28,0.01414855987872663,False,False,0.002885243866054393,0.7887822132390097,-0.012127337038908559,-0.10371399696816574,-0.005811015664477059,0.07816975478798238,0.0766468517181392,0.07660908470776452,0.2602324406265791,0.058314985923626605,0.060100700209340906,0.0,0.014285714285714285,20
ad_memory_r1,ad_memory,5,0.02,0.7088249634324719,56,0.02829711975745326,False,False,0.002885243866054393,0.7887822132390097,-0.012127337038908559,-0.10371399696816574,-0.005811015664477059,0.05487629210897934,0.05380719225135481,0.05378067926690161,0.2602324406265791,0.038727171009889566,0.03663466397170288,0.05,0.014285714285714273,20
ad_memory_r1,ad_memory,5,0.05,0.7088249634324719,140,0.07074279939363315,False,False,0.0028852438660542266,0.7887822132390097,-0.012127337038908559,-0.10371399696816574,-0.005811015664477059,0.03394032349345048,0.033279098151502845,0.033262700191026014,0.2602324406265791,0.028521078466758103,0.026886414495055216,0.15,0.010000000000000004,20
ad_memory_r1,ad_memory,5,0.1,0.7088249634324719,279,0.14098029307731177,False,False,-0.0006964891477531218,0.7887822132390097,-0.012127337038908559,-0.10371399696816574,-0.005811015664477059,0.023115936332898716,0.022665591688743797,0.0226544234330716,0.2602324406265791,0.021580900530842682,0.020519713261648743,0.15,0.012007168458781359,20
ad_memory_r1,ad_memory,5,0.2,0.7088249634324719,558,0.28196058615462355,False,False,-0.0006964891477531218,0.7887822132390097,-0.012127337038908559,-0.10371399696816574,-0.005811015664477059,0.014944076087088597,0.014652935614526998,0.014645715519259311,0.2602324406265791,0.015627665759289762,0.013157961462742318,0.3,0.01164874551971326,20
ad_memory_r1,ad_memory,5,0.3,0.7088249634324719,838,0.42344618494188985,False,False,0.0004974218568494015,0.7887822132390097,-0.012127337038908559,-0.10371399696816574,-0.005811015664477059,0.01092722645565576,0.01071434224283809,0.010709062852157685,0.2602324406265791,0.01199253860041175,0.008174164044664695,0.5,0.01217183770883054,20
ad_memory_r1,ad_memory,5,0.5,0.7088249634324719,1396,0.7054067710965134,False,False,1.9857455008480868e-05,0.7887822132390097,-0.012127337038908559,-0.10371399696816574,-0.005811015664477059,0.0060517460978080275,0.005933845987525473,0.005930922141105834,0.2602324406265791,0.013316597193164382,0.007215600843237996,0.55,0.012929799426934114,20
ad_memory_r1,ad_memory,10,0.01,0.9307654802535349,21,0.010611419909044972,False,False,-0.01232566521858354,0.7887822132390097,0.0,-0.013011622031328954,0.0,0.08861910323398771,0.08861910323398771,0.08861910323398771,0.0404244567963618,0.07795784306648379,0.07795784306648379,0.0,0.0,20
ad_memory_r1,ad_memory,10,0.02,0.9307654802535349,43,0.021728145528044467,False,False,0.011190390371450183,0.7887822132390097,0.0,-0.013011622031328954,0.0,0.061581335523554756,0.061581335523554756,0.061581335523554756,0.0404244567963618,0.04923381552816201,0.04923381552816201,0.0,0.0,20
ad_memory_r1,ad_memory,10,0.05,0.9307654802535349,106,0.053562405255179385,False,False,-0.002919242982569995,0.7887822132390097,0.0,-0.013011622031328954,0.0,0.03857861309309412,0.03857861309309412,0.03857861309309412,0.0404244567963618,0.031603773584905674,0.031603773584905674,0.0,0.0,20
ad_memory_r1,ad_memory,10,0.1,0.9307654802535349,213,0.1076301162203133,False,False,0.0017839681354368047,0.7887822132390097,0.0,-0.013011622031328954,0.0,0.026426290358420708,0.026426290358420708,0.026426290358420708,0.0404244567963618,0.030746191821638937,0.030746191821638937,0.0,0.0,20
ad_memory_r1,ad_memory,10,0.2,0.9307654802535349,425,0.21475492673067206,False,False,-0.000567637423566706,0.7887822132390097,0.0,-0.013011622031328954,0.0,0.017549376721028517,0.017549376721028517,0.017549376721028517,0.0404244567963618,0.010243557352198068,0.010243557352198068,0.0,0.0,20
ad_memory_r1,ad_memory,10,0.3,0.9307654802535349,638,0.32238504295098536,False,False,0.000216231096101057,0.7887822132390097,0.0,-0.013011622031328954,0.0,0.013305607378426478,0.013305607378426478,0.013305607378426478,0.0404244567963618,0.009086553007202602,0.009086553007202602,0.0,0.0,20
ad_memory_r1,ad_memory,10,0.5,0.9307654802535349,1063,0.5371399696816574,False,False,-9.731631176604821e-05,0.7887822132390097,0.0,-0.013011622031328954,0.0,0.008519453937754589,0.008519453937754589,0.008519453937754589,0.0404244567963618,0.005969048480351324,0.005969048480351324,0.0,0.0,20
ad_memory_r1,ad_memory,20,0.01,0.993954168698196,20,0.01010611419909045,False,False,0.004501433752598317,0.7887822132390097,0.0,-0.000378979282465889,0.0,0.09083074467185172,0.09083074467185172,0.09083074467185172,0.0015159171298635675,0.08249999999999999,0.08249999999999999,0.0,0.0,20
ad_memory_r1,ad_memory,20,0.02,0.993954168698196,40,0.0202122283981809,False,False,0.004501433752598317,0.7887822132390097,0.0,-0.000378979282465889,0.0,0.06389833817361903,0.06389833817361903,0.06389833817361903,0.0015159171298635675,0.06625,0.06625,0.0,0.0,20
ad_memory_r1,ad_memory,20,0.05,0.993954168698196,100,0.050530570995452245,False,False,0.004501433752598178,0.7887822132390097,0.0,-0.000378979282465889,0.0,0.03978268074896936,0.03978268074896936,0.03978268074896936,0.0015159171298635675,0.026743557352198067,0.026743557352198067,0.0,0.0,20
ad_memory_r1,ad_memory,20,0.1,0.993954168698196,199,0.10055583628094998,False,False,-0.0005210734161646994,0.7887822132390097,0.0,-0.000378979282465889,0.0,0.027448215674412958,0.027448215674412958,0.027448215674412958,0.0015159171298635675,0.020035498360930486,0.020035498360930486,0.0,0.0,20
ad_memory_r1,ad_memory,20,0.2,0.993954168698196,398,0.20111167256189996,False,False,-0.0005210734161646994,0.7887822132390097,0.0,-0.000378979282465889,0.0,0.018291741425658894,0.018291741425658894,0.018291741425658894,0.0015159171298635675,0.017162302162657666,0.017162302162657666,0.0,0.0,20
ad_memory_r1,ad_memory,20,0.3,0.993954168698196,597,0.30166750884284993,False,False,-0.0005210734161646994,0.7887822132390097,0.0,-0.000378979282465889,0.0,0.013963603568128749,0.013963603568128749,0.013963603568128749,0.0015159171298635675,0.011355285777040808,0.011355285777040808,0.0,0.0,20
ad_memory_r1,ad_memory,20,0.5,0.993954168698196,996,0.5032844871147044,False,False,0.0004834280175879648,0.7887822132390097,0.0,-0.000378979282465889,0.0,0.009117541406207403,0.009117541406207403,0.009117541406207403,0.0015159171298635675,0.007981090608010583,0.007981090608010583,0.0,0.0,20
ad_memory_r1,ad_memory,full,0.01,1.0,20,0.01010611419909045,False,False,0.010611419909044961,0.7887822132390097,0.0,0.0,0.0,0.09083074467185172,0.09083074467185172,0.09083074467185172,0.0,0.07387822132390098,0.07387822132390098,0.0,0.0,20
ad_memory_r1,ad_memory,full,0.02,1.0,40,0.0202122283981809,False,False,0.010611419909044961,0.7887822132390097,0.0,0.0,0.0,0.06389833817361903,0.06389833817361903,0.06389833817361903,0.0,0.04512822132390096,0.04512822132390096,0.0,0.0,20
ad_memory_r1,ad_memory,full,0.05,1.0,99,0.05002526528549773,False,False,0.0005053057099544269,0.7887822132390097,0.0,0.0,0.0,0.03999373659199328,0.03999373659199328,0.03999373659199328,0.0,0.031313131313131334,0.031313131313131334,0.0,0.0,20
ad_memory_r1,ad_memory,full,0.1,1.0,198,0.10005053057099546,False,False,0.0005053057099544269,0.7887822132390097,0.0,0.0,0.0,0.027525170586637466,0.027525170586637466,0.027525170586637466,0.0,0.015999433445113093,0.015999433445113093,0.0,0.0,20
ad_memory_r1,ad_memory,full,0.2,1.0,396,0.20010106114199092,False,False,0.0005053057099544269,0.7887822132390097,0.0,0.0,0.0,0.018349469759106594,0.018349469759106594,0.018349469759106594,0.0,0.012590342536022186,0.012590342536022186,0.0,0.0,20
ad_memory_r1,ad_memory,full,0.3,1.0,594,0.30015159171298633,False,False,0.0005053057099545008,0.7887822132390097,0.0,0.0,0.0,0.01401400663548172,0.01401400663548172,0.01401400663548172,0.0,0.01262626262626263,0.01262626262626263,0.0,0.0,20
ad_memory_r1,ad_memory,full,0.5,1.0,989,0.4997473471450227,False,False,-0.0005053057099545599,0.7887822132390097,0.0,0.0,0.0,0.009182270999107008,0.009182270999107008,0.009182270999107008,0.0,0.006918345356271211,0.006918345356271211,0.0,0.0,20
ad_memoryless_r2,ad_memoryless,1,0.01,0.9478216818642351,99,0.010582576162479958,False,False,0.003039513677811521,0.0432923570283271,-0.0432923570283271,-0.01125066809192945,0.35975414216996254,0.0,0.01976308402694211,0.020346542987390647,0.0432923570283271,0.04329235702832711,0.36302077428480417,1.0,0.8126262626262626,20
ad_memoryless_r2,ad_memoryless,1,0.02,0.9478216818642351,197,0.021058257616247997,False,False,-0.0020263424518743955,0.0432923570283271,-0.0432923570283271,-0.01125066809192945,0.35975414216996254,0.0,0.013935669820204527,0.014347087968068804,0.0432923570283271,0.04329235702832711,0.3586111962711653,1.0,0.8038071065989847,20
ad_memoryless_r2,ad_memoryless,1,0.05,0.9478216818642351,493,0.05269909139497595,False,False,-0.0010131712259371835,0.0432923570283271,-0.0432923570283271,-0.01125066809192945,0.35975414216996254,0.0,0.008665688121043357,0.008921522350953148,0.0432923570283271,0.04329235702832711,0.35949668962481696,1.0,0.805578093306288,20
ad_memoryless_r2,ad_memoryless,1,0.1,0.9478216818642351,987,0.10550507749866382,False,False,0.0,0.0432923570283271,-0.0432923570283271,-0.01125066809192945,0.35975414216996254,0.0,0.005951314493563205,0.006127013173130777,0.0432923570283271,0.04329235702832711,0.3595698516849454,1.0,0.8057244174265449,20
ad_memoryless_r2,ad_memoryless,1,0.2,0.9478216818642351,1974,0.21101015499732764,False,False,0.0,0.0432923570283271,-0.0432923570283271,-0.01125066809192945,0.35975414216996254,0.0,0.003952252382828279,0.004068933416191878,0.0432923570283271,0.04329235702832711,0.3604057179463437,1.0,0.8073961499493416,20
ad_memoryless_r2,ad_memoryless,1,0.3,0.9478216818642351,2961,0.31651523249599145,False,False,0.0,0.0432923570283271,-0.0432923570283271,-0.01125066809192945,0.35975414216996254,0.0,0.0030035008123294933,0.0030921721684437067,0.0432923570283271,0.04329235702832711,0.35952763621719797,1.0,0.8056399864910502,20
ad_memoryless_r2,ad_memoryless,1,0.5,0.9478216818642351,4935,0.5275253874933191,False,False,0.0,0.0432923570283271,-0.0432923570283271,-0.01125066809192945,0.35975414216996254,0.0,0.0019343194450084035,0.001991425715012692,0.0432923570283271,0.04329235702832711,0.3599497908946719,1.0,0.806484295845998,20
ad_memoryless_r2,ad_memoryless,2,0.01,0.9968591691995947,94,0.010048102618920363,False,False,0.001654322872922553,0.0432923570283271,-0.0005344735435595938,-0.0005611972207375734,0.0030464991982896844,0.02076277183362899,0.021132690528116792,0.020886302801398485,0.0022447888829502938,0.014731284897142278,0.014391410896437227,0.05,0.004787234042553192,20
ad_memoryless_r2,ad_memoryless,2,0.02,0.9968591691995947,188,0.020096205237840725,False,False,0.001654322872922553,0.0432923570283271,-0.0005344735435595938,-0.0005611972207375734,0.0030464991982896844,0.0146067974553319,0.014867038596958879,0.014693702606538522,0.0022447888829502938,0.011244129319853987,0.010756422211355855,0.25,0.00797872340425532,20
ad_memoryless_r2,ad_memoryless,2,0.05,0.9968591691995947,469,0.0501336183858899,False,False,-0.00047685653744531704,0.0432923570283271,-0.0005344735435595938,-0.0005611972207375734,0.0030464991982896844,0.009105148834073802,0.009267370178931155,0.009159321169837595,0.0022447888829502938,0.007866048850198117,0.009110751123363101,0.25,0.005650319829424305,20
ad_memoryless_r2,ad_memoryless,2,0.1,0.9968591691995947,938,0.1002672367717798,False,False,-0.00047685653744531704,0.0432923570283271,-0.0005344735435595938,-0.0005611972207375734,0.0030464991982896844,0.006266103449412525,0.0063777431103453595,0.0063033844940366315,0.0022447888829502938,0.005063965884861407,0.005406060291806599,0.3,0.006663113006396587,20
ad_memoryless_r2,ad_memoryless,2,0.2,0.9968591691995947,1877,0.20064136825227152,False,False,5.5938315146585686e-05,0.0432923570283271,-0.0005344735435595938,-0.0005611972207375734,0.0030464991982896844,0.004175234863318457,0.004249622687940077,0.004200075997607439,0.0022447888829502938,0.003304182647007989,0.0038461094910484913,0.55,0.00727224294086308,20
ad_memoryless_r2,ad_memoryless,2,0.3,0.9968591691995947,2815,0.3009086050240513,False,False,-0.00012165996905063845,0.0432923570283271,-0.0005344735435595938,-0.0005611972207375734,0.0030464991982896844,0.003188379372073525,0.0032451849442919197,0.0032073490738361095,0.0022447888829502938,0.002267848141161775,0.003354319884789146,0.75,0.007708703374777974,20
ad_memoryless_r2,ad_memoryless,2,0.5,0.9968591691995947,4692,0.5015499732763228,False,False,-5.062065537170272e-05,0.0432923570283271,-0.0005344735435595938,-0.0005611972207375734,0.0030464991982896844,0.0020853263075963787,0.002122479400231038,0.002097733243383022,0.0022447888829502938,0.0018544534677673277,0.0027648782307057524,0.7,0.0075980392156862735,20
ad_memoryless_r2,ad_memoryless,3,0.01,0.9998986828774062,94,0.010048102618920363,False,False,0.004708457407548705,0.0432923570283271,0.0,-2.6723677177979688e-05,0.00010689470871191875,0.020886302801398485,0.020897439481933643,0.020886302801398485,0.00010689470871191876,0.013297872340425532,0.013563829787234045,0.0,0.0005319148936170214,20
ad_memoryless_r2,ad_memoryless,3,0.02,0.9998986828774062,187,0.019989310529128806,False,False,-0.000635736514831759,0.0432923570283271,0.0,-2.6723677177979688e-05,0.00010689470871191875,0.014733741761038168,0.014741597865425836,0.014733741761038168,0.00010689470871191876,0.011662384209307843,0.011662384209307843,0.0,0.0,20
ad_memoryless_r2,ad_memoryless,3,0.05,0.9998986828774062,468,0.05002672367717798,False,False,0.00043310226964433387,0.0432923570283271,0.0,-2.6723677177979688e-05,0.00010689470871191875,0.00916961746272993,0.009174506748367655,0.00916961746272993,0.00010689470871191876,0.00876068376068376,0.008758371134774127,0.05,0.0003205128205128204,20
ad_memoryless_r2,ad_memoryless,3,0.1,0.9998986828774062,936,0.10005344735435596,False,False,0.00043310226964433387,0.0432923570283271,0.0,-2.6723677177979688e-05,0.00010689470871191875,0.006310864928038369,0.00631422991260612,0.006310864928038369,0.00010689470871191876,0.0048657363629303774,0.0049191551663491815,0.0,0.00010683760683760715,20
ad_memoryless_r2,ad_memoryless,3,0.2,0.9998986828774062,1871,0.2,False,False,-0.00010131712259374137,0.0432923570283271,0.0,-2.6723677177979688e-05,0.00010689470871191875,0.004208492429795854,0.004210736418891049,0.004208492429795854,0.00010689470871191876,0.0037413148049171606,0.0037680384820951403,0.05,0.0002672367717797969,20
ad_memoryless_r2,ad_memoryless,3,0.3,0.9998986828774062,2807,0.30005344735435596,False,False,7.682267481895037e-05,0.0432923570283271,0.0,-2.6723677177979688e-05,0.00010689470871191875,0.0032138801973875374,0.003215593854293545,0.0032138801973875374,0.00010689470871191876,0.0031179781324728946,0.0030912592154796635,0.05,0.0001959387246170282,20
ad_memoryless_r2,ad_memoryless,3,0.5,0.9998986828774062,4678,0.500053447354356,False,False,5.566755853827596e-06,0.0432923570283271,0.0,-2.6723677177979688e-05,0.00010689470871191875,0.0021040212941325046,0.002105143168751231,0.0021040212941325046,0.00010689470871191876,0.0012807485097465431,0.0013074693306101607,0.05,0.000181701581872595,20
ad_memoryless_r2,ad_memoryless,5,0.01,1.0,94,0.010048102618920363,False,False,0.0048102618920362866,0.0432923570283271,0.0,0.0,0.0,0.020886302801398485,0.020886302801398485,0.020886302801398485,0.0,0.014213869019866496,0.014213869019866496,0.0,0.0,20
ad_memoryless_r2,ad_memoryless,5,0.02,1.0,187,0.019989310529128806,False,False,-0.0005344735435595874,0.0432923570283271,0.0,0.0,0.0,0.014733741761038168,0.014733741761038168,0.014733741761038168,0.0,0.009995369801387344,0.009995369801387344,0.0,0.0,20
ad_memoryless_r2,ad_memoryless,5,0.05,1.0,468,0.05002672367717798,False,False,0.000534473543559645,0.0432923570283271,0.0,0.0,0.0,0.00916961746272993,0.00916961746272993,0.00916961746272993,0.0,0.006888713015116008,0.006888713015116008,0.0,0.0,20
ad_memoryless_r2,ad_memoryless,5,0.1,1.0,935,0.09994655264564405,False,False,-0.000534473543559645,0.0432923570283271,0.0,0.0,0.0,0.006314613808449589,0.006314613808449589,0.006314613808449589,0.0,0.004010695187165776,0.004010695187165776,0.0,0.0,20
ad_memoryless_r2,ad_memoryless,5,0.2,1.0,1871,0.2,False,False,0.0,0.0432923570283271,0.0,0.0,0.0,0.004208492429795854,0.004208492429795854,0.004208492429795854,0.0,0.003928380545163016,0.003928380545163016,0.0,0.0,20
ad_memoryless_r2,ad_memoryless,5,0.3,1.0,2806,0.299946552645644,False,False,-0.000178157847853215,0.0432923570283271,0.0,0.0,0.0,0.0032146982700357366,0.0032146982700357366,0.0032146982700357366,0.0,0.0026565677960452,0.0026565677960452,0.0,0.0,20
ad_memoryless_r2,ad_memoryless,5,0.5,1.0,4677,0.499946552645644,False,False,-0.00010689470871192901,0.0432923570283271,0.0,0.0,0.0,0.0021044711597074744,0.0021044711597074744,0.0021044711597074744,0.0,0.001324710447786438,0.001324710447786438,0.0,0.0,20
ad_memoryless_r2,ad_memoryless,10,0.01,1.0,94,0.010048102618920363,False,False,0.0048102618920362866,0.0432923570283271,0.0,0.0,0.0,0.020886302801398485,0.020886302801398485,0.020886302801398485,0.0,0.014583451789349194,0.014583451789349194,0.0,0.0,20
ad_memoryless_r2,ad_memoryless,10,0.02,1.0,187,0.019989310529128806,False,False,-0.0005344735435595874,0.0432923570283271,0.0,0.0,0.0,0.014733741761038168,0.014733741761038168,0.014733741761038168,0.0,0.012020510064965687,0.012020510064965687,0.0,0.0,20
ad_memoryless_r2,ad_memoryless,10,0.05,1.0,468,0.05002672367717798,False,False,0.000534473543559645,0.0432923570283271,0.0,0.0,0.0,0.00916961746272993,0.00916961746272993,0.00916961746272993,0.0,0.006038637412234418,0.006038637412234418,0.0,0.0,20
ad_memoryless_r2,ad_memoryless,10,0.1,1.0,935,0.09994655264564405,False,False,-0.000534473543559645,0.0432923570283271,0.0,0.0,0.0,0.006314613808449589,0.006314613808449589,0.006314613808449589,0.0,0.005719610034383514,0.005719610034383514,0.0,0.0,20
ad_memoryless_r2,ad_memoryless,10,0.2,1.0,1871,0.2,False,False,0.0,0.0432923570283271,0.0,0.0,0.0,0.004208492429795854,0.004208492429795854,0.004208492429795854,0.0,0.003260288615713523,0.003260288615713523,0.05,0.0,20
ad_memoryless_r2,ad_memoryless,10,0.3,1.0,2806,0.299946552645644,False,False,-0.000178157847853215,0.0432923570283271,0.0,0.0,0.0,0.0032146982700357366,0.0032146982700357366,0.0032146982700357366,0.0,0.0030602324636106585,0.0030602324636106585,0.0,0.0,20
ad_memoryless_r2,ad_memoryless,10,0.5,1.0,4677,0.499946552645644,False,False,-0.00010689470871192901,0.0432923570283271,0.0,0.0,0.0,0.0021044711597074744,0.0021044711597074744,0.0021044711597074744,0.0,0.0016249732734658965,0.0016249732734658965,0.0,0.0,20
ad_memoryless_r2,ad_memoryless,20,0.01,1.0,94,0.010048102618920363,False,False,0.0048102618920362866,0.0432923570283271,0.0,0.0,0.0,0.020886302801398485,0.020886302801398485,0.020886302801398485,0.0,0.022724507317738837,0.022724507317738837,0.0,0.0,20
ad_memoryless_r2,ad_memoryless,20,0.02,1.0,187,0.019989310529128806,False,False,-0.0005344735435595874,0.0432923570283271,0.0,0.0,0.0,0.014733741761038168,0.014733741761038168,0.014733741761038168,0.0,0.010581289996198664,0.010581289996198664,0.0,0.0,20
ad_memoryless_r2,ad_memoryless,20,0.05,1.0,468,0.05002672367717798,False,False,0.000534473543559645,0.0432923570283271,0.0,0.0,0.0,0.00916961746272993,0.00916961746272993,0.00916961746272993,0.0,0.006572825446422454,0.006572825446422454,0.0,0.0,20
ad_memoryless_r2,ad_memoryless,20,0.1,1.0,935,0.09994655264564405,False,False,-0.000534473543559645,0.0432923570283271,0.0,0.0,0.0,0.006314613808449589,0.006314613808449589,0.006314613808449589,0.0,0.005080213903743316,0.005080213903743316,0.0,0.0,20
ad_memoryless_r2,ad_memoryless,20,0.2,1.0,1871,0.2,False,False,0.0,0.0432923570283271,0.0,0.0,0.0,0.004208492429795854,0.004208492429795854,0.004208492429795854,0.0,0.0033939070016034225,0.0033939070016034225,0.1,0.0,20
ad_memoryless_r2,ad_memoryless,20,0.3,1.0,2806,0.299946552645644,False,False,-0.000178157847853215,0.0432923570283271,0.0,0.0,0.0,0.0032146982700357366,0.0032146982700357366,0.0032146982700357366,0.0,0.0015866588089278027,0.0015866588089278027,0.0,0.0,20
ad_memoryless_r2,ad_memoryless,20,0.5,1.0,4677,0.499946552645644,False,False,-0.00010689470871192901,0.0432923570283271,0.0,0.0,0.0,0.0021044711597074744,0.0021044711597074744,0.0021044711597074744,0.0,0.0016575079362521731,0.0016575079362521731,0.0,0.0,20
ad_memoryless_r2,ad_memoryless,full,0.01,1.0,94,0.010048102618920363,False,False,0.0048102618920362866,0.0432923570283271,0.0,0.0,0.0,0.020886302801398485,0.020886302801398485,0.020886302801398485,0.0,0.012692040892911972,0.012692040892911972,0.0,0.0,20
ad_memoryless_r2,ad_memoryless,full,0.02,1.0,187,0.019989310529128806,False,False,-0.0005344735435595874,0.0432923570283271,0.0,0.0,0.0,0.014733741761038168,0.014733741761038168,0.014733741761038168,0.0,0.016207838754762387,0.016207838754762387,0.0,0.0,20
ad_memoryless_r2,ad_memoryless,full,0.05,1.0,468,0.05002672367717798,False,False,0.000534473543559645,0.0432923570283271,0.0,0.0,0.0,0.00916961746272993,0.00916961746272993,0.00916961746272993,0.0,0.006038637412234418,0.006038637412234418,0.0,0.0,20
ad_memoryless_r2,ad_memoryless,full,0.1,1.0,935,0.09994655264564405,False,False,-0.000534473543559645,0.0432923570283271,0.0,0.0,0.0,0.006314613808449589,0.006314613808449589,0.006314613808449589,0.0,0.004970946932779235,0.004970946932779235,0.0,0.0,20
ad_memoryless_r2,ad_memoryless,full,0.2,1.0,1871,0.2,False,False,0.0,0.0432923570283271,0.0,0.0,0.0,0.004208492429795854,0.004208492429795854,0.004208492429795854,0.0,0.002805986103687868,0.002805986103687868,0.05,0.0,20
ad_memoryless_r2,ad_memoryless,full,0.3,1.0,2806,0.299946552645644,False,False,-0.000178157847853215,0.0432923570283271,0.0,0.0,0.0,0.0032146982700357366,0.0032146982700357366,0.0032146982700357366,0.0,0.0024776067775664342,0.0024776067775664342,0.0,0.0,20
ad_memoryless_r2,ad_memoryless,full,0.5,1.0,4677,0.499946552645644,False,False,-0.00010689470871192901,0.0432923570283271,0.0,0.0,0.0,0.0021044711597074744,0.0021044711597074744,0.0021044711597074744,0.0,0.0016686613717560035,0.0016686613717560035,0.0,0.0,20
ad_memory_r2,ad_memory,1,0.01,0.20426179604261796,99,0.04918032786885246,False,False,0.00456621004566213,0.7754595131644312,-0.7754595131644312,-0.42374565325385005,-0.2786885245901639,0.0,0.003926017984102161,0.040904046674264824,0.7754595131644312,0.7754595131644313,0.2787423414472595,1.0,0.9934343434343434,20
ad_memory_r2,ad_memory,1,0.02,0.20426179604261796,197,0.09786388474913064,False,False,-0.0005073566717402045,0.7754595131644312,-0.7754595131644312,-0.42374565325385005,-0.2786885245901639,0.0,0.002710963836502921,0.02824474868673296,0.7754595131644312,0.7754595131644313,0.27863210199691857,1.0,0.9936548223350254,20
ad_memory_r2,ad_memory,1,0.05,0.20426179604261796,493,0.24490809736711375,False,False,0.0005073566717402334,0.7754595131644312,-0.7754595131644312,-0.42374565325385005,-0.2786885245901639,0.0,0.0015678237880974587,0.016334702914007935,0.7754595131644312,0.7754595131644313,0.2791613387222405,1.0,0.9925963488843814,20
ad_memory_r2,ad_memory,1,0.1,0.20426179604261796,985,0.48931942374565324,False,False,-0.0005073566717402334,0.7754595131644312,-0.7754595131644312,-0.42374565325385005,-0.2786885245901639,0.0,0.0009121733028512496,0.009503670005062031,0.7754595131644312,0.7754595131644313,0.27875900555021793,1.0,0.9934010152284264,20
ad_memory_r2,ad_memory,1,0.2,0.20426179604261796,1971,0.9791356184798807,False,False,0.0,0.7754595131644312,-0.7754595131644312,-0.42374565325385005,-0.2786885245901639,0.0,0.0001303407597954747,0.001357982705077314,0.7754595131644312,0.7754595131644313,0.27868122802998174,1.0,0.993556570268899,20
ad_memory_r2,ad_memory,1,0.3,0.20426179604261796,2013,1.0,True,True,-0.3191273465246068,0.7754595131644312,-0.7754595131644312,-0.42374565325385005,-0.2786885245901639,0.0,0.0,0.0,0.7754595131644312,0.7754595131644312,0.2786885245901639,1.0,0.9935419771485345,1
ad_memory_r2,ad_memory,1,0.5,0.20426179604261796,2013,1.0,True,True,-0.5914764079147641,0.7754595131644312,-0.7754595131644312,-0.42374565325385005,-0.2786885245901639,0.0,0.0,0.0,0.7754595131644312,0.7754595131644312,0.2786885245901639,1.0,0.9935419771485345,1
ad_memory_r2,ad_memory,2,0.01,0.37950279046169455,53,0.026328862394436166,False,False,-0.0008123251629501802,0.7754595131644312,-0.3055141579731743,-0.3062593144560358,-0.1130153999006458,0.06766438139025442,0.04838346343055846,0.056572192010464706,0.6199701937406855,0.31225196599461985,0.11696894712669534,0.9,0.3905660377358491,20
ad_memory_r2,ad_memory,2,0.02,0.37950279046169455,106,0.05265772478887233,False,False,-0.0008123251629501802,0.7754595131644312,-0.3055141579731743,-0.3062593144560358,-0.1130153999006458,0.047194612949568414,0.03374654113210712,0.039458022829528,0.6199701937406855,0.3226293244851859,0.12121423014556325,1.0,0.40283018867924536,20
ad_memory_r2,ad_memory,2,0.05,0.37950279046169455,265,0.13164431197218082,False,False,-0.0008123251629501801,0.7754595131644312,-0.3055141579731743,-0.3062593144560358,-0.1130153999006458,0.02857707614469731,0.020434058365578857,0.023892449846417016,0.6199701937406855,0.29395007920216704,0.10678026788141233,1.0,0.37433962264150944,20
ad_memory_r2,ad_memory,2,0.1,0.37950279046169455,530,0.26328862394436164,False,False,-0.0008123251629501801,0.7754595131644312,-0.3055141579731743,-0.3062593144560358,-0.1130153999006458,0.018612411920183272,0.01330881821413326,0.01556128821829625,0.6199701937406855,0.30555385278707275,0.11291234335311043,1.0,0.38528301886792454,20
ad_memory_r2,ad_memory,2,0.2,0.37950279046169455,1061,0.5270740188772975,False,False,0.00013030471897149438,0.7754595131644312,-0.3055141579731743,-0.3062593144560358,-0.1130153999006458,0.010539761829096895,0.007536464097466096,0.008811983759983271,0.6199701937406855,0.3018025857374755,0.11122765642550565,1.0,0.3811498586239396,20
ad_memory_r2,ad_memory,2,0.3,0.37950279046169455,1591,0.7903626428216592,False,False,-0.00018390524166902534,0.7754595131644312,-0.3055141579731743,-0.3062593144560358,-0.1130153999006458,0.005730481970751214,0.004097585157428916,0.004791086827382653,0.6199701937406855,0.3051578161185481,0.11320307067543053,1.0,0.3839094908862351,20
ad_memory_r2,ad_memory,2,0.5,0.37950279046169455,2013,1.0,True,True,-0.24099441907661084,0.7754595131644312,-0.3055141579731743,-0.3062593144560358,-0.1130153999006458,0.0,0.0,0.0,0.6199701937406855,0.3055141579731743,0.1130153999006458,1.0,0.3849975161450571,1
ad_memory_r2,ad_memory,3,0.01,0.5234906139015728,38,0.018877297565822158,False,False,-0.0117911908465093,0.7754595131644312,-0.1008445106805762,-0.21187282662692497,-0.04123199205166417,0.07530165538388349,0.06535144342263517,0.06706634790983944,0.47590660705414806,0.10720971579470284,0.06355890658090832,0.5,0.11710526315789474,20
ad_memory_r2,ad_memory,3,0.02,0.5234906139015728,77,0.03825136612021858,False,False,0.0012115566423523982,0.7754595131644312,-0.1008445106805762,-0.21187282662692497,-0.04123199205166417,0.05237452361794923,0.04545385754877358,0.046646624229794376,0.47590660705414806,0.10440706834149456,0.04671776311120573,0.75,0.13246753246753248,20
ad_memory_r2,ad_memory,3,0.05,0.5234906139015728,192,0.09538002980625931,False,False,-0.0013889928554199416,0.7754595131644312,-0.1008445106805762,-0.21187282662692497,-0.04123199205166417,0.03216748672712634,0.027916938587595627,0.028649514346378205,0.47590660705414806,0.09108451316443118,0.03500915921510182,0.8,0.11875000000000002,20
ad_memory_r2,ad_memory,3,0.1,0.5234906139015728,385,0.1912568306010929,False,False,0.0012115566423523405,0.7754595131644312,-0.1008445106805762,-0.21187282662692497,-0.04123199205166417,0.02147877988701486,0.018640616350565752,0.019129769687502855,0.47590660705414806,0.10623873394365195,0.0459789936839117,0.8,0.12051948051948058,20
ad_memory_r2,ad_memory,3,0.2,0.5234906139015728,769,0.3820168902136115,False,False,-8.871810653380058e-05,0.7754595131644312,-0.1008445106805762,-0.21187282662692497,-0.04123199205166417,0.013284945960641894,0.011529499449828425,0.01183204809001472,0.47590660705414806,0.10185743254024393,0.042754701720998156,0.95,0.11820546163849158,20
ad_memory_r2,ad_memory,3,0.3,0.5234906139015728,1154,0.5732737208147044,False,False,0.0003447068097615028,0.7754595131644312,-0.1008445106805762,-0.21187282662692497,-0.04123199205166417,0.009011694268558537,0.007820906793236776,0.008026137274023409,0.47590660705414806,0.09889972113670151,0.039887589420930326,1.0,0.11802426343154246,20
ad_memory_r2,ad_memory,3,0.5,0.5234906139015728,1923,0.9552906110283159,False,False,0.00017133684324333533,0.7754595131644312,-0.1008445106805762,-0.21187282662692497,-0.04123199205166417,0.002259666694233531,0.0019610788019119884,0.0020125399887049216,0.47590660705414806,0.10101853552532562,0.04130714706978739,1.0,0.11942277691107646,20
ad_memory_r2,ad_memory,5,0.01,0.7341451040081177,27,0.013412816691505217,False,False,-0.015304629497308547,0.7754595131644312,-0.008445106805762492,-0.08991554893194237,-0.0037257824143069884,0.0808276675063938,0.07971132604229052,0.07978488912640254,0.24540486835568803,0.06990671744770105,0.06620301374399735,0.0,0.007407407407407407,20
ad_memory_r2,ad_memory,5,0.02,0.7341451040081177,55,0.0273224043715847,False,False,0.0029304699564450007,0.7754595131644312,-0.008445106805762492,-0.08991554893194237,-0.0037257824143069884,0.056231193993349714,0.05545456372097614,0.05550574099951291,0.24540486835568803,0.030273224043715834,0.026818181818181824,0.25,0.011818181818181821,20
ad_memory_r2,ad_memory,5,0.05,0.7341451040081177,137,0.06805762543467461,False,False,-0.0007165499343057665,0.7754595131644312,-0.008445106805762492,-0.08991554893194237,-0.0037257824143069884,0.03487453612985595,0.03439287073081364,0.03442461083310578,0.24540486835568803,0.024973620372687032,0.024635036496350377,0.2,0.009854014598540151,20
ad_memory_r2,ad_memory,5,0.1,0.7341451040081177,274,0.13611525086934922,False,False,-0.0007165499343057665,0.7754595131644312,-0.008445106805762492,-0.08991554893194237,-0.0037257824143069884,0.023742520183416528,0.023414603263867163,0.023436211867247262,0.24540486835568803,0.013138686131386862,0.01388619955689479,0.15,0.007299270072992687,20
ad_memory_r2,ad_memory,5,0.2,0.7341451040081177,548,0.27223050173869845,False,False,-0.0007165499343057665,0.7754595131644312,-0.008445106805762492,-0.08991554893194237,-0.0037257824143069884,0.015409226517044846,0.01519640386582364,0.015210428150593269,0.24540486835568803,0.01322113379819494,0.012782515836841552,0.15,0.009489051094890493,20
ad_memory_r2,ad_memory,5,0.3,0.7341451040081177,823,0.40884252359662193,False,False,0.0004991233626112041,0.7754595131644312,-0.008445106805762492,-0.08991554893194237,-0.0037257824143069884,0.011332503695862074,0.011175986204289107,0.011186300171626005,0.24540486835568803,0.01576173463012894,0.012912016606516936,0.15,0.00905224787363305,20
ad_memory_r2,ad_memory,5,0.5,0.7341451040081177,1371,0.6810730253353204,False,False,1.2854043844461979e-05,0.7754595131644312,-0.008445106805762492,-0.08991554893194237,-0.0037257824143069884,0.006449129428108708,0.006360058064180052,0.006365927562400221,0.24540486835568803,0.008963890075559172,0.005100653194063521,0.45,0.009409190371991245,20
ad_memory_r2,ad_memory,10,0.01,0.9465246067985794,21,0.010432190760059613,False,False,-0.0125674742786802,0.7754595131644312,0.0,-0.00856929955290612,0.0,0.09060411560463517,0.09060411560463517,0.09060411560463517,0.030799801291604572,0.07142857142857142,0.07142857142857142,0.0,0.0,20
ad_memory_r2,ad_memory,10,0.02,0.9465246067985794,43,0.02136115250869349,False,False,0.01094282395277984,0.7754595131644312,0.0,-0.00856929955290612,0.0,0.06296682440379493,0.06296682440379493,0.06296682440379493,0.030799801291604572,0.05689702977160087,0.05689702977160087,0.0,0.0,20
ad_memory_r2,ad_memory,10,0.05,0.9465246067985794,106,0.05265772478887233,False,False,-0.003163354986096184,0.7754595131644312,0.0,-0.00856929955290612,0.0,0.039458022829528,0.039458022829528,0.039458022829528,0.030799801291604572,0.03387158001293483,0.03387158001293483,0.0,0.0,20
ad_memory_r2,ad_memory,10,0.1,0.9465246067985794,213,0.10581222056631892,False,False,0.001538704660195824,0.7754595131644312,0.0,-0.00856929955290612,0.0,0.027043279497004056,0.027043279497004056,0.027043279497004056,0.030799801291604572,0.01948356807511737,0.01948356807511737,0.0,0.0,20
ad_memory_r2,ad_memory,10,0.2,0.9465246067985794,425,0.21112767014406358,False,False,-0.0008123251629501801,0.7754595131644312,0.0,-0.00856929955290612,0.0,0.01798223586757687,0.01798223586757687,0.01798223586757687,0.030799801291604572,0.014536746442243065,0.014536746442243065,0.0,0.0,20
ad_memory_r2,ad_memory,10,0.3,0.9465246067985794,638,0.31693989071038253,False,False,-2.8648555234845467e-05,0.7754595131644312,0.0,-0.00856929955290612,0.0,0.013656956169130909,0.013656956169130909,0.013656956169130909,0.030799801291604572,0.010700704044401044,0.010700704044401044,0.0,0.0,20
ad_memory_r2,ad_memory,10,0.5,0.9465246067985794,1063,0.5280675608544461,False,False,-0.0003421191983209332,0.7754595131644312,0.0,-0.00856929955290612,0.0,0.008794437690682042,0.008794437690682042,0.008794437690682042,0.030799801291604572,0.006444026340545622,0.006444026340545622,0.0,0.0,20
ad_memory_r2,ad_memory,20,0.01,0.9988838153221715,20,0.009935419771485345,False,False,-0.007566999183138096,0.7754595131644312,0.0,0.0,0.0,0.09286489186772841,0.09286489186772841,0.09286489186772841,0.0,0.07736214605067065,0.07736214605067065,0.0,0.0,20
ad_memory_r2,ad_memory,20,0.02,0.9988838153221715,40,0.01987083954297069,False,False,-0.007566999183138096,0.7754595131644312,0.0,0.0,0.0,0.06533508385227309,0.06533508385227309,0.06533508385227309,0.0,0.04375,0.04375,0.0,0.0,20
ad_memory_r2,ad_memory,20,0.05,0.9988838153221715,101,0.050173869846000994,False,False,0.002357330825030517,0.7754595131644312,0.0,0.0,0.0,0.04047586725609527,0.04047586725609527,0.04047586725609527,0.0,0.030198019801980218,0.030198019801980218,0.0,0.0,20
ad_memory_r2,ad_memory,20,0.1,0.9988838153221715,202,0.10034773969200199,False,False,0.002357330825030517,0.7754595131644312,0.0,0.0,0.0,0.027854569216694627,0.027854569216694627,0.027854569216694627,0.0,0.01905940594059407,0.01905940594059407,0.0,0.0,20
ad_memory_r2,ad_memory,20,0.2,0.9988838153221715,403,0.20019870839542972,False,False,-0.00012375167701161464,0.7754595131644312,0.0,0.0,0.0,0.01859402115791289,0.01859402115791289,0.01859402115791289,0.0,0.010424363227113093,0.010424363227113093,0.0,0.0,20
ad_memory_r2,ad_memory,20,0.3,0.9988838153221715,605,0.3005464480874317,False,False,0.0007032758236690574,0.7754595131644312,0.0,0.0,0.0,0.014191769405754479,0.014191769405754479,0.014191769405754479,0.0,0.010801156121573407,0.010801156121573407,0.0,0.0,20
ad_memory_r2,ad_memory,20,0.5,0.9988838153221715,1008,0.5007451564828614,False,False,0.0003724648233966963,0.7754595131644312,0.0,0.0,0.0,0.009288929584369932,0.009288929584369932,0.009288929584369932,0.0,0.008118731223239417,0.008118731223239417,0.0,0.0,20
ad_memory_r2,ad_memory,full,0.01,1.0,20,0.009935419771485345,False,False,-0.006458022851465445,0.7754595131644312,0.0,0.0,0.0,0.09286489186772841,0.09286489186772841,0.09286489186772841,0.0,0.0825,0.0825,0.0,0.0,20
ad_memory_r2,ad_memory,full,0.02,1.0,40,0.01987083954297069,False,False,-0.006458022851465445,0.7754595131644312,0.0,0.0,0.0,0.06533508385227309,0.06533508385227309,0.06533508385227309,0.0,0.04393380526577248,0.04393380526577248,0.0,0.0,20
ad_memory_r2,ad_memory,full,0.05,1.0,101,0.050173869846000994,False,False,0.003477396920019908,0.7754595131644312,0.0,0.0,0.0,0.04047586725609527,0.04047586725609527,0.04047586725609527,0.0,0.030516248346146097,0.030516248346146097,0.0,0.0,20
ad_memory_r2,ad_memory,full,0.1,1.0,201,0.09985096870342772,False,False,-0.0014903129657227682,0.7754595131644312,0.0,0.0,0.0,0.027931481648186554,0.027931481648186554,0.027931481648186554,0.0,0.016615877393954225,0.016615877393954225,0.0,0.0,20
ad_memory_r2,ad_memory,full,0.2,1.0,403,0.20019870839542972,False,False,0.0009935419771485122,0.7754595131644312,0.0,0.0,0.0,0.01859402115791289,0.01859402115791289,0.01859402115791289,0.0,0.02332758903356471,0.02332758903356471,0.0,0.0,20
ad_memory_r2,ad_memory,full,0.3,1.0,604,0.30004967709885744,False,False,0.00016559032952471358,0.7754595131644312,0.0,0.0,0.0,0.014208555666401185,0.014208555666401185,0.014208555666401185,0.0,0.01396979237604577,0.01396979237604577,0.0,0.0,20
ad_memory_r2,ad_memory,full,0.5,1.0,1006,0.49975161450571287,False,False,-0.0004967709885743253,0.7754595131644312,0.0,0.0,0.0,0.009307405828783635,0.009307405828783635,0.009307405828783635,0.0,0.007035333947630668,0.007035333947630668,0.0,0.0,20
