graph_id,stratum,draw,M_obs,volume_ratio,at_cap_share,lost_share,lost_share_reservoir,covers_truth_2,covers_truth_all,width_2,selection_2,history_2,total_2,mid_error_2,history_reservoir_2,total_reservoir_2,selection_3,history_3,total_3,mid_error_3,history_reservoir_3,total_reservoir_3,selection_4,history_4,total_4,mid_error_4,history_reservoir_4,total_reservoir_4,selection_5,history_5,total_5,mid_error_5,history_reservoir_5,total_reservoir_5,AE2_plugin,ProfileAE_plugin,AE2_midpoint,ProfileAE_midpoint,AE2_median,ProfileAE_median,AE2_extratrees_pooled,ProfileAE_extratrees_pooled,AE2_extratrees_real_only,ProfileAE_extratrees_real_only,AE2_plugin_reservoir,ProfileAE_plugin_reservoir
sp_hospital,real,1,3239,0.9990746452806909,0.6317073170731707,0.3024390243902439,0.17073170731707318,True,True,0.46951219512195125,0.010970256322405225,-0.2634146341463415,-0.25244437782393625,-0.0176882802629606,-0.05609756097560975,-0.045127304653204525,0.005333090644339289,-0.15000000000000002,-0.14466690935566073,0.09130870040043684,-0.09512195121951221,-0.08978886057517292,0.0019068930812222995,-0.0475609756097561,-0.0456540825285338,0.133614210154393,-0.04390243902439024,-0.04199554594316794,0.0005867363326837842,-0.014634146341463415,-0.014047410008779631,0.09083063877170817,-0.014634146341463415,-0.014047410008779631,0.25244437782393625,0.1142031949292276,0.0176882802629606,0.08336045739737466,0.15500095930926444,0.056060465676110977,0.015632653747673197,0.014583764113374413,0.01592591945292915,0.06360367053315534,0.045127304653204525,0.04773978029508126
sp_hospital,real,2,3239,0.9990746452806909,0.6353658536585366,0.2951219512195122,0.16951219512195123,True,True,0.4682926829268293,0.0012141587614296068,-0.2597560975609756,-0.258541938799546,-0.024395597336131336,-0.06951219512195123,-0.06829803636052162,0.006552602839461241,-0.15487804878048783,-0.1483254459410266,0.08886967601019294,-0.08170731707317075,-0.07515471423370951,0.006784941861710102,-0.049999999999999996,-0.043215058138289894,0.13300445405683203,-0.04390243902439024,-0.03711749716268014,0.0018062485278057348,-0.015853658536585366,-0.014047410008779631,0.0902208826741472,-0.014634146341463415,-0.01282789781365768,0.258541938799546,0.11603246322191053,0.024395597336131336,0.08412265251932588,0.15500095930926444,0.056060465676110977,0.009584817491006703,0.01294053356870281,0.015456898652643936,0.06259001747349752,0.06829803636052162,0.04834953639264224
sp_hospital,real,3,3248,1.0018507094386182,0.6390243902439025,0.2939024390243902,0.15121951219512195,True,True,0.4841463414634147,-0.01341998758003382,-0.25365853658536586,-0.2670785241653997,-0.025005353433692312,-0.06341463414634146,-0.07683462172637529,-0.005642519111758282,-0.13658536585365855,-0.14222788496541683,0.09984528576629051,-0.08048780487804878,-0.08613032398980706,-0.005410180089509407,-0.036585365853658534,-0.04199554594316794,0.14093128332512472,-0.03170731707317073,-0.03711749716268014,-0.005510824642925972,-0.00853658536585366,-0.014047410008779631,0.09083063877170817,-0.00853658536585366,-0.014047410008779631,0.2670785241653997,0.11633734127069102,0.025005353433692312,0.08915314032420393,0.15500095930926444,0.056060465676110977,0.0187501817581171,0.018248444050947055,0.021812649990604893,0.061537923846404254,0.07683462172637529,0.053532463221910534
sp_hospital,real,4,3217,0.9922887106724244,0.6182926829268293,0.2841463414634146,0.1548780487804878,True,True,0.4634146341463415,-0.015859011970277725,-0.2426829268292683,-0.258541938799546,-0.02683462172637524,-0.05609756097560975,-0.07195657294588748,-0.010520567892246091,-0.13902439024390242,-0.14954495813614851,0.08582089552238806,-0.09024390243902439,-0.10076447033127048,-0.004190667894387455,-0.04024390243902439,-0.044434570333411846,0.1311751857641491,-0.03780487804878049,-0.04199554594316794,0.0018062485278057348,-0.015853658536585366,-0.014047410008779631,0.08900137047902525,-0.015853658536585366,-0.014047410008779631,0.258541938799546,0.11664221931947151,0.02683462172637524,0.08320801837298442,0.15500095930926444,0.056060465676110977,0.005903040613057908,0.008738699353094029,0.02135426126606893,0.06141334846128171,0.07195657294588748,0.05719099980727638
sp_hospital,real,5,3278,1.0111042566317088,0.6475609756097561,0.2951219512195122,0.18048780487804877,True,True,0.4829268292682927,0.0012141587614296068,-0.25609756097560976,-0.25488340221418015,-0.013419987580033765,-0.07682926829268294,-0.07561510953125333,-0.006862031306880234,-0.13902439024390245,-0.14588642155078269,0.09984528576629051,-0.1,-0.10686203130688024,-0.0029711556992655028,-0.041463414634146344,-0.044434570333411846,0.1366629906421979,-0.03658536585365854,-0.039556521552924044,0.0005867363326837842,-0.014634146341463415,-0.014047410008779631,0.08961112657658622,-0.014634146341463415,-0.014047410008779631,0.25488340221418015,0.11481295102678858,0.013419987580033765,0.0848848476412771,0.15500095930926444,0.056060465676110977,0.02430626703865013,0.019110975052009687,0.014304355207537256,0.06465511704721756,0.07561510953125333,0.05902026809995931
sp_hospital,real,6,3251,1.0027760641579273,0.6378048780487805,0.2951219512195122,0.1573170731707317,True,True,0.4695121951219513,0.010970256322405225,-0.25121951219512195,-0.24024925587271675,-0.005493158311741131,-0.06463414634146342,-0.05366389001905819,0.005333090644339289,-0.14390243902439026,-0.13856934838005097,0.10472333454677832,-0.08536585365853659,-0.0800327630141973,-0.0005321313090216051,-0.04146341463414634,-0.04199554594316794,0.13788250283731984,-0.036585365853658534,-0.03711749716268014,-0.0042913124478040215,-0.00975609756097561,-0.014047410008779631,0.09448917535707403,-0.00853658536585366,-0.01282789781365768,0.24024925587271675,0.10871539005117882,0.005493158311741131,0.08564704276322833,0.15500095930926444,0.056060465676110977,0.044510725503686455,0.030809594998593672,0.0014916721527004628,0.0700403317952227,0.05366389001905819,0.04591051200239833
sp_hospital,real,7,3249,1.002159161011721,0.6317073170731707,0.29634146341463413,0.174390243902439,True,True,0.4682926829268293,0.007311719737039368,-0.25121951219512195,-0.24390779245808258,-0.009761450994667908,-0.07073170731707318,-0.06341998758003381,0.0004550418638514797,-0.1451219512195122,-0.14466690935566073,0.09435748088824172,-0.0951219512195122,-0.09466690935566072,-0.0005321313090216051,-0.04268292682926829,-0.043215058138289894,0.13300445405683203,-0.036585365853658534,-0.03711749716268014,-0.0006327758624381681,-0.013414634146341463,-0.014047410008779631,0.08961112657658622,-0.013414634146341463,-0.014047410008779631,0.24390779245808258,0.11145929249020321,0.009761450994667908,0.08168362812908198,0.15500095930926444,0.056060465676110977,0.020552609769951824,0.01599922633290159,0.011141400268823098,0.06483984353967202,0.06341998758003381,0.052312951026788575
sp_hospital,real,8,3285,1.01326341764343,0.6451219512195122,0.2890243902439024,0.16097560975609757,True,True,0.47439024390243906,0.0012141587614296068,-0.25,-0.2487858412385704,-0.011590719287350837,-0.0548780487804878,-0.05366389001905819,0.007772115034583166,-0.14878048780487804,-0.14100837277029488,0.09862577357116856,-0.09512195121951218,-0.08734983618492902,0.010443478447075959,-0.0524390243902439,-0.04199554594316794,0.14215079552024668,-0.045121951219512194,-0.03467847277243624,0.0005867363326837842,-0.014634146341463415,-0.014047410008779631,0.09997698023512282,-0.014634146341463415,-0.014047410008779631,0.2487858412385704,0.11145929249020321,0.011590719287350837,0.08808606715347223,0.15500095930926444,0.056060465676110977,0.03753540312144077,0.02916655370730909,0.008737164659247065,0.06715373530101809,0.05366389001905819,0.04743490224630077
sp_hospital,real,9,3264,1.0067859346082666,0.6378048780487805,0.2926829268292683,0.15,True,True,0.47439024390243906,0.00853123193216132,-0.2524390243902439,-0.24390779245808258,-0.006712670506863028,-0.05975609756097561,-0.05122486562881429,0.001674554058973432,-0.14634146341463417,-0.14466690935566073,0.10106479796141246,-0.07439024390243903,-0.0727156898434656,-0.0029711556992655028,-0.04024390243902439,-0.043215058138289894,0.14519957600805156,-0.03536585365853659,-0.03833700935780209,0.0005867363326837842,-0.014634146341463415,-0.014047410008779631,0.09692819974731794,-0.014634146341463415,-0.014047410008779631,0.24390779245808258,0.11145929249020321,0.006712670506863028,0.08747631105591125,0.15500095930926444,0.056060465676110977,0.03854785508798736,0.028459580986962364,0.0074300260895321935,0.06730383098874927,0.05122486562881429,0.044081243709715404
sp_hospital,real,10,3266,1.0074028377544726,0.6426829268292683,0.2914634146341463,0.18048780487804877,True,True,0.46463414634146344,-5.353433692345533e-06,-0.24634146341463414,-0.2463468168483265,-0.014029743677594742,-0.07926829268292684,-0.07927364611661919,0.0028940662540953843,-0.14634146341463417,-0.14344739716053878,0.09923552966872953,-0.08658536585365854,-0.08369129959956316,0.004345917471466204,-0.04878048780487805,-0.044434570333411846,0.1391020150324418,-0.04024390243902439,-0.03589798496755819,0.004245272918049636,-0.018292682926829267,-0.014047410008779631,0.09631844364975696,-0.018292682926829267,-0.014047410008779631,0.2463468168483265,0.11206904858776419,0.014029743677594742,0.08717143300713076,0.15500095930926444,0.056060465676110977,0.028732152057132587,0.022257396888630994,0.009750809102713809,0.06588593298763167,0.07927364611661919,0.053227585173130046
sp_hospital,real,11,3240,0.999383096853794,0.6329268292682927,0.29878048780487804,0.15,True,True,0.475609756097561,-0.007322426604424059,-0.2548780487804878,-0.26220047538491187,-0.024395597336131336,-0.06707317073170732,-0.07439559733613138,-0.010520567892246091,-0.13658536585365855,-0.14710593374590464,0.09618674918092465,-0.07804878048780488,-0.08856934838005097,-0.009068716674875264,-0.03292682926829268,-0.04199554594316794,0.13605323454463691,-0.03170731707317073,-0.040776033748045996,0.0005867363326837842,-0.014634146341463415,-0.014047410008779631,0.08595258999122038,-0.014634146341463415,-0.014047410008779631,0.26220047538491187,0.11633734127069102,0.024395597336131336,0.08564704276322832,0.15500095930926444,0.056060465676110977,0.01100523433497369,0.011820080235134615,0.020609646455775288,0.060801991814112354,0.07439559733613138,0.054447097368252
sp_hospital,real,12,3231,0.9966070326958667,0.6280487804878049,0.2926829268292683,0.15365853658536585,True,True,0.4658536585365854,-0.0036638900190582024,-0.25853658536585367,-0.26220047538491187,-0.029273646116619145,-0.07073170731707318,-0.07439559733613138,-0.0044230069166363295,-0.1426829268292683,-0.14710593374590464,0.08643065161994903,-0.07926829268292683,-0.08369129959956316,-0.0029711556992655028,-0.03902439024390244,-0.04199554594316794,0.133614210154393,-0.03414634146341464,-0.03711749716268014,0.0018062485278057348,-0.015853658536585366,-0.014047410008779631,0.0877818582839033,-0.015853658536585366,-0.014047410008779631,0.26220047538491187,0.11633734127069102,0.029273646116619145,0.08427509154371612,0.15500095930926444,0.056060465676110977,9.686660728630558e-05,0.005783685357909959,0.022888946649659125,0.060869056241642974,0.07439559733613138,0.05231295102678858
sp_hospital,real,13,3264,1.0067859346082666,0.6451219512195122,0.3,0.16341463414634147,True,True,0.48780487804878053,0.00853123193216132,-0.2646341463414634,-0.2561029144093021,-0.012200475384911813,-0.07195121951219513,-0.06341998758003381,-0.003203494721514377,-0.1353658536585366,-0.13856934838005097,0.10594284674190027,-0.07439024390243903,-0.07759373862395341,0.0055654296665881495,-0.04756097560975609,-0.04199554594316794,0.14215079552024668,-0.045121951219512194,-0.039556521552924044,0.0005867363326837842,-0.014634146341463415,-0.014047410008779631,0.09692819974731794,-0.014634146341463415,-0.014047410008779631,0.2561029144093021,0.11267880468532517,0.012200475384911813,0.08930557934859418,0.15500095930926444,0.056060465676110977,0.04133020569191109,0.032026158099892926,0.009010723824814826,0.06773405453142835,0.06341998758003381,0.048654414441422725
sp_hospital,real,14,3231,0.9966070326958667,0.6219512195121951,0.2865853658536585,0.16463414634146342,True,True,0.4634146341463415,-0.0036638900190582024,-0.24878048780487805,-0.25244437782393625,-0.02073706075076548,-0.06463414634146342,-0.06829803636052162,-0.005642519111758282,-0.13902439024390245,-0.14466690935566073,0.09374772479068075,-0.09268292682926829,-0.09832544594102657,0.0019068930812222995,-0.04390243902439024,-0.04199554594316794,0.13971177113000277,-0.042682926829268296,-0.040776033748045996,0.0005867363326837842,-0.014634146341463415,-0.014047410008779631,0.09144039486926915,-0.014634146341463415,-0.014047410008779631,0.25244437782393625,0.11328856078288614,0.02073706075076548,0.08640923788517954,0.15500095930926444,0.056060465676110977,0.019619150585488854,0.01796058026464701,0.011650649697390436,0.06513553529375506,0.06829803636052162,0.055361731514593455
sp_hospital,real,15,3218,0.9925971622455274,0.6231707317073171,0.29024390243902437,0.17560975609756097,True,True,0.45975609756097563,0.0012141587614296068,-0.24878048780487805,-0.24756632904344844,-0.0176882802629606,-0.07317073170731708,-0.07195657294588748,0.004113578449217337,-0.14390243902439026,-0.13978886057517292,0.09618674918092465,-0.08902439024390245,-0.08491081179468511,0.003126405276344252,-0.045121951219512194,-0.04199554594316794,0.14215079552024668,-0.04024390243902439,-0.03711749716268014,0.0018062485278057348,-0.015853658536585366,-0.014047410008779631,0.09144039486926915,-0.015853658536585366,-0.014047410008779631,0.24756632904344844,0.11084953639264224,0.0176882802629606,0.08686655495835027,0.15500095930926444,0.056060465676110977,0.02334466079812697,0.020013656028129233,0.008367700530702404,0.06558834421002172,0.07195657294588748,0.052008072978008094
sp_hospital,real,16,3265,1.0070943861813695,0.6426829268292683,0.30365853658536585,0.18414634146341463,True,True,0.47682926829268296,0.00853123193216132,-0.2634146341463415,-0.25488340221418015,-0.016468768067838646,-0.07560975609756099,-0.06707852416539967,0.0004550418638514797,-0.14756097560975612,-0.14710593374590464,0.09862577357116856,-0.0975609756097561,-0.09710593374590462,-0.0005321313090216051,-0.04390243902439024,-0.044434570333411846,0.13727274673975887,-0.04146341463414634,-0.04199554594316794,-0.0018522880575601187,-0.012195121951219513,-0.014047410008779631,0.08900137047902525,-0.012195121951219513,-0.014047410008779631,0.25488340221418015,0.11511782907556907,0.016468768067838646,0.08534216471444783,0.15500095930926444,0.056060465676110977,0.02042747926236632,0.0157883295688277,0.01785157079817995,0.06254221552220884,0.06707852416539967,0.05505685346581296
sp_hospital,real,17,3238,0.9987661937075879,0.6365853658536585,0.29024390243902437,0.17073170731707318,True,True,0.4731707317073171,0.002433670956551559,-0.2573170731707317,-0.25488340221418015,-0.018298036360521575,-0.06707317073170732,-0.06463949977515576,-0.005642519111758282,-0.1378048780487805,-0.14344739716053878,0.09313796869311977,-0.0878048780487805,-0.09344739716053878,-0.00662969228463136,-0.036585365853658534,-0.043215058138289894,0.1311751857641491,-0.032926829268292684,-0.039556521552924044,-0.0018522880575601187,-0.012195121951219513,-0.014047410008779631,0.08168429730829355,-0.012195121951219513,-0.014047410008779631,0.25488340221418015,0.11389831688044712,0.018298036360521575,0.081073872031521,0.15500095930926444,0.056060465676110977,0.009873864182814607,0.00936021126266071,0.012941177967898787,0.06362063779098094,0.06463949977515576,0.05292270712434956
sp_hospital,real,18,3259,1.0052436767427513,0.6390243902439025,0.29024390243902437,0.15609756097560976,True,True,0.47926829268292687,0.0012141587614296068,-0.2524390243902439,-0.2512248656288143,-0.011590719287350837,-0.06585365853658537,-0.06463949977515576,-0.010520567892246091,-0.13048780487804879,-0.14100837277029488,0.10106479796141246,-0.07804878048780488,-0.08856934838005097,-0.0017516435041435574,-0.040243902439024384,-0.04199554594316794,0.1391020150324418,-0.03414634146341463,-0.03589798496755819,0.0005867363326837842,-0.014634146341463415,-0.014047410008779631,0.08900137047902525,-0.014634146341463415,-0.014047410008779631,0.2512248656288143,0.11206904858776419,0.011590719287350837,0.08518972569005759,0.15500095930926444,0.056060465676110977,0.032315240589327,0.02363101266852933,0.011735040870113678,0.06653897604410326,0.06463949977515576,0.05078856078288614
sp_hospital,real,19,3196,0.9858112276372609,0.6146341463414634,0.2682926829268293,0.15121951219512195,True,True,0.4548780487804878,-0.017078524165399678,-0.23292682926829267,-0.25000535343369235,-0.022566329043448408,-0.05975609756097561,-0.07683462172637529,-0.006862031306880234,-0.1378048780487805,-0.14466690935566073,0.0846013833272661,-0.08048780487804878,-0.08734983618492902,-0.004190667894387455,-0.04024390243902439,-0.044434570333411846,0.13239469795927106,-0.03170731707317073,-0.03589798496755819,-0.0018522880575601187,-0.012195121951219513,-0.014047410008779631,0.08900137047902525,-0.012195121951219513,-0.014047410008779631,0.25000535343369235,0.11328856078288614,0.022566329043448408,0.08214094520225271,0.15500095930926444,0.056060465676110977,0.00736294652497399,0.010598758192319173,0.014215052043464793,0.06358465119953484,0.07683462172637529,0.053532463221910534
sp_hospital,real,20,3245,1.000925354719309,0.6304878048780488,0.2865853658536585,0.15609756097560976,True,True,0.46707317073170734,-0.0036638900190582024,-0.2475609756097561,-0.2512248656288143,-0.0176882802629606,-0.06097560975609756,-0.06463949977515576,0.0004550418638514797,-0.14390243902439026,-0.14344739716053878,0.0974062613760466,-0.08292682926829269,-0.08247178740444121,-0.0005321313090216051,-0.04146341463414634,-0.04199554594316794,0.13239469795927106,-0.032926829268292684,-0.03345896057731429,0.003025760722927687,-0.01707317073170732,-0.014047410008779631,0.08595258999122038,-0.01707317073170732,-0.014047410008779631,0.2512248656288143,0.11267880468532517,0.0176882802629606,0.08336045739737466,0.15500095930926444,0.056060465676110977,0.01695131330072408,0.013778033071916499,0.016506582467451125,0.06232830016867225,0.06463949977515576,0.048654414441422725
sp_highschool2013,real,1,18667,0.9902392446024083,0.4444826400825026,0.2751804743898247,0.21966311447232725,True,True,0.24510140941904435,0.0,-0.18322447576486767,-0.18322447576486767,-0.06067377105534549,-0.06428325885183911,-0.06428325885183911,0.0,-0.20006875214850464,-0.20006875214850464,-0.034032313509797185,-0.12341010656583018,-0.12341010656583018,0.0,-0.12323822619456858,-0.12323822619456858,0.018219319353729807,-0.107081471295978,-0.107081471295978,0.0,-0.05173599174974218,-0.05173599174974218,0.0357511172224132,-0.05070470952217257,-0.05070470952217257,0.18322447576486767,0.13956686146442077,0.06067377105534549,0.03716913028532142,0.19543570347008532,0.1190406722067809,0.031677402500611296,0.02388852149771112,0.033825535419608255,0.025929202638026307,0.06428325885183911,0.08636988655895497
copenhagen_bluetooth,real,1,242543,0.9996496694528249,0.5064490580980936,0.2797278950048085,0.19454658595915597,True,True,0.36114725349323984,0.0007605705611319347,-0.23172766872206824,-0.2309670981609363,-0.05039347141431638,-0.05136618204446458,-0.050605611483332646,-0.000658637698094211,-0.18828138258754315,-0.18894002028563736,0.01941688416647558,-0.09322848899700176,-0.09388712669509597,-0.00010242580261712875,-0.10479719409402048,-0.10489961989663761,0.0615101215753316,-0.08635515076087572,-0.08645757656349284,-2.4326177024303064e-05,-0.04142388414323698,-0.04144821032026128,0.07343270838766427,-0.040603609209707535,-0.04062793538673184,0.2309670981609363,0.14156373716586815,0.05039347141431638,0.051188296385946956,0.15679934307552423,0.0900406131195264,0.005679225098472518,0.013157344706188713,0.023012022056747072,0.008897750098634135,0.050605611483332646,0.06789456253216332
copenhagen_bluetooth,real,2,242730,1.00042039665661,0.5075946144707812,0.28090173672003166,0.1955648582904339,True,True,0.3618402443853595,-7.384704366525385e-05,-0.23234994625784922,-0.23242379330151447,-0.05150367110883469,-0.051946031566442286,-0.05201987861010754,0.00045863333205795054,-0.18908751484980482,-0.18862888151774687,0.01975630827690153,-0.09359619844996322,-0.09313756511790527,-4.5855117546136914e-05,-0.10492447813543022,-0.10497033325297636,0.06205461441913997,-0.08692085761158568,-0.08696671272913181,7.467252184993611e-05,-0.04150874017084347,-0.04143406764899353,0.07387820253259837,-0.04078746393618827,-0.04071279141433833,0.23242379330151447,0.1418642689303078,0.05150367110883469,0.05179819908436864,0.15679934307552423,0.0900406131195264,0.003210651511648843,0.014060255984200767,0.021708251233002296,0.0090859822342463,0.05201987861010754,0.06820923696787073
copenhagen_bluetooth,real,3,242547,0.9996661555962214,0.5068591955648583,0.27903490411268883,0.19481529671324319,True,True,0.36070883068393966,-0.00031427245521703506,-0.231062963172484,-0.23137723562770104,-0.05102282028573124,-0.050998472591503086,-0.05131274504672012,-0.0006869230406297278,-0.1876732477230299,-0.18836017076365963,0.019508811529715925,-0.093214346325734,-0.09390126936636373,-0.000554991283185105,-0.104316343270917,-0.10487133455410211,0.06155254958913488,-0.08703399898172767,-0.08758899026491278,-0.0004910343288600238,-0.040928890648865755,-0.04141992497772578,0.07336199503132554,-0.040363183798155795,-0.04085421812701582,0.23137723562770104,0.14150716648079714,0.05102282028573124,0.0513615441089769,0.15679934307552423,0.0900406131195264,0.004035583203429338,0.013641198770015267,0.0227004809040095,0.009061969684064813,0.05131274504672012,0.06841430570125312
copenhagen_bluetooth,real,4,242422,0.9991509636150815,0.5066470554958421,0.2806188832946767,0.19753068959665102,True,True,0.36134525089098835,0.00015243569661871348,-0.23250551564179442,-0.2323530799451757,-0.05168045449968156,-0.05204503026531654,-0.051892594568697825,0.00014749456416748852,-0.18870566272557562,-0.18855816816140814,0.019508811529715925,-0.09361034112123098,-0.0934628465570635,0.00019457029400560266,-0.1052639022458562,-0.1050693319518506,0.06172226164434784,-0.08778356055891838,-0.08758899026491278,3.224450804668877e-05,-0.04145216948577247,-0.04141992497772578,0.074012557909642,-0.04078746393618826,-0.04075521942814157,0.2323530799451757,0.14185012625904006,0.05168045449968156,0.05173102139584683,0.15679934307552423,0.0900406131195264,0.0035683823177444784,0.01402152065578587,0.020871199854086198,0.008764456738244423,0.051892594568697825,0.06842491270470392
copenhagen_bluetooth,real,5,242528,0.9995878464150881,0.506873338236126,0.2804491712394637,0.1955931436329694,True,True,0.3623493805509984,-0.000427413825358991,-0.2323499462578492,-0.23277736008320818,-0.051602669807708945,-0.05217231430672625,-0.052599728132085244,-0.0003616416014714796,-0.18838038128641738,-0.18874202288788888,0.019544168207885293,-0.09530746167336088,-0.09566910327483236,-0.0004418499130431075,-0.104542626011201,-0.1049844759242441,0.06153133558223324,-0.08646829213101771,-0.08691014204406082,-0.00020818090350504387,-0.041211744074220735,-0.04141992497772578,0.07363777712104663,-0.04054703852463653,-0.04075521942814157,0.23277736008320818,0.14198094596826671,0.051602669807708945,0.051578987679718524,0.15679934307552423,0.0900406131195264,0.004428190661866727,0.013333490955269,0.022473483279304873,0.00894254798582375,0.052599728132085244,0.06898354821978
copenhagen_bluetooth,real,6,242752,1.0005110704452906,0.5071703343327487,0.2795581829495955,0.19794082706341573,True,True,0.3615998189738078,0.00047771713577693387,-0.2319539514623522,-0.23147623432657527,-0.05067632483967138,-0.05333201335068166,-0.05285429621490473,0.00013335189289973015,-0.18829552525881088,-0.18816217336591115,0.020138160401130756,-0.09584488318153533,-0.0957115312886356,6.728625259586063e-05,-0.10493862080669797,-0.10487133455410211,0.06202632907660445,-0.08569044521129152,-0.08562315895869566,4.63871793144402e-05,-0.04148045482830797,-0.04143406764899353,0.07372263314865313,-0.04073089325111727,-0.04068450607180283,0.23147623432657527,0.1414859524738955,0.05067632483967138,0.051640861866514925,0.15679934307552423,0.0900406131195264,0.003889370212013188,0.014194287802986278,0.02212332952058299,0.00904419457102773,0.05285429621490473,0.0687183731335097
copenhagen_bluetooth,real,7,242761,1.0005481642679328,0.5072410476890875,0.279982463087628,0.19569214233184365,True,True,0.3608502573966171,0.0002655770667607249,-0.2314872433105165,-0.23122166624375579,-0.05079653754544722,-0.05246931040334901,-0.05220373333658829,0.00034549196191596687,-0.18869152005430787,-0.1883460280923919,0.019636095571125695,-0.09423261865701194,-0.09388712669509597,-0.0004135645705076185,-0.1045143406686655,-0.10492790523917311,0.06170104763744623,-0.0863834361034112,-0.08679700067391882,-0.00027889425984378713,-0.04114103071788199,-0.04141992497772578,0.07366606246358214,-0.040250042428013805,-0.04052893668785759,0.23122166624375579,0.14147888113826165,0.05079653754544722,0.051449935804400326,0.15679934307552423,0.0900406131195264,0.004195599906378189,0.01417671942633435,0.02313152547447689,0.00946488866089061,0.05220373333658829,0.06835419934836517
copenhagen_bluetooth,real,8,242444,0.9992416374037622,0.5063500593992193,0.2795016122645245,0.19463144198676247,True,True,0.36075125869774277,-0.0009224073197302007,-0.23130338858403576,-0.23222579590376596,-0.051850166554894606,-0.05255416643095551,-0.05347657375068571,-0.0006020670130232331,-0.18819652655993663,-0.18879859357295986,0.019282528789431957,-0.0945437574249024,-0.09514582443792563,-0.0005408486119173606,-0.1044011992985235,-0.10494204791044086,0.061637405616741345,-0.08598744130791423,-0.0865282899198316,-0.00037789295871803325,-0.04108446003281099,-0.041462352991529026,0.0734822077371014,-0.0403348984556203,-0.04071279141433833,0.23222579590376596,0.1418571975946739,0.051850166554894606,0.051563077174542324,0.15679934307552423,0.0900406131195264,0.004943912016972862,0.0136846998728134,0.0222559258742262,0.008780908880783426,0.05347657375068571,0.06896586988069531
copenhagen_bluetooth,real,9,242869,1.0009932901396377,0.5077643265259942,0.280265316512983,0.1945324432878882,True,True,0.36223623918085646,0.0002231490529574498,-0.2320388074899587,-0.23181565843700125,-0.05069753884657302,-0.0507439045086836,-0.05052075545572615,0.00014749456416748852,-0.18830966793007864,-0.18816217336591115,0.020336157798879234,-0.09441647338349268,-0.0942689788193252,-0.00015899648768813446,-0.10469819539514623,-0.10485719188283436,0.062287968495057786,-0.0866097188436952,-0.08676871533138333,-0.0004344636437890251,-0.04101374667647226,-0.04144821032026128,0.07399134390274036,-0.04017932907167506,-0.04061379271546409,0.23181565843700125,0.141570808501502,0.05069753884657302,0.0518282522608126,0.15679934307552423,0.0900406131195264,0.003619502171485489,0.014240587201987169,0.02182950166303138,0.00906103275914658,0.05052075545572615,0.06804306058047468
copenhagen_bluetooth,real,10,242539,0.9996331833094284,0.506929908921197,0.2804208858969282,0.19477286869943994,True,True,0.3620240991118402,-0.0002577017701460016,-0.23253380098432994,-0.23279150275447594,-0.051779453198555814,-0.05121061266051935,-0.05146831443066535,0.00030306394811271953,-0.18908751484980485,-0.1887844509016921,0.019819950297606415,-0.09346891440855348,-0.09316585046044076,-5.99977888138814e-05,-0.10491033546416248,-0.10497033325297636,0.0618778310282931,-0.08727442439327941,-0.0873344221820933,-0.00026475158857604264,-0.041197601402952984,-0.041462352991529026,0.073842845854429,-0.04054703852463653,-0.04081179011321257,0.23279150275447594,0.14200215997516835,0.051779453198555814,0.05183002009472108,0.15679934307552423,0.0900406131195264,0.00412828741697896,0.014215326859147673,0.022337050202980102,0.00894442918551784,0.05146831443066535,0.06819509429660299
copenhagen_bluetooth,real,11,242523,0.9995672387358425,0.5064773434406291,0.28036431521185723,0.19686598404706682,True,True,0.3612603948633818,0.00047771713577693387,-0.23227923290151042,-0.2318015157657335,-0.05117131833404259,-0.05292187588391695,-0.05244415874814001,0.00011920922163197178,-0.1886773773830401,-0.18855816816140814,0.01940274149520782,-0.0948266108502574,-0.09470740162862543,-0.00031456587163336547,-0.10468405272387848,-0.10499861859551185,0.06157376359603649,-0.08710471233806642,-0.08741927820969979,-0.0004203209725212806,-0.0409996040052045,-0.04141992497772578,0.0737014191417515,-0.04020761441421056,-0.04062793538673184,0.2318015157657335,0.1416945568750948,0.05117131833404259,0.0514623106417596,0.15679934307552423,0.0900406131195264,0.0037236864304249773,0.01371888776725888,0.02159190357927354,0.009025185621463762,0.05244415874814001,0.06879969349329926
copenhagen_bluetooth,real,12,242790,1.0006676888075572,0.5074249024155683,0.280265316512983,0.19785597103580924,True,True,0.3616846750014142,0.00044943179324141713,-0.23208123550376192,-0.2316318037105205,-0.050789466209813394,-0.05351586807716241,-0.05306643628392099,0.00048691867459346727,-0.18914408553487583,-0.1886571668602824,0.01961488156422403,-0.09526503365955763,-0.09477811498496416,0.0007602771447155626,-0.10581546642529842,-0.10505518928058286,0.06167983363054462,-0.0881936980256831,-0.08743342088096753,0.0006120940300244002,-0.04203201900775018,-0.04141992497772578,0.07375091849118863,-0.04118345873168524,-0.04057136470166084,0.2316318037105205,0.14169102120727786,0.050789466209813394,0.051458774973942675,0.15679934307552423,0.0900406131195264,0.003954194996081073,0.013726154125450439,0.021670407061709474,0.009091344291904419,0.05306643628392099,0.06896233421287838
copenhagen_bluetooth,real,13,242759,1.0005399211962345,0.5076370424845845,0.28094416473383493,0.19604570911353736,True,True,0.3621655258245178,0.0011707080278966497,-0.2328449397522204,-0.23167423172432375,-0.05059146881206489,-0.05187531821010355,-0.0507046101822069,0.0006000600447354509,-0.18896023080839508,-0.18836017076365963,0.02037858581268251,-0.09475589749391866,-0.09415583744918321,0.0002511409790765945,-0.1052356169033207,-0.1049844759242441,0.06235161051576267,-0.08642586411721447,-0.08617472313813787,0.0004565246460791622,-0.04189059229507269,-0.04143406764899353,0.07418226996485497,-0.041211744074220735,-0.04075521942814157,0.23167423172432375,0.14161323651530525,0.05059146881206489,0.05187598377634126,0.15679934307552423,0.0900406131195264,0.0036896212888417046,0.014240036610464225,0.021702403637795298,0.008845882415249046,0.0507046101822069,0.06794759754941739
copenhagen_bluetooth,real,14,242532,0.9996043325584846,0.5061803473440063,0.2802936018555185,0.19630027719635684,True,True,0.3617978163715563,-7.384704366525385e-05,-0.23264694235447195,-0.2327207893981372,-0.05182188121235909,-0.052921875883917,-0.052995722927582256,-0.0006162096842909637,-0.18822481190247214,-0.1888410215867631,0.019261314782530348,-0.09433161735588619,-0.09494782704017715,-3.1712446278392425e-05,-0.10499519149176896,-0.10502690393804735,0.061474764897162235,-0.08628443740453696,-0.08631614985081536,-0.00023646624604053978,-0.04119760140295299,-0.04143406764899353,0.07356706376470788,-0.04063189455224303,-0.04086836079828357,0.2327207893981372,0.1420056956429853,0.05182188121235909,0.051531256164189895,0.15679934307552423,0.0900406131195264,0.0043897996490875335,0.013633719033503917,0.021905188345376803,0.0086879030875251,0.052995722927582256,0.06878201515421459
copenhagen_bluetooth,real,15,242614,0.9999422984981123,0.5065480567969678,0.27985517904621826,0.1960881371273406,True,True,0.36176953102902076,-0.00020113108507502364,-0.2318125247496747,-0.23201365583474973,-0.05112889032023937,-0.0516914634836228,-0.051892594568697825,0.00010506655036424117,-0.1884935226565594,-0.18838845610619515,0.019480526187180436,-0.09419019064320869,-0.09408512409284445,0.0003218543354153308,-0.10533461560219494,-0.10501276126677961,0.06190611637082859,-0.08682185891271142,-0.08650000457729609,8.881519311768754e-05,-0.04152288284211122,-0.04143406764899353,0.07388527386823224,-0.040716750579849526,-0.04062793538673184,0.23201365583474973,0.1417122352141795,0.05112889032023937,0.05160020168662016,0.15679934307552423,0.0900406131195264,0.0043567226926253255,0.013456917595637805,0.022198817860164255,0.00901064719189217,0.051892594568697825,0.06827641465639255
copenhagen_bluetooth,real,16,242576,0.9997856801358458,0.5061237766589354,0.27913390281156303,0.1960032810997341,True,True,0.36034112123097806,-0.0005405551955010024,-0.23093567913107427,-0.23147623432657527,-0.05130567371108624,-0.05201674492278102,-0.052557300118282024,-0.0006020670130232331,-0.18811167053233013,-0.18871373754535337,0.019169387419289946,-0.09430333201335067,-0.0949053990263739,-0.0005691339544528495,-0.10450019799739775,-0.1050693319518506,0.061439408218992866,-0.08686428692651468,-0.08743342088096753,-0.0003213222736470345,-0.041098602704078745,-0.04141992497772578,0.0733973517094949,-0.040476325168297786,-0.04079764744194482,0.23147623432657527,0.14166980720037625,0.05130567371108624,0.051327955264715994,0.15679934307552423,0.0900406131195264,0.004930570439984183,0.01278478092263129,0.021603762190977482,0.008571597682448076,0.052557300118282024,0.06892344186689207
copenhagen_bluetooth,real,17,242663,1.0001442537547192,0.5074814731006393,0.28098659274763815,0.19488601006958195,True,True,0.36168467500141427,0.0007747132323996375,-0.23236408892911692,-0.23158937569671728,-0.05074703819601012,-0.051691463483622746,-0.05091675025122311,0.0005859173734676926,-0.18958250834417603,-0.18899659097070834,0.019353242145770694,-0.09324263166826949,-0.0926567142948018,0.000392567691754081,-0.10536290094473044,-0.10497033325297636,0.06203340041223833,-0.08700571363919217,-0.08661314594743809,-0.00012332487589854918,-0.04129660010182723,-0.04141992497772578,0.07397012989583875,-0.0403348984556203,-0.04045822333151885,0.23158937569671728,0.14174405622453193,0.05074703819601012,0.05152595266246447,0.15679934307552423,0.0900406131195264,0.003949134884316308,0.014073426206217283,0.021690132553964736,0.008982217535278173,0.05091675025122311,0.06766120845624546
copenhagen_bluetooth,real,18,242618,0.9999587846415088,0.5069864796062681,0.28114216213158344,0.197813543022006,True,True,0.3625473779487469,0.0003787184369026808,-0.2333399332465916,-0.23296121480968893,-0.05168752583531544,-0.05180460485376476,-0.05142588641686208,0.0010243401827679244,-0.18959665101544382,-0.1885723108326759,0.01991894899648064,-0.09639644736097755,-0.09537210717820963,0.0007885624872510516,-0.1058154664252984,-0.10502690393804735,0.061962687055899565,-0.08758556316116987,-0.08679700067391882,0.00031509793340166875,-0.0417491655823952,-0.04143406764899353,0.07433783934880021,-0.04090060530633026,-0.04058550737292859,0.23296121480968893,0.1419986243073514,0.05168752583531544,0.051976750309123965,0.15679934307552423,0.0900406131195264,0.002893295497669146,0.014278070507599383,0.021818556901273878,0.009025314987088199,0.05142588641686208,0.06854512541047977
copenhagen_bluetooth,real,19,242710,1.0003379659396276,0.5071137636476778,0.27994003507382476,0.19751654692538326,True,True,0.3621796684957855,-0.00035670046902025465,-0.23205295016122646,-0.2324096506302467,-0.051319816382353944,-0.05251173841715223,-0.052868438886172486,0.00018992257797073586,-0.18911580019234034,-0.1889258776143696,0.019332028138869084,-0.09503875091927363,-0.0948488283413029,0.0006329931033058206,-0.10563161169881767,-0.10499861859551185,0.06149597890406387,-0.0873875657634214,-0.08675457266011558,0.0004423819748114108,-0.04186230695253719,-0.04141992497772578,0.07353170708653853,-0.0410561746902755,-0.04061379271546409,0.2324096506302467,0.14193851795446347,0.051319816382353944,0.05141988262795636,0.15679934307552423,0.0900406131195264,0.004403951592761746,0.013771545936200794,0.022442928952393137,0.008910280942250496,0.052868438886172486,0.06877140815076377
copenhagen_bluetooth,real,20,242726,1.0004039105132136,0.5069157662499293,0.28063302596594447,0.19652655993664084,True,True,0.3621372404819822,0.0003080050805639445,-0.2327035130395429,-0.23239550795897895,-0.05132688771798788,-0.05130961135939355,-0.0510016062788296,4.849586529323546e-05,-0.18857837868416588,-0.18852988281887262,0.01971388026309831,-0.09489732420659613,-0.0948488283413029,0.0004915663906283202,-0.10546189964360468,-0.10497033325297636,0.06196268705589959,-0.0872744243932794,-0.08678285800265108,0.0002585272483306769,-0.041678452226056456,-0.04141992497772578,0.07408327126598073,-0.04092889064886576,-0.040670363400535085,0.23239550795897895,0.14182891225213842,0.05132688771798788,0.051771681575741635,0.15679934307552423,0.0900406131195264,0.003677364603972888,0.014043444499633583,0.022083021614002774,0.009044606733601418,0.0510016062788296,0.06832591400582967
snap_email_eu,real,1,33404,1.005145487918635,0.44543757980552007,0.2965327570965524,0.21284746095668403,True,True,0.16835281406541597,0.0018851272055476764,-0.1342697181023475,-0.13238459089679983,-0.04820818386409187,-0.02524309989195561,-0.023357972686407935,0.0035894385330693668,-0.23367056281308318,-0.23008112428001382,-0.06934052905361171,-0.11049995088891074,-0.10691051235584137,0.0005431569077779808,-0.15646793045869756,-0.15592477355091958,-0.03756704837657522,-0.13289460760239663,-0.13235145069461862,0.0006904596034876323,-0.03860131617719281,-0.03791085657370518,-0.013649978467428783,-0.03801198310578529,-0.03732152350229766,0.13238459089679983,0.1390753363253596,0.04820818386409187,0.04219143494042689,0.21560074628952608,0.13602501333145378,0.04301485295292301,0.047931916082138384,0.0665600726952208,0.049323890263113394,0.023357972686407935,0.0749853648097914
snap_email_eu,real,2,33192,0.9987662865224325,0.4402318043414203,0.28877320498968667,0.21215990570670856,True,True,0.16422748256556324,-0.0020437599371692095,-0.12935860917395142,-0.13140236911112063,-0.04928862782833898,-0.028287987427561112,-0.03033174736473032,-0.0030896696095492615,-0.22581278852764952,-0.22890245813719878,-0.07297474966062478,-0.10755328553187307,-0.11064295514142233,-0.004269729842050124,-0.15194971024457324,-0.15621944008662336,-0.040906602447884535,-0.12955505353108732,-0.13382478337313744,-0.0005864287178953403,-0.03732442785580984,-0.03791085657370518,-0.013699089556712743,-0.03722620567724192,-0.03781263439513726,0.13140236911112063,0.138608780977162,0.04928862782833898,0.044217267373390254,0.21560074628952608,0.13602501333145378,0.04237866059569123,0.04780450402348846,0.06714359442434764,0.04964924029844603,0.03033174736473032,0.07815303006860684
snap_email_eu,real,3,33375,1.0042728613125507,0.4439642471270013,0.2947647578823298,0.22001767999214222,True,True,0.1653079265298104,-0.00027576072294654974,-0.13289460760239669,-0.13317036832534324,-0.05051640506043803,-0.028975542677536603,-0.029251303400483153,0.003884105068773125,-0.23101856399174936,-0.22713445892297623,-0.06904586251790795,-0.1128572831745408,-0.10897317810576768,0.0029004891934080734,-0.15902170710146352,-0.15612121790805544,-0.03737060401943937,-0.13790393870936057,-0.1350034495159525,0.0009851261391913904,-0.03889598271289657,-0.03791085657370518,-0.01310975648530522,-0.038503093998624886,-0.037517967859433496,0.13317036832534324,0.13858422543252003,0.05051640506043803,0.04251065702077264,0.21560074628952608,0.13602501333145378,0.042078684075502526,0.04747345068096633,0.06736488585417422,0.050010488911107195,0.029251303400483153,0.07768647472040921
snap_email_eu,real,4,33211,0.9993380074022808,0.4388566938414694,0.29201453688242807,0.21392790492093114,True,True,0.16353992731558786,-0.0004722050800823885,-0.13279638542382877,-0.13326859050391116,-0.051498626846117224,-0.02779687653472157,-0.02826908161480396,0.0009374397117354882,-0.2313132305274531,-0.2303757908157176,-0.07243452767850123,-0.10745506335330515,-0.10651762364156966,0.000346712550642142,-0.15666437481583342,-0.15631766226519128,-0.0388439366979582,-0.1323052745309891,-0.13195856198034694,0.0001993487106480285,-0.03811020528435321,-0.03791085657370518,-0.013797311735280662,-0.03801198310578529,-0.03781263439513726,0.13326859050391116,0.1394682250396313,0.051498626846117224,0.04414360073946433,0.21560074628952608,0.13602501333145378,0.04257001655939485,0.04808165609266036,0.0646996461455584,0.04829114848886011,0.02826908161480396,0.07613947540796445
snap_email_eu,real,5,33221,0.9996389131285168,0.44111580394853156,0.2909340929181809,0.2137314605637953,True,True,0.16668303702976128,-0.003222426079984242,-0.13259994106669282,-0.13582236714667706,-0.05248084863179642,-0.02710932128474608,-0.03033174736473032,-0.0035807805023888584,-0.22817012081327964,-0.2317509013156685,-0.07390786035702002,-0.10941950692466357,-0.11300028742705243,-0.0022070640921237894,-0.15440526470877125,-0.15661232880089504,-0.039629714126501556,-0.1318141636381495,-0.13402122773027328,0.0004940152463517866,-0.03840487182005697,-0.03791085657370518,-0.013649978467428783,-0.03830664964148905,-0.03781263439513726,0.13582236714667706,0.14052411345923643,0.05248084863179642,0.04491710039568669,0.21560074628952608,0.13602501333145378,0.04298567262977321,0.04831585119197404,0.06642647632693599,0.048866846642343545,0.03033174736473032,0.07879147422929833
snap_email_eu,real,6,33139,0.9971714861733819,0.43846380512719774,0.28877320498968667,0.2160887928494254,True,True,0.1642274825655633,-0.0036153147942559194,-0.1310283862096061,-0.13464370100386203,-0.05252995972108038,-0.02691287692761024,-0.03052819172186616,-0.006232779323722681,-0.22600923288478542,-0.2322420122085081,-0.07567585957124259,-0.11285728317454083,-0.11909006249826351,-0.0020106197349879507,-0.15450348688733917,-0.15651410662232712,-0.0408083802693166,-0.13220705235242117,-0.13421767208740912,-0.00019354000362365592,-0.037717316570081524,-0.03791085657370518,-0.014042867181700464,-0.037619094391513605,-0.03781263439513726,0.13464370100386203,0.1403276691021006,0.05252995972108038,0.04576426668583501,0.21560074628952608,0.13602501333145378,0.045712757408052584,0.04990687758238762,0.0664171163106903,0.04899993575279355,0.03052819172186616,0.08041214017566901
snap_email_eu,real,7,33377,1.0043330424577979,0.44327669187702584,0.293291425203811,0.2146154601709066,True,True,0.1697279245653669,0.0015904606698439183,-0.13741282781652098,-0.13582236714667706,-0.05095840486399361,-0.028975542677536603,-0.027385082007692685,0.00024988446176005263,-0.23052745309890973,-0.23027756863714968,-0.07120675044640223,-0.11295550535310872,-0.11270562089134867,-0.004760840734889721,-0.15155682153030156,-0.15631766226519128,-0.039580603037217596,-0.12867105392397604,-0.13343189465886576,-0.0009793174321670178,-0.03693153914153816,-0.03791085657370518,-0.013699089556712743,-0.03693153914153816,-0.03791085657370518,0.13582236714667706,0.1400821136556808,0.05095840486399361,0.043861211976081546,0.21560074628952608,0.13602501333145378,0.04411135569647656,0.048479227052132395,0.06764559426348304,0.04941292071059971,0.027385082007692685,0.07785836353290307
snap_email_eu,real,8,33163,0.9978936599163483,0.43718691680581473,0.2926038699538356,0.2161870150279933,True,True,0.16491503781553873,0.00021535016989304712,-0.13358216285237212,-0.13336681268247907,-0.05090929377470971,-0.028779098320400764,-0.028563748150507717,0.0010356618903034076,-0.2304292309203418,-0.22939356903003838,-0.07199252787494556,-0.11315194971024456,-0.11211628781994115,-0.0023052862706917088,-0.15391415381593165,-0.15621944008662336,-0.039727936305069475,-0.13073371967390238,-0.13303900594459409,-0.001863317039278306,-0.036047539534426874,-0.03791085657370518,-0.014141089360268387,-0.036047539534426874,-0.03791085657370518,0.13336681268247907,0.1392226695932115,0.05090929377470971,0.04419271182874828,0.21560074628952608,0.13602501333145378,0.041628798315478555,0.04726213155357966,0.06671134010826524,0.04888746311735633,0.028563748150507717,0.07790747462218703
snap_email_eu,real,9,33343,1.0033099629885958,0.4431784696984579,0.29456831352519397,0.2118652391710048,True,True,0.1675670366368726,0.00443890384831358,-0.13564482860229837,-0.1312059247539848,-0.047422406435548514,-0.02691287692761024,-0.02247397307929666,-0.0008305595024870605,-0.22875945388468716,-0.22959001338717422,-0.07159963916067388,-0.1094195069246636,-0.11025006642715066,-0.0008319535921728904,-0.15528926431588252,-0.15612121790805544,-0.039187714322945905,-0.13250171888812495,-0.13333367248029784,-0.0002917621821915753,-0.037619094391513605,-0.03791085657370518,-0.013895533913848585,-0.037619094391513605,-0.03791085657370518,0.1312059247539848,0.13870700315572992,0.047422406435548514,0.043026323458254224,0.21560074628952608,0.13602501333145378,0.04322939613157012,0.0482455279667315,0.06667718932557953,0.04918207441337868,0.02247397307929666,0.07599214214011259
snap_email_eu,real,10,33245,1.0003610868714832,0.44062469305569196,0.2928003143109714,0.21667812592083294,True,True,0.16540614870837833,-0.0004722050800823885,-0.1329928297809646,-0.133465034861047,-0.05076196050685783,-0.02897554267753666,-0.029447747757619047,0.00015166228319213326,-0.2317061192417248,-0.23155445695853266,-0.07336763837489646,-0.11148217267458993,-0.1113305103913978,0.00024849037207422264,-0.15666437481583342,-0.1564158844437592,-0.03869660343010631,-0.13387682938807582,-0.1336283390160016,-0.0009793174321670178,-0.03693153914153816,-0.03791085657370518,-0.013306200842441062,-0.036735094784402324,-0.03771441221656934,0.133465034861047,0.139836558209261,0.05076196050685783,0.04403310078857541,0.21560074628952608,0.13602501333145378,0.04247030651218758,0.04811575007754364,0.0650009536284894,0.04843679373848104,0.029447747757619047,0.07803025234539696
snap_email_eu,real,11,33260,1.0008124454608371,0.44190158137707497,0.29623809056084865,0.2146154601709066,True,True,0.16648659267262544,-0.00017753854437863037,-0.13456438463805132,-0.13474192318242995,-0.051498626846117224,-0.026716432570474458,-0.026893971114853088,0.003884105068773125,-0.2332776740988115,-0.22939356903003838,-0.0705683062857107,-0.1080443964247127,-0.10416029135593957,0.002507600479136396,-0.15872704056575976,-0.15621944008662336,-0.03663393768017999,-0.13505549553089086,-0.13254789505175446,0.0012797926748951555,-0.039190649248600336,-0.03791085657370518,-0.012127534699626012,-0.03879776053432865,-0.037517967859433496,0.13474192318242995,0.13956644721819922,0.051498626846117224,0.04270710137790848,0.21560074628952608,0.13602501333145378,0.04050057020453979,0.046644776854585186,0.06366846985147606,0.047478539397352096,0.026893971114853088,0.07528003134549516
snap_email_eu,real,12,33397,1.0049348539102698,0.44475002455554463,0.2923092034181318,0.21687457027796878,True,True,0.16609370395835377,0.004831792562585258,-0.13191238581671738,-0.12708059325413212,-0.04403374127495524,-0.02877909832040071,-0.02394730575781545,0.0005445509974638107,-0.22817012081327964,-0.22762556981581583,-0.06904586251790795,-0.10863372949612021,-0.1080891784986564,0.002212933943432638,-0.1580394853157843,-0.15582655137235166,-0.03707593748373561,-0.13672527256654554,-0.1345123386231129,0.001181570496327236,-0.039092427070032416,-0.03791085657370518,-0.012962423217453337,-0.03889598271289658,-0.03771441221656934,0.12708059325413212,0.1371108927540012,0.04403374127495524,0.040779491123513034,0.21560074628952608,0.13602501333145378,0.039746976313248916,0.04662628645900566,0.06619460672908789,0.048879672784804026,0.02394730575781545,0.07606580877403853
snap_email_eu,real,13,33524,1.0087563566334667,0.44769668991258227,0.29447009134662605,0.21834790295648757,True,True,0.1667812592083292,0.006894458312511564,-0.13368038503093993,-0.12678592671842837,-0.043395297114263764,-0.02887732049896863,-0.021982862186457064,0.002803661104526012,-0.2321972301345644,-0.22939356903003838,-0.06845652944650044,-0.11413417149592381,-0.1113305103913978,-0.00210884191355587,-0.15430704253020333,-0.1564158844437592,-0.037763492733711074,-0.1331892741381004,-0.13529811605165626,-0.000488206539327421,-0.03742265003437776,-0.03791085657370518,-0.013355311931725022,-0.03722620567724192,-0.03771441221656934,0.12678592671842837,0.13762655919148278,0.043395297114263764,0.04074265780655007,0.21560074628952608,0.13602501333145378,0.038671714585626515,0.04675299925470234,0.06650304324857087,0.04952423039622446,0.021982862186457064,0.07658147521152012
snap_email_eu,real,14,33175,0.9982547467878313,0.43571358412729594,0.2889696493468225,0.21245457224241235,True,True,0.1642274825655633,-0.0014544268657616932,-0.13161771928101362,-0.13307214614677532,-0.05095840486399367,-0.026912876927610185,-0.02836730379337188,-0.0032861139666851003,-0.22738434338473626,-0.23067045735142136,-0.0755776373926747,-0.11030350653177487,-0.11358962049845997,-0.004073285484914285,-0.15244082113741284,-0.15651410662232712,-0.04159415769785997,-0.13024260878106275,-0.13431589426597704,-0.0009793174321670178,-0.03693153914153816,-0.03791085657370518,-0.013551756288860864,-0.0366368726058344,-0.037616190038001415,0.13307214614677532,0.13954189167355724,0.05095840486399367,0.045420489060847294,0.21560074628952608,0.13602501333145378,0.04411432940925403,0.049493283500233964,0.06710116197272281,0.04930671858582126,0.02836730379337188,0.07847225214895258
snap_email_eu,real,15,33318,1.0025576986730058,0.4425891366270504,0.29191631470386015,0.21225812788527648,True,True,0.1676652588154406,0.0016886828484118377,-0.13466260681661923,-0.1329739239682074,-0.0491412945604871,-0.02779687653472157,-0.026108193686309733,-0.001518114752462496,-0.22944700913466262,-0.23096512388712512,-0.07248363876778519,-0.1070621746390335,-0.108580289391496,-0.0026981749849633863,-0.15312837638738827,-0.15582655137235166,-0.03879482560867423,-0.13024260878106278,-0.13294078376602617,-0.0011757617893028635,-0.03673509478440232,-0.03791085657370518,-0.013993756092416505,-0.03653865042726648,-0.03771441221656934,0.1329739239682074,0.13941911395034734,0.0491412945604871,0.04360337875734076,0.21560074628952608,0.13602501333145378,0.04373644081820016,0.04835232356187561,0.0661098667243904,0.04871239068987981,0.026108193686309733,0.07633591976510032
snap_email_eu,real,16,33403,1.0051153973460114,0.44494646891268047,0.295845201846577,0.21687457027796878,True,True,0.16805814752971227,0.0006082388841647246,-0.1339750515666438,-0.13336681268247907,-0.04933773891762294,-0.02966309792751204,-0.029054859043347314,0.002607216747390173,-0.2312150083488852,-0.22860779160149503,-0.06934052905361171,-0.11256261663883707,-0.1099553998914469,0.004079155336223134,-0.16059326195855025,-0.15651410662232712,-0.037174159662303544,-0.13593949513800216,-0.13186033980177903,-0.000488206539327421,-0.03742265003437776,-0.03791085657370518,-0.013551756288860864,-0.037029761320106075,-0.037517967859433496,0.13336681268247907,0.1390998918700016,0.04933773891762294,0.04235104598059976,0.21560074628952608,0.13602501333145378,0.04202156674143642,0.047402851761706756,0.06564953142717056,0.04873385912887331,0.029054859043347314,0.0770971416490017
snap_email_eu,real,17,33227,0.9998194565642584,0.4409193595913957,0.2930949808466752,0.2179550142422159,True,True,0.16520970435124255,-7.9316365810711e-05,-0.13161771928101368,-0.1316970356468244,-0.049092183471203144,-0.029368431391808336,-0.029447747757619047,0.0013303284260071657,-0.23298300756310775,-0.23165267913710058,-0.07292563857134082,-0.11315194971024456,-0.1118216212842374,0.0016236008720251216,-0.15764659660151262,-0.1560229957294875,-0.03884393669795819,-0.13525193988802672,-0.1336283390160016,0.0012797926748951555,-0.039190649248600336,-0.03791085657370518,-0.013649978467428783,-0.039092427070032416,-0.03781263439513726,0.1316970356468244,0.13932089177177942,0.049092183471203144,0.04362793430198274,0.21560074628952608,0.13602501333145378,0.04347668321101711,0.048429357607504865,0.0662735087898525,0.04904651423115586,0.029447747757619047,0.07817758561324883
snap_email_eu,real,18,33363,1.0039117744410677,0.4425891366270504,0.29073764856104506,0.21392790492093114,True,True,0.16638837049405752,-0.002927759544280484,-0.1315194971024457,-0.1344472566467262,-0.051253071399697425,-0.02848443178469695,-0.031412191328977435,-0.0017145591095983348,-0.22895589824182302,-0.23067045735142136,-0.07297474966062478,-0.11207150574599747,-0.11378606485559581,-0.00210884191355587,-0.15391415381593163,-0.1560229957294875,-0.03879482560867423,-0.1323052745309891,-0.13441411644454496,-0.0009793174321670178,-0.03693153914153816,-0.03791085657370518,-0.014141089360268387,-0.03653865042726648,-0.037517967859433496,0.1344472566467262,0.13976289157533506,0.051253071399697425,0.04429093400731621,0.21560074628952608,0.13602501333145378,0.04390055218875555,0.04841711756110349,0.06779372324805732,0.049597159990386545,0.031412191328977435,0.07928258512213793
snap_email_eu,real,19,33196,0.9988866488129269,0.44219624791277873,0.29447009134662605,0.21972301345643847,True,True,0.16511148217267457,-0.0034188704371200807,-0.13191238581671738,-0.13533125625383746,-0.052775515167500175,-0.027698654356153596,-0.031117524793273676,-0.001518114752462496,-0.23190256359886063,-0.23342067835132313,-0.07390786035702002,-0.11383950496022002,-0.11535761971268252,0.000346712550642142,-0.1570572635301051,-0.15671055097946296,-0.038893047787242147,-0.13417149592377958,-0.13382478337313744,0.00010112653208010913,-0.03801198310578529,-0.03791085657370518,-0.013600867378144824,-0.03791376092721737,-0.03781263439513726,0.13533125625383746,0.14084333553958217,0.052775515167500175,0.044794322672476794,0.21560074628952608,0.13602501333145378,0.04222844669891429,0.04801990299155795,0.06473782036826464,0.048161704723171814,0.031117524793273676,0.07952814056855773
snap_email_eu,real,20,33365,1.003971955586315,0.44435713584127295,0.2974167567036637,0.22001767999214222,True,True,0.16668303702976128,0.005126459098289016,-0.133582162852372,-0.128455703754083,-0.04511418523920235,-0.028287987427561112,-0.023161528329272096,0.006044992997267351,-0.23308122974167567,-0.22703623674440832,-0.06732697439296936,-0.11462528238876335,-0.108580289391496,0.0021147117648647185,-0.1580394853157843,-0.15592477355091958,-0.0363392711444762,-0.1356448286022984,-0.13353011683743368,0.001181570496327236,-0.039092427070032416,-0.03791085657370518,-0.012274867967477895,-0.039092427070032416,-0.03791085657370518,0.128455703754083,0.13733189265577903,0.04511418523920235,0.04026382468603146,0.21560074628952608,0.13602501333145378,0.03976220299294331,0.04670159792086363,0.06437018283844403,0.04862070272043548,0.023161528329272096,0.07579569778297673
snap_collegemsg,real,1,5987,1.0005013368983957,0.24642082429501086,0.03253796095444685,0.01735357917570499,True,True,0.09414316702819957,-0.0032664933775052446,-0.023861171366594366,-0.02712766474409961,0.019943918770000166,-0.010412147505422992,-0.013678640882928236,0.0021767217122582692,-0.010845986984815616,-0.008669265272557347,0.016493424532214883,-0.006073752711496745,-0.003897030999238476,0.00021880081852009882,-0.0034707158351409977,-0.003251915016620899,0.009763269365157843,-0.003036876355748373,-0.002818075537228274,-0.00036132389073565546,0.0,-0.00036132389073565546,0.003977070903190592,0.0,-0.00036132389073565546,0.02712766474409961,0.009852542231003378,0.019943918770000166,0.012544420892640872,0.31579499307470826,0.13311101808443854,0.06531682206701252,0.023137171857146557,0.01987584635190265,0.015481473061751481,0.013678640882928236,0.005188767827532661
snap_collegemsg,real,2,5901,0.986129679144385,0.23210412147505424,0.023427331887201735,0.01648590021691974,True,True,0.07895878524945771,-0.009774085568394625,-0.01822125813449023,-0.027995343702884853,0.011484048921844,-0.011279826464208234,-0.02105391203260286,-0.0021616730816679773,-0.006941431670281995,-0.009103104751949972,0.00933507312223658,-0.005639913232104121,-0.007801586313772099,-0.0006488781402651505,-0.0021691973969631237,-0.002818075537228274,0.006075633790320533,-0.0021691973969631237,-0.002818075537228274,7.251558865696924e-05,-0.0004338394793926247,-0.00036132389073565546,0.003109391944405342,-0.0004338394793926247,-0.00036132389073565546,0.027995343702884853,0.010069461970699689,0.011484048921844,0.007501036944701615,0.31579499307470826,0.13311101808443854,0.050311390851050394,0.017926294079695843,0.01828500963511842,0.014488421849881616,0.02105391203260286,0.008008724443584721
snap_collegemsg,real,3,6044,1.0100267379679144,0.23557483731019524,0.02776572668112798,0.02386117136659436,True,True,0.08026030368763558,0.0054102962103472485,-0.02125813449023861,-0.015847838279891363,0.02428231356392642,-0.015618221258134488,-0.010207925047787239,0.00391207962982877,-0.008676789587852495,-0.004764709958023725,0.016276504792518576,-0.0065075921908893716,-0.002595512561060602,0.0015203192566979732,-0.004338394793926247,-0.002818075537228274,0.009329429885765218,-0.004338394793926247,-0.002818075537228274,0.000506355068049594,-0.0008676789587852494,-0.00036132389073565546,0.005929348560457403,-0.0008676789587852494,-0.00036132389073565546,0.015847838279891363,0.005947986916469755,0.02428231356392642,0.013954399200666904,0.31579499307470826,0.13311101808443854,0.07392869898362746,0.02621787498980298,0.029710366044626527,0.019189744285078917,0.010207925047787239,0.003995709259202942
snap_collegemsg,real,4,5922,0.9896390374331551,0.2386117136659436,0.018655097613882864,0.01388286334056399,True,True,0.08503253796095446,-0.01801703567685449,-0.016052060737527116,-0.034069096414381606,0.008447172566095631,-0.01084598698481562,-0.02886302266167011,-0.0060662283962016,-0.0043383947939262466,-0.010404623190127847,0.00391207962982877,-0.0021691973969631233,-0.008235425793164722,-0.0019503965784430247,-0.0013015184381778742,-0.003251915016620899,0.004557195612446347,-0.0013015184381778742,-0.003251915016620899,7.251558865696924e-05,-0.0004338394793926247,-0.00036132389073565546,0.0020247932459237805,-0.0004338394793926247,-0.00036132389073565546,0.034069096414381606,0.012021739627966502,0.008447172566095631,0.004735310263573632,0.31579499307470826,0.13311101808443854,0.042546464746869114,0.014120615092787281,0.00948306339874555,0.010741124668917086,0.02886302266167011,0.010177921840547846
snap_collegemsg,real,5,6023,1.0065173796791445,0.23817787418655098,0.028199566160520606,0.020390455531453362,True,True,0.08546637744034707,0.008447172566095618,-0.022125813449023854,-0.013678640882928236,0.0290545478372453,-0.01518438177874186,-0.006737209212646242,0.0008752032740803953,-0.008242950108459868,-0.007367746834379474,0.011721190258896017,-0.005206073752711496,-0.004330870478631101,-0.0006488781402651505,-0.0026030368763557484,-0.003251915016620899,0.008678670666676281,-0.0026030368763557484,-0.003251915016620899,-0.00036132389073565546,0.0,-0.00036132389073565546,0.0044109103825832165,0.0,-0.00036132389073565546,0.013678640882928236,0.006164906656166066,0.0290545478372453,0.013466329786350205,0.31579499307470826,0.13311101808443854,0.08076761601844988,0.027853705080796234,0.028157994729910304,0.018446617547429083,0.006737209212646242,0.003670329649658474
snap_collegemsg,real,6,5981,0.9994986631016043,0.23774403470715835,0.029067245119305855,0.01735357917570499,True,True,0.08546637744034707,-0.0037003328568978727,-0.02169197396963124,-0.025392306826529112,0.017340881893644425,-0.011279826464208248,-0.01498015932110612,7.524315295145967e-06,-0.009110629067245118,-0.009103104751949972,0.012155029738288642,-0.005639913232104121,-0.005632388916808975,-0.0006488781402651505,-0.0021691973969631237,-0.002818075537228274,0.00954634962546153,-0.001735357917570499,-0.0023842360578356495,7.251558865696924e-05,-0.0004338394793926247,-0.00036132389073565546,0.004844749861975841,0.0,7.251558865696924e-05,0.025392306826529112,0.009418702751610754,0.017340881893644425,0.01097175277984261,0.31579499307470826,0.13311101808443854,0.06114952458886226,0.02158336730397056,0.016552339965600044,0.014144297711940404,0.01498015932110612,0.005767324971101929
snap_collegemsg,real,7,6041,1.0095254010695187,0.24772234273318872,0.03470715835140998,0.026898047722342732,True,True,0.08893709327548809,0.008881012045488246,-0.025596529284164865,-0.01671551723867662,0.027753029399067417,-0.016919739696312372,-0.008038727650824126,0.00391207962982877,-0.01084598698481562,-0.006933907354986849,0.017144183751303825,-0.0078091106290672455,-0.003897030999238476,0.001954158736090598,-0.004772234273318872,-0.002818075537228274,0.010847868063639405,-0.004772234273318872,-0.002818075537228274,0.000506355068049594,-0.0008676789587852494,-0.00036132389073565546,0.0044109103825832165,-0.0008676789587852494,-0.00036132389073565546,0.01671551723867662,0.00670720600540685,0.027753029399067417,0.015038997899148466,0.31579499307470826,0.13311101808443854,0.07905055170948348,0.027640538353524046,0.02903091684616939,0.018836690024449557,0.008038727650824126,0.003778789519506633
snap_collegemsg,real,8,6009,1.004177807486631,0.24772234273318872,0.03427331887201735,0.019522776572668113,True,True,0.08373101952277656,0.0028072593339914936,-0.023861171366594353,-0.02105391203260286,0.020811597728785422,-0.01084598698481562,-0.008038727650824126,0.003478240150436145,-0.011279826464208245,-0.007801586313772099,0.013890387655859137,-0.007375271149674621,-0.003897030999238476,0.0023879982154832225,-0.005206073752711497,-0.002818075537228274,0.008895590406372594,-0.005206073752711497,-0.002818075537228274,7.251558865696924e-05,-0.0004338394793926247,-0.00036132389073565546,0.0050616696016721535,-0.0004338394793926247,-0.00036132389073565546,0.02105391203260286,0.008008724443584721,0.020811597728785422,0.012164811348172327,0.31579499307470826,0.13311101808443854,0.06696985178755634,0.02353804570246405,0.024020057564245842,0.016666009022233374,0.008038727650824126,0.003778789519506633
snap_collegemsg,real,9,5966,0.9969919786096256,0.23210412147505424,0.02950108459869848,0.016052060737527116,True,True,0.0824295010845987,-0.0032664933775052446,-0.02125813449023861,-0.024524627867743856,0.016690122674555496,-0.01214750542299349,-0.015413998800498735,-0.0008601546434901033,-0.00737527114967462,-0.008235425793164722,0.013673467916162826,-0.0043383947939262466,-0.00519854943741635,-0.0006488781402651505,-0.0026030368763557484,-0.003251915016620899,0.009763269365157843,-0.0026030368763557484,-0.003251915016620899,-0.00036132389073565546,0.0,-0.00036132389073565546,0.0044109103825832165,0.0,-0.00036132389073565546,0.024524627867743856,0.009093323142066283,0.016690122674555496,0.011134442584614847,0.31579499307470826,0.13311101808443854,0.06120397555800229,0.021919789973180046,0.020022932760445644,0.01565201197081774,0.015413998800498735,0.00605644678631791
snap_collegemsg,real,10,6050,1.0110294117647058,0.23991323210412147,0.0316702819956616,0.020390455531453362,True,True,0.08676789587852496,-0.0006634565011495036,-0.028199566160520606,-0.02886302266167011,0.01452092527759237,-0.016052060737527116,-0.01671551723867662,-0.005632388916808975,-0.006507592190889371,-0.012139981107698346,0.007165875725273453,-0.0034707158351409972,-0.009103104751949972,-0.0019503965784430247,-0.0013015184381778742,-0.003251915016620899,0.005858714050624221,-0.0013015184381778742,-0.003251915016620899,-0.00036132389073565546,0.0,-0.00036132389073565546,0.002458632725316405,0.0,-0.00036132389073565546,0.02886302266167011,0.011154060669181252,0.01452092527759237,0.007501036944701613,0.31579499307470826,0.13311101808443854,0.05035385153680995,0.01738178854668794,0.01125701779602907,0.011465800728523969,0.01671551723867662,0.007357965224495787
snap_collegemsg,real,11,5974,0.9983288770053476,0.24425162689804772,0.02950108459869848,0.020390455531453362,True,True,0.0841648590021692,-0.00717104869203887,-0.02299349240780911,-0.03016454109984798,0.011917888401236629,-0.011279826464208248,-0.018450875156247118,0.0004413637946877706,-0.010845986984815618,-0.010404623190127847,0.014758066614644386,-0.006941431670281995,-0.006500067875594225,0.0023879982154832225,-0.005639913232104121,-0.003251915016620899,0.010847868063639405,-0.005639913232104121,-0.003251915016620899,0.000506355068049594,-0.0008676789587852494,-0.00036132389073565546,0.005495509081064778,-0.0008676789587852494,-0.00036132389073565546,0.03016454109984798,0.011045600799333095,0.011917888401236629,0.010754833040146298,0.31579499307470826,0.13311101808443854,0.04950241384578992,0.017045331497264275,0.015823078846261204,0.013239974673981695,0.018450875156247118,0.007141045484799474
snap_collegemsg,real,12,6015,1.0051804812834224,0.24642082429501086,0.02776572668112798,0.019522776572668113,True,True,0.08069414316702819,0.0028072593339914936,-0.020390455531453355,-0.01758319619746186,0.02276387538605222,-0.014750542299349231,-0.011943282965357738,7.524315295145967e-06,-0.009110629067245118,-0.009103104751949972,0.012371949477984952,-0.0043383947939262466,-0.004330870478631101,-0.0006488781402651505,-0.0026030368763557484,-0.003251915016620899,0.008027911447587344,-0.001735357917570499,-0.0023842360578356495,-0.00036132389073565546,0.0,-0.00036132389073565546,0.0044109103825832165,0.0,-0.00036132389073565546,0.01758319619746186,0.007574884964192097,0.02276387538605222,0.011893661673551933,0.31579499307470826,0.13311101808443854,0.07028786372713726,0.024530284833148213,0.025571150982346344,0.017334650948705836,0.011943282965357738,0.004754928348140036
snap_collegemsg,real,13,5902,0.9862967914438503,0.23817787418655098,0.029934924078091105,0.019956616052060738,True,True,0.08720173535791756,-0.004134172336290501,-0.02472885032537961,-0.02886302266167011,0.01473784501728867,-0.014316702819956617,-0.018450875156247118,7.524315295145967e-06,-0.009110629067245118,-0.009103104751949972,0.011070431039807078,-0.005206073752711496,-0.00519854943741635,-0.0023842360578356495,-0.0008676789587852494,-0.003251915016620899,0.007377152228498407,-0.0008676789587852494,-0.003251915016620899,-0.00036132389073565546,0.0,-0.00036132389073565546,0.004193990642886904,0.0,-0.00036132389073565546,0.02886302266167011,0.01039484158024416,0.01473784501728867,0.009344854732120265,0.31579499307470826,0.13311101808443854,0.05481642604699204,0.01938612370804449,0.01942047709042108,0.014985939085961698,0.018450875156247118,0.006815665875255006
snap_collegemsg,real,14,5954,0.9949866310160428,0.22819956616052062,0.025162689804772233,0.01735357917570499,True,True,0.08329718004338395,-0.001964974939327374,-0.020824295010845983,-0.022789269950173358,0.018859320071518623,-0.013882863340563989,-0.015847838279891363,-0.0034631915198458513,-0.006073752711496747,-0.009536944231342598,0.011938109998592327,-0.003470715835140998,-0.006933907354986849,-0.0015165570990504,-0.0013015184381778742,-0.002818075537228274,0.006943312749105783,-0.0013015184381778742,-0.002818075537228274,7.251558865696924e-05,-0.0004338394793926247,-0.00036132389073565546,0.0044109103825832165,-0.0004338394793926247,-0.00036132389073565546,0.022789269950173358,0.00887640340236997,0.018859320071518623,0.010537913300449989,0.31579499307470826,0.13311101808443854,0.06142725046058588,0.021451381924437497,0.017796608752990425,0.014270597021364725,0.015847838279891363,0.006490286265710536
snap_collegemsg,real,15,6105,1.0202205882352942,0.25249457700650757,0.03383947939262473,0.021691973969631236,True,True,0.09240780911062908,0.0015057408958136231,-0.025596529284164865,-0.024090788388351242,0.022113116166963306,-0.015618221258134488,-0.014112480362320864,0.0026105611916508956,-0.01171366594360087,-0.009103104751949972,0.0149749863543407,-0.006073752711496747,-0.0034631915198458513,0.0010864797773053486,-0.0039045553145336228,-0.002818075537228274,0.010197108844550468,-0.0030368763557483735,-0.0019503965784430247,7.251558865696924e-05,-0.0004338394793926247,-0.00036132389073565546,0.005495509081064778,-0.0004338394793926247,-0.00036132389073565546,0.024090788388351242,0.009093323142066286,0.022113116166963306,0.013195180111729812,0.31579499307470826,0.13311101808443854,0.06930308476507631,0.02433605897813702,0.02447355400437788,0.016934800590912732,0.014112480362320864,0.004971848087836349
snap_collegemsg,real,16,6038,1.009024064171123,0.24511930585683298,0.030802603036876357,0.017787418655097614,True,True,0.09197396963123645,-0.0010972959805421317,-0.02299349240780911,-0.024090788388351242,0.021896196427266992,-0.010412147505422992,-0.011509443485965123,0.00130904275347302,-0.008242950108459868,-0.006933907354986849,0.014324227135251761,-0.006941431670281995,-0.005632388916808975,0.00021880081852009882,-0.0034707158351409977,-0.003251915016620899,0.008678670666676281,-0.0034707158351409977,-0.003251915016620899,7.251558865696924e-05,-0.0004338394793926247,-0.00036132389073565546,0.004627830122279529,-0.0004338394793926247,-0.00036132389073565546,0.024090788388351242,0.008659483662673662,0.021896196427266992,0.012381731087868641,0.31579499307470826,0.13311101808443854,0.0708183740630385,0.02503212014304387,0.02075738837332336,0.01573089434012984,0.011509443485965123,0.005188767827532663
snap_collegemsg,real,17,6025,1.0068516042780749,0.23253796095444684,0.031236442516268982,0.020824295010845987,True,True,0.09023861171366593,0.004542617251561992,-0.02559652928416485,-0.02105391203260286,0.024065393824230105,-0.01344902386117136,-0.008906406609609369,-0.0004263151640974787,-0.009544468546637744,-0.009970783710735223,0.012805788957377577,-0.006073752711496746,-0.006500067875594225,0.00021880081852009882,-0.0034707158351409977,-0.003251915016620899,0.009329429885765218,-0.0026030368763557484,-0.0023842360578356495,7.251558865696924e-05,-0.0004338394793926247,-0.00036132389073565546,0.006146268300153715,-0.0004338394793926247,-0.00036132389073565546,0.02105391203260286,0.00865948366267366,0.024065393824230105,0.013086720241881655,0.31579499307470826,0.13311101808443854,0.06964600582860782,0.02342782476825713,0.0233083973371319,0.016297660325970284,0.008906406609609369,0.004538008608443725
snap_collegemsg,real,18,6104,1.0200534759358288,0.25379609544468545,0.03557483731019523,0.024295010845986984,True,True,0.09804772234273318,0.007145654127917747,-0.02472885032537961,-0.01758319619746186,0.03144066497390473,-0.017353579175704986,-0.010207925047787239,0.0021767217122582692,-0.011713665943600867,-0.009536944231342598,0.014758066614644386,-0.006073752711496745,-0.003897030999238476,0.0006526402979127239,-0.0039045553145336228,-0.003251915016620899,0.008027911447587344,-0.0039045553145336228,-0.003251915016620899,7.251558865696924e-05,-0.0004338394793926247,-0.00036132389073565546,0.004844749861975841,-0.0004338394793926247,-0.00036132389073565546,0.01758319619746186,0.0076833448340402535,0.03144066497390473,0.014767848224528075,0.31579499307470826,0.13311101808443854,0.0827141703715233,0.028728634268996432,0.028440825651069465,0.01862177896220823,0.010207925047787239,0.004429548738595568
snap_collegemsg,real,19,5930,0.990975935828877,0.23947939262472884,0.031236442516268982,0.025162689804772233,True,True,0.08112798264642082,-0.00022961702175687548,-0.02429501084598698,-0.024524627867743856,0.016039363455466554,-0.018655097613882857,-0.018884714635639732,0.0004413637946877706,-0.008676789587852493,-0.008235425793164722,0.011721190258896017,-0.006507592190889371,-0.0060662283962016,0.00021880081852009882,-0.0034707158351409977,-0.003251915016620899,0.007810991707891032,-0.003036876355748373,-0.002818075537228274,7.251558865696924e-05,-0.0004338394793926247,-0.00036132389073565546,0.004193990642886904,-0.0004338394793926247,-0.00036132389073565546,0.024524627867743856,0.009093323142066283,0.016039363455466554,0.009941384016285127,0.31579499307470826,0.13311101808443854,0.05578129247713591,0.01990421998813107,0.017727179973950097,0.014327312645646755,0.018884714635639732,0.007032585614951316
snap_collegemsg,real,20,5912,0.9879679144385026,0.2334056399132321,0.02863340563991323,0.018655097613882864,True,True,0.08286334056399132,-0.0010972959805421317,-0.022125813449023854,-0.023223109429565986,0.01820856085242968,-0.013015184381778733,-0.014112480362320864,-0.0008601546434901033,-0.007809110629067245,-0.008669265272557347,0.01410730739555545,-0.006073752711496746,-0.006933907354986849,-0.0010827176196577751,-0.001735357917570499,-0.002818075537228274,0.008244831187283657,-0.001735357917570499,-0.002818075537228274,7.251558865696924e-05,-0.0004338394793926247,-0.00036132389073565546,0.004627830122279529,0.0,7.251558865696924e-05,0.023223109429565986,0.008767943532521815,0.01820856085242968,0.011297132389387078,0.31579499307470826,0.13311101808443854,0.06205223730146238,0.021937430108269356,0.020067313606726575,0.015271332489441533,0.014112480362320864,0.005984244710798239
snap_mathoverflow,real,1,38944,0.9974387870095277,0.0732151806460431,0.01640165838990387,0.01143560071073853,True,True,0.030343068021322153,-0.00046212472347835487,-0.007198505626680021,-0.007660630350158376,0.007510903660502707,-0.004100414597475968,-0.004562539320954323,0.0006796354417485106,-0.010068795844913209,-0.009389160403164698,0.011636854449448175,-0.0055127796254954686,-0.004833144183746958,7.251270162505173e-05,-0.0044648958950293865,-0.004392383193404335,0.011508113412363585,-0.003918173948699258,-0.003845661247074206,-0.00014669816738926305,-0.0010023235682719031,-0.0011490217356611662,0.0070062472970965906,-0.0010023235682719031,-0.0011490217356611662,0.007660630350158376,0.0056477989205971435,0.007510903660502707,0.009415529704852765,0.33446062322736403,0.13551195946354852,0.052710331391876794,0.01390957359379253,0.05648057450712653,0.014758660422821724,0.004562539320954323,0.0035975916218591634
snap_mathoverflow,real,2,39096,1.0013318307550456,0.07294181967287804,0.016082737254544625,0.010433277142466627,True,True,0.031117590778623166,0.0009046801423469725,-0.008565310492505349,-0.007660630350158376,0.007898165039153207,-0.002733609731650641,-0.0018289295893036683,-0.0002771279643292157,-0.009294273087612192,-0.009571401051941408,0.011181252827506403,-0.0056950202742721764,-0.005972148238601392,-0.0002919685959283675,-0.004373775570641032,-0.004665744166569399,0.010710810573965477,-0.003827053624310903,-0.00411902222023927,-0.0003744989783601502,-0.000774522757301016,-0.0011490217356611662,0.007211268026970389,-0.000774522757301016,-0.0011490217356611662,0.007660630350158376,0.005761699326082588,0.007898165039153207,0.00925037411689887,0.33446062322736403,0.13551195946354852,0.052644744533894075,0.014012119616702465,0.05770129103919057,0.015178989394403484,0.0018289295893036683,0.0032672804459513744
snap_mathoverflow,real,3,39152,1.00276611002971,0.07412638388992665,0.016492778714292222,0.010706638115631691,True,True,0.03271219645541938,0.0004035183582110219,-0.008428630005922824,-0.008025111647711802,0.008330986579997882,-0.003052530867009892,-0.0026490125087988703,-0.00041380845091174706,-0.00902091211444713,-0.009434720565358877,0.01195577558480742,-0.005603899949883823,-0.00601770840079557,-1.8607622763303078e-05,-0.004647136543806096,-0.004665744166569399,0.011439773169072315,-0.0037814934621167254,-0.0038001010848800285,3.554248138744657e-05,-0.0011845642170486127,-0.0011490217356611662,0.007849110297688873,-0.001093443892660258,-0.0010579014112728114,0.008025111647711802,0.005818649528825312,0.008330986579997882,0.009893911407891623,0.33446062322736403,0.13551195946354852,0.052193948619314576,0.013850297770805408,0.05827275773616862,0.015401984588176324,0.0026490125087988703,0.00338118085143682
snap_mathoverflow,real,4,38884,0.9959020592152443,0.07544762859355779,0.015763816119185384,0.010296596655884095,True,True,0.03198323386031254,-0.003150174292934821,-0.008109708870563573,-0.011259883163498394,0.004731733766657878,-0.003553692651145829,-0.00670386694408065,-0.0002771279643292157,-0.008519750330311177,-0.008796878294640393,0.011978555665904507,-0.005102738165747871,-0.005379866130077087,-0.0008386905422584964,-0.004145974759670145,-0.004984665301928641,0.01011852846544117,-0.0033258918401749514,-0.004164582382433448,-0.00023781849177761797,-0.0009112032438835482,-0.0011490217356611662,0.0065506456751548165,-0.0008656430816893708,-0.0011034615734669888,0.011259883163498394,0.006547612123932149,0.004731733766657878,0.008344865893289593,0.33446062322736403,0.13551195946354852,0.0501968215223164,0.013411155817556508,0.05396288023945982,0.014105546692878775,0.00670386694408065,0.004337944257514543
snap_mathoverflow,real,5,39158,1.0029197828091385,0.07608547086427628,0.016811699849651463,0.011526721035126884,True,True,0.03047974850790469,0.0010869207911236856,-0.007973028383981048,-0.006886107592857363,0.008353766661094983,-0.003690373137728381,-0.0026034523466046955,0.0012719175502728143,-0.009066472276641304,-0.00779455472636849,0.013026439396370586,-0.005558339787689643,-0.004286422237416829,0.00034587367479011616,-0.004829377192582806,-0.00448350351779269,0.011211972358101431,-0.00405485443528179,-0.0037089807604916737,8.110264358162397e-05,-0.0011845642170486127,-0.0011034615734669888,0.007712429811106342,-0.0011845642170486127,-0.0011034615734669888,0.006886107592857363,0.005066906852621383,0.008353766661094983,0.010076152056668335,0.33446062322736403,0.13551195946354852,0.05319446747214697,0.014019697477184281,0.05707821860082203,0.014865985686347597,0.0026034523466046955,0.002925579229495047
snap_mathoverflow,real,6,39160,1.002971007068948,0.0732151806460431,0.01685726001184564,0.011572281197321063,True,True,0.03057086883229304,0.0010413606289294969,-0.008200829194951922,-0.0071594685660224255,0.008125965850124095,-0.003098091029204053,-0.0020567304002745562,0.0010441167393019299,-0.00970431454735979,-0.00866019780805786,0.012092456071389954,-0.0050571780035536945,-0.004013061264251765,7.251270162505173e-05,-0.004874937354776983,-0.004802424653151931,0.011120852033713075,-0.004145974759670145,-0.004073462058045093,-0.00010113800519508565,-0.0010023235682719031,-0.0011034615734669888,0.006710106242834439,-0.0010023235682719031,-0.0011034615734669888,0.0071594685660224255,0.005431388150174801,0.008125965850124095,0.00951234504951539,0.33446062322736403,0.13551195946354852,0.052749850270900775,0.01389431562540106,0.05598271639942594,0.014618677971826206,0.0020567304002745562,0.0028116788240096008
snap_mathoverflow,real,7,39236,1.0049175289417067,0.07617659118866463,0.018816346986195272,0.01234680395462208,True,True,0.031846553373730005,0.003091567927667488,-0.0094765137363889,-0.006384945808721412,0.009538330878143583,-0.003690373137728367,-0.0005988052100608793,0.0017730793344087684,-0.010478837304660807,-0.008705757970252038,0.012365817044555017,-0.006332862544990662,-0.0045597832105818935,0.00043699399917847097,-0.004966057679165338,-0.004529063679986867,0.01169035406114029,-0.0040092942730876125,-0.0035723002739091415,0.0002633432923583336,-0.0013668048658253224,-0.0011034615734669888,0.007552969243426719,-0.0013668048658253224,-0.0011034615734669888,0.006384945808721412,0.005180807258106827,0.009538330878143583,0.010286867806816404,0.33446062322736403,0.13551195946354852,0.05412520878298026,0.014152365713342255,0.05688056344338706,0.014832190984393605,0.0005988052100608793,0.002458587567004726
snap_mathoverflow,real,8,39042,0.9999487757401906,0.07376190259237322,0.016310538065515513,0.01107111941318511,True,True,0.03157319240056494,0.0010413606289294969,-0.007380746275456734,-0.0063393856465272375,0.009447210553755234,-0.0030525308670098783,-0.0020111702380803814,-0.000322688126523394,-0.009430953574194724,-0.009753641700718118,0.010816771529952984,-0.005877260923048886,-0.00619994904957228,0.000664794810149358,-0.005148298327942048,-0.00448350351779269,0.010824710979450921,-0.0042370950840584995,-0.0035723002739091415,0.00021778313016415619,-0.0013668048658253224,-0.0011490217356611662,0.0074390688379412755,-0.0013668048658253224,-0.0011490217356611662,0.0063393856465272375,0.005431388150174803,0.009447210553755234,0.009631940475275103,0.33446062322736403,0.13551195946354852,0.05269960804193603,0.014106109097870717,0.05573353811886565,0.014549167373507962,0.0020111702380803814,0.0032331103243057424
snap_mathoverflow,real,9,39184,1.003585698186661,0.0756298692423345,0.01703950066062235,0.012255683630233724,True,True,0.03252995580664267,0.0014514020886770979,-0.008474190168116999,-0.007022788079439901,0.009242189823881433,-0.0034170121645633045,-0.0019656100758862066,0.0009074362527193951,-0.009522073898583078,-0.008614637645863683,0.012046895909195773,-0.006150621896213949,-0.005243185643494554,0.00016363302601340654,-0.005011617841359515,-0.004847984815346109,0.01118919227700434,-0.0044648958950293865,-0.00430126286901598,-0.0003289388161659728,-0.0008200829194951934,-0.0011490217356611662,0.007461848919038365,-0.0008200829194951934,-0.0011490217356611662,0.007022788079439901,0.005408608069077715,0.009242189823881433,0.009985031732279978,0.33446062322736403,0.13551195946354852,0.05349560041285291,0.01402528137450846,0.05662959281774389,0.01471956727672286,0.0019656100758862066,0.0031647700810144767
snap_mathoverflow,real,10,38846,0.9949287982788648,0.07417194405212083,0.01658389903868058,0.012301243792427901,True,True,0.03107203061642899,-0.0016011287783327804,-0.008109708870563587,-0.009710837648896367,0.005825177659318129,-0.0038270536243109055,-0.005428182402643686,0.00045183463077762276,-0.009567634060777257,-0.009115799429999634,0.011249593070797672,-0.005922821085243064,-0.005470986454465442,0.00039143383698429356,-0.004738256868194451,-0.004346823031210157,0.0108702711416451,-0.004282655246252677,-0.0038912214092683833,0.0003544636167466884,-0.0014579251902136772,-0.0011034615734669888,0.007484629000135454,-0.0014579251902136772,-0.0011034615734669888,0.009710837648896367,0.006069230420893287,0.005825177659318129,0.00885741771797409,0.33446062322736403,0.13551195946354852,0.05012283506877645,0.01350805639474798,0.05718969980774512,0.015033452564805889,0.005428182402643686,0.003973462959961125
snap_mathoverflow,real,11,39444,1.0102448519618892,0.07754339605448995,0.01635609822770969,0.01216456330584537,True,True,0.03335003872613786,0.002225924845978111,-0.008884231627864586,-0.006658306781886475,0.01001671258118246,-0.0036448129755341924,-0.0014188881295560812,0.00022403381980673487,-0.009203152763223837,-0.008979118943417103,0.013026439396370586,-0.005968381247437241,-0.005744347427630506,0.00030031351259593875,-0.004738256868194451,-0.004437943355598512,0.011735914223334469,-0.004145974759670145,-0.003845661247074206,0.0004455839411350432,-0.0015946056767962094,-0.0011490217356611662,0.007621309486717985,-0.0015034853524078546,-0.0010579014112728114,0.006658306781886475,0.005306097704140814,0.01001671258118246,0.010600093921901374,0.33446062322736403,0.13551195946354852,0.05382953733911221,0.014095280950465963,0.05700374636115611,0.014844546894132749,0.0014188881295560812,0.0030166995538834012
snap_mathoverflow,real,12,38845,0.9949031861489601,0.07148389448266436,0.0165383388764864,0.011708961683903594,True,True,0.03111759077862318,0.00122360127770621,-0.008200829194951936,-0.006977227917245726,0.008581567472065857,-0.003553692651145829,-0.002330091373439619,0.00026959398200091314,-0.009613194222971435,-0.009343600240970522,0.01099901217872969,-0.006423982869379015,-0.006154388887378102,0.00030031351259593875,-0.004783817030388628,-0.00448350351779269,0.010619690249577124,-0.0042370950840584995,-0.003936781571462561,8.110264358162397e-05,-0.0012301243792427901,-0.0011490217356611662,0.007302388351358744,-0.0012301243792427901,-0.0011490217356611662,0.006977227917245726,0.0054883383529175265,0.008581567472065857,0.009375664562932854,0.33446062322736403,0.13551195946354852,0.05222261710291769,0.014031632067974965,0.057600119756287996,0.015103653516879251,0.002330091373439619,0.003392570891985362
snap_mathoverflow,real,13,39004,0.9989755148038111,0.07558430908014033,0.01599161693015627,0.010524397466854981,True,True,0.032757756617613557,0.0002212777094343088,-0.00724406578887421,-0.007022788079439901,0.009356090229366884,-0.0032347715157865914,-0.0030134938063522826,-0.000322688126523394,-0.00861087065469953,-0.008933558781222924,0.012001335747001594,-0.0050116178413595145,-0.0053343059678829085,-0.0001552881093458353,-0.0044648958950293865,-0.004620184004375222,0.011189192277004344,-0.0036448129755341932,-0.0038001010848800285,-0.0005111794649426824,-0.0006378422707184838,-0.0011490217356611662,0.006732886323931526,-0.0006378422707184838,-0.0011490217356611662,0.007022788079439901,0.005431388150174804,0.009356090229366884,0.009819876144326087,0.33446062322736403,0.13551195946354852,0.05354751551295982,0.014178914346775581,0.05557703882269742,0.01450534533888634,0.0030134938063522826,0.0033242306486940963
snap_mathoverflow,real,14,38966,0.9980022538674316,0.07376190259237322,0.015353774659437788,0.0108888787644084,True,True,0.030844229805458118,-0.0011910873185851933,-0.00724406578887421,-0.008435153107459403,0.0069869617952696556,-0.003508132488951654,-0.004699219807536847,-3.766991164153022e-06,-0.009066472276641304,-0.009070239267805457,0.010976232097632606,-0.005148298327942046,-0.005152065319106199,7.251270162505173e-05,-0.004738256868194451,-0.004665744166569399,0.010391889438606236,-0.004100414597475967,-0.0040279018958509155,-0.00019225832958344056,-0.0009567634060777256,-0.0011490217356611662,0.006755666405028615,-0.0009567634060777256,-0.0011490217356611662,0.008435153107459403,0.0058300395693738575,0.0069869617952696556,0.008777687434134278,0.33446062322736403,0.13551195946354852,0.05115682907875939,0.013791161541031166,0.056331703859080415,0.01463381210786354,0.004699219807536847,0.003757052189538782
snap_mathoverflow,real,15,38848,0.9949800225386743,0.07216729691557702,0.016128297416738803,0.011936762494874482,True,True,0.03006970704815709,-0.0026490125087988703,-0.007608547086427622,-0.010257559595226493,0.004777293928852053,-0.0037814934621167168,-0.006430505970915587,-0.0009605303972418759,-0.009157592601029661,-0.010118122998271537,0.009882788204972345,-0.006196182058408129,-0.007156712455650005,-0.0003830889203167223,-0.0044648958950293865,-0.004847984815346109,0.010164088627635348,-0.0038726137865050803,-0.004255702706821803,-0.0002833786539717954,-0.0008656430816893708,-0.0011490217356611662,0.006641765999543171,-0.0008656430816893708,-0.0011490217356611662,0.010257559595226493,0.006593172286126326,0.004777293928852053,0.007866484190250728,0.33446062322736403,0.13551195946354852,0.04923519130469632,0.013379110321407437,0.05563613777607128,0.014523765506381672,0.006430505970915587,0.004747985717262141
snap_mathoverflow,real,16,38818,0.9942116586415326,0.07326074080823727,0.01676613968745729,0.011617841359515239,True,True,0.030160827372545454,-0.0028312531575755834,-0.007608547086427622,-0.010439800244003206,0.004640613442269528,-0.0030069707048157035,-0.005838223862391287,0.0018641996587971214,-0.009795434871748143,-0.007931235212951021,0.01263917801772008,-0.006241742220602305,-0.004377542561805184,0.0006192346479551806,-0.005148298327942048,-0.004529063679986867,0.011348652844683959,-0.0044648958950293865,-0.003845661247074206,0.0004455839411350432,-0.0015946056767962094,-0.0011490217356611662,0.007347948513552921,-0.0015034853524078546,-0.0010579014112728114,0.010439800244003206,0.0060122802181505645,0.004640613442269528,0.008994098204556622,0.33446062322736403,0.13551195946354852,0.05034503318139284,0.013389303052810426,0.05653482075735704,0.01484508669859797,0.005838223862391287,0.0037798322706358717
snap_mathoverflow,real,17,39213,1.0043284499538983,0.07485534648503349,0.015809376281379562,0.011663401521709417,True,True,0.03020638753473963,0.0022714850081723,-0.0071073853022916855,-0.004835900294119386,0.010267293473250436,-0.003690373137728381,-0.0014188881295560812,4.179317103002525e-05,-0.009704314547359788,-0.009662521376329763,0.01177353493603071,-0.005740580436466353,-0.005698787265436328,-0.0002919685959283675,-0.004373775570641032,-0.004665744166569399,0.011485333331266494,-0.0040092942730876125,-0.00430126286901598,-0.00014669816738926305,-0.0010023235682719031,-0.0011490217356611662,0.007211268026970389,-0.0009567634060777257,-0.0011034615734669888,0.004835900294119386,0.005078296893169929,0.010267293473250436,0.010184357441879507,0.33446062322736403,0.13551195946354852,0.054036993222715976,0.014206516098624021,0.05662959281774389,0.014719567276722858,0.0014188881295560812,0.0031305999593688443
snap_mathoverflow,real,18,39001,0.998898678414097,0.07467310583625678,0.0165383388764864,0.011526721035126884,True,True,0.03239327532006013,-0.0003254442368958166,-0.008747551141282062,-0.009072995378177878,0.00712364228185218,-0.0034170121645633045,-0.003742456401459121,-4.9327153358327824e-05,-0.00883867146567042,-0.008887998619028748,0.010976232097632602,-0.005968381247437243,-0.00601770840079557,0.00016363302601340654,-0.004601576381611919,-0.004437943355598512,0.011622013817849025,-0.00405485443528179,-0.0038912214092683833,0.00021778313016415619,-0.0013668048658253224,-0.0011490217356611662,0.007598529405620898,-0.001321244703631145,-0.0011034615734669888,0.009072995378177878,0.005886989772116576,0.00712364228185218,0.009330104400738677,0.33446062322736403,0.13551195946354852,0.05099122818515424,0.013780482558070451,0.055908244159760076,0.014597342990245392,0.003742456401459121,0.003688711946247516
snap_mathoverflow,real,19,39257,1.005455383669706,0.07708779443254818,0.01676613968745729,0.011936762494874482,True,True,0.03344115905052622,0.0014514020886770979,-0.00897535195225295,-0.007523949863575852,0.009196629661687258,-0.0036448129755341924,-0.0021934108868570945,0.0005885151173601541,-0.008838671465670418,-0.008250156348310264,0.012684738179914255,-0.0054672194633012886,-0.0048787043459411344,0.00048255416137264837,-0.004829377192582806,-0.004346823031210157,0.010893051222742187,-0.00369037313772837,-0.003207818976355722,0.000308903454552511,-0.0014579251902136772,-0.0011490217356611662,0.006960687134902414,-0.0013668048658253224,-0.0010579014112728114,0.007523949863575852,0.005317487744689361,0.009196629661687258,0.009933776549811528,0.33446062322736403,0.13551195946354852,0.053915290421471515,0.014132673305974158,0.05692927412149025,0.014823108101917925,0.0021934108868570945,0.0028344589051066903
snap_mathoverflow,real,20,39259,1.0055066079295154,0.07526538794478109,0.015536015308214498,0.010478837304660805,True,True,0.032894437104196095,0.0013147216020945734,-0.008155269032757761,-0.006840547430663188,0.00960667112143486,-0.00328033167798078,-0.0019656100758862066,-0.0002771279643292157,-0.008838671465670418,-0.009115799429999634,0.011659634530545266,-0.005558339787689645,-0.005835467752018861,-0.0004742092447050771,-0.00405485443528179,-0.004529063679986867,0.010483009762994589,-0.0034625723267574836,-0.003936781571462561,-0.000465619302748505,-0.0006834024329126612,-0.0011490217356611662,0.006527865594057727,-0.0006834024329126612,-0.0011490217356611662,0.006840547430663188,0.005408608069077714,0.00960667112143486,0.00956929525225811,0.33446062322736403,0.13551195946354852,0.05358438137375836,0.014115026437945022,0.05762588131785064,0.015134175191569753,0.0019656100758862066,0.0032217202837571987
dar_a0_r1,synthetic,1,1027,1.0148221343873518,0.17403314917127072,0.024861878453038673,0.016574585635359115,False,False,0.008287292817679592,0.029273666985304814,0.0,0.029273666985304814,0.03341731339414461,0.0,0.029273666985304814,0.0030605466534890796,-0.024861878453038666,-0.021801331799549586,0.023778778697687977,-0.00828729281767955,-0.005226746164190471,0.0022520697979617945,-0.0055248618784530384,-0.003272792080491244,0.03954488747751981,-0.008287292817679558,-0.006035223019717763,-0.0005865102639296188,0.0,-0.0005865102639296188,0.015988075371429496,0.0,-0.0005865102639296188,0.029273666985304814,0.013733575282318815,0.03341731339414461,0.028182263735195473,0.036130379748897434,0.035302722847475314,0.023377646611112246,0.022266521139161968,0.006017928984756782,0.05184994808646726,0.029273666985304814,0.010280536608285666
dar_a0_r1,synthetic,2,965,0.9535573122529645,0.1712707182320442,0.04419889502762431,0.016574585635359115,False,False,0.01657458563535913,-0.009400366163866414,-0.013812154696132617,-0.02321252085999903,-0.014925228042319438,-0.002762430939226568,-0.012162797103092982,0.011347839471168644,-0.027624309392265192,-0.016276469921096548,0.03206607151536754,-0.011049723756906077,0.00029811571426256733,-0.006035223019717763,-0.0027624309392265192,-0.008797653958944282,0.02987637919022699,-0.0027624309392265192,-0.008797653958944282,-0.0005865102639296188,0.0,-0.0005865102639296188,0.014606859901816236,0.0,-0.0005865102639296188,0.02321252085999903,0.01221828875099237,0.014925228042319438,0.022868634662432552,0.036130379748897434,0.035302722847475314,0.0031882499949720255,0.013354757644879502,0.0015836698668535432,0.04877782968251661,0.012162797103092982,0.005461269260057362
dar_a0_r1,synthetic,3,989,0.9772727272727273,0.16022099447513813,0.024861878453038673,0.011049723756906077,False,False,0.013812154696132617,-0.014925228042319494,-0.0055248618784530246,-0.02045008992077252,-0.01354401257270621,0.0,-0.014925228042319494,-0.019038900860323074,-0.016574585635359115,-0.03561348649568219,0.00029811571426256733,-0.008287292817679558,-0.027326193678002632,-0.006035223019717763,-0.0027624309392265192,-0.008797653958944282,0.02158908637254743,-0.0027624309392265192,-0.008797653958944282,-0.0005865102639296188,0.0,-0.0005865102639296188,0.014606859901816236,0.0,-0.0005865102639296188,0.02045008992077252,0.016361935159832152,0.01354401257270621,0.01250951864033311,0.036130379748897434,0.035302722847475314,0.014310142212034749,0.013343243026763157,0.025244911216142585,0.05011510518985372,0.014925228042319494,0.012908896485799006
dar_a0_r1,synthetic,4,1009,0.9970355731225297,0.17403314917127072,0.016574585635359115,0.013812154696132596,False,False,0.008287292817679592,-0.009400366163866414,-0.00552486187845308,-0.014925228042319494,-0.010781581633479698,0.0,-0.009400366163866414,-0.019038900860323074,-0.011049723756906077,-0.03008862461722915,0.009966624001555374,-0.013812154696132596,-0.03285105555645567,-0.003272792080491244,0.0,-0.003272792080491244,0.028495163720613732,0.0,-0.003272792080491244,-0.0005865102639296188,0.0,-0.0005865102639296188,0.006319567084136679,0.0,-0.0005865102639296188,0.014925228042319494,0.012218288750992377,0.010781581633479698,0.013890734109946372,0.036130379748897434,0.035302722847475314,0.005043568104740215,0.012877065708957162,0.013643603216754507,0.048207545482164174,0.009400366163866414,0.011527681016185736
dar_a0_r1,synthetic,5,1015,1.0029644268774704,0.19613259668508287,0.024861878453038673,0.016574585635359115,True,True,0.02762430939226518,0.0016493575930396354,-0.008287292817679537,-0.0066379352246399015,0.00717421947149266,-0.0027624309392265123,-0.001113073346186877,-0.01075160804264351,-0.013812154696132603,-0.024563762738776113,0.021016347758461465,-0.008287292817679565,-0.019038900860323074,-0.003272792080491244,-0.0055248618784530384,-0.008797653958944282,0.028495163720613732,-0.0055248618784530384,-0.008797653958944282,-0.0005865102639296188,0.0,-0.0005865102639296188,0.017369290841042755,0.0,-0.0005865102639296188,0.0066379352246399015,0.010146465546572479,0.00717421947149266,0.018513755447902652,0.036130379748897434,0.035302722847475314,0.008063183032745835,0.01704709751422867,0.0019434496384335698,0.059965659585800385,0.001113073346186877,0.007384034607345963
dar_a0_r1,synthetic,6,1000,0.9881422924901185,0.16022099447513813,0.016574585635359115,0.008287292817679558,True,True,0.022099447513812154,-0.014925228042319494,-0.0055248618784530246,-0.02045008992077252,-0.009400366163866414,0.0,-0.014925228042319494,-0.005226746164190471,-0.011049723756906077,-0.016276469921096548,0.01687270134962167,0.0,-0.005226746164190471,-0.0005103611412647247,-0.0055248618784530384,-0.006035223019717763,0.022970301842160694,-0.008287292817679558,-0.008797653958944282,-0.0005865102639296188,0.0,-0.0005865102639296188,0.006319567084136679,0.0,-0.0005865102639296188,0.02045008992077252,0.010837073281379112,0.009400366163866414,0.013890734109946365,0.036130379748897434,0.035302722847475314,0.013801877774133553,0.01473886948678075,0.02243089369608514,0.04457073920883958,0.014925228042319494,0.007384034607345966
dar_a0_r1,synthetic,7,981,0.9693675889328063,0.15469613259668508,0.03038674033149171,0.022099447513812154,False,False,0.013812154696132617,-0.025974951799225543,-0.008287292817679592,-0.034262244616905135,-0.027356167268838827,-0.0055248618784530246,-0.03149981367767857,-0.007989177103416997,-0.022099447513812154,-0.03008862461722915,0.011347839471168644,-0.01381215469613259,-0.021801331799549586,-0.006035223019717763,-0.0027624309392265192,-0.008797653958944282,0.02711394825100047,-0.0027624309392265192,-0.008797653958944282,-0.0005865102639296188,0.0,-0.0005865102639296188,0.00493835161452342,0.0,-0.0005865102639296188,0.034262244616905135,0.018433758364252047,0.027356167268838827,0.01768907665138284,0.036130379748897434,0.035302722847475314,0.022558412821632068,0.013985768417738484,0.016185879681559934,0.04344894478736947,0.03149981367767857,0.015671327425025514
dar_a0_r1,synthetic,8,950,0.9387351778656127,0.13535911602209943,0.024861878453038673,0.011049723756906077,False,False,0.00552486187845308,-0.05636169213071729,-0.0027624309392265123,-0.0591241230699438,-0.05636169213071729,-0.0027624309392265123,-0.0591241230699438,-0.013514038981870036,-0.019337016574585635,-0.03285105555645567,0.0030605466534890796,-0.0055248618784530384,-0.019038900860323074,-0.003272792080491244,-0.0027624309392265192,-0.006035223019717763,0.014683009024481131,-0.0027624309392265192,-0.006035223019717763,-0.0005865102639296188,0.0,-0.0005865102639296188,0.00493835161452342,0.0,-0.0005865102639296188,0.0591241230699438,0.024649227977511713,0.05636169213071729,0.019760899855802733,0.036130379748897434,0.035302722847475314,0.06935383011145341,0.020380559246459817,0.04515758702545147,0.04632740947163115,0.0591241230699438,0.021196189303478562
dar_a0_r1,synthetic,9,1013,1.0009881422924902,0.1850828729281768,0.024861878453038673,0.0027624309392265192,False,False,0.013812154696132561,0.02374880510685179,-0.008287292817679537,0.015461512289172252,0.022367589637238505,0.0,0.02374880510685179,-0.01075160804264351,-0.013812154696132603,-0.024563762738776113,0.018253916819234925,0.0,-0.01075160804264351,-0.003272792080491244,-0.0027624309392265192,-0.006035223019717763,0.02435151731177395,-0.0027624309392265192,-0.006035223019717763,-0.0005865102639296188,0.0,-0.0005865102639296188,0.00493835161452342,0.0,-0.0005865102639296188,0.015461512289172252,0.011661752077898936,0.022367589637238505,0.0174778438456927,0.036130379748897434,0.035302722847475314,0.010323405778151162,0.016338733177380434,0.0035995688805794956,0.056258942307756986,0.02374880510685179,0.01028053660828567
dar_a0_r1,synthetic,10,1026,1.0138339920948616,0.16574585635359115,0.03314917127071823,0.013812154696132596,False,False,0.01657458563535913,-0.014925228042319494,-0.0055248618784530246,-0.02045008992077252,-0.012162797103092982,0.0,-0.014925228042319494,0.0030605466534890796,-0.019337016574585628,-0.016276469921096548,0.015491485880008413,-0.00828729281767955,-0.005226746164190471,0.005014500737188314,-0.011049723756906077,-0.006035223019717763,0.025732732781387206,-0.0055248618784530384,-0.0005103611412647247,-0.0005865102639296188,0.0,-0.0005865102639296188,0.010463213492976457,0.0,-0.0005865102639296188,0.02045008992077252,0.010837073281379112,0.012162797103092982,0.015962557314366264,0.036130379748897434,0.035302722847475314,0.002184790687432381,0.013347241272078527,0.005415123047683712,0.05316357830911758,0.014925228042319494,0.005312211402926077
dar_a0_r1,synthetic,11,1003,0.991106719367589,0.16574585635359115,0.04696132596685083,0.011049723756906077,False,False,0.008287292817679592,-0.03702467555613165,-0.0027624309392265123,-0.03978710649535816,-0.035643460086518364,0.0,-0.03702467555613165,0.005822977592715606,-0.038674033149171276,-0.03285105555645567,0.011347839471168644,-0.0055248618784530384,0.00029811571426256733,0.005014500737188314,-0.011049723756906077,-0.006035223019717763,0.03678245653829328,-0.0055248618784530384,-0.0005103611412647247,0.0021759206752969005,-0.0027624309392265192,-0.0005865102639296188,0.015988075371429496,0.0,0.0021759206752969005,0.03978710649535816,0.019814973833865303,0.035643460086518364,0.024940457866852443,0.036130379748897434,0.035302722847475314,0.03273137236472162,0.014756049925426513,0.029091570667412747,0.046481603080449296,0.03702467555613165,0.01000226827173896
dar_a0_r1,synthetic,12,1004,0.9920948616600791,0.1574585635359116,0.03591160220994475,0.016574585635359115,True,True,0.013812154696132561,0.004411788532266148,-0.011049723756906049,-0.0066379352246399015,0.000268142123426407,-0.0027624309392265123,0.0016493575930396354,0.00029811571426256733,-0.01933701657458564,-0.019038900860323074,0.02101634775846145,-0.008287292817679565,-0.007989177103416997,-0.0005103611412647247,-0.0055248618784530384,-0.006035223019717763,0.032638810129453515,-0.0055248618784530384,-0.006035223019717763,-0.0005865102639296188,0.0,-0.0005865102639296188,0.011844428962589717,0.0,-0.0005865102639296188,0.0066379352246399015,0.00807464234215259,0.000268142123426407,0.01644193224348277,0.036130379748897434,0.035302722847475314,0.006982109691209493,0.015913547978699906,0.004387402218237912,0.051597406431982594,0.0016493575930396354,0.004065066995026003
dar_a0_r1,synthetic,13,1004,0.9920948616600791,0.1850828729281768,0.04696132596685083,0.008287292817679558,True,True,0.0331491712707182,0.01269908134994574,-0.022099447513812154,-0.009400366163866414,0.00717421947149266,-0.002762430939226568,0.009936650410719172,-0.002464315224963959,-0.03038674033149171,-0.03285105555645567,0.021016347758461465,-0.0027624309392265123,-0.005226746164190471,-0.0005103611412647247,-0.0027624309392265192,-0.003272792080491244,0.03125759465984025,-0.0027624309392265192,-0.003272792080491244,-0.0005865102639296188,0.0,-0.0005865102639296188,0.015988075371429496,0.0,-0.0005865102639296188,0.009400366163866414,0.011527681016185736,0.00717421947149266,0.018859059315305966,0.036130379748897434,0.035302722847475314,0.0071442969459428185,0.016077284614369833,0.005085318771269665,0.05131295935641839,0.009936650410719172,0.004755674729832626
dar_a0_r1,synthetic,14,1012,1.0,0.143646408839779,0.03591160220994475,0.019337016574585635,False,False,0.01657458563535913,-0.02045008992077252,-0.013812154696132617,-0.034262244616905135,-0.0259749517992256,-0.0027624309392265123,-0.02321252085999903,0.008585408531942118,-0.030386740331491705,-0.021801331799549586,0.01825391681923494,-0.01381215469613259,-0.005226746164190471,-0.003272792080491244,0.0,-0.003272792080491244,0.02158908637254743,-0.0027624309392265192,-0.006035223019717763,-0.0005865102639296188,0.0,-0.0005865102639296188,0.009081998023363198,0.0,-0.0005865102639296188,0.034262244616905135,0.014980719690218896,0.0259749517992256,0.01872498825359279,0.036130379748897434,0.035302722847475314,0.020006173666935523,0.01408064466470631,0.011220704068981402,0.04301436284723623,0.02321252085999903,0.00876525007695922
dar_a0_r1,synthetic,15,1023,1.0108695652173914,0.1850828729281768,0.019337016574585635,0.0055248618784530384,False,False,0.008287292817679592,0.01269908134994574,-0.002762430939226568,0.009936650410719172,0.014080296819558968,0.0,0.01269908134994574,-0.005226746164190471,-0.013812154696132603,-0.019038900860323074,0.015491485880008413,-0.002762430939226526,-0.007989177103416997,-0.006035223019717763,-0.0027624309392265192,-0.008797653958944282,0.02158908637254743,-0.0027624309392265192,-0.008797653958944282,-0.0005865102639296188,0.0,-0.0005865102639296188,0.006319567084136679,0.0,-0.0005865102639296188,0.009936650410719172,0.009589928873479037,0.014080296819558968,0.014370109039062873,0.036130379748897434,0.035302722847475314,0.0023435416632479056,0.012589660397022993,0.012065924872677769,0.055183943393838204,0.01269908134994574,0.007518105669059159
dar_a0_r1,synthetic,16,998,0.9861660079051383,0.18232044198895028,0.027624309392265192,0.016574585635359115,False,False,0.013812154696132617,-0.034262244616905135,-0.0027624309392265123,-0.03702467555613165,-0.03011859820806534,0.0,-0.034262244616905135,-0.01075160804264351,-0.02209944751381216,-0.03285105555645567,0.011347839471168644,-0.0055248618784530384,-0.016276469921096548,0.005014500737188314,-0.008287292817679558,-0.003272792080491244,0.03263881012945351,-0.011049723756906077,-0.006035223019717763,-0.0005865102639296188,0.0,-0.0005865102639296188,0.011844428962589717,0.0,-0.0005865102639296188,0.03702467555613165,0.018433758364252047,0.03011859820806534,0.021487419192819303,0.036130379748897434,0.035302722847475314,0.032530478866766965,0.014581006620463074,0.032046664142601045,0.04454086797307649,0.034262244616905135,0.014290111955412266
dar_a0_r1,synthetic,17,1039,1.0266798418972332,0.18232044198895028,0.024861878453038673,0.0055248618784530384,False,False,0.019337016574585586,0.020986374167625277,-0.008287292817679537,0.01269908134994574,0.022367589637238505,0.0,0.020986374167625277,0.005822977592715606,-0.01933701657458564,-0.013514038981870036,0.0334472869849808,-0.0055248618784530384,0.00029811571426256733,-0.003272792080491244,-0.0055248618784530384,-0.008797653958944282,0.03263881012945351,0.0,-0.003272792080491244,-0.0005865102639296188,0.0,-0.0005865102639296188,0.011844428962589717,0.0,-0.0005865102639296188,0.01269908134994574,0.008899321138672419,0.022367589637238505,0.025074528928565633,0.036130379748897434,0.035302722847475314,0.02227443044453986,0.02212502745067172,0.00135219027412814,0.05039142719319058,0.020986374167625277,0.0062859480565771765
dar_a0_r1,synthetic,18,1061,1.0484189723320159,0.19613259668508287,0.03867403314917127,0.013812154696132596,False,False,0.01933701657458564,0.04308582168143743,0.0,0.04308582168143743,0.05275432996873025,0.0,0.04308582168143743,0.016872701349621683,-0.03038674033149172,-0.013514038981870036,0.03206607151536754,-0.002762430939226526,0.014110270410395157,0.005014500737188314,-0.011049723756906077,-0.006035223019717763,0.027113948251000476,-0.011049723756906077,-0.006035223019717763,-0.0005865102639296188,0.0,-0.0005865102639296188,0.006319567084136679,0.0,-0.0005865102639296188,0.04308582168143743,0.01580539848673871,0.05275432996873025,0.02956347920480874,0.036130379748897434,0.035302722847475314,0.03799184185774712,0.02702940181935608,0.012973420326371943,0.06649117748876224,0.04308582168143743,0.01595445634386999
dar_a0_r1,synthetic,19,1000,0.9881422924901185,0.16574585635359115,0.027624309392265192,0.013812154696132596,False,False,0.008287292817679537,-0.025974951799225543,-0.0027624309392265123,-0.028737382738452055,-0.02459373632961226,0.0,-0.025974951799225543,0.008585408531942118,-0.027624309392265192,-0.019038900860323074,0.015491485880008413,-0.011049723756906077,-0.002464315224963959,-0.003272792080491244,-0.0027624309392265192,-0.006035223019717763,0.02987637919022699,-0.0055248618784530384,-0.008797653958944282,-0.0005865102639296188,0.0,-0.0005865102639296188,0.011844428962589717,0.0,-0.0005865102639296188,0.028737382738452055,0.013599504220605628,0.02459373632961226,0.020451507590609347,0.036130379748897434,0.035302722847475314,0.016216365655554954,0.013875922291784212,0.0244078899974845,0.05091177681979549,0.025974951799225543,0.00945585781176585
dar_a0_r1,synthetic,20,1080,1.0671936758893281,0.23480662983425415,0.03314917127071823,0.016574585635359115,False,False,0.011049723756906049,0.07071013107370261,-0.008287292817679537,0.06242283825602307,0.0679477001344761,0.0,0.07071013107370261,0.02239756322807472,-0.027624309392265192,-0.005226746164190471,0.05002187262033993,-0.013812154696132603,0.008585408531942118,0.005014500737188314,-0.0055248618784530384,-0.0005103611412647247,0.04506974935597285,0.0,0.005014500737188314,0.0021759206752969005,-0.0027624309392265192,-0.0005865102639296188,0.014606859901816236,-0.0027624309392265192,-0.0005865102639296188,0.06242283825602307,0.01718661395635197,0.0679477001344761,0.044411545503151274,0.036130379748897434,0.035302722847475314,0.06341781581568845,0.03839476031355487,0.045419905056000354,0.08533737585454279,0.07071013107370261,0.021224137651690664
dar_a08_r1,synthetic,1,1031,1.0068359375,0.6324110671936759,0.48616600790513836,0.37549407114624506,False,False,0.031620553359683834,-0.006901886838065474,-0.027667984189723382,-0.03456987102778886,-0.01875959434794694,-0.0039525691699604515,-0.010854456008025926,0.015423480920090493,-0.21343873517786566,-0.19801525425777516,-0.0794381791589609,-0.02371541501976293,-0.008291934099672438,0.03210646553287155,-0.35968379446640314,-0.3275773289335316,-0.11018602458570548,-0.16996047430830036,-0.1378540087754288,0.015196238411236462,-0.33201581027667987,-0.3168195718654434,-0.07571285249785448,-0.2964426877470356,-0.2812464493357991,0.03456987102778886,0.21924550652113475,0.01875959434794694,0.07102416264761695,0.41921484978216883,0.3929266271245457,0.028524334935521756,0.01918259664184367,0.2742035969861793,0.26040371514211585,0.010854456008025926,0.10956171205473157
dar_a08_r1,synthetic,2,1051,1.0263671875,0.6561264822134387,0.4743083003952569,0.383399209486166,False,False,0.01976284584980248,0.02471866652161836,-0.01976284584980248,0.00495582067181588,0.01483724359671712,-0.0039525691699605625,0.020766097351657797,0.007518342580169479,-0.18972332015810273,-0.18220497757793325,-0.06362790247911898,-0.03952569169960474,-0.03200734911943526,0.01629618885302969,-0.34782608695652173,-0.3315298981034921,-0.1042571708307648,-0.17786561264822137,-0.16156942379519168,0.015196238411236462,-0.3280632411067194,-0.31286700269548295,-0.06978399874291377,-0.30830039525691705,-0.2931041568456806,0.00495582067181588,0.20788942476218103,0.01483724359671712,0.06312657891237866,0.41921484978216883,0.3929266271245457,0.035655013121903,0.030282639994764216,0.2693955721839678,0.25244792737606003,0.020766097351657797,0.12686175677799133
dar_a08_r1,synthetic,3,1019,0.9951171875,0.5928853754940712,0.4505928853754941,0.34782608695652173,False,False,0.007905138339920903,-0.0029493176681050226,-0.007905138339920903,-0.010854456008025926,-0.006901886838065474,-0.0039525691699604515,-0.006901886838065474,-0.024102210779514244,-0.22529644268774707,-0.2493986534672613,-0.11698758627358541,-0.04743083003952575,-0.07153304081904,-0.04694491786633792,-0.32806324110671936,-0.3750081589730573,-0.14773543170033004,-0.16996047430830039,-0.2169053921746383,0.007291100071315504,-0.31620553359683795,-0.30891443352552245,-0.0776891370828347,-0.29249011857707513,-0.2851990185057596,0.010854456008025926,0.23604392549346676,0.006901886838065474,0.08732851047370391,0.41921484978216883,0.3929266271245457,0.019454931956024324,0.014597313636411785,0.2781888855690198,0.26385992948387904,0.006901886838065474,0.14513483458437587
dar_a08_r1,synthetic,4,1059,1.0341796875,0.6640316205533597,0.49407114624505927,0.43873517786561267,True,True,0.031620553359683834,0.02471866652161836,-0.027667984189723382,-0.0029493176681050226,0.012860959011736894,0.0,0.02471866652161836,0.0747120184694976,-0.20948616600790515,-0.13477414753840755,-0.020149641609553792,-0.055335968379446654,0.019376050090050945,0.05186931138267392,-0.37549407114624506,-0.32362475976357113,-0.09239946332088339,-0.21739130434782605,-0.16552199296515213,0.031006515091078324,-0.3320158102766798,-0.3010092951856015,-0.0519974374780916,-0.32806324110671936,-0.29705672601564104,0.0029493176681050226,0.19058938003892129,0.012860959011736894,0.04435187535506642,0.41921484978216883,0.3929266271245457,0.046988118440298265,0.0597732865344483,0.2737224045074851,0.26023608964409883,0.02471866652161836,0.12666835889811562
dar_a08_r1,synthetic,5,1055,1.0302734375,0.6600790513833992,0.49407114624505927,0.391304347826087,False,False,0.027667984189723382,0.040528943201460166,-0.02371541501976282,0.016813528181697346,0.030647520276559037,-0.0039525691699604515,0.036576374031499714,0.019376050090050945,-0.24110671936758893,-0.22173066927753798,-0.07746189457398067,-0.0513833992094862,-0.03200734911943526,0.012343619683069185,-0.34782608695652173,-0.33548246727345254,-0.10820974000072531,-0.18577075098814227,-0.1734271313050731,0.007291100071315504,-0.3241106719367589,-0.3168195718654434,-0.0776891370828347,-0.29249011857707513,-0.2851990185057596,0.016813528181697346,0.22271155914953283,0.030647520276559037,0.07350207298352493,0.41921484978216883,0.3929266271245457,0.02831495877835999,0.016029607711610633,0.27689683597033343,0.26701585703475395,0.036576374031499714,0.13180246824044192
dar_a08_r1,synthetic,6,1001,0.9775390625,0.6047430830039525,0.4426877470355731,0.36363636363636365,False,False,0.011857707509881354,-0.03456987102778886,-0.011857707509881354,-0.04642757853767021,-0.040498724782729534,0.0,-0.03456987102778886,-0.03200734911943526,-0.18972332015810273,-0.22173066927753798,-0.10512987876370405,-0.059288537549407105,-0.09129588666884236,-0.011371795336693635,-0.36363636363636365,-0.3750081589730573,-0.14773543170033004,-0.19367588932806326,-0.2050476846647569,-0.02432945328836833,-0.2885375494071146,-0.31286700269548295,-0.09942826751761732,-0.2569169960474308,-0.2812464493357991,0.04642757853767021,0.2390083523709371,0.040498724782729534,0.09819807569109523,0.41921484978216883,0.3929266271245457,0.00016154918288735498,0.0340764084069856,0.2752449677058203,0.26266959708375914,0.03456987102778886,0.1530399729242968
dar_a08_r1,synthetic,7,1055,1.0302734375,0.6442687747035574,0.4980237154150198,0.391304347826087,False,False,0.02371541501976282,0.03262380486153926,-0.02371541501976282,0.008908389841776443,0.02076609735165791,-0.0039525691699604515,0.02867123569157881,0.023328619260011396,-0.22924901185770752,-0.20592039259769612,-0.06758047164907943,-0.04347826086956519,-0.020149641609553792,0.0281538963629111,-0.36363636363636365,-0.33548246727345254,-0.10820974000072531,-0.20948616600790515,-0.18133226964499405,0.015196238411236462,-0.3241106719367589,-0.30891443352552245,-0.07373656791287422,-0.2964426877470356,-0.2812464493357991,0.008908389841776443,0.21480642080961188,0.02076609735165791,0.06757321922858422,0.41921484978216883,0.3929266271245457,0.03561436384460592,0.029939308268325263,0.2744918597512473,0.2619242139228608,0.02867123569157881,0.12784989907048144
dar_a08_r1,synthetic,8,1062,1.037109375,0.6561264822134387,0.525691699604743,0.41106719367588934,False,False,0.015810276679841917,0.02471866652161836,-0.015810276679841917,0.008908389841776443,0.016813528181697457,0.0,0.02471866652161836,0.03518632676989286,-0.22134387351778662,-0.18615754674789375,-0.05572276413919808,-0.035573122529644285,-0.0003867957597514238,0.05582188055263443,-0.4268774703557312,-0.37105558980309683,-0.12994887043550785,-0.2134387351778656,-0.15761685462523117,0.015196238411236462,-0.33201581027667987,-0.3168195718654434,-0.08757056000773589,-0.30434782608695654,-0.2891515876757201,0.008908389841776443,0.2207352745645526,0.016813528181697457,0.07251393069103482,0.41921484978216883,0.3929266271245457,0.021187449952952853,0.014858233137049856,0.2794229433940133,0.2704374159469638,0.02471866652161836,0.11796847614558026
dar_a08_r1,synthetic,9,1018,0.994140625,0.6007905138339921,0.45454545454545453,0.3952569169960474,True,True,0.02371541501976282,0.00495582067181588,-0.02371541501976282,-0.01875959434794694,-0.006901886838065474,0.0,0.00495582067181588,-0.028054779949474806,-0.18181818181818177,-0.20987296176765657,-0.09327217125382259,-0.035573122529644174,-0.06362790247911898,0.004438481343148226,-0.3438735177865612,-0.339435036443413,-0.1299488704355079,-0.18972332015810273,-0.1852848388149545,0.015196238411236462,-0.3241106719367589,-0.30891443352552245,-0.08361799083777541,-0.31620553359683795,-0.3010092951856015,0.01875959434794694,0.21924550652113473,0.006901886838065474,0.07843522984129284,0.41921484978216883,0.3929266271245457,0.020305348534939593,0.013955217284052274,0.2776617114566832,0.2685155321421278,0.00495582067181588,0.1387194642878727
dar_a08_r1,synthetic,10,1013,0.9892578125,0.5810276679841897,0.43478260869565216,0.3557312252964427,False,False,0.011857707509881354,-0.01875959434794694,-0.007905138339920903,-0.026664732687867843,-0.020735878932927165,0.0,-0.01875959434794694,-0.03595991828939571,-0.19367588932806323,-0.22963580761745894,-0.11501130168860518,-0.04743083003952564,-0.08339074832892135,-0.027182072016535552,-0.31225296442687744,-0.339435036443413,-0.14575914711534976,-0.15810276679841895,-0.1852848388149545,-0.0006140382686054546,-0.308300395256917,-0.30891443352552245,-0.09547569834765685,-0.28063241106719367,-0.2812464493357991,0.026664732687867843,0.22616250256856557,0.020735878932927165,0.09424550652113474,0.41921484978216883,0.3929266271245457,0.0004698756354789557,0.03431543970225935,0.27748937187033845,0.26651276877702157,0.01875959434794694,0.14217040770690548
dar_a08_r1,synthetic,11,1037,1.0126953125,0.6363636363636364,0.466403162055336,0.35968379446640314,True,True,0.015810276679841917,0.00495582067181588,-0.011857707509881354,-0.006901886838065474,0.0010032515018554289,0.0,0.00495582067181588,0.023328619260011396,-0.19367588932806323,-0.17034727006805184,-0.05374647955421785,-0.02766798418972327,-0.004339364929711875,0.008391050513108733,-0.35177865612648224,-0.3433876056133735,-0.12402001668056717,-0.1699604743083004,-0.16156942379519168,-0.004566607438565962,-0.3043478260869565,-0.30891443352552245,-0.09349941376267659,-0.27667984189723316,-0.2812464493357991,0.006901886838065474,0.20738779901125332,0.0010032515018554289,0.06806729037482925,0.41921484978216883,0.3929266271245457,0.0171177081543058,0.017307313537072017,0.2788693701159152,0.27068886381155305,0.00495582067181588,0.11302776468312964
dar_a08_r1,synthetic,12,1018,0.994140625,0.6047430830039525,0.48221343873517786,0.36363636363636365,True,True,0.02766798418972327,0.00495582067181588,-0.02766798418972327,-0.02271216351790739,-0.0088781714230457,0.0,0.00495582067181588,0.01147091175012993,-0.24901185770750983,-0.2375409459573799,-0.09129588666884236,-0.03162055335968372,-0.020149641609553792,0.020248758022990143,-0.37549407114624506,-0.3552453131232549,-0.12006744751060666,-0.17391304347826086,-0.15366428545527072,-0.020376884118407823,-0.29249011857707513,-0.31286700269548295,-0.08954684459271614,-0.2845849802371542,-0.304961864355562,0.02271216351790739,0.2320913563235063,0.0088781714230457,0.07744708754880272,0.41921484978216883,0.3929266271245457,0.01760014583337799,0.016264319916610426,0.27492972939138416,0.2632064649472668,0.00495582067181588,0.1209329030230506
dar_a08_r1,synthetic,13,1056,1.03125,0.6679841897233202,0.549407114624506,0.39920948616600793,False,False,0.02371541501976282,0.05238665071134163,-0.015810276679841917,0.036576374031499714,0.04843408154138107,0.0,0.05238665071134163,0.06285431095961613,-0.24505928853754938,-0.18220497757793325,-0.047817625799277175,-0.031620553359683834,0.0312337575999323,0.0676795880625159,-0.41501976284584985,-0.34734017478333395,-0.10820974000072525,-0.22529644268774707,-0.15761685462523117,0.03495908426103883,-0.3478260869565218,-0.31286700269548295,-0.071760283327894,-0.31620553359683795,-0.2812464493357991,0.036576374031499714,0.21974713227206247,0.04843408154138107,0.06905543266731937,0.41921484978216883,0.3929266271245457,0.03742703706622841,0.03493376311328372,0.2748522900499408,0.26454690284670235,0.05238665071134163,0.13062092806807607
dar_a08_r1,synthetic,14,1001,0.9775390625,0.5928853754940712,0.4150197628458498,0.3438735177865613,False,False,0.01976284584980237,-0.04642757853767021,-0.015810276679841917,-0.06223785521751213,-0.05235643229261089,0.0,-0.04642757853767021,-0.051770194969237626,-0.18577075098814227,-0.2375409459573799,-0.12884529378346687,-0.05138339920948615,-0.10315359417872377,-0.031134641186496004,-0.32015810276679846,-0.35129274395329446,-0.14180657794538926,-0.19367588932806326,-0.22481053051455926,-0.02432945328836833,-0.2845849802371541,-0.30891443352552245,-0.10930969044251851,-0.24505928853754938,-0.2693887418259177,0.06223785521751213,0.23999649466342726,0.05235643229261089,0.10807949861599639,0.41921484978216883,0.3929266271245457,0.012204430550324163,0.05126063489441826,0.2745276097507943,0.26153471719264454,0.04642757853767021,0.16094511126421773
dar_a08_r1,synthetic,15,1023,0.9990234375,0.6324110671936759,0.4782608695652174,0.36363636363636365,True,True,0.015810276679841917,0.00495582067181588,-0.011857707509881354,-0.006901886838065474,0.0010032515018554289,0.0,0.00495582067181588,-0.0003867957597514238,-0.2015810276679842,-0.20196782342773562,-0.07746189457398067,-0.027667984189723382,-0.028054779949474806,0.01629618885302969,-0.36363636363636365,-0.34734017478333395,-0.11809116292562644,-0.19762845849802374,-0.18133226964499405,-0.0006140382686054546,-0.3122529644268775,-0.31286700269548295,-0.08164170625279518,-0.28063241106719367,-0.2812464493357991,0.006901886838065474,0.2172692219361545,0.0010032515018554289,0.06954950381356442,0.41921484978216883,0.3929266271245457,0.025036982879111935,0.014317914088447833,0.27337178086015856,0.2619138671132737,0.00495582067181588,0.12389732990052096
dar_a08_r1,synthetic,16,1033,1.0087890625,0.6086956521739131,0.4505928853754941,0.35177865612648224,True,True,0.011857707509881354,0.0010032515018554289,-0.011857707509881354,-0.010854456008025926,-0.004925602253085248,0.0,0.0010032515018554289,-0.028054779949474806,-0.1620553359683794,-0.1901101159178542,-0.08141446374394123,-0.02766798418972327,-0.05572276413919808,-0.031134641186496004,-0.3241106719367589,-0.3552453131232549,-0.1378540087754288,-0.16600790513833993,-0.19714254632483594,-0.020376884118407823,-0.2885375494071146,-0.30891443352552245,-0.09152312917769637,-0.26877470355731226,-0.2891515876757201,0.010854456008025926,0.2162810796436644,0.004925602253085248,0.07892930098753792,0.41921484978216883,0.3929266271245457,0.01689671544471094,0.017410891298257347,0.2783844535592664,0.27091060868568007,0.0010032515018554289,0.1357550374104024
dar_a08_r1,synthetic,17,1011,0.9873046875,0.6126482213438735,0.4308300395256917,0.37549407114624506,False,False,0.015810276679841917,-0.026664732687867843,-0.007905138339921014,-0.03456987102778886,-0.026664732687867954,0.0,-0.026664732687867843,-0.028054779949474806,-0.16600790513833985,-0.19406268508781466,-0.08931960208386214,-0.03162055335968372,-0.05967533330915853,-0.011371795336693635,-0.34782608695652173,-0.35919788229321536,-0.13587772419044858,-0.19367588932806326,-0.2050476846647569,0.007291100071315504,-0.31620553359683795,-0.30891443352552245,-0.08559427542275566,-0.3003952569169961,-0.2931041568456806,0.03456987102778886,0.22418621798358535,0.026664732687867954,0.08436408359623358,0.41921484978216883,0.3929266271245457,0.013215440879872253,0.015482195777095753,0.2779688087050715,0.2676597110854453,0.026664732687867843,0.14612297687686596
dar_a08_r1,synthetic,18,991,0.9677734375,0.5770750988142292,0.4031620553359684,0.3359683794466403,False,False,0.007905138339920903,-0.026664732687867843,-0.0039525691699604515,-0.030617301857828294,-0.026664732687867843,0.0,-0.026664732687867843,-0.047817625799277175,-0.20158102766798414,-0.2493986534672613,-0.1268690091984866,-0.03952569169960474,-0.08734331749888191,-0.042992348696377414,-0.308300395256917,-0.35129274395329446,-0.14180657794538926,-0.18181818181818185,-0.22481053051455926,-0.0440922991381707,-0.2727272727272727,-0.3168195718654434,-0.09349941376267662,-0.24505928853754938,-0.2891515876757201,0.030617301857828294,0.23703206778595687,0.026664732687867843,0.09720993339860508,0.41921484978216883,0.3929266271245457,0.0033880108029132883,0.028466061565984926,0.2656777931394877,0.246022571545439,0.026664732687867843,0.15699254209425728
dar_a08_r1,synthetic,19,1006,0.982421875,0.6086956521739131,0.4505928853754941,0.33201581027667987,False,False,0.011857707509881354,-0.03852244019774931,-0.011857707509881354,-0.05038014770763066,-0.044451293952689985,-0.0039525691699604515,-0.04247500936770976,-0.01224450326963289,-0.19367588932806323,-0.20592039259769612,-0.0972247404237831,-0.02766798418972327,-0.03991248745935616,-0.015324364506654142,-0.31225296442687744,-0.3275773289335316,-0.1378540087754288,-0.14229249011857703,-0.15761685462523117,-0.01642431494844737,-0.2924901185770751,-0.30891443352552245,-0.10733340585753826,-0.2608695652173913,-0.27729388016583867,0.05038014770763066,0.22319807569109523,0.044451293952689985,0.09671586225236004,0.41921484978216883,0.3929266271245457,0.00869701542180934,0.04492520010597914,0.27645031441814555,0.26656789760488,0.04247500936770976,0.12932455790453395
dar_a08_r1,synthetic,20,1041,1.0166015625,0.6245059288537549,0.4782608695652174,0.391304347826087,False,False,0.015810276679841917,0.03262380486153926,-0.011857707509881465,0.020766097351657797,0.02867123569157881,-0.0039525691699604515,0.02867123569157881,0.0312337575999323,-0.19367588932806318,-0.16244213172813088,-0.047817625799277175,-0.03952569169960474,-0.008291934099672438,0.01629618885302969,-0.37944664031620556,-0.36315045146317587,-0.11809116292562644,-0.18181818181818182,-0.16552199296515213,-0.008519176608526413,-0.30039525691699603,-0.30891443352552245,-0.07373656791287422,-0.2924901185770751,-0.3010092951856015,0.020766097351657797,0.21381827851712176,0.02867123569157881,0.06707914808233917,0.41921484978216883,0.3929266271245457,0.036960246036603195,0.032945894545948734,0.2782630461685785,0.2678723950168656,0.02867123569157881,0.12587361448550122
dar_a0_r2,synthetic,1,987,1.0010141987829615,0.16434540389972144,0.05013927576601671,0.011142061281337047,False,False,0.013927576601671321,0.02252185976996013,-0.011142061281337046,0.011379798488623083,0.018343586789458743,0.0,0.02252185976996013,0.008663276833340394,-0.030640668523676882,-0.021977391690336488,0.01980533811467744,-0.008356545961002784,0.00030673087233761,0.007163703679689845,-0.011142061281337049,-0.0039783576016472035,0.026662310922029676,-0.002785515320334263,0.004378188359355582,-0.0002984183825723665,0.0,-0.0002984183825723665,0.010843642898764681,0.0,-0.0002984183825723665,0.011379798488623083,0.009408491540794785,0.018343586789458743,0.018913719681232635,0.03524895161128194,0.035486083878585206,0.011764784549757379,0.017456290230609538,0.001111799469378727,0.05220603970722959,0.02252185976996013,0.006876299346056422
dar_a0_r2,synthetic,2,1027,1.04158215010142,0.20055710306406685,0.05013927576601671,0.011142061281337047,False,False,0.01671309192200554,0.02252185976996013,-0.01671309192200554,0.005808767847954588,0.014165313808957358,0.0,0.02252185976996013,0.01701982279434318,-0.03342618384401114,-0.01640636104966796,0.03651843003668301,-0.005571030640668523,0.011448792153674656,-0.0039783576016472035,-0.005571030640668524,-0.009549388242315727,0.029447826242363938,-0.005571030640668524,-0.009549388242315727,-0.0002984183825723665,0.0,-0.0002984183825723665,0.00805812757843042,0.0,-0.0002984183825723665,0.005808767847954588,0.00801573388062766,0.014165313808957358,0.02204742441660868,0.03524895161128194,0.035486083878585206,0.020482469320998953,0.0222784417206618,0.007041534502896463,0.04955015158640945,0.02252185976996013,0.01095461463713072
dar_a0_r2,synthetic,3,1016,1.0304259634888437,0.18662952646239556,0.019498607242339833,0.002785515320334262,False,False,0.00835654596100277,0.033663921051297174,-0.005571030640668495,0.02809289041062868,0.032271163391130064,0.0,0.033663921051297174,-0.005264299768330913,-0.008356545961002784,-0.013620845729333697,0.028161884075680224,0.0,-0.005264299768330913,-0.0039783576016472035,-0.005571030640668524,-0.009549388242315727,0.026662310922029676,-0.002785515320334262,-0.006763872921981466,-0.0002984183825723665,0.0,-0.0002984183825723665,0.016414673539433204,0.0,-0.0002984183825723665,0.02809289041062868,0.012890385691212617,0.032271163391130064,0.025877507982068296,0.03524895161128194,0.035486083878585206,0.019898131431921928,0.02136402225770298,0.000983336149282199,0.05305779027307567,0.033663921051297174,0.01149762803104548
dar_a0_r2,synthetic,4,982,0.9959432048681541,0.1671309192200557,0.04735376044568245,0.013927576601671309,True,True,0.01671309192200554,0.005808767847954588,-0.013927576601671321,-0.008118808753716733,0.0002377372072860373,0.0,0.005808767847954588,0.011448792153674656,-0.036211699164345405,-0.02476290701067075,0.018412580454510316,-0.011142061281337046,0.00030673087233761,-0.0039783576016472035,-0.005571030640668524,-0.009549388242315727,0.025269553261862546,-0.002785515320334262,-0.006763872921981466,-0.0002984183825723665,0.0,-0.0002984183825723665,0.012236400558931812,0.0,-0.0002984183825723665,0.008118808753716733,0.010682380597318894,0.0002377372072860373,0.014039067870647678,0.03524895161128194,0.035486083878585206,0.0016184339765546452,0.014012571182927105,0.0096523630491539,0.05110004846440215,0.005808767847954588,0.0032944475062115074
dar_a0_r2,synthetic,5,981,0.9949290060851927,0.18662952646239556,0.04178272980501393,0.027855153203342618,True,True,0.016713091922005596,0.0030232525276203126,-0.013927576601671321,-0.010904324074051008,-0.0025477781130481825,-0.0027855153203342753,0.0002377372072860373,0.005877761513006133,-0.01949860724233983,-0.013620845729333697,0.02398361109517884,-0.01671309192200557,-0.010835330408999436,0.004378188359355582,-0.011142061281337047,-0.006763872921981466,0.026662310922029676,-0.008356545961002784,-0.0039783576016472035,-0.0002984183825723665,0.0,-0.0002984183825723665,0.015021915879266073,0.0,-0.0002984183825723665,0.010904324074051008,0.007896865276984634,0.0025477781130481825,0.017053904002380695,0.03524895161128194,0.035486083878585206,0.003964173241155222,0.015512866766333662,0.015911259718029702,0.05741755287769698,0.0002377372072860373,0.0038374609001262604
dar_a0_r2,synthetic,6,952,0.9655172413793104,0.14763231197771587,0.03064066852367688,0.019498607242339833,False,False,0.00835654596100277,-0.030402931316390824,-0.005571030640668551,-0.035973961957059375,-0.03179568897655799,-0.005571030640668551,-0.035973961957059375,-0.01919187637000222,-0.022284122562674098,-0.04147599893267632,-0.0010860267878295277,-0.00557103064066853,-0.02476290701067075,-0.0011928422813129412,-0.008356545961002786,-0.009549388242315727,0.018305764961026892,-0.008356545961002786,-0.009549388242315727,-0.0002984183825723665,0.0,-0.0002984183825723665,0.013629158219098943,0.0,-0.0002984183825723665,0.035973961957059375,0.021824441878655947,0.03179568897655799,0.016204159736128338,0.03524895161128194,0.035486083878585206,0.03155214056714878,0.014395603854511892,0.03195865158089012,0.048129376187931554,0.035973961957059375,0.017646168898154554
dar_a0_r2,synthetic,7,1017,1.0314401622718052,0.181058495821727,0.033426183844011144,0.016713091922005572,True,True,0.02228412256267409,0.0002377372072860373,-0.011142061281337046,-0.010904324074051008,0.0002377372072860373,-0.00835654596100277,-0.008118808753716733,-0.008049815088665174,-0.022284122562674098,-0.030333937651339273,0.01980533811467744,-0.008356545961002784,-0.01640636104966796,-0.0011928422813129412,-0.008356545961002786,-0.009549388242315727,0.026662310922029676,-0.0027855153203342623,-0.0039783576016472035,-0.0002984183825723665,0.0,-0.0002984183825723665,0.015021915879266073,0.0,-0.0002984183825723665,0.010904324074051008,0.012771517087569594,0.0002377372072860373,0.015431825530814807,0.03524895161128194,0.035486083878585206,0.001953774501636585,0.013754136522038204,0.004057935329136175,0.0448068824541412,0.008118808753716733,0.0072004864469010655
dar_a0_r2,synthetic,8,968,0.9817444219066938,0.16434540389972144,0.036211699164345405,0.011142061281337047,False,False,0.00835654596100277,-0.044330507918062145,-0.00835654596100277,-0.052687053879064916,-0.04850878089856353,0.0,-0.044330507918062145,-0.0024787844479966514,-0.02785515320334262,-0.030333937651339273,0.012841549813841793,-0.008356545961002784,-0.010835330408999436,-0.0039783576016472035,-0.002785515320334262,-0.006763872921981466,0.025269553261862546,-0.002785515320334262,-0.006763872921981466,-0.0002984183825723665,0.0,-0.0002984183825723665,0.012236400558931812,0.0,-0.0002984183825723665,0.052687053879064916,0.022520820708739505,0.04850878089856353,0.02471407113329992,0.03524895161128194,0.035486083878585206,0.052118366545448824,0.01668755990201366,0.026890098969429788,0.04616438515778775,0.044330507918062145,0.015557032407903853
dar_a0_r2,synthetic,9,948,0.9614604462474645,0.15041782729805014,0.036211699164345405,0.019498607242339833,False,False,0.00835654596100277,-0.013689839394385284,-0.005571030640668495,-0.01926087003505378,-0.015082597054552394,-0.00835654596100277,-0.022046385355388054,-0.013620845729333697,-0.02785515320334262,-0.04147599893267632,-0.003871542108163789,-0.008356545961002791,-0.021977391690336488,-0.0039783576016472035,-0.005571030640668524,-0.009549388242315727,0.014127491980525498,-0.002785515320334262,-0.006763872921981466,-0.0002984183825723665,0.0,-0.0002984183825723665,0.00945088523859755,0.0,-0.0002984183825723665,0.01926087003505378,0.017646168898154548,0.015082597054552394,0.010633129095459808,0.03524895161128194,0.035486083878585206,0.01934364859247606,0.013179402962635048,0.033601878864361334,0.044865083796798357,0.022046385355388054,0.012771517087569594
dar_a0_r2,synthetic,10,974,0.9878296146044625,0.17548746518105848,0.04735376044568245,0.016713091922005572,True,True,0.01671309192200554,0.0002377372072860373,-0.00835654596100277,-0.008118808753716733,0.0002377372072860373,0.0,0.0002377372072860373,0.008663276833340394,-0.03899721448467967,-0.030333937651339273,0.01980533811467744,-0.013927576601671307,-0.005264299768330913,-0.0011928422813129412,-0.008356545961002786,-0.009549388242315727,0.028055068582196807,-0.0027855153203342623,-0.0039783576016472035,-0.0002984183825723665,0.0,-0.0002984183825723665,0.010843642898764681,0.0,-0.0002984183825723665,0.008118808753716733,0.012075138257486025,0.0002377372072860373,0.014735446700731241,0.03524895161128194,0.035486083878585206,0.007035833817208403,0.015598451795851103,0.0077922623434953375,0.049252443174390495,0.0002377372072860373,0.0024447032399591297
dar_a0_r2,synthetic,11,998,1.0121703853955375,0.15877437325905291,0.036211699164345405,0.022284122562674095,True,True,0.013927576601671321,-0.002547778113048238,-0.011142061281337046,-0.013689839394385284,-0.006726051093549623,-0.0027855153203342198,-0.005333293433382458,-0.005264299768330913,-0.022284122562674098,-0.02754842233100501,0.01284154981384178,-0.013927576601671307,-0.01919187637000222,-0.0011928422813129412,-0.008356545961002786,-0.009549388242315727,0.021091280281361154,-0.0027855153203342623,-0.0039783576016472035,0.0024870969377618953,-0.002785515320334262,-0.0002984183825723665,0.00805812757843042,-0.002785515320334262,-0.0002984183825723665,0.013689839394385284,0.012771517087569597,0.006726051093549623,0.012179252191795744,0.03524895161128194,0.035486083878585206,0.010460941714943106,0.013683068749557017,0.020613209976468372,0.0463983841948843,0.005333293433382458,0.007200486446901062
dar_a0_r2,synthetic,12,1000,1.0141987829614605,0.17827298050139276,0.04735376044568245,0.016713091922005572,False,False,0.013927576601671321,0.039234951691965725,-0.013927576601671321,0.025307375090294404,0.032271163391130064,-0.0027855153203342753,0.03644943637163145,-0.010835330408999436,-0.02506963788300836,-0.035904968292007795,0.008663276833340394,-0.0027855153203342614,-0.013620845729333697,0.007163703679689845,-0.016713091922005572,-0.009549388242315727,0.025269553261862546,-0.008356545961002786,-0.0011928422813129412,0.0024870969377618953,-0.002785515320334262,-0.0002984183825723665,0.015021915879266073,-0.002785515320334262,-0.0002984183825723665,0.025307375090294404,0.017765037501797573,0.032271163391130064,0.02030647734139977,0.03524895161128194,0.035486083878585206,0.007248716810064781,0.01504902792868435,0.0009592325691558101,0.04851102041594779,0.03644943637163145,0.012890385691212614
dar_a0_r2,synthetic,13,994,1.0081135902636917,0.18662952646239556,0.03899721448467967,0.022284122562674095,False,False,0.011142061281337046,0.016950829129291634,-0.0027855153203342753,0.014165313808957358,0.01973634444962591,0.0,0.016950829129291634,0.044874975997685806,-0.03621169916434541,0.008663276833340394,0.04905324897818719,-0.016713091922005582,0.028161884075680224,0.0015926730390213202,-0.008356545961002786,-0.006763872921981466,0.03641161454319959,-0.008356545961002786,-0.006763872921981466,-0.0002984183825723665,0.0,-0.0002984183825723665,0.015021915879266073,0.0,-0.0002984183825723665,0.014165313808957358,0.007472720486712897,0.01973634444962591,0.03005578096256969,0.03524895161128194,0.035486083878585206,0.02814464651306814,0.02576957259816456,0.013756575150540296,0.05857166036584414,0.016950829129291634,0.013043751127381422
dar_a0_r2,synthetic,14,973,0.986815415821501,0.1615598885793872,0.06128133704735376,0.025069637883008356,False,False,0.016713091922005596,-0.035973961957059375,-0.013927576601671321,-0.049901538558730696,-0.041544992597727926,-0.011142061281337046,-0.04711602323839642,-0.013620845729333697,-0.033426183844011144,-0.04704702957334484,0.00030673087233761,-0.008356545961002791,-0.021977391690336488,0.009949219000024106,-0.019498607242339833,-0.009549388242315727,0.025269553261862546,-0.0055710306406685246,0.004378188359355582,-0.0002984183825723665,0.0,-0.0002984183825723665,0.012236400558931812,0.0,-0.0002984183825723665,0.049901538558730696,0.026699093689240908,0.041544992597727926,0.019839419322714973,0.03524895161128194,0.035486083878585206,0.044115514065496575,0.0156733360434587,0.030968990913407823,0.041710858785846,0.04711602323839642,0.018442505417665216
dar_a0_r2,synthetic,15,954,0.9675456389452333,0.1671309192200557,0.04178272980501393,0.025069637883008356,False,False,0.01949860724233987,-0.035973961957059375,-0.013927576601671321,-0.049901538558730696,-0.04015223493756076,-0.005571030640668495,-0.04154499259772787,0.00030673087233761,-0.02506963788300836,-0.02476290701067075,0.021198095774844578,-0.01671309192200557,-0.01640636104966796,0.0015926730390213202,-0.005571030640668524,-0.0039783576016472035,0.03084058390253107,-0.005571030640668524,-0.0039783576016472035,-0.0002984183825723665,0.0,-0.0002984183825723665,0.017807431199600335,0.0,-0.0002984183825723665,0.049901538558730696,0.019735305388405254,0.04015223493756076,0.027499586453634185,0.03524895161128194,0.035486083878585206,0.035949659689353486,0.016219913108201475,0.030776949909281592,0.04587644173813188,0.04154499259772787,0.01555703240790385
dar_a0_r2,synthetic,16,964,0.9776876267748479,0.18384401114206128,0.04456824512534819,0.016713091922005572,False,False,0.013927576601671321,-0.008118808753716733,-0.011142061281337046,-0.01926087003505378,-0.012297081734218118,-0.0027855153203342753,-0.010904324074051008,0.011448792153674656,-0.03899721448467967,-0.02754842233100501,0.01980533811467744,-0.008356545961002784,0.0030922461926718714,0.004378188359355582,-0.011142061281337047,-0.006763872921981466,0.03780437220336672,-0.008356545961002784,-0.0039783576016472035,-0.0002984183825723665,0.0,-0.0002984183825723665,0.021985704180101727,0.0,-0.0002984183825723665,0.01926087003505378,0.013467895917653155,0.012297081734218118,0.022973124058091002,0.03524895161128194,0.035486083878585206,0.0012037432051265062,0.013193113615131443,0.015570689427446494,0.047380029380695715,0.010904324074051008,0.0045683365627356125
dar_a0_r2,synthetic,17,1010,1.024340770791075,0.1977715877437326,0.05013927576601671,0.03064066852367688,False,False,0.013927576601671265,0.016950829129291634,-0.011142061281337046,0.005808767847954588,0.012772556148790248,0.0,0.016950829129291634,0.01980533811467744,-0.04178272980501393,-0.021977391690336488,0.03512567237651587,-0.02228412256267409,-0.0024787844479966514,0.0015926730390213202,-0.011142061281337047,-0.009549388242315727,0.026662310922029676,-0.008356545961002786,-0.006763872921981466,-0.0002984183825723665,0.0,-0.0002984183825723665,0.013629158219098943,0.0,-0.0002984183825723665,0.005808767847954588,0.009408491540794792,0.012772556148790248,0.02204742441660868,0.03524895161128194,0.035486083878585206,0.01874364105906351,0.02107077091399045,0.008032632074396473,0.05457269987368743,0.016950829129291634,0.00662297622046053
dar_a0_r2,synthetic,18,963,0.9766734279918864,0.1615598885793872,0.04456824512534819,0.011142061281337047,False,False,0.016713091922005596,-0.010904324074051008,-0.011142061281337046,-0.022046385355388054,-0.013689839394385284,0.0,-0.010904324074051008,0.00030673087233761,-0.030640668523676882,-0.030333937651339273,0.012841549813841793,-0.008356545961002784,-0.008049815088665174,-0.0039783576016472035,-0.005571030640668524,-0.009549388242315727,0.026662310922029676,-0.002785515320334262,-0.006763872921981466,-0.0002984183825723665,0.0,-0.0002984183825723665,0.00945088523859755,0.0,-0.0002984183825723665,0.022046385355388054,0.015557032407903855,0.013689839394385284,0.015661146342213578,0.03524895161128194,0.035486083878585206,0.007721195399828185,0.013761910190491748,0.024239389103470288,0.05091007344118782,0.010904324074051008,0.0065041076168175045
dar_a0_r2,synthetic,19,983,0.9969574036511156,0.16434540389972144,0.033426183844011144,0.016713091922005572,False,False,0.005571030640668495,0.019736344449625853,-0.005571030640668495,0.014165313808957358,0.016950829129291578,-0.0027855153203342198,0.016950829129291634,-0.01640636104966796,-0.019498607242339837,-0.035904968292007795,0.004485003852839009,-0.00557103064066853,-0.021977391690336488,0.004378188359355582,-0.011142061281337047,-0.006763872921981466,0.025269553261862546,-0.008356545961002784,-0.0039783576016472035,-0.0002984183825723665,0.0,-0.0002984183825723665,0.019200188859767466,0.0,-0.0002984183825723665,0.014165313808957358,0.014283143351379746,0.016950829129291578,0.01647639377594015,0.03524895161128194,0.035486083878585206,0.004809581931175255,0.014725506208525217,0.014533097585944121,0.04640976949463586,0.016950829129291634,0.010801249200961923
dar_a0_r2,synthetic,20,989,1.0030425963488845,0.18384401114206128,0.0584958217270195,0.016713091922005572,False,False,0.025069637883008367,-0.013689839394385284,-0.013927576601671321,-0.027617415996056605,-0.015082597054552394,0.0,-0.013689839394385284,0.01980533811467744,-0.04735376044568245,-0.02754842233100501,0.030947399396014486,-0.013927576601671307,0.005877761513006133,-0.0011928422813129412,-0.0055710306406685246,-0.006763872921981466,0.03084058390253107,-0.0027855153203342623,-0.0039783576016472035,-0.0002984183825723665,0.0,-0.0002984183825723665,0.010843642898764681,0.0,-0.0002984183825723665,0.027617415996056605,0.015557032407903862,0.015082597054552394,0.021928555812965655,0.03524895161128194,0.035486083878585206,0.003932541355916974,0.013847137515931432,0.007071908122199488,0.04651437876208155,0.013689839394385284,0.005961094222902747
dar_a08_r2,synthetic,1,1063,1.0280464216634428,0.6745098039215687,0.47843137254901963,0.36470588235294116,False,False,0.0039215686274509665,0.021349460286206545,0.0,0.021349460286206545,0.02331024459993203,0.0,0.021349460286206545,0.011907691947071641,-0.23921568627450973,-0.2273079943274381,-0.08809230805292834,-0.03137254901960784,-0.0194648570725362,0.0448155831370205,-0.3647058823529412,-0.3198902992159207,-0.09047853451003834,-0.18823529411764706,-0.14341971098062656,0.025765620055553606,-0.32156862745098036,-0.29580300739542675,-0.048744183866015034,-0.28627450980392155,-0.26050888974836794,0.021349460286206545,0.21608769030624803,0.02331024459993203,0.06265631775722844,0.4124003778032118,0.3874293516337959,0.04859416451452536,0.056132742181258216,0.2684728393554877,0.259264146658943,0.021349460286206545,0.11118572952193431
dar_a08_r2,synthetic,2,1017,0.9835589941972921,0.6039215686274509,0.4196078431372549,0.36470588235294116,False,False,0.015686274509803866,-0.04139563775300914,-0.0117647058823529,-0.05316034363536204,-0.04531720638046011,0.0,-0.04139563775300914,-0.015543288445085124,-0.20000000000000007,-0.2155432884450852,-0.10573936687645774,-0.04313725490196085,-0.05868054334704598,0.005599896862510667,-0.32156862745098036,-0.3159687305884697,-0.11596873058846968,-0.19999999999999998,-0.19440010313748932,-0.03305790935621111,-0.27058823529411763,-0.30364614465032874,-0.09776379170915228,-0.24313725490196075,-0.27619516425817187,0.05316034363536204,0.22207962682981142,0.04531720638046011,0.09119727388863495,0.4124003778032118,0.3874293516337959,0.007736859800382856,0.04061764365259701,0.2691342188735436,0.2598322516019481,0.04139563775300914,0.14266786212392907
dar_a08_r2,synthetic,3,1006,0.9729206963249516,0.5686274509803921,0.40784313725490196,0.2980392156862745,False,False,0.019607843137254943,-0.03355250049810721,-0.0117647058823529,-0.04531720638046011,-0.03551328481183258,0.0,-0.03355250049810721,-0.03515113158234007,-0.17254901960784313,-0.2077001511901832,-0.10770015119018317,-0.03137254901960784,-0.06652368060194791,-0.0414589266669011,-0.3137254901960784,-0.3551844168629795,-0.157145201176705,-0.10588235294117643,-0.14734127960807752,-0.03697947798366208,-0.26666666666666666,-0.30364614465032874,-0.10168536033660325,-0.23529411764705882,-0.2722735956307209,0.04531720638046011,0.22796197977098787,0.03551328481183258,0.100510999378831,0.4124003778032118,0.3874293516337959,0.011759392645009359,0.05632829087469642,0.2701783416976591,0.2616310296435124,0.03355250049810721,0.12992276408471337
dar_a08_r2,synthetic,4,1049,1.0145067698259187,0.6470588235294118,0.5019607843137255,0.403921568627451,False,False,0.0039215686274509665,0.029192597541108478,-0.0039215686274509665,0.02527102891365751,0.027231813227382995,-0.0039215686274509665,0.02527102891365751,0.055044946849032494,-0.2196078431372549,-0.1645628962882224,-0.042994268837242,-0.06274509803921569,-0.007700151190183191,0.048737151764471465,-0.38823529411764707,-0.3394981423531756,-0.10616480901984227,-0.17254901960784313,-0.12381186784337167,0.045373463192808494,-0.34901960784313724,-0.30364614465032874,-0.06050888974836796,-0.30588235294117644,-0.26050888974836794,0.02527102891365751,0.20824455305134604,0.027231813227382995,0.059224945208208805,0.4124003778032118,0.3874293516337959,0.04391654783641863,0.04162886727575353,0.27022733306147007,0.2616853721977789,0.02527102891365751,0.10432298442389508
dar_a08_r2,synthetic,5,1070,1.0348162475822051,0.6470588235294118,0.4666666666666667,0.33725490196078434,False,False,0.007843137254901933,0.06056514656071632,-0.007843137254901933,0.05272200930581439,0.056643577933265354,0.0,0.06056514656071632,0.03543710371177755,-0.2117647058823529,-0.17632760217057536,-0.056719759033320494,-0.027450980392156876,0.007986123319620675,0.02520773999976561,-0.37254901960784315,-0.34734127960807754,-0.10812559333356775,-0.18823529411764706,-0.16302755411788145,-0.01737163484640719,-0.2784313725490196,-0.29580300739542675,-0.06639124268954444,-0.2392156862745098,-0.256587321120917,0.05272200930581439,0.2180484746199735,0.056643577933265354,0.07197004324742451,0.4124003778032118,0.3874293516337959,0.039695647511938326,0.02994017089920105,0.2677754850715091,0.2548867462276002,0.06056514656071632,0.12204153627978385
dar_a08_r2,synthetic,6,1060,1.0251450676982592,0.6549019607843137,0.48627450980392156,0.3843137254901961,True,True,0.01176470588235301,0.009584754403853646,-0.01176470588235301,-0.0021799514784993645,0.003702401462677085,0.0,0.009584754403853646,0.031515535084326585,-0.196078431372549,-0.1645628962882224,-0.052798190405869416,-0.050980392156862786,-0.0194648570725362,0.06442342627427539,-0.403921568627451,-0.3394981423531756,-0.09832167176494028,-0.2196078431372549,-0.1551844168629795,0.05321660044771048,-0.34901960784313724,-0.29580300739542675,-0.042861830924838584,-0.2980392156862745,-0.24482261523856402,0.0021799514784993645,0.20051099937883105,0.003702401462677085,0.04942102363958134,0.4124003778032118,0.3874293516337959,0.04957580819535723,0.05935634320495718,0.2694696009535034,0.256839787505003,0.009584754403853646,0.10726416089448335
dar_a08_r2,synthetic,7,1044,1.009671179883946,0.6313725490196078,0.44313725490196076,0.35294117647058826,False,False,0.027450980392156876,0.04880044067836342,-0.02352941176470591,0.02527102891365751,0.038996519109736005,0.0,0.04880044067836342,-0.007700151190183191,-0.16862745098039217,-0.17632760217057536,-0.07632760217057533,-0.039215686274509776,-0.04691583746469297,0.005599896862510667,-0.37254901960784315,-0.3669491227453324,-0.12969422078454818,-0.1529411764705882,-0.14734127960807752,-0.009528497591505203,-0.29411764705882354,-0.30364614465032874,-0.08599908582679933,-0.25882352941176473,-0.26835202700326993,0.02527102891365751,0.2180484746199735,0.038996519109736005,0.08275435697291471,0.4124003778032118,0.3874293516337959,0.021253182473492838,0.01567728090280525,0.27125166350214247,0.2629758770034364,0.04880044067836342,0.12785239618860095
dar_a08_r2,synthetic,8,1004,0.9709864603481625,0.596078431372549,0.45098039215686275,0.3411764705882353,False,False,0.0117647058823529,-0.04531720638046011,-0.007843137254901933,-0.05316034363536204,-0.04727799069418559,0.0,-0.04531720638046011,-0.0194648570725362,-0.196078431372549,-0.2155432884450852,-0.10377858256273226,-0.03137254901960784,-0.050837406092144044,-0.002243240392391266,-0.34509803921568627,-0.34734127960807754,-0.12577265215709715,-0.15294117647058825,-0.1551844168629795,0.002236208290847752,-0.3019607843137255,-0.2997245760228778,-0.07815594857189737,-0.2627450980392157,-0.26050888974836794,0.05316034363536204,0.2289423719278506,0.04727799069418559,0.08874629349647808,0.4124003778032118,0.3874293516337959,0.006996472994586611,0.025702697673308073,0.27166697954905195,0.26387992405620664,0.04531720638046011,0.1279619797709879
dar_a08_r2,synthetic,9,1024,0.9903288201160542,0.6274509803921569,0.4470588235294118,0.3764705882352941,False,False,0.015686274509803866,-0.006101520105950331,-0.0117647058823529,-0.01786622598830323,-0.010023088733401297,0.0,-0.006101520105950331,0.01582926057452272,-0.17647058823529416,-0.16064132766077144,-0.0547589747195949,-0.03137254901960784,-0.015543288445085124,0.017364602744863622,-0.3529411764705882,-0.3355765737257246,-0.1022432403923913,-0.20392156862745098,-0.18655696588258736,0.002236208290847752,-0.29803921568627456,-0.29580300739542675,-0.05854810543464245,-0.27450980392156865,-0.2722735956307209,0.01786622598830323,0.2024717836925565,0.010023088733401297,0.05639335232000749,0.4124003778032118,0.3874293516337959,0.037650941064571564,0.029708248936248446,0.27234922408611584,0.2633775112139228,0.006101520105950331,0.12011884251608593
dar_a08_r2,synthetic,10,1012,0.9787234042553191,0.6078431372549019,0.43529411764705883,0.3843137254901961,False,False,0.007843137254901933,-0.01786622598830323,-0.007843137254901933,-0.025709363243205163,-0.021787794615754197,0.0,-0.01786622598830323,-0.0037785825627322245,-0.18039215686274512,-0.18417073942547735,-0.08220995511175189,-0.03529411764705881,-0.039072700209791034,-0.002243240392391266,-0.3254901960784314,-0.32773343647082265,-0.12185108352964619,-0.19215686274509805,-0.19440010313748932,0.0061577769182987185,-0.3058823529411765,-0.2997245760228778,-0.0918814387679758,-0.27450980392156865,-0.26835202700326993,0.025709363243205163,0.20933452879059572,0.021787794615754197,0.07943256800628201,0.4124003778032118,0.3874293516337959,0.010532504370465934,0.025837779243860187,0.2689523119410379,0.2586030847960855,0.01786622598830323,0.12992276408471337
dar_a08_r2,synthetic,11,997,0.9642166344294004,0.5843137254901961,0.4196078431372549,0.34901960784313724,False,False,0.0117647058823529,-0.04923877500791107,-0.0117647058823529,-0.06100348089026397,-0.05512112794908752,0.0,-0.04923877500791107,0.007986123319620675,-0.196078431372549,-0.18809230805292831,-0.07632760217057544,-0.015686274509803866,-0.007700151190183191,-0.017929514902195187,-0.3215686274509804,-0.3394981423531756,-0.1198902992159207,-0.18823529411764706,-0.20616480901984224,0.002236208290847752,-0.29411764705882354,-0.2918814387679758,-0.06639124268954441,-0.2705882352941177,-0.26835202700326993,0.06100348089026397,0.22011884251608593,0.05512112794908752,0.07943256800628201,0.4124003778032118,0.3874293516337959,0.013757913474904737,0.01334006090335503,0.2668434329751257,0.2538760338935506,0.04923877500791107,0.1328639405553016
dar_a08_r2,synthetic,12,1042,1.0077369439071566,0.6352941176470588,0.44313725490196076,0.37254901960784315,False,False,0.019607843137254943,-0.01786622598830323,-0.015686274509803977,-0.03355250049810721,-0.02374857892947968,0.0,-0.01786622598830323,-0.03515113158234007,-0.18823529411764706,-0.22338642569998712,-0.10181779824900672,-0.039215686274509776,-0.07436681785684984,0.0016783282350597006,-0.33725490196078434,-0.3355765737257246,-0.11008637764729323,-0.17254901960784313,-0.17087069137278343,0.010079345545749685,-0.30980392156862746,-0.2997245760228778,-0.06835202700326992,-0.2627450980392157,-0.252665752493466,0.03355250049810721,0.22306001898667416,0.02374857892947968,0.07600119545726239,0.4124003778032118,0.3874293516337959,0.02453126369169567,0.008505084389713702,0.266701316930103,0.2559770124327657,0.01786622598830323,0.12894237192785063
dar_a08_r2,synthetic,13,1038,1.0038684719535784,0.6196078431372549,0.44313725490196076,0.3607843137254902,False,False,0.007843137254901933,0.009584754403853646,-0.007843137254901933,0.001741617148951713,0.005663185776402679,0.0,0.009584754403853646,0.007986123319620675,-0.18039215686274507,-0.1724060335431244,-0.07044524922939888,-0.03137254901960784,-0.023386425699987168,0.029129308627216577,-0.35294117647058826,-0.3238118678433717,-0.10224324039239124,-0.1647058823529412,-0.13557657372572463,0.002236208290847752,-0.3019607843137255,-0.2997245760228778,-0.0742343799444464,-0.2666666666666667,-0.2644304583758189,0.001741617148951713,0.1994210236395814,0.005663185776402679,0.0631465138356598,0.4124003778032118,0.3874293516337959,0.02523738862249325,0.011631730413089264,0.2677986398178158,0.25607248465041293,0.009584754403853646,0.10824455305134609
dar_a08_r2,synthetic,14,1040,1.0058027079303675,0.6313725490196078,0.4470588235294118,0.3607843137254902,False,False,0.0039215686274509665,-0.006101520105950331,-0.0039215686274509665,-0.010023088733401297,-0.008062304419675814,0.0,-0.006101520105950331,-0.015543288445085124,-0.1647058823529412,-0.18024917079802633,-0.07632760217057533,-0.02352941176470591,-0.039072700209791034,0.029129308627216577,-0.3568627450980392,-0.32773343647082265,-0.10420402470611673,-0.17254901960784313,-0.14341971098062656,0.014000914173200651,-0.30980392156862746,-0.29580300739542675,-0.06443045837581896,-0.2901960784313725,-0.27619516425817187,0.010023088733401297,0.20345217584941927,0.008062304419675814,0.0632560974180467,0.4124003778032118,0.3874293516337959,0.03029961657208824,0.016018968812801418,0.26713736486378054,0.25520805348067976,0.006101520105950331,0.11619727388863495
dar_a08_r2,synthetic,15,1035,1.0009671179883946,0.6196078431372549,0.4235294117647059,0.3137254901960784,False,False,0.007843137254901933,-0.0021799514784993645,-0.007843137254901933,-0.010023088733401297,-0.006101520105950331,0.0,-0.0021799514784993645,-0.015543288445085124,-0.1725490196078432,-0.18809230805292831,-0.08417073942547737,-0.01176470588235301,-0.027307994327438134,0.0016783282350597006,-0.32941176470588235,-0.32773343647082265,-0.12185108352964619,-0.16470588235294115,-0.16302755411788145,-0.04482261523856401,-0.25490196078431376,-0.2997245760228778,-0.07815594857189737,-0.23137254901960785,-0.27619516425817187,0.010023088733401297,0.2063933523200075,0.006101520105950331,0.07256982290824282,0.4124003778032118,0.3874293516337959,0.023762841898675058,0.012494155572112475,0.2684311092788994,0.2559316445409561,0.0021799514784993645,0.1171776660454977
dar_a08_r2,synthetic,16,1027,0.9932301740812379,0.6352941176470588,0.45098039215686275,0.3568627450980392,False,False,0.015686274509803866,-0.01786622598830323,-0.0117647058823529,-0.02963093187065613,-0.021787794615754197,0.0,-0.01786622598830323,0.0040645546921697084,-0.196078431372549,-0.19201387668037928,-0.07436681785684995,-0.039215686274509776,-0.03515113158234007,0.013443034117412656,-0.3647058823529412,-0.35126284823552856,-0.12185108352964619,-0.19215686274509802,-0.17871382862768537,-0.00168536033660327,-0.2941176470588235,-0.29580300739542675,-0.07423437994444637,-0.25098039215686274,-0.252665752493466,0.02963093187065613,0.21717766604549768,0.021787794615754197,0.07306001898667418,0.4124003778032118,0.3874293516337959,0.018754607341827323,0.015114631835149397,0.27054177530747064,0.26404016727613205,0.01786622598830323,0.12109923467294867
dar_a08_r2,synthetic,17,1063,1.0280464216634428,0.6588235294117647,0.47058823529411764,0.396078431372549,False,False,0.01176470588235301,0.029192597541108478,-0.007843137254901933,0.021349460286206545,0.027231813227383106,0.0,0.029192597541108478,0.023672397829424652,-0.14901960784313728,-0.12534721001371263,-0.03515113158234007,-0.03137254901960784,-0.007700151190183191,0.03305087725466754,-0.36470588235294116,-0.3316550050982736,-0.09636088745121485,-0.1843137254901961,-0.15126284823552855,0.014000914173200651,-0.3137254901960784,-0.2997245760228778,-0.06639124268954444,-0.2901960784313725,-0.27619516425817187,0.021349460286206545,0.19451906285526765,0.027231813227383106,0.056283768737620615,0.4124003778032118,0.3874293516337959,0.03513257601621611,0.021278355800465207,0.26945425231768105,0.26079691224923773,0.029192597541108478,0.11608769030624802
dar_a08_r2,synthetic,18,1023,0.9893617021276596,0.592156862745098,0.4392156862745098,0.3686274509803922,True,True,0.019607843137254943,0.005663185776402679,-0.019607843137254943,-0.013944657360852264,-0.004140735792224848,-0.0039215686274509665,0.001741617148951713,-0.04691583746469297,-0.14901960784313728,-0.19593544530783025,-0.09397466099410479,-0.03137254901960784,-0.07828838648430081,0.005599896862510667,-0.3529411764705882,-0.34734127960807754,-0.1316550050982736,-0.16078431372549018,-0.1551844168629795,0.02184405142810264,-0.3215686274509804,-0.2997245760228778,-0.07619516425817188,-0.29411764705882354,-0.2722735956307209,0.013944657360852264,0.21423648957490943,0.004140735792224848,0.07649139153569379,0.4124003778032118,0.3874293516337959,0.01981130758765126,0.01412135429581339,0.2706029075334609,0.2630060263223629,0.001741617148951713,0.12687200403173823
dar_a08_r2,synthetic,19,1024,0.9903288201160542,0.615686274509804,0.44313725490196076,0.35294117647058826,False,False,0.019607843137254832,-0.0021799514784993645,-0.019607843137254832,-0.021787794615754197,-0.01198387304712678,0.0,-0.0021799514784993645,-0.023386425699987168,-0.1764705882352941,-0.19985701393528127,-0.0920138766803793,-0.019607843137254832,-0.042994268837242,-0.021851083529646154,-0.3490196078431373,-0.37087069137278345,-0.14538049529435204,-0.21176470588235297,-0.23361578941199912,-0.00168536033660327,-0.2941176470588235,-0.29580300739542675,-0.07423437994444637,-0.2745098039215686,-0.27619516425817187,0.021787794615754197,0.22207962682981142,0.01198387304712678,0.08090315624157612,0.4124003778032118,0.3874293516337959,0.015653651246054223,0.020998091176549757,0.2739479824800901,0.266093898511566,0.0021799514784993645,0.1387462934964781
dar_a08_r2,synthetic,20,1011,0.9777562862669246,0.5803921568627451,0.403921568627451,0.3137254901960784,False,False,0.007843137254901933,-0.04531720638046011,-0.007843137254901933,-0.05316034363536204,-0.04923877500791107,0.0,-0.04531720638046011,-0.050837406092144044,-0.16470588235294115,-0.2155432884450852,-0.11946485707253618,-0.027450980392156765,-0.07828838648430081,-0.037537358039450075,-0.29803921568627456,-0.3355765737257246,-0.14145892666690107,-0.13333333333333336,-0.17087069137278343,-0.040901046611113046,-0.25882352941176473,-0.2997245760228778,-0.0958030073954268,-0.23137254901960785,-0.2722735956307209,0.05316034363536204,0.22600119545726238,0.04923877500791107,0.10149139153569378,0.4124003778032118,0.3874293516337959,0.015176556401071628,0.052812104115381994,0.2695256221656778,0.26000863490050957,0.04531720638046011,0.14168746996706633
ad_memoryless_r1,synthetic,1,1030,1.003898635477583,0.0,0.0,0.0,False,False,0.0,-0.002487101134673181,0.0,-0.002487101134673181,-0.002487101134673181,0.0,-0.002487101134673181,-0.000622772625563458,0.0,-0.000622772625563458,-0.000622772625563458,0.0,-0.000622772625563458,-0.00010383137784238397,0.0,-0.00010383137784238397,-0.00010383137784238397,0.0,-0.00010383137784238397,0.0,0.0,0.0,0.0,0.0,0.0,0.002487101134673181,0.0008034262845197557,0.002487101134673181,0.0008034262845197557,0.3052693829309387,0.12556696374870788,0.003239532995060933,0.0009821982355927793,0.018860698213960157,0.008525789939133064,0.002487101134673181,0.0008034262845197557
ad_memoryless_r1,synthetic,2,1039,1.0126705653021442,0.0,0.0,0.0,False,False,0.0,0.005820271658680924,0.0,0.005820271658680924,0.005820271658680924,0.0,0.005820271658680924,0.00664617856862138,0.0,0.00664617856862138,0.00664617856862138,0.0,0.00664617856862138,0.0009345902213268787,0.0,0.0009345902213268787,0.0009345902213268787,0.0,0.0009345902213268787,0.0,0.0,0.0,0.0,0.0,0.0,0.005820271658680924,0.003350260112157296,0.005820271658680924,0.003350260112157296,0.3052693829309387,0.12556696374870788,0.009629401526336366,0.002860478923985638,0.04776172891998704,0.017774811436034484,0.005820271658680924,0.003350260112157296
ad_memoryless_r1,synthetic,3,1026,1.0,0.0,0.0,0.0,False,False,0.0,-0.00041025793633465285,0.0,-0.00041025793633465285,-0.00041025793633465285,0.0,-0.00041025793633465285,-0.000622772625563458,0.0,-0.000622772625563458,-0.000622772625563458,0.0,-0.000622772625563458,-0.00010383137784238397,0.0,-0.00010383137784238397,-0.00010383137784238397,0.0,-0.00010383137784238397,0.0,0.0,0.0,0.0,0.0,0.0,0.00041025793633465285,0.0002842154849351237,0.00041025793633465285,0.0002842154849351237,0.3052693829309387,0.12556696374870788,0.003084383846690457,0.0009114827453394065,0.021577063756262622,0.009259062330393204,0.00041025793633465285,0.0002842154849351237
ad_memoryless_r1,synthetic,4,1018,0.9922027290448343,0.0,0.0,0.0,False,False,0.0,-0.0035255227338424414,0.0,-0.0035255227338424414,-0.0035255227338424414,0.0,-0.0035255227338424414,-0.0016611942247327207,0.0,-0.0016611942247327207,-0.0016611942247327207,0.0,-0.0016611942247327207,-0.00010383137784238397,0.0,-0.00010383137784238397,-0.00010383137784238397,0.0,-0.00010383137784238397,0.0,0.0,0.0,0.0,0.0,0.0,0.0035255227338424414,0.0013226370841043864,0.0035255227338424414,0.0013226370841043864,0.3052693829309387,0.12556696374870788,0.004412105311346677,0.0013067844596819718,0.025177872648388756,0.010904477863978603,0.0035255227338424414,0.0013226370841043864
ad_memoryless_r1,synthetic,5,1034,1.0077972709551657,0.0,0.0,0.0,False,False,0.0,0.003743428460342396,0.0,0.003743428460342396,0.003743428460342396,0.0,0.003743428460342396,-0.000622772625563458,0.0,-0.000622772625563458,-0.000622772625563458,0.0,-0.000622772625563458,-0.00010383137784238397,0.0,-0.00010383137784238397,-0.00010383137784238397,0.0,-0.00010383137784238397,0.0,0.0,0.0,0.0,0.0,0.0,0.003743428460342396,0.0011175081159370593,0.003743428460342396,0.0011175081159370593,0.3052693829309387,0.12556696374870788,0.00037698068290182435,0.00018077549633566686,0.032749495262396115,0.013719111992738313,0.003743428460342396,0.0011175081159370593
ad_memoryless_r1,synthetic,6,1019,0.99317738791423,0.0,0.0,0.0,False,False,0.0,-0.005602365932180969,0.0,-0.005602365932180969,-0.005602365932180969,0.0,-0.005602365932180969,-0.0016611942247327207,0.0,-0.0016611942247327207,-0.0016611942247327207,0.0,-0.0016611942247327207,-0.00010383137784238397,0.0,-0.00010383137784238397,-0.00010383137784238397,0.0,-0.00010383137784238397,0.0,0.0,0.0,0.0,0.0,0.0,0.005602365932180969,0.0018418478836890184,0.005602365932180969,0.0018418478836890184,0.3052693829309387,0.12556696374870788,0.00615204090348289,0.0017743267160873011,0.005722961515000374,0.0041262182814682455,0.005602365932180969,0.0018418478836890184
ad_memoryless_r1,synthetic,7,1020,0.9941520467836257,0.0,0.0,0.0,False,False,0.0,-0.002487101134673181,0.0,-0.002487101134673181,-0.002487101134673181,0.0,-0.002487101134673181,0.0004156489736058047,0.0,0.0004156489736058047,0.0004156489736058047,0.0,0.0004156489736058047,-0.00010383137784238397,0.0,-0.00010383137784238397,-0.00010383137784238397,0.0,-0.00010383137784238397,0.0,0.0,0.0,0.0,0.0,0.0,0.002487101134673181,0.0007516453715303424,0.002487101134673181,0.0007516453715303424,0.3052693829309387,0.12556696374870788,0.0027685426389642484,0.0007951008320866992,0.04151657167350025,0.016344033529520942,0.002487101134673181,0.0007516453715303424
ad_memoryless_r1,synthetic,8,1049,1.0224171539961013,0.0,0.0,0.0,False,False,0.0,0.02243501724538912,0.0,0.02243501724538912,0.02243501724538912,0.0,0.02243501724538912,0.0045693353702828555,0.0,0.0045693353702828555,0.0045693353702828555,0.0,0.0045693353702828555,0.0009345902213268787,0.0,0.0009345902213268787,0.0009345902213268787,0.0,0.0009345902213268787,0.0,0.0,0.0,0.0,0.0,0.0,0.02243501724538912,0.006984735709249713,0.02243501724538912,0.006984735709249713,0.3052693829309387,0.12556696374870788,0.026545420834403415,0.007649186197995654,0.06093104674759569,0.022545932317613378,0.02243501724538912,0.006984735709249713
ad_memoryless_r1,synthetic,9,1022,0.9961013645224172,0.0,0.0,0.0,False,False,0.0,-0.00664078753135023,0.0,-0.00664078753135023,-0.00664078753135023,0.0,-0.00664078753135023,0.0004156489736058047,0.0,0.0004156489736058047,0.0004156489736058047,0.0,0.0004156489736058047,-0.00010383137784238397,0.0,-0.00010383137784238397,-0.00010383137784238397,0.0,-0.00010383137784238397,0.0,0.0,0.0,0.0,0.0,0.0,0.00664078753135023,0.0017900669706996046,0.00664078753135023,0.0017900669706996046,0.3052693829309387,0.12556696374870788,0.007372314479859643,0.0020359758455530063,0.01182804837198985,0.005995398371971364,0.00664078753135023,0.0017900669706996046
ad_memoryless_r1,synthetic,10,1033,1.00682261208577,0.0,0.0,0.0,False,False,0.0,0.008935536456188713,0.0,0.008935536456188713,0.008935536456188713,0.0,0.008935536456188713,0.0014540705727750674,0.0,0.0014540705727750674,0.0014540705727750674,0.0,0.0014540705727750674,-0.00010383137784238397,0.0,-0.00010383137784238397,-0.00010383137784238397,0.0,-0.00010383137784238397,0.0,0.0,0.0,0.0,0.0,0.0,0.008935536456188713,0.002623359601701541,0.008935536456188713,0.002623359601701541,0.3052693829309387,0.12556696374870788,0.0038237638798813978,0.0010522352515756137,0.03980266873676803,0.0154528366500448,0.008935536456188713,0.002623359601701541
ad_memoryless_r1,synthetic,11,1023,0.9970760233918129,0.0,0.0,0.0,False,False,0.0,-0.004563944333011702,0.0,-0.004563944333011702,-0.004563944333011702,0.0,-0.004563944333011702,-0.0016611942247327207,0.0,-0.0016611942247327207,-0.0016611942247327207,0.0,-0.0016611942247327207,-0.00010383137784238397,0.0,-0.00010383137784238397,-0.00010383137784238397,0.0,-0.00010383137784238397,0.0,0.0,0.0,0.0,0.0,0.0,0.004563944333011702,0.0015822424838967016,0.004563944333011702,0.0015822424838967016,0.3052693829309387,0.12556696374870788,0.0061340703709885855,0.001752258577946652,0.012640979566539354,0.006687033419062395,0.004563944333011702,0.0015822424838967016
ad_memoryless_r1,synthetic,12,1028,1.0019493177387915,0.0,0.0,0.0,False,False,0.0,0.0016665852620038751,0.0,0.0016665852620038751,0.0016665852620038751,0.0,0.0016665852620038751,0.0014540705727750674,0.0,0.0014540705727750674,0.0014540705727750674,0.0,0.0014540705727750674,0.0009345902213268787,0.0,0.0009345902213268787,0.0009345902213268787,0.0,0.0009345902213268787,0.0,0.0,0.0,0.0,0.0,0.0,0.0016665852620038751,0.0010138115140264554,0.0016665852620038751,0.0010138115140264554,0.3052693829309387,0.12556696374870788,0.0007761117773211271,0.00022854111715871707,0.03065359466613219,0.01217478971904963,0.0016665852620038751,0.0010138115140264554
ad_memoryless_r1,synthetic,13,1019,0.99317738791423,0.0,0.0,0.0,False,False,0.0,-0.004563944333011702,0.0,-0.004563944333011702,-0.004563944333011702,0.0,-0.004563944333011702,0.0004156489736058047,0.0,0.0004156489736058047,0.0004156489736058047,0.0,0.0004156489736058047,-0.00010383137784238397,0.0,-0.00010383137784238397,-0.00010383137784238397,0.0,-0.00010383137784238397,0.0,0.0,0.0,0.0,0.0,0.0,0.004563944333011702,0.0012708561711149726,0.004563944333011702,0.0012708561711149726,0.3052693829309387,0.12556696374870788,0.0026182390799479732,0.0007758932619986523,0.024328189535497792,0.010120632901252686,0.004563944333011702,0.0012708561711149726
ad_memoryless_r1,synthetic,14,1021,0.9951267056530214,0.0,0.0,0.0,False,False,0.0,-0.002487101134673181,0.0,-0.002487101134673181,-0.002487101134673181,0.0,-0.002487101134673181,-0.0016611942247327207,0.0,-0.0016611942247327207,-0.0016611942247327207,0.0,-0.0016611942247327207,-0.00010383137784238397,0.0,-0.00010383137784238397,-0.00010383137784238397,0.0,-0.00010383137784238397,0.0,0.0,0.0,0.0,0.0,0.0,0.002487101134673181,0.0010630316843120713,0.002487101134673181,0.0010630316843120713,0.3052693829309387,0.12556696374870788,0.004902065544390474,0.001424502630869539,0.012673926013182985,0.0065564549593849315,0.002487101134673181,0.0010630316843120713
ad_memoryless_r1,synthetic,15,1041,1.0146198830409356,0.0,0.0,0.0,False,False,0.0,0.007897114857019445,0.0,0.007897114857019445,0.007897114857019445,0.0,0.007897114857019445,0.0024924921719443305,0.0,0.0024924921719443305,0.0024924921719443305,0.0,0.0024924921719443305,-0.00010383137784238397,0.0,-0.00010383137784238397,-0.00010383137784238397,0.0,-0.00010383137784238397,0.0,0.0,0.0,0.0,0.0,0.0,0.007897114857019445,0.00262335960170154,0.007897114857019445,0.00262335960170154,0.3052693829309387,0.12556696374870788,0.0036028180925592942,0.0009880310646245836,0.04368660550899812,0.016834852256759847,0.007897114857019445,0.00262335960170154
ad_memoryless_r1,synthetic,16,1024,0.9980506822612085,0.0,0.0,0.0,False,False,0.0,-0.002487101134673181,0.0,-0.002487101134673181,-0.002487101134673181,0.0,-0.002487101134673181,-0.000622772625563458,0.0,-0.000622772625563458,-0.000622772625563458,0.0,-0.000622772625563458,-0.00010383137784238397,0.0,-0.00010383137784238397,-0.00010383137784238397,0.0,-0.00010383137784238397,0.0,0.0,0.0,0.0,0.0,0.0,0.002487101134673181,0.0008034262845197557,0.002487101134673181,0.0008034262845197557,0.3052693829309387,0.12556696374870788,0.0023326899534596435,0.0006371693164148269,0.011605227289967913,0.006120151749716126,0.002487101134673181,0.0008034262845197557
ad_memoryless_r1,synthetic,17,1042,1.0155945419103314,0.0,0.0,0.0,False,False,0.0,0.016204487650373543,0.0,0.016204487650373543,0.016204487650373543,0.0,0.016204487650373543,0.003530913771113593,0.0,0.003530913771113593,0.003530913771113593,0.0,0.003530913771113593,-0.00010383137784238397,0.0,-0.00010383137784238397,-0.00010383137784238397,0.0,-0.00010383137784238397,0.0,0.0,0.0,0.0,0.0,0.0,0.016204487650373543,0.00495980819983238,0.016204487650373543,0.00495980819983238,0.3052693829309387,0.12556696374870788,0.01643416209789566,0.0045417552013803635,0.06335843563332885,0.023344487126187054,0.016204487650373543,0.00495980819983238
ad_memoryless_r1,synthetic,18,1026,1.0,0.0,0.0,0.0,False,False,0.0,0.0016665852620038751,0.0,0.0016665852620038751,0.0016665852620038751,0.0,0.0016665852620038751,-0.000622772625563458,0.0,-0.000622772625563458,-0.000622772625563458,0.0,-0.000622772625563458,-0.00010383137784238397,0.0,-0.00010383137784238397,-0.00010383137784238397,0.0,-0.00010383137784238397,0.0,0.0,0.0,0.0,0.0,0.0,0.0016665852620038751,0.0005982973163524293,0.0016665852620038751,0.0005982973163524293,0.3052693829309387,0.12556696374870788,0.0019402587632918536,0.0005942837810459429,0.017505550743920524,0.007941500031228748,0.0016665852620038751,0.0005982973163524293
ad_memoryless_r1,synthetic,19,1029,1.0029239766081872,0.0,0.0,0.0,False,False,0.0,0.0027050068611731357,0.0,0.0027050068611731357,0.0027050068611731357,0.0,0.0027050068611731357,0.0004156489736058047,0.0,0.0004156489736058047,0.0004156489736058047,0.0,0.0004156489736058047,-0.00010383137784238397,0.0,-0.00010383137784238397,-0.00010383137784238397,0.0,-0.00010383137784238397,0.0,0.0,0.0,0.0,0.0,0.0,0.0027050068611731357,0.0008061218031553311,0.0027050068611731357,0.0008061218031553311,0.3052693829309387,0.12556696374870788,0.00031965282033831477,0.00014096294850711788,0.028502406811996096,0.011569535317097712,0.0027050068611731357,0.0008061218031553311
ad_memoryless_r1,synthetic,20,1020,0.9941520467836257,0.0,0.0,0.0,False,False,0.0,-0.002487101134673181,0.0,-0.002487101134673181,-0.002487101134673181,0.0,-0.002487101134673181,-0.0026996158239019834,0.0,-0.0026996158239019834,-0.0026996158239019834,0.0,-0.0026996158239019834,-0.00010383137784238397,0.0,-0.00010383137784238397,-0.00010383137784238397,0.0,-0.00010383137784238397,0.0,0.0,0.0,0.0,0.0,0.0,0.002487101134673181,0.001322637084104387,0.002487101134673181,0.001322637084104387,0.3052693829309387,0.12556696374870788,0.00538761389540568,0.0015600369673600706,0.006874812546077615,0.0045250718681791695,0.002487101134673181,0.001322637084104387
ad_memory_r1,synthetic,1,1014,0.9883040935672515,0.45878136200716846,0.25806451612903225,0.22939068100358423,False,False,0.021505376344086113,-0.011004435461231865,-0.017921146953405076,-0.02892558241463694,-0.01817289424259383,-0.0035842293906810374,-0.014588664851912903,-0.02091675858159414,-0.11469534050179214,-0.13561209908338628,-0.06392751126976626,-0.05376344086021512,-0.07468019944180926,0.018939002899621693,-0.20430107526881724,-0.18536207236919555,-0.05095347021865787,-0.15770609318996417,-0.13876709029034248,0.0004491606310706858,-0.10035842293906809,-0.0999092623079974,0.0040333900217516955,-0.09318996415770608,-0.0927408035266354,0.02892558241463694,0.11245225404380405,0.01817289424259383,0.03427181643819241,0.434296757210781,0.2991492274246387,0.017067480362123244,0.018410183189983366,0.293612458345234,0.17458019270311947,0.014588664851912903,0.08019418952767501
ad_memory_r1,synthetic,2,1067,1.0399610136452242,0.5017921146953405,0.3010752688172043,0.25806451612903225,False,False,0.0035842293906809264,0.0176693996642161,-0.0035842293906809264,0.014085170273535175,0.015877284968875638,0.0,0.0176693996642161,0.029262452887939827,-0.11827956989247307,-0.08901711700453324,-0.01016407040955114,-0.06810035842293904,-0.03883790553499922,0.036860149853026714,-0.21863799283154126,-0.18177784297851454,-0.025863864483890886,-0.1684587813620072,-0.1315986315089805,0.03629145453788073,-0.14695340501792115,-0.11066195048004042,0.018370307584475706,-0.14336917562724014,-0.10707772108935941,0.014085170273535175,0.09888552018415585,0.015877284968875638,0.017568881861698343,0.434296757210781,0.2991492274246387,0.013558181135290504,0.018729457656724752,0.29415448219632473,0.17352129550153603,0.0176693996642161,0.07379591444938881
ad_memory_r1,synthetic,3,986,0.9610136452241715,0.4157706093189964,0.22939068100358423,0.2007168458781362,False,False,0.010752688172043001,-0.011004435461231865,-0.010752688172043001,-0.021757123633274866,-0.016380779547253366,0.0,-0.011004435461231865,-0.04959059370704222,-0.0896057347670251,-0.13919632847406732,-0.08543288761385226,-0.03942652329749102,-0.08901711700453324,-0.031240208569912387,-0.17562724014336917,-0.20686744871328155,-0.07604307595342494,-0.11827956989247312,-0.1495197784623855,-0.010303527540972315,-0.0967741935483871,-0.10707772108935941,-0.02284833040835582,-0.08960573476702509,-0.0999092623079974,0.021757123633274866,0.11872465547749579,0.016380779547253366,0.050176268380721596,0.434296757210781,0.2991492274246387,0.025319408080495487,0.03307981102209376,0.3013796714885782,0.18562895258201667,0.011004435461231865,0.087362648309037
ad_memory_r1,synthetic,4,1021,0.9951267056530214,0.4551971326164875,0.23655913978494625,0.22939068100358423,False,False,0.010752688172043001,0.0176693996642161,-0.010752688172043001,0.0069167114921731,0.0122930555781946,-0.0035842293906809264,0.014085170273535175,-0.013748299800232178,-0.1111111111111111,-0.12485941091134328,-0.05496693779306372,-0.06093189964157708,-0.07468019944180926,-0.002566373444464365,-0.17921146953405018,-0.18177784297851454,-0.045577126132636425,-0.17204301075268816,-0.17460938419715252,-0.010303527540972315,-0.0931899641577061,-0.10349349169867841,-0.00313506875961031,-0.08602150537634409,-0.09632503291731641,0.0069167114921731,0.10426186427017733,0.0122930555781946,0.028993047065876264,0.434296757210781,0.2991492274246387,0.01008989762338075,0.010890470564661709,0.29637732903690933,0.1770684215334678,0.014085170273535175,0.08992494670745335
ad_memory_r1,synthetic,5,1023,0.9970760233918129,0.4731182795698925,0.25806451612903225,0.2007168458781362,False,False,0.028673835125448077,-0.011004435461231865,-0.02508960573476704,-0.036094041195998905,-0.021757123633274866,-0.007168458781362075,-0.01817289424259394,0.004172847153172787,-0.12903225806451607,-0.12485941091134328,-0.042422134925680255,-0.04659498207885304,-0.042422134925680255,-0.009734832225826384,-0.18279569892473116,-0.19253053115055754,-0.04557712613263637,-0.1182795698924731,-0.12801440211829948,-0.02105621571301533,-0.08602150537634408,-0.10707772108935941,0.012993963498454206,-0.07885304659498207,-0.0999092623079974,0.036094041195998905,0.1151404260868148,0.021757123633274866,0.030687587047511424,0.434296757210781,0.2991492274246387,0.002874105422718265,0.0033381272865331685,0.296258528720728,0.17547865576208205,0.01817289424259394,0.07212967339864276
ad_memory_r1,synthetic,6,1040,1.01364522417154,0.5017921146953405,0.25089605734767023,0.1971326164874552,False,False,0.014336917562724039,0.028422087836259213,-0.014336917562724039,0.014085170273535175,0.02125362905489725,-0.0035842293906810374,0.024837858445578176,-0.006579841018870214,-0.08960573476702505,-0.09618557578589526,-0.028085217362956216,-0.05734767025089604,-0.06392751126976626,0.004602085336897654,-0.17562724014336917,-0.1710251548064715,-0.01511117631184783,-0.13620071684587814,-0.1315986315089805,-0.00313506875961031,-0.0967741935483871,-0.0999092623079974,0.011201848803113701,-0.08960573476702509,-0.0927408035266354,0.014085170273535175,0.09530129079347484,0.02125362905489725,0.01891296788320375,0.434296757210781,0.2991492274246387,0.005218289519630548,0.007601749779527236,0.2945858084237216,0.1747840444586366,0.024837858445578176,0.07827620118774008
ad_memory_r1,synthetic,7,1063,1.0360623781676412,0.5161290322580645,0.2724014336917563,0.22939068100358423,False,False,0.017921146953405076,0.02125362905489714,-0.014336917562724039,0.0069167114921731,0.015877284968875638,0.0,0.02125362905489714,0.022093994106577863,-0.1111111111111111,-0.08901711700453324,-0.015540414495572641,-0.043010752688172005,-0.02091675858159414,0.033275920462345676,-0.2222222222222222,-0.18894630175987653,-0.01511117631184783,-0.15412186379928314,-0.12084594333693746,0.007617619412432705,-0.11469534050179211,-0.10707772108935941,0.007617619412432705,-0.11111111111111112,-0.10349349169867841,0.0069167114921731,0.09798946283648557,0.015877284968875638,0.013536623797182203,0.434296757210781,0.2991492274246387,0.009489696070918097,0.013760088165187215,0.29365086770109794,0.17172052417069894,0.02125362905489714,0.06662745566802679
ad_memory_r1,synthetic,8,1027,1.0009746588693957,0.4551971326164875,0.27956989247311825,0.2222222222222222,False,False,0.014336917562724039,-0.007420206070550828,-0.014336917562724039,-0.021757123633274866,-0.014588664851912903,-0.0035842293906810374,-0.011004435461231865,-0.006579841018870214,-0.12903225806451607,-0.13561209908338628,-0.06034328187908522,-0.06810035842293904,-0.07468019944180926,0.0010178559462166725,-0.21146953405017924,-0.21045167810396256,-0.06170615839070093,-0.12544802867383514,-0.12443017272761847,0.018370307584475706,-0.12544802867383512,-0.10707772108935941,-0.004927183454950815,-0.1039426523297491,-0.0855723447452734,0.021757123633274866,0.11872465547749578,0.014588664851912903,0.03539132214416246,0.434296757210781,0.2991492274246387,0.009354272644140016,0.011057886719402926,0.29795323119291095,0.18065437991609026,0.011004435461231865,0.07392178809398325
ad_memory_r1,synthetic,9,1020,0.9941520467836257,0.4551971326164875,0.25448028673835127,0.22580645161290322,False,False,0.010752688172043001,0.0176693996642161,-0.010752688172043001,0.0069167114921731,0.0122930555781946,-0.0035842293906809264,0.014085170273535175,-0.0029956116281891765,-0.10394265232974909,-0.10693826395793826,-0.04063002023033968,-0.03942652329749108,-0.042422134925680255,-0.002566373444464365,-0.18637992831541217,-0.18894630175987653,-0.043785011437295907,-0.14336917562724014,-0.1459355490717045,-0.010303527540972315,-0.08960573476702509,-0.0999092623079974,-0.008511412845631824,-0.0967741935483871,-0.10707772108935941,0.0069167114921731,0.10067763487949632,0.0122930555781946,0.026304875022865503,0.434296757210781,0.2991492274246387,0.009974934870455088,0.012585794558581175,0.29677869495869985,0.17879802952056323,0.014085170273535175,0.07738014384006983
ad_memory_r1,synthetic,10,1059,1.0321637426900585,0.4659498207885305,0.2831541218637993,0.2222222222222222,False,False,0.017921146953404965,0.028422087836259213,-0.014336917562724039,0.014085170273535175,0.0230457437502376,0.0,0.028422087836259213,0.029262452887939827,-0.1218637992831541,-0.09260134639521428,-0.01912464388625368,-0.03942652329749097,-0.01016407040955114,0.004602085336897654,-0.21505376344086022,-0.21045167810396256,-0.04736924082797689,-0.15770609318996415,-0.1531040078530665,0.014786078193794697,-0.12544802867383512,-0.11066195048004042,-0.00671929815029132,-0.11827956989247311,-0.10349349169867841,0.014085170273535175,0.1069500363131881,0.0230457437502376,0.024064731653689872,0.434296757210781,0.2991492274246387,0.002105549245904448,0.005294036568453311,0.3014876862007929,0.1840033172588221,0.028422087836259213,0.07379591444938882
ad_memory_r1,synthetic,11,1014,0.9883040935672515,0.4767025089605735,0.24731182795698925,0.22580645161290322,False,False,0.0035842293906809264,-0.04326249997736087,0.0,-0.04326249997736087,-0.041470385282020406,0.0,-0.04326249997736087,-0.0029956116281891765,-0.10394265232974909,-0.10693826395793826,-0.03883790553499922,-0.05734767025089604,-0.06034328187908522,-0.020487520397869385,-0.16845878136200715,-0.18894630175987653,-0.04736924082797689,-0.13620071684587812,-0.1566882372437475,-0.010303527540972315,-0.1003584229390681,-0.11066195048004042,0.0022412753264111906,-0.08243727598566308,-0.0927408035266354,0.04326249997736087,0.11245225404380402,0.041470385282020406,0.032479701742851926,0.434296757210781,0.2991492274246387,0.01344015408050614,0.013241998596577754,0.2948638056361464,0.1743160653770561,0.04326249997736087,0.08825870565670724
ad_memory_r1,synthetic,12,1030,1.003898635477583,0.4659498207885305,0.24731182795698925,0.24014336917562723,False,False,0.007168458781361964,0.0176693996642161,-0.007168458781361964,0.010500940882854137,0.014085170273535175,0.0,0.0176693996642161,-0.006579841018870214,-0.07885304659498205,-0.08543288761385226,-0.03166944675363714,-0.04659498207885299,-0.0531748230977232,-0.006150602835145347,-0.17204301075268819,-0.17819361358783353,-0.043785011437295907,-0.16129032258064518,-0.16744092541579053,0.0004491606310706858,-0.1039426523297491,-0.10349349169867841,-0.010303527540972315,-0.1039426523297491,-0.10349349169867841,0.010500940882854137,0.09440523344580459,0.014085170273535175,0.024960789001360135,0.434296757210781,0.2991492274246387,0.0058833891540869265,0.008321619825006385,0.3018176225804971,0.18724452074326928,0.0176693996642161,0.08544465996910205
ad_memory_r1,synthetic,13,1027,1.0009746588693957,0.4551971326164875,0.2831541218637993,0.22939068100358423,False,False,0.021505376344086002,-0.011004435461231865,-0.021505376344086002,-0.03250981180531787,-0.021757123633274866,0.0,-0.011004435461231865,-0.006579841018870214,-0.1326164874551971,-0.13919632847406732,-0.06392751126976626,-0.050179211469534024,-0.05675905248840424,0.015354773508940656,-0.2150537634408602,-0.19969898993191953,-0.050953470218657926,-0.13978494623655913,-0.12443017272761847,-0.010303527540972315,-0.0931899641577061,-0.10349349169867841,0.00940973410777321,-0.0967741935483871,-0.10707772108935941,0.03250981180531787,0.11872465547749578,0.021757123633274866,0.036511959807368065,0.434296757210781,0.2991492274246387,0.010619693928175522,0.008722317632884658,0.29698991047556245,0.17841034133396844,0.011004435461231865,0.0748178454416535
ad_memory_r1,synthetic,14,1044,1.0175438596491229,0.4982078853046595,0.2831541218637993,0.2078853046594982,False,False,0.007168458781361964,-0.01817289424259394,-0.007168458781361964,-0.025341353023955904,-0.021757123633274977,0.0,-0.01817289424259394,0.014925535325215789,-0.09318996415770603,-0.07826442883249024,-0.01912464388625368,-0.05017921146953397,-0.03525367614431818,0.026107461680983657,-0.2258064516129032,-0.19969898993191953,-0.029448093874571868,-0.13978494623655913,-0.11367748455557547,0.011201848803113701,-0.11469534050179211,-0.10349349169867841,0.016578192889135215,-0.09318996415770608,-0.08198811535459238,0.025341353023955904,0.10169956587176102,0.021757123633274977,0.021727013570808935,0.434296757210781,0.2991492274246387,0.0030018050914100147,0.006852416036901711,0.2939248968371385,0.17220125774284967,0.01817289424259394,0.06227304257426999
ad_memory_r1,synthetic,15,1040,1.01364522417154,0.4946236559139785,0.26881720430107525,0.21863799283154123,True,True,0.014336917562724039,0.0069167114921731,-0.010752688172043001,-0.0038359766798699013,0.0033324821014921735,0.0,0.0069167114921731,0.032846682278620865,-0.12544802867383514,-0.09260134639521428,-0.008371955714210677,-0.053763440860215006,-0.02091675858159414,0.0010178559462166725,-0.20430107526881724,-0.20328321932260057,-0.05274558491399839,-0.13620071684587814,-0.13518286089966147,-0.00313506875961031,-0.0967741935483871,-0.0999092623079974,0.0004491606310706858,-0.1039426523297491,-0.10707772108935941,0.0038359766798699013,0.09990745117642054,0.0033324821014921735,0.01622479584019298,0.434296757210781,0.2991492274246387,0.0013759099223866755,0.0033559090890721323,0.2984165555338229,0.17955637407392772,0.0069167114921731,0.06752351301569703
ad_memory_r1,synthetic,16,1041,1.0146198830409356,0.4910394265232975,0.25806451612903225,0.23297491039426524,False,False,0.021505376344086002,-0.01817289424259394,-0.017921146953404965,-0.036094041195998905,-0.025341353023955904,-0.0035842293906809264,-0.021757123633274866,0.004172847153172787,-0.10752688172043007,-0.10335403456725728,-0.031669446753637254,-0.043010752688172005,-0.03883790553499922,0.015354773508940656,-0.1935483870967742,-0.17819361358783353,-0.033032323265252905,-0.15770609318996415,-0.1423513196810235,0.0004491606310706858,-0.10035842293906809,-0.0999092623079974,0.0022412753264111906,-0.1075268817204301,-0.10707772108935941,0.036094041195998905,0.10438773791477178,0.025341353023955904,0.023071099592314313,0.434296757210781,0.2991492274246387,0.005119581207123636,0.0038894057873711807,0.30014863458025937,0.18008568924735024,0.021757123633274866,0.07750601748466425
ad_memory_r1,synthetic,17,1016,0.9902534113060428,0.4659498207885305,0.26881720430107525,0.24372759856630824,False,False,0.007168458781362075,-0.007420206070550828,-0.007168458781362075,-0.014588664851912903,-0.011004435461231865,0.0,-0.007420206070550828,0.011341305934534862,-0.11111111111111116,-0.0997698051765763,-0.03525367614431829,-0.032258064516129004,-0.02091675858159414,0.018939002899621693,-0.18279569892473121,-0.16385669602510952,-0.03482443796059337,-0.15053763440860218,-0.1315986315089805,0.025538766365837726,-0.12544802867383514,-0.0999092623079974,0.011201848803113701,-0.13261648745519714,-0.10707772108935941,0.014588664851912903,0.09453110709039904,0.011004435461231865,0.023071099592314306,0.434296757210781,0.2991492274246387,0.0054671351523535305,0.0054093861946039115,0.29774671598087504,0.17503671573556434,0.007420206070550828,0.06675332931262122
ad_memory_r1,synthetic,18,1073,1.0458089668615984,0.5232974910394266,0.3046594982078853,0.25448028673835127,False,False,0.014336917562724039,0.02125362905489714,-0.014336917562724039,0.0069167114921731,0.014085170273535175,-0.0035842293906810374,0.0176693996642161,0.011341305934534862,-0.13620071684587814,-0.12485941091134328,-0.03883790553499922,-0.07168458781362008,-0.06034328187908522,0.029691691071664694,-0.22939068100358423,-0.19969898993191953,-0.020487520397869385,-0.16129032258064518,-0.1315986315089805,0.0004491606310706858,-0.0967741935483871,-0.09632503291731641,0.009409734107773196,-0.08960573476702507,-0.0891565741359544,0.0069167114921731,0.10695003631318808,0.014085170273535175,0.020705082578544243,0.434296757210781,0.2991492274246387,0.005858587565377271,0.008333918315779877,0.2986031619316349,0.17855766158826722,0.0176693996642161,0.07469197179705905
ad_memory_r1,synthetic,19,1006,0.9805068226120858,0.4229390681003584,0.25806451612903225,0.2078853046594982,False,False,0.007168458781362075,0.014085170273535175,-0.007168458781362075,0.0069167114921731,0.010500940882854137,0.0,0.014085170273535175,-0.02091675858159414,-0.10394265232974914,-0.12485941091134328,-0.06034328187908522,-0.03225806451612906,-0.0531748230977232,0.008186314727578636,-0.18637992831541217,-0.17819361358783353,-0.05095347021865787,-0.1326164874551971,-0.12443017272761847,0.0004491606310706858,-0.1039426523297491,-0.10349349169867841,-0.00851141284563181,-0.0967741935483871,-0.09632503291731641,0.0069167114921731,0.10336580692250708,0.010500940882854137,0.03257727645655726,0.434296757210781,0.2991492274246387,0.007160713502072258,0.010434029410646445,0.3039048715209004,0.18842886928000024,0.014085170273535175,0.07200379975404832
ad_memory_r1,synthetic,20,1028,1.0019493177387915,0.45161290322580644,0.2616487455197133,0.17921146953405018,False,False,0.010752688172043001,-0.0038359766798699013,-0.010752688172043001,-0.014588664851912903,-0.009212320765891402,0.0,-0.0038359766798699013,-0.013748299800232178,-0.1003584229390681,-0.11410672273930028,-0.05138270840238268,-0.03225806451612906,-0.04600636431636124,-0.002566373444464365,-0.19713261648745517,-0.19969898993191953,-0.056329814304679426,-0.12544802867383512,-0.12801440211829948,-0.010303527540972315,-0.0967741935483871,-0.10707772108935941,-0.00851141284563181,-0.08602150537634409,-0.09632503291731641,0.014588664851912903,0.10886802465312304,0.009212320765891402,0.03135906407964633,0.434296757210781,0.2991492274246387,0.012695124394726531,0.015537308718112316,0.3006276284739978,0.18454589905543028,0.0038359766798699013,0.06854544400796175
ad_memoryless_r2,synthetic,1,980,0.9929078014184397,0.0,0.0,0.0,False,False,0.0,-0.002650645798380577,0.0,-0.002650645798380577,-0.002650645798380577,0.0,-0.002650645798380577,0.00042872209376438003,0.0,0.00042872209376438003,0.00042872209376438003,0.0,0.00042872209376438003,0.0,0.0,0.0,0.0,0.0,0.0,0.0,0.0,0.0,0.0,0.0,0.0,0.002650645798380577,0.0007698419730362393,0.002650645798380577,0.0007698419730362393,0.31119309899990155,0.127321175731537,0.0022612536220968787,0.0005776173917512702,0.022598869102596626,0.009608737192138396,0.002650645798380577,0.0007698419730362393
ad_memoryless_r2,synthetic,2,982,0.9949341438703141,0.0,0.0,0.0,False,False,0.0,-0.002650645798380577,0.0,-0.002650645798380577,-0.002650645798380577,0.0,-0.002650645798380577,-0.0006407966228131601,0.0,-0.0006407966228131601,-0.0006407966228131601,0.0,-0.0006407966228131601,0.0,0.0,0.0,0.0,0.0,0.0,0.0,0.0,0.0,0.0,0.0,0.0,0.002650645798380577,0.0008228606052984343,0.002650645798380577,0.0008228606052984343,0.31119309899990155,0.127321175731537,0.0028298264486255123,0.0007268929651984509,0.020222783202620102,0.008986277685126824,0.002650645798380577,0.0008228606052984343
ad_memoryless_r2,synthetic,3,986,0.9989868287740629,0.0,0.0,0.0,False,False,0.0,-0.004789683231535655,0.0,-0.004789683231535655,-0.004789683231535655,0.0,-0.004789683231535655,0.00042872209376438003,0.0,0.00042872209376438003,0.00042872209376438003,0.0,0.00042872209376438003,0.0,0.0,0.0,0.0,0.0,0.0,0.0,0.0,0.0,0.0,0.0,0.0,0.004789683231535655,0.0013046013313250087,0.004789683231535655,0.0013046013313250087,0.31119309899990155,0.127321175731537,0.0037103185987427123,0.0009458734946186636,0.0177739743511499,0.007991067863231791,0.004789683231535655,0.0013046013313250087
ad_memoryless_r2,synthetic,4,986,0.9989868287740629,0.0,0.0,0.0,False,False,0.0,0.0016274290679295852,0.0,0.0016274290679295852,0.0016274290679295852,0.0,0.0016274290679295852,-0.0006407966228131601,0.0,-0.0006407966228131601,-0.0006407966228131601,0.0,-0.0006407966228131601,0.0,0.0,0.0,0.0,0.0,0.0,0.0,0.0,0.0,0.0,0.0,0.0,0.0016274290679295852,0.0005670564226856864,0.0016274290679295852,0.0005670564226856864,0.31119309899990155,0.127321175731537,0.00012338748054224052,0.0001311405667684278,0.015993761812285102,0.007451775029134404,0.0016274290679295852,0.0005670564226856864
ad_memoryless_r2,synthetic,5,990,1.0030395136778116,0.0,0.0,0.0,False,False,0.0,0.006975022650817286,0.0,0.006975022650817286,0.006975022650817286,0.0,0.006975022650817286,-0.0006407966228131601,0.0,-0.0006407966228131601,-0.0006407966228131601,0.0,-0.0006407966228131601,0.0,0.0,0.0,0.0,0.0,0.0,0.0,0.0,0.0,0.0,0.0,0.0,0.006975022650817286,0.0019039548184076117,0.006975022650817286,0.0019039548184076117,0.31119309899990155,0.127321175731537,0.002499023703992416,0.0007060632141015469,0.023688703711066773,0.010058842680218729,0.006975022650817286,0.0019039548184076117
ad_memoryless_r2,synthetic,6,987,1.0,0.0,0.0,0.0,False,False,0.0,-0.0005116083652254994,0.0,-0.0005116083652254994,-0.0005116083652254994,0.0,-0.0005116083652254994,0.0025677595269194605,0.0,0.0025677595269194605,0.0025677595269194605,0.0,0.0025677595269194605,0.0,0.0,0.0,0.0,0.0,0.0,0.0,0.0,0.0,0.0,0.0,0.0,0.0005116083652254994,0.00076984197303624,0.0005116083652254994,0.00076984197303624,0.31119309899990155,0.127321175731537,0.00030274739936048123,0.00019549335588291069,0.030913990212828472,0.012028654792290724,0.0005116083652254994,0.00076984197303624
ad_memoryless_r2,synthetic,7,986,0.9989868287740629,0.0,0.0,0.0,False,False,0.0,0.0005579103513520464,0.0,0.0005579103513520464,0.0005579103513520464,0.0,0.0005579103513520464,0.0014982408103419202,0.0,0.0014982408103419202,0.0014982408103419202,0.0,0.0014982408103419202,0.0,0.0,0.0,0.0,0.0,0.0,0.0,0.0,0.0,0.0,0.0,0.0,0.0005579103513520464,0.0005140377904234916,0.0005579103513520464,0.0005140377904234916,0.31119309899990155,0.127321175731537,0.0018415000192524567,0.0006005095104214146,0.028862332640132958,0.011712851954832324,0.0005579103513520464,0.0005140377904234916
ad_memoryless_r2,synthetic,8,989,1.0020263424518743,0.0,0.0,0.0,False,False,0.0,0.005905503934239741,0.0,0.005905503934239741,0.005905503934239741,0.0,0.005905503934239741,-0.0017103153393907002,0.0,-0.0017103153393907002,-0.0017103153393907002,0.0,-0.0017103153393907002,0.0,0.0,0.0,0.0,0.0,0.0,0.0,0.0,0.0,0.0,0.0,0.0,0.005905503934239741,0.0019039548184076101,0.005905503934239741,0.0019039548184076101,0.31119309899990155,0.127321175731537,0.002939114687720651,0.0008653586887445086,0.020195682717720355,0.00898451147329669,0.005905503934239741,0.0019039548184076101
ad_memoryless_r2,synthetic,9,989,1.0020263424518743,0.0,0.0,0.0,False,False,0.0,0.006975022650817286,0.0,0.006975022650817286,0.006975022650817286,0.0,0.006975022650817286,-0.0006407966228131601,0.0,-0.0006407966228131601,-0.0006407966228131601,0.0,-0.0006407966228131601,0.0,0.0,0.0,0.0,0.0,0.0,0.0,0.0,0.0,0.0,0.0,0.0,0.006975022650817286,0.0019039548184076117,0.006975022650817286,0.0019039548184076117,0.31119309899990155,0.127321175731537,0.004366086744791622,0.0012343106667403359,0.03669174291698441,0.014455151926970396,0.006975022650817286,0.0019039548184076117
ad_memoryless_r2,synthetic,10,987,1.0,0.0,0.0,0.0,False,False,0.0,0.0005579103513520464,0.0,0.0005579103513520464,0.0005579103513520464,0.0,0.0005579103513520464,0.0025677595269194605,0.0,0.0025677595269194605,0.0025677595269194605,0.0,0.0025677595269194605,0.0,0.0,0.0,0.0,0.0,0.0,0.0,0.0,0.0,0.0,0.0,0.0,0.0005579103513520464,0.0007814174695678767,0.0005579103513520464,0.0007814174695678767,0.31119309899990155,0.127321175731537,0.0012922694103435564,0.0004853964671414485,0.026795591930069244,0.010619010499066269,0.0005579103513520464,0.0007814174695678767
ad_memoryless_r2,synthetic,11,988,1.0010131712259371,0.0,0.0,0.0,False,False,0.0,-0.0015811270818030382,0.0,-0.0015811270818030382,-0.0015811270818030382,0.0,-0.0015811270818030382,-0.0006407966228131601,0.0,-0.0006407966228131601,-0.0006407966228131601,0.0,-0.0006407966228131601,0.0,0.0,0.0,0.0,0.0,0.0,0.0,0.0,0.0,0.0,0.0,0.0,0.0015811270818030382,0.0005554809261540496,0.0015811270818030382,0.0005554809261540496,0.31119309899990155,0.127321175731537,0.0018125793648355523,0.00046800233003066796,0.01458505003627384,0.006792491359814979,0.0015811270818030382,0.0005554809261540496
ad_memoryless_r2,synthetic,12,1001,1.0141843971631206,0.0,0.0,0.0,False,False,0.0,0.013392134950282526,0.0,0.013392134950282526,0.013392134950282526,0.0,0.013392134950282526,0.00042872209376438003,0.0,0.00042872209376438003,0.00042872209376438003,0.0,0.00042872209376438003,0.0,0.0,0.0,0.0,0.0,0.0,0.0,0.0,0.0,0.0,0.0,0.0,0.013392134950282526,0.0034552142610117264,0.013392134950282526,0.0034552142610117264,0.31119309899990155,0.127321175731537,0.007941738851716534,0.0022693124697505144,0.049024062569591735,0.018780059624188782,0.013392134950282526,0.0034552142610117264
ad_memoryless_r2,synthetic,13,982,0.9949341438703141,0.0,0.0,0.0,False,False,0.0,-0.002650645798380577,0.0,-0.002650645798380577,-0.002650645798380577,0.0,-0.002650645798380577,0.0014982408103419202,0.0,0.0014982408103419202,0.0014982408103419202,0.0,0.0014982408103419202,0.0,0.0,0.0,0.0,0.0,0.0,0.0,0.0,0.0,0.0,0.0,0.0,0.002650645798380577,0.0010372216521806242,0.002650645798380577,0.0010372216521806242,0.31119309899990155,0.127321175731537,0.00268078467204564,0.0007131940968663005,0.022872781885617248,0.009538532941074589,0.002650645798380577,0.0010372216521806242
ad_memoryless_r2,synthetic,14,984,0.9969604863221885,0.0,0.0,0.0,False,False,0.0,-0.0005116083652254994,0.0,-0.0005116083652254994,-0.0005116083652254994,0.0,-0.0005116083652254994,-0.0006407966228131601,0.0,-0.0006407966228131601,-0.0006407966228131601,0.0,-0.0006407966228131601,0.0,0.0,0.0,0.0,0.0,0.0,0.0,0.0,0.0,0.0,0.0,0.0,0.0005116083652254994,0.00028810124700966486,0.0005116083652254994,0.00028810124700966486,0.31119309899990155,0.127321175731537,0.0003344783662660722,0.00012587393756013386,0.02717258232662325,0.011671807727823724,0.0005116083652254994,0.00028810124700966486
ad_memoryless_r2,synthetic,15,986,0.9989868287740629,0.0,0.0,0.0,False,False,0.0,0.0016274290679295852,0.0,0.0016274290679295852,0.0016274290679295852,0.0,0.0016274290679295852,0.00042872209376438003,0.0,0.00042872209376438003,0.00042872209376438003,0.0,0.00042872209376438003,0.0,0.0,0.0,0.0,0.0,0.0,0.0,0.0,0.0,0.0,0.0,0.0,0.0016274290679295852,0.0005140377904234914,0.0016274290679295852,0.0005140377904234914,0.31119309899990155,0.127321175731537,0.0013720664857498899,0.00045498078403405096,0.02775401750096327,0.011217733695372647,0.0016274290679295852,0.0005140377904234914
ad_memoryless_r2,synthetic,16,980,0.9929078014184397,0.0,0.0,0.0,False,False,0.0,-0.0058592019481132004,0.0,-0.0058592019481132004,-0.0058592019481132004,0.0,-0.0058592019481132004,0.0014982408103419202,0.0,0.0014982408103419202,0.0014982408103419202,0.0,0.0014982408103419202,0.0,0.0,0.0,0.0,0.0,0.0,0.0,0.0,0.0,0.0,0.0,0.0,0.0058592019481132004,0.00183936068961378,0.0058592019481132004,0.00183936068961378,0.31119309899990155,0.127321175731537,0.0034957390630745017,0.0009009092177975864,0.017890409920626252,0.007588463265412254,0.0058592019481132004,0.00183936068961378
ad_memoryless_r2,synthetic,17,995,1.0081053698074975,0.0,0.0,0.0,False,False,0.0,0.009114060083972364,0.0,0.009114060083972364,0.009114060083972364,0.0,0.009114060083972364,0.00042872209376438003,0.0,0.00042872209376438003,0.00042872209376438003,0.0,0.00042872209376438003,0.0,0.0,0.0,0.0,0.0,0.0,0.0,0.0,0.0,0.0,0.0,0.0,0.009114060083972364,0.002385695544434186,0.009114060083972364,0.002385695544434186,0.31119309899990155,0.127321175731537,0.008099583543173347,0.0023087132570008026,0.04314833254106453,0.016919087438254078,0.009114060083972364,0.002385695544434186
ad_memoryless_r2,synthetic,18,978,0.9908814589665653,0.0,0.0,0.0,False,False,0.0,-0.003720164514958116,0.0,-0.003720164514958116,-0.003720164514958116,0.0,-0.003720164514958116,0.0025677595269194605,0.0,0.0025677595269194605,0.0025677595269194605,0.0,0.0025677595269194605,0.0,0.0,0.0,0.0,0.0,0.0,0.0,0.0,0.0,0.0,0.0,0.0,0.003720164514958116,0.001571981010469394,0.003720164514958116,0.001571981010469394,0.31119309899990155,0.127321175731537,0.0031085607409721203,0.0008472385328939982,0.02951231522935093,0.012130007460640873,0.003720164514958116,0.001571981010469394
ad_memoryless_r2,synthetic,19,978,0.9908814589665653,0.0,0.0,0.0,False,False,0.0,-0.0058592019481132004,0.0,-0.0058592019481132004,-0.0058592019481132004,0.0,-0.0058592019481132004,0.0014982408103419202,0.0,0.0014982408103419202,0.0014982408103419202,0.0,0.0014982408103419202,0.0,0.0,0.0,0.0,0.0,0.0,0.0,0.0,0.0,0.0,0.0,0.0,0.0058592019481132004,0.00183936068961378,0.0058592019481132004,0.00183936068961378,0.31119309899990155,0.127321175731537,0.0035085979218685837,0.0009137313716735442,0.025258713671044104,0.010627237130782492,0.0058592019481132004,0.00183936068961378
ad_memoryless_r2,synthetic,20,994,1.0070921985815602,0.0,0.0,0.0,False,False,0.0,0.008044541367394825,0.0,0.008044541367394825,0.008044541367394825,0.0,0.008044541367394825,0.00042872209376438003,0.0,0.00042872209376438003,0.00042872209376438003,0.0,0.00042872209376438003,0.0,0.0,0.0,0.0,0.0,0.0,0.0,0.0,0.0,0.0,0.0,0.0,0.008044541367394825,0.002118315865289801,0.008044541367394825,0.002118315865289801,0.31119309899990155,0.127321175731537,0.005705050373411354,0.0016407075254196435,0.03563699444220308,0.014129252072414234,0.008044541367394825,0.002118315865289801
ad_memory_r2,synthetic,1,982,0.9959432048681541,0.4562043795620438,0.24087591240875914,0.20802919708029197,False,False,0.007299270072992692,-0.009036155500197651,-0.007299270072992692,-0.016335425573190343,-0.012685790536694053,-0.0036496350364962904,-0.012685790536693942,-0.024245687701473284,-0.07664233576642338,-0.10088802346789666,-0.044318680402203214,-0.043795620437956206,-0.06804130813942949,-0.013066527425747265,-0.18613138686131386,-0.19919791428706113,-0.06051178290019982,-0.13503649635036497,-0.14810302377611223,0.0010007941083685912,-0.09124087591240876,-0.09024008180404017,0.006475246663113124,-0.09124087591240876,-0.09024008180404017,0.016335425573190343,0.10166536128304707,0.012685790536694053,0.030997875125552552,0.4209740571362025,0.2851738094303835,0.0006439997952180088,0.004870141853535067,0.28799287404410046,0.1715737127499019,0.012685790536693942,0.07976755106406896
ad_memory_r2,synthetic,2,977,0.9908722109533469,0.44525547445255476,0.2591240875912409,0.20072992700729927,False,False,0.014598540145985384,-0.023634695646183035,-0.014598540145985384,-0.03823323579216842,-0.030933965719175727,0.0,-0.023634695646183035,-0.0023478774824952087,-0.11678832116788318,-0.11913619865037839,-0.04796831543869956,-0.062043795620437936,-0.06439167310293314,-0.03496433764472534,-0.16788321167883213,-0.20284754932355747,-0.06781105297319251,-0.12773722627737227,-0.16270156392209761,-0.04279482632958761,-0.051094890510948905,-0.09388971684053651,-0.017247381074113152,-0.043795620437956206,-0.08659044676754381,0.03823323579216842,0.1135266751516602,0.030933965719175727,0.04099017880129524,0.4209740571362025,0.2851738094303835,0.012763455748075136,0.02197517854062773,0.2902370134281496,0.17495957803707815,0.023634695646183035,0.0843295948596894
ad_memory_r2,synthetic,3,997,1.011156186612576,0.44525547445255476,0.22992700729927007,0.20072992700729927,False,False,0.007299270072992692,0.023810559828269517,-0.0036496350364962904,0.020160924791773227,0.023810559828269517,0.0,0.023810559828269517,0.015900297699986576,-0.062043795620437936,-0.04614349792045136,-0.004172695000743354,-0.06569343065693428,-0.049793132956947705,0.008831282793230866,-0.17153284671532848,-0.16270156392209761,-0.03313952012647714,-0.135036496350365,-0.12620521355713413,-0.024546651147105858,-0.06569343065693431,-0.09024008180404017,-0.011772928519368633,-0.06569343065693431,-0.09024008180404017,0.020160924791773227,0.07981151710959059,0.023810559828269517,0.01822392586871466,0.4209740571362025,0.2851738094303835,0.0005841139451975286,0.004770169761828095,0.28812974051243717,0.16962666286831035,0.023810559828269517,0.07251224703659788
ad_memory_r2,synthetic,4,998,1.0121703853955375,0.4635036496350365,0.24087591240875914,0.19708029197080293,False,False,0.0036496350364962904,0.009212019682284134,-0.0036496350364962904,0.005562384645787843,0.007387202164035989,0.0,0.009212019682284134,0.008601027626993885,-0.10948905109489054,-0.10088802346789666,-0.03884422784745867,-0.054744525547445244,-0.04614349792045136,-0.0021176223162582275,-0.18613138686131386,-0.1882490091775721,-0.04408842523596623,-0.12043795620437953,-0.12255557852063775,-0.013597746037616806,-0.06934306569343066,-0.08294081173104746,0.00647524666311311,-0.07664233576642336,-0.09024008180404017,0.005562384645787843,0.09441005725557601,0.007387202164035989,0.0241987754776435,0.4209740571362025,0.2851738094303835,0.001891142272388402,0.002807897423145276,0.28741989552910646,0.1703774279135146,0.009212019682284134,0.06703779448185335
ad_memory_r2,synthetic,5,1012,1.026369168356998,0.5036496350364964,0.24817518248175183,0.17883211678832117,True,True,0.010948905109488982,0.005562384645787843,-0.007299270072992692,-0.0017368854272048484,0.003737567127539587,-0.0036496350364964014,0.001912749609291442,0.015900297699986576,-0.11313868613138683,-0.09723838843140026,-0.027895322737969575,-0.05839416058394159,-0.042493862883955014,-0.00941689238925092,-0.1678832116788321,-0.17730010406808303,-0.04043879019946989,-0.12043795620437955,-0.12985484859363047,-0.00994811100112046,-0.07664233576642335,-0.08659044676754381,0.002825611626616764,-0.07664233576642335,-0.08659044676754381,0.0017368854272048484,0.09071645617355797,0.003737567127539587,0.018724322922898953,0.4209740571362025,0.2851738094303835,0.00447325244516561,0.009730195653785804,0.28440420576238,0.16781044000089954,0.001912749609291442,0.06521297696360519
ad_memory_r2,synthetic,6,992,1.0060851926977687,0.48175182481751827,0.23722627737226276,0.22262773722627738,False,False,0.0036496350364962904,-0.03458360075567202,0.0,-0.03458360075567202,-0.03275878323742387,-0.0036496350364964014,-0.03823323579216842,0.015900297699986576,-0.08759124087591241,-0.07169094317592584,-0.013296782591984302,-0.04014598540145986,-0.024245687701473284,-0.00941689238925092,-0.18613138686131386,-0.19554827925056478,-0.04408842523596623,-0.1313868613138686,-0.1408037537031195,0.037497144473332106,-0.11678832116788322,-0.07929117669455112,0.026548239363843054,-0.11313868613138686,-0.07564154165805476,0.03458360075567202,0.09527849996917843,0.03275878323742387,0.029173057607304365,0.4209740571362025,0.2851738094303835,0.002303565918960193,0.004738195448430807,0.29315850990027714,0.17480148291279698,0.03823323579216842,0.069731054713704
ad_memory_r2,synthetic,7,1005,1.0192697768762677,0.46715328467153283,0.24817518248175183,0.20072992700729927,False,False,0.010948905109488982,0.056657275156736686,-0.010948905109488982,0.045708370047247704,0.05118282260199225,0.0,0.056657275156736686,0.012250662663490175,-0.0985401459854014,-0.08628948332191122,-0.02972014025621772,-0.05474452554744519,-0.042493862883955014,-0.00941689238925092,-0.1897810218978102,-0.19919791428706113,-0.05686214786370347,-0.13503649635036494,-0.14445338873961586,-0.00994811100112046,-0.08029197080291971,-0.09024008180404017,-0.0008240234098795818,-0.07664233576642335,-0.08659044676754381,0.045708370047247704,0.10535896236506506,0.05118282260199225,0.034647283532948256,0.4209740571362025,0.2851738094303835,0.00040401169147485927,0.007241344065926008,0.29047905760845383,0.17220453437726244,0.056657275156736686,0.08254874338696284
ad_memory_r2,synthetic,8,917,0.9300202839756593,0.4233576642335766,0.22992700729927007,0.15328467153284672,False,False,0.010948905109489093,-0.060131046011146494,-0.010948905109489093,-0.07107995112063559,-0.06560549856589104,-0.0036496350364964014,-0.0637806810476429,-0.07534057821242218,-0.10948905109489049,-0.18482962930731267,-0.11548656361388199,-0.021897810218978075,-0.09723838843140026,-0.06416141793669616,-0.14233576642335766,-0.20649718436005382,-0.07875995808268155,-0.08394160583941607,-0.14810302377611223,0.004650429144864951,-0.09489051094890512,-0.09024008180404017,-0.0008240234098795818,-0.08394160583941607,-0.07929117669455112,0.07107995112063559,0.13816171164801055,0.06560549856589104,0.06516901091808354,0.4209740571362025,0.2851738094303835,0.04032575458625942,0.046896847863305155,0.28558222908074005,0.16825626175394814,0.0637806810476429,0.09710331748742662
ad_memory_r2,synthetic,9,969,0.9827586206896551,0.42700729927007297,0.2116788321167883,0.18248175182481752,False,False,0.007299270072992692,-0.012685790536693942,-0.007299270072992692,-0.019985060609686633,-0.016335425573190343,0.0,-0.012685790536693942,0.012250662663490175,-0.07664233576642332,-0.06439167310293314,-0.007822330037239755,-0.04014598540145975,-0.027895322737969575,-0.02766506757173265,-0.145985401459854,-0.17365046903158665,-0.05503733034545527,-0.12408759124087593,-0.15175265881260858,0.0010007941083685912,-0.07664233576642335,-0.07564154165805476,0.01377451673610583,-0.07664233576642335,-0.07564154165805476,0.019985060609686633,0.0834171861005653,0.016335425573190343,0.0232424006729978,0.4209740571362025,0.2851738094303835,0.0002754888159607338,0.003048917150469163,0.2858652156514713,0.1684956510435838,0.012685790536693942,0.06699382843633171
ad_memory_r2,synthetic,10,1013,1.0273833671399595,0.48175182481751827,0.2956204379562044,0.24452554744525548,False,False,0.0036496350364964014,0.012861654718780535,-0.0036496350364964014,0.009212019682284134,0.01103683720053239,0.0,0.012861654718780535,0.052396648064950035,-0.12408759124087587,-0.07169094317592584,0.003126575072249338,-0.062043795620437936,-0.0096471475554879,0.03437872804870529,-0.20802919708029194,-0.17365046903158665,-0.02766506757173265,-0.1386861313868613,-0.10430740333815602,0.01924896929085035,-0.09854014598540146,-0.07929117669455112,0.02472342184559488,-0.10218978102189781,-0.08294081173104746,0.009212019682284134,0.08346115214608693,0.01103683720053239,0.016637975422527315,0.4209740571362025,0.2851738094303835,0.015323742083315106,0.018877957667391948,0.28508816117372743,0.16799737052993202,0.012861654718780535,0.05243925433586798
ad_memory_r2,synthetic,11,957,0.9705882352941176,0.41605839416058393,0.2116788321167883,0.15328467153284672,False,False,0.0036496350364962904,-0.030933965719175727,-0.0036496350364962904,-0.03458360075567202,-0.03275878323742387,0.0,-0.030933965719175727,-0.016946417628480592,-0.07664233576642332,-0.09358875339490391,-0.04066904536570687,-0.02554744525547442,-0.042493862883955014,-0.0532125128272071,-0.14598540145985403,-0.19919791428706113,-0.08788404567392244,-0.08759124087591241,-0.1408037537031195,-0.00994811100112046,-0.072992700729927,-0.08294081173104746,-0.0026488409281277547,-0.06934306569343066,-0.07929117669455112,0.03458360075567202,0.10257777004217113,0.03275878323742387,0.040990178801295234,0.4209740571362025,0.2851738094303835,0.015385600769896923,0.02531742492127983,0.2911047878860959,0.17508291149900512,0.030933965719175727,0.07338068975020035
ad_memory_r2,synthetic,12,975,0.9888438133874239,0.4343065693430657,0.24452554744525548,0.16423357664233576,False,False,0.0,0.009212019682284134,0.0,0.009212019682284134,0.009212019682284134,0.0,0.009212019682284134,-0.024245687701473284,-0.09124087591240876,-0.11548656361388204,-0.05709240302994045,-0.021897810218978075,-0.04614349792045136,-0.024015432535236303,-0.17518248175182483,-0.19919791428706113,-0.06963587049144068,-0.11313868613138686,-0.13715411866662316,-0.006298475964624101,-0.08394160583941607,-0.09024008180404017,0.0010007941083685912,-0.08394160583941607,-0.09024008180404017,0.009212019682284134,0.10353414484681686,0.009212019682284134,0.034235271828008465,0.4209740571362025,0.2851738094303835,0.0034312106065260695,0.00923765390938533,0.29423638534807456,0.18100551091974038,0.009212019682284134,0.0706874295183497
ad_memory_r2,synthetic,13,964,0.9776876267748479,0.4306569343065693,0.24817518248175183,0.1897810218978102,False,False,0.010948905109488982,-0.009036155500197651,-0.010948905109488982,-0.019985060609686633,-0.014510608054942087,0.0,-0.009036155500197651,-0.027895322737969575,-0.09124087591240881,-0.11913619865037839,-0.06256685558468494,-0.051094890510948954,-0.07899021324891853,-0.0021176223162582275,-0.19343065693430656,-0.19554827925056478,-0.06416141793669616,-0.1313868613138686,-0.13350448363012682,-0.006298475964624101,-0.08394160583941607,-0.09024008180404017,0.002825611626616764,-0.08029197080291971,-0.08659044676754381,0.019985060609686633,0.10622740507866749,0.014510608054942087,0.03601612330073499,0.4209740571362025,0.2851738094303835,0.012453799663247112,0.017034943983564886,0.28801723115475186,0.16899557298171516,0.009036155500197651,0.0770303247866967
ad_memory_r2,synthetic,14,954,0.9675456389452333,0.40875912408759124,0.20072992700729927,0.17518248175182483,False,False,0.007299270072992803,-0.04188287082866471,-0.007299270072992803,-0.04918214090165751,-0.04553250586516111,0.0,-0.04188287082866471,-0.024245687701473284,-0.0948905109489051,-0.11913619865037839,-0.05344276799344411,-0.054744525547445244,-0.07899021324891853,-0.03861397268122169,-0.13138686131386862,-0.1700008339950903,-0.04956287779071075,-0.11313868613138689,-0.15175265881260858,-0.024546651147105858,-0.06204379562043796,-0.08659044676754381,-0.0008240234098795818,-0.06569343065693431,-0.09024008180404017,0.04918214090165751,0.1062274050786675,0.04553250586516111,0.03734054376479889,0.4209740571362025,0.2851738094303835,0.00833976534567149,0.011733477396508082,0.29119659068225745,0.17370684334420153,0.04188287082866471,0.090716456173558
ad_memory_r2,synthetic,15,977,0.9908722109533469,0.4416058394160584,0.2518248175182482,0.20072992700729927,False,False,0.014598540145985495,-0.0017368854272048484,-0.014598540145985495,-0.016335425573190343,-0.00903615550019754,-0.0036496350364964014,-0.00538652046370125,0.023199567772979268,-0.10948905109489049,-0.08628948332191122,-0.02242087018322514,-0.03649635036496346,-0.013296782591984191,0.016130552866223558,-0.16788321167883213,-0.15175265881260858,-0.033139520126477195,-0.12773722627737227,-0.11160667341114872,0.03384750943683576,-0.10948905109489052,-0.07564154165805476,0.03567232695508393,-0.10583941605839417,-0.07199190662155841,0.016335425573190343,0.08250477734144122,0.00903615550019754,0.025067218191245952,0.4209740571362025,0.2851738094303835,0.00384012459899008,0.008045029332864936,0.2802787530296613,0.16518920545577287,0.00538652046370125,0.05057047077209814
ad_memory_r2,synthetic,16,999,1.013184584178499,0.4927007299270073,0.2773722627737226,0.20802919708029197,False,False,0.010948905109488982,-0.012685790536693942,-0.007299270072992692,-0.019985060609686633,-0.014510608054942087,0.0,-0.012685790536693942,0.023199567772979268,-0.09854014598540145,-0.07534057821242218,-0.011471965073736046,-0.04379562043795615,-0.020596052664976883,0.019780187902719903,-0.22262773722627738,-0.20284754932355747,-0.045913242754214406,-0.14963503649635038,-0.12985484859363047,0.0010007941083685912,-0.09124087591240876,-0.09024008180404017,0.024723421845594867,-0.09124087591240876,-0.09024008180404017,0.019985060609686633,0.09710331748742662,0.014510608054942087,0.02415480943212185,0.4209740571362025,0.2851738094303835,0.005136899139064011,0.0070352847936975375,0.28676942424533797,0.1699359634790401,0.012685790536693942,0.06334419339983537
ad_memory_r2,synthetic,17,998,1.0121703853955375,0.4781021897810219,0.24452554744525548,0.22262773722627738,False,False,0.007299270072992692,0.012861654718780535,-0.007299270072992692,0.005562384645787843,0.009212019682284134,-0.0036496350364964014,0.009212019682284134,0.023199567772979268,-0.08394160583941607,-0.0607420380664368,-0.005997512518991499,-0.04379562043795615,-0.020596052664976883,0.008831282793230866,-0.18248175182481752,-0.17365046903158665,-0.033139520126477195,-0.1569343065693431,-0.14810302377611223,-0.017247381074113152,-0.07299270072992702,-0.09024008180404017,0.002825611626616764,-0.07299270072992702,-0.09024008180404017,0.005562384645787843,0.08254874338696286,0.009212019682284134,0.012793665988592398,0.4209740571362025,0.2851738094303835,0.001069998843094111,0.0031853765057481657,0.2873644134714564,0.16924157459200703,0.009212019682284134,0.06703779448185335
ad_memory_r2,synthetic,18,977,0.9908722109533469,0.4708029197080292,0.21532846715328466,0.17518248175182483,False,False,0.010948905109489093,-0.012685790536693942,-0.010948905109489093,-0.023634695646183035,-0.018160243091438488,0.0,-0.012685790536693942,0.0013017575540011928,-0.08029197080291972,-0.07899021324891853,-0.02607050521972143,-0.036496350364963515,-0.03519459281096232,0.016130552866223558,-0.14233576642335768,-0.12620521355713413,-0.007592074871002719,-0.12043795620437958,-0.10430740333815602,-0.00994811100112046,-0.07664233576642335,-0.08659044676754381,0.002825611626616764,-0.08029197080291971,-0.09024008180404017,0.023634695646183035,0.07885514230494488,0.018160243091438488,0.01366210870219485,0.4209740571362025,0.2851738094303835,0.004159322581119507,0.004836526789043151,0.2862402714033893,0.16858324759925666,0.012685790536693942,0.060606967122463114
ad_memory_r2,synthetic,19,977,0.9908722109533469,0.43795620437956206,0.2591240875912409,0.20072992700729927,False,False,0.0,0.005562384645787843,0.0,0.005562384645787843,0.005562384645787843,0.0,0.005562384645787843,0.012250662663490175,-0.08759124087591236,-0.07534057821242218,-0.02242087018322514,-0.04379562043795615,-0.031544957774465976,0.05262690323118707,-0.18978102189781024,-0.13715411866662316,-0.01671616246224361,-0.14963503649635038,-0.0970081332651633,0.022898604327346694,-0.10583941605839416,-0.08294081173104746,0.00647524666311311,-0.08394160583941605,-0.06104300151206936,0.005562384645787843,0.07524947331397017,0.005562384645787843,0.012793665988592426,0.4209740571362025,0.2851738094303835,0.004637135786023094,0.004501438545875976,0.29230992173974585,0.17456970549648373,0.005562384645787843,0.04878961929937162
ad_memory_r2,synthetic,20,967,0.9807302231237323,0.4416058394160584,0.21897810218978103,0.18613138686131386,False,False,0.007299270072992803,-0.0017368854272048484,-0.007299270072992803,-0.009036155500197651,-0.00538652046370125,0.0,-0.0017368854272048484,0.0013017575540011928,-0.07299270072992703,-0.07169094317592584,-0.02607050521972143,-0.06569343065693434,-0.06439167310293314,-0.024015432535236303,-0.15328467153284672,-0.17730010406808303,-0.04773806027246258,-0.13138686131386862,-0.15540229384910492,-0.017247381074113152,-0.06569343065693431,-0.08294081173104746,0.00647524666311311,-0.062043795620437964,-0.07929117669455112,0.009036155500197651,0.0852420036188135,0.00538652046370125,0.021417583154749592,0.4209740571362025,0.2851738094303835,0.005544133094226633,0.009345319284906919,0.29078026640723836,0.17404957152326891,0.0017368854272048484,0.0752055072684485
