graph_id,stratum,W,mean_occupancy,median_occupancy,C_one_step,rho_2,rho_relative_0.2,rho_relative_0.4,rho_relative_0.6,rho_relative_0.8,rho_relative_1.0,event_upper_bound_2,rho_3,event_upper_bound_3,rho_4,event_upper_bound_4,rho_5,event_upper_bound_5,rho_6,event_upper_bound_6,rho_7,event_upper_bound_7,rho_8,event_upper_bound_8,rho_9,event_upper_bound_9,rho_10,event_upper_bound_10,rho_11,event_upper_bound_11,rho_12,event_upper_bound_12,rho_13,event_upper_bound_13,rho_14,event_upper_bound_14,rho_15,event_upper_bound_15,rho_16,event_upper_bound_16,rho_17,event_upper_bound_17,rho_18,event_upper_bound_18,rho_19,event_upper_bound_19,rho_20,event_upper_bound_20
sp_hospital,real,2,0.6360842844600527,0.5,0.4264099037138927,0.2721685689201054,1.0,1.0,0.2721685689201054,0.2721685689201054,0.2721685689201054,0.8568920105355575,,,,,,,,,,,,,,,,,,,,,,,,,,,,,,,,,,,,
sp_hospital,real,3,0.4858062628036289,0.3333333333333333,0.4215591915303176,0.37050043898156276,1.0,0.37050043898156276,0.37050043898156276,0.08691834942932397,0.08691834942932397,0.8568920105355575,0.08691834942932397,0.7682177348551361,,,,,,,,,,,,,,,,,,,,,,,,,,,,,,,,,,
sp_hospital,real,4,0.4073748902546093,0.25,0.44020172910662825,0.42142230026338895,1.0,0.42142230026338895,0.15891132572431957,0.04916593503072871,0.04916593503072871,0.8568920105355575,0.15891132572431957,0.7682177348551361,0.04916593503072871,0.6953467954345918,,,,,,,,,,,,,,,,,,,,,,,,,,,,,,,,
sp_hospital,real,5,0.33380158033362595,0.2,0.40324675324675324,0.44512730465320455,1.0,0.44512730465320455,0.16417910447761194,0.0456540825285338,0.014047410008779631,0.8568920105355575,0.16417910447761194,0.7682177348551361,0.0456540825285338,0.6953467954345918,0.014047410008779631,0.6338893766461808,,,,,,,,,,,,,,,,,,,,,,,,,,,,,,
sp_hospital,real,6,0.2856306701785192,0.16666666666666666,0.3475308641975309,0.44776119402985076,0.44776119402985076,0.16593503072870938,0.07111501316944688,0.025460930640913083,0.003511852502194908,0.8568920105355575,0.16593503072870938,0.7682177348551361,0.07111501316944688,0.6953467954345918,0.025460930640913083,0.6338893766461808,0.003511852502194908,0.5856014047410009,,,,,,,,,,,,,,,,,,,,,,,,,,,,
sp_hospital,real,7,0.25849742882227517,0.14285714285714285,0.30662824207492795,0.4793678665496049,0.4793678665496049,0.20368744512730466,0.03511852502194908,0.006145741878841089,0.0,0.8568920105355575,0.20368744512730466,0.7682177348551361,0.08516242317822652,0.6953467954345918,0.03511852502194908,0.6338893766461808,0.006145741878841089,0.5856014047410009,0.0,0.543459174714662,,,,,,,,,,,,,,,,,,,,,,,,,,
sp_hospital,real,8,0.23287971905179983,0.125,0.29827490261547024,0.4697102721685689,0.4697102721685689,0.10272168568920105,0.048287971905179985,0.00877963125548727,0.000877963125548727,0.8568920105355575,0.2115891132572432,0.7682177348551361,0.10272168568920105,0.6953467954345918,0.048287971905179985,0.6338893766461808,0.021071115013169446,0.5856014047410009,0.00877963125548727,0.543459174714662,0.000877963125548727,0.5100965759438104,,,,,,,,,,,,,,,,,,,,,,,,
sp_hospital,real,9,0.20407765096088185,0.1111111111111111,0.20079185520361992,0.4872695346795435,0.4872695346795435,0.0913081650570676,0.01141352063213345,0.0,0.0,0.8568920105355575,0.208955223880597,0.7682177348551361,0.0913081650570676,0.6953467954345918,0.03511852502194908,0.6338893766461808,0.01141352063213345,0.5856014047410009,0.0026338893766461808,0.543459174714662,0.0,0.5100965759438104,0.0,0.4679543459174715,,,,,,,,,,,,,,,,,,,,,,
sp_hospital,real,10,0.1871817383669886,0.1,0.1956882255389718,0.4916593503072871,0.4916593503072871,0.09394205443371378,0.013169446883230905,0.0,0.0,0.8568920105355575,0.2212467076382792,0.7682177348551361,0.09394205443371378,0.6953467954345918,0.04741000877963126,0.6338893766461808,0.013169446883230905,0.5856014047410009,0.004389815627743635,0.543459174714662,0.0,0.5100965759438104,0.0,0.4679543459174715,0.0,0.4433713784021071,,,,,,,,,,,,,,,,,,,,
sp_hospital,real,11,0.17447521749541064,0.09090909090909091,0.21256038647342995,0.4916593503072871,0.2405618964003512,0.048287971905179985,0.006145741878841089,0.0,0.0,0.8568920105355575,0.2405618964003512,0.7682177348551361,0.10272168568920105,0.6953467954345918,0.048287971905179985,0.6338893766461808,0.02897278314310799,0.5856014047410009,0.006145741878841089,0.543459174714662,0.000877963125548727,0.5100965759438104,0.0,0.4679543459174715,0.0,0.4433713784021071,0.0,0.4231782265144864,,,,,,,,,,,,,,,,,,
sp_hospital,real,12,0.15539947322212466,0.08333333333333333,0.1672203765227021,0.47058823529411764,0.21246707638279191,0.048287971905179985,0.000877963125548727,0.0,0.0,0.8568920105355575,0.21246707638279191,0.7682177348551361,0.10272168568920105,0.6953467954345918,0.048287971905179985,0.6338893766461808,0.021071115013169446,0.5856014047410009,0.00877963125548727,0.543459174714662,0.000877963125548727,0.5100965759438104,0.0,0.4679543459174715,0.0,0.4433713784021071,0.0,0.4231782265144864,0.0,0.4038630377524144,,,,,,,,,,,,,,,,
sp_hospital,real,13,0.15371108259606941,0.15384615384615385,0.23442288049029622,0.533801580333626,0.24231782265144863,0.02897278314310799,0.0026338893766461808,0.0,0.0,0.8568920105355575,0.24231782265144863,0.7682177348551361,0.1237928007023705,0.6953467954345918,0.05443371378402107,0.6338893766461808,0.02897278314310799,0.5856014047410009,0.01141352063213345,0.543459174714662,0.0026338893766461808,0.5100965759438104,0.000877963125548727,0.4679543459174715,0.0,0.4433713784021071,0.0,0.4231782265144864,0.0,0.4038630377524144,0.0,0.38191395961369623,,,,,,,,,,,,,,
sp_hospital,real,14,0.1459300137965634,0.14285714285714285,0.2536051715564396,0.533801580333626,0.257243195785777,0.03511852502194908,0.0,0.0,0.0,0.8568920105355575,0.257243195785777,0.7682177348551361,0.13081650570676032,0.6953467954345918,0.06409130816505706,0.6338893766461808,0.03511852502194908,0.5856014047410009,0.016681299385425813,0.543459174714662,0.0052677787532923615,0.5100965759438104,0.0,0.4679543459174715,0.0,0.4433713784021071,0.0,0.4231782265144864,0.0,0.4038630377524144,0.0,0.38191395961369623,0.0,0.3608428446005268,,,,,,,,,,,,
sp_hospital,real,15,0.13702077846063798,0.13333333333333333,0.25024630541871923,0.5223880597014925,0.2607550482879719,0.041264266900790166,0.001755926251097454,0.0,0.0,0.8568920105355575,0.2607550482879719,0.7682177348551361,0.13784021071115013,0.6953467954345918,0.06760316066725197,0.6338893766461808,0.041264266900790166,0.5856014047410009,0.01755926251097454,0.543459174714662,0.006145741878841089,0.5100965759438104,0.001755926251097454,0.4679543459174715,0.0,0.4433713784021071,0.0,0.4231782265144864,0.0,0.4038630377524144,0.0,0.38191395961369623,0.0,0.3608428446005268,0.0,0.34328358208955223,,,,,,,,,,
sp_hospital,real,16,0.12648156277436348,0.125,0.24260651629072683,0.5215100965759438,0.1264266900790167,0.014925373134328358,0.000877963125548727,0.0,0.0,0.8568920105355575,0.2528533801580334,0.7682177348551361,0.1264266900790167,0.6953467954345918,0.06409130816505706,0.6338893766461808,0.033362598770851626,0.5856014047410009,0.014925373134328358,0.543459174714662,0.0052677787532923615,0.5100965759438104,0.003511852502194908,0.4679543459174715,0.000877963125548727,0.4433713784021071,0.000877963125548727,0.4231782265144864,0.0,0.4038630377524144,0.0,0.38191395961369623,0.0,0.3608428446005268,0.0,0.34328358208955223,0.0,0.33099209833187004,,,,,,,,
sp_hospital,real,17,0.1264266900790167,0.11764705882352941,0.2913752913752914,0.5583845478489904,0.14925373134328357,0.02370500438981563,0.0,0.0,0.0,0.8568920105355575,0.2800702370500439,0.7682177348551361,0.14925373134328357,0.6953467954345918,0.07638279192273925,0.6338893766461808,0.04741000877963126,0.5856014047410009,0.02370500438981563,0.543459174714662,0.012291483757682178,0.5100965759438104,0.001755926251097454,0.4679543459174715,0.0,0.4433713784021071,0.0,0.4231782265144864,0.0,0.4038630377524144,0.0,0.38191395961369623,0.0,0.3608428446005268,0.0,0.34328358208955223,0.0,0.33099209833187004,0.0,0.3169446883230904,,,,,,
sp_hospital,real,18,0.12213442590966735,0.1111111111111111,0.2971014492753623,0.5610184372256365,0.1562774363476734,0.014047410008779631,0.0,0.0,0.0,0.8568920105355575,0.29411764705882354,0.7682177348551361,0.1562774363476734,0.6953467954345918,0.08867427568042142,0.6338893766461808,0.048287971905179985,0.5856014047410009,0.02897278314310799,0.543459174714662,0.014047410008779631,0.5100965759438104,0.007023705004389816,0.4679543459174715,0.0,0.4433713784021071,0.0,0.4231782265144864,0.0,0.4038630377524144,0.0,0.38191395961369623,0.0,0.3608428446005268,0.0,0.34328358208955223,0.0,0.33099209833187004,0.0,0.3169446883230904,0.0,0.30465320456540823,,,,
sp_hospital,real,19,0.11593734115798716,0.10526315789473684,0.3055054151624549,0.5575065847234416,0.15891132572431957,0.012291483757682178,0.0,0.0,0.0,0.8568920105355575,0.2923617208077261,0.7682177348551361,0.15891132572431957,0.6953467954345918,0.08779631255487269,0.6338893766461808,0.05267778753292362,0.5856014047410009,0.0324846356453029,0.543459174714662,0.012291483757682178,0.5100965759438104,0.004389815627743635,0.4679543459174715,0.0026338893766461808,0.4433713784021071,0.001755926251097454,0.4231782265144864,0.0,0.4038630377524144,0.0,0.38191395961369623,0.0,0.3608428446005268,0.0,0.34328358208955223,0.0,0.33099209833187004,0.0,0.3169446883230904,0.0,0.30465320456540823,0.0,0.295873573309921,,
sp_hospital,real,20,0.10913081650570675,0.1,0.2918181818181818,0.5504828797190519,0.15803336259877085,0.015803336259877086,0.0,0.0,0.0,0.8568920105355575,0.2835820895522388,0.7682177348551361,0.15803336259877085,0.6953467954345918,0.08779631255487269,0.6338893766461808,0.04741000877963126,0.5856014047410009,0.02897278314310799,0.543459174714662,0.015803336259877086,0.5100965759438104,0.006145741878841089,0.4679543459174715,0.003511852502194908,0.4433713784021071,0.000877963125548727,0.4231782265144864,0.0,0.4038630377524144,0.0,0.38191395961369623,0.0,0.3608428446005268,0.0,0.34328358208955223,0.0,0.33099209833187004,0.0,0.3169446883230904,0.0,0.30465320456540823,0.0,0.295873573309921,0.0,0.28884986830553117
sp_highschool2013,real,2,0.6886387074596081,0.5,0.49050279329608937,0.37727741491921624,1.0,1.0,0.37727741491921624,0.37727741491921624,0.37727741491921624,0.6928497765555174,,,,,,,,,,,,,,,,,,,,,,,,,,,,,,,,,,,,
sp_highschool2013,real,3,0.5326572705397044,0.3333333333333333,0.4354865913307472,0.4364042626332073,1.0,0.4364042626332073,0.4364042626332073,0.1615675489859058,0.1615675489859058,0.6928497765555174,0.1615675489859058,0.5735647988999656,,,,,,,,,,,,,,,,,,,,,,,,,,,,,,,,,,
sp_highschool2013,real,4,0.45041251289102785,0.25,0.43528260337655983,0.4716397387418357,1.0,0.4716397387418357,0.23324166380199382,0.09676864902028189,0.09676864902028189,0.6928497765555174,0.23324166380199382,0.5735647988999656,0.09676864902028189,0.49759367480233757,,,,,,,,,,,,,,,,,,,,,,,,,,,,,,,,
sp_highschool2013,real,5,0.3865245788930904,0.2,0.4192387392300142,0.4855620488140254,1.0,0.4855620488140254,0.2671020969405294,0.12822275696115504,0.05173599174974218,0.6928497765555174,0.2671020969405294,0.5735647988999656,0.12822275696115504,0.49759367480233757,0.05173599174974218,0.4444826400825026,,,,,,,,,,,,,,,,,,,,,,,,,,,,,,
sp_highschool2013,real,6,0.32857797639509567,0.16666666666666666,0.36168174560936667,0.48779649364042627,0.48779649364042627,0.27002406325197664,0.13801993812306634,0.060158129941560674,0.015469233413544173,0.6928497765555174,0.27002406325197664,0.5735647988999656,0.13801993812306634,0.49759367480233757,0.060158129941560674,0.4444826400825026,0.015469233413544173,0.40580955654864215,,,,,,,,,,,,,,,,,,,,,,,,,,,,
sp_highschool2013,real,7,0.2895202082207926,0.14285714285714285,0.29322766570605185,0.4914059814369199,0.4914059814369199,0.27896184255757994,0.07425232038501203,0.030250945342041938,0.0034376074252320385,0.6928497765555174,0.27896184255757994,0.5735647988999656,0.14833276039876245,0.49759367480233757,0.07425232038501203,0.4444826400825026,0.030250945342041938,0.40580955654864215,0.0034376074252320385,0.3757304915778618,,,,,,,,,,,,,,,,,,,,,,,,,,
sp_highschool2013,real,8,0.26480319697490545,0.125,0.28829268292682925,0.49862495702990717,0.49862495702990717,0.16552079752492266,0.09384668270883464,0.018906840838776213,0.00446888965280165,0.6928497765555174,0.29322791337229287,0.5735647988999656,0.16552079752492266,0.49759367480233757,0.09384668270883464,0.4444826400825026,0.04382949467170849,0.40580955654864215,0.018906840838776213,0.3757304915778618,0.00446888965280165,0.35046407700240634,,,,,,,,,,,,,,,,,,,,,,,,
sp_highschool2013,real,9,0.2293839043581223,0.1111111111111111,0.15630032206119163,0.49432794774836714,0.49432794774836714,0.15623925747679615,0.03746992093502922,0.0,0.0,0.6928497765555174,0.2856651770367824,0.5735647988999656,0.15623925747679615,0.49759367480233757,0.08164317634926091,0.4444826400825026,0.03746992093502922,0.40580955654864215,0.009109659676864902,0.3757304915778618,0.0,0.35046407700240634,0.0,0.3284633894809213,,,,,,,,,,,,,,,,,,,,,,
sp_highschool2013,real,10,0.20960811275352356,0.1,0.12934782608695652,0.4944998281196287,0.4944998281196287,0.1608800275008594,0.04554829838432451,0.0032657270539704366,0.0,0.6928497765555174,0.28704022000687524,0.5735647988999656,0.1608800275008594,0.49759367480233757,0.08662770711584737,0.4444826400825026,0.04554829838432451,0.40580955654864215,0.018219319353729804,0.3757304915778618,0.0032657270539704366,0.35046407700240634,0.0,0.3284633894809213,0.0,0.30818150567205227,,,,,,,,,,,,,,,,,,,,
sp_highschool2013,real,11,0.1945998312447264,0.18181818181818182,0.13508045091049234,0.5006875214850464,0.2964936404262633,0.09487796493640427,0.023375730491577863,0.0,0.0,0.6928497765555174,0.2964936404262633,0.5735647988999656,0.16638019938123066,0.49759367480233757,0.09487796493640427,0.4444826400825026,0.05173599174974218,0.40580955654864215,0.023375730491577863,0.3757304915778618,0.007047095221725679,0.35046407700240634,0.0,0.3284633894809213,0.0,0.30818150567205227,0.0,0.29150910965967686,,,,,,,,,,,,,,,,,,
sp_highschool2013,real,12,0.1787412627477942,0.08333333333333333,0.12540810447474554,0.499140598143692,0.29511859745617053,0.09762805087658989,0.007218975592987281,0.0,0.0,0.6928497765555174,0.29511859745617053,0.5735647988999656,0.1699896871777243,0.49759367480233757,0.09762805087658989,0.4444826400825026,0.05070470952217257,0.40580955654864215,0.022688209006531453,0.3757304915778618,0.007218975592987281,0.35046407700240634,0.0024063251976624267,0.3284633894809213,0.0,0.30818150567205227,0.0,0.29150910965967686,0.0,0.2777586799587487,,,,,,,,,,,,,,,,
sp_highschool2013,real,13,0.16938149509479863,0.15384615384615385,0.14865116279069768,0.5013750429700928,0.30233757304915776,0.061189412169130285,0.013062908215881746,0.0,0.0,0.6928497765555174,0.30233757304915776,0.5735647988999656,0.18013062908215882,0.49759367480233757,0.1067377105534548,0.4444826400825026,0.061189412169130285,0.40580955654864215,0.03282915091096597,0.3757304915778618,0.013062908215881746,0.35046407700240634,0.004297009281540048,0.3284633894809213,0.0,0.30818150567205227,0.0,0.29150910965967686,0.0,0.2777586799587487,0.0,0.2669302165692678,,,,,,,,,,,,,,
sp_highschool2013,real,14,0.1539065952953887,0.07142857142857142,0.12609607319862753,0.49759367480233757,0.2935716741148161,0.05448607768992781,0.002921966311447233,0.0,0.0,0.6928497765555174,0.2935716741148161,0.5735647988999656,0.1698178068064627,0.49759367480233757,0.09694052939154349,0.4444826400825026,0.05448607768992781,0.40580955654864215,0.026813337916809902,0.3757304915778618,0.011687865245788931,0.35046407700240634,0.002921966311447233,0.3284633894809213,0.0008594018563080096,0.30818150567205227,0.0,0.29150910965967686,0.0,0.2777586799587487,0.0,0.2669302165692678,0.0,0.25678927466483326,,,,,,,,,,,,
sp_highschool2013,real,15,0.15454337114701502,0.13333333333333333,0.1880377233620119,0.5123753867308354,0.31746304572017875,0.07906497078033689,0.011859745617050534,0.0,0.0,0.6928497765555174,0.31746304572017875,0.5735647988999656,0.1966311447232726,0.49759367480233757,0.12564455139223102,0.4444826400825026,0.07906497078033689,0.40580955654864215,0.04623581986937092,0.3757304915778618,0.024750773461670678,0.35046407700240634,0.011859745617050534,0.3284633894809213,0.004125128910278446,0.30818150567205227,0.0,0.29150910965967686,0.0,0.2777586799587487,0.0,0.2669302165692678,0.0,0.25678927466483326,0.0,0.24664833276039877,,,,,,,,,,
sp_highschool2013,real,16,0.14277887590237195,0.125,0.17389844733529164,0.5084221381918185,0.19250601581299415,0.04314197318666208,0.004640770024063252,0.0,0.0,0.6928497765555174,0.3100721897559299,0.5735647988999656,0.19250601581299415,0.49759367480233757,0.11722241320041252,0.4444826400825026,0.07339291852870403,0.40580955654864215,0.04314197318666208,0.3757304915778618,0.023375730491577863,0.35046407700240634,0.010484702646957717,0.3284633894809213,0.004640770024063252,0.30818150567205227,0.0012031625988312134,0.29150910965967686,0.0,0.2777586799587487,0.0,0.2669302165692678,0.0,0.25678927466483326,0.0,0.24664833276039877,0.0,0.23702303196974905,,,,,,,,
sp_highschool2013,real,17,0.13630113441045033,0.11764705882352941,0.18725231175693527,0.5134066689584049,0.20058439326228944,0.04640770024063252,0.0,0.0,0.0,0.6928497765555174,0.31711928497765557,0.5735647988999656,0.20058439326228944,0.49759367480233757,0.1259883121347542,0.4444826400825026,0.07854932966655208,0.40580955654864215,0.04640770024063252,0.3757304915778618,0.025438294946717083,0.35046407700240634,0.009625300790649707,0.3284633894809213,0.0,0.30818150567205227,0.0,0.29150910965967686,0.0,0.2777586799587487,0.0,0.2669302165692678,0.0,0.25678927466483326,0.0,0.24664833276039877,0.0,0.23702303196974905,0.0,0.22705397043657613,,,,,,
sp_highschool2013,real,18,0.13102058744891332,0.1111111111111111,0.19754977029096477,0.5139223100721898,0.20110003437607427,0.033344792024750776,0.0012031625988312134,0.0,0.0,0.6928497765555174,0.3231350979718116,0.5735647988999656,0.20110003437607427,0.49759367480233757,0.12891027844620145,0.4444826400825026,0.08422138191818494,0.40580955654864215,0.05242351323478859,0.3757304915778618,0.033344792024750776,0.35046407700240634,0.014094190443451358,0.3284633894809213,0.006015812994156067,0.30818150567205227,0.0012031625988312134,0.29150910965967686,0.0,0.2777586799587487,0.0,0.2669302165692678,0.0,0.25678927466483326,0.0,0.24664833276039877,0.0,0.23702303196974905,0.0,0.22705397043657613,0.0,0.21983499484358887,,,,
sp_highschool2013,real,19,0.12396193302093322,0.10526315789473684,0.1999355306632283,0.512547267102097,0.20230319697490545,0.031110347198349948,0.0,0.0,0.0,0.6928497765555174,0.31815056720522517,0.5735647988999656,0.20230319697490545,0.49759367480233757,0.12822275696115504,0.4444826400825026,0.08404950154692334,0.40580955654864215,0.05139223100721898,0.3757304915778618,0.031110347198349948,0.35046407700240634,0.016328635269852183,0.3284633894809213,0.007390855964248883,0.30818150567205227,0.0037813681677552422,0.29150910965967686,0.0,0.2777586799587487,0.0,0.2669302165692678,0.0,0.25678927466483326,0.0,0.24664833276039877,0.0,0.23702303196974905,0.0,0.22705397043657613,0.0,0.21983499484358887,0.0,0.21175661739429358,,
sp_highschool2013,real,20,0.11913887933997938,0.1,0.20752918751489158,0.5158129941560674,0.2050532829150911,0.03454795462358199,0.0008594018563080096,0.0,0.0,0.6928497765555174,0.32365073908559644,0.5735647988999656,0.2050532829150911,0.49759367480233757,0.12942591955998625,0.4444826400825026,0.08645582674458577,0.40580955654864215,0.055345479546235817,0.3757304915778618,0.03454795462358199,0.35046407700240634,0.018047438982468203,0.3284633894809213,0.00979718116191131,0.30818150567205227,0.0037813681677552422,0.29150910965967686,0.0008594018563080096,0.2777586799587487,0.0,0.2669302165692678,0.0,0.25678927466483326,0.0,0.24664833276039877,0.0,0.23702303196974905,0.0,0.22705397043657613,0.0,0.21983499484358887,0.0,0.21175661739429358,0.0,0.20608456514266071
copenhagen_bluetooth,real,2,0.6767697724129259,0.5,0.5333168945960812,0.35353954482585187,1.0,1.0,0.35353954482585187,0.35353954482585187,0.35353954482585187,0.7412297246322143,,,,,,,,,,,,,,,,,,,,,,,,,,,,,,,,,,,,
copenhagen_bluetooth,real,3,0.5166729536024142,0.3333333333333333,0.48651945981204553,0.4046900540676474,1.0,0.4046900540676474,0.4046900540676474,0.1453288067395951,0.1453288067395951,0.7412297246322143,0.1453288067395951,0.6266063120834905,,,,,,,,,,,,,,,,,,,,,,,,,,,,,,,,,,
copenhagen_bluetooth,real,4,0.4305890858795423,0.25,0.4549590357649283,0.43813655224443604,1.0,0.43813655224443604,0.2033572236891739,0.08086256758455929,0.08086256758455929,0.7412297246322143,0.2033572236891739,0.6266063120834905,0.08086256758455929,0.5567333081855903,,,,,,,,,,,,,,,,,,,,,,,,,,,,,,,,
copenhagen_bluetooth,real,5,0.3633245316232868,0.2,0.40164716790749677,0.44692568841946434,1.0,0.44692568841946434,0.22074688796680497,0.1074311580535647,0.041518923676600025,0.7412297246322143,0.22074688796680497,0.6266063120834905,0.1074311580535647,0.5567333081855903,0.041518923676600025,0.5068401860932982,,,,,,,,,,,,,,,,,,,,,,,,,,,,,,
copenhagen_bluetooth,real,6,0.3151452282157676,0.16666666666666666,0.357416127133608,0.4555136426505721,0.4555136426505721,0.23119577517917766,0.11926317113039105,0.05978875895888344,0.02511002137558154,0.7412297246322143,0.23119577517917766,0.6266063120834905,0.11926317113039105,0.5567333081855903,0.05978875895888344,0.5068401860932982,0.02511002137558154,0.46903055450773296,,,,,,,,,,,,,,,,,,,,,,,,,,,,
copenhagen_bluetooth,real,7,0.2781448150742757,0.14285714285714285,0.3170750277908907,0.4636489375078587,0.4636489375078587,0.23955739972337484,0.06730793411291337,0.03374827109266943,0.01449767383377342,0.7412297246322143,0.23955739972337484,0.6266063120834905,0.12825348924933988,0.5567333081855903,0.06730793411291337,0.5068401860932982,0.03374827109266943,0.46903055450773296,0.01449767383377342,0.43806110901546585,,,,,,,,,,,,,,,,,,,,,,,,,,
copenhagen_bluetooth,real,8,0.2528259776185087,0.125,0.29834723730072565,0.4690179806362379,0.4690179806362379,0.1389790016346033,0.08035961272475796,0.027323022758707405,0.012460706651578021,0.7412297246322143,0.2462592732302276,0.6266063120834905,0.1389790016346033,0.5567333081855903,0.08035961272475796,0.5068401860932982,0.04820822331195775,0.46903055450773296,0.027323022758707405,0.43806110901546585,0.012460706651578021,0.41166855274739095,,,,,,,,,,,,,,,,,,,,,,,,
copenhagen_bluetooth,real,9,0.22807466085474384,0.1111111111111111,0.2678659539473684,0.4730541933861436,0.4730541933861436,0.14315352697095435,0.04993084370677732,0.01647177165849365,0.006110901546586194,0.7412297246322143,0.250572111153024,0.6266063120834905,0.14315352697095435,0.5567333081855903,0.08361624544197158,0.5068401860932982,0.04993084370677732,0.46903055450773296,0.02976235382874387,0.43806110901546585,0.01647177165849365,0.41166855274739095,0.006110901546586194,0.389048157927826,,,,,,,,,,,,,,,,,,,,,,
copenhagen_bluetooth,real,10,0.20572865585313718,0.1,0.2384843070123989,0.46934490129510875,0.46934490129510875,0.1427134414686282,0.05184207217402238,0.01767886332201685,0.002665660756947064,0.7412297246322143,0.24999371306425247,0.6266063120834905,0.1427134414686282,0.5567333081855903,0.08404375707280272,0.5068401860932982,0.05184207217402238,0.46903055450773296,0.031308940022632965,0.43806110901546585,0.01767886332201685,0.41166855274739095,0.007695209354960392,0.389048157927826,0.002665660756947064,0.3702879416572363,,,,,,,,,,,,,,,,,,,,
copenhagen_bluetooth,real,11,0.1904404284260942,0.09090909090909091,0.23053324852243512,0.4730290456431535,0.25333836288193134,0.08834402112410411,0.035948698604300264,0.012661888595498555,0.0013956997359486987,0.7412297246322143,0.25333836288193134,0.6266063120834905,0.14630956871620773,0.5567333081855903,0.08834402112410411,0.5068401860932982,0.05581541556645291,0.46903055450773296,0.035948698604300264,0.43806110901546585,0.022167735445743745,0.41166855274739095,0.012661888595498555,0.389048157927826,0.005834276373695461,0.3702879416572363,0.0013956997359486987,0.35254620897774425,,,,,,,,,,,,,,,,,,
copenhagen_bluetooth,real,12,0.17879311790100172,0.08333333333333333,0.2382932888371427,0.47813403747013705,0.25734942788884696,0.09258141581793033,0.02733559663020244,0.011957751791776688,0.0025022004275116307,0.7412297246322143,0.25734942788884696,0.6266063120834905,0.1499308437067773,0.5567333081855903,0.09258141581793033,0.5068401860932982,0.060744373192505974,0.46903055450773296,0.04046271847101723,0.43806110901546585,0.02733559663020244,0.41166855274739095,0.01803093172387778,0.389048157927826,0.011957751791776688,0.3702879416572363,0.006488117691437194,0.35254620897774425,0.0025022004275116307,0.33741984156921917,,,,,,,,,,,,,,,,
copenhagen_bluetooth,real,13,0.16571492131658105,0.07692307692307693,0.22211663653360814,0.4758707406010311,0.2570853765874513,0.06153652709669307,0.028756444109141206,0.007292845467119326,0.0009304664906324658,0.7412297246322143,0.2570853765874513,0.6266063120834905,0.1513516911857161,0.5567333081855903,0.09409028039733434,0.5068401860932982,0.06153652709669307,0.46903055450773296,0.04163208852005532,0.43806110901546585,0.028756444109141206,0.41166855274739095,0.01953979630328178,0.389048157927826,0.012775053438953854,0.3702879416572363,0.007292845467119326,0.35254620897774425,0.0034326669181440964,0.33741984156921917,0.0009304664906324658,0.32321136677983153,,,,,,,,,,,,,,
copenhagen_bluetooth,real,14,0.15438379048337555,0.07142857142857142,0.20560655777998993,0.47783226455425626,0.25882057085376586,0.06195146485602917,0.019778699861687413,0.004161951464856029,0.0007292845467119326,0.7412297246322143,0.25882057085376586,0.6266063120834905,0.15169118571608198,0.5567333081855903,0.09322268326417704,0.5068401860932982,0.06195146485602917,0.46903055450773296,0.04141833270463976,0.43806110901546585,0.028869608952596503,0.41166855274739095,0.019778699861687413,0.389048157927826,0.01317741732679492,0.3702879416572363,0.007921539041870993,0.35254620897774425,0.004161951464856029,0.33741984156921917,0.0017980636237897648,0.32321136677983153,0.0007292845467119326,0.3103734439834025,,,,,,,,,,,,
copenhagen_bluetooth,real,15,0.14531623286810008,0.06666666666666667,0.20283581726086108,0.4776939519678109,0.2593109518420722,0.06395071042373947,0.02138815541305168,0.005331321513894128,0.0005532503457814661,0.7412297246322143,0.2593109518420722,0.6266063120834905,0.15320005029548597,0.5567333081855903,0.09605180435055953,0.5068401860932982,0.06395071042373947,0.46903055450773296,0.04368162957374576,0.43806110901546585,0.030567081604426,0.41166855274739095,0.02138815541305168,0.389048157927826,0.014610838677228719,0.3702879416572363,0.00958129007921539,0.35254620897774425,0.005331321513894128,0.33741984156921917,0.0025399220419967308,0.32321136677983153,0.0012825348924933987,0.3103734439834025,0.0005532503457814661,0.2982773796051804,,,,,,,,,,
copenhagen_bluetooth,real,16,0.1412588017100465,0.0625,0.2185678040091175,0.48391801835785236,0.15948698604300265,0.050471520181063746,0.020910348296240413,0.007582044511505092,0.000980761976612599,0.7412297246322143,0.2654344272601534,0.6266063120834905,0.15948698604300265,0.5567333081855903,0.10266566075694707,0.5068401860932982,0.07017477681378097,0.46903055450773296,0.050471520181063746,0.43806110901546585,0.0371683641393185,0.41166855274739095,0.02761222180309317,0.389048157927826,0.020910348296240413,0.3702879416572363,0.015491009681881052,0.35254620897774425,0.011027285301144222,0.33741984156921917,0.007582044511505092,0.32321136677983153,0.004740349553627562,0.3103734439834025,0.002477052684521564,0.2982773796051804,0.000980761976612599,0.28692317364516534,,,,,,,,
copenhagen_bluetooth,real,17,0.13101456350174925,0.058823529411764705,0.1971246708942761,0.48051049918269834,0.15712309820193637,0.047818433295611716,0.01332830378473532,0.0030428769017980637,0.0003772161448509996,0.7412297246322143,0.2622783855149,0.6266063120834905,0.15712309820193637,0.5567333081855903,0.10010059097196027,0.5068401860932982,0.06752168992832894,0.46903055450773296,0.047818433295611716,0.43806110901546585,0.0343769646674211,0.41166855274739095,0.02533635106249214,0.389048157927826,0.018496164969194016,0.3702879416572363,0.01332830378473532,0.35254620897774425,0.009028039733433925,0.33741984156921917,0.0053941908713692945,0.32321136677983153,0.0030428769017980637,0.3103734439834025,0.0016346032943543318,0.2982773796051804,0.0008801710046523325,0.28692317364516534,0.0003772161448509996,0.27639884320382246,,,,,,
copenhagen_bluetooth,real,18,0.12812914763122232,0.05555555555555555,0.2290782041709651,0.48799195272224316,0.16512008047277757,0.04009807619766126,0.01769143719351188,0.0034452407896391297,0.0003017729158807997,0.7412297246322143,0.27043882811517667,0.6266063120834905,0.16512008047277757,0.5567333081855903,0.10860052810260279,0.5068401860932982,0.07457563183704262,0.46903055450773296,0.053451527725386645,0.43806110901546585,0.04009807619766126,0.41166855274739095,0.030365899660505468,0.389048157927826,0.02347541808122721,0.3702879416572363,0.01769143719351188,0.35254620897774425,0.013076826354834654,0.33741984156921917,0.009229221677354458,0.32321136677983153,0.005821702502200428,0.3103734439834025,0.0034452407896391297,0.2982773796051804,0.0018986545957500314,0.28692317364516534,0.0007418584182069659,0.27639884320382246,0.0003017729158807997,0.2670564566830127,,,,
copenhagen_bluetooth,real,19,0.1192340526911394,0.05263157894736842,0.1953358626587764,0.4824091537784484,0.15941154281403244,0.037621023513139694,0.011102728530114422,0.0018232113667798315,0.0002389035584056331,0.7412297246322143,0.26549729661762855,0.6266063120834905,0.15941154281403244,0.5567333081855903,0.10370929209103483,0.5068401860932982,0.07096693071796806,0.46903055450773296,0.05072299761096442,0.43806110901546585,0.037621023513139694,0.41166855274739095,0.028266063120834906,0.389048157927826,0.02104866088268578,0.3702879416572363,0.015365270966930718,0.35254620897774425,0.011102728530114422,0.33741984156921917,0.007795800326920659,0.32321136677983153,0.004891236011567962,0.3103734439834025,0.002929712058342764,0.2982773796051804,0.0018232113667798315,0.28692317364516534,0.0010436313340877656,0.27639884320382246,0.0006035458317615994,0.2670564566830127,0.0002389035584056331,0.25757575757575757,,
copenhagen_bluetooth,real,20,0.11450899031811894,0.05,0.19729848674633535,0.48799195272224316,0.1644159436690557,0.0381491261159311,0.010511756569847857,0.002351313969571231,0.00021375581541556646,0.7412297246322143,0.2708286181315227,0.6266063120834905,0.1644159436690557,0.5567333081855903,0.10670187350685276,0.5068401860932982,0.07400980761976612,0.46903055450773296,0.05270966930717968,0.43806110901546585,0.0381491261159311,0.41166855274739095,0.027863699232993838,0.389048157927826,0.02049541053690431,0.3702879416572363,0.014774299006664151,0.35254620897774425,0.010511756569847857,0.33741984156921917,0.007443731925059726,0.32321136677983153,0.005306173770904061,0.3103734439834025,0.003608701119074563,0.2982773796051804,0.002351313969571231,0.28692317364516534,0.0014082736074437319,0.27639884320382246,0.0008550232616622659,0.2670564566830127,0.0005406764742864327,0.25757575757575757,0.00021375581541556646,0.24839683138438326
sp_workplace,real,2,0.6121899859616284,0.5,0.32887517146776407,0.2243799719232569,1.0,1.0,0.2243799719232569,0.2243799719232569,0.2243799719232569,0.6689284043051006,,,,,,,,,,,,,,,,,,,,,,,,,,,,,,,,,,,,
sp_workplace,real,3,0.44930588051785997,0.3333333333333333,0.29848008385744235,0.2606457650912494,1.0,0.2606457650912494,0.2606457650912494,0.08727187646233037,0.08727187646233037,0.6689284043051006,0.08727187646233037,0.5287786616752457,,,,,,,,,,,,,,,,,,,,,,,,,,,,,,,,,,
sp_workplace,real,4,0.36131258773982217,0.25,0.281437125748503,0.28310715956948995,1.0,0.28310715956948995,0.11862423958820777,0.043518951801591016,0.043518951801591016,0.6689284043051006,0.11862423958820777,0.5287786616752457,0.043518951801591016,0.44829199812821713,,,,,,,,,,,,,,,,,,,,,,,,,,,,,,,,
sp_workplace,real,5,0.29106223678053345,0.2,0.18969825100903326,0.2901263453439401,1.0,0.2901263453439401,0.11909218530650445,0.04609265325222274,0.0,0.6689284043051006,0.11909218530650445,0.5287786616752457,0.04609265325222274,0.44829199812821713,0.0,0.39962564342536266,,,,,,,,,,,,,,,,,,,,,,,,,,,,,,
sp_workplace,real,6,0.26255654344096085,0.16666666666666666,0.2593157181571816,0.3048666354702855,0.3048666354702855,0.1476368741226018,0.07627515208235845,0.036499766027140855,0.010060832943378568,0.6689284043051006,0.1476368741226018,0.5287786616752457,0.07627515208235845,0.44829199812821713,0.036499766027140855,0.39962564342536266,0.010060832943378568,0.36523163313055684,,,,,,,,,,,,,,,,,,,,,,,,,,,,
sp_workplace,real,7,0.22869175747041917,0.14285714285714285,0.22517877931149177,0.31258773982218063,0.31258773982218063,0.15067852129153017,0.04094525035095929,0.014740290126345344,0.0,0.6689284043051006,0.15067852129153017,0.5287786616752457,0.08189050070191858,0.44829199812821713,0.04094525035095929,0.39962564342536266,0.014740290126345344,0.36523163313055684,0.0,0.3331773514272344,,,,,,,,,,,,,,,,,,,,,,,,,,
sp_workplace,real,8,0.203731867103416,0.125,0.21298995788791708,0.31024801123069723,0.31024801123069723,0.08586803930744033,0.04609265325222274,0.008656995788488536,0.0014038371548900327,0.6689284043051006,0.15535797847449695,0.5287786616752457,0.08586803930744033,0.44829199812821713,0.04609265325222274,0.39962564342536266,0.022227421619092184,0.36523163313055684,0.008656995788488536,0.3331773514272344,0.0014038371548900327,0.3088441740758072,,,,,,,,,,,,,,,,,,,,,,,,
sp_workplace,real,9,0.1883221546300629,0.1111111111111111,0.233805363061163,0.32241459990641086,0.32241459990641086,0.09967243799719233,0.033224145999064106,0.004445484323818437,0.0,0.6689284043051006,0.16635470285446888,0.5287786616752457,0.09967243799719233,0.44829199812821713,0.05451567618156294,0.39962564342536266,0.033224145999064106,0.36523163313055684,0.014272344408048667,0.3331773514272344,0.004445484323818437,0.3088441740758072,0.0,0.2908282639213851,,,,,,,,,,,,,,,,,,,,,,
sp_workplace,real,10,0.17047262517547965,0.1,0.24084383240550836,0.32732802994852594,0.32732802994852594,0.09943846513804398,0.03345811885821245,0.004445484323818437,0.0,0.6689284043051006,0.16939635002339729,0.5287786616752457,0.09943846513804398,0.44829199812821713,0.058259241927936356,0.39962564342536266,0.03345811885821245,0.36523163313055684,0.012400561534861956,0.3331773514272344,0.004445484323818437,0.3088441740758072,0.0,0.2908282639213851,0.0,0.2751520823584464,,,,,,,,,,,,,,,,,,,,
sp_workplace,real,11,0.16152635385204406,0.09090909090909091,0.24265927977839336,0.3345811885821245,0.17875526438933084,0.0687880205896116,0.025503041647168927,0.005147402901263453,0.0,0.6689284043051006,0.17875526438933084,0.5287786616752457,0.10786148806738419,0.44829199812821713,0.0687880205896116,0.39962564342536266,0.0416471689284043,0.36523163313055684,0.025503041647168927,0.3331773514272344,0.012400561534861956,0.3088441740758072,0.005147402901263453,0.2908282639213851,0.0021057557323350493,0.2751520823584464,0.0,0.2618156293869911,,,,,,,,,,,,,,,,,,
sp_workplace,real,12,0.1450826704102324,0.08333333333333333,0.2067844522968198,0.3233504913430042,0.1731399157697707,0.061534861956013105,0.010762751520823585,0.001169864295741694,0.0,0.6689284043051006,0.1731399157697707,0.5287786616752457,0.10598970519419747,0.44829199812821713,0.061534861956013105,0.39962564342536266,0.03883949461862424,0.36523163313055684,0.02152550304164717,0.3331773514272344,0.010762751520823585,0.3088441740758072,0.004679457182966776,0.2908282639213851,0.001169864295741694,0.2751520823584464,0.0,0.2618156293869911,0.0,0.2496490407112775,,,,,,,,,,,,,,,,
sp_workplace,real,13,0.13545228753464597,0.07692307692307693,0.21494413407821228,0.32475432849789426,0.17501169864295743,0.04305100608329434,0.012868507253158634,0.0004679457182966776,0.0,0.6689284043051006,0.17501169864295743,0.5287786616752457,0.10762751520823584,0.44829199812821713,0.06340664482919982,0.39962564342536266,0.04305100608329434,0.36523163313055684,0.024099204492278897,0.3331773514272344,0.012868507253158634,0.3088441740758072,0.006785212915301825,0.2908282639213851,0.0028076743097800653,0.2751520823584464,0.0004679457182966776,0.2618156293869911,0.0,0.2496490407112775,0.0,0.23724847917641553,,,,,,,,,,,,,,
sp_workplace,real,14,0.13007219733939435,0.07142857142857142,0.2134286099501146,0.33341132428638276,0.1803930744033692,0.04913430042115115,0.01169864295741694,0.0002339728591483388,0.0,0.6689284043051006,0.1803930744033692,0.5287786616752457,0.114646700982686,0.44829199812821713,0.07159569489939167,0.39962564342536266,0.04913430042115115,0.36523163313055684,0.0313523631258774,0.3331773514272344,0.020355638745905475,0.3088441740758072,0.01169864295741694,0.2908282639213851,0.006083294337856809,0.2751520823584464,0.0021057557323350493,0.2618156293869911,0.0002339728591483388,0.2496490407112775,0.0,0.23724847917641553,0.0,0.22882545624707534,,,,,,,,,,,,
sp_workplace,real,15,0.11971611293090002,0.06666666666666667,0.2016691749897387,0.3291998128217127,0.17758540009358914,0.04539073467477773,0.009826860084230228,0.0004679457182966776,0.0,0.6689284043051006,0.17758540009358914,0.5287786616752457,0.11230697239120262,0.44829199812821713,0.0687880205896116,0.39962564342536266,0.04539073467477773,0.36523163313055684,0.028310715956948992,0.3331773514272344,0.015910154422087038,0.3088441740758072,0.009826860084230228,0.2908282639213851,0.006083294337856809,0.2751520823584464,0.0018717828731867104,0.2618156293869911,0.0004679457182966776,0.2496490407112775,0.0,0.23724847917641553,0.0,0.22882545624707534,0.0,0.22016846045858682,,,,,,,,,,
sp_workplace,real,16,0.11502690687880206,0.0625,0.2132,0.3306036499766027,0.11768834815161441,0.03205428170332241,0.008656995788488536,0.0009358914365933552,0.0,0.6689284043051006,0.18530650444548433,0.5287786616752457,0.11768834815161441,0.44829199812821713,0.07627515208235845,0.39962564342536266,0.048900327562002806,0.36523163313055684,0.03205428170332241,0.3331773514272344,0.020355638745905475,0.3088441740758072,0.014506317267197005,0.2908282639213851,0.008656995788488536,0.2751520823584464,0.003743565746373421,0.2618156293869911,0.0014038371548900327,0.2496490407112775,0.0009358914365933552,0.23724847917641553,0.0,0.22882545624707534,0.0,0.22016846045858682,0.0,0.2129153018249883,,,,,,,,
sp_workplace,real,17,0.10819180269206419,0.058823529411764705,0.1798532354903269,0.3341132428638278,0.11675245671502106,0.03299017313991577,0.004445484323818437,0.0,0.0,0.6689284043051006,0.18249883013570425,0.5287786616752457,0.11675245671502106,0.44829199812821713,0.07463734206832008,0.39962564342536266,0.05077211043518952,0.36523163313055684,0.03299017313991577,0.3331773514272344,0.02082358446420215,0.3088441740758072,0.012868507253158634,0.2908282639213851,0.0070191857744501636,0.2751520823584464,0.004445484323818437,0.2618156293869911,0.0018717828731867104,0.2496490407112775,0.0004679457182966776,0.23724847917641553,0.0,0.22882545624707534,0.0,0.22016846045858682,0.0,0.2129153018249883,0.0,0.20542817033224145,,,,,,
sp_workplace,real,18,0.10353299017313992,0.05555555555555555,0.1989735491512041,0.341834347215723,0.11862423958820777,0.022461394478240523,0.0039775386055217596,0.0,0.0,0.6689284043051006,0.1839026672905943,0.5287786616752457,0.11862423958820777,0.44829199812821713,0.07697707065980346,0.39962564342536266,0.05404773046326626,0.36523163313055684,0.03486195601310248,0.3331773514272344,0.022461394478240523,0.3088441740758072,0.014506317267197005,0.2908282639213851,0.009826860084230228,0.2751520823584464,0.0039775386055217596,0.2618156293869911,0.002339728591483388,0.2496490407112775,0.0002339728591483388,0.23724847917641553,0.0,0.22882545624707534,0.0,0.22016846045858682,0.0,0.2129153018249883,0.0,0.20542817033224145,0.0,0.19934487599438466,,,,
sp_workplace,real,19,0.09882274708765362,0.05263157894736842,0.1839665752709231,0.33785680861020123,0.12072999532054282,0.025970987365465607,0.0035095928872250818,0.0,0.0,0.6689284043051006,0.1876462330369677,0.5287786616752457,0.12072999532054282,0.44829199812821713,0.07674309780065512,0.39962564342536266,0.05311183902667291,0.36523163313055684,0.03603182030884417,0.3331773514272344,0.025970987365465607,0.3088441740758072,0.01754796443612541,0.2908282639213851,0.010294805802526907,0.2751520823584464,0.005615348619560131,0.2618156293869911,0.0035095928872250818,0.2496490407112775,0.002339728591483388,0.23724847917641553,0.0002339728591483388,0.22882545624707534,0.0,0.22016846045858682,0.0,0.2129153018249883,0.0,0.20542817033224145,0.0,0.19934487599438466,0.0,0.19162377164248948,,
sp_workplace,real,20,0.09198642957416939,0.05,0.1332533013205282,0.3345811885821245,0.11651848385587271,0.020121665886757137,0.0021057557323350493,0.0,0.0,0.6689284043051006,0.1832007487131493,0.5287786616752457,0.11651848385587271,0.44829199812821713,0.07370145063172671,0.39962564342536266,0.048198408984557795,0.36523163313055684,0.031820308844174076,0.3331773514272344,0.020121665886757137,0.3088441740758072,0.013804398689751989,0.2908282639213851,0.009124941506785214,0.2751520823584464,0.005147402901263453,0.2618156293869911,0.0021057557323350493,0.2496490407112775,0.001169864295741694,0.23724847917641553,0.0002339728591483388,0.22882545624707534,0.0,0.22016846045858682,0.0,0.2129153018249883,0.0,0.20542817033224145,0.0,0.19934487599438466,0.0,0.19162377164248948,0.0,0.18554047730463266
snap_email_eu,real,2,0.6801855079681275,0.5,0.438162276718135,0.360371015936255,1.0,1.0,0.360371015936255,0.360371015936255,0.360371015936255,0.7359935258964143,,,,,,,,,,,,,,,,,,,,,,,,,,,,,,,,,,,,
snap_email_eu,real,3,0.4881930610889775,0.3333333333333333,0.3313720246055095,0.4119148406374502,1.0,0.4119148406374502,0.4119148406374502,0.052664342629482074,0.052664342629482074,0.7359935258964143,0.052664342629482074,0.5897036852589641,,,,,,,,,,,,,,,,,,,,,,,,,,,,,,,,,,
snap_email_eu,real,4,0.43999003984063745,0.25,0.41995658412745135,0.4694347609561753,1.0,0.4694347609561753,0.24539342629482072,0.045131972111553786,0.045131972111553786,0.7359935258964143,0.24539342629482072,0.5897036852589641,0.045131972111553786,0.4986304780876494,,,,,,,,,,,,,,,,,,,,,,,,,,,,,,,,
snap_email_eu,real,5,0.4001120517928287,0.4,0.465532792165958,0.5057270916334662,1.0,0.5057270916334662,0.2975597609561753,0.1593625498007968,0.03791085657370518,0.7359935258964143,0.2975597609561753,0.5897036852589641,0.1593625498007968,0.4986304780876494,0.03791085657370518,0.4399277888446215,,,,,,,,,,,,,,,,,,,,,,,,,,,,,,
snap_email_eu,real,6,0.3361968791500664,0.16666666666666666,0.42834786496758326,0.49688745019920316,0.49688745019920316,0.3025398406374502,0.177726593625498,0.04002739043824701,0.0,0.7359935258964143,0.3025398406374502,0.5897036852589641,0.177726593625498,0.4986304780876494,0.04002739043824701,0.4399277888446215,0.0,0.39604083665338646,,,,,,,,,,,,,,,,,,,,,,,,,,,,
snap_email_eu,real,7,0.3212329254410928,0.2857142857142857,0.4648148676810643,0.5240288844621513,0.5240288844621513,0.3341010956175299,0.13508466135458166,0.03405129482071713,0.0,0.7359935258964143,0.3341010956175299,0.5897036852589641,0.22136454183266932,0.4986304780876494,0.13508466135458166,0.4399277888446215,0.03405129482071713,0.39604083665338646,0.0,0.36130478087649404,,,,,,,,,,,,,,,,,,,,,,,,,,
snap_email_eu,real,8,0.3009680029880478,0.25,0.484874284954104,0.5369770916334662,0.5369770916334662,0.23960408366533864,0.1619148406374502,0.028012948207171314,0.0,0.7359935258964143,0.3465512948207171,0.5897036852589641,0.23960408366533864,0.4986304780876494,0.1619148406374502,0.4399277888446215,0.09468376494023904,0.39604083665338646,0.028012948207171314,0.36130478087649404,0.0,0.3314865537848606,,,,,,,,,,,,,,,,,,,,,,,,
snap_email_eu,real,9,0.2708748339973439,0.2222222222222222,0.4732459481467861,0.5262699203187251,0.5262699203187251,0.24750996015936255,0.1107445219123506,0.0,0.0,0.7359935258964143,0.35122011952191234,0.5897036852589641,0.24750996015936255,0.4986304780876494,0.17112798804780877,0.4399277888446215,0.1107445219123506,0.39604083665338646,0.031000996015936255,0.36130478087649404,0.0,0.3314865537848606,0.0,0.3064616533864542,,,,,,,,,,,,,,,,,,,,,,
snap_email_eu,real,10,0.2625498007968127,0.2,0.49166321836282645,0.5477465139442231,0.5477465139442231,0.2628237051792829,0.13956673306772907,0.027826195219123506,0.0,0.7359935258964143,0.3649153386454183,0.5897036852589641,0.2628237051792829,0.4986304780876494,0.19353834661354583,0.4399277888446215,0.13956673306772907,0.39604083665338646,0.08908117529880479,0.36130478087649404,0.027826195219123506,0.3314865537848606,0.0,0.3064616533864542,0.0,0.2877863545816733,,,,,,,,,,,,,,,,,,,,
snap_email_eu,real,11,0.2499264306410721,0.18181818181818182,0.5024146737868586,0.5460034860557769,0.37188745019920316,0.20524153386454183,0.1086902390438247,0.022348107569721117,0.0,0.7359935258964143,0.37188745019920316,0.5897036852589641,0.2729706175298805,0.4986304780876494,0.20524153386454183,0.4399277888446215,0.1545069721115538,0.39604083665338646,0.1086902390438247,0.36130478087649404,0.06754233067729083,0.3314865537848606,0.022348107569721117,0.3064616533864542,0.0,0.2877863545816733,0.0,0.27048057768924305,,,,,,,,,,,,,,,,,,
snap_email_eu,real,12,0.23264234727755642,0.16666666666666666,0.4912805979018582,0.5498630478087649,0.375996015936255,0.20872758964143426,0.07955677290836653,0.0,0.0,0.7359935258964143,0.375996015936255,0.5897036852589641,0.27496264940239046,0.4986304780876494,0.20872758964143426,0.4399277888446215,0.15942480079681276,0.39604083665338646,0.11715637450199202,0.36130478087649404,0.07955677290836653,0.3314865537848606,0.026020916334661356,0.3064616533864542,0.0,0.2877863545816733,0.0,0.27048057768924305,0.0,0.2560383466135458,,,,,,,,,,,,,,,,
snap_email_eu,real,13,0.2258322479313515,0.15384615384615385,0.5040809238516974,0.5590139442231076,0.38265687250996017,0.1705054780876494,0.09779631474103585,0.0,0.0,0.7359935258964143,0.38265687250996017,0.5897036852589641,0.28479830677290835,0.4986304780876494,0.21974601593625498,0.4399277888446215,0.1705054780876494,0.39604083665338646,0.13240786852589642,0.36130478087649404,0.09779631474103585,0.3314865537848606,0.06530129482071713,0.3064616533864542,0.02359312749003984,0.2877863545816733,0.0,0.27048057768924305,0.0,0.2560383466135458,0.0,0.24221862549800796,,,,,,,,,,,,,,
snap_email_eu,real,14,0.21772285856573706,0.14285714285714285,0.5129094251336899,0.5611304780876494,0.39155876494023906,0.1794073705179283,0.07974352589641434,0.0,0.0,0.7359935258964143,0.39155876494023906,0.5897036852589641,0.2940114541832669,0.4986304780876494,0.22827440239043825,0.4399277888446215,0.1794073705179283,0.39604083665338646,0.14187001992031872,0.36130478087649404,0.10912599601593626,0.3314865537848606,0.07974352589641434,0.3064616533864542,0.04668824701195219,0.2877863545816733,0.016309760956175298,0.27048057768924305,0.0,0.2560383466135458,0.0,0.24221862549800796,0.0,0.23082669322709162,,,,,,,,,,,,
snap_email_eu,real,15,0.20686005976095617,0.13333333333333333,0.5061946176567115,0.5619397410358565,0.3911852589641434,0.18538346613545817,0.0885831673306773,0.0,0.0,0.7359935258964143,0.3911852589641434,0.5897036852589641,0.2963769920318725,0.4986304780876494,0.23306772908366533,0.4399277888446215,0.18538346613545817,0.39604083665338646,0.14865537848605578,0.36130478087649404,0.11653386454183266,0.3314865537848606,0.0885831673306773,0.3064616533864542,0.05976095617529881,0.2877863545816733,0.02141434262948207,0.27048057768924305,0.0,0.2560383466135458,0.0,0.24221862549800796,0.0,0.23082669322709162,0.0,0.21949701195219123,,,,,,,,,,
snap_email_eu,real,16,0.2017554780876494,0.125,0.5132478379922384,0.568351593625498,0.3011703187250996,0.15631225099601595,0.07551045816733068,0.0,0.0,0.7359935258964143,0.39871762948207173,0.5897036852589641,0.3011703187250996,0.4986304780876494,0.24028884462151395,0.4399277888446215,0.1928535856573705,0.39604083665338646,0.15631225099601595,0.36130478087649404,0.12524900398406374,0.3314865537848606,0.09991284860557768,0.3064616533864542,0.07551045816733068,0.2877863545816733,0.050734561752988044,0.27048057768924305,0.018986553784860558,0.2560383466135458,0.0,0.24221862549800796,0.0,0.23082669322709162,0.0,0.21949701195219123,0.0,0.2112176294820717,,,,,,,,
snap_email_eu,real,17,0.19433296226857277,0.11764705882352941,0.5143621217076784,0.5692231075697212,0.3058391434262948,0.1607320717131474,0.06088147410358566,0.0,0.0,0.7359935258964143,0.4012699203187251,0.5897036852589641,0.3058391434262948,0.4986304780876494,0.24302788844621515,0.4399277888446215,0.1967753984063745,0.39604083665338646,0.1607320717131474,0.36130478087649404,0.1313496015936255,0.3314865537848606,0.10582669322709164,0.3064616533864542,0.08136205179282868,0.2877863545816733,0.06088147410358566,0.27048057768924305,0.03454930278884462,0.2560383466135458,0.01282370517928287,0.24221862549800796,0.0,0.23082669322709162,0.0,0.21949701195219123,0.0,0.2112176294820717,0.0,0.20200448207171315,,,,,,
snap_email_eu,real,18,0.18648669212040725,0.1111111111111111,0.5065114518266136,0.5700323705179283,0.30882719123505975,0.13595617529880477,0.06505229083665338,0.0,0.0,0.7359935258964143,0.4030129482071713,0.5897036852589641,0.30882719123505975,0.4986304780876494,0.2455179282868526,0.4399277888446215,0.20163097609561753,0.39604083665338646,0.16558764940239043,0.36130478087649404,0.13595617529880477,0.3314865537848606,0.1114292828685259,0.3064616533864542,0.08684013944223108,0.2877863545816733,0.06505229083665338,0.27048057768924305,0.04506972111553785,0.2560383466135458,0.01780378486055777,0.24221862549800796,0.0,0.23082669322709162,0.0,0.21949701195219123,0.0,0.2112176294820717,0.0,0.20200448207171315,0.0,0.19484561752988047,,,,
snap_email_eu,real,19,0.18306707381002307,0.10526315789473684,0.5164104997992042,0.5738296812749004,0.3126245019920319,0.14255478087649404,0.059449701195219126,0.0,0.0,0.7359935258964143,0.4090512948207171,0.5897036852589641,0.3126245019920319,0.4986304780876494,0.24981324701195218,0.4399277888446215,0.2081050796812749,0.39604083665338646,0.17168824701195218,0.36130478087649404,0.14255478087649404,0.3314865537848606,0.11802788844621515,0.3064616533864542,0.09904133466135458,0.2877863545816733,0.0788097609561753,0.27048057768924305,0.059449701195219126,0.2560383466135458,0.039467131474103585,0.24221862549800796,0.01581175298804781,0.23082669322709162,0.0,0.21949701195219123,0.0,0.2112176294820717,0.0,0.20200448207171315,0.0,0.19484561752988047,0.0,0.18743774900398405,,
snap_email_eu,real,20,0.17408179780876493,0.1,0.5058173462688744,0.5733939243027888,0.3119397410358566,0.14417330677290838,0.059947709163346616,0.0,0.0,0.7359935258964143,0.40581424302788843,0.5897036852589641,0.3119397410358566,0.4986304780876494,0.2501245019920319,0.4399277888446215,0.2084163346613546,0.39604083665338646,0.17025647410358566,0.36130478087649404,0.14417330677290838,0.3314865537848606,0.11889940239043825,0.3064616533864542,0.0987300796812749,0.2877863545816733,0.07837400398406374,0.27048057768924305,0.059947709163346616,0.2560383466135458,0.04102340637450199,0.24221862549800796,0.01743027888446215,0.23082669322709162,0.0031125498007968126,0.21949701195219123,0.0,0.2112176294820717,0.0,0.20200448207171315,0.0,0.19484561752988047,0.0,0.18743774900398405,0.0,0.1797808764940239
snap_collegemsg,real,2,0.5129353952883364,0.5,0.028188976377952757,0.02587079057667293,1.0,1.0,0.02587079057667293,0.02587079057667293,0.02587079057667293,0.6219829455123573,,,,,,,,,,,,,,,,,,,,,,,,,,,,,,,,,,,,
snap_collegemsg,real,3,0.34834031892855427,0.3333333333333333,0.04030766955106871,0.04054054054054054,1.0,0.04054054054054054,0.04054054054054054,0.0044804162451221275,0.0044804162451221275,0.6219829455123573,0.0044804162451221275,0.42195403960109845,,,,,,,,,,,,,,,,,,,,,,,,,,,,,,,,,,
snap_collegemsg,real,4,0.26980054921231394,0.25,0.06579868402631947,0.06829021534903888,1.0,0.06829021534903888,0.009466685937274172,0.0014452955629426219,0.0014452955629426219,0.6219829455123573,0.009466685937274172,0.42195403960109845,0.0014452955629426219,0.30965457436045674,,,,,,,,,,,,,,,,,,,,,,,,,,,,,,,,
snap_collegemsg,real,5,0.22393409452232982,0.2,0.09648596385943856,0.10304957363780894,1.0,0.10304957363780894,0.013007660066483595,0.003251915016620899,0.00036132389073565546,0.6219829455123573,0.013007660066483595,0.42195403960109845,0.003251915016620899,0.30965457436045674,0.00036132389073565546,0.24237606590547767,,,,,,,,,,,,,,,,,,,,,,,,,,,,,,
snap_collegemsg,real,6,0.18829792359204123,0.16666666666666666,0.10013123359580052,0.11056511056511056,0.11056511056511056,0.014091631738690562,0.0038300332417979476,0.0012285012285012285,7.226477814713109e-05,0.6219829455123573,0.014091631738690562,0.42195403960109845,0.0038300332417979476,0.30965457436045674,0.0012285012285012285,0.24237606590547767,7.226477814713109e-05,0.1896950426362191,,,,,,,,,,,,,,,,,,,,,,,,,,,,
snap_collegemsg,real,7,0.16566184213243035,0.14285714285714285,0.11872494750906662,0.1341234282410753,0.1341234282410753,0.018210724093077033,0.001589825119236884,0.0004335886688827865,7.226477814713109e-05,0.6219829455123573,0.018210724093077033,0.42195403960109845,0.005203064026593439,0.30965457436045674,0.001589825119236884,0.24237606590547767,0.0004335886688827865,0.1896950426362191,7.226477814713109e-05,0.15471889001300765,,,,,,,,,,,,,,,,,,,,,,,,,,
snap_collegemsg,real,8,0.14610131521896227,0.125,0.12061155152887883,0.13571325336031217,0.13571325336031217,0.00729874259286024,0.002457002457002457,0.00036132389073565546,7.226477814713109e-05,0.6219829455123573,0.02196849255672785,0.42195403960109845,0.00729874259286024,0.30965457436045674,0.002457002457002457,0.24237606590547767,0.0009394421159127041,0.1896950426362191,0.00036132389073565546,0.15471889001300765,7.226477814713109e-05,0.12993207110854169,,,,,,,,,,,,,,,,,,,,,,,,
snap_collegemsg,real,9,0.13100801336095452,0.1111111111111111,0.12457975345536047,0.14142217083393555,0.14142217083393555,0.007443272149154502,0.0010117068940598353,7.226477814713109e-05,0.0,0.6219829455123573,0.025509466685937274,0.42195403960109845,0.007443272149154502,0.30965457436045674,0.003179650238473768,0.24237606590547767,0.0010117068940598353,0.1896950426362191,0.0004335886688827865,0.15471889001300765,7.226477814713109e-05,0.12993207110854169,0.0,0.11128775834658187,,,,,,,,,,,,,,,,,,,,,,
snap_collegemsg,real,10,0.11985836103483163,0.1,0.13530202983614575,0.1555138025726261,0.1555138025726261,0.008310449486920075,0.0018788842318254082,0.00021679433444139325,0.0,0.6219829455123573,0.02919497037144096,0.42195403960109845,0.008310449486920075,0.30965457436045674,0.0028905911258852437,0.24237606590547767,0.0018788842318254082,0.1896950426362191,0.0004335886688827865,0.15471889001300765,0.00021679433444139325,0.12993207110854169,0.00014452955629426219,0.11128775834658187,0.0,0.09560630148865443,,,,,,,,,,,,,,,,,,,,
snap_collegemsg,real,11,0.10931690076075103,0.09090909090909091,0.1342138900724329,0.15421303656597773,0.03121838415956063,0.004191357132533603,0.0009394421159127041,0.00014452955629426219,0.0,0.6219829455123573,0.03121838415956063,0.42195403960109845,0.009538950715421303,0.30965457436045674,0.004191357132533603,0.24237606590547767,0.0018066194536782772,0.1896950426362191,0.0009394421159127041,0.15471889001300765,0.0004335886688827865,0.12993207110854169,0.00014452955629426219,0.11128775834658187,0.0,0.09560630148865443,0.0,0.08382714265067207,,,,,,,,,,,,,,,,,,
snap_collegemsg,real,12,0.10104422604422604,0.08333333333333333,0.13788737489448932,0.15912704147998266,0.03374765139471022,0.004263621910680734,0.0006503830033241798,7.226477814713109e-05,0.0,0.6219829455123573,0.03374765139471022,0.42195403960109845,0.011128775834658187,0.30965457436045674,0.004263621910680734,0.24237606590547767,0.0020956785662668014,0.1896950426362191,0.0011562364503540975,0.15471889001300765,0.0006503830033241798,0.12993207110854169,0.00028905911258852437,0.11128775834658187,7.226477814713109e-05,0.09560630148865443,0.0,0.08382714265067207,0.0,0.07284289637230813,,,,,,,,,,,,,,,,
snap_collegemsg,real,13,0.09469465351818293,0.07692307692307693,0.14629080118694363,0.1724960254372019,0.036638242520595464,0.002312472900708195,0.0005058534470299177,7.226477814713109e-05,0.0,0.6219829455123573,0.036638242520595464,0.42195403960109845,0.01192368839427663,0.30965457436045674,0.005130799248446307,0.24237606590547767,0.002312472900708195,0.1896950426362191,0.0013730307847954907,0.15471889001300765,0.0005058534470299177,0.12993207110854169,0.00036132389073565546,0.11128775834658187,0.00021679433444139325,0.09560630148865443,7.226477814713109e-05,0.08382714265067207,0.0,0.07284289637230813,0.0,0.06373753432576962,,,,,,,,,,,,,,
snap_collegemsg,real,14,0.08919022154316272,0.07142857142857142,0.15415204678362573,0.18181818181818182,0.04191357132533603,0.0028183263477381125,0.00036132389073565546,0.0,0.0,0.6219829455123573,0.04191357132533603,0.42195403960109845,0.013441248735366382,0.30965457436045674,0.005564387917329093,0.24237606590547767,0.0028183263477381125,0.1896950426362191,0.001662089897384015,0.15471889001300765,0.0005781182251770487,0.12993207110854169,0.00036132389073565546,0.11128775834658187,0.00036132389073565546,0.09560630148865443,0.00014452955629426219,0.08382714265067207,0.0,0.07284289637230813,0.0,0.06373753432576962,0.0,0.0557884087295852,,,,,,,,,,,,
snap_collegemsg,real,15,0.08408247820012527,0.06666666666666667,0.15880821521550478,0.1861540685070097,0.04552681023269259,0.003107385460326637,0.0005781182251770487,0.00021679433444139325,0.0,0.6219829455123573,0.04552681023269259,0.42195403960109845,0.016187310304957365,0.30965457436045674,0.005997976586211881,0.24237606590547767,0.003107385460326637,0.1896950426362191,0.0018066194536782772,0.15471889001300765,0.0010117068940598353,0.12993207110854169,0.0005781182251770487,0.11128775834658187,0.00036132389073565546,0.09560630148865443,0.00028905911258852437,0.08382714265067207,0.00021679433444139325,0.07284289637230813,0.0,0.06373753432576962,0.0,0.0557884087295852,0.0,0.05058534470299176,,,,,,,,,,
snap_collegemsg,real,16,0.07845696632461338,0.0625,0.14883234576507495,0.18217950570891747,0.01589825119236884,0.001662089897384015,0.00028905911258852437,0.0,0.0,0.6219829455123573,0.0448764272293684,0.42195403960109845,0.01589825119236884,0.30965457436045674,0.005925711808064749,0.24237606590547767,0.0027460615695909813,0.1896950426362191,0.001662089897384015,0.15471889001300765,0.0010117068940598353,0.12993207110854169,0.0006503830033241798,0.11128775834658187,0.00028905911258852437,0.09560630148865443,7.226477814713109e-05,0.08382714265067207,0.0,0.07284289637230813,0.0,0.06373753432576962,0.0,0.0557884087295852,0.0,0.05058534470299176,0.0,0.04451510333863275,,,,,,,,
snap_collegemsg,real,17,0.07500233797811652,0.058823529411764705,0.15963648834019203,0.1907790143084261,0.017126752420870067,0.0020956785662668014,0.0004335886688827865,0.0,0.0,0.6219829455123573,0.050946668593727415,0.42195403960109845,0.017126752420870067,0.30965457436045674,0.007587801705448764,0.24237606590547767,0.00332417979476803,0.1896950426362191,0.0020956785662668014,0.15471889001300765,0.0014452955629426219,0.12993207110854169,0.0005058534470299177,0.11128775834658187,0.0005058534470299177,0.09560630148865443,0.0004335886688827865,0.08382714265067207,0.00014452955629426219,0.07284289637230813,0.00014452955629426219,0.06373753432576962,0.0,0.0557884087295852,0.0,0.05058534470299176,0.0,0.04451510333863275,0.0,0.040323746206099145,,,,,,
snap_collegemsg,real,18,0.07103627691862985,0.05555555555555555,0.15830863916115798,0.19309148720913427,0.017849400202341378,0.0012285012285012285,0.00036132389073565546,0.0,0.0,0.6219829455123573,0.050079491255961846,0.42195403960109845,0.017849400202341378,0.30965457436045674,0.008527243821361469,0.24237606590547767,0.0038300332417979476,0.1896950426362191,0.0019511490099725394,0.15471889001300765,0.0012285012285012285,0.12993207110854169,0.000867177337765573,0.11128775834658187,0.0004335886688827865,0.09560630148865443,0.00036132389073565546,0.08382714265067207,0.00036132389073565546,0.07284289637230813,7.226477814713109e-05,0.06373753432576962,0.0,0.0557884087295852,0.0,0.05058534470299176,0.0,0.04451510333863275,0.0,0.040323746206099145,0.0,0.03714409596762538,,,,
snap_collegemsg,real,19,0.06800115623645035,0.05263157894736842,0.1644399346073623,0.20147420147420148,0.018355253649371295,0.0013007660066483597,0.00028905911258852437,0.0,0.0,0.6219829455123573,0.05412631883220118,0.42195403960109845,0.018355253649371295,0.30965457436045674,0.008527243821361469,0.24237606590547767,0.00397456279809221,0.1896950426362191,0.0022402081225610638,0.15471889001300765,0.0013007660066483597,0.12993207110854169,0.000794912559618442,0.11128775834658187,0.0004335886688827865,0.09560630148865443,0.00036132389073565546,0.08382714265067207,0.00028905911258852437,0.07284289637230813,0.00014452955629426219,0.06373753432576962,0.0,0.0557884087295852,0.0,0.05058534470299176,0.0,0.04451510333863275,0.0,0.040323746206099145,0.0,0.03714409596762538,0.0,0.03447029917618153,,
snap_collegemsg,real,20,0.06521534903887845,0.05,0.16985873024736167,0.20660500072264779,0.020812256106373755,0.0018788842318254082,0.00036132389073565546,0.0,0.0,0.6219829455123573,0.05643879173290938,0.42195403960109845,0.020812256106373755,0.30965457436045674,0.009105362046538517,0.24237606590547767,0.004191357132533603,0.1896950426362191,0.0026015320132967193,0.15471889001300765,0.0018788842318254082,0.12993207110854169,0.000794912559618442,0.11128775834658187,0.0006503830033241798,0.09560630148865443,0.0005058534470299177,0.08382714265067207,0.00036132389073565546,0.07284289637230813,0.00021679433444139325,0.06373753432576962,0.00014452955629426219,0.0557884087295852,0.0,0.05058534470299176,0.0,0.04451510333863275,0.0,0.040323746206099145,0.0,0.03714409596762538,0.0,0.03447029917618153,0.0,0.030784795490677842
snap_mathoverflow,real,2,0.5212888193801666,0.5,0.07286498493358945,0.042577638760333214,1.0,1.0,0.042577638760333214,0.042577638760333214,0.042577638760333214,0.3963273860819423,,,,,,,,,,,,,,,,,,,,,,,,,,,,,,,,,,,,
snap_mathoverflow,real,3,0.3567198266537579,0.3333333333333333,0.08058446784945275,0.06172800102135265,1.0,0.06172800102135265,0.06172800102135265,0.008431478939921059,0.008431478939921059,0.3963273860819423,0.008431478939921059,0.19474322555935017,,,,,,,,,,,,,,,,,,,,,,,,,,,,,,,,,,
snap_mathoverflow,real,4,0.27310278424989093,0.25,0.08556375518596028,0.07518645005479131,1.0,0.07518645005479131,0.014607470769099826,0.0026172161756726564,0.0026172161756726564,0.3963273860819423,0.014607470769099826,0.19474322555935017,0.0026172161756726564,0.11365208047407786,,,,,,,,,,,,,,,,,,,,,,,,,,,,,,,,
snap_mathoverflow,real,5,0.22201334141904186,0.2,0.08984363817495807,0.08438394348515314,1.0,0.08438394348515314,0.01923015543710702,0.005303586437287883,0.0011490217356611662,0.3963273860819423,0.01923015543710702,0.19474322555935017,0.005303586437287883,0.11365208047407786,0.0011490217356611662,0.0740906237698552,,,,,,,,,,,,,,,,,,,,,,,,,,,,,,
snap_mathoverflow,real,6,0.18744037676564565,0.16666666666666666,0.09160443464815607,0.09176215250071813,0.09176215250071813,0.02277829200046812,0.007266498569042375,0.002329960741757365,0.000505356781888013,0.3963273860819423,0.02277829200046812,0.19474322555935017,0.007266498569042375,0.11365208047407786,0.002329960741757365,0.0740906237698552,0.000505356781888013,0.05136552722011214,,,,,,,,,,,,,,,,,,,,,,,,,,,,
snap_mathoverflow,real,7,0.1622582836715804,0.14285714285714285,0.09128478816751372,0.09660293851669806,0.09660293851669806,0.025560414073388445,0.0032342834040832826,0.00113306310044365,0.00021278180290021598,0.3963273860819423,0.025560414073388445,0.19474322555935017,0.0090645048035492,0.11365208047407786,0.0032342834040832826,0.0740906237698552,0.00113306310044365,0.05136552722011214,0.00021278180290021598,0.03776345046971583,,,,,,,,,,,,,,,,,,,,,,,,,,
snap_mathoverflow,real,8,0.14338700754311492,0.125,0.09196007662479153,0.10165650633557818,0.10165650633557818,0.01045290606747311,0.004250316512931814,0.0006436649537731533,0.00014894726203015118,0.3963273860819423,0.02820954751949613,0.19474322555935017,0.01045290606747311,0.11365208047407786,0.004250316512931814,0.0740906237698552,0.0017341716936367603,0.05136552722011214,0.0006436649537731533,0.03776345046971583,0.00014894726203015118,0.028821295202834253,,,,,,,,,,,,,,,,,,,,,,,,
snap_mathoverflow,real,9,0.1284770615305868,0.1111111111111111,0.09129363428912603,0.10510889108763419,0.10510889108763419,0.011867905056759546,0.0022608066558147946,0.0003085336142053132,6.91540859425702e-05,0.3963273860819423,0.030587384166906047,0.19474322555935017,0.011867905056759546,0.11365208047407786,0.005069526454097645,0.0740906237698552,0.0022608066558147946,0.05136552722011214,0.0010213526539210366,0.03776345046971583,0.0003085336142053132,0.028821295202834253,6.91540859425702e-05,0.022576149287712916,,,,,,,,,,,,,,,,,,,,,,
snap_mathoverflow,real,10,0.11638792250486737,0.1,0.090945790368159,0.10752396455055163,0.10752396455055163,0.013187152234740885,0.002782122072920324,0.0005691913227580777,5.851499579755939e-05,0.3963273860819423,0.03239070994648538,0.19474322555935017,0.013187152234740885,0.11365208047407786,0.005840860489610929,0.0740906237698552,0.002782122072920324,0.05136552722011214,0.001319247177981339,0.03776345046971583,0.0005691913227580777,0.028821295202834253,0.00020746225782771057,0.022576149287712916,5.851499579755939e-05,0.018309874139563583,,,,,,,,,,,,,,,,,,,,
snap_mathoverflow,real,11,0.10634350913946201,0.09090909090909091,0.08848921217613136,0.10956666985839371,0.03395465619780196,0.006527081803964125,0.0015479876160990713,0.00030321406913280777,2.12781802900216e-05,0.3963273860819423,0.03395465619780196,0.19474322555935017,0.013942527635036651,0.11365208047407786,0.006527081803964125,0.0740906237698552,0.003037460236400583,0.05136552722011214,0.0015479876160990713,0.03776345046971583,0.0007660144904407775,0.028821295202834253,0.00030321406913280777,0.022576149287712916,0.00011171044652261339,0.018309874139563583,2.12781802900216e-05,0.015166023001712893,,,,,,,,,,,,,,,,,,
snap_mathoverflow,real,12,0.09806359693452349,0.08333333333333333,0.08888910507729277,0.11239134829189408,0.03516219292926069,0.007096273126722202,0.0010160331088485313,0.00020746225782771057,1.06390901450108e-05,0.3963273860819423,0.03516219292926069,0.19474322555935017,0.014825572117072548,0.11365208047407786,0.007096273126722202,0.0740906237698552,0.003580053833796134,0.05136552722011214,0.0019363144063919654,0.03776345046971583,0.0010160331088485313,0.028821295202834253,0.00045216133116295895,0.022576149287712916,0.00020746225782771057,0.018309874139563583,8.51127211600864e-05,0.015166023001712893,1.06390901450108e-05,0.012761588628940453,,,,,,,,,,,,,,,,
snap_mathoverflow,real,13,0.09095808280322021,0.07692307692307693,0.0875976717650967,0.1144766099603162,0.03640696647622695,0.00392050471843648,0.0011702999159511878,0.0001702254423201728,5.3195450725054e-06,0.3963273860819423,0.03640696647622695,0.19474322555935017,0.01557562797229581,0.11365208047407786,0.007638866724117754,0.0740906237698552,0.00392050471843648,0.05136552722011214,0.0020693030332046003,0.03776345046971583,0.0011702999159511878,0.028821295202834253,0.0006489844988456587,0.022576149287712916,0.0003138531592778186,0.018309874139563583,0.0001702254423201728,0.015166023001712893,5.851499579755939e-05,0.012761588628940453,5.3195450725054e-06,0.010718883321098379,,,,,,,,,,,,,,
snap_mathoverflow,real,14,0.0848779012418858,0.07142857142857142,0.08705640126204615,0.11638100709627312,0.03757726639217814,0.004308831508729374,0.0007074994946432181,0.00010639090145010799,5.3195450725054e-06,0.3963273860819423,0.03757726639217814,0.19474322555935017,0.016554424265636802,0.11365208047407786,0.008239975317310863,0.0740906237698552,0.004308831508729374,0.05136552722011214,0.0024310320981349677,0.03776345046971583,0.0013086080878363282,0.028821295202834253,0.0007074994946432181,0.022576149287712916,0.00041492451565542114,0.018309874139563583,0.00023405998319023756,0.015166023001712893,0.00010639090145010799,0.012761588628940453,2.12781802900216e-05,0.010718883321098379,5.3195450725054e-06,0.009224091155724362,,,,,,,,,,,,
snap_mathoverflow,real,15,0.07955627901368542,0.06666666666666667,0.08649177168552913,0.11799282925324227,0.03838583724319896,0.0047131169342397835,0.0009096422073984233,0.0001542668071026566,0.0,0.3963273860819423,0.03838583724319896,0.19474322555935017,0.017394912387092655,0.11365208047407786,0.008740012554126372,0.0740906237698552,0.0047131169342397835,0.05136552722011214,0.002606577085527646,0.03776345046971583,0.0015160703456640388,0.028821295202834253,0.0009096422073984233,0.022576149287712916,0.0005159958720330237,0.018309874139563583,0.0003085336142053132,0.015166023001712893,0.0001542668071026566,0.012761588628940453,6.91540859425702e-05,0.010718883321098379,3.7236815507537795e-05,0.009224091155724362,0.0,0.007963358973540583,,,,,,,,,,
snap_mathoverflow,real,16,0.07488822305916398,0.0625,0.08550387887418956,0.12017384273296948,0.017692806911152957,0.0028299979785728724,0.0005957890481206047,0.00010639090145010799,0.0,0.3963273860819423,0.039598693519730194,0.19474322555935017,0.017692806911152957,0.11365208047407786,0.008979392082389114,0.0740906237698552,0.005005691913227581,0.05136552722011214,0.0028299979785728724,0.03776345046971583,0.0016437394274041684,0.028821295202834253,0.0009734767482684881,0.022576149287712916,0.0005957890481206047,0.018309874139563583,0.00035640951985786175,0.015166023001712893,0.00021278180290021598,0.012761588628940453,0.00010639090145010799,0.010718883321098379,3.191727043503239e-05,0.009224091155724362,1.06390901450108e-05,0.007963358973540583,0.0,0.0069792431351270836,,,,,,,,
snap_mathoverflow,real,17,0.070741500775089,0.058823529411764705,0.0844879146842284,0.12133350355877566,0.01839498686072367,0.0030853361420531316,0.00042024406072792655,7.979317608758099e-05,0.0,0.3963273860819423,0.04031683210451842,0.19474322555935017,0.01839498686072367,0.11365208047407786,0.009548583405147191,0.0740906237698552,0.005340823252795421,0.05136552722011214,0.0030853361420531316,0.03776345046971583,0.0017820475992893089,0.028821295202834253,0.0011437021905886609,0.022576149287712916,0.0006862213143531966,0.018309874139563583,0.00042024406072792655,0.015166023001712893,0.00026597725362526996,0.012761588628940453,0.00014894726203015118,0.010718883321098379,7.979317608758099e-05,0.009224091155724362,4.25563605800432e-05,0.007963358973540583,1.5958635217516196e-05,0.0069792431351270836,0.0,0.0061547136488887474,,,,,,
snap_mathoverflow,real,18,0.06705936730513029,0.05555555555555555,0.08421096391552575,0.12270594618748204,0.018980136818699266,0.002021427127552052,0.0004947176917430022,5.851499579755939e-05,0.0,0.3963273860819423,0.04130094794293192,0.19474322555935017,0.018980136818699266,0.11365208047407786,0.009963507920802613,0.0740906237698552,0.005622759141638207,0.05136552722011214,0.0032927983998808424,0.03776345046971583,0.002021427127552052,0.028821295202834253,0.0012873299075463066,0.022576149287712916,0.0007606949453682721,0.018309874139563583,0.0004947176917430022,0.015166023001712893,0.0003085336142053132,0.012761588628940453,0.0001702254423201728,0.010718883321098379,8.51127211600864e-05,0.009224091155724362,5.851499579755939e-05,0.007963358973540583,1.06390901450108e-05,0.0069792431351270836,5.3195450725054e-06,0.0061547136488887474,0.0,0.005394018703520475,,,,
snap_mathoverflow,real,19,0.06372255044748573,0.05263157894736842,0.0836724196526164,0.1240411520006809,0.01927803134275957,0.002117178938857149,0.00036172906493036716,3.191727043503239e-05,0.0,0.3963273860819423,0.042210590150330345,0.19474322555935017,0.01927803134275957,0.11365208047407786,0.010234804719500388,0.0740906237698552,0.005824901854393412,0.05136552722011214,0.003447065206983499,0.03776345046971583,0.002117178938857149,0.028821295202834253,0.0013352058131988552,0.022576149287712916,0.0008670858468183801,0.018309874139563583,0.0005213154171055291,0.015166023001712893,0.00036172906493036716,0.012761588628940453,0.00022874043811773218,0.010718883321098379,0.00014362771695764577,0.009224091155724362,6.383454087006479e-05,0.007963358973540583,3.191727043503239e-05,0.0069792431351270836,1.5958635217516196e-05,0.0061547136488887474,5.3195450725054e-06,0.005394018703520475,0.0,0.0047929101103273645,,
snap_mathoverflow,real,20,0.06066728373389507,0.05,0.082118006345607,0.12465821922909152,0.0199004181162427,0.002223569840307257,0.00039364633536539956,6.383454087006479e-05,0.0,0.3963273860819423,0.042322300596852956,0.19474322555935017,0.0199004181162427,0.11365208047407786,0.010548657878778208,0.0740906237698552,0.005973849116423563,0.05136552722011214,0.0036811251901737365,0.03776345046971583,0.002223569840307257,0.028821295202834253,0.0014203185343589417,0.022576149287712916,0.0009362399327609502,0.018309874139563583,0.0006170672284106264,0.015166023001712893,0.00039364633536539956,0.012761588628940453,0.0002766163437702808,0.010718883321098379,0.000186184077537689,0.009224091155724362,0.00010107135637760258,0.007963358973540583,6.383454087006479e-05,0.0069792431351270836,3.191727043503239e-05,0.0061547136488887474,5.3195450725054e-06,0.005394018703520475,5.3195450725054e-06,0.0047929101103273645,0.0,0.004260955603076825
nr_digg_reply,real,2,0.5008455169984146,0.5,0.004014944515697318,0.0016910339968293114,1.0,1.0,0.0016910339968293114,0.0016910339968293114,0.0016910339968293114,0.01007574423110798,,,,,,,,,,,,,,,,,,,,,,,,,,,,,,,,,,,,
nr_digg_reply,real,3,0.33418667919284445,0.3333333333333333,0.0031634906967167083,0.002489577828665375,1.0,0.002489577828665375,0.002489577828665375,7.045974986788797e-05,7.045974986788797e-05,0.01007574423110798,7.045974986788797e-05,0.0011038694145969114,,,,,,,,,,,,,,,,,,,,,,,,,,,,,,,,,,
nr_digg_reply,real,4,0.25076037813399094,0.25,0.002700178313662223,0.0029123363278727027,1.0,0.0029123363278727027,0.00011743291644647995,1.1743291644647994e-05,1.1743291644647994e-05,0.01007574423110798,0.00011743291644647995,0.0011038694145969114,1.1743291644647994e-05,0.0004110152075626798,,,,,,,,,,,,,,,,,,,,,,,,,,,,,,,,
nr_digg_reply,real,5,0.2006411837237978,0.2,0.0021104632075914145,0.0030649991192531266,1.0,0.0030649991192531266,0.00011743291644647995,2.348658328929599e-05,0.0,0.01007574423110798,0.00011743291644647995,0.0011038694145969114,2.348658328929599e-05,0.0004110152075626798,0.0,0.00017614937466971993,,,,,,,,,,,,,,,,,,,,,,,,,,,,,,
nr_digg_reply,real,6,0.16724991681835086,0.16666666666666666,0.0022276709625332655,0.0033233515354353827,0.0033233515354353827,0.00015266279138042394,2.348658328929599e-05,0.0,0.0,0.01007574423110798,0.00015266279138042394,0.0011038694145969114,2.348658328929599e-05,0.0004110152075626798,0.0,0.00017614937466971993,0.0,0.00010568962480183196,,,,,,,,,,,,,,,,,,,,,,,,,,,,
nr_digg_reply,real,7,0.1433973342727967,0.14285714285714285,0.0022646024127273502,0.0035229874933943982,0.0035229874933943982,0.00021137924960366392,0.0,0.0,0.0,0.01007574423110798,0.00021137924960366392,0.0011038694145969114,4.697316657859198e-05,0.0004110152075626798,0.0,0.00017614937466971993,0.0,0.00010568962480183196,0.0,7.045974986788797e-05,,,,,,,,,,,,,,,,,,,,,,,,,,
nr_digg_reply,real,8,0.1254858786917973,0.125,0.0021638675992238,0.0036286771181962304,0.0036286771181962304,4.697316657859198e-05,0.0,0.0,0.0,0.01007574423110798,0.00021137924960366392,0.0011038694145969114,4.697316657859198e-05,0.0004110152075626798,0.0,0.00017614937466971993,0.0,0.00010568962480183196,0.0,7.045974986788797e-05,0.0,4.697316657859198e-05,,,,,,,,,,,,,,,,,,,,,,,,
nr_digg_reply,real,9,0.1115769283463488,0.1111111111111111,0.0022142149851468807,0.003887029534378486,0.003887029534378486,5.8716458223239976e-05,0.0,0.0,0.0,0.01007574423110798,0.0002231225412483119,0.0011038694145969114,5.8716458223239976e-05,0.0004110152075626798,2.348658328929599e-05,0.00017614937466971993,0.0,0.00010568962480183196,0.0,7.045974986788797e-05,0.0,4.697316657859198e-05,0.0,2.348658328929599e-05,,,,,,,,,,,,,,,,,,,,,,
nr_digg_reply,real,10,0.10041923551171392,0.1,0.002029160787475643,0.003875286242733838,0.003875286242733838,5.8716458223239976e-05,0.0,0.0,0.0,0.01007574423110798,0.0002466091245376079,0.0011038694145969114,5.8716458223239976e-05,0.0004110152075626798,1.1743291644647994e-05,0.00017614937466971993,0.0,0.00010568962480183196,0.0,7.045974986788797e-05,0.0,4.697316657859198e-05,0.0,2.348658328929599e-05,0.0,2.348658328929599e-05,,,,,,,,,,,,,,,,,,,,
nr_digg_reply,real,11,0.09130088982123508,0.09090909090909091,0.0019999205329589553,0.0040162057424696146,0.0002348658328929599,1.1743291644647994e-05,0.0,0.0,0.0,0.01007574423110798,0.0002348658328929599,0.0011038694145969114,4.697316657859198e-05,0.0004110152075626798,1.1743291644647994e-05,0.00017614937466971993,0.0,0.00010568962480183196,0.0,7.045974986788797e-05,0.0,4.697316657859198e-05,0.0,2.348658328929599e-05,0.0,2.348658328929599e-05,0.0,2.348658328929599e-05,,,,,,,,,,,,,,,,,,
nr_digg_reply,real,12,0.08370128980486563,0.08333333333333333,0.001978096835045064,0.004027949034114262,0.0003053255827608479,2.348658328929599e-05,0.0,0.0,0.0,0.01007574423110798,0.0003053255827608479,0.0011038694145969114,5.8716458223239976e-05,0.0004110152075626798,2.348658328929599e-05,0.00017614937466971993,0.0,0.00010568962480183196,0.0,7.045974986788797e-05,0.0,4.697316657859198e-05,0.0,2.348658328929599e-05,0.0,2.348658328929599e-05,0.0,2.348658328929599e-05,0.0,2.348658328929599e-05,,,,,,,,,,,,,,,,
nr_digg_reply,real,13,0.07727537567241637,0.07692307692307693,0.0019324047415246544,0.004168868533850038,0.0002700957078269039,0.0,0.0,0.0,0.0,0.01007574423110798,0.0002700957078269039,0.0011038694145969114,0.00010568962480183196,0.0004110152075626798,3.5229874933943984e-05,0.00017614937466971993,0.0,0.00010568962480183196,0.0,7.045974986788797e-05,0.0,4.697316657859198e-05,0.0,2.348658328929599e-05,0.0,2.348658328929599e-05,0.0,2.348658328929599e-05,0.0,2.348658328929599e-05,0.0,2.348658328929599e-05,,,,,,,,,,,,,,
nr_digg_reply,real,14,0.07177415972554249,0.07142857142857142,0.0021610218546198275,0.004380247783453702,0.00031706887440549587,1.1743291644647994e-05,0.0,0.0,0.0,0.01007574423110798,0.00031706887440549587,0.0011038694145969114,9.394633315718395e-05,0.0004110152075626798,3.5229874933943984e-05,0.00017614937466971993,1.1743291644647994e-05,0.00010568962480183196,0.0,7.045974986788797e-05,0.0,4.697316657859198e-05,0.0,2.348658328929599e-05,0.0,2.348658328929599e-05,0.0,2.348658328929599e-05,0.0,2.348658328929599e-05,0.0,2.348658328929599e-05,0.0,2.348658328929599e-05,,,,,,,,,,,,
nr_digg_reply,real,15,0.0669696435910986,0.06666666666666667,0.0017297491223124825,0.004074922200692855,0.00031706887440549587,1.1743291644647994e-05,0.0,0.0,0.0,0.01007574423110798,0.00031706887440549587,0.0011038694145969114,0.00010568962480183196,0.0004110152075626798,3.5229874933943984e-05,0.00017614937466971993,1.1743291644647994e-05,0.00010568962480183196,0.0,7.045974986788797e-05,0.0,4.697316657859198e-05,0.0,2.348658328929599e-05,0.0,2.348658328929599e-05,0.0,2.348658328929599e-05,0.0,2.348658328929599e-05,0.0,2.348658328929599e-05,0.0,2.348658328929599e-05,0.0,2.348658328929599e-05,,,,,,,,,,
nr_digg_reply,real,16,0.0628097293171276,0.0625,0.0021068222735804486,0.0044389642416769425,0.00011743291644647995,1.1743291644647994e-05,0.0,0.0,0.0,0.01007574423110798,0.00032881216605014385,0.0011038694145969114,0.00011743291644647995,0.0004110152075626798,4.697316657859198e-05,0.00017614937466971993,1.1743291644647994e-05,0.00010568962480183196,1.1743291644647994e-05,7.045974986788797e-05,0.0,4.697316657859198e-05,0.0,2.348658328929599e-05,0.0,2.348658328929599e-05,0.0,2.348658328929599e-05,0.0,2.348658328929599e-05,0.0,2.348658328929599e-05,0.0,2.348658328929599e-05,0.0,2.348658328929599e-05,0.0,2.348658328929599e-05,,,,,,,,
nr_digg_reply,real,17,0.05910813153868205,0.058823529411764705,0.00187289776781164,0.004403734366742998,0.00010568962480183196,0.0,0.0,0.0,0.0,0.01007574423110798,0.0002818389994715519,0.0011038694145969114,0.00010568962480183196,0.0004110152075626798,3.5229874933943984e-05,0.00017614937466971993,1.1743291644647994e-05,0.00010568962480183196,0.0,7.045974986788797e-05,0.0,4.697316657859198e-05,0.0,2.348658328929599e-05,0.0,2.348658328929599e-05,0.0,2.348658328929599e-05,0.0,2.348658328929599e-05,0.0,2.348658328929599e-05,0.0,2.348658328929599e-05,0.0,2.348658328929599e-05,0.0,2.348658328929599e-05,0.0,2.348658328929599e-05,,,,,,
nr_digg_reply,real,18,0.05583021809902205,0.05555555555555555,0.0018564199069247005,0.004497680699900182,9.394633315718395e-05,0.0,0.0,0.0,0.0,0.01007574423110798,0.0003053255827608479,0.0011038694145969114,9.394633315718395e-05,0.0004110152075626798,3.5229874933943984e-05,0.00017614937466971993,1.1743291644647994e-05,0.00010568962480183196,0.0,7.045974986788797e-05,0.0,4.697316657859198e-05,0.0,2.348658328929599e-05,0.0,2.348658328929599e-05,0.0,2.348658328929599e-05,0.0,2.348658328929599e-05,0.0,2.348658328929599e-05,0.0,2.348658328929599e-05,0.0,2.348658328929599e-05,0.0,2.348658328929599e-05,0.0,2.348658328929599e-05,0.0,2.348658328929599e-05,,,,
nr_digg_reply,real,19,0.052895493975382346,0.05263157894736842,0.0019409593159704162,0.004462450824966238,0.00012917620809112793,0.0,0.0,0.0,0.0,0.01007574423110798,0.00035229874933943986,0.0011038694145969114,0.00012917620809112793,0.0004110152075626798,4.697316657859198e-05,0.00017614937466971993,1.1743291644647994e-05,0.00010568962480183196,1.1743291644647994e-05,7.045974986788797e-05,0.0,4.697316657859198e-05,0.0,2.348658328929599e-05,0.0,2.348658328929599e-05,0.0,2.348658328929599e-05,0.0,2.348658328929599e-05,0.0,2.348658328929599e-05,0.0,2.348658328929599e-05,0.0,2.348658328929599e-05,0.0,2.348658328929599e-05,0.0,2.348658328929599e-05,0.0,2.348658328929599e-05,0.0,1.1743291644647994e-05,,
nr_digg_reply,real,20,0.05025600375785333,0.05,0.0019107877254033534,0.00456814044976807,0.00012917620809112793,0.0,0.0,0.0,0.0,0.01007574423110798,0.00036404204098408784,0.0011038694145969114,0.00012917620809112793,0.0004110152075626798,3.5229874933943984e-05,0.00017614937466971993,1.1743291644647994e-05,0.00010568962480183196,1.1743291644647994e-05,7.045974986788797e-05,0.0,4.697316657859198e-05,0.0,2.348658328929599e-05,0.0,2.348658328929599e-05,0.0,2.348658328929599e-05,0.0,2.348658328929599e-05,0.0,2.348658328929599e-05,0.0,2.348658328929599e-05,0.0,2.348658328929599e-05,0.0,2.348658328929599e-05,0.0,2.348658328929599e-05,0.0,2.348658328929599e-05,0.0,1.1743291644647994e-05,0.0,1.1743291644647994e-05
sp_hospital__pwt,surrogate,2,0.892449517120281,1.0,0.8799212598425197,0.7848990342405618,1.0,1.0,0.7848990342405618,0.7848990342405618,0.7848990342405618,0.8568920105355575,,,,,,,,,,,,,,,,,,,,,,,,,,,,,,,,,,,,
sp_hospital__pwt,surrogate,3,0.8162130523851331,1.0,0.8538334252619967,0.8156277436347673,1.0,0.8156277436347673,0.8156277436347673,0.6330114135206322,0.6330114135206322,0.8568920105355575,0.6330114135206322,0.7682177348551361,,,,,,,,,,,,,,,,,,,,,,,,,,,,,,,,,,
sp_hospital__pwt,surrogate,4,0.7600965759438104,1.0,0.834929145921103,0.8296751536435469,1.0,0.8296751536435469,0.6935908691834943,0.5171202809482002,0.5171202809482002,0.8568920105355575,0.6935908691834943,0.7682177348551361,0.5171202809482002,0.6953467954345918,,,,,,,,,,,,,,,,,,,,,,,,,,,,,,,,
sp_hospital__pwt,surrogate,5,0.6995610184372256,0.8,0.8285624410191884,0.8349429323968394,1.0,0.8349429323968394,0.704126426690079,0.5636523266022827,0.39508340649692714,0.8568920105355575,0.704126426690079,0.7682177348551361,0.5636523266022827,0.6953467954345918,0.39508340649692714,0.6338893766461808,,,,,,,,,,,,,,,,,,,,,,,,,,,,,,
sp_hospital__pwt,surrogate,6,0.6553994732221247,0.6666666666666666,0.7938536850693501,0.8349429323968394,0.8349429323968394,0.713784021071115,0.597892888498683,0.4618086040386304,0.32396839332748023,0.8568920105355575,0.713784021071115,0.7682177348551361,0.597892888498683,0.6953467954345918,0.4618086040386304,0.6338893766461808,0.32396839332748023,0.5856014047410009,,,,,,,,,,,,,,,,,,,,,,,,,,,,
sp_hospital__pwt,surrogate,7,0.6177097704753544,0.5714285714285714,0.752,0.8402107111501317,0.8402107111501317,0.7199297629499561,0.4934152765583846,0.38366988586479367,0.2739244951712028,0.8568920105355575,0.7199297629499561,0.7682177348551361,0.6128182616330115,0.6953467954345918,0.4934152765583846,0.6338893766461808,0.38366988586479367,0.5856014047410009,0.2739244951712028,0.543459174714662,,,,,,,,,,,,,,,,,,,,,,,,,,
sp_hospital__pwt,surrogate,8,0.6003072870939421,0.625,0.7573875802997858,0.8437225636523266,0.8437225636523266,0.6312554872695347,0.5364354697102721,0.3652326602282704,0.24582967515364354,0.8568920105355575,0.7383669885864794,0.7682177348551361,0.6312554872695347,0.6953467954345918,0.5364354697102721,0.6338893766461808,0.44161545215100967,0.5856014047410009,0.3652326602282704,0.543459174714662,0.24582967515364354,0.5100965759438104,,,,,,,,,,,,,,,,,,,,,,,,
sp_hospital__pwt,surrogate,9,0.5127304653204565,0.4444444444444444,0.5617145421903053,0.8437225636523266,0.8437225636523266,0.6128182616330115,0.38191395961369623,0.17998244073748904,0.09482001755926252,0.8568920105355575,0.7243195785776997,0.7682177348551361,0.6128182616330115,0.6953467954345918,0.4934152765583846,0.6338893766461808,0.38191395961369623,0.5856014047410009,0.2835820895522388,0.543459174714662,0.17998244073748904,0.5100965759438104,0.09482001755926252,0.4679543459174715,,,,,,,,,,,,,,,,,,,,,,
sp_hospital__pwt,surrogate,10,0.500702370500439,0.5,0.5898429532939017,0.8428446005267779,0.8428446005267779,0.6251097453906936,0.43371378402107114,0.266900790166813,0.06584723441615452,0.8568920105355575,0.7278314310798947,0.7682177348551361,0.6251097453906936,0.6953467954345918,0.5258999122036875,0.6338893766461808,0.43371378402107114,0.5856014047410009,0.34328358208955223,0.543459174714662,0.266900790166813,0.5100965759438104,0.17559262510974538,0.4679543459174715,0.06584723441615452,0.4433713784021071,,,,,,,,,,,,,,,,,,,,
sp_hospital__pwt,surrogate,11,0.47162582807885706,0.45454545454545453,0.5596007046388726,0.8463564530289728,0.7304653204565408,0.5311676909569798,0.36259877085162423,0.20719929762949957,0.03424056189640035,0.8568920105355575,0.7304653204565408,0.7682177348551361,0.6347673397717296,0.6953467954345918,0.5311676909569798,0.6338893766461808,0.44688323090430204,0.5856014047410009,0.36259877085162423,0.543459174714662,0.28270412642669007,0.5100965759438104,0.20719929762949957,0.4679543459174715,0.11150131694468832,0.4433713784021071,0.03424056189640035,0.4231782265144864,,,,,,,,,,,,,,,,,,
sp_hospital__pwt,surrogate,12,0.4242756804214223,0.4166666666666667,0.4373125374925015,0.8437225636523266,0.7401229148375769,0.5390693590869183,0.27480245829675154,0.0684811237928007,0.0,0.8568920105355575,0.7401229148375769,0.7682177348551361,0.6321334503950834,0.6953467954345918,0.5390693590869183,0.6338893766461808,0.44688323090430204,0.5856014047410009,0.3722563652326602,0.543459174714662,0.27480245829675154,0.5100965759438104,0.1527655838454785,0.4679543459174715,0.0684811237928007,0.4433713784021071,0.021071115013169446,0.4231782265144864,0.0,0.4038630377524144,,,,,,,,,,,,,,,,
sp_hospital__pwt,surrogate,13,0.43182278651988926,0.38461538461538464,0.5502144388849178,0.8463564530289728,0.7357330992098332,0.46444249341527655,0.32045654082528535,0.13169446883230904,0.021071115013169446,0.8568920105355575,0.7357330992098332,0.7682177348551361,0.6374012291483757,0.6953467954345918,0.5487269534679543,0.6338893766461808,0.46444249341527655,0.5856014047410009,0.38981562774363476,0.543459174714662,0.32045654082528535,0.5100965759438104,0.2581211589113257,0.4679543459174715,0.19490781387181738,0.4433713784021071,0.13169446883230904,0.4231782265144864,0.0649692712906058,0.4038630377524144,0.021071115013169446,0.38191395961369623,,,,,,,,,,,,,,
sp_hospital__pwt,surrogate,14,0.4059325222626364,0.35714285714285715,0.5067817509247842,0.8463564530289728,0.7357330992098332,0.4793678665496049,0.2721685689201054,0.061457418788410885,0.004389815627743635,0.8568920105355575,0.7357330992098332,0.7682177348551361,0.6391571553994733,0.6953467954345918,0.5583845478489904,0.6338893766461808,0.4793678665496049,0.5856014047410009,0.39596136962247586,0.543459174714662,0.33362598770851626,0.5100965759438104,0.2721685689201054,0.4679543459174715,0.20632133450395082,0.4433713784021071,0.12906057945566285,0.4231782265144864,0.061457418788410885,0.4038630377524144,0.021071115013169446,0.38191395961369623,0.004389815627743635,0.3608428446005268,,,,,,,,,,,,
sp_hospital__pwt,surrogate,15,0.387123207491952,0.3333333333333333,0.500429331959471,0.8437225636523266,0.7357330992098332,0.4749780509218613,0.2783143107989464,0.08516242317822652,0.0,0.8568920105355575,0.7357330992098332,0.7682177348551361,0.6426690079016681,0.6953467954345918,0.5583845478489904,0.6338893766461808,0.4749780509218613,0.5856014047410009,0.4073748902546093,0.543459174714662,0.334503950834065,0.5100965759438104,0.2783143107989464,0.4679543459174715,0.22651448639157157,0.4433713784021071,0.1562774363476734,0.4231782265144864,0.08516242317822652,0.4038630377524144,0.043898156277436345,0.38191395961369623,0.019315188762071993,0.3608428446005268,0.0,0.34328358208955223,,,,,,,,,,
sp_hospital__pwt,surrogate,16,0.3787313432835821,0.3125,0.5289795918367347,0.8446005267778753,0.6444249341527656,0.4100087796312555,0.2247585601404741,0.09657594381035997,0.014925373134328358,0.8568920105355575,0.7436347673397717,0.7682177348551361,0.6444249341527656,0.6953467954345918,0.5610184372256365,0.6338893766461808,0.485513608428446,0.5856014047410009,0.4100087796312555,0.543459174714662,0.34416154521510095,0.5100965759438104,0.28182616330114135,0.4679543459174715,0.2247585601404741,0.4433713784021071,0.1791044776119403,0.4231782265144864,0.1369622475856014,0.4038630377524144,0.09657594381035997,0.38191395961369623,0.0553116769095698,0.3608428446005268,0.03687445127304653,0.34328358208955223,0.014925373134328358,0.33099209833187004,,,,,,,,
sp_hospital__pwt,surrogate,17,0.3714816918865878,0.29411764705882354,0.5209273377936829,0.8481123792800702,0.6549604916593503,0.4354697102721686,0.2151009657594381,0.07199297629499561,0.0,0.8568920105355575,0.742756804214223,0.7682177348551361,0.6549604916593503,0.6953467954345918,0.5741878841088675,0.6338893766461808,0.4986830553116769,0.5856014047410009,0.4354697102721686,0.543459174714662,0.3687445127304653,0.5100965759438104,0.31957857769973663,0.4679543459174715,0.2633889376646181,0.4433713784021071,0.2151009657594381,0.4231782265144864,0.16856892010535557,0.4038630377524144,0.11589113257243196,0.38191395961369623,0.07199297629499561,0.3608428446005268,0.029850746268656716,0.34328358208955223,0.007901668129938543,0.33099209833187004,0.0,0.3169446883230904,,,,,,
sp_hospital__pwt,surrogate,18,0.3545019998048971,0.3333333333333333,0.5055282555282555,0.8481123792800702,0.6540825285338016,0.3722563652326602,0.22036874451273047,0.035996488147497806,0.0,0.8568920105355575,0.7445127304653204,0.7682177348551361,0.6540825285338016,0.6953467954345918,0.5785776997366111,0.6338893766461808,0.5057067603160668,0.5856014047410009,0.43283582089552236,0.543459174714662,0.3722563652326602,0.5100965759438104,0.32133450395083407,0.4679543459174715,0.2721685689201054,0.4433713784021071,0.22036874451273047,0.4231782265144864,0.17471466198419666,0.4038630377524144,0.1273046532045654,0.38191395961369623,0.07989464442493416,0.3608428446005268,0.035996488147497806,0.34328358208955223,0.013169446883230905,0.33099209833187004,0.0,0.3169446883230904,0.0,0.30465320456540823,,,,
sp_hospital__pwt,surrogate,19,0.3508617901206044,0.3157894736842105,0.5360116873630387,0.8463564530289728,0.6567164179104478,0.38981562774363476,0.2019315188762072,0.05004389815627744,0.000877963125548727,0.8568920105355575,0.742756804214223,0.7682177348551361,0.6567164179104478,0.6953467954345918,0.5759438103599649,0.6338893766461808,0.5021949078138718,0.5856014047410009,0.44512730465320455,0.543459174714662,0.38981562774363476,0.5100965759438104,0.33713784021071114,0.4679543459174715,0.2967515364354697,0.4433713784021071,0.2440737489025461,0.4231782265144864,0.2019315188762072,0.4038630377524144,0.15803336259877085,0.38191395961369623,0.11150131694468832,0.3608428446005268,0.07638279192273925,0.34328358208955223,0.05004389815627744,0.33099209833187004,0.02370500438981563,0.3169446883230904,0.007023705004389816,0.30465320456540823,0.000877963125548727,0.295873573309921,,
sp_hospital__pwt,surrogate,20,0.3445127304653205,0.3,0.5443412162162162,0.8498683055311677,0.6567164179104478,0.3994732221246708,0.218612818261633,0.06584723441615452,0.0,0.8568920105355575,0.7480245829675154,0.7682177348551361,0.6567164179104478,0.6953467954345918,0.5759438103599649,0.6338893766461808,0.514486391571554,0.5856014047410009,0.4495171202809482,0.543459174714662,0.3994732221246708,0.5100965759438104,0.34416154521510095,0.4679543459174715,0.30201931518876207,0.4433713784021071,0.2537313432835821,0.4231782265144864,0.218612818261633,0.4038630377524144,0.19139596136962247,0.38191395961369623,0.15539947322212466,0.3608428446005268,0.10886742756804214,0.34328358208955223,0.06584723441615452,0.33099209833187004,0.03687445127304653,0.3169446883230904,0.014047410008779631,0.30465320456540823,0.0052677787532923615,0.295873573309921,0.0,0.28884986830553117
sp_highschool2013__pwt,surrogate,2,0.8008765898934341,1.0,0.7102860620815581,0.6017531797868684,1.0,1.0,0.6017531797868684,0.6017531797868684,0.6017531797868684,0.6928497765555174,,,,,,,,,,,,,,,,,,,,,,,,,,,,,,,,,,,,
sp_highschool2013__pwt,surrogate,3,0.6907872121003781,0.6666666666666666,0.7133504492939666,0.63733241663802,1.0,0.63733241663802,0.63733241663802,0.4350292196631145,0.4350292196631145,0.6928497765555174,0.4350292196631145,0.5735647988999656,,,,,,,,,,,,,,,,,,,,,,,,,,,,,,,,,,
sp_highschool2013__pwt,surrogate,4,0.6258164317634927,0.5,0.7034210290024243,0.6548642145067033,1.0,0.6548642145067033,0.4917497421794431,0.356651770367824,0.356651770367824,0.6928497765555174,0.4917497421794431,0.5735647988999656,0.356651770367824,0.49759367480233757,,,,,,,,,,,,,,,,,,,,,,,,,,,,,,,,
sp_highschool2013__pwt,surrogate,5,0.5764867652114128,0.6,0.7205544437032095,0.6632863526985219,1.0,0.6632863526985219,0.512547267102097,0.40477827432107255,0.301821931935373,0.6928497765555174,0.512547267102097,0.5735647988999656,0.40477827432107255,0.49759367480233757,0.301821931935373,0.4444826400825026,,,,,,,,,,,,,,,,,,,,,,,,,,,,,,
sp_highschool2013__pwt,surrogate,6,0.5173599174974218,0.5,0.6626074013936811,0.6651770367823995,0.6651770367823995,0.5165005156411138,0.41371605362667585,0.31711928497765557,0.19164661395668614,0.6928497765555174,0.5165005156411138,0.5735647988999656,0.41371605362667585,0.49759367480233757,0.31711928497765557,0.4444826400825026,0.19164661395668614,0.40580955654864215,,,,,,,,,,,,,,,,,,,,,,,,,,,,
sp_highschool2013__pwt,surrogate,7,0.46024652556106666,0.42857142857142855,0.5550598124797931,0.6656926778961842,0.6656926778961842,0.5195943623238226,0.3315572361636301,0.24269508422138192,0.04176693021656927,0.6928497765555174,0.5195943623238226,0.5735647988999656,0.4204193881058783,0.49759367480233757,0.3315572361636301,0.4444826400825026,0.24269508422138192,0.40580955654864215,0.04176693021656927,0.3757304915778618,,,,,,,,,,,,,,,,,,,,,,,,,,
sp_highschool2013__pwt,surrogate,8,0.44981093159161223,0.375,0.5980064563629156,0.6699896871777243,0.6699896871777243,0.4346854589205913,0.3563080096253008,0.20419388105878308,0.12048814025438295,0.6928497765555174,0.5292196631144723,0.5735647988999656,0.4346854589205913,0.49759367480233757,0.3563080096253008,0.4444826400825026,0.28360261258164315,0.40580955654864215,0.20419388105878308,0.3757304915778618,0.12048814025438295,0.35046407700240634,,,,,,,,,,,,,,,,,,,,,,,,
sp_highschool2013__pwt,surrogate,9,0.37844238187998935,0.3333333333333333,0.36669287053274474,0.6696459264352012,0.6696459264352012,0.4295290477827432,0.27174286696459266,0.0,0.0,0.6928497765555174,0.52681333791681,0.5735647988999656,0.4295290477827432,0.49759367480233757,0.34616706772086625,0.4444826400825026,0.27174286696459266,0.40580955654864215,0.1620831900996906,0.3757304915778618,0.0,0.35046407700240634,0.0,0.3284633894809213,,,,,,,,,,,,,,,,,,,,,,
sp_highschool2013__pwt,surrogate,10,0.35113441045032656,0.3,0.320466472303207,0.6680990030938467,0.6680990030938467,0.428325885183912,0.27122722585080783,0.08645582674458577,0.0,0.6928497765555174,0.5261258164317635,0.5735647988999656,0.428325885183912,0.49759367480233757,0.34496390512203506,0.4444826400825026,0.27122722585080783,0.40580955654864215,0.1861464420763149,0.3757304915778618,0.08645582674458577,0.35046407700240634,0.0,0.3284633894809213,0.0,0.30818150567205227,,,,,,,,,,,,,,,,,,,,
sp_highschool2013__pwt,surrogate,11,0.3333697928060252,0.2727272727272727,0.314466105449712,0.6703334479202475,0.5299071845995187,0.36232382261945684,0.22550704709522174,0.0,0.0,0.6928497765555174,0.5299071845995187,0.5735647988999656,0.43709178411825367,0.49759367480233757,0.36232382261945684,0.4444826400825026,0.29168099003093845,0.40580955654864215,0.22550704709522174,0.3757304915778618,0.15022344448264008,0.35046407700240634,0.0,0.3284633894809213,0.0,0.30818150567205227,0.0,0.29150910965967686,,,,,,,,,,,,,,,,,,
sp_highschool2013__pwt,surrogate,12,0.31181964019708946,0.25,0.29965025558245895,0.6710209694052939,0.530250945342042,0.3595737366792712,0.1526297696803025,0.0,0.0,0.6928497765555174,0.530250945342042,0.5735647988999656,0.4364042626332073,0.49759367480233757,0.3595737366792712,0.4444826400825026,0.29047782743210726,0.40580955654864215,0.21931935372980405,0.3757304915778618,0.1526297696803025,0.35046407700240634,0.08215881746304572,0.3284633894809213,0.0,0.30818150567205227,0.0,0.29150910965967686,0.0,0.2777586799587487,,,,,,,,,,,,,,,,
sp_highschool2013__pwt,surrogate,13,0.3066081391966576,0.23076923076923078,0.32004968944099377,0.6749742179443108,0.5400481265039533,0.320385012031626,0.2121003781368168,0.0,0.0,0.6928497765555174,0.5400481265039533,0.5735647988999656,0.4525610175317979,0.49759367480233757,0.38002750085940185,0.4444826400825026,0.320385012031626,0.40580955654864215,0.2667583361980062,0.3757304915778618,0.2121003781368168,0.35046407700240634,0.13905122035063597,0.3284633894809213,0.0,0.30818150567205227,0.0,0.29150910965967686,0.0,0.2777586799587487,0.0,0.2669302165692678,,,,,,,,,,,,,,
sp_highschool2013__pwt,surrogate,14,0.2835780582428915,0.21428571428571427,0.31536856745479835,0.6729116534891716,0.534547954623582,0.3133379168099003,0.14077002406325198,0.0,0.0,0.6928497765555174,0.534547954623582,0.5735647988999656,0.4453420419388106,0.49759367480233757,0.36816775524235135,0.4444826400825026,0.3133379168099003,0.40580955654864215,0.2554142316947405,0.3757304915778618,0.20299071845995187,0.35046407700240634,0.14077002406325198,0.3284633894809213,0.03661051907872121,0.30818150567205227,0.0,0.29150910965967686,0.0,0.2777586799587487,0.0,0.2669302165692678,0.0,0.25678927466483326,,,,,,,,,,,,
sp_highschool2013__pwt,surrogate,15,0.273782514036897,0.2,0.33706485286476784,0.6741148160880027,0.5385012031625989,0.32536954279821245,0.16534891715366104,0.0,0.0,0.6928497765555174,0.5385012031625989,0.5735647988999656,0.4475764867652114,0.49759367480233757,0.3819181849432795,0.4444826400825026,0.32536954279821245,0.40580955654864215,0.27174286696459266,0.3757304915778618,0.21966311447232725,0.35046407700240634,0.16534891715366104,0.3284633894809213,0.08250257820556893,0.30818150567205227,0.0,0.29150910965967686,0.0,0.2777586799587487,0.0,0.2669302165692678,0.0,0.25678927466483326,0.0,0.24664833276039877,,,,,,,,,,
sp_highschool2013__pwt,surrogate,16,0.26284805775180475,0.1875,0.35160862203102833,0.6744585768305259,0.4484358886215194,0.2713991062220694,0.11756617394293571,0.0,0.0,0.6928497765555174,0.5400481265039533,0.5735647988999656,0.4484358886215194,0.49759367480233757,0.37882433826057066,0.4444826400825026,0.3239944998281196,0.40580955654864215,0.2713991062220694,0.3757304915778618,0.21931935372980405,0.35046407700240634,0.17256789274664833,0.3284633894809213,0.11756617394293571,0.30818150567205227,0.05895496734272946,0.29150910965967686,0.0,0.2777586799587487,0.0,0.2669302165692678,0.0,0.25678927466483326,0.0,0.24664833276039877,0.0,0.23702303196974905,,,,,,,,
sp_highschool2013__pwt,surrogate,17,0.24187612480537074,0.17647058823529413,0.3349831901382144,0.6777243038844963,0.4542798212444139,0.2854932966655208,0.0,0.0,0.0,0.6928497765555174,0.5460639394981093,0.5735647988999656,0.4542798212444139,0.49759367480233757,0.3893090409075284,0.4444826400825026,0.33447920247507734,0.40580955654864215,0.2854932966655208,0.3757304915778618,0.23822619456858027,0.35046407700240634,0.18631832244757648,0.3284633894809213,0.0,0.30818150567205227,0.0,0.29150910965967686,0.0,0.2777586799587487,0.0,0.2669302165692678,0.0,0.25678927466483326,0.0,0.24664833276039877,0.0,0.23702303196974905,0.0,0.22705397043657613,,,,,,
sp_highschool2013__pwt,surrogate,18,0.243287116611283,0.16666666666666666,0.37445906179678035,0.6775524235132347,0.4556548642145067,0.24475764867652114,0.09917497421794431,0.0,0.0,0.6928497765555174,0.5436576143004469,0.5735647988999656,0.4556548642145067,0.49759367480233757,0.3848401512547267,0.4444826400825026,0.33258851839119974,0.40580955654864215,0.286696459264352,0.3757304915778618,0.24475764867652114,0.35046407700240634,0.20195943623238227,0.3284633894809213,0.1522860089377793,0.30818150567205227,0.09917497421794431,0.29150910965967686,0.0,0.2777586799587487,0.0,0.2669302165692678,0.0,0.25678927466483326,0.0,0.24664833276039877,0.0,0.23702303196974905,0.0,0.22705397043657613,0.0,0.21983499484358887,,,,
sp_highschool2013__pwt,surrogate,19,0.23371207323913082,0.15789473684210525,0.3813282410354339,0.6773805431419732,0.4570299071845995,0.24630457201787556,0.0,0.0,0.0,0.6928497765555174,0.5441732554142317,0.5735647988999656,0.4570299071845995,0.49759367480233757,0.391199724991406,0.4444826400825026,0.3394637332416638,0.40580955654864215,0.2944310759711241,0.3757304915778618,0.24630457201787556,0.35046407700240634,0.20797524922653832,0.3284633894809213,0.16517703678239945,0.30818150567205227,0.11739429357167412,0.29150910965967686,0.0,0.2777586799587487,0.0,0.2669302165692678,0.0,0.25678927466483326,0.0,0.24664833276039877,0.0,0.23702303196974905,0.0,0.22705397043657613,0.0,0.21983499484358887,0.0,0.21175661739429358,,
sp_highschool2013__pwt,surrogate,20,0.22592815400481264,0.15,0.389739123221766,0.6772086627707116,0.4568580268133379,0.2502578205568924,0.06668958404950155,0.0,0.0,0.6928497765555174,0.5464077002406326,0.5735647988999656,0.4568580268133379,0.49759367480233757,0.38948092127878997,0.4444826400825026,0.33791680990030937,0.40580955654864215,0.2944310759711241,0.3757304915778618,0.2502578205568924,0.35046407700240634,0.21072533516672395,0.3284633894809213,0.16448951529735303,0.30818150567205227,0.1240976280508766,0.29150910965967686,0.06668958404950155,0.2777586799587487,0.0,0.2669302165692678,0.0,0.25678927466483326,0.0,0.24664833276039877,0.0,0.23702303196974905,0.0,0.22705397043657613,0.0,0.21983499484358887,0.0,0.21175661739429358,0.0,0.20608456514266071
copenhagen_bluetooth__pwt,surrogate,2,0.8287878787878787,1.0,0.7939667213214308,0.6575757575757576,1.0,1.0,0.6575757575757576,0.6575757575757576,0.6575757575757576,0.7412297246322143,,,,,,,,,,,,,,,,,,,,,,,,,,,,,,,,,,,,
copenhagen_bluetooth__pwt,surrogate,3,0.7306592899953896,1.0,0.7802858651765788,0.6892996353577266,1.0,0.6892996353577266,0.6892996353577266,0.5026782346284421,0.5026782346284421,0.7412297246322143,0.5026782346284421,0.6266063120834905,,,,,,,,,,,,,,,,,,,,,,,,,,,,,,,,,,
copenhagen_bluetooth__pwt,surrogate,4,0.6697284043757072,0.75,0.772122288659278,0.7062869357475167,1.0,0.7062869357475167,0.5525965044637244,0.4200301772915881,0.4200301772915881,0.7412297246322143,0.5525965044637244,0.6266063120834905,0.4200301772915881,0.5567333081855903,,,,,,,,,,,,,,,,,,,,,,,,,,,,,,,,
copenhagen_bluetooth__pwt,surrogate,5,0.6226379982396579,0.6,0.7592752504994661,0.7147617251351691,1.0,0.7147617251351691,0.572073431409531,0.467534263799824,0.3588205708537659,0.7412297246322143,0.572073431409531,0.6266063120834905,0.467534263799824,0.5567333081855903,0.3588205708537659,0.5068401860932982,,,,,,,,,,,,,,,,,,,,,,,,,,,,,,
copenhagen_bluetooth__pwt,surrogate,6,0.5807326375791106,0.5,0.7406023906888959,0.7184207217402239,0.7184207217402239,0.5809380108135295,0.48302527348170504,0.3989060731799321,0.3031057462592732,0.7412297246322143,0.5809380108135295,0.6266063120834905,0.48302527348170504,0.5567333081855903,0.3989060731799321,0.5068401860932982,0.3031057462592732,0.46903055450773296,,,,,,,,,,,,,,,,,,,,,,,,,,,,
copenhagen_bluetooth__pwt,surrogate,7,0.5493829821630651,0.42857142857142855,0.7302920601876655,0.7223814912611594,0.7223814912611594,0.587916509493273,0.42258267320507986,0.3506727021249843,0.2637369546083239,0.7412297246322143,0.587916509493273,0.6266063120834905,0.49839054444863573,0.5567333081855903,0.42258267320507986,0.5068401860932982,0.3506727021249843,0.46903055450773296,0.2637369546083239,0.43806110901546585,,,,,,,,,,,,,,,,,,,,,,,,,,
copenhagen_bluetooth__pwt,surrogate,8,0.527224003520684,0.5,0.7315022573977371,0.7257638626933233,0.7257638626933233,0.5099333584810763,0.4419715830504212,0.31942663145982647,0.24415943669055704,0.7412297246322143,0.5956871620772036,0.6266063120834905,0.5099333584810763,0.5567333081855903,0.4419715830504212,0.5068401860932982,0.38084999371306427,0.46903055450773296,0.31942663145982647,0.43806110901546585,0.24415943669055704,0.41166855274739095,,,,,,,,,,,,,,,,,,,,,,,,
copenhagen_bluetooth__pwt,surrogate,9,0.49710661245930954,0.4444444444444444,0.7041857890150955,0.7258770275367786,0.7258770275367786,0.5116685527473909,0.38714950333207593,0.27351942663145984,0.20153401232239407,0.7412297246322143,0.5967182195397963,0.6266063120834905,0.5116685527473909,0.5567333081855903,0.4452407896391299,0.5068401860932982,0.38714950333207593,0.46903055450773296,0.33225198038476045,0.43806110901546585,0.27351942663145984,0.41166855274739095,0.20153401232239407,0.389048157927826,,,,,,,,,,,,,,,,,,,,,,
copenhagen_bluetooth__pwt,surrogate,10,0.4728039733433924,0.4,0.6859707974497187,0.7274739092166478,0.7274739092166478,0.516597510373444,0.3970074185841821,0.2936879165094933,0.1612473280523073,0.7412297246322143,0.5998491135420596,0.6266063120834905,0.516597510373444,0.5567333081855903,0.4521438450899032,0.5068401860932982,0.3970074185841821,0.46903055450773296,0.3453162328681001,0.43806110901546585,0.2936879165094933,0.41166855274739095,0.234716459197787,0.389048157927826,0.1612473280523073,0.3702879416572363,,,,,,,,,,,,,,,,,,,,
copenhagen_bluetooth__pwt,surrogate,11,0.4555136426505721,0.36363636363636365,0.6803706277762058,0.7287690179806362,0.6020369671821953,0.456984785615491,0.3567081604426003,0.26391298880925435,0.15050924179554884,0.7412297246322143,0.6020369671821953,0.6266063120834905,0.5205079844083993,0.5567333081855903,0.456984785615491,0.5068401860932982,0.4050421224695084,0.46903055450773296,0.3567081604426003,0.43806110901546585,0.31140450144599524,0.41166855274739095,0.26391298880925435,0.389048157927826,0.21477429900666414,0.3702879416572363,0.15050924179554884,0.35254620897774425,,,,,,,,,,,,,,,,,,
copenhagen_bluetooth__pwt,surrogate,12,0.4417473490087598,0.3333333333333333,0.684030688393204,0.7300012573871495,0.6048786621400729,0.46236640261536527,0.3260782094806991,0.24368162957374576,0.14552998868351566,0.7412297246322143,0.6048786621400729,0.6266063120834905,0.5238526342260782,0.5567333081855903,0.46236640261536527,0.5068401860932982,0.4128882182824092,0.46903055450773296,0.3672450647554382,0.43806110901546585,0.3260782094806991,0.41166855274739095,0.2854268829372564,0.389048157927826,0.24368162957374576,0.3702879416572363,0.1990192380233874,0.35254620897774425,0.14552998868351566,0.33741984156921917,,,,,,,,,,,,,,,,
copenhagen_bluetooth__pwt,surrogate,13,0.426024045111182,0.3076923076923077,0.6710377115159066,0.7310323148497422,0.6073682886960895,0.4182195397963033,0.3356217779454294,0.21947692694580662,0.12273355966302024,0.7412297246322143,0.6073682886960895,0.6266063120834905,0.5268703633848862,0.5567333081855903,0.46704388281151765,0.5068401860932982,0.4182195397963033,0.46903055450773296,0.37587074060103104,0.43806110901546585,0.3356217779454294,0.41166855274739095,0.29805104991826986,0.389048157927826,0.2591600653841318,0.3702879416572363,0.21947692694580662,0.35254620897774425,0.17686407644913868,0.33741984156921917,0.12273355966302024,0.32321136677983153,,,,,,,,,,,,,,
copenhagen_bluetooth__pwt,surrogate,14,0.41016148443534334,0.2857142857142857,0.6590948950170821,0.7319502074688796,0.6077580787124356,0.4220922922167735,0.30604803218911103,0.19492015591600653,0.10118194392053313,0.7412297246322143,0.6077580787124356,0.6266063120834905,0.5296743367282787,0.5567333081855903,0.47017477681378095,0.5068401860932982,0.4220922922167735,0.46903055450773296,0.3797309191500063,0.43806110901546585,0.341896139821451,0.41166855274739095,0.30604803218911103,0.389048157927826,0.26987300389790014,0.3702879416572363,0.23396202690808499,0.35254620897774425,0.19492015591600653,0.33741984156921917,0.15299886835156545,0.32321136677983153,0.10118194392053313,0.3103734439834025,,,,,,,,,,,,
copenhagen_bluetooth__pwt,surrogate,15,0.3951959428307976,0.26666666666666666,0.6467215428564976,0.7318873381114045,0.6091034829624041,0.42436816295737456,0.3106752168992833,0.20793411291336603,0.08835659499559914,0.7412297246322143,0.6091034829624041,0.6266063120834905,0.530215013202565,0.5567333081855903,0.47130642524833394,0.5068401860932982,0.42436816295737456,0.46903055450773296,0.3839557399723375,0.43806110901546585,0.3452533635106249,0.41166855274739095,0.3106752168992833,0.389048157927826,0.2763108261033572,0.3702879416572363,0.2428266063120835,0.35254620897774425,0.20793411291336603,0.33741984156921917,0.17184710172262038,0.32321136677983153,0.13389915755060983,0.3103734439834025,0.08835659499559914,0.2982773796051804,,,,,,,,,,
copenhagen_bluetooth__pwt,surrogate,16,0.39661605683389917,0.25,0.6744060599827469,0.7335093675342638,0.5351439708286181,0.393951967810889,0.29854143090657614,0.21238526342260783,0.11394442348799196,0.7412297246322143,0.6119954734062618,0.6266063120834905,0.5351439708286181,0.5567333081855903,0.47812146359864205,0.5068401860932982,0.43257890104363134,0.46903055450773296,0.393951967810889,0.43806110901546585,0.3593612473280523,0.41166855274739095,0.328316358606815,0.389048157927826,0.29854143090657614,0.3702879416572363,0.2698981516408902,0.35254620897774425,0.24168238400603545,0.33741984156921917,0.21238526342260783,0.32321136677983153,0.18385514900037722,0.3103734439834025,0.15257135672073432,0.2982773796051804,0.11394442348799196,0.28692317364516534,,,,,,,,
copenhagen_bluetooth__pwt,surrogate,17,0.3743855444856177,0.23529411764705882,0.6377167793145824,0.7330315604174525,0.5338488620646297,0.39050672702124983,0.264516534641016,0.1763736954608324,0.07475166603797309,0.7412297246322143,0.6113542059600151,0.6266063120834905,0.5338488620646297,0.5567333081855903,0.47624795674588205,0.5068401860932982,0.43042876901798066,0.46903055450773296,0.39050672702124983,0.43806110901546585,0.356594995599145,0.41166855274739095,0.3237143216396328,0.389048157927826,0.29329812649314724,0.3702879416572363,0.264516534641016,0.35254620897774425,0.23538287438702377,0.33741984156921917,0.2050169747265183,0.32321136677983153,0.1763736954608324,0.3103734439834025,0.14628442097321764,0.2982773796051804,0.11320256506978499,0.28692317364516534,0.07475166603797309,0.27639884320382246,,,,,,
copenhagen_bluetooth__pwt,surrogate,18,0.3663159953616385,0.2222222222222222,0.6465285699989993,0.7337608449641645,0.5351565447001132,0.36061863447755566,0.27328052307305417,0.1663774676222809,0.0709795045894631,0.7412297246322143,0.6123852634226078,0.6266063120834905,0.5351565447001132,0.5567333081855903,0.4785238274864831,0.5068401860932982,0.4334716459197787,0.46903055450773296,0.3956494404627185,0.43806110901546585,0.36061863447755566,0.41166855274739095,0.3287187224946561,0.389048157927826,0.3012448132780083,0.3702879416572363,0.27328052307305417,0.35254620897774425,0.2456934490129511,0.33741984156921917,0.21849616496919402,0.32321136677983153,0.19266943291839558,0.3103734439834025,0.1663774676222809,0.2982773796051804,0.1387526719476927,0.28692317364516534,0.10790896517037596,0.27639884320382246,0.0709795045894631,0.2670564566830127,,,,
copenhagen_bluetooth__pwt,surrogate,19,0.35501267313890156,0.21052631578947367,0.63148136258665,0.7340751917515403,0.5362756192631711,0.36299509619011694,0.2504212246950836,0.14917641141707533,0.061058719979881805,0.7412297246322143,0.6126367408525085,0.6266063120834905,0.5362756192631711,0.5567333081855903,0.47960518043505596,0.5068401860932982,0.4342009304664906,0.46903055450773296,0.396592480824846,0.43806110901546585,0.36299509619011694,0.41166855274739095,0.33265434427260154,0.389048157927826,0.30419967307934115,0.3702879416572363,0.2767509116056834,0.35254620897774425,0.2504212246950836,0.33741984156921917,0.2246825097447504,0.32321136677983153,0.19889349930843706,0.3103734439834025,0.1743744498931221,0.2982773796051804,0.14917641141707533,0.28692317364516534,0.1229473154784358,0.27639884320382246,0.09370049038098831,0.2670564566830127,0.061058719979881805,0.25757575757575757,,
copenhagen_bluetooth__pwt,surrogate,20,0.34148183075568966,0.2,0.6190024998755804,0.7342637998239658,0.5353451527725387,0.36216522067144474,0.2497673833773419,0.15147742990066643,0.05205582798943795,0.7412297246322143,0.6126493147240035,0.6266063120834905,0.5353451527725387,0.5567333081855903,0.47913994718973973,0.5068401860932982,0.43338362881931347,0.46903055450773296,0.3955865711052433,0.43806110901546585,0.36216522067144474,0.41166855274739095,0.3325663271721363,0.389048157927826,0.30344524078963914,0.3702879416572363,0.27609707028794167,0.35254620897774425,0.2497673833773419,0.33741984156921917,0.22416698101345403,0.32321136677983153,0.19949704514019867,0.3103734439834025,0.1757324280145857,0.2982773796051804,0.15147742990066643,0.28692317364516534,0.12821576763485476,0.27639884320382246,0.10451401986671696,0.2670564566830127,0.07956745882057085,0.25757575757575757,0.05205582798943795,0.24839683138438326
sp_workplace__pwt,surrogate,2,0.7864997660271409,1.0,0.6951461822310531,0.5729995320542817,1.0,1.0,0.5729995320542817,0.5729995320542817,0.5729995320542817,0.6689284043051006,,,,,,,,,,,,,,,,,,,,,,,,,,,,,,,,,,,,
sp_workplace__pwt,surrogate,3,0.6660427390422711,0.6666666666666666,0.6579322638146168,0.6102012166588676,1.0,0.6102012166588676,0.6102012166588676,0.3879270004679457,0.3879270004679457,0.6689284043051006,0.3879270004679457,0.5287786616752457,,,,,,,,,,,,,,,,,,,,,,,,,,,,,,,,,,
sp_workplace__pwt,surrogate,4,0.599438465138044,0.5,0.6679571557620338,0.630556855404773,1.0,0.630556855404773,0.44712213383247545,0.32007487131492746,0.32007487131492746,0.6689284043051006,0.44712213383247545,0.5287786616752457,0.32007487131492746,0.44829199812821713,,,,,,,,,,,,,,,,,,,,,,,,,,,,,,,,
sp_workplace__pwt,surrogate,5,0.48034627983153955,0.4,0.44966357750412594,0.6321946654188114,1.0,0.6321946654188114,0.4473561066916238,0.3221806270472625,0.0,0.6689284043051006,0.4473561066916238,0.5287786616752457,0.3221806270472625,0.44829199812821713,0.0,0.39962564342536266,,,,,,,,,,,,,,,,,,,,,,,,,,,,,,
sp_workplace__pwt,surrogate,6,0.5027686788332554,0.3333333333333333,0.6528662420382165,0.6457650912494151,0.6457650912494151,0.47964436125409454,0.3738886289190454,0.30065512400561534,0.2166588675713617,0.6689284043051006,0.47964436125409454,0.5287786616752457,0.3738886289190454,0.44829199812821713,0.30065512400561534,0.39962564342536266,0.2166588675713617,0.36523163313055684,,,,,,,,,,,,,,,,,,,,,,,,,,,,
sp_workplace__pwt,surrogate,7,0.4336519820843639,0.2857142857142857,0.5280282606674723,0.6448291998128217,0.6448291998128217,0.4798783341132429,0.30439868975198875,0.22508189050070193,0.0,0.6689284043051006,0.4798783341132429,0.5287786616752457,0.3813757604117922,0.44829199812821713,0.30439868975198875,0.39962564342536266,0.22508189050070193,0.36523163313055684,0.0,0.3331773514272344,,,,,,,,,,,,,,,,,,,,,,,,,,
sp_workplace__pwt,surrogate,8,0.41307908282639216,0.25,0.5623847056850578,0.6462330369677117,0.6462330369677117,0.3806738418343472,0.3079082826392138,0.16518483855872718,0.08212447356106692,0.6689284043051006,0.48175011698642956,0.5287786616752457,0.3806738418343472,0.44829199812821713,0.3079082826392138,0.39962564342536266,0.2407580720636406,0.36523163313055684,0.16518483855872718,0.3331773514272344,0.08212447356106692,0.3088441740758072,,,,,,,,,,,,,,,,,,,,,,,,
sp_workplace__pwt,surrogate,9,0.3971039359434305,0.2222222222222222,0.5577555289898386,0.6548900327562003,0.6548900327562003,0.3986897519887693,0.28217126813289656,0.17711745437529247,0.0,0.6689284043051006,0.4939167056621432,0.5287786616752457,0.3986897519887693,0.44829199812821713,0.33575105287786616,0.39962564342536266,0.28217126813289656,0.36523163313055684,0.23139915769770705,0.3331773514272344,0.17711745437529247,0.3088441740758072,0.0,0.2908282639213851,,,,,,,,,,,,,,,,,,,,,,
sp_workplace__pwt,surrogate,10,0.3593355170800187,0.2,0.5636989310294332,0.6544220870379036,0.6544220870379036,0.40009358914365933,0.28661675245671503,0.1827328029948526,0.0,0.6689284043051006,0.4955545156761816,0.5287786616752457,0.40009358914365933,0.44829199812821713,0.33738886289190456,0.39962564342536266,0.28661675245671503,0.36523163313055684,0.23654656059897053,0.3331773514272344,0.1827328029948526,0.3088441740758072,0.0,0.2908282639213851,0.0,0.2751520823584464,,,,,,,,,,,,,,,,,,,,
sp_workplace__pwt,surrogate,11,0.367932956140724,0.2727272727272727,0.5727693576003551,0.6562938699110903,0.5037435657463735,0.3509592887225082,0.2641553579784745,0.1876462330369677,0.0,0.6689284043051006,0.5037435657463735,0.5287786616752457,0.41155825924192796,0.44829199812821713,0.3509592887225082,0.39962564342536266,0.3069723912026205,0.36523163313055684,0.2641553579784745,0.3331773514272344,0.22531586335985027,0.3088441740758072,0.1876462330369677,0.2908282639213851,0.1406176883481516,0.2751520823584464,0.0,0.2618156293869911,,,,,,,,,,,,,,,,,,
sp_workplace__pwt,surrogate,12,0.3386952113554828,0.25,0.5619600176578168,0.6586335985025737,0.5032756200280768,0.3537669630322883,0.22835751052877867,0.1417875526438933,0.0,0.6689284043051006,0.5032756200280768,0.5287786616752457,0.4108563406644829,0.44829199812821713,0.3537669630322883,0.39962564342536266,0.3093121197941039,0.36523163313055684,0.2664950865699579,0.3331773514272344,0.22835751052877867,0.3088441740758072,0.1918577445016378,0.2908282639213851,0.1417875526438933,0.2751520823584464,0.0,0.2618156293869911,0.0,0.2496490407112775,,,,,,,,,,,,,,,,
sp_workplace__pwt,surrogate,13,0.3193189590007559,0.23076923076923078,0.570495439980281,0.6591015442208704,0.5035095928872251,0.3100140383715489,0.23046326626111371,0.06761815629386991,0.0,0.6689284043051006,0.5035095928872251,0.5287786616752457,0.41109031352363123,0.44829199812821713,0.3544688816097333,0.39962564342536266,0.3100140383715489,0.36523163313055684,0.26743097800655125,0.3331773514272344,0.23046326626111371,0.3088441740758072,0.19606925596630792,0.2908282639213851,0.1495086569957885,0.2751520823584464,0.06761815629386991,0.2618156293869911,0.0018717828731867104,0.2496490407112775,0.0,0.23724847917641553,,,,,,,,,,,,,,
sp_workplace__pwt,surrogate,14,0.3167324018985226,0.21428571428571427,0.5555682991168712,0.6591015442208704,0.5065512400561535,0.3172671970051474,0.21548900327562004,0.11066916237716425,0.0,0.6689284043051006,0.5065512400561535,0.5287786616752457,0.41717360786148805,0.44829199812821713,0.3582124473561067,0.39962564342536266,0.3172671970051474,0.36523163313055684,0.27702386523163314,0.3331773514272344,0.24262985493682732,0.3088441740758072,0.21548900327562004,0.2908282639213851,0.1832007487131493,0.2751520823584464,0.14693495554515676,0.2618156293869911,0.11066916237716425,0.2496490407112775,0.0,0.23724847917641553,0.0,0.22882545624707534,,,,,,,,,,,,
sp_workplace__pwt,surrogate,15,0.29231009202932456,0.2,0.5450481829792174,0.6593355170800187,0.5065512400561535,0.314225549836219,0.20940570893776322,0.09335517080018718,0.0,0.6689284043051006,0.5065512400561535,0.5287786616752457,0.414365933551708,0.44829199812821713,0.35634066448291996,0.39962564342536266,0.314225549836219,0.36523163313055684,0.27538605521759474,0.3331773514272344,0.2400561534861956,0.3088441740758072,0.20940570893776322,0.2908282639213851,0.1761815629386991,0.2751520823584464,0.1394478240524099,0.2618156293869911,0.09335517080018718,0.2496490407112775,0.0,0.23724847917641553,0.0,0.22882545624707534,0.0,0.22016846045858682,,,,,,,,,,
sp_workplace__pwt,surrogate,16,0.2888687412260178,0.1875,0.5516447368421052,0.6595694899391671,0.4162377164248947,0.2817033224145999,0.185774450163781,0.08984557791296209,0.0,0.6689284043051006,0.5065512400561535,0.5287786616752457,0.4162377164248947,0.44829199812821713,0.3605521759475901,0.39962564342536266,0.3191389798783341,0.36523163313055684,0.2817033224145999,0.3331773514272344,0.2484791764155358,0.3088441740758072,0.21993448759943846,0.2908282639213851,0.185774450163781,0.2751520823584464,0.1586335985025737,0.2618156293869911,0.12564342536265793,0.2496490407112775,0.08984557791296209,0.23724847917641553,0.049836218998596166,0.22882545624707534,0.0,0.22016846045858682,0.0,0.2129153018249883,,,,,,,,
sp_workplace__pwt,surrogate,17,0.269385339535908,0.17647058823529413,0.477435073924359,0.6593355170800187,0.4178755264389331,0.2760879737950398,0.15559195133364528,0.03603182030884417,0.0,0.6689284043051006,0.5072531586335985,0.5287786616752457,0.4178755264389331,0.44829199812821713,0.3619560131024801,0.39962564342536266,0.3167992512868507,0.36523163313055684,0.2760879737950398,0.3331773514272344,0.24520355638745905,0.3088441740758072,0.21782873186710341,0.2908282639213851,0.18554047730463266,0.2751520823584464,0.15559195133364528,0.2618156293869911,0.11932615816565278,0.2496490407112775,0.08072063640617688,0.23724847917641553,0.03603182030884417,0.22882545624707534,0.0,0.22016846045858682,0.0,0.2129153018249883,0.0,0.20542817033224145,,,,,,
sp_workplace__pwt,surrogate,18,0.26422035043934905,0.16666666666666666,0.5344176898952852,0.6598034627983154,0.4199812821712681,0.25315863359850255,0.17173607861488066,0.010996724379971923,0.0,0.6689284043051006,0.5086569957884886,0.5287786616752457,0.4199812821712681,0.44829199812821713,0.3635938231165185,0.39962564342536266,0.32077678989237246,0.36523163313055684,0.28217126813289656,0.3331773514272344,0.25315863359850255,0.3088441740758072,0.22601778193729527,0.2908282639213851,0.19934487599438466,0.2751520823584464,0.17173607861488066,0.2618156293869911,0.14553111839026672,0.2496490407112775,0.1181562938699111,0.23724847917641553,0.0760411792232101,0.22882545624707534,0.010996724379971923,0.22016846045858682,0.0,0.2129153018249883,0.0,0.20542817033224145,0.0,0.19934487599438466,,,,
sp_workplace__pwt,surrogate,19,0.2584414944708519,0.15789473684210525,0.49673907461613515,0.6600374356574638,0.4192793635938231,0.25409452503509594,0.1525503041647169,0.028778661675245672,0.0,0.6689284043051006,0.5095928872250819,0.5287786616752457,0.4192793635938231,0.44829199812821713,0.36523163313055684,0.39962564342536266,0.32288254562470753,0.36523163313055684,0.2870846981750117,0.3331773514272344,0.25409452503509594,0.3088441740758072,0.22882545624707534,0.2908282639213851,0.20285446888160974,0.2751520823584464,0.17758540009358914,0.2618156293869911,0.1525503041647169,0.2496490407112775,0.12891904539073468,0.23724847917641553,0.10318203088441741,0.22882545624707534,0.06948993916705662,0.22016846045858682,0.028778661675245672,0.2129153018249883,0.0,0.20542817033224145,0.0,0.19934487599438466,0.0,0.19162377164248948,,
sp_workplace__pwt,surrogate,20,0.23448759943846514,0.15,0.39713977334052886,0.6595694899391671,0.4185774450163781,0.2477772578380908,0.13313055685540479,0.0014038371548900327,0.0,0.6689284043051006,0.5072531586335985,0.5287786616752457,0.4185774450163781,0.44829199812821713,0.36031820308844176,0.39962564342536266,0.3172671970051474,0.36523163313055684,0.27842770238652315,0.3331773514272344,0.2477772578380908,0.3088441740758072,0.22016846045858682,0.2908282639213851,0.19162377164248948,0.2751520823584464,0.1616752456715021,0.2618156293869911,0.13313055685540479,0.2496490407112775,0.10060832943378568,0.23724847917641553,0.06832007487131493,0.22882545624707534,0.023631258773982217,0.22016846045858682,0.0014038371548900327,0.2129153018249883,0.0,0.20542817033224145,0.0,0.19934487599438466,0.0,0.19162377164248948,0.0,0.18554047730463266
snap_email_eu__pwt,surrogate,2,0.7836155378486056,1.0,0.6177627118644068,0.5672310756972112,1.0,1.0,0.5672310756972112,0.5672310756972112,0.5672310756972112,0.7359935258964143,,,,,,,,,,,,,,,,,,,,,,,,,,,,,,,,,,,,
snap_email_eu__pwt,surrogate,3,0.5718999003984063,0.6666666666666666,0.44028705196101003,0.6277390438247012,1.0,0.6277390438247012,0.6277390438247012,0.08796065737051793,0.08796065737051793,0.7359935258964143,0.08796065737051793,0.5897036852589641,,,,,,,,,,,,,,,,,,,,,,,,,,,,,,,,,,
snap_email_eu__pwt,surrogate,4,0.549831922310757,0.5,0.5413131522156857,0.6716259960159362,1.0,0.6716259960159362,0.44391185258964144,0.0837898406374502,0.0837898406374502,0.7359935258964143,0.44391185258964144,0.5897036852589641,0.0837898406374502,0.4986304780876494,,,,,,,,,,,,,,,,,,,,,,,,,,,,,,,,
snap_email_eu__pwt,surrogate,5,0.515226593625498,0.4,0.5833249749247743,0.6871887450199203,1.0,0.6871887450199203,0.4856200199203187,0.3252614541832669,0.07806274900398406,0.7359935258964143,0.4856200199203187,0.5897036852589641,0.3252614541832669,0.4986304780876494,0.07806274900398406,0.4399277888446215,,,,,,,,,,,,,,,,,,,,,,,,,,,,,,
snap_email_eu__pwt,surrogate,6,0.4371783698539176,0.3333333333333333,0.5411970271201457,0.6931025896414342,0.6931025896414342,0.4984437250996016,0.3507843625498008,0.08073954183266932,0.0,0.7359935258964143,0.4984437250996016,0.5897036852589641,0.3507843625498008,0.4986304780876494,0.08073954183266932,0.4399277888446215,0.0,0.39604083665338646,,,,,,,,,,,,,,,,,,,,,,,,,,,,
snap_email_eu__pwt,surrogate,7,0.4269440096755834,0.42857142857142855,0.567819206123941,0.700199203187251,0.700199203187251,0.5226593625498008,0.2897161354581673,0.07731573705179283,0.0,0.7359935258964143,0.5226593625498008,0.5897036852589641,0.39871762948207173,0.4986304780876494,0.2897161354581673,0.4399277888446215,0.07731573705179283,0.39604083665338646,0.0,0.36130478087649404,,,,,,,,,,,,,,,,,,,,,,,,,,
snap_email_eu__pwt,surrogate,8,0.40625778137450197,0.375,0.5871100067053209,0.7064243027888446,0.7064243027888446,0.41197709163346613,0.31772908366533864,0.06847609561752988,0.0,0.7359935258964143,0.5282619521912351,0.5897036852589641,0.41197709163346613,0.4986304780876494,0.31772908366533864,0.4399277888446215,0.21719372509960158,0.39604083665338646,0.06847609561752988,0.36130478087649404,0.0,0.3314865537848606,,,,,,,,,,,,,,,,,,,,,,,,
snap_email_eu__pwt,surrogate,9,0.36786188579017265,0.3333333333333333,0.5697064685280857,0.7084163346613546,0.7084163346613546,0.42224850597609564,0.24439741035856574,0.0,0.0,0.7359935258964143,0.5343002988047809,0.5897036852589641,0.42224850597609564,0.4986304780876494,0.3287475099601594,0.4399277888446215,0.24439741035856574,0.39604083665338646,0.07264691235059761,0.36130478087649404,0.0,0.3314865537848606,0.0,0.3064616533864542,,,,,,,,,,,,,,,,,,,,,,
snap_email_eu__pwt,surrogate,10,0.3602216135458167,0.3,0.5834146514557422,0.7124003984063745,0.7124003984063745,0.434574203187251,0.2810632470119522,0.06934760956175298,0.0,0.7359935258964143,0.5432021912350598,0.5897036852589641,0.434574203187251,0.4986304780876494,0.3519671314741036,0.4399277888446215,0.2810632470119522,0.39604083665338646,0.20966135458167331,0.36130478087649404,0.06934760956175298,0.3314865537848606,0.0,0.3064616533864542,0.0,0.2877863545816733,,,,,,,,,,,,,,,,,,,,
snap_email_eu__pwt,surrogate,11,0.34545341361825427,0.2727272727272727,0.5870675176352033,0.7143301792828686,0.5450074701195219,0.359375,0.2321339641434263,0.05920069721115538,0.0,0.7359935258964143,0.5450074701195219,0.5897036852589641,0.43949203187250996,0.4986304780876494,0.359375,0.4399277888446215,0.29251743027888444,0.39604083665338646,0.2321339641434263,0.36130478087649404,0.1579307768924303,0.3314865537848606,0.05920069721115538,0.3064616533864542,0.0,0.2877863545816733,0.0,0.27048057768924305,,,,,,,,,,,,,,,,,,
snap_email_eu__pwt,surrogate,12,0.3232175464807437,0.25,0.5766327319375689,0.7153261952191236,0.5489915338645418,0.3682768924302789,0.18706424302788843,0.0,0.0,0.7359935258964143,0.5489915338645418,0.5897036852589641,0.44447211155378485,0.4986304780876494,0.3682768924302789,0.4399277888446215,0.3030378486055777,0.39604083665338646,0.2455179282868526,0.36130478087649404,0.18706424302788843,0.3314865537848606,0.06592380478087649,0.3064616533864542,0.0,0.2877863545816733,0.0,0.27048057768924305,0.0,0.2560383466135458,,,,,,,,,,,,,,,,
snap_email_eu__pwt,surrogate,13,0.3165702574318112,0.23076923076923078,0.5842091414243039,0.7183142430278885,0.5531000996015937,0.3158615537848606,0.21457918326693226,0.0,0.0,0.7359935258964143,0.5531000996015937,0.5897036852589641,0.450199203187251,0.4986304780876494,0.3749377490039841,0.4399277888446215,0.3158615537848606,0.39604083665338646,0.26469123505976094,0.36130478087649404,0.21457918326693226,0.3314865537848606,0.162101593625498,0.3064616533864542,0.06162848605577689,0.2877863545816733,0.0,0.27048057768924305,0.0,0.2560383466135458,0.0,0.24221862549800796,,,,,,,,,,,,,,
snap_email_eu__pwt,surrogate,14,0.30513214997154237,0.21428571428571427,0.5851758045292015,0.717816235059761,0.555714641434263,0.3197833665338645,0.18052788844621515,0.0,0.0,0.7359935258964143,0.555714641434263,0.5897036852589641,0.453125,0.4986304780876494,0.3799800796812749,0.4399277888446215,0.3197833665338645,0.39604083665338646,0.2702315737051793,0.36130478087649404,0.2241035856573705,0.3314865537848606,0.18052788844621515,0.3064616533864542,0.1205179282868526,0.2877863545816733,0.050049800796812746,0.27048057768924305,0.0,0.2560383466135458,0.0,0.24221862549800796,0.0,0.23082669322709162,,,,,,,,,,,,
snap_email_eu__pwt,surrogate,15,0.29018509296148737,0.2,0.573370359543993,0.7192480079681275,0.5570219123505976,0.3253237051792829,0.191421812749004,0.0,0.0,0.7359935258964143,0.5570219123505976,0.5897036852589641,0.4558640438247012,0.4986304780876494,0.3849601593625498,0.4399277888446215,0.3253237051792829,0.39604083665338646,0.2778884462151394,0.36130478087649404,0.23400149402390438,0.3314865537848606,0.191421812749004,0.3064616533864542,0.14716135458167331,0.2877863545816733,0.05988545816733068,0.27048057768924305,0.0,0.2560383466135458,0.0,0.24221862549800796,0.0,0.23082669322709162,0.0,0.21949701195219123,,,,,,,,,,
snap_email_eu__pwt,surrogate,16,0.28517959412350596,0.1875,0.581224319242287,0.7204930278884463,0.4597858565737052,0.2855453187250996,0.17193725099601595,0.0,0.0,0.7359935258964143,0.5594497011952191,0.5897036852589641,0.4597858565737052,0.4986304780876494,0.38919322709163345,0.4399277888446215,0.33403884462151395,0.39604083665338646,0.2855453187250996,0.36130478087649404,0.24545567729083664,0.3314865537848606,0.2076070717131474,0.3064616533864542,0.17193725099601595,0.2877863545816733,0.13159860557768924,0.27048057768924305,0.05776892430278884,0.2560383466135458,0.0,0.24221862549800796,0.0,0.23082669322709162,0.0,0.21949701195219123,0.0,0.2112176294820717,,,,,,,,
snap_email_eu__pwt,surrogate,17,0.2750944750410124,0.17647058823529413,0.5793784466599657,0.7211155378486056,0.4604083665338645,0.28872011952191234,0.14255478087649404,0.0,0.0,0.7359935258964143,0.5617529880478087,0.5897036852589641,0.4604083665338645,0.4986304780876494,0.3921812749003984,0.4399277888446215,0.33715139442231074,0.39604083665338646,0.28872011952191234,0.36130478087649404,0.2488172310756972,0.3314865537848606,0.21233814741035856,0.3064616533864542,0.1795941235059761,0.2877863545816733,0.14255478087649404,0.27048057768924305,0.0923804780876494,0.2560383466135458,0.03959163346613546,0.24221862549800796,0.0,0.23082669322709162,0.0,0.21949701195219123,0.0,0.2112176294820717,0.0,0.20200448207171315,,,,,,
snap_email_eu__pwt,surrogate,18,0.2654174966799469,0.16666666666666666,0.5724785029836662,0.7216135458167331,0.46401892430278885,0.25678535856573703,0.15755727091633467,0.0,0.0,0.7359935258964143,0.5617529880478087,0.5897036852589641,0.46401892430278885,0.4986304780876494,0.3961653386454183,0.4399277888446215,0.339828187250996,0.39604083665338646,0.29426045816733065,0.36130478087649404,0.25678535856573703,0.3314865537848606,0.22092878486055778,0.3064616533864542,0.18949203187250996,0.2877863545816733,0.15755727091633467,0.27048057768924305,0.12020667330677291,0.2560383466135458,0.05490537848605578,0.24221862549800796,0.0,0.23082669322709162,0.0,0.21949701195219123,0.0,0.2112176294820717,0.0,0.20200448207171315,0.0,0.19484561752988047,,,,
snap_email_eu__pwt,surrogate,19,0.2611232700775844,0.15789473684210525,0.5778812215458591,0.7229208167330677,0.4675672310756972,0.2621389442231076,0.1419945219123506,0.0,0.0,0.7359935258964143,0.5642430278884463,0.5897036852589641,0.4675672310756972,0.4986304780876494,0.4001494023904382,0.4399277888446215,0.3472360557768924,0.39604083665338646,0.29948954183266935,0.36130478087649404,0.2621389442231076,0.3314865537848606,0.22827440239043825,0.3064616533864542,0.19665089641434264,0.2877863545816733,0.16988296812749004,0.27048057768924305,0.1419945219123506,0.2560383466135458,0.10856573705179283,0.24221862549800796,0.05222858565737052,0.23082669322709162,0.0,0.21949701195219123,0.0,0.2112176294820717,0.0,0.20200448207171315,0.0,0.19484561752988047,0.0,0.18743774900398405,,
snap_email_eu__pwt,surrogate,20,0.2487176294820717,0.15,0.5670174096039793,0.7226718127490039,0.46682021912350596,0.26413097609561753,0.1411230079681275,0.0,0.0,0.7359935258964143,0.5638695219123506,0.5897036852589641,0.46682021912350596,0.4986304780876494,0.3992156374501992,0.4399277888446215,0.34455926294820716,0.39604083665338646,0.2996140438247012,0.36130478087649404,0.26413097609561753,0.3314865537848606,0.2295816733067729,0.3064616533864542,0.19826942231075698,0.2877863545816733,0.1705054780876494,0.27048057768924305,0.1411230079681275,0.2560383466135458,0.109375,0.24221862549800796,0.05583914342629482,0.23082669322709162,0.008777390438247011,0.21949701195219123,0.0,0.2112176294820717,0.0,0.20200448207171315,0.0,0.19484561752988047,0.0,0.18743774900398405,0.0,0.1797808764940239
snap_collegemsg__pwt,surrogate,2,0.6284506431565255,0.5,0.26820067898906075,0.25690128631305104,1.0,1.0,0.25690128631305104,0.25690128631305104,0.25690128631305104,0.6219829455123573,,,,,,,,,,,,,,,,,,,,,,,,,,,,,,,,,,,,
snap_collegemsg__pwt,surrogate,3,0.47297297297297297,0.3333333333333333,0.2693676592715625,0.33603121838415956,1.0,0.33603121838415956,0.33603121838415956,0.08288770053475936,0.08288770053475936,0.6219829455123573,0.08288770053475936,0.42195403960109845,,,,,,,,,,,,,,,,,,,,,,,,,,,,,,,,,,
snap_collegemsg__pwt,surrogate,4,0.40432143373319845,0.25,0.3188576475783895,0.4267957797369562,1.0,0.4267957797369562,0.14987714987714987,0.04061280531868767,0.04061280531868767,0.6219829455123573,0.14987714987714987,0.42195403960109845,0.04061280531868767,0.30965457436045674,,,,,,,,,,,,,,,,,,,,,,,,,,,,,,,,
snap_collegemsg__pwt,surrogate,5,0.3651683769330828,0.4,0.3693777085875373,0.5098280098280098,1.0,0.5098280098280098,0.21701112877583467,0.07754010695187166,0.021462639109697933,0.6219829455123573,0.21701112877583467,0.42195403960109845,0.07754010695187166,0.30965457436045674,0.021462639109697933,0.24237606590547767,,,,,,,,,,,,,,,,,,,,,,,,,,,,,,
snap_collegemsg__pwt,surrogate,6,0.31988004046827573,0.3333333333333333,0.37193079257478423,0.5347593582887701,0.5347593582887701,0.2417256829021535,0.09632894927012574,0.035265211735799974,0.01120104061280532,0.6219829455123573,0.2417256829021535,0.42195403960109845,0.09632894927012574,0.30965457436045674,0.035265211735799974,0.24237606590547767,0.01120104061280532,0.1896950426362191,,,,,,,,,,,,,,,,,,,,,,,,,,,,
snap_collegemsg__pwt,surrogate,7,0.2873660520719344,0.2857142857142857,0.37137989778534924,0.5419858361034832,0.5419858361034832,0.26810232692585634,0.05362046538517127,0.021318109553403672,0.005997976586211881,0.6219829455123573,0.26810232692585634,0.42195403960109845,0.12053764994941465,0.30965457436045674,0.05362046538517127,0.24237606590547767,0.021318109553403672,0.1896950426362191,0.005997976586211881,0.15471889001300765,,,,,,,,,,,,,,,,,,,,,,,,,,
snap_collegemsg__pwt,surrogate,8,0.2631702558173146,0.25,0.3715018984671635,0.5473334296863709,0.5473334296863709,0.14467408585055644,0.07212024859083682,0.014669749963867612,0.004335886688827865,0.6219829455123573,0.2887700534759358,0.42195403960109845,0.14467408585055644,0.30965457436045674,0.07212024859083682,0.24237606590547767,0.033458592282121696,0.1896950426362191,0.014669749963867612,0.15471889001300765,0.004335886688827865,0.12993207110854169,,,,,,,,,,,,,,,,,,,,,,,,
snap_collegemsg__pwt,surrogate,9,0.2378233848822084,0.2222222222222222,0.3673553861543238,0.5482728718022836,0.5482728718022836,0.1522618875560052,0.038733921086862265,0.007587801705448764,0.0021679433444139326,0.6219829455123573,0.2945512357277063,0.42195403960109845,0.1522618875560052,0.30965457436045674,0.07862407862407862,0.24237606590547767,0.038733921086862265,0.1896950426362191,0.018210724093077033,0.15471889001300765,0.007587801705448764,0.12993207110854169,0.0021679433444139326,0.11128775834658187,,,,,,,,,,,,,,,,,,,,,,
snap_collegemsg__pwt,surrogate,10,0.22324035265211734,0.2,0.3724244618524126,0.5611360023124728,0.5611360023124728,0.17133978898684782,0.0481283422459893,0.012140482728718023,0.001662089897384015,0.6219829455123573,0.31456857927446163,0.42195403960109845,0.17133978898684782,0.30965457436045674,0.09336609336609336,0.24237606590547767,0.0481283422459893,0.1896950426362191,0.025148142795201618,0.15471889001300765,0.012140482728718023,0.12993207110854169,0.004914004914004914,0.11128775834658187,0.001662089897384015,0.09560630148865443,,,,,,,,,,,,,,,,,,,,
snap_collegemsg__pwt,surrogate,11,0.20839191160046774,0.18181818181818182,0.3713856672737148,0.5659777424483307,0.3216505275328805,0.10463939875704581,0.031362913715854895,0.008238184708772944,0.0009394421159127041,0.6219829455123573,0.3216505275328805,0.42195403960109845,0.18030062147709205,0.30965457436045674,0.10463939875704581,0.24237606590547767,0.05838994074288192,0.1896950426362191,0.031362913715854895,0.15471889001300765,0.016982222864575805,0.12993207110854169,0.008238184708772944,0.11128775834658187,0.0038300332417979476,0.09560630148865443,0.0009394421159127041,0.08382714265067207,,,,,,,,,,,,,,,,,,
snap_collegemsg__pwt,surrogate,12,0.195247386423857,0.16666666666666666,0.37366136938399575,0.570602688249747,0.33061136002312475,0.11179361179361179,0.020739991328226622,0.005419858361034832,0.000867177337765573,0.6219829455123573,0.33061136002312475,0.42195403960109845,0.18933371874548346,0.30965457436045674,0.11179361179361179,0.24237606590547767,0.06380979910391675,0.1896950426362191,0.035987859517271285,0.15471889001300765,0.020739991328226622,0.12993207110854169,0.01127330539095245,0.11128775834658187,0.005419858361034832,0.09560630148865443,0.002529267235149588,0.08382714265067207,0.000867177337765573,0.07284289637230813,,,,,,,,,,,,,,,,
snap_collegemsg__pwt,surrogate,13,0.1817181228945935,0.15384615384615385,0.3594035207128051,0.5707472178060413,0.33256250903309725,0.06547188900130077,0.022835669894493423,0.0033964445729151613,0.00014452955629426219,0.6219829455123573,0.33256250903309725,0.42195403960109845,0.19424772365948836,0.30965457436045674,0.11396155513802572,0.24237606590547767,0.06547188900130077,0.1896950426362191,0.038083538083538086,0.15471889001300765,0.022835669894493423,0.12993207110854169,0.012863130510189334,0.11128775834658187,0.006720624367683191,0.09560630148865443,0.0033964445729151613,0.08382714265067207,0.0013007660066483597,0.07284289637230813,0.00014452955629426219,0.06373753432576962,,,,,,,,,,,,,,
snap_collegemsg__pwt,surrogate,14,0.17490141019552782,0.14285714285714285,0.36796923902351786,0.5781182251770487,0.3478103772221419,0.07681745917040035,0.01727128197716433,0.0030351206821795057,0.00036132389073565546,0.6219829455123573,0.3478103772221419,0.42195403960109845,0.2066772655007949,0.30965457436045674,0.12537939008527244,0.24237606590547767,0.07681745917040035,0.1896950426362191,0.04653851712675242,0.15471889001300765,0.029628559040323747,0.12993207110854169,0.01727128197716433,0.11128775834658187,0.010117068940598353,0.09560630148865443,0.005781182251770487,0.08382714265067207,0.0030351206821795057,0.07284289637230813,0.0010839716722069663,0.06373753432576962,0.00036132389073565546,0.0557884087295852,,,,,,,,,,,,
snap_collegemsg__pwt,surrogate,15,0.16610300139711903,0.13333333333333333,0.3615956450479981,0.5814424049718168,0.35323023558317673,0.08332128920364215,0.01806619453678277,0.003468709351062292,0.00014452955629426219,0.6219829455123573,0.35323023558317673,0.42195403960109845,0.21650527532880473,0.30965457436045674,0.13448475213181096,0.24237606590547767,0.08332128920364215,0.1896950426362191,0.050224020812256104,0.15471889001300765,0.030712530712530713,0.12993207110854169,0.01806619453678277,0.11128775834658187,0.011056511056511056,0.09560630148865443,0.006431565255094667,0.08382714265067207,0.003468709351062292,0.07284289637230813,0.0018066194536782772,0.06373753432576962,0.0006503830033241798,0.0557884087295852,0.00014452955629426219,0.05058534470299176,,,,,,,,,,
snap_collegemsg__pwt,surrogate,16,0.15620031796502384,0.125,0.3469756595248506,0.5840439369851135,0.21816736522618876,0.049573637808931925,0.01127330539095245,0.0018066194536782772,0.0,0.6219829455123573,0.3560485619309149,0.42195403960109845,0.21816736522618876,0.30965457436045674,0.13542419424772367,0.24237606590547767,0.08324902442549502,0.1896950426362191,0.049573637808931925,0.15471889001300765,0.03064026593438358,0.12993207110854169,0.019005636652695477,0.11128775834658187,0.01127330539095245,0.09560630148865443,0.005853447029917618,0.08382714265067207,0.0036132389073565544,0.07284289637230813,0.0018066194536782772,0.06373753432576962,0.0004335886688827865,0.0557884087295852,7.226477814713109e-05,0.05058534470299176,0.0,0.04451510333863275,,,,,,,,
snap_collegemsg__pwt,surrogate,17,0.14969436249713067,0.11764705882352941,0.350775304686159,0.5866454689984102,0.22141928024280966,0.05383725971961266,0.008960832490244255,0.0019511490099725394,7.226477814713109e-05,0.6219829455123573,0.3597340656164186,0.42195403960109845,0.22141928024280966,0.30965457436045674,0.14041046393987572,0.24237606590547767,0.08780170544876427,0.1896950426362191,0.05383725971961266,0.15471889001300765,0.0364937129643012,0.12993207110854169,0.02312472900708195,0.11128775834658187,0.014236161294984824,0.09560630148865443,0.008960832490244255,0.08382714265067207,0.005419858361034832,0.07284289637230813,0.003468709351062292,0.06373753432576962,0.0019511490099725394,0.0557884087295852,0.0006503830033241798,0.05058534470299176,0.0005781182251770487,0.04451510333863275,7.226477814713109e-05,0.040323746206099145,,,,,,
snap_collegemsg__pwt,surrogate,18,0.1430882754412166,0.1111111111111111,0.33971062001921665,0.5880907645613528,0.22488798959387193,0.03909524497759792,0.009755745049862697,0.0011562364503540975,0.0,0.6219829455123573,0.36204653851712676,0.42195403960109845,0.22488798959387193,0.30965457436045674,0.1448186154068507,0.24237606590547767,0.09213759213759214,0.1896950426362191,0.05896805896805897,0.15471889001300765,0.03909524497759792,0.12993207110854169,0.025364937129643012,0.11128775834658187,0.015753721636074577,0.09560630148865443,0.009755745049862697,0.08382714265067207,0.00664835958953606,0.07284289637230813,0.00397456279809221,0.06373753432576962,0.0020956785662668014,0.0557884087295852,0.0011562364503540975,0.05058534470299176,0.0005781182251770487,0.04451510333863275,0.00021679433444139325,0.040323746206099145,0.0,0.03714409596762538,,,,
snap_collegemsg__pwt,surrogate,19,0.13806376035478202,0.10526315789473684,0.3443627790875052,0.5911258852435323,0.23565544153779447,0.041479982656453245,0.006431565255094667,0.0005058534470299177,0.0,0.6219829455123573,0.36551524786818906,0.42195403960109845,0.23565544153779447,0.30965457436045674,0.15428530134412488,0.24237606590547767,0.10138748374042492,0.1896950426362191,0.06431565255094666,0.15471889001300765,0.041479982656453245,0.12993207110854169,0.026737967914438502,0.11128775834658187,0.017560341089752855,0.09560630148865443,0.009972539384304091,0.08382714265067207,0.006431565255094667,0.07284289637230813,0.004263621910680734,0.06373753432576962,0.0026015320132967193,0.0557884087295852,0.0013007660066483597,0.05058534470299176,0.0005058534470299177,0.04451510333863275,7.226477814713109e-05,0.040323746206099145,0.0,0.03714409596762538,0.0,0.03447029917618153,,
snap_collegemsg__pwt,surrogate,20,0.13366093366093365,0.1,0.34605861065005034,0.5928602399190634,0.2405694464517994,0.045454545454545456,0.0085995085995086,0.0013007660066483597,0.0,0.6219829455123573,0.3695620754444284,0.42195403960109845,0.2405694464517994,0.30965457436045674,0.1608613961555138,0.24237606590547767,0.10695187165775401,0.1896950426362191,0.07096401214048273,0.15471889001300765,0.045454545454545456,0.12993207110854169,0.03049573637808932,0.11128775834658187,0.020089608324902444,0.09560630148865443,0.013585778291660645,0.08382714265067207,0.0085995085995086,0.07284289637230813,0.005636652695476225,0.06373753432576962,0.00332417979476803,0.0557884087295852,0.0020234137881196706,0.05058534470299176,0.0013007660066483597,0.04451510333863275,0.0005781182251770487,0.040323746206099145,0.00036132389073565546,0.03714409596762538,0.0,0.03447029917618153,0.0,0.030784795490677842
snap_mathoverflow__pwt,surrogate,2,0.6325577436617621,0.5,0.38180968505565727,0.2651154873235241,1.0,1.0,0.2651154873235241,0.2651154873235241,0.2651154873235241,0.3963273860819423,,,,,,,,,,,,,,,,,,,,,,,,,,,,,,,,,,,,
snap_mathoverflow__pwt,surrogate,3,0.4690367013146369,0.3333333333333333,0.32869123603129835,0.31572031959826796,1.0,0.31572031959826796,0.31572031959826796,0.09138978434564277,0.09138978434564277,0.3963273860819423,0.09138978434564277,0.19474322555935017,,,,,,,,,,,,,,,,,,,,,,,,,,,,,,,,,,
snap_mathoverflow__pwt,surrogate,4,0.3749454746630068,0.25,0.29165598074284044,0.3374293830391625,1.0,0.3374293830391625,0.12193461215196877,0.04041790346089602,0.04041790346089602,0.3963273860819423,0.12193461215196877,0.19474322555935017,0.04041790346089602,0.11365208047407786,,,,,,,,,,,,,,,,,,,,,,,,,,,,,,,,
snap_mathoverflow__pwt,surrogate,5,0.31366165565520837,0.2,0.2697971023953586,0.35078676071622356,1.0,0.35078676071622356,0.13837732597108296,0.05772238358175609,0.021421808006979244,0.3963273860819423,0.13837732597108296,0.19474322555935017,0.05772238358175609,0.11365208047407786,0.021421808006979244,0.0740906237698552,,,,,,,,,,,,,,,,,,,,,,,,,,,,,,
snap_mathoverflow__pwt,surrogate,6,0.2700608910592633,0.16666666666666666,0.25052523014630046,0.3589203451320843,0.3589203451320843,0.14938878427116914,0.0684731841732895,0.03136935729256434,0.012213675486472397,0.3963273860819423,0.14938878427116914,0.19474322555935017,0.0684731841732895,0.11365208047407786,0.03136935729256434,0.0740906237698552,0.012213675486472397,0.05136552722011214,,,,,,,,,,,,,,,,,,,,,,,,,,,,
snap_mathoverflow__pwt,surrogate,7,0.23729198678928978,0.14285714285714285,0.23482240964030765,0.3651016565063356,0.3651016565063356,0.15579883608353814,0.038220931345951295,0.018698200929856478,0.007936761248178055,0.3963273860819423,0.15579883608353814,0.19474322555935017,0.07528752141116891,0.11365208047407786,0.038220931345951295,0.0740906237698552,0.018698200929856478,0.05136552722011214,0.007936761248178055,0.03776345046971583,,,,,,,,,,,,,,,,,,,,,,,,,,
snap_mathoverflow__pwt,surrogate,8,0.21166336854872173,0.125,0.21975325089664796,0.36891577032332196,0.36891577032332196,0.08027725468917898,0.042801059653378444,0.012101965039949784,0.005080165544242656,0.3963273860819423,0.161091783430681,0.19474322555935017,0.08027725468917898,0.11365208047407786,0.042801059653378444,0.0740906237698552,0.023038949709020883,0.05136552722011214,0.012101965039949784,0.03776345046971583,0.005080165544242656,0.028821295202834253,,,,,,,,,,,,,,,,,,,,,,,,
snap_mathoverflow__pwt,surrogate,9,0.19126956262700412,0.1111111111111111,0.20844812379321032,0.37181492238783737,0.37181492238783737,0.08445841711616822,0.02638494355962678,0.008271892587745897,0.0034896215675635418,0.3963273860819423,0.16567191173810816,0.19474322555935017,0.08445841711616822,0.11365208047407786,0.046237485770216934,0.0740906237698552,0.02638494355962678,0.05136552722011214,0.015096868915770324,0.03776345046971583,0.008271892587745897,0.028821295202834253,0.0034896215675635418,0.022576149287712916,,,,,,,,,,,,,,,,,,,,,,
snap_mathoverflow__pwt,surrogate,10,0.17440660474716202,0.1,0.19742952514841194,0.37441086038322,0.37441086038322,0.08731501282010362,0.029289415169214728,0.010240124264572893,0.0025799793601651187,0.3963273860819423,0.16799123338972052,0.19474322555935017,0.08731501282010362,0.11365208047407786,0.04914727692487739,0.0740906237698552,0.029289415169214728,0.05136552722011214,0.017495983743470257,0.03776345046971583,0.010240124264572893,0.028821295202834253,0.00559616141627568,0.022576149287712916,0.0025799793601651187,0.018309874139563583,,,,,,,,,,,,,,,,,,,,
snap_mathoverflow__pwt,surrogate,11,0.1604626263271056,0.09090909090909091,0.18911764705882353,0.37659187386294724,0.17053397593437808,0.05157298947793985,0.019347185428702136,0.007612268998755226,0.0019841903120445138,0.3963273860819423,0.17053397593437808,0.19474322555935017,0.09006521762258891,0.11365208047407786,0.05157298947793985,0.0740906237698552,0.03108210185864905,0.05136552722011214,0.019347185428702136,0.03776345046971583,0.012011532773717191,0.028821295202834253,0.007612268998755226,0.022576149287712916,0.004287553328439352,0.018309874139563583,0.0019841903120445138,0.015166023001712893,,,,,,,,,,,,,,,,,,
snap_mathoverflow__pwt,surrogate,12,0.14855228580851765,0.08333333333333333,0.1808706610813018,0.3780228314874512,0.17316183120019576,0.05337631525751918,0.013591437660251296,0.005452533699318034,0.0014575553498664795,0.3963273860819423,0.17316183120019576,0.19474322555935017,0.09216643792622854,0.11365208047407786,0.05337631525751918,0.0740906237698552,0.03262476992967561,0.05136552722011214,0.02091645122509123,0.03776345046971583,0.013591437660251296,0.028821295202834253,0.008734693009053865,0.022576149287712916,0.005452533699318034,0.018309874139563583,0.0031225729575606693,0.015166023001712893,0.0014575553498664795,0.012761588628940453,,,,,,,,,,,,,,,,
snap_mathoverflow__pwt,surrogate,13,0.1383540018119189,0.07692307692307693,0.1730462115642982,0.37985275499239307,0.17455023246411966,0.03435894162331237,0.014703222580404924,0.004149245156554212,0.0011490217356611662,0.3963273860819423,0.17455023246411966,0.19474322555935017,0.09384741416914026,0.11365208047407786,0.05513708467651846,0.0740906237698552,0.03435894162331237,0.05136552722011214,0.022139946591767472,0.03776345046971583,0.014703222580404924,0.028821295202834253,0.009883714744715033,0.022576149287712916,0.006473886353239071,0.018309874139563583,0.004149245156554212,0.015166023001712893,0.0023565584671198917,0.012761588628940453,0.0011490217356611662,0.010718883321098379,,,,,,,,,,,,,,
snap_mathoverflow__pwt,surrogate,14,0.12943897037925317,0.07142857142857142,0.16585710666487344,0.3810177353632717,0.17598650963369614,0.035449448363175984,0.01085719149298352,0.003074697051908121,0.0008351685763833477,0.3963273860819423,0.17598650963369614,0.19474322555935017,0.0954645558711819,0.11365208047407786,0.05637653867841222,0.0740906237698552,0.035449448363175984,0.05136552722011214,0.023187896971051034,0.03776345046971583,0.015868202951283605,0.028821295202834253,0.01085719149298352,0.022576149287712916,0.007340972200057451,0.018309874139563583,0.004830146925834902,0.015166023001712893,0.003074697051908121,0.012761588628940453,0.0018565212303043844,0.010718883321098379,0.0008351685763833477,0.009224091155724362,,,,,,,,,,,,
snap_mathoverflow__pwt,surrogate,15,0.12163778153692296,0.06666666666666667,0.1603437615926796,0.38202312938197525,0.17736427180747502,0.036683582819997236,0.011543412807336716,0.003824752907131382,0.0006436649537731533,0.3963273860819423,0.17736427180747502,0.19474322555935017,0.0965444235209005,0.11365208047407786,0.05746172587320332,0.0740906237698552,0.036683582819997236,0.05136552722011214,0.024358196887002224,0.03776345046971583,0.01653314608534678,0.028821295202834253,0.011543412807336716,0.022576149287712916,0.008096347600353217,0.018309874139563583,0.0056280786867107125,0.015166023001712893,0.003824752907131382,0.012761588628940453,0.002494866639005032,0.010718883321098379,0.0013671230836338876,0.009224091155724362,0.0006436649537731533,0.007963358973540583,,,,,,,,,,
snap_mathoverflow__pwt,surrogate,16,0.11474657687274584,0.0625,0.1548387491510698,0.3826667943357484,0.09781579479322929,0.025305075909908183,0.008740012554126372,0.0029736256955305183,0.0005213154171055291,0.3963273860819423,0.17836966582617855,0.19474322555935017,0.09781579479322929,0.11365208047407786,0.058514995797559394,0.0740906237698552,0.03740172140478546,0.05136552722011214,0.025305075909908183,0.03776345046971583,0.017559818284340323,0.028821295202834253,0.012410498654155097,0.022576149287712916,0.008740012554126372,0.018309874139563583,0.006181311374251274,0.015166023001712893,0.004340748779164406,0.012761588628940453,0.0029736256955305183,0.010718883321098379,0.0019895098571170193,0.009224091155724362,0.0011543412807336717,0.007963358973540583,0.0005213154171055291,0.0069792431351270836,,,,,,,,
snap_mathoverflow__pwt,surrogate,17,0.10857879904698786,0.058823529411764705,0.14810502345410606,0.38339557201068164,0.0986137265541051,0.025895545412956283,0.006835615418169438,0.0022820848361048162,0.00039896588043790497,0.3963273860819423,0.17964103709850734,0.19474322555935017,0.0986137265541051,0.11365208047407786,0.05967997616843808,0.0740906237698552,0.03831136361218389,0.05136552722011214,0.025895545412956283,0.03776345046971583,0.01799070143521326,0.028821295202834253,0.01277754726415797,0.022576149287712916,0.009447512048769589,0.018309874139563583,0.006835615418169438,0.015166023001712893,0.004846105561052419,0.012761588628940453,0.0033459938506058963,0.010718883321098379,0.0022820848361048162,0.009224091155724362,0.0015213898907365441,0.007963358973540583,0.0008564467566733693,0.0069792431351270836,0.00039896588043790497,0.0061547136488887474,,,,,,
snap_mathoverflow__pwt,surrogate,18,0.1030809622938824,0.05555555555555555,0.14393748045512497,0.3841615865011224,0.10003936463353653,0.01860244911855138,0.007069675401359676,0.0018990775908844276,0.00033513133956784017,0.3963273860819423,0.18055067930590576,0.19474322555935017,0.10003936463353653,0.11365208047407786,0.06052046428989393,0.0740906237698552,0.03900290447160959,0.05136552722011214,0.02651261264136691,0.03776345046971583,0.01860244911855138,0.028821295202834253,0.013325460406626025,0.022576149287712916,0.00980392156862745,0.018309874139563583,0.007069675401359676,0.015166023001712893,0.005245071441490324,0.012761588628940453,0.0037343206408987904,0.010718883321098379,0.002675731171470216,0.009224091155724362,0.0018990775908844276,0.007963358973540583,0.0012607321821837796,0.0069792431351270836,0.0007181385847882289,0.0061547136488887474,0.00033513133956784017,0.005394018703520475,,,,
snap_mathoverflow__pwt,surrogate,19,0.09809969051446721,0.05263157894736842,0.1398231198270611,0.38519889779026095,0.10023618780121923,0.01915036226101944,0.005761067313523348,0.0014947921653740172,0.00025533816348025914,0.3963273860819423,0.18094432564127116,0.19474322555935017,0.10023618780121923,0.11365208047407786,0.0611854074239571,0.0740906237698552,0.03985403168321045,0.05136552722011214,0.02701264987818242,0.03776345046971583,0.01915036226101944,0.028821295202834253,0.013868054004021576,0.022576149287712916,0.010288000170225442,0.018309874139563583,0.0075856712733926995,0.015166023001712893,0.005761067313523348,0.012761588628940453,0.004260955603076825,0.010718883321098379,0.0030427797814730883,0.009224091155724362,0.002170374389582203,0.007963358973540583,0.0014947921653740172,0.0069792431351270836,0.0010213526539210366,0.0061547136488887474,0.0005638717776855724,0.005394018703520475,0.00025533816348025914,0.0047929101103273645,,
snap_mathoverflow__pwt,surrogate,20,0.09359925739150787,0.05,0.13549827709935888,0.3854276382283787,0.10099688274658751,0.019549328141457344,0.005973849116423563,0.0018033257795793303,0.00021278180290021598,0.3963273860819423,0.18193908056982966,0.19474322555935017,0.10099688274658751,0.11365208047407786,0.061839711467875265,0.0740906237698552,0.04041790346089602,0.05136552722011214,0.027741427553115657,0.03776345046971583,0.019549328141457344,0.028821295202834253,0.01445320396199717,0.022576149287712916,0.010644409690083304,0.018309874139563583,0.00798995669890311,0.015166023001712893,0.005973849116423563,0.012761588628940453,0.004558850127137127,0.010718883321098379,0.003436426116838488,0.009224091155724362,0.0024363516432074728,0.007963358973540583,0.0018033257795793303,0.0069792431351270836,0.0012766908174012958,0.0061547136488887474,0.0008245294862383369,0.005394018703520475,0.00046280042130796977,0.0047929101103273645,0.00021278180290021598,0.004260955603076825
nr_digg_reply__pwt,surrogate,2,0.5026774704949798,0.5,0.01263402875903915,0.005354940989959486,1.0,1.0,0.005354940989959486,0.005354940989959486,0.005354940989959486,0.01007574423110798,,,,,,,,,,,,,,,,,,,,,,,,,,,,,,,,,,,,
nr_digg_reply__pwt,surrogate,3,0.3357641947037755,0.3333333333333333,0.00877029643974378,0.006893312195408373,1.0,0.006893312195408373,0.006893312195408373,0.00039927191591803183,0.00039927191591803183,0.01007574423110798,0.00039927191591803183,0.0011038694145969114,,,,,,,,,,,,,,,,,,,,,,,,,,,,,,,,,,
nr_digg_reply__pwt,surrogate,4,0.25210498502730316,0.25,0.007257506455805161,0.007715342610533733,1.0,0.007715342610533733,0.0005989078738770477,0.00010568962480183196,0.00010568962480183196,0.01007574423110798,0.0005989078738770477,0.0011038694145969114,0.00010568962480183196,0.0004110152075626798,,,,,,,,,,,,,,,,,,,,,,,,,,,,,,,,
nr_digg_reply__pwt,surrogate,5,0.20180376959661794,0.2,0.005530784408159461,0.00814984440138571,1.0,0.00814984440138571,0.0006928542070342317,0.00015266279138042394,2.348658328929599e-05,0.01007574423110798,0.0006928542070342317,0.0011038694145969114,0.00015266279138042394,0.0004110152075626798,2.348658328929599e-05,0.00017614937466971993,,,,,,,,,,,,,,,,,,,,,,,,,,,,,,
nr_digg_reply__pwt,surrogate,6,0.16825788268451647,0.16666666666666666,0.004977489859293048,0.008513886442369797,0.008513886442369797,0.0007515706652574716,0.00019963595795901591,5.8716458223239976e-05,2.348658328929599e-05,0.01007574423110798,0.0007515706652574716,0.0011038694145969114,0.00019963595795901591,0.0004110152075626798,5.8716458223239976e-05,0.00017614937466971993,2.348658328929599e-05,0.00010568962480183196,,,,,,,,,,,,,,,,,,,,,,,,,,,,
nr_digg_reply__pwt,surrogate,7,0.14426130501522436,0.14285714285714285,0.004303206171703588,0.00872526569197346,0.00872526569197346,0.0007868005401914156,4.697316657859198e-05,3.5229874933943984e-05,1.1743291644647994e-05,0.01007574423110798,0.0007868005401914156,0.0011038694145969114,0.0002231225412483119,0.0004110152075626798,4.697316657859198e-05,0.00017614937466971993,3.5229874933943984e-05,0.00010568962480183196,1.1743291644647994e-05,7.045974986788797e-05,,,,,,,,,,,,,,,,,,,,,,,,,,
nr_digg_reply__pwt,surrogate,8,0.12627855087781106,0.125,0.003911614165036828,0.008948388233221772,0.008948388233221772,0.0002700957078269039,8.220304151253596e-05,2.348658328929599e-05,1.1743291644647994e-05,0.01007574423110798,0.0008572602900593036,0.0011038694145969114,0.0002700957078269039,0.0004110152075626798,8.220304151253596e-05,0.00017614937466971993,3.5229874933943984e-05,0.00010568962480183196,2.348658328929599e-05,7.045974986788797e-05,1.1743291644647994e-05,4.697316657859198e-05,,,,,,,,,,,,,,,,,,,,,,,,
nr_digg_reply__pwt,surrogate,9,0.11225673445155565,0.1111111111111111,0.0034445993602886904,0.008948388233221772,0.008948388233221772,0.0002818389994715519,4.697316657859198e-05,2.348658328929599e-05,1.1743291644647994e-05,0.01007574423110798,0.0008807468733485996,0.0011038694145969114,0.0002818389994715519,0.0004110152075626798,8.220304151253596e-05,0.00017614937466971993,4.697316657859198e-05,0.00010568962480183196,3.5229874933943984e-05,7.045974986788797e-05,2.348658328929599e-05,4.697316657859198e-05,1.1743291644647994e-05,2.348658328929599e-05,,,,,,,,,,,,,,,,,,,,,,
nr_digg_reply__pwt,surrogate,10,0.10102988667723563,0.1,0.002858287698677708,0.009030591274734307,0.009030591274734307,0.0002466091245376079,2.348658328929599e-05,2.348658328929599e-05,0.0,0.01007574423110798,0.0008690035817039516,0.0011038694145969114,0.0002466091245376079,0.0004110152075626798,7.045974986788797e-05,0.00017614937466971993,2.348658328929599e-05,0.00010568962480183196,2.348658328929599e-05,7.045974986788797e-05,2.348658328929599e-05,4.697316657859198e-05,1.1743291644647994e-05,2.348658328929599e-05,0.0,2.348658328929599e-05,,,,,,,,,,,,,,,,,,,,
nr_digg_reply__pwt,surrogate,11,0.09187844625575821,0.09090909090909091,0.0027373463532756035,0.00925371381598262,0.0009042334566378956,9.394633315718395e-05,3.5229874933943984e-05,2.348658328929599e-05,0.0,0.01007574423110798,0.0009042334566378956,0.0011038694145969114,0.0002818389994715519,0.0004110152075626798,9.394633315718395e-05,0.00017614937466971993,4.697316657859198e-05,0.00010568962480183196,3.5229874933943984e-05,7.045974986788797e-05,2.348658328929599e-05,4.697316657859198e-05,2.348658328929599e-05,2.348658328929599e-05,0.0,2.348658328929599e-05,0.0,2.348658328929599e-05,,,,,,,,,,,,,,,,,,
nr_digg_reply__pwt,surrogate,12,0.08423854539760828,0.08333333333333333,0.002785515320334262,0.009359403440784451,0.0008924901649932476,0.00011743291644647995,2.348658328929599e-05,2.348658328929599e-05,0.0,0.01007574423110798,0.0008924901649932476,0.0011038694145969114,0.00035229874933943986,0.0004110152075626798,0.00011743291644647995,0.00017614937466971993,4.697316657859198e-05,0.00010568962480183196,2.348658328929599e-05,7.045974986788797e-05,2.348658328929599e-05,4.697316657859198e-05,2.348658328929599e-05,2.348658328929599e-05,2.348658328929599e-05,2.348658328929599e-05,0.0,2.348658328929599e-05,0.0,2.348658328929599e-05,,,,,,,,,,,,,,,,
nr_digg_reply__pwt,surrogate,13,0.07775233397921438,0.07692307692307693,0.0023587337595380492,0.00925371381598262,0.0009512066232164875,4.697316657859198e-05,2.348658328929599e-05,1.1743291644647994e-05,0.0,0.01007574423110798,0.0009512066232164875,0.0011038694145969114,0.00032881216605014385,0.0004110152075626798,9.394633315718395e-05,0.00017614937466971993,4.697316657859198e-05,0.00010568962480183196,3.5229874933943984e-05,7.045974986788797e-05,2.348658328929599e-05,4.697316657859198e-05,2.348658328929599e-05,2.348658328929599e-05,1.1743291644647994e-05,2.348658328929599e-05,1.1743291644647994e-05,2.348658328929599e-05,0.0,2.348658328929599e-05,0.0,2.348658328929599e-05,,,,,,,,,,,,,,
nr_digg_reply__pwt,surrogate,14,0.07220866151639448,0.07142857142857142,0.0022374797028626952,0.009324173565850509,0.0009512066232164875,5.8716458223239976e-05,2.348658328929599e-05,1.1743291644647994e-05,0.0,0.01007574423110798,0.0009512066232164875,0.0011038694145969114,0.0003405554576947918,0.0004110152075626798,9.394633315718395e-05,0.00017614937466971993,5.8716458223239976e-05,0.00010568962480183196,3.5229874933943984e-05,7.045974986788797e-05,3.5229874933943984e-05,4.697316657859198e-05,2.348658328929599e-05,2.348658328929599e-05,2.348658328929599e-05,2.348658328929599e-05,2.348658328929599e-05,2.348658328929599e-05,1.1743291644647994e-05,2.348658328929599e-05,0.0,2.348658328929599e-05,0.0,2.348658328929599e-05,,,,,,,,,,,,
nr_digg_reply__pwt,surrogate,15,0.06739866517918307,0.06666666666666667,0.0020369191597708466,0.009359403440784451,0.0009864364981504315,7.045974986788797e-05,2.348658328929599e-05,1.1743291644647994e-05,0.0,0.01007574423110798,0.0009864364981504315,0.0011038694145969114,0.00031706887440549587,0.0004110152075626798,9.394633315718395e-05,0.00017614937466971993,7.045974986788797e-05,0.00010568962480183196,3.5229874933943984e-05,7.045974986788797e-05,2.348658328929599e-05,4.697316657859198e-05,2.348658328929599e-05,2.348658328929599e-05,2.348658328929599e-05,2.348658328929599e-05,2.348658328929599e-05,2.348658328929599e-05,1.1743291644647994e-05,2.348658328929599e-05,1.1743291644647994e-05,2.348658328929599e-05,0.0,2.348658328929599e-05,0.0,2.348658328929599e-05,,,,,,,,,,
nr_digg_reply__pwt,surrogate,16,0.0631957900299454,0.0625,0.002081165452653486,0.009453349773941636,0.0003405554576947918,3.5229874933943984e-05,2.348658328929599e-05,1.1743291644647994e-05,0.0,0.01007574423110798,0.0009981797897950795,0.0011038694145969114,0.0003405554576947918,0.0004110152075626798,0.00011743291644647995,0.00017614937466971993,7.045974986788797e-05,0.00010568962480183196,3.5229874933943984e-05,7.045974986788797e-05,2.348658328929599e-05,4.697316657859198e-05,2.348658328929599e-05,2.348658328929599e-05,2.348658328929599e-05,2.348658328929599e-05,2.348658328929599e-05,2.348658328929599e-05,1.1743291644647994e-05,2.348658328929599e-05,1.1743291644647994e-05,2.348658328929599e-05,0.0,2.348658328929599e-05,0.0,2.348658328929599e-05,0.0,2.348658328929599e-05,,,,,,,,
nr_digg_reply__pwt,surrogate,17,0.059479772180142096,0.058823529411764705,0.0018231309742356143,0.009476836357230931,0.00035229874933943986,3.5229874933943984e-05,2.348658328929599e-05,1.1743291644647994e-05,0.0,0.01007574423110798,0.0009512066232164875,0.0011038694145969114,0.00035229874933943986,0.0004110152075626798,0.00012917620809112793,0.00017614937466971993,7.045974986788797e-05,0.00010568962480183196,3.5229874933943984e-05,7.045974986788797e-05,3.5229874933943984e-05,4.697316657859198e-05,2.348658328929599e-05,2.348658328929599e-05,2.348658328929599e-05,2.348658328929599e-05,2.348658328929599e-05,2.348658328929599e-05,1.1743291644647994e-05,2.348658328929599e-05,1.1743291644647994e-05,2.348658328929599e-05,1.1743291644647994e-05,2.348658328929599e-05,0.0,2.348658328929599e-05,0.0,2.348658328929599e-05,0.0,2.348658328929599e-05,,,,,,
nr_digg_reply__pwt,surrogate,18,0.05617664520253916,0.05555555555555555,0.001832265564780065,0.009476836357230931,0.00035229874933943986,2.348658328929599e-05,2.348658328929599e-05,0.0,0.0,0.01007574423110798,0.0009512066232164875,0.0011038694145969114,0.00035229874933943986,0.0004110152075626798,0.00014091949973577594,0.00017614937466971993,5.8716458223239976e-05,0.00010568962480183196,3.5229874933943984e-05,7.045974986788797e-05,2.348658328929599e-05,4.697316657859198e-05,2.348658328929599e-05,2.348658328929599e-05,2.348658328929599e-05,2.348658328929599e-05,2.348658328929599e-05,2.348658328929599e-05,2.348658328929599e-05,2.348658328929599e-05,2.348658328929599e-05,2.348658328929599e-05,2.348658328929599e-05,2.348658328929599e-05,0.0,2.348658328929599e-05,0.0,2.348658328929599e-05,0.0,2.348658328929599e-05,0.0,2.348658328929599e-05,,,,
nr_digg_reply__pwt,surrogate,19,0.0532230700054699,0.05263157894736842,0.0016894234527276624,0.009582525982032764,0.00035229874933943986,3.5229874933943984e-05,2.348658328929599e-05,0.0,0.0,0.01007574423110798,0.0009394633315718396,0.0011038694145969114,0.00035229874933943986,0.0004110152075626798,0.00011743291644647995,0.00017614937466971993,4.697316657859198e-05,0.00010568962480183196,4.697316657859198e-05,7.045974986788797e-05,3.5229874933943984e-05,4.697316657859198e-05,2.348658328929599e-05,2.348658328929599e-05,2.348658328929599e-05,2.348658328929599e-05,2.348658328929599e-05,2.348658328929599e-05,2.348658328929599e-05,2.348658328929599e-05,1.1743291644647994e-05,2.348658328929599e-05,1.1743291644647994e-05,2.348658328929599e-05,0.0,2.348658328929599e-05,0.0,2.348658328929599e-05,0.0,2.348658328929599e-05,0.0,2.348658328929599e-05,0.0,1.1743291644647994e-05,,
nr_digg_reply__pwt,surrogate,20,0.0505636779989431,0.05,0.0016350144635894855,0.009535552815454172,0.00036404204098408784,3.5229874933943984e-05,2.348658328929599e-05,0.0,0.0,0.01007574423110798,0.0010099230814397276,0.0011038694145969114,0.00036404204098408784,0.0004110152075626798,0.00011743291644647995,0.00017614937466971993,4.697316657859198e-05,0.00010568962480183196,3.5229874933943984e-05,7.045974986788797e-05,3.5229874933943984e-05,4.697316657859198e-05,2.348658328929599e-05,2.348658328929599e-05,2.348658328929599e-05,2.348658328929599e-05,2.348658328929599e-05,2.348658328929599e-05,2.348658328929599e-05,2.348658328929599e-05,2.348658328929599e-05,2.348658328929599e-05,1.1743291644647994e-05,2.348658328929599e-05,0.0,2.348658328929599e-05,0.0,2.348658328929599e-05,0.0,2.348658328929599e-05,0.0,2.348658328929599e-05,0.0,1.1743291644647994e-05,0.0,1.1743291644647994e-05
dar_a0_r1,synthetic,2,0.6644285287973739,0.5,0.4977416440831075,0.3288570575947478,1.0,1.0,0.3288570575947478,0.3288570575947478,0.3288570575947478,0.7818561623396001,,,,,,,,,,,,,,,,,,,,,,,,,,,,,,,,,,,,
dar_a0_r1,synthetic,3,0.5044265393414901,0.3333333333333333,0.4284873454973514,0.42226201133989855,1.0,0.42226201133989855,0.42226201133989855,0.09101760668457178,0.09101760668457178,0.7818561623396001,0.09101760668457178,0.5091017606684571,,,,,,,,,,,,,,,,,,,,,,,,,,,,,,,,,,
dar_a0_r1,synthetic,4,0.4108475082065055,0.25,0.3972075108329321,0.48045359594151,1.0,0.48045359594151,0.1405550581915846,0.022381378692927483,0.022381378692927483,0.7818561623396001,0.1405550581915846,0.5091017606684571,0.022381378692927483,0.31274246493584007,,,,,,,,,,,,,,,,,,,,,,,,,,,,,,,,
dar_a0_r1,synthetic,5,0.29621008654133096,0.2,0.1949002777076496,0.38645180543121455,1.0,0.38645180543121455,0.08296031035511787,0.011339898537749925,0.0002984183825723665,0.7818561623396001,0.08296031035511787,0.5091017606684571,0.011339898537749925,0.31274246493584007,0.0002984183825723665,0.1769621008654133,,,,,,,,,,,,,,,,,,,,,,,,,,,,,,
dar_a0_r1,synthetic,6,0.31010643588978415,0.3333333333333333,0.38941220798794274,0.5660996717397792,0.5660996717397792,0.21754700089525514,0.06445837063563116,0.011638316920322292,0.0008952551477170994,0.7818561623396001,0.21754700089525514,0.5091017606684571,0.06445837063563116,0.31274246493584007,0.011638316920322292,0.1769621008654133,0.0008952551477170994,0.10205908683974933,,,,,,,,,,,,,,,,,,,,,,,,,,,,
dar_a0_r1,synthetic,7,0.2804706484205141,0.2857142857142857,0.3923076923076923,0.6048940614741868,0.6048940614741868,0.24798567591763654,0.020590868397493287,0.003879438973440764,0.0,0.7818561623396001,0.24798567591763654,0.5091017606684571,0.08594449418084155,0.31274246493584007,0.020590868397493287,0.1769621008654133,0.003879438973440764,0.10205908683974933,0.0,0.052820053715308866,,,,,,,,,,,,,,,,,,,,,,,,,,
dar_a0_r1,synthetic,8,0.2532452999104745,0.25,0.39074507183428,0.6183228886899433,0.6183228886899433,0.10444643390032826,0.02685765443151298,0.000596836765144733,0.0,0.7818561623396001,0.270367054610564,0.5091017606684571,0.10444643390032826,0.31274246493584007,0.02685765443151298,0.1769621008654133,0.005371530886302597,0.10205908683974933,0.000596836765144733,0.052820053715308866,0.0,0.02297821545807222,,,,,,,,,,,,,,,,,,,,,,,,
dar_a0_r1,synthetic,9,0.23425843031930768,0.2222222222222222,0.3946451204055767,0.6445837063563116,0.6445837063563116,0.11489107729036109,0.008654133094598627,0.0,0.0,0.7818561623396001,0.2978215458072217,0.5091017606684571,0.11489107729036109,0.31274246493584007,0.03968964488212474,0.1769621008654133,0.008654133094598627,0.10205908683974933,0.0026857654431512983,0.052820053715308866,0.0,0.02297821545807222,0.0,0.01014622500746046,,,,,,,,,,,,,,,,,,,,,,
dar_a0_r1,synthetic,10,0.20650552074007758,0.2,0.3760244255182388,0.6275738585496866,0.6275738585496866,0.11280214861235452,0.008355714712026261,0.000596836765144733,0.0,0.7818561623396001,0.2766338406445837,0.5091017606684571,0.11280214861235452,0.31274246493584007,0.03640704267382871,0.1769621008654133,0.008355714712026261,0.10205908683974933,0.0026857654431512983,0.052820053715308866,0.000596836765144733,0.02297821545807222,0.0,0.01014622500746046,0.0,0.0035810205908683975,,,,,,,,,,,,,,,,,,,,
dar_a0_r1,synthetic,11,0.20129676351699627,0.18181818181818182,0.37540692512577684,0.6666666666666666,0.3279618024470307,0.050731125037302295,0.003282602208296031,0.0,0.0,0.7818561623396001,0.3279618024470307,0.5091017606684571,0.1512981199641898,0.31274246493584007,0.050731125037302295,0.1769621008654133,0.01342882721575649,0.10205908683974933,0.003282602208296031,0.052820053715308866,0.0008952551477170994,0.02297821545807222,0.0,0.01014622500746046,0.0,0.0035810205908683975,0.0,0.0020889286780065653,,,,,,,,,,,,,,,,,,
dar_a0_r1,synthetic,12,0.18884909977121256,0.16666666666666666,0.36441893830703015,0.6747239629961206,0.3434795583407938,0.06296627872276932,0.0008952551477170994,0.0,0.0,0.7818561623396001,0.3434795583407938,0.5091017606684571,0.15786332438078185,0.31274246493584007,0.06296627872276932,0.1769621008654133,0.021486123545210387,0.10205908683974933,0.004476275738585497,0.052820053715308866,0.0008952551477170994,0.02297821545807222,0.0002984183825723665,0.01014622500746046,0.0,0.0035810205908683975,0.0,0.0020889286780065653,0.0,0.001193673530289466,,,,,,,,,,,,,,,,
dar_a0_r1,synthetic,13,0.17728347450818355,0.15384615384615385,0.3524303123686791,0.6827812593255744,0.354222620113399,0.02029245001492092,0.0008952551477170994,0.0,0.0,0.7818561623396001,0.354222620113399,0.5091017606684571,0.170993733213966,0.31274246493584007,0.06863622799164429,0.1769621008654133,0.02029245001492092,0.10205908683974933,0.005968367651447329,0.052820053715308866,0.0008952551477170994,0.02297821545807222,0.000596836765144733,0.01014622500746046,0.0002984183825723665,0.0035810205908683975,0.0,0.0020889286780065653,0.0,0.001193673530289466,0.0,0.0002984183825723665,,,,,,,,,,,,,,
dar_a0_r1,synthetic,14,0.16796691819073198,0.14285714285714285,0.3448087431693989,0.6947179946284691,0.3658609370337213,0.02685765443151298,0.000596836765144733,0.0,0.0,0.7818561623396001,0.3658609370337213,0.5091017606684571,0.17547000895255147,0.31274246493584007,0.07549985079080872,0.1769621008654133,0.02685765443151298,0.10205908683974933,0.009847806624888093,0.052820053715308866,0.002387347060578932,0.02297821545807222,0.000596836765144733,0.01014622500746046,0.0002984183825723665,0.0035810205908683975,0.0,0.0020889286780065653,0.0,0.001193673530289466,0.0,0.0002984183825723665,0.0,0.0,,,,,,,,,,,,
dar_a0_r1,synthetic,15,0.1554361882025266,0.13333333333333333,0.32989973904683423,0.6917338108027454,0.3604894061474187,0.027156072814085348,0.0008952551477170994,0.0,0.0,0.7818561623396001,0.3604894061474187,0.5091017606684571,0.1692032229185318,0.31274246493584007,0.07191883019994032,0.1769621008654133,0.027156072814085348,0.10205908683974933,0.007758877946881528,0.052820053715308866,0.002387347060578932,0.02297821545807222,0.0008952551477170994,0.01014622500746046,0.0,0.0035810205908683975,0.0,0.0020889286780065653,0.0,0.001193673530289466,0.0,0.0002984183825723665,0.0,0.0,0.0,0.0,,,,,,,,,,
dar_a0_r1,synthetic,16,0.1495076096687556,0.125,0.3107856191744341,0.6991942703670546,0.18710832587287377,0.008057296329453895,0.0002984183825723665,0.0,0.0,0.7818561623396001,0.37839450910176065,0.5091017606684571,0.18710832587287377,0.31274246493584007,0.08475082065055208,0.1769621008654133,0.030140256639809012,0.10205908683974933,0.008057296329453895,0.052820053715308866,0.0029841838257236644,0.02297821545807222,0.0008952551477170994,0.01014622500746046,0.0002984183825723665,0.0035810205908683975,0.0002984183825723665,0.0020889286780065653,0.0,0.001193673530289466,0.0,0.0002984183825723665,0.0,0.0,0.0,0.0,0.0,0.0,,,,,,,,
dar_a0_r1,synthetic,17,0.14303017536468482,0.11764705882352941,0.30354813462040175,0.7066547299313638,0.1984482244106237,0.010444643390032825,0.0,0.0,0.0,0.7818561623396001,0.39122649955237243,0.5091017606684571,0.1984482244106237,0.31274246493584007,0.0835571471202626,0.1769621008654133,0.036108624291256344,0.10205908683974933,0.010444643390032825,0.052820053715308866,0.003282602208296031,0.02297821545807222,0.0014920919128618322,0.01014622500746046,0.0002984183825723665,0.0035810205908683975,0.0,0.0020889286780065653,0.0,0.001193673530289466,0.0,0.0002984183825723665,0.0,0.0,0.0,0.0,0.0,0.0,0.0,0.0,,,,,,
dar_a0_r1,synthetic,18,0.13657614642395305,0.1111111111111111,0.2956913183279743,0.7096389137570874,0.20053715308863027,0.0035810205908683975,0.0,0.0,0.0,0.7818561623396001,0.40226797970754996,0.5091017606684571,0.20053715308863027,0.31274246493584007,0.09012235153685468,0.1769621008654133,0.03789913458669054,0.10205908683974933,0.012533572068039392,0.052820053715308866,0.0035810205908683975,0.02297821545807222,0.0014920919128618322,0.01014622500746046,0.0002984183825723665,0.0035810205908683975,0.0,0.0020889286780065653,0.0,0.001193673530289466,0.0,0.0002984183825723665,0.0,0.0,0.0,0.0,0.0,0.0,0.0,0.0,0.0,0.0,,,,
dar_a0_r1,synthetic,19,0.13070725156669652,0.10526315789473684,0.2817097919837646,0.720680393912265,0.20769919427036707,0.004476275738585497,0.0,0.0,0.0,0.7818561623396001,0.40137272455983286,0.5091017606684571,0.20769919427036707,0.31274246493584007,0.09310653536257833,0.1769621008654133,0.04028648164726947,0.10205908683974933,0.013727245598328858,0.052820053715308866,0.004476275738585497,0.02297821545807222,0.0017905102954341987,0.01014622500746046,0.0002984183825723665,0.0035810205908683975,0.0,0.0020889286780065653,0.0,0.001193673530289466,0.0,0.0002984183825723665,0.0,0.0,0.0,0.0,0.0,0.0,0.0,0.0,0.0,0.0,0.0,0.0,,
dar_a0_r1,synthetic,20,0.12335123843628767,0.1,0.2705043301069791,0.7165025365562518,0.20083557147120262,0.004476275738585497,0.0,0.0,0.0,0.7818561623396001,0.3960011936735303,0.5091017606684571,0.20083557147120262,0.31274246493584007,0.0934049537451507,0.1769621008654133,0.04237541032527604,0.10205908683974933,0.011936735302894658,0.052820053715308866,0.004476275738585497,0.02297821545807222,0.0008952551477170994,0.01014622500746046,0.000596836765144733,0.0035810205908683975,0.0,0.0020889286780065653,0.0,0.001193673530289466,0.0,0.0002984183825723665,0.0,0.0,0.0,0.0,0.0,0.0,0.0,0.0,0.0,0.0,0.0,0.0,0.0,0.0
dar_a08_r1,synthetic,2,0.7875776397515528,1.0,0.7360890302066773,0.5751552795031056,1.0,1.0,0.5751552795031056,0.5751552795031056,0.5751552795031056,0.9204968944099379,,,,,,,,,,,,,,,,,,,,,,,,,,,,,,,,,,,,
dar_a08_r1,synthetic,3,0.7080745341614906,0.6666666666666666,0.7861827721906428,0.7130434782608696,1.0,0.7130434782608696,0.7130434782608696,0.4111801242236025,0.4111801242236025,0.9204968944099379,0.4111801242236025,0.8236024844720496,,,,,,,,,,,,,,,,,,,,,,,,,,,,,,,,,,
dar_a08_r1,synthetic,4,0.6600931677018633,0.75,0.802387684574301,0.7739130434782608,1.0,0.7739130434782608,0.5409937888198758,0.32546583850931676,0.32546583850931676,0.9204968944099379,0.5409937888198758,0.8236024844720496,0.32546583850931676,0.7130434782608696,,,,,,,,,,,,,,,,,,,,,,,,,,,,,,,,
dar_a08_r1,synthetic,5,0.6190062111801242,0.6,0.8380210949271722,0.784472049689441,1.0,0.784472049689441,0.5937888198757764,0.41677018633540375,0.3,0.9204968944099379,0.5937888198757764,0.8236024844720496,0.41677018633540375,0.7130434782608696,0.3,0.6180124223602484,,,,,,,,,,,,,,,,,,,,,,,,,,,,,,
dar_a08_r1,synthetic,6,0.5675983436853002,0.5,0.7416520210896309,0.8254658385093168,0.8254658385093168,0.6490683229813664,0.48074534161490684,0.32236024844720496,0.12795031055900621,0.9204968944099379,0.6490683229813664,0.8236024844720496,0.48074534161490684,0.7130434782608696,0.32236024844720496,0.6180124223602484,0.12795031055900621,0.5273291925465838,,,,,,,,,,,,,,,,,,,,,,,,,,,,
dar_a08_r1,synthetic,7,0.5315882874889086,0.5714285714285714,0.7090555014605647,0.8509316770186336,0.8509316770186336,0.6708074534161491,0.3875776397515528,0.22111801242236026,0.06894409937888199,0.9204968944099379,0.6708074534161491,0.8236024844720496,0.5217391304347826,0.7130434782608696,0.3875776397515528,0.6180124223602484,0.22111801242236026,0.5273291925465838,0.06894409937888199,0.4472049689440994,,,,,,,,,,,,,,,,,,,,,,,,,,
dar_a08_r1,synthetic,8,0.4893633540372671,0.5,0.647838721394842,0.8590062111801242,0.8590062111801242,0.5285714285714286,0.415527950310559,0.115527950310559,0.018012422360248446,0.9204968944099379,0.6962732919254658,0.8236024844720496,0.5285714285714286,0.7130434782608696,0.415527950310559,0.6180124223602484,0.2819875776397516,0.5273291925465838,0.115527950310559,0.4472049689440994,0.018012422360248446,0.3627329192546584,,,,,,,,,,,,,,,,,,,,,,,,
dar_a08_r1,synthetic,9,0.46045548654244306,0.4444444444444444,0.6108208326310467,0.8695652173913043,0.8695652173913043,0.5652173913043478,0.3198757763975155,0.04720496894409938,0.009937888198757764,0.9204968944099379,0.7099378881987578,0.8236024844720496,0.5652173913043478,0.7130434782608696,0.4496894409937888,0.6180124223602484,0.3198757763975155,0.5273291925465838,0.17267080745341615,0.4472049689440994,0.04720496894409938,0.3627329192546584,0.009937888198757764,0.27577639751552796,,,,,,,,,,,,,,,,,,,,,,
dar_a08_r1,synthetic,10,0.4306832298136646,0.4,0.5713369669765951,0.8708074534161491,0.8708074534161491,0.5838509316770186,0.34285714285714286,0.09813664596273292,0.002484472049689441,0.9204968944099379,0.7099378881987578,0.8236024844720496,0.5838509316770186,0.7130434782608696,0.4645962732919255,0.6180124223602484,0.34285714285714286,0.5273291925465838,0.21366459627329193,0.4472049689440994,0.09813664596273292,0.3627329192546584,0.020496894409937887,0.27577639751552796,0.002484472049689441,0.19813664596273292,,,,,,,,,,,,,,,,,,,,
dar_a08_r1,synthetic,11,0.40468661773009595,0.36363636363636365,0.5341748768472906,0.8857142857142857,0.7291925465838509,0.48509316770186334,0.23850931677018633,0.03540372670807453,0.0,0.9204968944099379,0.7291925465838509,0.8236024844720496,0.5968944099378882,0.7130434782608696,0.48509316770186334,0.6180124223602484,0.36459627329192545,0.5273291925465838,0.23850931677018633,0.4472049689440994,0.11055900621118013,0.3627329192546584,0.03540372670807453,0.27577639751552796,0.0055900621118012426,0.19813664596273292,0.0,0.1298136645962733,,,,,,,,,,,,,,,,,,
dar_a08_r1,synthetic,12,0.38059006211180124,0.3333333333333333,0.5025290092234455,0.8869565217391304,0.7416149068322981,0.48385093167701865,0.14161490683229813,0.012422360248447204,0.0006211180124223603,0.9204968944099379,0.7416149068322981,0.8236024844720496,0.6080745341614907,0.7130434782608696,0.48385093167701865,0.6180124223602484,0.3807453416149068,0.5273291925465838,0.2546583850931677,0.4472049689440994,0.14161490683229813,0.3627329192546584,0.05403726708074534,0.27577639751552796,0.012422360248447204,0.19813664596273292,0.002484472049689441,0.1298136645962733,0.0006211180124223603,0.07453416149068323,,,,,,,,,,,,,,,,
dar_a08_r1,synthetic,13,0.3584328714763497,0.38461538461538464,0.46749674243521067,0.8857142857142857,0.7503105590062111,0.3944099378881988,0.16024844720496895,0.004347826086956522,0.0,0.9204968944099379,0.7503105590062111,0.8236024844720496,0.6080745341614907,0.7130434782608696,0.5024844720496895,0.6180124223602484,0.3944099378881988,0.5273291925465838,0.2677018633540373,0.4472049689440994,0.16024844720496895,0.3627329192546584,0.06397515527950311,0.27577639751552796,0.021739130434782608,0.19813664596273292,0.004347826086956522,0.1298136645962733,0.0006211180124223603,0.07453416149068323,0.0,0.03975155279503106,,,,,,,,,,,,,,
dar_a08_r1,synthetic,14,0.3407719609582963,0.35714285714285715,0.44811122033422274,0.8925465838509317,0.7503105590062111,0.4118012422360248,0.08136645962732919,0.0018633540372670807,0.0,0.9204968944099379,0.7503105590062111,0.8236024844720496,0.6192546583850932,0.7130434782608696,0.5049689440993789,0.6180124223602484,0.4118012422360248,0.5273291925465838,0.28385093167701864,0.4472049689440994,0.1813664596273292,0.3627329192546584,0.08136645962732919,0.27577639751552796,0.03229813664596273,0.19813664596273292,0.010559006211180125,0.1298136645962733,0.0018633540372670807,0.07453416149068323,0.0006211180124223603,0.03975155279503106,0.0,0.021739130434782608,,,,,,,,,,,,
dar_a08_r1,synthetic,15,0.32405797101449274,0.3333333333333333,0.41892632155573817,0.8975155279503105,0.7527950310559006,0.42049689440993787,0.09565217391304348,0.0012422360248447205,0.0,0.9204968944099379,0.7527950310559006,0.8236024844720496,0.6254658385093168,0.7130434782608696,0.515527950310559,0.6180124223602484,0.42049689440993787,0.5273291925465838,0.30062111801242236,0.4472049689440994,0.20062111801242236,0.3627329192546584,0.09565217391304348,0.27577639751552796,0.03975155279503106,0.19813664596273292,0.011180124223602485,0.1298136645962733,0.0012422360248447205,0.07453416149068323,0.0,0.03975155279503106,0.0,0.021739130434782608,0.0,0.013043478260869565,,,,,,,,,,
dar_a08_r1,synthetic,16,0.3057841614906832,0.3125,0.39013817393660255,0.901863354037267,0.6316770186335404,0.30062111801242236,0.0391304347826087,0.0012422360248447205,0.0,0.9204968944099379,0.7571428571428571,0.8236024844720496,0.6316770186335404,0.7130434782608696,0.5180124223602485,0.6180124223602484,0.4254658385093168,0.5273291925465838,0.30062111801242236,0.4472049689440994,0.19813664596273292,0.3627329192546584,0.10434782608695652,0.27577639751552796,0.0391304347826087,0.19813664596273292,0.010559006211180125,0.1298136645962733,0.0037267080745341614,0.07453416149068323,0.0012422360248447205,0.03975155279503106,0.0006211180124223603,0.021739130434782608,0.0,0.013043478260869565,0.0,0.004347826086956522,,,,,,,,
dar_a08_r1,synthetic,17,0.29130434782608694,0.29411764705882354,0.3713524317121919,0.901863354037267,0.639751552795031,0.3111801242236025,0.014906832298136646,0.0,0.0,0.9204968944099379,0.7664596273291926,0.8236024844720496,0.639751552795031,0.7130434782608696,0.5267080745341615,0.6180124223602484,0.4254658385093168,0.5273291925465838,0.3111801242236025,0.4472049689440994,0.19875776397515527,0.3627329192546584,0.1093167701863354,0.27577639751552796,0.05093167701863354,0.19813664596273292,0.014906832298136646,0.1298136645962733,0.004968944099378882,0.07453416149068323,0.0018633540372670807,0.03975155279503106,0.0,0.021739130434782608,0.0,0.013043478260869565,0.0,0.004347826086956522,0.0,0.0018633540372670807,,,,,,
dar_a08_r1,synthetic,18,0.2800897170462388,0.2777777777777778,0.35655577299412916,0.9012422360248448,0.6434782608695652,0.2236024844720497,0.01987577639751553,0.0,0.0,0.9204968944099379,0.7708074534161491,0.8236024844720496,0.6434782608695652,0.7130434782608696,0.5354037267080746,0.6180124223602484,0.4391304347826087,0.5273291925465838,0.3236024844720497,0.4472049689440994,0.2236024844720497,0.3627329192546584,0.12360248447204969,0.27577639751552796,0.05217391304347826,0.19813664596273292,0.01987577639751553,0.1298136645962733,0.0055900621118012426,0.07453416149068323,0.002484472049689441,0.03975155279503106,0.0006211180124223603,0.021739130434782608,0.0,0.013043478260869565,0.0,0.004347826086956522,0.0,0.0018633540372670807,0.0,0.0006211180124223603,,,,
dar_a08_r1,synthetic,19,0.26730957829356,0.2631578947368421,0.3387096774193548,0.8993788819875776,0.6372670807453417,0.23540372670807452,0.009316770186335404,0.0,0.0,0.9204968944099379,0.7726708074534161,0.8236024844720496,0.6372670807453417,0.7130434782608696,0.5347826086956522,0.6180124223602484,0.44472049689440996,0.5273291925465838,0.331055900621118,0.4472049689440994,0.23540372670807452,0.3627329192546584,0.12732919254658384,0.27577639751552796,0.059006211180124224,0.19813664596273292,0.02546583850931677,0.1298136645962733,0.009316770186335404,0.07453416149068323,0.0018633540372670807,0.03975155279503106,0.0006211180124223603,0.021739130434782608,0.0,0.013043478260869565,0.0,0.004347826086956522,0.0,0.0018633540372670807,0.0,0.0006211180124223603,0.0,0.0,,
dar_a08_r1,synthetic,20,0.25748447204968944,0.25,0.32838848738430326,0.9012422360248448,0.6484472049689441,0.24037267080745342,0.009937888198757764,0.0,0.0,0.9204968944099379,0.7695652173913043,0.8236024844720496,0.6484472049689441,0.7130434782608696,0.5416149068322982,0.6180124223602484,0.4496894409937888,0.5273291925465838,0.33975155279503105,0.4472049689440994,0.24037267080745342,0.3627329192546584,0.14472049689440994,0.27577639751552796,0.07329192546583851,0.19813664596273292,0.02981366459627329,0.1298136645962733,0.009937888198757764,0.07453416149068323,0.0012422360248447205,0.03975155279503106,0.0,0.021739130434782608,0.0,0.013043478260869565,0.0,0.004347826086956522,0.0,0.0018633540372670807,0.0,0.0006211180124223603,0.0,0.0,0.0,0.0
dar_a0_r2,synthetic,2,0.6643504531722054,0.5,0.4993116108306563,0.3287009063444109,1.0,1.0,0.3287009063444109,0.3287009063444109,0.3287009063444109,0.7743202416918429,,,,,,,,,,,,,,,,,,,,,,,,,,,,,,,,,,,,
dar_a0_r2,synthetic,3,0.5110775427995972,0.3333333333333333,0.4469519343493552,0.44410876132930516,1.0,0.44410876132930516,0.44410876132930516,0.0891238670694864,0.0891238670694864,0.7743202416918429,0.0891238670694864,0.5181268882175226,,,,,,,,,,,,,,,,,,,,,,,,,,,,,,,,,,
dar_a0_r2,synthetic,4,0.4175226586102719,0.25,0.4138750296982656,0.4954682779456193,1.0,0.4954682779456193,0.1501510574018127,0.02447129909365559,0.02447129909365559,0.7743202416918429,0.1501510574018127,0.5181268882175226,0.02447129909365559,0.33081570996978854,,,,,,,,,,,,,,,,,,,,,,,,,,,,,,,,
dar_a0_r2,synthetic,5,0.2987915407854985,0.2,0.20539994953318194,0.3960725075528701,1.0,0.3960725075528701,0.086404833836858,0.011178247734138972,0.00030211480362537764,0.7743202416918429,0.086404833836858,0.5181268882175226,0.011178247734138972,0.33081570996978854,0.00030211480362537764,0.19093655589123867,,,,,,,,,,,,,,,,,,,,,,,,,,,,,,
dar_a0_r2,synthetic,6,0.3122356495468278,0.3333333333333333,0.3875968992248062,0.5719033232628399,0.5719033232628399,0.227190332326284,0.05891238670694864,0.01419939577039275,0.0012084592145015106,0.7743202416918429,0.227190332326284,0.5181268882175226,0.05891238670694864,0.33081570996978854,0.01419939577039275,0.19093655589123867,0.0012084592145015106,0.10453172205438066,,,,,,,,,,,,,,,,,,,,,,,,,,,,
dar_a0_r2,synthetic,7,0.2827362969356927,0.2857142857142857,0.397480755773268,0.6081570996978852,0.6081570996978852,0.2516616314199396,0.02326283987915408,0.002719033232628399,0.0006042296072507553,0.7743202416918429,0.2516616314199396,0.5181268882175226,0.09274924471299094,0.33081570996978854,0.02326283987915408,0.19093655589123867,0.002719033232628399,0.10453172205438066,0.0006042296072507553,0.0540785498489426,,,,,,,,,,,,,,,,,,,,,,,,,,
dar_a0_r2,synthetic,8,0.2572129909365559,0.25,0.39681486396814863,0.6265861027190333,0.6265861027190333,0.11208459214501511,0.030513595166163143,0.0006042296072507553,0.0,0.7743202416918429,0.28157099697885196,0.5181268882175226,0.11208459214501511,0.33081570996978854,0.030513595166163143,0.19093655589123867,0.006344410876132931,0.10453172205438066,0.0006042296072507553,0.0540785498489426,0.0,0.025377643504531724,,,,,,,,,,,,,,,,,,,,,,,,
dar_a0_r2,synthetic,9,0.2368580060422961,0.2222222222222222,0.39408789124249133,0.6465256797583081,0.6465256797583081,0.12930513595166163,0.009969788519637462,0.00030211480362537764,0.0,0.7743202416918429,0.3039274924471299,0.5181268882175226,0.12930513595166163,0.33081570996978854,0.03987915407854985,0.19093655589123867,0.009969788519637462,0.10453172205438066,0.0018126888217522659,0.0540785498489426,0.00030211480362537764,0.025377643504531724,0.0,0.011178247734138972,,,,,,,,,,,,,,,,,,,,,,
dar_a0_r2,synthetic,10,0.20894259818731115,0.2,0.3816401861659445,0.6338368580060423,0.6338368580060423,0.11782477341389729,0.009969788519637462,0.0,0.0,0.7743202416918429,0.2882175226586103,0.5181268882175226,0.11782477341389729,0.33081570996978854,0.03746223564954683,0.19093655589123867,0.009969788519637462,0.10453172205438066,0.0021148036253776435,0.0540785498489426,0.0,0.025377643504531724,0.0,0.011178247734138972,0.0,0.005740181268882176,,,,,,,,,,,,,,,,,,,,
dar_a0_r2,synthetic,11,0.20466904696511945,0.18181818181818182,0.3767264178665883,0.6749244712990936,0.34531722054380665,0.05740181268882175,0.004229607250755287,0.0,0.0,0.7743202416918429,0.34531722054380665,0.5181268882175226,0.1513595166163142,0.33081570996978854,0.05740181268882175,0.19093655589123867,0.017220543806646525,0.10453172205438066,0.004229607250755287,0.0540785498489426,0.0009063444108761329,0.025377643504531724,0.0,0.011178247734138972,0.0,0.005740181268882176,0.0,0.002719033232628399,,,,,,,,,,,,,,,,,,
dar_a0_r2,synthetic,12,0.19020644511581067,0.16666666666666666,0.3645638741198448,0.6737160120845922,0.3564954682779456,0.06253776435045318,0.0009063444108761329,0.00030211480362537764,0.0,0.7743202416918429,0.3564954682779456,0.5181268882175226,0.16495468277945619,0.33081570996978854,0.06253776435045318,0.19093655589123867,0.018731117824773415,0.10453172205438066,0.004531722054380665,0.0540785498489426,0.0009063444108761329,0.025377643504531724,0.00030211480362537764,0.011178247734138972,0.00030211480362537764,0.005740181268882176,0.0,0.002719033232628399,0.0,0.0012084592145015106,,,,,,,,,,,,,,,,
dar_a0_r2,synthetic,13,0.17992098535905182,0.15384615384615385,0.3565956261317732,0.6848942598187311,0.3722054380664653,0.02326283987915408,0.0021148036253776435,0.0,0.0,0.7743202416918429,0.3722054380664653,0.5181268882175226,0.17583081570996978,0.33081570996978854,0.07250755287009064,0.19093655589123867,0.02326283987915408,0.10453172205438066,0.0075528700906344415,0.0540785498489426,0.0021148036253776435,0.025377643504531724,0.0006042296072507553,0.011178247734138972,0.0,0.005740181268882176,0.0,0.002719033232628399,0.0,0.0012084592145015106,0.0,0.00030211480362537764,,,,,,,,,,,,,,
dar_a0_r2,synthetic,14,0.16946482520500647,0.14285714285714285,0.3434384814966544,0.6879154078549848,0.3785498489425982,0.028700906344410877,0.0009063444108761329,0.0,0.0,0.7743202416918429,0.3785498489425982,0.5181268882175226,0.18972809667673715,0.33081570996978854,0.07492447129909366,0.19093655589123867,0.028700906344410877,0.10453172205438066,0.009667673716012085,0.0540785498489426,0.0018126888217522659,0.025377643504531724,0.0009063444108761329,0.011178247734138972,0.00030211480362537764,0.005740181268882176,0.0,0.002719033232628399,0.0,0.0012084592145015106,0.0,0.00030211480362537764,0.0,0.0,,,,,,,,,,,,
dar_a0_r2,synthetic,15,0.15613293051359517,0.13333333333333333,0.32340366845952284,0.6882175226586102,0.3658610271903323,0.024773413897280966,0.0006042296072507553,0.0,0.0,0.7743202416918429,0.3658610271903323,0.5181268882175226,0.18066465256797584,0.33081570996978854,0.0716012084592145,0.19093655589123867,0.024773413897280966,0.10453172205438066,0.0075528700906344415,0.0540785498489426,0.002416918429003021,0.025377643504531724,0.0006042296072507553,0.011178247734138972,0.00030211480362537764,0.005740181268882176,0.0,0.002719033232628399,0.0,0.0012084592145015106,0.0,0.00030211480362537764,0.0,0.0,0.0,0.0,,,,,,,,,,
dar_a0_r2,synthetic,16,0.15183157099697886,0.125,0.31393041407593597,0.7027190332326284,0.20030211480362536,0.01027190332326284,0.00030211480362537764,0.0,0.0,0.7743202416918429,0.388821752265861,0.5181268882175226,0.20030211480362536,0.33081570996978854,0.09063444108761329,0.19093655589123867,0.031117824773413898,0.10453172205438066,0.01027190332326284,0.0540785498489426,0.0036253776435045317,0.025377643504531724,0.0015105740181268882,0.011178247734138972,0.00030211480362537764,0.005740181268882176,0.0,0.002719033232628399,0.0,0.0012084592145015106,0.0,0.00030211480362537764,0.0,0.0,0.0,0.0,0.0,0.0,,,,,,,,
dar_a0_r2,synthetic,17,0.14464190510040872,0.11764705882352941,0.30448926480156147,0.7057401812688822,0.20513595166163143,0.012084592145015106,0.00030211480362537764,0.0,0.0,0.7743202416918429,0.40181268882175225,0.5181268882175226,0.20513595166163143,0.33081570996978854,0.09244712990936556,0.19093655589123867,0.035045317220543805,0.10453172205438066,0.012084592145015106,0.0540785498489426,0.00392749244712991,0.025377643504531724,0.0018126888217522659,0.011178247734138972,0.0006042296072507553,0.005740181268882176,0.00030211480362537764,0.002719033232628399,0.0,0.0012084592145015106,0.0,0.00030211480362537764,0.0,0.0,0.0,0.0,0.0,0.0,0.0,0.0,,,,,,
dar_a0_r2,synthetic,18,0.13788183954347097,0.1111111111111111,0.296491453540676,0.7075528700906344,0.21873111782477342,0.004531722054380665,0.00030211480362537764,0.0,0.0,0.7743202416918429,0.40181268882175225,0.5181268882175226,0.21873111782477342,0.33081570996978854,0.09335347432024169,0.19093655589123867,0.03957703927492447,0.10453172205438066,0.013293051359516616,0.0540785498489426,0.004531722054380665,0.025377643504531724,0.0018126888217522659,0.011178247734138972,0.0009063444108761329,0.005740181268882176,0.00030211480362537764,0.002719033232628399,0.0,0.0012084592145015106,0.0,0.00030211480362537764,0.0,0.0,0.0,0.0,0.0,0.0,0.0,0.0,0.0,0.0,,,,
dar_a0_r2,synthetic,19,0.13165845126411194,0.10526315789473684,0.2810831426392067,0.7141993957703927,0.21540785498489426,0.00392749244712991,0.0,0.0,0.0,0.7743202416918429,0.41268882175226584,0.5181268882175226,0.21540785498489426,0.33081570996978854,0.09909365558912386,0.19093655589123867,0.0404833836858006,0.10453172205438066,0.013293051359516616,0.0540785498489426,0.00392749244712991,0.025377643504531724,0.0018126888217522659,0.011178247734138972,0.00030211480362537764,0.005740181268882176,0.00030211480362537764,0.002719033232628399,0.0,0.0012084592145015106,0.0,0.00030211480362537764,0.0,0.0,0.0,0.0,0.0,0.0,0.0,0.0,0.0,0.0,0.0,0.0,,
dar_a0_r2,synthetic,20,0.12487915407854985,0.1,0.27558154315495104,0.7123867069486405,0.22054380664652568,0.00513595166163142,0.0,0.0,0.0,0.7743202416918429,0.4066465256797583,0.5181268882175226,0.22054380664652568,0.33081570996978854,0.09788519637462235,0.19093655589123867,0.03746223564954683,0.10453172205438066,0.01419939577039275,0.0540785498489426,0.00513595166163142,0.025377643504531724,0.002416918429003021,0.011178247734138972,0.0009063444108761329,0.005740181268882176,0.0,0.002719033232628399,0.0,0.0012084592145015106,0.0,0.00030211480362537764,0.0,0.0,0.0,0.0,0.0,0.0,0.0,0.0,0.0,0.0,0.0,0.0,0.0,0.0
dar_a08_r2,synthetic,2,0.7947976878612717,1.0,0.7512274959083469,0.5895953757225434,1.0,1.0,0.5895953757225434,0.5895953757225434,0.5895953757225434,0.9152215799614644,,,,,,,,,,,,,,,,,,,,,,,,,,,,,,,,,,,,
dar_a08_r2,synthetic,3,0.7154784842646115,0.6666666666666666,0.8046237533998187,0.7096981374438022,1.0,0.7096981374438022,0.7096981374438022,0.43673731535003213,0.43673731535003213,0.9152215799614644,0.43673731535003213,0.821451509312781,,,,,,,,,,,,,,,,,,,,,,,,,,,,,,,,,,
dar_a08_r2,synthetic,4,0.6711624919717405,0.75,0.8227155727155727,0.7726396917148363,1.0,0.7726396917148363,0.5613359023763648,0.35067437379576105,0.35067437379576105,0.9152215799614644,0.5613359023763648,0.821451509312781,0.35067437379576105,0.7296082209377007,,,,,,,,,,,,,,,,,,,,,,,,,,,,,,,,
dar_a08_r2,synthetic,5,0.6291586384071933,0.6,0.8497302851271513,0.7784200385356455,1.0,0.7784200385356455,0.6017983301220295,0.4489402697495183,0.3166345536287733,0.9152215799614644,0.6017983301220295,0.821451509312781,0.4489402697495183,0.7296082209377007,0.3166345536287733,0.642903018625562,,,,,,,,,,,,,,,,,,,,,,,,,,,,,,
dar_a08_r2,synthetic,6,0.5755726825090987,0.6666666666666666,0.7534339112812429,0.8169556840077071,0.8169556840077071,0.6557482337829159,0.5112395632626846,0.3301220295439949,0.13937058445728967,0.9152215799614644,0.6557482337829159,0.821451509312781,0.5112395632626846,0.7296082209377007,0.3301220295439949,0.642903018625562,0.13937058445728967,0.5645472061657033,,,,,,,,,,,,,,,,,,,,,,,,,,,,
dar_a08_r2,synthetic,7,0.5401412973667309,0.5714285714285714,0.7197287053660483,0.8413615928066795,0.8413615928066795,0.6897880539499036,0.40783558124598585,0.23121387283236994,0.06936416184971098,0.9152215799614644,0.6897880539499036,0.821451509312781,0.5414258188824663,0.7296082209377007,0.40783558124598585,0.642903018625562,0.23121387283236994,0.5645472061657033,0.06936416184971098,0.47784200385356457,,,,,,,,,,,,,,,,,,,,,,,,,,
dar_a08_r2,synthetic,8,0.5024887604367373,0.5,0.6691770756796473,0.8561335902376365,0.8561335902376365,0.5664739884393064,0.4444444444444444,0.13808606294155426,0.025048169556840076,0.9152215799614644,0.6955684007707129,0.821451509312781,0.5664739884393064,0.7296082209377007,0.4444444444444444,0.642903018625562,0.294155427103404,0.5645472061657033,0.13808606294155426,0.47784200385356457,0.025048169556840076,0.394990366088632,,,,,,,,,,,,,,,,,,,,,,,,
dar_a08_r2,synthetic,9,0.4672090201955327,0.4444444444444444,0.6189077082613205,0.8625561978163134,0.8625561978163134,0.5908798972382787,0.3269107257546564,0.05973025048169557,0.010276172125883108,0.9152215799614644,0.714193962748876,0.821451509312781,0.5908798972382787,0.7296082209377007,0.4624277456647399,0.642903018625562,0.3269107257546564,0.5645472061657033,0.17790622992935132,0.47784200385356457,0.05973025048169557,0.394990366088632,0.010276172125883108,0.3063583815028902,,,,,,,,,,,,,,,,,,,,,,
dar_a08_r2,synthetic,10,0.4416827231856134,0.4,0.5853618954884777,0.8651252408477842,0.8651252408477842,0.5947334617854849,0.3692999357739242,0.10661528580603725,0.0032113037893384713,0.9152215799614644,0.7167630057803468,0.821451509312781,0.5947334617854849,0.7296082209377007,0.4964675658317277,0.642903018625562,0.3692999357739242,0.5645472061657033,0.24149004495825305,0.47784200385356457,0.10661528580603725,0.394990366088632,0.023121387283236993,0.3063583815028902,0.0032113037893384713,0.21644187540141296,,,,,,,,,,,,,,,,,,,,
dar_a08_r2,synthetic,11,0.41145559642669466,0.45454545454545453,0.5365318281592976,0.8786127167630058,0.7334617854849069,0.5086705202312138,0.24149004495825305,0.038535645472061654,0.0006422607578676942,0.9152215799614644,0.7334617854849069,0.821451509312781,0.6114322414900449,0.7296082209377007,0.5086705202312138,0.642903018625562,0.37957610789980734,0.5645472061657033,0.24149004495825305,0.47784200385356457,0.1252408477842004,0.394990366088632,0.038535645472061654,0.3063583815028902,0.008349389852280027,0.21644187540141296,0.0006422607578676942,0.1438664097623635,,,,,,,,,,,,,,,,,,
dar_a08_r2,synthetic,12,0.3862128023977735,0.4166666666666667,0.5015916325602546,0.8779704560051381,0.7418111753371869,0.518946692357097,0.14836223506743737,0.010918432883750802,0.0,0.9152215799614644,0.7418111753371869,0.821451509312781,0.6127167630057804,0.7296082209377007,0.518946692357097,0.642903018625562,0.394990366088632,0.5645472061657033,0.271034039820167,0.47784200385356457,0.14836223506743737,0.394990366088632,0.057161207450224794,0.3063583815028902,0.010918432883750802,0.21644187540141296,0.0006422607578676942,0.1438664097623635,0.0,0.08798972382787412,,,,,,,,,,,,,,,,
dar_a08_r2,synthetic,13,0.3692505311002421,0.38461538461538464,0.48961208775243353,0.8805394990366089,0.7508028259473346,0.4206807964033398,0.18047527296082208,0.0032113037893384713,0.0,0.9152215799614644,0.7508028259473346,0.821451509312781,0.6345536287732819,0.7296082209377007,0.5324341682723186,0.642903018625562,0.4206807964033398,0.5645472061657033,0.294155427103404,0.47784200385356457,0.18047527296082208,0.394990366088632,0.08028259473346179,0.3063583815028902,0.023121387283236993,0.21644187540141296,0.0032113037893384713,0.1438664097623635,0.0,0.08798972382787412,0.0,0.03917790622992935,,,,,,,,,,,,,,
dar_a08_r2,synthetic,14,0.3496651068905404,0.35714285714285715,0.4551118663268196,0.884393063583815,0.7572254335260116,0.43159922928709055,0.09248554913294797,0.0006422607578676942,0.0,0.9152215799614644,0.7572254335260116,0.821451509312781,0.6416184971098265,0.7296082209377007,0.5427103403982017,0.642903018625562,0.43159922928709055,0.5645472061657033,0.3127809890815671,0.47784200385356457,0.19781631342324985,0.394990366088632,0.09248554913294797,0.3063583815028902,0.028259473346178548,0.21644187540141296,0.005780346820809248,0.1438664097623635,0.0006422607578676942,0.08798972382787412,0.0,0.03917790622992935,0.0,0.018625561978163133,,,,,,,,,,,,
dar_a08_r2,synthetic,15,0.3312352815242988,0.3333333333333333,0.42845234787440956,0.8895311496467566,0.7565831727681439,0.4360950545921644,0.11432241490044959,0.0019267822736030828,0.0,0.9152215799614644,0.7565831727681439,0.821451509312781,0.6377649325626205,0.7296082209377007,0.5407835581245986,0.642903018625562,0.4360950545921644,0.5645472061657033,0.32883750802825945,0.47784200385356457,0.2113037893384714,0.394990366088632,0.11432241490044959,0.3063583815028902,0.037251123956326265,0.21644187540141296,0.014129736673089274,0.1438664097623635,0.0019267822736030828,0.08798972382787412,0.0,0.03917790622992935,0.0,0.018625561978163133,0.0,0.010276172125883108,,,,,,,,,,
dar_a08_r2,synthetic,16,0.3133028259473346,0.3125,0.3998079824441092,0.892742453436095,0.6467565831727682,0.3301220295439949,0.0449582530507386,0.0,0.0,0.9152215799614644,0.7578676942838792,0.821451509312781,0.6467565831727682,0.7296082209377007,0.5472061657032755,0.642903018625562,0.4463712267180475,0.5645472061657033,0.3301220295439949,0.47784200385356457,0.21708413615928066,0.394990366088632,0.11432241490044959,0.3063583815028902,0.0449582530507386,0.21644187540141296,0.014129736673089274,0.1438664097623635,0.0012845215157353885,0.08798972382787412,0.0,0.03917790622992935,0.0,0.018625561978163133,0.0,0.010276172125883108,0.0,0.00449582530507386,,,,,,,,
dar_a08_r2,synthetic,17,0.30069137481582225,0.29411764705882354,0.3865613706331147,0.8901734104046243,0.6525369299935774,0.3481053307642903,0.017341040462427744,0.0,0.0,0.9152215799614644,0.7649325626204239,0.821451509312781,0.6525369299935774,0.7296082209377007,0.5600513808606294,0.642903018625562,0.457931920359666,0.5645472061657033,0.3481053307642903,0.47784200385356457,0.22607578676942838,0.394990366088632,0.12909441233140656,0.3063583815028902,0.05973025048169557,0.21644187540141296,0.017341040462427744,0.1438664097623635,0.00449582530507386,0.08798972382787412,0.0012845215157353885,0.03917790622992935,0.0,0.018625561978163133,0.0,0.010276172125883108,0.0,0.00449582530507386,0.0,0.002569043031470777,,,,,,
dar_a08_r2,synthetic,18,0.28655534146863626,0.2777777777777778,0.3709336154456493,0.8921001926782274,0.6608863198458574,0.2472703917790623,0.02119460500963391,0.0,0.0,0.9152215799614644,0.7655748233782916,0.821451509312781,0.6608863198458574,0.7296082209377007,0.5600513808606294,0.642903018625562,0.457931920359666,0.5645472061657033,0.34617854849068724,0.47784200385356457,0.2472703917790623,0.394990366088632,0.14193962748876043,0.3063583815028902,0.06101477199743096,0.21644187540141296,0.02119460500963391,0.1438664097623635,0.0032113037893384713,0.08798972382787412,0.0006422607578676942,0.03917790622992935,0.0,0.018625561978163133,0.0,0.010276172125883108,0.0,0.00449582530507386,0.0,0.002569043031470777,0.0,0.0006422607578676942,,,,
dar_a08_r2,synthetic,19,0.2751242267518507,0.2631578947368421,0.35943801222843763,0.8972382787411689,0.6589595375722543,0.2588310854206808,0.006422607578676943,0.0,0.0,0.9152215799614644,0.7694283879254977,0.821451509312781,0.6589595375722543,0.7296082209377007,0.5600513808606294,0.642903018625562,0.46885035324341684,0.5645472061657033,0.36287732819524726,0.47784200385356457,0.2588310854206808,0.394990366088632,0.1464354527938343,0.3063583815028902,0.07129094412331406,0.21644187540141296,0.02697495183044316,0.1438664097623635,0.006422607578676943,0.08798972382787412,0.0,0.03917790622992935,0.0,0.018625561978163133,0.0,0.010276172125883108,0.0,0.00449582530507386,0.0,0.002569043031470777,0.0,0.0006422607578676942,0.0,0.0,,
dar_a08_r2,synthetic,20,0.2662170841361593,0.25,0.34823589351674944,0.8959537572254336,0.666024405908799,0.27167630057803466,0.009633911368015413,0.0,0.0,0.9152215799614644,0.7713551701991008,0.821451509312781,0.666024405908799,0.7296082209377007,0.5690430314707772,0.642903018625562,0.47527296082209375,0.5645472061657033,0.3789338471419396,0.47784200385356457,0.27167630057803466,0.394990366088632,0.1708413615928067,0.3063583815028902,0.08220937700706486,0.21644187540141296,0.03018625561978163,0.1438664097623635,0.009633911368015413,0.08798972382787412,0.002569043031470777,0.03917790622992935,0.0006422607578676942,0.018625561978163133,0.0,0.010276172125883108,0.0,0.00449582530507386,0.0,0.002569043031470777,0.0,0.0006422607578676942,0.0,0.0,0.0,0.0
ad_memoryless_r1,synthetic,2,0.5162371874700642,0.5,0.06284760845383759,0.032474374940128364,1.0,1.0,0.032474374940128364,0.032474374940128364,0.032474374940128364,0.06772679375419101,,,,,,,,,,,,,,,,,,,,,,,,,,,,,,,,,,,,
ad_memoryless_r1,synthetic,3,0.3487562665644857,0.3333333333333333,0.045975443383356074,0.045310853530031614,1.0,0.045310853530031614,0.045310853530031614,0.0009579461634256155,0.0009579461634256155,0.06772679375419101,0.0009579461634256155,0.004502346968100392,,,,,,,,,,,,,,,,,,,,,,,,,,,,,,,,,,
ad_memoryless_r1,synthetic,4,0.2630999137848453,0.25,0.033908531434777366,0.05105853051058531,1.0,0.05105853051058531,0.0013411246287958617,0.0,0.0,0.06772679375419101,0.0013411246287958617,0.004502346968100392,0.0,0.00028738384902768463,,,,,,,,,,,,,,,,,,,,,,,,,,,,,,,,
ad_memoryless_r1,synthetic,5,0.21139955934476484,0.2,0.028764805414551606,0.054890315164287766,1.0,0.054890315164287766,0.002107481559536354,0.0,0.0,0.06772679375419101,0.002107481559536354,0.004502346968100392,0.0,0.00028738384902768463,0.0,0.0,,,,,,,,,,,,,,,,,,,,,,,,,,,,,,
ad_memoryless_r1,synthetic,6,0.17648561484177924,0.16666666666666666,0.023796646836127637,0.05651882364211131,0.05651882364211131,0.002299070792221477,9.579461634256155e-05,0.0,0.0,0.06772679375419101,0.002299070792221477,0.004502346968100392,9.579461634256155e-05,0.00028738384902768463,0.0,0.0,0.0,0.0,,,,,,,,,,,,,,,,,,,,,,,,,,,,
ad_memoryless_r1,synthetic,7,0.15157445294431596,0.14285714285714285,0.02033116747013205,0.058338921352619984,0.058338921352619984,0.0026822492575917234,0.0,0.0,0.0,0.06772679375419101,0.0026822492575917234,0.004502346968100392,0.0,0.00028738384902768463,0.0,0.0,0.0,0.0,0.0,0.0,,,,,,,,,,,,,,,,,,,,,,,,,,
ad_memoryless_r1,synthetic,8,0.1327593639237475,0.125,0.017572705785633542,0.0592968675160456,0.0592968675160456,9.579461634256155e-05,0.0,0.0,0.0,0.06772679375419101,0.0026822492575917234,0.004502346968100392,9.579461634256155e-05,0.00028738384902768463,0.0,0.0,0.0,0.0,0.0,0.0,0.0,0.0,,,,,,,,,,,,,,,,,,,,,,,,
ad_memoryless_r1,synthetic,9,0.11809347425785782,0.1111111111111111,0.0149812734082397,0.059680045981415845,0.059680045981415845,9.579461634256155e-05,0.0,0.0,0.0,0.06772679375419101,0.0030654277229619697,0.004502346968100392,9.579461634256155e-05,0.00028738384902768463,0.0,0.0,0.0,0.0,0.0,0.0,0.0,0.0,0.0,0.0,,,,,,,,,,,,,,,,,,,,,,
ad_memoryless_r1,synthetic,10,0.10643739821822014,0.1,0.013847379956166568,0.06130855445923939,0.06130855445923939,0.0,0.0,0.0,0.0,0.06772679375419101,0.0030654277229619697,0.004502346968100392,0.0,0.00028738384902768463,0.0,0.0,0.0,0.0,0.0,0.0,0.0,0.0,0.0,0.0,0.0,0.0,,,,,,,,,,,,,,,,,,,,
ad_memoryless_r1,synthetic,11,0.09683964852084403,0.09090909090909091,0.012231209311501283,0.06169173292460964,0.0033528115719896542,0.0,0.0,0.0,0.0,0.06772679375419101,0.0033528115719896542,0.004502346968100392,0.0001915892326851231,0.00028738384902768463,0.0,0.0,0.0,0.0,0.0,0.0,0.0,0.0,0.0,0.0,0.0,0.0,0.0,0.0,,,,,,,,,,,,,,,,,,
ad_memoryless_r1,synthetic,12,0.08881757511894499,0.08333333333333333,0.011646114699549815,0.06245808985535013,0.003161222339304531,0.0,0.0,0.0,0.0,0.06772679375419101,0.003161222339304531,0.004502346968100392,0.0001915892326851231,0.00028738384902768463,0.0,0.0,0.0,0.0,0.0,0.0,0.0,0.0,0.0,0.0,0.0,0.0,0.0,0.0,0.0,0.0,,,,,,,,,,,,,,,,
ad_memoryless_r1,synthetic,13,0.08200756040587441,0.07692307692307693,0.010994356878770189,0.06293706293706294,0.0030654277229619697,0.0,0.0,0.0,0.0,0.06772679375419101,0.0030654277229619697,0.004502346968100392,9.579461634256155e-05,0.00028738384902768463,0.0,0.0,0.0,0.0,0.0,0.0,0.0,0.0,0.0,0.0,0.0,0.0,0.0,0.0,0.0,0.0,0.0,0.0,,,,,,,,,,,,,,
ad_memoryless_r1,synthetic,14,0.07618408988272003,0.07142857142857142,0.01033417036893954,0.06312865216974806,0.0033528115719896542,0.0,0.0,0.0,0.0,0.06772679375419101,0.0033528115719896542,0.004502346968100392,9.579461634256155e-05,0.00028738384902768463,0.0,0.0,0.0,0.0,0.0,0.0,0.0,0.0,0.0,0.0,0.0,0.0,0.0,0.0,0.0,0.0,0.0,0.0,0.0,0.0,,,,,,,,,,,,
ad_memoryless_r1,synthetic,15,0.07107960532618067,0.06666666666666667,0.008564280215550424,0.06274547370437782,0.0032570169556470924,0.0,0.0,0.0,0.0,0.06772679375419101,0.0032570169556470924,0.004502346968100392,0.0001915892326851231,0.00028738384902768463,0.0,0.0,0.0,0.0,0.0,0.0,0.0,0.0,0.0,0.0,0.0,0.0,0.0,0.0,0.0,0.0,0.0,0.0,0.0,0.0,0.0,0.0,,,,,,,,,,
ad_memoryless_r1,synthetic,16,0.06669700162850847,0.0625,0.008521639218690157,0.06370341986780342,0.00028738384902768463,0.0,0.0,0.0,0.0,0.06772679375419101,0.003161222339304531,0.004502346968100392,0.00028738384902768463,0.00028738384902768463,0.0,0.0,0.0,0.0,0.0,0.0,0.0,0.0,0.0,0.0,0.0,0.0,0.0,0.0,0.0,0.0,0.0,0.0,0.0,0.0,0.0,0.0,0.0,0.0,,,,,,,,
ad_memoryless_r1,synthetic,17,0.06280745845612888,0.058823529411764705,0.008958353187839512,0.06399080371683111,0.0001915892326851231,0.0,0.0,0.0,0.0,0.06772679375419101,0.0035444008046747774,0.004502346968100392,0.0001915892326851231,0.00028738384902768463,0.0,0.0,0.0,0.0,0.0,0.0,0.0,0.0,0.0,0.0,0.0,0.0,0.0,0.0,0.0,0.0,0.0,0.0,0.0,0.0,0.0,0.0,0.0,0.0,0.0,0.0,,,,,,
ad_memoryless_r1,synthetic,18,0.05926493597726474,0.05555555555555555,0.006659689848729902,0.06332024140243318,9.579461634256155e-05,0.0,0.0,0.0,0.0,0.06772679375419101,0.0033528115719896542,0.004502346968100392,9.579461634256155e-05,0.00028738384902768463,0.0,0.0,0.0,0.0,0.0,0.0,0.0,0.0,0.0,0.0,0.0,0.0,0.0,0.0,0.0,0.0,0.0,0.0,0.0,0.0,0.0,0.0,0.0,0.0,0.0,0.0,0.0,0.0,,,,
ad_memoryless_r1,synthetic,19,0.05621631432734533,0.05263157894736842,0.00709891150023663,0.06456557141488649,0.0001915892326851231,0.0,0.0,0.0,0.0,0.06772679375419101,0.0033528115719896542,0.004502346968100392,0.0001915892326851231,0.00028738384902768463,0.0,0.0,0.0,0.0,0.0,0.0,0.0,0.0,0.0,0.0,0.0,0.0,0.0,0.0,0.0,0.0,0.0,0.0,0.0,0.0,0.0,0.0,0.0,0.0,0.0,0.0,0.0,0.0,0.0,0.0,,
ad_memoryless_r1,synthetic,20,0.053415078072612324,0.05,0.007545746085644218,0.06446977679854392,0.0001915892326851231,0.0,0.0,0.0,0.0,0.06772679375419101,0.0036401954210173388,0.004502346968100392,0.0001915892326851231,0.00028738384902768463,0.0,0.0,0.0,0.0,0.0,0.0,0.0,0.0,0.0,0.0,0.0,0.0,0.0,0.0,0.0,0.0,0.0,0.0,0.0,0.0,0.0,0.0,0.0,0.0,0.0,0.0,0.0,0.0,0.0,0.0,0.0,0.0
ad_memory_r1,synthetic,2,0.8114793467819404,1.0,0.9025748086290883,0.6229586935638809,1.0,1.0,0.6229586935638809,0.6229586935638809,0.6229586935638809,0.866954851104707,,,,,,,,,,,,,,,,,,,,,,,,,,,,,,,,,,,,
ad_memory_r1,synthetic,3,0.6962856227985911,0.6666666666666666,0.8142532221379833,0.7243035542747358,1.0,0.7243035542747358,0.7243035542747358,0.3645533141210375,0.3645533141210375,0.866954851104707,0.3645533141210375,0.7276657060518732,,,,,,,,,,,,,,,,,,,,,,,,,,,,,,,,,,
ad_memory_r1,synthetic,4,0.6165946205571565,0.5,0.7477949283351709,0.7651296829971181,1.0,0.7651296829971181,0.48895292987512007,0.21229586935638808,0.21229586935638808,0.866954851104707,0.48895292987512007,0.7276657060518732,0.21229586935638808,0.5912584053794429,,,,,,,,,,,,,,,,,,,,,,,,,,,,,,,,
ad_memory_r1,synthetic,5,0.5518731988472623,0.6,0.6899136756019991,0.7963496637848223,1.0,0.7963496637848223,0.5422670509125841,0.3025936599423631,0.11815561959654179,0.866954851104707,0.5422670509125841,0.7276657060518732,0.3025936599423631,0.5912584053794429,0.11815561959654179,0.48366954851104704,,,,,,,,,,,,,,,,,,,,,,,,,,,,,,
ad_memory_r1,synthetic,6,0.5026416906820365,0.5,0.6449960598896769,0.8093179634966379,0.8093179634966379,0.5874159462055716,0.36743515850144093,0.19020172910662825,0.06147934678194044,0.866954851104707,0.5874159462055716,0.7276657060518732,0.36743515850144093,0.5912584053794429,0.19020172910662825,0.48366954851104704,0.06147934678194044,0.3808837656099904,,,,,,,,,,,,,,,,,,,,,,,,,,,,
ad_memory_r1,synthetic,7,0.45690956497872925,0.42857142857142855,0.5905667144906743,0.8218059558117194,0.8218059558117194,0.5970220941402498,0.2377521613832853,0.10999039385206533,0.026897214217098942,0.866954851104707,0.5970220941402498,0.7276657060518732,0.4048991354466859,0.5912584053794429,0.2377521613832853,0.48366954851104704,0.10999039385206533,0.3808837656099904,0.026897214217098942,0.29923150816522576,,,,,,,,,,,,,,,,,,,,,,,,,,
ad_memory_r1,synthetic,8,0.421649855907781,0.375,0.5565318302387268,0.824687800192123,0.824687800192123,0.4356388088376561,0.26945244956772335,0.056195965417867436,0.012487992315081652,0.866954851104707,0.6263208453410183,0.7276657060518732,0.4356388088376561,0.5912584053794429,0.26945244956772335,0.48366954851104704,0.1484149855907781,0.3808837656099904,0.056195965417867436,0.29923150816522576,0.012487992315081652,0.23535062439961577,,,,,,,,,,,,,,,,,,,,,,,,
ad_memory_r1,synthetic,9,0.3921443056889743,0.3333333333333333,0.526602364654636,0.8309317963496637,0.8309317963496637,0.4610951008645533,0.17579250720461095,0.03121998078770413,0.009125840537944284,0.866954851104707,0.633525456292027,0.7276657060518732,0.4610951008645533,0.5912584053794429,0.3045148895292987,0.48366954851104704,0.17579250720461095,0.3808837656099904,0.08309317963496637,0.29923150816522576,0.03121998078770413,0.23535062439961577,0.009125840537944284,0.1786743515850144,,,,,,,,,,,,,,,,,,,,,,
ad_memory_r1,synthetic,10,0.3636887608069164,0.3,0.4904260056404928,0.8323727185398655,0.8323727185398655,0.47406340057636887,0.19596541786743515,0.0446685878962536,0.002881844380403458,0.866954851104707,0.6455331412103746,0.7276657060518732,0.47406340057636887,0.5912584053794429,0.31892411143131605,0.48366954851104704,0.19596541786743515,0.3808837656099904,0.10902977905859751,0.29923150816522576,0.0446685878962536,0.23535062439961577,0.013448607108549471,0.1786743515850144,0.002881844380403458,0.13256484149855907,,,,,,,,,,,,,,,,,,,,
ad_memory_r1,synthetic,11,0.3428084883416295,0.2727272727272727,0.4732521936031701,0.8362151777137368,0.6618635926993276,0.33861671469740634,0.1292026897214217,0.026897214217098942,0.001440922190201729,0.866954851104707,0.6618635926993276,0.7276657060518732,0.4884726224783862,0.5912584053794429,0.33861671469740634,0.48366954851104704,0.212776176753122,0.3808837656099904,0.1292026897214217,0.29923150816522576,0.06484149855907781,0.23535062439961577,0.026897214217098942,0.1786743515850144,0.010566762728146013,0.13256484149855907,0.001440922190201729,0.1042267050912584,,,,,,,,,,,,,,,,,,
ad_memory_r1,synthetic,12,0.32204610951008644,0.25,0.4481390257252326,0.8386167146974063,0.6637848222862632,0.35350624399615754,0.07540826128722382,0.01585014409221902,0.0004803073967339097,0.866954851104707,0.6637848222862632,0.7276657060518732,0.4966378482228626,0.5912584053794429,0.35350624399615754,0.48366954851104704,0.23631123919308358,0.3808837656099904,0.14217098943323728,0.29923150816522576,0.07540826128722382,0.23535062439961577,0.03842459173871278,0.1786743515850144,0.01585014409221902,0.13256484149855907,0.0033621517771373678,0.1042267050912584,0.0004803073967339097,0.08261287223823247,,,,,,,,,,,,,,,,
ad_memory_r1,synthetic,13,0.304256262469519,0.3076923076923077,0.428249037568034,0.8410182516810759,0.6681075888568684,0.24399615754082613,0.0888568683957733,0.008645533141210375,0.0009606147934678194,0.866954851104707,0.6681075888568684,0.7276657060518732,0.5067243035542748,0.5912584053794429,0.36935638808837656,0.48366954851104704,0.24399615754082613,0.3808837656099904,0.15321805955811718,0.29923150816522576,0.0888568683957733,0.23535062439961577,0.04707012487992315,0.1786743515850144,0.024495677233429394,0.13256484149855907,0.008645533141210375,0.1042267050912584,0.002881844380403458,0.08261287223823247,0.0009606147934678194,0.06484149855907781,,,,,,,,,,,,,,
ad_memory_r1,synthetic,14,0.2868807465349252,0.2857142857142857,0.4082533091097846,0.8448607108549472,0.6690682036503363,0.2521613832853026,0.052833813640730067,0.005283381364073006,0.0004803073967339097,0.866954851104707,0.6690682036503363,0.7276657060518732,0.5168107588856868,0.5912584053794429,0.3794428434197887,0.48366954851104704,0.2521613832853026,0.3808837656099904,0.1628242074927954,0.29923150816522576,0.09173871277617675,0.23535062439961577,0.052833813640730067,0.1786743515850144,0.027377521613832854,0.13256484149855907,0.012487992315081652,0.1042267050912584,0.005283381364073006,0.08261287223823247,0.0009606147934678194,0.06484149855907781,0.0004803073967339097,0.05139289145052834,,,,,,,,,,,,
ad_memory_r1,synthetic,15,0.2727505603586295,0.26666666666666666,0.3908526542506018,0.8467819404418828,0.6733909702209414,0.26512968299711814,0.05859750240153699,0.0067243035542747355,0.0,0.866954851104707,0.6733909702209414,0.7276657060518732,0.5182516810758886,0.5912584053794429,0.388568683957733,0.48366954851104704,0.26512968299711814,0.3808837656099904,0.17146974063400577,0.29923150816522576,0.10470701248799232,0.23535062439961577,0.05859750240153699,0.1786743515850144,0.03554274735830932,0.13256484149855907,0.018731988472622477,0.1042267050912584,0.0067243035542747355,0.08261287223823247,0.0019212295869356388,0.06484149855907781,0.001440922190201729,0.05139289145052834,0.0,0.03554274735830932,,,,,,,,,,
ad_memory_r1,synthetic,16,0.25906580211335256,0.25,0.37316405277570325,0.8520653218059558,0.5235350624399616,0.1781940441882805,0.040345821325648415,0.002881844380403458,0.0004803073967339097,0.866954851104707,0.6815561959654178,0.7276657060518732,0.5235350624399616,0.5912584053794429,0.3914505283381364,0.48366954851104704,0.2680115273775216,0.3808837656099904,0.1781940441882805,0.29923150816522576,0.10710854947166186,0.23535062439961577,0.06676272814601344,0.1786743515850144,0.040345821325648415,0.13256484149855907,0.021133525456292025,0.1042267050912584,0.009606147934678195,0.08261287223823247,0.002881844380403458,0.06484149855907781,0.001440922190201729,0.05139289145052834,0.0004803073967339097,0.03554274735830932,0.0004803073967339097,0.029779058597502402,,,,,,,,
ad_memory_r1,synthetic,17,0.24699101542634344,0.23529411764705882,0.35513447432762835,0.8482228626320846,0.5278578290105668,0.1930835734870317,0.025456292026897216,0.0004803073967339097,0.0,0.866954851104707,0.6796349663784822,0.7276657060518732,0.5278578290105668,0.5912584053794429,0.4010566762728146,0.48366954851104704,0.27953890489913547,0.3808837656099904,0.1930835734870317,0.29923150816522576,0.11623439000960614,0.23535062439961577,0.07156580211335255,0.1786743515850144,0.039865513928914506,0.13256484149855907,0.025456292026897216,0.1042267050912584,0.012007684918347743,0.08261287223823247,0.0033621517771373678,0.06484149855907781,0.0004803073967339097,0.05139289145052834,0.0004803073967339097,0.03554274735830932,0.0,0.029779058597502402,0.0,0.025456292026897216,,,,,,
ad_memory_r1,synthetic,18,0.23623118796029458,0.2222222222222222,0.34636669874879694,0.8482228626320846,0.5326609029779059,0.12584053794428435,0.02881844380403458,0.0009606147934678194,0.0,0.866954851104707,0.6844380403458213,0.7276657060518732,0.5326609029779059,0.5912584053794429,0.40297790585975024,0.48366954851104704,0.28338136407300674,0.3808837656099904,0.19692603266090297,0.29923150816522576,0.12584053794428435,0.23535062439961577,0.07732949087415947,0.1786743515850144,0.04610951008645533,0.13256484149855907,0.02881844380403458,0.1042267050912584,0.01440922190201729,0.08261287223823247,0.007204610951008645,0.06484149855907781,0.0024015369836695487,0.05139289145052834,0.0009606147934678194,0.03554274735830932,0.0004803073967339097,0.029779058597502402,0.0,0.025456292026897216,0.0,0.0196926032660903,,,,
ad_memory_r1,synthetic,19,0.2267556499317458,0.21052631578947367,0.3349491605580516,0.8506243996157541,0.5365033621517772,0.12776176753121998,0.01825168107588857,0.0,0.0,0.866954851104707,0.6844380403458213,0.7276657060518732,0.5365033621517772,0.5912584053794429,0.4053794428434198,0.48366954851104704,0.2929875120076849,0.3808837656099904,0.20557156580211336,0.29923150816522576,0.12776176753121998,0.23535062439961577,0.08213256484149856,0.1786743515850144,0.053794428434197884,0.13256484149855907,0.03602305475504323,0.1042267050912584,0.01825168107588857,0.08261287223823247,0.009606147934678195,0.06484149855907781,0.004322766570605188,0.05139289145052834,0.0009606147934678194,0.03554274735830932,0.0,0.029779058597502402,0.0,0.025456292026897216,0.0,0.0196926032660903,0.0,0.014889529298751201,,
ad_memory_r1,synthetic,20,0.21702689721421708,0.2,0.3211320313413636,0.8520653218059558,0.537463976945245,0.1340057636887608,0.021613832853025938,0.0009606147934678194,0.0,0.866954851104707,0.6906820365033621,0.7276657060518732,0.537463976945245,0.5912584053794429,0.4125840537944284,0.48366954851104704,0.29394812680115273,0.3808837656099904,0.20317002881844382,0.29923150816522576,0.1340057636887608,0.23535062439961577,0.08837656099903939,0.1786743515850144,0.05715658021133525,0.13256484149855907,0.034101825168107586,0.1042267050912584,0.021613832853025938,0.08261287223823247,0.009606147934678195,0.06484149855907781,0.002881844380403458,0.05139289145052834,0.001440922190201729,0.03554274735830932,0.0009606147934678194,0.029779058597502402,0.0004803073967339097,0.025456292026897216,0.0,0.0196926032660903,0.0,0.014889529298751201,0.0,0.012007684918347743
ad_memoryless_r2,synthetic,2,0.519853236831524,0.5,0.07561255742725881,0.03970647366304785,1.0,1.0,0.03970647366304785,0.03970647366304785,0.03970647366304785,0.07458785685564938,,,,,,,,,,,,,,,,,,,,,,,,,,,,,,,,,,,,
ad_memoryless_r2,synthetic,3,0.3517624983246214,0.3333333333333333,0.05472496473906911,0.05287494973864093,1.0,0.05287494973864093,0.05287494973864093,0.0024125452352231603,0.0024125452352231603,0.07458785685564938,0.0024125452352231603,0.009650180940892641,,,,,,,,,,,,,,,,,,,,,,,,,,,,,,,,,,
ad_memoryless_r2,synthetic,4,0.26548049859268197,0.25,0.041640457919235124,0.056594290309609975,1.0,0.056594290309609975,0.004624045034177724,0.0007036590269400884,0.0007036590269400884,0.07458785685564938,0.004624045034177724,0.009650180940892641,0.0007036590269400884,0.002513067953357459,,,,,,,,,,,,,,,,,,,,,,,,,,,,,,,,
ad_memoryless_r2,synthetic,5,0.21355046240450343,0.2,0.03310636299600845,0.06162042621632489,1.0,0.06162042621632489,0.005729794933655006,0.0004020908725371934,0.0,0.07458785685564938,0.005729794933655006,0.009650180940892641,0.0004020908725371934,0.002513067953357459,0.0,0.0009047044632086852,,,,,,,,,,,,,,,,,,,,,,,,,,,,,,
ad_memoryless_r2,synthetic,6,0.1784445784747353,0.16666666666666666,0.0284520718076098,0.06322878970647366,0.06322878970647366,0.0065339766787293925,0.0008041817450743868,0.00010052271813429835,0.0,0.07458785685564938,0.0065339766787293925,0.009650180940892641,0.0008041817450743868,0.002513067953357459,0.00010052271813429835,0.0009047044632086852,0.0,0.00030156815440289503,,,,,,,,,,,,,,,,,,,,,,,,,,,,
ad_memoryless_r2,synthetic,7,0.1531966224366707,0.14285714285714285,0.025082146768893757,0.06403297145154804,0.06403297145154804,0.0065339766787293925,0.00030156815440289503,0.0002010454362685967,0.0,0.07458785685564938,0.0065339766787293925,0.009650180940892641,0.0013067953357458785,0.002513067953357459,0.00030156815440289503,0.0009047044632086852,0.0002010454362685967,0.00030156815440289503,0.0,0.0,,,,,,,,,,,,,,,,,,,,,,,,,,
ad_memoryless_r2,synthetic,8,0.1344114394853237,0.125,0.024184055644729804,0.0664455166867712,0.0664455166867712,0.0010052271813429834,0.00030156815440289503,0.0,0.0,0.07458785685564938,0.007438681141938078,0.009650180940892641,0.0010052271813429834,0.002513067953357459,0.00030156815440289503,0.0009047044632086852,0.00010052271813429835,0.00030156815440289503,0.0,0.0,0.0,0.0,,,,,,,,,,,,,,,,,,,,,,,,
ad_memoryless_r2,synthetic,9,0.1194991734798731,0.1111111111111111,0.02000421141292904,0.0667470848411741,0.0667470848411741,0.0011057498994772818,0.00010052271813429835,0.0,0.0,0.07458785685564938,0.007338158423803779,0.009650180940892641,0.0011057498994772818,0.002513067953357459,0.0002010454362685967,0.0009047044632086852,0.00010052271813429835,0.00030156815440289503,0.0,0.0,0.0,0.0,0.0,0.0,,,,,,,,,,,,,,,,,,,,,,
ad_memoryless_r2,synthetic,10,0.10775030156815439,0.1,0.018783727687837277,0.06805388017691999,0.06805388017691999,0.0012062726176115801,0.00010052271813429835,0.0,0.0,0.07458785685564938,0.007840772014475271,0.009650180940892641,0.0012062726176115801,0.002513067953357459,0.00030156815440289503,0.0009047044632086852,0.00010052271813429835,0.00030156815440289503,0.0,0.0,0.0,0.0,0.0,0.0,0.0,0.0,,,,,,,,,,,,,,,,,,,,
ad_memoryless_r2,synthetic,11,0.09804620389662609,0.09090909090909091,0.016646115906288533,0.06825492561318858,0.008142340168878166,0.0004020908725371934,0.0,0.0,0.0,0.07458785685564938,0.008142340168878166,0.009650180940892641,0.0015078407720144752,0.002513067953357459,0.0004020908725371934,0.0009047044632086852,0.0002010454362685967,0.00030156815440289503,0.0,0.0,0.0,0.0,0.0,0.0,0.0,0.0,0.0,0.0,,,,,,,,,,,,,,,,,,
ad_memoryless_r2,synthetic,12,0.08990919447795202,0.08333333333333333,0.01580020387359837,0.06885806192199437,0.008142340168878166,0.0005026135906714917,0.0,0.0,0.0,0.07458785685564938,0.008142340168878166,0.009650180940892641,0.0012062726176115801,0.002513067953357459,0.0005026135906714917,0.0009047044632086852,0.0002010454362685967,0.00030156815440289503,0.0,0.0,0.0,0.0,0.0,0.0,0.0,0.0,0.0,0.0,0.0,0.0,,,,,,,,,,,,,,,,
ad_memoryless_r2,synthetic,13,0.08309362531316694,0.07692307692307693,0.015154576682158012,0.06956172094893445,0.008644953759549658,0.0002010454362685967,0.0,0.0,0.0,0.07458785685564938,0.008644953759549658,0.009650180940892641,0.0015078407720144752,0.002513067953357459,0.00030156815440289503,0.0009047044632086852,0.0002010454362685967,0.00030156815440289503,0.0,0.0,0.0,0.0,0.0,0.0,0.0,0.0,0.0,0.0,0.0,0.0,0.0,0.0,,,,,,,,,,,,,,
ad_memoryless_r2,synthetic,14,0.07710092480900683,0.07142857142857142,0.013053519429661613,0.06895858464012868,0.008142340168878166,0.0002010454362685967,0.0,0.0,0.0,0.07458785685564938,0.008142340168878166,0.009650180940892641,0.0015078407720144752,0.002513067953357459,0.0006031363088057901,0.0009047044632086852,0.0002010454362685967,0.00030156815440289503,0.0,0.0,0.0,0.0,0.0,0.0,0.0,0.0,0.0,0.0,0.0,0.0,0.0,0.0,0.0,0.0,,,,,,,,,,,,
ad_memoryless_r2,synthetic,15,0.07202787830049591,0.06666666666666667,0.012277899780395288,0.07006433453960595,0.008343385605146763,0.0002010454362685967,0.0,0.0,0.0,0.07458785685564938,0.008343385605146763,0.009650180940892641,0.0013067953357458785,0.002513067953357459,0.0005026135906714917,0.0009047044632086852,0.0002010454362685967,0.00030156815440289503,0.0,0.0,0.0,0.0,0.0,0.0,0.0,0.0,0.0,0.0,0.0,0.0,0.0,0.0,0.0,0.0,0.0,0.0,,,,,,,,,,
ad_memoryless_r2,synthetic,16,0.06756383192601528,0.0625,0.011328629633310145,0.07036590269400884,0.0016083634901487736,0.0,0.0,0.0,0.0,0.07458785685564938,0.008343385605146763,0.009650180940892641,0.0016083634901487736,0.002513067953357459,0.0005026135906714917,0.0009047044632086852,0.0002010454362685967,0.00030156815440289503,0.0,0.0,0.0,0.0,0.0,0.0,0.0,0.0,0.0,0.0,0.0,0.0,0.0,0.0,0.0,0.0,0.0,0.0,0.0,0.0,,,,,,,,
ad_memoryless_r2,synthetic,17,0.06360131507367725,0.058823529411764705,0.010967295721766624,0.07046642541214314,0.001708886208283072,0.0,0.0,0.0,0.0,0.07458785685564938,0.008343385605146763,0.009650180940892641,0.001708886208283072,0.002513067953357459,0.0005026135906714917,0.0009047044632086852,0.0002010454362685967,0.00030156815440289503,0.0,0.0,0.0,0.0,0.0,0.0,0.0,0.0,0.0,0.0,0.0,0.0,0.0,0.0,0.0,0.0,0.0,0.0,0.0,0.0,0.0,0.0,,,,,,
ad_memoryless_r2,synthetic,18,0.0600958316579547,0.05555555555555555,0.010840642554449591,0.07127060715721753,0.0015078407720144752,0.0,0.0,0.0,0.0,0.07458785685564938,0.008242862887012465,0.009650180940892641,0.0015078407720144752,0.002513067953357459,0.0005026135906714917,0.0009047044632086852,0.0002010454362685967,0.00030156815440289503,0.0,0.0,0.0,0.0,0.0,0.0,0.0,0.0,0.0,0.0,0.0,0.0,0.0,0.0,0.0,0.0,0.0,0.0,0.0,0.0,0.0,0.0,0.0,0.0,,,,
ad_memoryless_r2,synthetic,19,0.05700696252089815,0.05263157894736842,0.010095070077428207,0.07157217531162043,0.002010454362685967,0.0,0.0,0.0,0.0,0.07458785685564938,0.008644953759549658,0.009650180940892641,0.002010454362685967,0.002513067953357459,0.0006031363088057901,0.0009047044632086852,0.00030156815440289503,0.00030156815440289503,0.0,0.0,0.0,0.0,0.0,0.0,0.0,0.0,0.0,0.0,0.0,0.0,0.0,0.0,0.0,0.0,0.0,0.0,0.0,0.0,0.0,0.0,0.0,0.0,0.0,0.0,,
ad_memoryless_r2,synthetic,20,0.05414656212303981,0.05,0.00987099296325254,0.07157217531162043,0.0021109770808202654,0.0,0.0,0.0,0.0,0.07458785685564938,0.008644953759549658,0.009650180940892641,0.0021109770808202654,0.002513067953357459,0.0004020908725371934,0.0009047044632086852,0.0002010454362685967,0.00030156815440289503,0.0,0.0,0.0,0.0,0.0,0.0,0.0,0.0,0.0,0.0,0.0,0.0,0.0,0.0,0.0,0.0,0.0,0.0,0.0,0.0,0.0,0.0,0.0,0.0,0.0,0.0,0.0,0.0
ad_memory_r2,synthetic,2,0.8081854043392505,1.0,0.8986340762041697,0.616370808678501,1.0,1.0,0.616370808678501,0.616370808678501,0.616370808678501,0.863905325443787,,,,,,,,,,,,,,,,,,,,,,,,,,,,,,,,,,,,
ad_memory_r2,synthetic,3,0.6919789612097303,0.6666666666666666,0.8117878192534381,0.715483234714004,1.0,0.715483234714004,0.715483234714004,0.3604536489151874,0.3604536489151874,0.863905325443787,0.3604536489151874,0.7149901380670611,,,,,,,,,,,,,,,,,,,,,,,,,,,,,,,,,,
ad_memory_r2,synthetic,4,0.6103303747534516,0.5,0.7391554151106005,0.7603550295857988,1.0,0.7603550295857988,0.48668639053254437,0.1942800788954635,0.1942800788954635,0.863905325443787,0.48668639053254437,0.7149901380670611,0.1942800788954635,0.5793885601577909,,,,,,,,,,,,,,,,,,,,,,,,,,,,,,,,
ad_memory_r2,synthetic,5,0.546844181459566,0.6,0.6808209483368719,0.7825443786982249,1.0,0.7825443786982249,0.5463510848126233,0.2953648915187377,0.10996055226824458,0.863905325443787,0.5463510848126233,0.7149901380670611,0.2953648915187377,0.5793885601577909,0.10996055226824458,0.47583826429980275,,,,,,,,,,,,,,,,,,,,,,,,,,,,,,
ad_memory_r2,synthetic,6,0.4930966469428008,0.5,0.6241443683883012,0.7938856015779092,0.7938856015779092,0.5754437869822485,0.363905325443787,0.1760355029585799,0.04930966469428008,0.863905325443787,0.5754437869822485,0.7149901380670611,0.363905325443787,0.5793885601577909,0.1760355029585799,0.47583826429980275,0.04930966469428008,0.3777120315581854,,,,,,,,,,,,,,,,,,,,,,,,,,,,
ad_memory_r2,synthetic,7,0.453367145674838,0.42857142857142855,0.5891227416651146,0.8057199211045365,0.8057199211045365,0.6020710059171598,0.22386587771203156,0.10059171597633136,0.027120315581854043,0.863905325443787,0.6020710059171598,0.7149901380670611,0.41420118343195267,0.5793885601577909,0.22386587771203156,0.47583826429980275,0.10059171597633136,0.3777120315581854,0.027120315581854043,0.2963510848126233,,,,,,,,,,,,,,,,,,,,,,,,,,
ad_memory_r2,synthetic,8,0.4154955621301775,0.375,0.5457380457380457,0.8141025641025641,0.8141025641025641,0.4368836291913215,0.2603550295857988,0.05226824457593689,0.016765285996055226,0.863905325443787,0.6158777120315582,0.7149901380670611,0.4368836291913215,0.5793885601577909,0.2603550295857988,0.47583826429980275,0.12771203155818542,0.3777120315581854,0.05226824457593689,0.2963510848126233,0.016765285996055226,0.21351084812623275,,,,,,,,,,,,,,,,,,,,,,,,
ad_memory_r2,synthetic,9,0.38538242384396226,0.3333333333333333,0.5172020218490135,0.8244575936883629,0.8244575936883629,0.4536489151873767,0.15877712031558186,0.029092702169625246,0.008382642998027613,0.863905325443787,0.6296844181459567,0.7149901380670611,0.4536489151873767,0.5793885601577909,0.29240631163708086,0.47583826429980275,0.15877712031558186,0.3777120315581854,0.07199211045364892,0.2963510848126233,0.029092702169625246,0.21351084812623275,0.008382642998027613,0.15927021696252466,,,,,,,,,,,,,,,,,,,,,,
ad_memory_r2,synthetic,10,0.358974358974359,0.3,0.48642779587404994,0.8234714003944773,0.8234714003944773,0.4718934911242604,0.1799802761341223,0.03944773175542406,0.0039447731755424065,0.863905325443787,0.6425049309664694,0.7149901380670611,0.4718934911242604,0.5793885601577909,0.3145956607495069,0.47583826429980275,0.1799802761341223,0.3777120315581854,0.09516765285996055,0.2963510848126233,0.03944773175542406,0.21351084812623275,0.01873767258382643,0.15927021696252466,0.0039447731755424065,0.11932938856015779,,,,,,,,,,,,,,,,,,,,
ad_memory_r2,synthetic,11,0.3360677783754707,0.2727272727272727,0.46135517498138495,0.8284023668639053,0.6489151873767258,0.3348126232741617,0.10207100591715976,0.02465483234714004,0.004437869822485207,0.863905325443787,0.6489151873767258,0.7149901380670611,0.480276134122288,0.5793885601577909,0.3348126232741617,0.47583826429980275,0.20759368836291914,0.3777120315581854,0.10207100591715976,0.2963510848126233,0.054240631163708086,0.21351084812623275,0.02465483234714004,0.15927021696252466,0.011341222879684419,0.11932938856015779,0.004437869822485207,0.09122287968441814,,,,,,,,,,,,,,,,,,
ad_memory_r2,synthetic,12,0.3150887573964497,0.25,0.4370038966661856,0.8313609467455622,0.6553254437869822,0.34467455621301774,0.0621301775147929,0.01873767258382643,0.0009861932938856016,0.863905325443787,0.6553254437869822,0.7149901380670611,0.4881656804733728,0.5793885601577909,0.34467455621301774,0.47583826429980275,0.21893491124260356,0.3777120315581854,0.1203155818540434,0.2963510848126233,0.0621301775147929,0.21351084812623275,0.03254437869822485,0.15927021696252466,0.01873767258382643,0.11932938856015779,0.007889546351084813,0.09122287968441814,0.0009861932938856016,0.07149901380670612,,,,,,,,,,,,,,,,
ad_memory_r2,synthetic,13,0.2965028068578364,0.23076923076923078,0.41167391609372805,0.834319526627219,0.653353057199211,0.23126232741617356,0.07248520710059171,0.010355029585798817,0.0014792899408284023,0.863905325443787,0.653353057199211,0.7149901380670611,0.4990138067061144,0.5793885601577909,0.35601577909270216,0.47583826429980275,0.23126232741617356,0.3777120315581854,0.13708086785009863,0.2963510848126233,0.07248520710059171,0.21351084812623275,0.03353057199211045,0.15927021696252466,0.020710059171597635,0.11932938856015779,0.010355029585798817,0.09122287968441814,0.004930966469428008,0.07149901380670612,0.0014792899408284023,0.05917159763313609,,,,,,,,,,,,,,
ad_memory_r2,synthetic,14,0.28141730064806986,0.2857142857142857,0.39485504287464274,0.8323471400394478,0.6612426035502958,0.24260355029585798,0.04437869822485207,0.0073964497041420114,0.0004930966469428008,0.863905325443787,0.6612426035502958,0.7149901380670611,0.502465483234714,0.5793885601577909,0.3693293885601578,0.47583826429980275,0.24260355029585798,0.3777120315581854,0.14990138067061143,0.2963510848126233,0.08579881656804733,0.21351084812623275,0.04437869822485207,0.15927021696252466,0.027120315581854043,0.11932938856015779,0.015285996055226824,0.09122287968441814,0.0073964497041420114,0.07149901380670612,0.0014792899408284023,0.05917159763313609,0.0004930966469428008,0.04684418145956608,,,,,,,,,,,,
ad_memory_r2,synthetic,15,0.2660749506903353,0.26666666666666666,0.37595190380761523,0.8377712031558185,0.6607495069033531,0.2534516765285996,0.051775147928994084,0.010355029585798817,0.0,0.863905325443787,0.6607495069033531,0.7149901380670611,0.5069033530571992,0.5793885601577909,0.368836291913215,0.47583826429980275,0.2534516765285996,0.3777120315581854,0.14891518737672585,0.2963510848126233,0.09122287968441814,0.21351084812623275,0.051775147928994084,0.15927021696252466,0.034023668639053255,0.11932938856015779,0.02021696252465483,0.09122287968441814,0.010355029585798817,0.07149901380670612,0.005424063116370809,0.05917159763313609,0.0014792899408284023,0.04684418145956608,0.0,0.03944773175542406,,,,,,,,,,
ad_memory_r2,synthetic,16,0.2539447731755424,0.25,0.369499934717326,0.8387573964497042,0.5088757396449705,0.16124260355029585,0.03451676528599606,0.0073964497041420114,0.0,0.863905325443787,0.6750493096646942,0.7149901380670611,0.5088757396449705,0.5793885601577909,0.38560157790927024,0.47583826429980275,0.26577909270216965,0.3777120315581854,0.16124260355029585,0.2963510848126233,0.09171597633136094,0.21351084812623275,0.054240631163708086,0.15927021696252466,0.03451676528599606,0.11932938856015779,0.022682445759368838,0.09122287968441814,0.013806706114398421,0.07149901380670612,0.0073964497041420114,0.05917159763313609,0.002465483234714004,0.04684418145956608,0.0009861932938856016,0.03944773175542406,0.0,0.03205128205128205,,,,,,,,
ad_memory_r2,synthetic,17,0.24277758440654368,0.23529411764705882,0.35496231958104485,0.8431952662721893,0.5202169625246549,0.1760355029585799,0.02465483234714004,0.0039447731755424065,0.0,0.863905325443787,0.6696252465483234,0.7149901380670611,0.5202169625246549,0.5793885601577909,0.3880670611439842,0.47583826429980275,0.27169625246548323,0.3777120315581854,0.1760355029585799,0.2963510848126233,0.10700197238658778,0.21351084812623275,0.058678500986193295,0.15927021696252466,0.03550295857988166,0.11932938856015779,0.02465483234714004,0.09122287968441814,0.016272189349112426,0.07149901380670612,0.009861932938856016,0.05917159763313609,0.0039447731755424065,0.04684418145956608,0.0019723865877712033,0.03944773175542406,0.0004930966469428008,0.03205128205128205,0.0,0.026627218934911243,,,,,,
ad_memory_r2,synthetic,18,0.2314266929651545,0.2222222222222222,0.3416203937405351,0.8431952662721893,0.519723865877712,0.10650887573964497,0.026627218934911243,0.0029585798816568047,0.0,0.863905325443787,0.6755424063116371,0.7149901380670611,0.519723865877712,0.5793885601577909,0.39349112426035504,0.47583826429980275,0.27268244575936884,0.3777120315581854,0.1765285996055227,0.2963510848126233,0.10650887573964497,0.21351084812623275,0.0695266272189349,0.15927021696252466,0.03944773175542406,0.11932938856015779,0.026627218934911243,0.09122287968441814,0.01873767258382643,0.07149901380670612,0.011834319526627219,0.05917159763313609,0.006903353057199211,0.04684418145956608,0.0029585798816568047,0.03944773175542406,0.0014792899408284023,0.03205128205128205,0.0004930966469428008,0.026627218934911243,0.0,0.02514792899408284,,,,
ad_memory_r2,synthetic,19,0.2212187272916018,0.21052631578947367,0.3262384864326612,0.841715976331361,0.527120315581854,0.11193293885601578,0.01775147928994083,0.0014792899408284023,0.0,0.863905325443787,0.6794871794871795,0.7149901380670611,0.527120315581854,0.5793885601577909,0.39447731755424065,0.47583826429980275,0.2864891518737673,0.3777120315581854,0.1849112426035503,0.2963510848126233,0.11193293885601578,0.21351084812623275,0.0626232741617357,0.15927021696252466,0.040927021696252466,0.11932938856015779,0.029585798816568046,0.09122287968441814,0.01775147928994083,0.07149901380670612,0.013313609467455622,0.05917159763313609,0.006903353057199211,0.04684418145956608,0.0034516765285996054,0.03944773175542406,0.0014792899408284023,0.03205128205128205,0.0009861932938856016,0.026627218934911243,0.0,0.02514792899408284,0.0,0.020710059171597635,,
ad_memory_r2,synthetic,20,0.21294378698224853,0.2,0.3156670746634027,0.8436883629191322,0.5305719921104537,0.11439842209072978,0.023175542406311637,0.0029585798816568047,0.0,0.863905325443787,0.6809664694280079,0.7149901380670611,0.5305719921104537,0.5793885601577909,0.40335305719921105,0.47583826429980275,0.28895463510848124,0.3777120315581854,0.1908284023668639,0.2963510848126233,0.11439842209072978,0.21351084812623275,0.07001972386587771,0.15927021696252466,0.048323471400394474,0.11932938856015779,0.03155818540433925,0.09122287968441814,0.023175542406311637,0.07149901380670612,0.015285996055226824,0.05917159763313609,0.007889546351084813,0.04684418145956608,0.004437869822485207,0.03944773175542406,0.0029585798816568047,0.03205128205128205,0.0014792899408284023,0.026627218934911243,0.0004930966469428008,0.02514792899408284,0.0004930966469428008,0.020710059171597635,0.0,0.016765285996055226
