model,case_id,group_id,strategy,condition,coverage,generations,sd,iqr,mean_rho2
qwen36-27b_nothink,activity__n1500__f0__beta1|event_sample_then_full_history|ss0|b9600,activity::n1500::f0,event_sample_then_full_history,direction_only,0.1413924259963618,3,0.08407139822793482,0.08100000000000007,0.5660000000000001
qwen36-27b_nothink,activity__n1500__f0__beta1|event_sample_then_full_history|ss0|b9600,activity::n1500::f0,event_sample_then_full_history,hidden,0.1413924259963618,4,0.20339512244233718,0.120425,0.779775
qwen36-27b_nothink,activity__n1500__f0__beta1|event_sample_then_full_history|ss0|b9600,activity::n1500::f0,event_sample_then_full_history,mechanism,0.1413924259963618,3,0.0650640709864771,0.06499999999999995,0.5233333333333333
qwen36-27b_nothink,activity__n1500__f0__beta1|event_sample_then_full_history|ss0|b9600,activity::n1500::f0,event_sample_then_full_history,mechanism_direction,0.1413924259963618,4,0.019451392409456633,0.014449999999999963,0.51485
qwen36-27b_nothink,activity__n1500__f0__beta1|event_sample_then_full_history|ss0|b9600,activity::n1500::f0,event_sample_then_full_history,mismatched,0.1413924259963618,3,0.08386497083606084,0.07500000000000007,0.9466666666666667
qwen36-27b_nothink,activity__n1500__f0__beta1|node_panel_full_history|ss0|b2500,activity::n1500::f0,node_panel_full_history,direction_only,0.0924425334876798,4,0.013015887727440377,0.008999999999999897,0.5712
qwen36-27b_nothink,activity__n1500__f0__beta1|node_panel_full_history|ss0|b2500,activity::n1500::f0,node_panel_full_history,hidden,0.0924425334876798,3,0.16919515359489468,0.15550000000000003,0.47100000000000003
qwen36-27b_nothink,activity__n1500__f0__beta1|node_panel_full_history|ss0|b2500,activity::n1500::f0,node_panel_full_history,mechanism,0.0924425334876798,4,0.15442703508993064,0.08087500000000003,0.663425
qwen36-27b_nothink,activity__n1500__f0__beta1|node_panel_full_history|ss0|b2500,activity::n1500::f0,node_panel_full_history,mechanism_direction,0.0924425334876798,3,0.0013999999999999727,0.0012999999999999678,0.5865
qwen36-27b_nothink,activity__n1500__f0__beta1|recent_history_k20|ws0|b800,activity::n1500::f0,recent_history_k20,direction_only,0.0768976351910038,4,0.056747246629241854,0.06975,0.22025
qwen36-27b_nothink,activity__n1500__f0__beta1|recent_history_k20|ws0|b800,activity::n1500::f0,recent_history_k20,hidden,0.0768976351910038,3,0.04527320767665279,0.03964999999999999,0.09823333333333334
qwen36-27b_nothink,activity__n1500__f0__beta1|recent_history_k20|ws0|b800,activity::n1500::f0,recent_history_k20,mechanism,0.0768976351910038,4,0.17795130420052185,0.175,0.25
qwen36-27b_nothink,activity__n1500__f0__beta1|recent_history_k20|ws0|b800,activity::n1500::f0,recent_history_k20,mechanism_direction,0.0768976351910038,3,0.02886751345948128,0.025000000000000022,0.26666666666666666
qwen36-27b_nothink,activity__n1500__f0__beta1|time_agnostic_t|ws0|b800,activity::n1500::f0,time_agnostic_t,direction_only,0.1073259467504547,4,0.09251126057585278,0.0925,0.18250000000000002
qwen36-27b_nothink,activity__n1500__f0__beta1|time_agnostic_t|ws0|b800,activity::n1500::f0,time_agnostic_t,hidden,0.1073259467504547,3,0.0024826061575153897,0.002149999999999999,0.08153333333333333
qwen36-27b_nothink,activity__n1500__f0__beta1|time_agnostic_t|ws0|b800,activity::n1500::f0,time_agnostic_t,mechanism,0.1073259467504547,4,0.08594717369795626,0.09425000000000006,0.63975
qwen36-27b_nothink,activity__n1500__f0__beta1|time_agnostic_t|ws0|b800,activity::n1500::f0,time_agnostic_t,mechanism_direction,0.1073259467504547,3,0.14181203522033428,0.14070000000000005,0.6804666666666668
qwen36-27b_nothink,activity__n1500__f0__beta1|time_agnostic_t|ws0|b800,activity::n1500::f0,time_agnostic_t,metadata_only,0.1073259467504547,4,0.12622730819174327,0.18000000000000005,0.38
qwen36-27b_nothink,activity__n1500__f0__beta1|time_agnostic_t|ws0|b800,activity::n1500::f0,time_agnostic_t,mismatched,0.1073259467504547,3,0.004821825380496478,0.004499999999999997,0.038500000000000006
qwen36-27b_nothink,activity__n1500__f0__beta1|time_respecting|ws0|b800,activity::n1500::f0,time_respecting,direction_only,0.0764015214155779,4,0.03947573094109005,0.05750000000000002,0.1675
qwen36-27b_nothink,activity__n1500__f0__beta1|time_respecting|ws0|b800,activity::n1500::f0,time_respecting,hidden,0.0764015214155779,3,0.02661584740964175,0.02305,0.06473333333333334
qwen36-27b_nothink,activity__n1500__f0__beta1|time_respecting|ws0|b800,activity::n1500::f0,time_respecting,mechanism,0.0764015214155779,4,0.0755,0.06925,0.09025
qwen36-27b_nothink,activity__n1500__f0__beta1|time_respecting|ws0|b800,activity::n1500::f0,time_respecting,mechanism_direction,0.0764015214155779,3,0.09067746871926528,0.08305000000000001,0.13796666666666665
qwen36-27b_nothink,activity__n1500__f0__memoryless|event_sample_then_full_history|ss0|b9600,activity::n1500::f0,event_sample_then_full_history,direction_only,0.3375926859117414,4,0.0034,0.0017000000000000001,0.0081
qwen36-27b_nothink,activity__n1500__f0__memoryless|event_sample_then_full_history|ss0|b9600,activity::n1500::f0,event_sample_then_full_history,hidden,0.3375926859117414,3,0.005542562584220407,0.0048000000000000004,0.013
qwen36-27b_nothink,activity__n1500__f0__memoryless|event_sample_then_full_history|ss0|b9600,activity::n1500::f0,event_sample_then_full_history,mechanism,0.3375926859117414,3,0.0,0.0,0.00978
qwen36-27b_nothink,activity__n1500__f0__memoryless|event_sample_then_full_history|ss0|b9600,activity::n1500::f0,event_sample_then_full_history,mechanism_direction,0.3375926859117414,3,1.1547005383792045e-05,9.999999999999593e-06,0.009793333333333333
qwen36-27b_nothink,activity__n1500__f0__memoryless|event_sample_then_full_history|ss0|b9600,activity::n1500::f0,event_sample_then_full_history,mismatched,0.3375926859117414,3,0.0,0.0,1.0
qwen36-27b_nothink,activity__n1500__f0__memoryless|node_panel_full_history|ss0|b2500,activity::n1500::f0,node_panel_full_history,direction_only,0.0866388308977035,3,2.3094010767585092e-05,2.000000000000092e-05,0.009126666666666667
qwen36-27b_nothink,activity__n1500__f0__memoryless|node_panel_full_history|ss0|b2500,activity::n1500::f0,node_panel_full_history,hidden,0.0866388308977035,3,0.2269850623572691,0.19770000000000001,0.13791333333333333
qwen36-27b_nothink,activity__n1500__f0__memoryless|node_panel_full_history|ss0|b2500,activity::n1500::f0,node_panel_full_history,mechanism,0.0866388308977035,3,0.0004618802153517008,0.00040000000000000105,0.008833333333333334
qwen36-27b_nothink,activity__n1500__f0__memoryless|node_panel_full_history|ss0|b2500,activity::n1500::f0,node_panel_full_history,mechanism_direction,0.0866388308977035,3,0.0005150585727209412,0.00045000000000000075,0.008605333333333333
qwen36-27b_nothink,activity__n1500__f0__memoryless|recent_history_k20|ws0|b800,activity::n1500::f0,recent_history_k20,direction_only,0.0236484054423727,3,0.22546248764114474,0.225,0.26666666666666666
qwen36-27b_nothink,activity__n1500__f0__memoryless|recent_history_k20|ws0|b800,activity::n1500::f0,recent_history_k20,hidden,0.0236484054423727,3,0.0002886751345948129,0.00025,0.0013333333333333333
qwen36-27b_nothink,activity__n1500__f0__memoryless|recent_history_k20|ws0|b800,activity::n1500::f0,recent_history_k20,mechanism,0.0236484054423727,3,0.027209067116190026,0.0245,0.018666666666666668
qwen36-27b_nothink,activity__n1500__f0__memoryless|recent_history_k20|ws0|b800,activity::n1500::f0,recent_history_k20,mechanism_direction,0.0236484054423727,3,0.05773502691896258,0.05000000000000002,0.18333333333333335
qwen36-27b_nothink,activity__n1500__f0__memoryless|time_agnostic_t|ws0|b800,activity::n1500::f0,time_agnostic_t,direction_only,0.0276078036138506,3,0.005773502691896258,0.005,0.0033333333333333335
qwen36-27b_nothink,activity__n1500__f0__memoryless|time_agnostic_t|ws0|b800,activity::n1500::f0,time_agnostic_t,hidden,0.0276078036138506,3,0.0,0.0,0.0
qwen36-27b_nothink,activity__n1500__f0__memoryless|time_agnostic_t|ws0|b800,activity::n1500::f0,time_agnostic_t,mechanism,0.0276078036138506,3,0.011547005383792516,0.01,0.006666666666666667
qwen36-27b_nothink,activity__n1500__f0__memoryless|time_agnostic_t|ws0|b800,activity::n1500::f0,time_agnostic_t,mechanism_direction,0.0276078036138506,3,0.13114877048604,0.12999999999999998,0.17
qwen36-27b_nothink,activity__n1500__f0__memoryless|time_agnostic_t|ws0|b800,activity::n1500::f0,time_agnostic_t,metadata_only,0.0276078036138506,3,0.15885003409925139,0.14,0.6333333333333333
qwen36-27b_nothink,activity__n1500__f0__memoryless|time_agnostic_t|ws0|b800,activity::n1500::f0,time_agnostic_t,mismatched,0.0276078036138506,3,0.0,0.0,0.0
qwen36-27b_nothink,activity__n1500__f0__memoryless|time_respecting|ws0|b800,activity::n1500::f0,time_respecting,direction_only,0.0206248650205168,3,0.07937253933193772,0.07500000000000001,0.09000000000000001
qwen36-27b_nothink,activity__n1500__f0__memoryless|time_respecting|ws0|b800,activity::n1500::f0,time_respecting,hidden,0.0206248650205168,3,0.0,0.0,0.0
qwen36-27b_nothink,activity__n1500__f0__memoryless|time_respecting|ws0|b800,activity::n1500::f0,time_respecting,mechanism,0.0206248650205168,3,0.0,0.0,0.0
qwen36-27b_nothink,activity__n1500__f0__memoryless|time_respecting|ws0|b800,activity::n1500::f0,time_respecting,mechanism_direction,0.0206248650205168,3,0.1493318452306808,0.14,0.19000000000000003
qwen36-27b_nothink,activity__n500__f0__beta1|event_sample_then_full_history|ss0|b9600,activity::n500::f0,event_sample_then_full_history,direction_only,0.9640924741760944,3,0.11079861611650813,0.10349999999999998,0.32366666666666666
qwen36-27b_nothink,activity__n500__f0__beta1|event_sample_then_full_history|ss0|b9600,activity::n500::f0,event_sample_then_full_history,hidden,0.9640924741760944,3,0.01656301099840647,0.01650000000000007,0.5866666666666667
qwen36-27b_nothink,activity__n500__f0__beta1|event_sample_then_full_history|ss0|b9600,activity::n500::f0,event_sample_then_full_history,mechanism,0.9640924741760944,3,0.08700766249781298,0.087,0.2623333333333333
qwen36-27b_nothink,activity__n500__f0__beta1|event_sample_then_full_history|ss0|b9600,activity::n500::f0,event_sample_then_full_history,mechanism_direction,0.9640924741760944,3,0.07054785609782907,0.07050000000000001,0.289
qwen36-27b_nothink,activity__n500__f0__beta1|event_sample_then_full_history|ss0|b9600,activity::n500::f0,event_sample_then_full_history,mismatched,0.9640924741760944,3,0.2282571649112757,0.22399999999999998,0.7506666666666666
qwen36-27b_nothink,activity__n500__f0__beta1|node_panel_full_history|ss0|b2500,activity::n500::f0,node_panel_full_history,direction_only,0.2700442695523856,3,0.004980294502670793,0.00495000000000001,0.5656333333333333
qwen36-27b_nothink,activity__n500__f0__beta1|node_panel_full_history|ss0|b2500,activity::n500::f0,node_panel_full_history,hidden,0.2700442695523856,3,0.1943426870247502,0.16910000000000003,0.4496
qwen36-27b_nothink,activity__n500__f0__beta1|node_panel_full_history|ss0|b2500,activity::n500::f0,node_panel_full_history,mechanism,0.2700442695523856,3,0.16169357851607258,0.15289999999999992,0.43926666666666664
qwen36-27b_nothink,activity__n500__f0__beta1|node_panel_full_history|ss0|b2500,activity::n500::f0,node_panel_full_history,mechanism_direction,0.2700442695523856,3,0.0163009202194232,0.014499999999999957,0.5656
qwen36-27b_nothink,activity__n500__f0__beta1|recent_history_k20|ws0|b800,activity::n500::f0,recent_history_k20,direction_only,0.1854402361042794,3,0.07005949852327902,0.0675,0.3216666666666667
qwen36-27b_nothink,activity__n500__f0__beta1|recent_history_k20|ws0|b800,activity::n500::f0,recent_history_k20,hidden,0.1854402361042794,3,0.08088141525303161,0.07100000000000001,0.21786666666666665
qwen36-27b_nothink,activity__n500__f0__beta1|recent_history_k20|ws0|b800,activity::n500::f0,recent_history_k20,mechanism,0.1854402361042794,3,0.0684324484437025,0.06,0.219
qwen36-27b_nothink,activity__n500__f0__beta1|recent_history_k20|ws0|b800,activity::n500::f0,recent_history_k20,mechanism_direction,0.1854402361042794,3,0.0360555127546399,0.03500000000000003,0.41
qwen36-27b_nothink,activity__n500__f0__beta1|time_agnostic_t|ws0|b800,activity::n500::f0,time_agnostic_t,direction_only,0.2710280373831775,3,0.08714769073245716,0.08480000000000004,0.2268
qwen36-27b_nothink,activity__n500__f0__beta1|time_agnostic_t|ws0|b800,activity::n500::f0,time_agnostic_t,hidden,0.2710280373831775,3,0.0,0.0,0.1307
qwen36-27b_nothink,activity__n500__f0__beta1|time_agnostic_t|ws0|b800,activity::n500::f0,time_agnostic_t,mechanism,0.2710280373831775,3,0.31564748269760257,0.31499999999999995,0.42333333333333334
qwen36-27b_nothink,activity__n500__f0__beta1|time_agnostic_t|ws0|b800,activity::n500::f0,time_agnostic_t,mechanism_direction,0.2710280373831775,3,0.35,0.325,0.5499999999999999
qwen36-27b_nothink,activity__n500__f0__beta1|time_agnostic_t|ws0|b800,activity::n500::f0,time_agnostic_t,metadata_only,0.2710280373831775,3,0.33291640592396965,0.32499999999999996,0.4166666666666667
qwen36-27b_nothink,activity__n500__f0__beta1|time_agnostic_t|ws0|b800,activity::n500::f0,time_agnostic_t,mismatched,0.2710280373831775,3,0.0026558112382722744,0.0022999999999999965,0.06706666666666666
qwen36-27b_nothink,activity__n500__f0__beta1|time_respecting|ws0|b800,activity::n500::f0,time_respecting,direction_only,0.1923266109198229,3,0.06870468203356546,0.0595,0.21033333333333334
qwen36-27b_nothink,activity__n500__f0__beta1|time_respecting|ws0|b800,activity::n500::f0,time_respecting,hidden,0.1923266109198229,3,0.001270170592217181,0.0011000000000000176,0.13706666666666667
qwen36-27b_nothink,activity__n500__f0__beta1|time_respecting|ws0|b800,activity::n500::f0,time_respecting,mechanism,0.1923266109198229,3,0.0005773502691896263,0.0005000000000000004,0.06833333333333334
qwen36-27b_nothink,activity__n500__f0__beta1|time_respecting|ws0|b800,activity::n500::f0,time_respecting,mechanism_direction,0.1923266109198229,3,0.10503967504392486,0.10499999999999998,0.25333333333333335
qwen36-27b_nothink,activity__n500__f0__memoryless|event_sample_then_full_history|ss0|b9600,activity::n500::f0,event_sample_then_full_history,direction_only,0.9597435358419172,3,0.0002999999999999999,0.00030000000000000165,0.0207
qwen36-27b_nothink,activity__n500__f0__memoryless|event_sample_then_full_history|ss0|b9600,activity::n500::f0,event_sample_then_full_history,hidden,0.9597435358419172,3,0.011547005383792516,0.010000000000000002,0.034333333333333334
qwen36-27b_nothink,activity__n500__f0__memoryless|event_sample_then_full_history|ss0|b9600,activity::n500::f0,event_sample_then_full_history,mechanism,0.9597435358419172,3,0.0,0.0,0.0207
qwen36-27b_nothink,activity__n500__f0__memoryless|event_sample_then_full_history|ss0|b9600,activity::n500::f0,event_sample_then_full_history,mechanism_direction,0.9597435358419172,3,0.0,0.0,0.0207
qwen36-27b_nothink,activity__n500__f0__memoryless|event_sample_then_full_history|ss0|b9600,activity::n500::f0,event_sample_then_full_history,mismatched,0.9597435358419172,3,0.44814432199162507,0.4,0.38333333333333336
qwen36-27b_nothink,activity__n500__f0__memoryless|node_panel_full_history|ss0|b2500,activity::n500::f0,node_panel_full_history,direction_only,0.2493167963001892,3,0.0001732050807568887,0.0001500000000000043,0.040600000000000004
qwen36-27b_nothink,activity__n500__f0__memoryless|node_panel_full_history|ss0|b2500,activity::n500::f0,node_panel_full_history,hidden,0.2493167963001892,3,0.01166247543763044,0.010100000000000001,0.03376666666666667
qwen36-27b_nothink,activity__n500__f0__memoryless|node_panel_full_history|ss0|b2500,activity::n500::f0,node_panel_full_history,mechanism,0.2493167963001892,3,0.004359281286328438,0.003799999999999998,0.04306666666666666
qwen36-27b_nothink,activity__n500__f0__memoryless|node_panel_full_history|ss0|b2500,activity::n500::f0,node_panel_full_history,mechanism_direction,0.2493167963001892,3,1.732050807569007e-05,1.5000000000001124e-05,0.04049
qwen36-27b_nothink,activity__n500__f0__memoryless|recent_history_k20|ws0|b800,activity::n500::f0,recent_history_k20,direction_only,0.0653773386588185,3,0.2557994005726623,0.235,0.20666666666666667
qwen36-27b_nothink,activity__n500__f0__memoryless|recent_history_k20|ws0|b800,activity::n500::f0,recent_history_k20,hidden,0.0653773386588185,3,0.044809522797429266,0.0392,0.028266666666666666
qwen36-27b_nothink,activity__n500__f0__memoryless|recent_history_k20|ws0|b800,activity::n500::f0,recent_history_k20,mechanism,0.0653773386588185,3,0.08510354477536958,0.074,0.05173333333333333
qwen36-27b_nothink,activity__n500__f0__memoryless|recent_history_k20|ws0|b800,activity::n500::f0,recent_history_k20,mechanism_direction,0.0653773386588185,3,0.2250185177565023,0.21000000000000002,0.24333333333333332
qwen36-27b_nothink,activity__n500__f0__memoryless|time_agnostic_t|ws0|b800,activity::n500::f0,time_agnostic_t,direction_only,0.0794618457010721,3,0.030088757590391355,0.027000000000000003,0.03466666666666667
qwen36-27b_nothink,activity__n500__f0__memoryless|time_agnostic_t|ws0|b800,activity::n500::f0,time_agnostic_t,hidden,0.0794618457010721,3,0.0,0.0,0.0
qwen36-27b_nothink,activity__n500__f0__memoryless|time_agnostic_t|ws0|b800,activity::n500::f0,time_agnostic_t,mechanism,0.0794618457010721,3,0.2535744466621193,0.23500000000000001,0.18000000000000002
qwen36-27b_nothink,activity__n500__f0__memoryless|time_agnostic_t|ws0|b800,activity::n500::f0,time_agnostic_t,mechanism_direction,0.0794618457010721,3,0.049999999999999996,0.04999999999999999,0.09999999999999999
qwen36-27b_nothink,activity__n500__f0__memoryless|time_agnostic_t|ws0|b800,activity::n500::f0,time_agnostic_t,metadata_only,0.0794618457010721,3,0.21883098500897902,0.20950000000000002,0.277
qwen36-27b_nothink,activity__n500__f0__memoryless|time_agnostic_t|ws0|b800,activity::n500::f0,time_agnostic_t,mismatched,0.0794618457010721,3,0.0,0.0,0.0
qwen36-27b_nothink,activity__n500__f0__memoryless|time_respecting|ws0|b800,activity::n500::f0,time_respecting,direction_only,0.0547614042463737,3,0.13856406460551018,0.12000000000000001,0.09000000000000001
qwen36-27b_nothink,activity__n500__f0__memoryless|time_respecting|ws0|b800,activity::n500::f0,time_respecting,hidden,0.0547614042463737,3,0.0004041451884327381,0.00035000000000000005,0.0016666666666666668
qwen36-27b_nothink,activity__n500__f0__memoryless|time_respecting|ws0|b800,activity::n500::f0,time_respecting,mechanism,0.0547614042463737,3,0.005167526810122356,0.0045000000000000005,0.004033333333333333
qwen36-27b_nothink,activity__n500__f0__memoryless|time_respecting|ws0|b800,activity::n500::f0,time_respecting,mechanism_direction,0.0547614042463737,3,0.08736894948054105,0.08499999999999999,0.12666666666666668
qwen36-27b_nothink,controlled__snap_bitcoin_otc__bursty__contiguous__rho0.15__r0|event_sample_then_full_history|ss0|b9600,real::snap_bitcoin_otc,event_sample_then_full_history,direction_only,0.250930578820026,3,0.027592269448766502,0.025999999999999995,0.11233333333333334
qwen36-27b_nothink,controlled__snap_bitcoin_otc__bursty__contiguous__rho0.15__r0|event_sample_then_full_history|ss0|b9600,real::snap_bitcoin_otc,event_sample_then_full_history,hidden,0.250930578820026,3,0.08689121551303866,0.07524999999999998,0.20076666666666668
qwen36-27b_nothink,controlled__snap_bitcoin_otc__bursty__contiguous__rho0.15__r0|event_sample_then_full_history|ss0|b9600,real::snap_bitcoin_otc,event_sample_then_full_history,mechanism,0.250930578820026,3,0.0,0.0,0.1234
qwen36-27b_nothink,controlled__snap_bitcoin_otc__bursty__contiguous__rho0.15__r0|event_sample_then_full_history|ss0|b9600,real::snap_bitcoin_otc,event_sample_then_full_history,mechanism_direction,0.250930578820026,3,0.0,0.0,0.1234
qwen36-27b_nothink,controlled__snap_bitcoin_otc__bursty__contiguous__rho0.15__r0|event_sample_then_full_history|ss0|b9600,real::snap_bitcoin_otc,event_sample_then_full_history,mismatched,0.250930578820026,3,0.0208423447177455,0.01805000000000001,0.3620333333333334
qwen36-27b_nothink,controlled__snap_bitcoin_otc__bursty__contiguous__rho0.15__r0|node_panel_full_history|ss0|b2500,real::snap_bitcoin_otc,node_panel_full_history,direction_only,0.0702121719709659,3,0.0,0.0,0.1286
qwen36-27b_nothink,controlled__snap_bitcoin_otc__bursty__contiguous__rho0.15__r0|node_panel_full_history|ss0|b2500,real::snap_bitcoin_otc,node_panel_full_history,hidden,0.0702121719709659,3,0.008717989064763343,0.007550000000000001,0.12356666666666666
qwen36-27b_nothink,controlled__snap_bitcoin_otc__bursty__contiguous__rho0.15__r0|node_panel_full_history|ss0|b2500,real::snap_bitcoin_otc,node_panel_full_history,mechanism,0.0702121719709659,3,0.0,0.0,0.1286
qwen36-27b_nothink,controlled__snap_bitcoin_otc__bursty__contiguous__rho0.15__r0|node_panel_full_history|ss0|b2500,real::snap_bitcoin_otc,node_panel_full_history,mechanism_direction,0.0702121719709659,3,0.0,0.0,0.1286
qwen36-27b_nothink,controlled__snap_bitcoin_otc__bursty__contiguous__rho0.15__r0|recent_history_k20|ws0|b800,real::snap_bitcoin_otc,recent_history_k20,direction_only,0.0283826540107947,3,0.1,0.1,0.15
qwen36-27b_nothink,controlled__snap_bitcoin_otc__bursty__contiguous__rho0.15__r0|recent_history_k20|ws0|b800,real::snap_bitcoin_otc,recent_history_k20,hidden,0.0283826540107947,3,5.311484201212962e-19,0.0,0.0032999999999999995
qwen36-27b_nothink,controlled__snap_bitcoin_otc__bursty__contiguous__rho0.15__r0|recent_history_k20|ws0|b800,real::snap_bitcoin_otc,recent_history_k20,mechanism,0.0283826540107947,3,0.015132745950421557,0.0145,0.015
qwen36-27b_nothink,controlled__snap_bitcoin_otc__bursty__contiguous__rho0.15__r0|recent_history_k20|ws0|b800,real::snap_bitcoin_otc,recent_history_k20,mechanism_direction,0.0283826540107947,3,0.05686240703077326,0.05500000000000001,0.10333333333333333
qwen36-27b_nothink,controlled__snap_bitcoin_otc__bursty__contiguous__rho0.15__r0|time_agnostic_t|ws0|b800,real::snap_bitcoin_otc,time_agnostic_t,direction_only,0.0319188535268937,3,0.12900082687073497,0.1221,0.15193333333333334
qwen36-27b_nothink,controlled__snap_bitcoin_otc__bursty__contiguous__rho0.15__r0|time_agnostic_t|ws0|b800,real::snap_bitcoin_otc,time_agnostic_t,hidden,0.0319188535268937,3,1.7320508075689068e-05,1.5000000000000256e-05,0.00581
qwen36-27b_nothink,controlled__snap_bitcoin_otc__bursty__contiguous__rho0.15__r0|time_agnostic_t|ws0|b800,real::snap_bitcoin_otc,time_agnostic_t,mechanism,0.0319188535268937,3,0.3598108577201824,0.3466999999999999,0.3611333333333333
qwen36-27b_nothink,controlled__snap_bitcoin_otc__bursty__contiguous__rho0.15__r0|time_agnostic_t|ws0|b800,real::snap_bitcoin_otc,time_agnostic_t,mechanism_direction,0.0319188535268937,3,0.0005773502691896183,0.0004999999999999866,0.07066666666666667
qwen36-27b_nothink,controlled__snap_bitcoin_otc__bursty__contiguous__rho0.15__r0|time_agnostic_t|ws0|b800,real::snap_bitcoin_otc,time_agnostic_t,metadata_only,0.0319188535268937,3,0.22877983594131135,0.2246,0.20026666666666668
qwen36-27b_nothink,controlled__snap_bitcoin_otc__bursty__contiguous__rho0.15__r0|time_agnostic_t|ws0|b800,real::snap_bitcoin_otc,time_agnostic_t,mismatched,0.0319188535268937,3,1.1547005383792546e-05,1.0000000000000026e-05,0.003193333333333333
qwen36-27b_nothink,controlled__snap_bitcoin_otc__bursty__contiguous__rho0.15__r0|time_respecting|ws0|b800,real::snap_bitcoin_otc,time_respecting,direction_only,0.0213567839195979,3,0.10055015332327114,0.09549999999999997,0.36366666666666675
qwen36-27b_nothink,controlled__snap_bitcoin_otc__bursty__contiguous__rho0.15__r0|time_respecting|ws0|b800,real::snap_bitcoin_otc,time_respecting,hidden,0.0213567839195979,3,0.009699484522385712,0.008399999999999998,0.031400000000000004
qwen36-27b_nothink,controlled__snap_bitcoin_otc__bursty__contiguous__rho0.15__r0|time_respecting|ws0|b800,real::snap_bitcoin_otc,time_respecting,mechanism,0.0213567839195979,3,0.11150336317797772,0.11150000000000002,0.149
qwen36-27b_nothink,controlled__snap_bitcoin_otc__bursty__contiguous__rho0.15__r0|time_respecting|ws0|b800,real::snap_bitcoin_otc,time_respecting,mechanism_direction,0.0213567839195979,3,0.019999999999999997,0.020000000000000004,0.10000000000000002
qwen36-27b_nothink,controlled__snap_bitcoin_otc__bursty__contiguous__rho0.55__r0|event_sample_then_full_history|ss0|b9600,real::snap_bitcoin_otc,event_sample_then_full_history,direction_only,0.2499069421179973,3,0.01581939737579577,0.013700000000000045,0.5008666666666667
qwen36-27b_nothink,controlled__snap_bitcoin_otc__bursty__contiguous__rho0.55__r0|event_sample_then_full_history|ss0|b9600,real::snap_bitcoin_otc,event_sample_then_full_history,hidden,0.2499069421179973,3,0.16448712208964364,0.14250000000000007,0.6800666666666667
qwen36-27b_nothink,controlled__snap_bitcoin_otc__bursty__contiguous__rho0.55__r0|event_sample_then_full_history|ss0|b9600,real::snap_bitcoin_otc,event_sample_then_full_history,mechanism,0.2499069421179973,3,0.0,0.0,0.4826
qwen36-27b_nothink,controlled__snap_bitcoin_otc__bursty__contiguous__rho0.55__r0|event_sample_then_full_history|ss0|b9600,real::snap_bitcoin_otc,event_sample_then_full_history,mechanism_direction,0.2499069421179973,3,0.003879862540520396,0.0035000000000000586,0.4845333333333333
qwen36-27b_nothink,controlled__snap_bitcoin_otc__bursty__contiguous__rho0.55__r0|event_sample_then_full_history|ss0|b9600,real::snap_bitcoin_otc,event_sample_then_full_history,mismatched,0.2499069421179973,3,0.046188021535170036,0.040000000000000036,0.9733333333333333
qwen36-27b_nothink,controlled__snap_bitcoin_otc__bursty__contiguous__rho0.55__r0|node_panel_full_history|ss0|b2500,real::snap_bitcoin_otc,node_panel_full_history,direction_only,0.068071840684906,3,0.0,0.0,0.4751
qwen36-27b_nothink,controlled__snap_bitcoin_otc__bursty__contiguous__rho0.55__r0|node_panel_full_history|ss0|b2500,real::snap_bitcoin_otc,node_panel_full_history,hidden,0.068071840684906,3,0.0,0.0,0.4751
qwen36-27b_nothink,controlled__snap_bitcoin_otc__bursty__contiguous__rho0.55__r0|node_panel_full_history|ss0|b2500,real::snap_bitcoin_otc,node_panel_full_history,mechanism,0.068071840684906,3,0.0,0.0,0.4751
qwen36-27b_nothink,controlled__snap_bitcoin_otc__bursty__contiguous__rho0.55__r0|node_panel_full_history|ss0|b2500,real::snap_bitcoin_otc,node_panel_full_history,mechanism_direction,0.068071840684906,3,0.0,0.0,0.4751
qwen36-27b_nothink,controlled__snap_bitcoin_otc__bursty__contiguous__rho0.55__r0|recent_history_k20|ws0|b800,real::snap_bitcoin_otc,recent_history_k20,direction_only,0.0274520751907686,3,0.09814954576223639,0.08499999999999999,0.19333333333333336
qwen36-27b_nothink,controlled__snap_bitcoin_otc__bursty__contiguous__rho0.55__r0|recent_history_k20|ws0|b800,real::snap_bitcoin_otc,recent_history_k20,hidden,0.0274520751907686,3,0.014895972610071487,0.012950000000000003,0.042300000000000004
qwen36-27b_nothink,controlled__snap_bitcoin_otc__bursty__contiguous__rho0.55__r0|recent_history_k20|ws0|b800,real::snap_bitcoin_otc,recent_history_k20,mechanism,0.0274520751907686,3,0.15000000000000002,0.15000000000000002,0.25
qwen36-27b_nothink,controlled__snap_bitcoin_otc__bursty__contiguous__rho0.55__r0|recent_history_k20|ws0|b800,real::snap_bitcoin_otc,recent_history_k20,mechanism_direction,0.0274520751907686,3,0.06806859285554046,0.065,0.17333333333333334
qwen36-27b_nothink,controlled__snap_bitcoin_otc__bursty__contiguous__rho0.55__r0|time_agnostic_t|ws0|b800,real::snap_bitcoin_otc,time_agnostic_t,direction_only,0.0300111669458403,3,0.04041451884327381,0.03999999999999998,0.15666666666666665
qwen36-27b_nothink,controlled__snap_bitcoin_otc__bursty__contiguous__rho0.55__r0|time_agnostic_t|ws0|b800,real::snap_bitcoin_otc,time_agnostic_t,hidden,0.0300111669458403,3,0.016974097914174997,0.014699999999999998,0.0476
qwen36-27b_nothink,controlled__snap_bitcoin_otc__bursty__contiguous__rho0.55__r0|time_agnostic_t|ws0|b800,real::snap_bitcoin_otc,time_agnostic_t,mechanism,0.0300111669458403,3,0.03464101615137758,0.030000000000000027,0.52
qwen36-27b_nothink,controlled__snap_bitcoin_otc__bursty__contiguous__rho0.55__r0|time_agnostic_t|ws0|b800,real::snap_bitcoin_otc,time_agnostic_t,mechanism_direction,0.0300111669458403,3,0.0,0.0,0.5
qwen36-27b_nothink,controlled__snap_bitcoin_otc__bursty__contiguous__rho0.55__r0|time_agnostic_t|ws0|b800,real::snap_bitcoin_otc,time_agnostic_t,metadata_only,0.0300111669458403,3,0.09018499505645788,0.09000000000000002,0.4066666666666667
qwen36-27b_nothink,controlled__snap_bitcoin_otc__bursty__contiguous__rho0.55__r0|time_agnostic_t|ws0|b800,real::snap_bitcoin_otc,time_agnostic_t,mismatched,0.0300111669458403,3,0.0,0.0,0.0292
qwen36-27b_nothink,controlled__snap_bitcoin_otc__bursty__contiguous__rho0.55__r0|time_respecting|ws0|b800,real::snap_bitcoin_otc,time_respecting,direction_only,0.021217197096594,3,0.02886751345948128,0.024999999999999994,0.11666666666666665
qwen36-27b_nothink,controlled__snap_bitcoin_otc__bursty__contiguous__rho0.55__r0|time_respecting|ws0|b800,real::snap_bitcoin_otc,time_respecting,hidden,0.021217197096594,3,0.00938314090980911,0.008599999999999997,0.024333333333333332
qwen36-27b_nothink,controlled__snap_bitcoin_otc__bursty__contiguous__rho0.55__r0|time_respecting|ws0|b800,real::snap_bitcoin_otc,time_respecting,mechanism,0.021217197096594,3,0.053928965624544786,0.049999999999999996,0.05833333333333333
qwen36-27b_nothink,controlled__snap_bitcoin_otc__bursty__contiguous__rho0.55__r0|time_respecting|ws0|b800,real::snap_bitcoin_otc,time_respecting,mechanism_direction,0.021217197096594,3,0.0692820323027551,0.060000000000000026,0.19000000000000003
qwen36-27b_nothink,controlled__snap_collegemsg__bursty__contiguous__rho0.15__r0|event_sample_then_full_history|ss0|b9600,real::snap_collegemsg,event_sample_then_full_history,mechanism,0.0445151033386327,3,0.010816653826391963,0.01050000000000001,0.139
qwen36-27b_nothink,controlled__snap_collegemsg__bursty__contiguous__rho0.15__r0|event_sample_then_full_history|ss0|b9600,real::snap_collegemsg,event_sample_then_full_history,mechanism_direction,0.0445151033386327,3,0.006087966272355102,0.0059000000000000025,0.11876666666666667
qwen36-27b_nothink,controlled__snap_collegemsg__bursty__contiguous__rho0.15__r0|node_panel_full_history|ss0|b2500,real::snap_collegemsg,node_panel_full_history,direction_only,0.0371440959676253,3,0.0011150485789118518,0.0010500000000000093,0.10286666666666666
qwen36-27b_nothink,controlled__snap_collegemsg__bursty__contiguous__rho0.15__r0|node_panel_full_history|ss0|b2500,real::snap_collegemsg,node_panel_full_history,hidden,0.0371440959676253,3,0.0011372481406154613,0.0011000000000000038,0.10273333333333334
qwen36-27b_nothink,controlled__snap_collegemsg__bursty__contiguous__rho0.15__r0|node_panel_full_history|ss0|b2500,real::snap_collegemsg,node_panel_full_history,mechanism,0.0371440959676253,3,0.05240715599992048,0.045950000000000005,0.13449999999999998
qwen36-27b_nothink,controlled__snap_collegemsg__bursty__contiguous__rho0.15__r0|node_panel_full_history|ss0|b2500,real::snap_collegemsg,node_panel_full_history,mechanism_direction,0.0371440959676253,3,0.0006658328118479424,0.0005999999999999894,0.10343333333333332
qwen36-27b_nothink,controlled__snap_collegemsg__bursty__contiguous__rho0.15__r0|recent_history_k20|ws0|b800,real::snap_collegemsg,recent_history_k20,direction_only,0.0344702991761815,3,0.06251666444503684,0.0575,0.07833333333333334
qwen36-27b_nothink,controlled__snap_collegemsg__bursty__contiguous__rho0.15__r0|recent_history_k20|ws0|b800,real::snap_collegemsg,recent_history_k20,hidden,0.0344702991761815,3,0.0025980762113533163,0.0022500000000000003,0.009000000000000001
qwen36-27b_nothink,controlled__snap_collegemsg__bursty__contiguous__rho0.15__r0|recent_history_k20|ws0|b800,real::snap_collegemsg,recent_history_k20,mechanism,0.0344702991761815,3,0.007543429812315703,0.007449999999999999,0.011866666666666666
qwen36-27b_nothink,controlled__snap_collegemsg__bursty__contiguous__rho0.15__r0|recent_history_k20|ws0|b800,real::snap_collegemsg,recent_history_k20,mechanism_direction,0.0344702991761815,3,0.015275252316519466,0.014999999999999986,0.08333333333333333
qwen36-27b_nothink,controlled__snap_collegemsg__bursty__contiguous__rho0.15__r0|time_agnostic_t|ws0|b800,real::snap_collegemsg,time_agnostic_t,direction_only,0.0522474346003757,3,0.02886751345948128,0.024999999999999994,0.11666666666666665
qwen36-27b_nothink,controlled__snap_collegemsg__bursty__contiguous__rho0.15__r0|time_agnostic_t|ws0|b800,real::snap_collegemsg,time_agnostic_t,hidden,0.0522474346003757,3,0.0,0.0,0.0097
qwen36-27b_nothink,controlled__snap_collegemsg__bursty__contiguous__rho0.15__r0|time_agnostic_t|ws0|b800,real::snap_collegemsg,time_agnostic_t,mechanism,0.0522474346003757,3,0.04618802153517005,0.03999999999999998,0.15333333333333332
qwen36-27b_nothink,controlled__snap_collegemsg__bursty__contiguous__rho0.15__r0|time_agnostic_t|ws0|b800,real::snap_collegemsg,time_agnostic_t,mechanism_direction,0.0522474346003757,3,0.017039170558842742,0.015000000000000013,0.16966666666666663
qwen36-27b_nothink,controlled__snap_collegemsg__bursty__contiguous__rho0.15__r0|time_agnostic_t|ws0|b800,real::snap_collegemsg,time_agnostic_t,metadata_only,0.0522474346003757,3,0.16072751268321592,0.15000000000000002,0.3333333333333333
qwen36-27b_nothink,controlled__snap_collegemsg__bursty__contiguous__rho0.15__r0|time_agnostic_t|ws0|b800,real::snap_collegemsg,time_agnostic_t,mismatched,0.0522474346003757,3,7.637626158259734e-05,7.499999999999955e-05,0.004916666666666666
qwen36-27b_nothink,controlled__snap_collegemsg__bursty__contiguous__rho0.15__r0|time_respecting|ws0|b800,real::snap_collegemsg,time_respecting,direction_only,0.0273160861396155,3,0.07683803311728726,0.07425000000000001,0.17716666666666667
qwen36-27b_nothink,controlled__snap_collegemsg__bursty__contiguous__rho0.15__r0|time_respecting|ws0|b800,real::snap_collegemsg,time_respecting,hidden,0.0273160861396155,3,0.0016093476939431054,0.0016000000000000042,0.07840000000000001
qwen36-27b_nothink,controlled__snap_collegemsg__bursty__contiguous__rho0.15__r0|time_respecting|ws0|b800,real::snap_collegemsg,time_respecting,mechanism,0.0273160861396155,3,0.026558112382722786,0.023,0.06466666666666666
qwen36-27b_nothink,controlled__snap_collegemsg__bursty__contiguous__rho0.15__r0|time_respecting|ws0|b800,real::snap_collegemsg,time_respecting,mechanism_direction,0.0273160861396155,3,0.0765397500213669,0.07250000000000001,0.17833333333333334
qwen36-27b_nothink,controlled__snap_collegemsg__bursty__contiguous__rho0.55__r0|event_sample_then_full_history|ss0|b9600,real::snap_collegemsg,event_sample_then_full_history,direction_only,0.0437201907790143,3,0.21988709223902464,0.19500000000000006,0.4836666666666667
qwen36-27b_nothink,controlled__snap_collegemsg__bursty__contiguous__rho0.55__r0|event_sample_then_full_history|ss0|b9600,real::snap_collegemsg,event_sample_then_full_history,mechanism,0.0437201907790143,3,0.08088469158829335,0.07150000000000001,0.5196666666666666
qwen36-27b_nothink,controlled__snap_collegemsg__bursty__contiguous__rho0.55__r0|event_sample_then_full_history|ss0|b9600,real::snap_collegemsg,event_sample_then_full_history,mechanism_direction,0.0437201907790143,3,0.0243310501211929,0.02200000000000002,0.503
qwen36-27b_nothink,controlled__snap_collegemsg__bursty__contiguous__rho0.55__r0|event_sample_then_full_history|ss0|b9600,real::snap_collegemsg,event_sample_then_full_history,mismatched,0.0437201907790143,3,0.045621632295801705,0.040000000000000036,0.8473333333333333
qwen36-27b_nothink,controlled__snap_collegemsg__bursty__contiguous__rho0.55__r0|node_panel_full_history|ss0|b2500,real::snap_collegemsg,node_panel_full_history,direction_only,0.0409018644312762,3,0.007505553499465141,0.006500000000000061,0.5590666666666667
qwen36-27b_nothink,controlled__snap_collegemsg__bursty__contiguous__rho0.55__r0|node_panel_full_history|ss0|b2500,real::snap_collegemsg,node_panel_full_history,hidden,0.0409018644312762,3,0.18404619891030982,0.16275000000000006,0.6626333333333334
qwen36-27b_nothink,controlled__snap_collegemsg__bursty__contiguous__rho0.55__r0|node_panel_full_history|ss0|b2500,real::snap_collegemsg,node_panel_full_history,mechanism,0.0409018644312762,3,0.029652374834628906,0.028100000000000014,0.5385666666666666
qwen36-27b_nothink,controlled__snap_collegemsg__bursty__contiguous__rho0.55__r0|node_panel_full_history|ss0|b2500,real::snap_collegemsg,node_panel_full_history,mechanism_direction,0.0409018644312762,3,0.0037527767497325384,0.003249999999999975,0.5473333333333333
qwen36-27b_nothink,controlled__snap_collegemsg__bursty__contiguous__rho0.55__r0|recent_history_k20|ws0|b800,real::snap_collegemsg,recent_history_k20,direction_only,0.0388784506431565,3,0.03526135750837357,0.03515,0.06323333333333334
qwen36-27b_nothink,controlled__snap_collegemsg__bursty__contiguous__rho0.55__r0|recent_history_k20|ws0|b800,real::snap_collegemsg,recent_history_k20,hidden,0.0388784506431565,3,0.008574963556773871,0.0075,0.024900000000000002
qwen36-27b_nothink,controlled__snap_collegemsg__bursty__contiguous__rho0.55__r0|recent_history_k20|ws0|b800,real::snap_collegemsg,recent_history_k20,mechanism,0.0388784506431565,3,0.13576941236277534,0.12000000000000002,0.11333333333333333
qwen36-27b_nothink,controlled__snap_collegemsg__bursty__contiguous__rho0.55__r0|recent_history_k20|ws0|b800,real::snap_collegemsg,recent_history_k20,mechanism_direction,0.0388784506431565,3,0.09018499505645788,0.09,0.20666666666666667
qwen36-27b_nothink,controlled__snap_collegemsg__bursty__contiguous__rho0.55__r0|time_agnostic_t|ws0|b800,real::snap_collegemsg,time_agnostic_t,direction_only,0.0520306402659343,3,0.04539783401587936,0.04335,0.08443333333333332
qwen36-27b_nothink,controlled__snap_collegemsg__bursty__contiguous__rho0.55__r0|time_agnostic_t|ws0|b800,real::snap_collegemsg,time_agnostic_t,hidden,0.0520306402659343,3,0.10201779256580687,0.08834999999999998,0.0922
qwen36-27b_nothink,controlled__snap_collegemsg__bursty__contiguous__rho0.55__r0|time_agnostic_t|ws0|b800,real::snap_collegemsg,time_agnostic_t,mechanism,0.0520306402659343,3,0.4085747585611883,0.38,0.5266666666666666
qwen36-27b_nothink,controlled__snap_collegemsg__bursty__contiguous__rho0.55__r0|time_agnostic_t|ws0|b800,real::snap_collegemsg,time_agnostic_t,mechanism_direction,0.0520306402659343,3,1.3597399555105182e-16,0.0,0.7200000000000001
qwen36-27b_nothink,controlled__snap_collegemsg__bursty__contiguous__rho0.55__r0|time_agnostic_t|ws0|b800,real::snap_collegemsg,time_agnostic_t,metadata_only,0.0520306402659343,3,0.19329079991901663,0.18500000000000003,0.29733333333333334
qwen36-27b_nothink,controlled__snap_collegemsg__bursty__contiguous__rho0.55__r0|time_agnostic_t|ws0|b800,real::snap_collegemsg,time_agnostic_t,mismatched,0.0520306402659343,3,0.0,0.0,0.0173
qwen36-27b_nothink,controlled__snap_collegemsg__bursty__contiguous__rho0.55__r0|time_respecting|ws0|b800,real::snap_collegemsg,time_respecting,direction_only,0.0266657031362913,3,0.07505553499465135,0.065,0.20666666666666667
qwen36-27b_nothink,controlled__snap_collegemsg__bursty__contiguous__rho0.55__r0|time_respecting|ws0|b800,real::snap_collegemsg,time_respecting,hidden,0.0266657031362913,3,0.019514439098609348,0.0169,0.05653333333333333
qwen36-27b_nothink,controlled__snap_collegemsg__bursty__contiguous__rho0.55__r0|time_respecting|ws0|b800,real::snap_collegemsg,time_respecting,mechanism,0.0266657031362913,3,0.12967780586258132,0.12150000000000001,0.15233333333333335
qwen36-27b_nothink,controlled__snap_collegemsg__bursty__contiguous__rho0.55__r0|time_respecting|ws0|b800,real::snap_collegemsg,time_respecting,mechanism_direction,0.0266657031362913,3,0.07505553499465135,0.07499999999999998,0.17666666666666667
qwen36-27b_nothink,controlled__snap_email_eu__bursty__contiguous__rho0.15__r0|event_sample_then_full_history|ss0|b9600,real::snap_email_eu,event_sample_then_full_history,direction_only,0.0014317729083665,3,0.03785938897200183,0.035,0.20666666666666667
qwen36-27b_nothink,controlled__snap_email_eu__bursty__contiguous__rho0.15__r0|event_sample_then_full_history|ss0|b9600,real::snap_email_eu,event_sample_then_full_history,hidden,0.0014317729083665,3,0.0011547005383792527,0.0010000000000000009,0.3486666666666666
qwen36-27b_nothink,controlled__snap_email_eu__bursty__contiguous__rho0.15__r0|event_sample_then_full_history|ss0|b9600,real::snap_email_eu,event_sample_then_full_history,mechanism,0.0014317729083665,3,0.001242309676905614,0.0010999999999999899,0.11923333333333334
qwen36-27b_nothink,controlled__snap_email_eu__bursty__contiguous__rho0.15__r0|event_sample_then_full_history|ss0|b9600,real::snap_email_eu,event_sample_then_full_history,mechanism_direction,0.0014317729083665,3,0.0,0.0,0.12
qwen36-27b_nothink,controlled__snap_email_eu__bursty__contiguous__rho0.15__r0|event_sample_then_full_history|ss0|b9600,real::snap_email_eu,event_sample_then_full_history,mismatched,0.0014317729083665,3,0.012759832809771977,0.011099999999999999,0.3552666666666666
qwen36-27b_nothink,controlled__snap_email_eu__bursty__contiguous__rho0.15__r0|node_panel_full_history|ss0|b2500,real::snap_email_eu,node_panel_full_history,direction_only,0.009711155378486,3,0.0,0.0,0.0641
qwen36-27b_nothink,controlled__snap_email_eu__bursty__contiguous__rho0.15__r0|node_panel_full_history|ss0|b2500,real::snap_email_eu,node_panel_full_history,hidden,0.009711155378486,3,0.026038497140452126,0.02255,0.04906666666666667
qwen36-27b_nothink,controlled__snap_email_eu__bursty__contiguous__rho0.15__r0|node_panel_full_history|ss0|b2500,real::snap_email_eu,node_panel_full_history,mechanism,0.009711155378486,3,0.0015502687938977978,0.0014500000000000068,0.06386666666666667
qwen36-27b_nothink,controlled__snap_email_eu__bursty__contiguous__rho0.15__r0|node_panel_full_history|ss0|b2500,real::snap_email_eu,node_panel_full_history,mechanism_direction,0.009711155378486,3,0.0003999999999999976,0.0003999999999999837,0.0641
qwen36-27b_nothink,controlled__snap_email_eu__bursty__contiguous__rho0.15__r0|recent_history_k20|ws0|b800,real::snap_email_eu,recent_history_k20,direction_only,0.0140687250996015,3,0.15534906930308057,0.15,0.12666666666666668
qwen36-27b_nothink,controlled__snap_email_eu__bursty__contiguous__rho0.15__r0|recent_history_k20|ws0|b800,real::snap_email_eu,recent_history_k20,hidden,0.0140687250996015,3,0.005080682368868708,0.0044,0.0029333333333333334
qwen36-27b_nothink,controlled__snap_email_eu__bursty__contiguous__rho0.15__r0|recent_history_k20|ws0|b800,real::snap_email_eu,recent_history_k20,mechanism,0.0140687250996015,3,0.06928203230275509,0.06,0.04
qwen36-27b_nothink,controlled__snap_email_eu__bursty__contiguous__rho0.15__r0|recent_history_k20|ws0|b800,real::snap_email_eu,recent_history_k20,mechanism_direction,0.0140687250996015,3,0.2254624876411447,0.22499999999999998,0.3833333333333333
qwen36-27b_nothink,controlled__snap_email_eu__bursty__contiguous__rho0.15__r0|time_agnostic_t|ws0|b800,real::snap_email_eu,time_agnostic_t,direction_only,0.0473730079681274,3,0.1240972199527451,0.12319999999999998,0.11720000000000001
qwen36-27b_nothink,controlled__snap_email_eu__bursty__contiguous__rho0.15__r0|time_agnostic_t|ws0|b800,real::snap_email_eu,time_agnostic_t,hidden,0.0473730079681274,3,0.056659097533700034,0.053700000000000005,0.04586666666666667
qwen36-27b_nothink,controlled__snap_email_eu__bursty__contiguous__rho0.15__r0|time_agnostic_t|ws0|b800,real::snap_email_eu,time_agnostic_t,mechanism,0.0473730079681274,3,0.0178978583448784,0.0155,0.10066666666666667
qwen36-27b_nothink,controlled__snap_email_eu__bursty__contiguous__rho0.15__r0|time_agnostic_t|ws0|b800,real::snap_email_eu,time_agnostic_t,mechanism_direction,0.0473730079681274,3,0.006429100507328635,0.0059999999999999915,0.10733333333333334
qwen36-27b_nothink,controlled__snap_email_eu__bursty__contiguous__rho0.15__r0|time_agnostic_t|ws0|b800,real::snap_email_eu,time_agnostic_t,metadata_only,0.0473730079681274,3,0.18610033136277146,0.185,0.3766666666666667
qwen36-27b_nothink,controlled__snap_email_eu__bursty__contiguous__rho0.15__r0|time_agnostic_t|ws0|b800,real::snap_email_eu,time_agnostic_t,mismatched,0.0473730079681274,3,2.8867513459481364e-05,2.5000000000000066e-05,0.0013333333333333333
qwen36-27b_nothink,controlled__snap_email_eu__bursty__contiguous__rho0.15__r0|time_respecting|ws0|b800,real::snap_email_eu,time_respecting,direction_only,0.0235931274900398,3,0.08144527815247077,0.075,0.15666666666666665
qwen36-27b_nothink,controlled__snap_email_eu__bursty__contiguous__rho0.15__r0|time_respecting|ws0|b800,real::snap_email_eu,time_respecting,hidden,0.0235931274900398,3,4.2491873609703695e-18,0.0,0.026399999999999996
qwen36-27b_nothink,controlled__snap_email_eu__bursty__contiguous__rho0.15__r0|time_respecting|ws0|b800,real::snap_email_eu,time_respecting,mechanism,0.0235931274900398,3,0.016165807537309524,0.016,0.03266666666666667
qwen36-27b_nothink,controlled__snap_email_eu__bursty__contiguous__rho0.15__r0|time_respecting|ws0|b800,real::snap_email_eu,time_respecting,mechanism_direction,0.0235931274900398,3,0.14153915830374764,0.12499999999999994,0.26333333333333336
qwen36-27b_nothink,controlled__snap_email_eu__bursty__contiguous__rho0.55__r0|event_sample_then_full_history|ss0|b9600,real::snap_email_eu,event_sample_then_full_history,direction_only,0.002925796812749,3,0.16140941732129507,0.15500000000000003,0.581
qwen36-27b_nothink,controlled__snap_email_eu__bursty__contiguous__rho0.55__r0|event_sample_then_full_history|ss0|b9600,real::snap_email_eu,event_sample_then_full_history,hidden,0.002925796812749,3,0.007488880646220299,0.007249999999999979,0.8063333333333333
qwen36-27b_nothink,controlled__snap_email_eu__bursty__contiguous__rho0.55__r0|event_sample_then_full_history|ss0|b9600,real::snap_email_eu,event_sample_then_full_history,mechanism,0.002925796812749,3,0.030664855018951765,0.030000000000000027,0.8053333333333333
qwen36-27b_nothink,controlled__snap_email_eu__bursty__contiguous__rho0.55__r0|event_sample_then_full_history|ss0|b9600,real::snap_email_eu,event_sample_then_full_history,mechanism_direction,0.002925796812749,3,0.009923205127376943,0.009050000000000002,0.7933
qwen36-27b_nothink,controlled__snap_email_eu__bursty__contiguous__rho0.55__r0|node_panel_full_history|ss2|b2500,real::snap_email_eu,node_panel_full_history,direction_only,0.0021787848605577,3,0.00017320508075686865,0.00014999999999998348,0.5142
qwen36-27b_nothink,controlled__snap_email_eu__bursty__contiguous__rho0.55__r0|node_panel_full_history|ss2|b2500,real::snap_email_eu,node_panel_full_history,hidden,0.0021787848605577,3,0.1467336475840948,0.12714999999999999,0.42943333333333333
qwen36-27b_nothink,controlled__snap_email_eu__bursty__contiguous__rho0.55__r0|node_panel_full_history|ss2|b2500,real::snap_email_eu,node_panel_full_history,mechanism,0.0021787848605577,3,0.0,0.0,0.5143
qwen36-27b_nothink,controlled__snap_email_eu__bursty__contiguous__rho0.55__r0|node_panel_full_history|ss2|b2500,real::snap_email_eu,node_panel_full_history,mechanism_direction,0.0021787848605577,3,0.0,0.0,0.5143
qwen36-27b_nothink,controlled__snap_email_eu__bursty__contiguous__rho0.55__r0|recent_history_k20|ws0|b800,real::snap_email_eu,recent_history_k20,direction_only,0.0184262948207171,3,0.07392789279651715,0.065,0.06466666666666666
qwen36-27b_nothink,controlled__snap_email_eu__bursty__contiguous__rho0.55__r0|recent_history_k20|ws0|b800,real::snap_email_eu,recent_history_k20,hidden,0.0184262948207171,3,0.00020816659994661395,0.00020000000000000226,0.023933333333333334
qwen36-27b_nothink,controlled__snap_email_eu__bursty__contiguous__rho0.55__r0|recent_history_k20|ws0|b800,real::snap_email_eu,recent_history_k20,mechanism,0.0184262948207171,3,0.07846018098373213,0.072,0.06
qwen36-27b_nothink,controlled__snap_email_eu__bursty__contiguous__rho0.55__r0|recent_history_k20|ws0|b800,real::snap_email_eu,recent_history_k20,mechanism_direction,0.0184262948207171,3,0.1824828759089466,0.16499999999999998,0.24000000000000002
qwen36-27b_nothink,controlled__snap_email_eu__bursty__contiguous__rho0.55__r0|time_agnostic_t|ws0|b800,real::snap_email_eu,time_agnostic_t,direction_only,0.0465014940239043,3,0.04965212315030781,0.043,0.09133333333333334
qwen36-27b_nothink,controlled__snap_email_eu__bursty__contiguous__rho0.55__r0|time_agnostic_t|ws0|b800,real::snap_email_eu,time_agnostic_t,hidden,0.0465014940239043,3,0.000750555349946515,0.0006500000000000013,0.017833333333333333
qwen36-27b_nothink,controlled__snap_email_eu__bursty__contiguous__rho0.55__r0|time_agnostic_t|ws0|b800,real::snap_email_eu,time_agnostic_t,mechanism,0.0465014940239043,3,0.0,0.0,0.52
qwen36-27b_nothink,controlled__snap_email_eu__bursty__contiguous__rho0.55__r0|time_agnostic_t|ws0|b800,real::snap_email_eu,time_agnostic_t,mechanism_direction,0.0465014940239043,3,0.0,0.0,0.52
qwen36-27b_nothink,controlled__snap_email_eu__bursty__contiguous__rho0.55__r0|time_agnostic_t|ws0|b800,real::snap_email_eu,time_agnostic_t,metadata_only,0.0465014940239043,3,0.18735132772414506,0.1732999999999999,0.4678
qwen36-27b_nothink,controlled__snap_email_eu__bursty__contiguous__rho0.55__r0|time_agnostic_t|ws0|b800,real::snap_email_eu,time_agnostic_t,mismatched,0.0465014940239043,3,0.0,0.0,0.009
qwen36-27b_nothink,controlled__snap_email_eu__bursty__contiguous__rho0.55__r0|time_respecting|ws0|b800,real::snap_email_eu,time_respecting,direction_only,0.024340139442231,3,0.02081665999466133,0.020000000000000018,0.19666666666666668
qwen36-27b_nothink,controlled__snap_email_eu__bursty__contiguous__rho0.55__r0|time_respecting|ws0|b800,real::snap_email_eu,time_respecting,hidden,0.024340139442231,3,0.016252486989175943,0.014100000000000001,0.044366666666666665
qwen36-27b_nothink,controlled__snap_email_eu__bursty__contiguous__rho0.55__r0|time_respecting|ws0|b800,real::snap_email_eu,time_respecting,mechanism,0.024340139442231,3,0.1593518120386461,0.1385,0.116
qwen36-27b_nothink,controlled__snap_email_eu__bursty__contiguous__rho0.55__r0|time_respecting|ws0|b800,real::snap_email_eu,time_respecting,mechanism_direction,0.024340139442231,3,0.008660254037844387,0.007500000000000007,0.11499999999999999
qwen36-27b_nothink,controlled__snap_mathoverflow__bursty__contiguous__rho0.15__r0|event_sample_then_full_history|ss0|b9600,real::snap_mathoverflow,event_sample_then_full_history,hidden,0.0079739980636855,3,0.006050068870131424,0.00605,0.22606666666666667
qwen36-27b_nothink,controlled__snap_mathoverflow__bursty__contiguous__rho0.15__r0|event_sample_then_full_history|ss0|b9600,real::snap_mathoverflow,event_sample_then_full_history,mechanism,0.0079739980636855,3,0.006999999999999998,0.006499999999999992,0.11599999999999999
qwen36-27b_nothink,controlled__snap_mathoverflow__bursty__contiguous__rho0.15__r0|event_sample_then_full_history|ss0|b9600,real::snap_mathoverflow,event_sample_then_full_history,mechanism_direction,0.0079739980636855,3,0.00461880215351701,0.0040000000000000036,0.12533333333333332
qwen36-27b_nothink,controlled__snap_mathoverflow__bursty__contiguous__rho0.15__r0|node_panel_full_history|ss0|b2500,real::snap_mathoverflow,node_panel_full_history,direction_only,0.0076122689987552,3,0.0007094598884597654,0.0007000000000000062,0.13986666666666667
qwen36-27b_nothink,controlled__snap_mathoverflow__bursty__contiguous__rho0.15__r0|node_panel_full_history|ss0|b2500,real::snap_mathoverflow,node_panel_full_history,hidden,0.0076122689987552,3,0.0002645751311064561,0.00024999999999997247,0.1401
qwen36-27b_nothink,controlled__snap_mathoverflow__bursty__contiguous__rho0.15__r0|node_panel_full_history|ss0|b2500,real::snap_mathoverflow,node_panel_full_history,mechanism,0.0076122689987552,3,0.061084968145472034,0.05310000000000001,0.17546666666666666
qwen36-27b_nothink,controlled__snap_mathoverflow__bursty__contiguous__rho0.15__r0|node_panel_full_history|ss0|b2500,real::snap_mathoverflow,node_panel_full_history,mechanism_direction,0.0076122689987552,3,0.0010816653826391932,0.0010499999999999954,0.13949999999999999
qwen36-27b_nothink,controlled__snap_mathoverflow__bursty__contiguous__rho0.15__r0|recent_history_k20|ws0|b800,real::snap_mathoverflow,recent_history_k20,direction_only,0.0033991893013309,3,0.20207259421636903,0.2,0.2333333333333333
qwen36-27b_nothink,controlled__snap_mathoverflow__bursty__contiguous__rho0.15__r0|recent_history_k20|ws0|b800,real::snap_mathoverflow,recent_history_k20,hidden,0.0033991893013309,3,0.0,0.0,0.0047
qwen36-27b_nothink,controlled__snap_mathoverflow__bursty__contiguous__rho0.15__r0|recent_history_k20|ws0|b800,real::snap_mathoverflow,recent_history_k20,mechanism,0.0033991893013309,3,0.005862024678669762,0.00515,0.008233333333333334
qwen36-27b_nothink,controlled__snap_mathoverflow__bursty__contiguous__rho0.15__r0|recent_history_k20|ws0|b800,real::snap_mathoverflow,recent_history_k20,mechanism_direction,0.0033991893013309,3,0.11547005383792516,0.09999999999999999,0.11666666666666665
qwen36-27b_nothink,controlled__snap_mathoverflow__bursty__contiguous__rho0.15__r0|time_agnostic_t|ws0|b800,real::snap_mathoverflow,time_agnostic_t,direction_only,0.0039417828987265,3,0.03753735916834498,0.0373,0.04513333333333334
qwen36-27b_nothink,controlled__snap_mathoverflow__bursty__contiguous__rho0.15__r0|time_agnostic_t|ws0|b800,real::snap_mathoverflow,time_agnostic_t,hidden,0.0039417828987265,3,0.0015044378795195678,0.00135,0.0036666666666666666
qwen36-27b_nothink,controlled__snap_mathoverflow__bursty__contiguous__rho0.15__r0|time_agnostic_t|ws0|b800,real::snap_mathoverflow,time_agnostic_t,mechanism,0.0039417828987265,3,0.09834802150187533,0.09599999999999997,0.18166666666666664
qwen36-27b_nothink,controlled__snap_mathoverflow__bursty__contiguous__rho0.15__r0|time_agnostic_t|ws0|b800,real::snap_mathoverflow,time_agnostic_t,mechanism_direction,0.0039417828987265,3,0.02830783166074952,0.024999999999999994,0.13266666666666668
qwen36-27b_nothink,controlled__snap_mathoverflow__bursty__contiguous__rho0.15__r0|time_agnostic_t|ws0|b800,real::snap_mathoverflow,time_agnostic_t,metadata_only,0.0039417828987265,3,0.1096965511460289,0.09499999999999997,0.3133333333333333
qwen36-27b_nothink,controlled__snap_mathoverflow__bursty__contiguous__rho0.15__r0|time_agnostic_t|ws0|b800,real::snap_mathoverflow,time_agnostic_t,mismatched,0.0039417828987265,3,0.0,0.0,0.0028
qwen36-27b_nothink,controlled__snap_mathoverflow__bursty__contiguous__rho0.15__r0|time_respecting|ws0|b800,real::snap_mathoverflow,time_respecting,direction_only,0.002957667060313,3,0.12689791172434636,0.12410000000000002,0.11060000000000002
qwen36-27b_nothink,controlled__snap_mathoverflow__bursty__contiguous__rho0.15__r0|time_respecting|ws0|b800,real::snap_mathoverflow,time_respecting,hidden,0.002957667060313,3,0.004734272207354931,0.0040999999999999995,0.004533333333333333
qwen36-27b_nothink,controlled__snap_mathoverflow__bursty__contiguous__rho0.15__r0|time_respecting|ws0|b800,real::snap_mathoverflow,time_respecting,mechanism,0.002957667060313,3,0.13475414650392026,0.1169,0.07840000000000001
qwen36-27b_nothink,controlled__snap_mathoverflow__bursty__contiguous__rho0.15__r0|time_respecting|ws0|b800,real::snap_mathoverflow,time_respecting,mechanism_direction,0.002957667060313,3,0.24664414311581237,0.22499999999999998,0.21666666666666667
qwen36-27b_nothink,controlled__snap_mathoverflow__bursty__contiguous__rho0.55__r0|event_sample_then_full_history|ss0|b9600,real::snap_mathoverflow,event_sample_then_full_history,hidden,0.0070856340365771,3,0.11620034423356927,0.10470000000000002,0.5938
qwen36-27b_nothink,controlled__snap_mathoverflow__bursty__contiguous__rho0.55__r0|event_sample_then_full_history|ss0|b9600,real::snap_mathoverflow,event_sample_then_full_history,mechanism,0.0070856340365771,3,0.14656170486635772,0.1325,0.5113333333333333
qwen36-27b_nothink,controlled__snap_mathoverflow__bursty__contiguous__rho0.55__r0|event_sample_then_full_history|ss0|b9600,real::snap_mathoverflow,event_sample_then_full_history,mechanism_direction,0.0070856340365771,3,0.09400709193105238,0.09399999999999997,0.4266666666666667
qwen36-27b_nothink,controlled__snap_mathoverflow__bursty__contiguous__rho0.55__r0|event_sample_then_full_history|ss0|b9600,real::snap_mathoverflow,event_sample_then_full_history,mismatched,0.0070856340365771,3,0.21361959960016152,0.18499999999999994,0.7266666666666666
qwen36-27b_nothink,controlled__snap_mathoverflow__bursty__contiguous__rho0.55__r0|node_panel_full_history|ss0|b2500,real::snap_mathoverflow,node_panel_full_history,direction_only,0.0063036609109188,3,0.0015999999999999903,0.0015999999999999348,0.3716
qwen36-27b_nothink,controlled__snap_mathoverflow__bursty__contiguous__rho0.55__r0|node_panel_full_history|ss0|b2500,real::snap_mathoverflow,node_panel_full_history,hidden,0.0063036609109188,3,0.006593936608733828,0.005900000000000016,0.3764
qwen36-27b_nothink,controlled__snap_mathoverflow__bursty__contiguous__rho0.55__r0|node_panel_full_history|ss0|b2500,real::snap_mathoverflow,node_panel_full_history,mechanism,0.0063036609109188,3,0.014321429165182264,0.012550000000000006,0.38326666666666664
qwen36-27b_nothink,controlled__snap_mathoverflow__bursty__contiguous__rho0.55__r0|recent_history_k20|ws0|b800,real::snap_mathoverflow,recent_history_k20,direction_only,0.003473662932346,3,0.05107184482014854,0.0475,0.06166666666666667
qwen36-27b_nothink,controlled__snap_mathoverflow__bursty__contiguous__rho0.55__r0|recent_history_k20|ws0|b800,real::snap_mathoverflow,recent_history_k20,hidden,0.003473662932346,3,0.003059956426705016,0.0026499999999999996,0.007166666666666666
qwen36-27b_nothink,controlled__snap_mathoverflow__bursty__contiguous__rho0.55__r0|recent_history_k20|ws0|b800,real::snap_mathoverflow,recent_history_k20,mechanism,0.003473662932346,3,0.10512056570116683,0.0925,0.07866666666666666
qwen36-27b_nothink,controlled__snap_mathoverflow__bursty__contiguous__rho0.55__r0|recent_history_k20|ws0|b800,real::snap_mathoverflow,recent_history_k20,mechanism_direction,0.003473662932346,3,0.05773502691896258,0.04999999999999999,0.16666666666666666
qwen36-27b_nothink,controlled__snap_mathoverflow__bursty__contiguous__rho0.55__r0|time_agnostic_t|ws0|b800,real::snap_mathoverflow,time_agnostic_t,direction_only,0.0039364633536539,3,0.08962886439832501,0.07999999999999999,0.14666666666666664
qwen36-27b_nothink,controlled__snap_mathoverflow__bursty__contiguous__rho0.55__r0|time_agnostic_t|ws0|b800,real::snap_mathoverflow,time_agnostic_t,hidden,0.0039364633536539,3,0.002367136103677465,0.0020499999999999997,0.006733333333333333
qwen36-27b_nothink,controlled__snap_mathoverflow__bursty__contiguous__rho0.55__r0|time_agnostic_t|ws0|b800,real::snap_mathoverflow,time_agnostic_t,mechanism,0.0039364633536539,3,0.37992937940271654,0.33149999999999996,0.39433333333333326
qwen36-27b_nothink,controlled__snap_mathoverflow__bursty__contiguous__rho0.55__r0|time_agnostic_t|ws0|b800,real::snap_mathoverflow,time_agnostic_t,mechanism_direction,0.0039364633536539,3,0.015275252316519468,0.014999999999999986,0.16666666666666666
qwen36-27b_nothink,controlled__snap_mathoverflow__bursty__contiguous__rho0.55__r0|time_agnostic_t|ws0|b800,real::snap_mathoverflow,time_agnostic_t,metadata_only,0.0039364633536539,3,0.028867513459481284,0.024999999999999967,0.43333333333333335
qwen36-27b_nothink,controlled__snap_mathoverflow__bursty__contiguous__rho0.55__r0|time_agnostic_t|ws0|b800,real::snap_mathoverflow,time_agnostic_t,mismatched,0.0039364633536539,3,1.1547005383792546e-05,9.999999999999593e-06,0.003993333333333334
qwen36-27b_nothink,controlled__snap_mathoverflow__bursty__contiguous__rho0.55__r0|time_respecting|ws0|b800,real::snap_mathoverflow,time_respecting,direction_only,0.0028938325194429,3,0.05131601439446884,0.05000000000000002,0.10666666666666665
qwen36-27b_nothink,controlled__snap_mathoverflow__bursty__contiguous__rho0.55__r0|time_respecting|ws0|b800,real::snap_mathoverflow,time_respecting,hidden,0.0028938325194429,3,2.1245936804851847e-18,0.0,0.011000000000000001
qwen36-27b_nothink,controlled__snap_mathoverflow__bursty__contiguous__rho0.55__r0|time_respecting|ws0|b800,real::snap_mathoverflow,time_respecting,mechanism,0.0028938325194429,3,0.001527525231651947,0.0014999999999999996,0.012666666666666666
qwen36-27b_nothink,controlled__snap_mathoverflow__bursty__contiguous__rho0.55__r0|time_respecting|ws0|b800,real::snap_mathoverflow,time_respecting,mechanism_direction,0.0028938325194429,3,0.25980762113533157,0.225,0.3
qwen36-27b_nothink,controlled__sp_highschool2013__bursty__contiguous__rho0.15__r0|event_sample_then_full_history|ss0|b9600,real::sp_highschool2013,event_sample_then_full_history,direction_only,0.0036094877964936,3,0.02516611478423584,0.025000000000000022,0.14333333333333334
qwen36-27b_nothink,controlled__sp_highschool2013__bursty__contiguous__rho0.15__r0|event_sample_then_full_history|ss0|b9600,real::sp_highschool2013,event_sample_then_full_history,hidden,0.0036094877964936,3,0.0718670299928973,0.065,0.2027
qwen36-27b_nothink,controlled__sp_highschool2013__bursty__contiguous__rho0.15__r0|event_sample_then_full_history|ss0|b9600,real::sp_highschool2013,event_sample_then_full_history,mechanism,0.0036094877964936,3,0.00023094010767585693,0.00020000000000000573,0.22973333333333334
qwen36-27b_nothink,controlled__sp_highschool2013__bursty__contiguous__rho0.15__r0|event_sample_then_full_history|ss0|b9600,real::sp_highschool2013,event_sample_then_full_history,mechanism_direction,0.0036094877964936,3,0.0022068076490713985,0.0022000000000000075,0.23170000000000002
qwen36-27b_nothink,controlled__sp_highschool2013__bursty__contiguous__rho0.15__r0|event_sample_then_full_history|ss0|b9600,real::sp_highschool2013,event_sample_then_full_history,mismatched,0.0036094877964936,3,5.773502691897224e-05,4.999999999999449e-05,0.23803333333333332
qwen36-27b_nothink,controlled__sp_highschool2013__bursty__contiguous__rho0.15__r0|node_panel_full_history|ss0|b2500,real::sp_highschool2013,node_panel_full_history,direction_only,0.0046407700240632,3,0.00017320508075686865,0.00014999999999998348,0.2591
qwen36-27b_nothink,controlled__sp_highschool2013__bursty__contiguous__rho0.15__r0|node_panel_full_history|ss0|b2500,real::sp_highschool2013,node_panel_full_history,hidden,0.0046407700240632,3,0.19995052721444204,0.18,0.3697333333333333
qwen36-27b_nothink,controlled__sp_highschool2013__bursty__contiguous__rho0.15__r0|node_panel_full_history|ss0|b2500,real::sp_highschool2013,node_panel_full_history,mechanism,0.0046407700240632,3,0.0,0.0,0.259
qwen36-27b_nothink,controlled__sp_highschool2013__bursty__contiguous__rho0.15__r0|node_panel_full_history|ss0|b2500,real::sp_highschool2013,node_panel_full_history,mechanism_direction,0.0046407700240632,3,0.0,0.0,0.2593
qwen36-27b_nothink,controlled__sp_highschool2013__bursty__contiguous__rho0.15__r0|recent_history_k20|ws0|b800,real::sp_highschool2013,recent_history_k20,hidden,0.0402200068752148,3,0.01151824639430847,0.010000000000000002,0.0367
qwen36-27b_nothink,controlled__sp_highschool2013__bursty__contiguous__rho0.15__r0|recent_history_k20|ws0|b800,real::sp_highschool2013,recent_history_k20,mechanism,0.0402200068752148,3,0.0,0.0,0.03
qwen36-27b_nothink,controlled__sp_highschool2013__bursty__contiguous__rho0.15__r0|recent_history_k20|ws0|b800,real::sp_highschool2013,recent_history_k20,mechanism_direction,0.0402200068752148,3,0.09999999999999999,0.09999999999999998,0.25
qwen36-27b_nothink,controlled__sp_highschool2013__bursty__contiguous__rho0.15__r0|time_agnostic_t|ws0|b800,real::sp_highschool2013,time_agnostic_t,direction_only,0.124785149535923,3,0.07505553499465135,0.07500000000000001,0.12333333333333334
qwen36-27b_nothink,controlled__sp_highschool2013__bursty__contiguous__rho0.15__r0|time_agnostic_t|ws0|b800,real::sp_highschool2013,time_agnostic_t,hidden,0.124785149535923,3,0.0011547005383792518,0.001,0.0034333333333333334
qwen36-27b_nothink,controlled__sp_highschool2013__bursty__contiguous__rho0.15__r0|time_agnostic_t|ws0|b800,real::sp_highschool2013,time_agnostic_t,mechanism,0.124785149535923,3,0.20147894017324328,0.17865,0.16756666666666667
qwen36-27b_nothink,controlled__sp_highschool2013__bursty__contiguous__rho0.15__r0|time_agnostic_t|ws0|b800,real::sp_highschool2013,time_agnostic_t,mechanism_direction,0.124785149535923,3,0.006429100507328635,0.005999999999999998,0.057333333333333326
qwen36-27b_nothink,controlled__sp_highschool2013__bursty__contiguous__rho0.15__r0|time_agnostic_t|ws0|b800,real::sp_highschool2013,time_agnostic_t,metadata_only,0.124785149535923,3,0.052915026221291794,0.04999999999999993,0.86
qwen36-27b_nothink,controlled__sp_highschool2013__bursty__contiguous__rho0.15__r0|time_agnostic_t|ws0|b800,real::sp_highschool2013,time_agnostic_t,mismatched,0.124785149535923,3,1.7320508075688818e-05,1.500000000000004e-05,0.00191
qwen36-27b_nothink,controlled__sp_highschool2013__bursty__contiguous__rho0.15__r0|time_respecting|ws0|b800,real::sp_highschool2013,time_respecting,direction_only,0.0529391543485733,3,0.01607275126832159,0.015,0.06833333333333334
qwen36-27b_nothink,controlled__sp_highschool2013__bursty__contiguous__rho0.15__r0|time_respecting|ws0|b800,real::sp_highschool2013,time_respecting,hidden,0.0529391543485733,3,0.00473427220735493,0.0040999999999999995,0.013466666666666667
qwen36-27b_nothink,controlled__sp_highschool2013__bursty__contiguous__rho0.15__r0|time_respecting|ws0|b800,real::sp_highschool2013,time_respecting,mechanism,0.0529391543485733,3,0.2720906711619003,0.24500000000000002,0.18666666666666668
qwen36-27b_nothink,controlled__sp_highschool2013__bursty__contiguous__rho0.15__r0|time_respecting|ws0|b800,real::sp_highschool2013,time_respecting,mechanism_direction,0.0529391543485733,3,0.03785938897200182,0.034999999999999996,0.07666666666666666
qwen36-27b_nothink,controlled__sp_highschool2013__bursty__contiguous__rho0.55__r0|event_sample_then_full_history|ss0|b9600,real::sp_highschool2013,event_sample_then_full_history,direction_only,0.0027500859401856,3,0.13383945606584033,0.13349999999999995,0.739
qwen36-27b_nothink,controlled__sp_highschool2013__bursty__contiguous__rho0.55__r0|event_sample_then_full_history|ss0|b9600,real::sp_highschool2013,event_sample_then_full_history,hidden,0.0027500859401856,3,0.0,0.0,0.9375
qwen36-27b_nothink,controlled__sp_highschool2013__bursty__contiguous__rho0.55__r0|event_sample_then_full_history|ss0|b9600,real::sp_highschool2013,event_sample_then_full_history,mechanism,0.0027500859401856,3,5.773502691895622e-05,4.999999999999449e-05,0.9960666666666667
qwen36-27b_nothink,controlled__sp_highschool2013__bursty__contiguous__rho0.55__r0|event_sample_then_full_history|ss0|b9600,real::sp_highschool2013,event_sample_then_full_history,mechanism_direction,0.0027500859401856,3,0.09816009032867343,0.09804999999999997,0.8953666666666665
qwen36-27b_nothink,controlled__sp_highschool2013__bursty__contiguous__rho0.55__r0|event_sample_then_full_history|ss0|b9600,real::sp_highschool2013,event_sample_then_full_history,mismatched,0.0027500859401856,3,0.0,0.0,0.9375
qwen36-27b_nothink,controlled__sp_highschool2013__bursty__contiguous__rho0.55__r0|node_panel_full_history|ss0|b2500,real::sp_highschool2013,node_panel_full_history,direction_only,0.0073908559642488,3,0.0070436732841134275,0.006099999999999994,0.4691666666666667
qwen36-27b_nothink,controlled__sp_highschool2013__bursty__contiguous__rho0.55__r0|node_panel_full_history|ss0|b2500,real::sp_highschool2013,node_panel_full_history,hidden,0.0073908559642488,3,0.28147883283354247,0.27499999999999997,0.36566666666666664
qwen36-27b_nothink,controlled__sp_highschool2013__bursty__contiguous__rho0.55__r0|node_panel_full_history|ss0|b2500,real::sp_highschool2013,node_panel_full_history,mechanism,0.0073908559642488,3,0.0,0.0,0.4651
qwen36-27b_nothink,controlled__sp_highschool2013__bursty__contiguous__rho0.55__r0|node_panel_full_history|ss0|b2500,real::sp_highschool2013,node_panel_full_history,mechanism_direction,0.0073908559642488,3,0.0,0.0,0.4651
qwen36-27b_nothink,controlled__sp_highschool2013__bursty__contiguous__rho0.55__r0|recent_history_k20|ws0|b800,real::sp_highschool2013,recent_history_k20,direction_only,0.0553454795462358,3,0.06582552696332936,0.065,0.17900000000000002
qwen36-27b_nothink,controlled__sp_highschool2013__bursty__contiguous__rho0.55__r0|recent_history_k20|ws0|b800,real::sp_highschool2013,recent_history_k20,hidden,0.0553454795462358,3,0.02442191638672117,0.021150000000000002,0.0482
qwen36-27b_nothink,controlled__sp_highschool2013__bursty__contiguous__rho0.55__r0|recent_history_k20|ws0|b800,real::sp_highschool2013,recent_history_k20,mechanism,0.0553454795462358,3,0.018770544300401447,0.0165,0.04033333333333333
qwen36-27b_nothink,controlled__sp_highschool2013__bursty__contiguous__rho0.55__r0|recent_history_k20|ws0|b800,real::sp_highschool2013,recent_history_k20,mechanism_direction,0.0553454795462358,3,0.1010362971081845,0.09999999999999998,0.19166666666666665
qwen36-27b_nothink,controlled__sp_highschool2013__bursty__contiguous__rho0.55__r0|time_agnostic_t|ws0|b800,real::sp_highschool2013,time_agnostic_t,direction_only,0.127363355104847,3,0.06506407098647711,0.06499999999999999,0.08333333333333333
qwen36-27b_nothink,controlled__sp_highschool2013__bursty__contiguous__rho0.55__r0|time_agnostic_t|ws0|b800,real::sp_highschool2013,time_agnostic_t,hidden,0.127363355104847,3,0.005773502691896256,0.004999999999999999,0.016866666666666665
qwen36-27b_nothink,controlled__sp_highschool2013__bursty__contiguous__rho0.55__r0|time_agnostic_t|ws0|b800,real::sp_highschool2013,time_agnostic_t,mechanism,0.127363355104847,3,0.0529150262212918,0.04999999999999999,0.45999999999999996
qwen36-27b_nothink,controlled__sp_highschool2013__bursty__contiguous__rho0.55__r0|time_agnostic_t|ws0|b800,real::sp_highschool2013,time_agnostic_t,mechanism_direction,0.127363355104847,3,0.0529150262212918,0.04999999999999999,0.45999999999999996
qwen36-27b_nothink,controlled__sp_highschool2013__bursty__contiguous__rho0.55__r0|time_agnostic_t|ws0|b800,real::sp_highschool2013,time_agnostic_t,metadata_only,0.127363355104847,3,0.07637626158259735,0.07500000000000007,0.7666666666666666
qwen36-27b_nothink,controlled__sp_highschool2013__bursty__contiguous__rho0.55__r0|time_agnostic_t|ws0|b800,real::sp_highschool2013,time_agnostic_t,mismatched,0.127363355104847,3,0.0,0.0,0.0098
qwen36-27b_nothink,controlled__sp_highschool2013__bursty__contiguous__rho0.55__r0|time_respecting|ws0|b800,real::sp_highschool2013,time_respecting,direction_only,0.057408044001375,3,0.1697802501274319,0.167,0.18533333333333335
qwen36-27b_nothink,controlled__sp_highschool2013__bursty__contiguous__rho0.55__r0|time_respecting|ws0|b800,real::sp_highschool2013,time_respecting,hidden,0.057408044001375,3,0.03666156025048579,0.03499999999999999,0.0457
qwen36-27b_nothink,controlled__sp_highschool2013__bursty__contiguous__rho0.55__r0|time_respecting|ws0|b800,real::sp_highschool2013,time_respecting,mechanism,0.057408044001375,3,0.010610529361598004,0.009750000000000002,0.020833333333333332
qwen36-27b_nothink,controlled__sp_highschool2013__bursty__contiguous__rho0.55__r0|time_respecting|ws0|b800,real::sp_highschool2013,time_respecting,mechanism_direction,0.057408044001375,3,0.0608276253029822,0.05499999999999999,0.18000000000000002
qwen36-27b_nothink,controlled__sp_hospital__bursty__contiguous__rho0.15__r0|event_sample_then_full_history|ss0|b9600,real::sp_hospital,event_sample_then_full_history,direction_only,0.0658472344161545,3,0.005773502691896262,0.0050000000000000044,0.06666666666666667
qwen36-27b_nothink,controlled__sp_hospital__bursty__contiguous__rho0.15__r0|event_sample_then_full_history|ss0|b9600,real::sp_hospital,event_sample_then_full_history,hidden,0.0658472344161545,3,0.013207195008782148,0.012249999999999983,0.12760000000000002
qwen36-27b_nothink,controlled__sp_hospital__bursty__contiguous__rho0.15__r0|event_sample_then_full_history|ss0|b9600,real::sp_hospital,event_sample_then_full_history,mechanism,0.0658472344161545,3,0.02684368330414687,0.024499999999999994,0.13516666666666666
qwen36-27b_nothink,controlled__sp_hospital__bursty__contiguous__rho0.15__r0|event_sample_then_full_history|ss0|b9600,real::sp_hospital,event_sample_then_full_history,mechanism_direction,0.0658472344161545,3,0.1490771612286738,0.132,0.19799999999999998
qwen36-27b_nothink,controlled__sp_hospital__bursty__contiguous__rho0.15__r0|event_sample_then_full_history|ss0|b9600,real::sp_hospital,event_sample_then_full_history,mismatched,0.0658472344161545,3,0.03988734135035825,0.035499999999999976,0.16
qwen36-27b_nothink,controlled__sp_hospital__bursty__contiguous__rho0.15__r0|node_panel_full_history|ss0|b2500,real::sp_hospital,node_panel_full_history,direction_only,0.0430201931518876,3,0.0052538874496256,0.004550000000000012,0.10503333333333333
qwen36-27b_nothink,controlled__sp_hospital__bursty__contiguous__rho0.15__r0|node_panel_full_history|ss0|b2500,real::sp_hospital,node_panel_full_history,hidden,0.0430201931518876,3,0.007743599507550309,0.007150000000000004,0.10743333333333333
qwen36-27b_nothink,controlled__sp_hospital__bursty__contiguous__rho0.15__r0|node_panel_full_history|ss0|b2500,real::sp_hospital,node_panel_full_history,mechanism,0.0430201931518876,3,0.07540194515616513,0.06530000000000001,0.14553333333333332
qwen36-27b_nothink,controlled__sp_hospital__bursty__contiguous__rho0.15__r0|node_panel_full_history|ss0|b2500,real::sp_hospital,node_panel_full_history,mechanism_direction,0.0430201931518876,3,0.0038682468035704993,0.0033500000000000058,0.10646666666666667
qwen36-27b_nothink,controlled__sp_hospital__bursty__contiguous__rho0.15__r0|recent_history_k20|ws0|b800,real::sp_hospital,recent_history_k20,direction_only,0.1545215100965759,3,0.05131601439446884,0.04999999999999999,0.13666666666666666
qwen36-27b_nothink,controlled__sp_hospital__bursty__contiguous__rho0.15__r0|recent_history_k20|ws0|b800,real::sp_hospital,recent_history_k20,hidden,0.1545215100965759,3,0.014722431864335455,0.012749999999999997,0.043000000000000003
qwen36-27b_nothink,controlled__sp_hospital__bursty__contiguous__rho0.15__r0|recent_history_k20|ws0|b800,real::sp_hospital,recent_history_k20,mechanism,0.1545215100965759,3,0.06286493458200684,0.058,0.078
qwen36-27b_nothink,controlled__sp_hospital__bursty__contiguous__rho0.15__r0|recent_history_k20|ws0|b800,real::sp_hospital,recent_history_k20,mechanism_direction,0.1545215100965759,3,0.0,0.0,0.12
qwen36-27b_nothink,controlled__sp_hospital__bursty__contiguous__rho0.15__r0|time_agnostic_t|ws0|b800,real::sp_hospital,time_agnostic_t,direction_only,0.5013169446883231,3,0.08747959762138828,0.0851,0.12660000000000002
qwen36-27b_nothink,controlled__sp_hospital__bursty__contiguous__rho0.15__r0|time_agnostic_t|ws0|b800,real::sp_hospital,time_agnostic_t,hidden,0.5013169446883231,3,0.007171471257698799,0.006649999999999996,0.021599999999999998
qwen36-27b_nothink,controlled__sp_hospital__bursty__contiguous__rho0.15__r0|time_agnostic_t|ws0|b800,real::sp_hospital,time_agnostic_t,mechanism,0.5013169446883231,3,0.32426532346213033,0.31599999999999995,0.535
qwen36-27b_nothink,controlled__sp_hospital__bursty__contiguous__rho0.15__r0|time_agnostic_t|ws0|b800,real::sp_hospital,time_agnostic_t,mechanism_direction,0.5013169446883231,3,0.05369357503463519,0.046500000000000014,0.18800000000000003
qwen36-27b_nothink,controlled__sp_hospital__bursty__contiguous__rho0.15__r0|time_agnostic_t|ws0|b800,real::sp_hospital,time_agnostic_t,metadata_only,0.5013169446883231,3,1.3597399555105182e-16,0.0,0.9899999999999999
qwen36-27b_nothink,controlled__sp_hospital__bursty__contiguous__rho0.15__r0|time_agnostic_t|ws0|b800,real::sp_hospital,time_agnostic_t,mismatched,0.5013169446883231,3,0.0,0.0,0.0165
qwen36-27b_nothink,controlled__sp_hospital__bursty__contiguous__rho0.15__r0|time_respecting|ws0|b800,real::sp_hospital,time_respecting,direction_only,0.1747146619841966,3,0.17559422921421233,0.17500000000000002,0.23333333333333336
qwen36-27b_nothink,controlled__sp_hospital__bursty__contiguous__rho0.15__r0|time_respecting|ws0|b800,real::sp_hospital,time_respecting,hidden,0.1747146619841966,3,0.0015044378795195678,0.0013499999999999996,0.004333333333333333
qwen36-27b_nothink,controlled__sp_hospital__bursty__contiguous__rho0.15__r0|time_respecting|ws0|b800,real::sp_hospital,time_respecting,mechanism,0.1747146619841966,3,0.025041632002194534,0.023749999999999997,0.030833333333333334
qwen36-27b_nothink,controlled__sp_hospital__bursty__contiguous__rho0.15__r0|time_respecting|ws0|b800,real::sp_hospital,time_respecting,mechanism_direction,0.1747146619841966,3,0.03605551275463989,0.03499999999999999,0.09000000000000001
qwen36-27b_nothink,controlled__sp_hospital__bursty__contiguous__rho0.55__r0|event_sample_then_full_history|ss0|b9600,real::sp_hospital,event_sample_then_full_history,direction_only,0.0588235294117647,3,0.028867513459481315,0.025000000000000022,0.5333333333333333
qwen36-27b_nothink,controlled__sp_hospital__bursty__contiguous__rho0.55__r0|event_sample_then_full_history|ss0|b9600,real::sp_hospital,event_sample_then_full_history,hidden,0.0588235294117647,3,0.07143397884293815,0.07090000000000007,0.5759333333333333
qwen36-27b_nothink,controlled__sp_hospital__bursty__contiguous__rho0.55__r0|event_sample_then_full_history|ss0|b9600,real::sp_hospital,event_sample_then_full_history,mechanism,0.0588235294117647,3,0.002939954648176252,0.002850000000000019,0.7782666666666667
qwen36-27b_nothink,controlled__sp_hospital__bursty__contiguous__rho0.55__r0|event_sample_then_full_history|ss0|b9600,real::sp_hospital,event_sample_then_full_history,mechanism_direction,0.0588235294117647,3,0.02264950330581227,0.022500000000000075,0.773
qwen36-27b_nothink,controlled__sp_hospital__bursty__contiguous__rho0.55__r0|event_sample_then_full_history|ss0|b9600,real::sp_hospital,event_sample_then_full_history,mismatched,0.0588235294117647,3,0.03055050463303896,0.030000000000000027,0.6466666666666666
qwen36-27b_nothink,controlled__sp_hospital__bursty__contiguous__rho0.55__r0|node_panel_full_history|ss0|b2500,real::sp_hospital,node_panel_full_history,direction_only,0.0359964881474978,3,0.013973307888017577,0.0122000000000001,0.5448666666666667
qwen36-27b_nothink,controlled__sp_hospital__bursty__contiguous__rho0.55__r0|node_panel_full_history|ss0|b2500,real::sp_hospital,node_panel_full_history,hidden,0.0359964881474978,3,0.19362722776854846,0.1740500000000001,0.4390333333333334
qwen36-27b_nothink,controlled__sp_hospital__bursty__contiguous__rho0.55__r0|node_panel_full_history|ss0|b2500,real::sp_hospital,node_panel_full_history,mechanism,0.0359964881474978,3,0.019273124638556502,0.019000000000000017,0.5328666666666667
qwen36-27b_nothink,controlled__sp_hospital__bursty__contiguous__rho0.55__r0|node_panel_full_history|ss0|b2500,real::sp_hospital,node_panel_full_history,mechanism_direction,0.0359964881474978,3,0.007736493607141031,0.006700000000000039,0.5410666666666667
qwen36-27b_nothink,controlled__sp_hospital__bursty__contiguous__rho0.55__r0|recent_history_k20|ws0|b800,real::sp_hospital,recent_history_k20,direction_only,0.2071992976294995,3,0.04012584370867899,0.03475,0.12683333333333333
qwen36-27b_nothink,controlled__sp_hospital__bursty__contiguous__rho0.55__r0|recent_history_k20|ws0|b800,real::sp_hospital,recent_history_k20,hidden,0.2071992976294995,3,0.03192887929967686,0.027800000000000005,0.05886666666666666
qwen36-27b_nothink,controlled__sp_hospital__bursty__contiguous__rho0.55__r0|recent_history_k20|ws0|b800,real::sp_hospital,recent_history_k20,mechanism,0.2071992976294995,3,0.048013886880082235,0.043,0.06466666666666666
qwen36-27b_nothink,controlled__sp_hospital__bursty__contiguous__rho0.55__r0|recent_history_k20|ws0|b800,real::sp_hospital,recent_history_k20,mechanism_direction,0.2071992976294995,3,0.028867513459481284,0.024999999999999994,0.2333333333333333
qwen36-27b_nothink,controlled__sp_hospital__bursty__contiguous__rho0.55__r0|time_agnostic_t|ws0|b800,real::sp_hospital,time_agnostic_t,direction_only,0.5004389815627743,3,0.21517434791350015,0.21500000000000005,0.33
qwen36-27b_nothink,controlled__sp_hospital__bursty__contiguous__rho0.55__r0|time_agnostic_t|ws0|b800,real::sp_hospital,time_agnostic_t,hidden,0.5004389815627743,3,0.021939310229205783,0.019000000000000003,0.06983333333333334
qwen36-27b_nothink,controlled__sp_hospital__bursty__contiguous__rho0.55__r0|time_agnostic_t|ws0|b800,real::sp_hospital,time_agnostic_t,mechanism,0.5004389815627743,3,0.0790969868789787,0.06849999999999995,0.4956666666666667
qwen36-27b_nothink,controlled__sp_hospital__bursty__contiguous__rho0.55__r0|time_agnostic_t|ws0|b800,real::sp_hospital,time_agnostic_t,mechanism_direction,0.5004389815627743,3,0.055075705472861045,0.05500000000000005,0.4033333333333333
qwen36-27b_nothink,controlled__sp_hospital__bursty__contiguous__rho0.55__r0|time_agnostic_t|ws0|b800,real::sp_hospital,time_agnostic_t,metadata_only,0.5004389815627743,3,0.005773502691896263,0.0050000000000000044,0.9833333333333334
qwen36-27b_nothink,controlled__sp_hospital__bursty__contiguous__rho0.55__r0|time_agnostic_t|ws0|b800,real::sp_hospital,time_agnostic_t,mismatched,0.5004389815627743,3,0.0018502252115170544,0.0016499999999999987,0.043833333333333335
qwen36-27b_nothink,controlled__sp_hospital__bursty__contiguous__rho0.55__r0|time_respecting|ws0|b800,real::sp_hospital,time_respecting,direction_only,0.1633011413520632,3,0.034641016151377546,0.03,0.22999999999999998
qwen36-27b_nothink,controlled__sp_hospital__bursty__contiguous__rho0.55__r0|time_respecting|ws0|b800,real::sp_hospital,time_respecting,hidden,0.1633011413520632,3,0.004725815626252605,0.004500000000000004,0.08933333333333333
qwen36-27b_nothink,controlled__sp_hospital__bursty__contiguous__rho0.55__r0|time_respecting|ws0|b800,real::sp_hospital,time_respecting,mechanism,0.1633011413520632,3,0.07311862507824757,0.06499999999999999,0.09566666666666668
qwen36-27b_nothink,controlled__sp_hospital__bursty__contiguous__rho0.55__r0|time_respecting|ws0|b800,real::sp_hospital,time_respecting,mechanism_direction,0.1633011413520632,3,0.05,0.05000000000000002,0.19999999999999998
qwen36-27b_nothink,controlled__sp_hypertext2009__bursty__contiguous__rho0.15__r0|event_sample_then_full_history|ss0|b9600,real::sp_hypertext2009,event_sample_then_full_history,direction_only,0.0724043715846994,3,0.02886751345948128,0.024999999999999994,0.10333333333333333
qwen36-27b_nothink,controlled__sp_hypertext2009__bursty__contiguous__rho0.15__r0|event_sample_then_full_history|ss0|b9600,real::sp_hypertext2009,event_sample_then_full_history,hidden,0.0724043715846994,3,0.0625826120686356,0.06125,0.12983333333333333
qwen36-27b_nothink,controlled__sp_hypertext2009__bursty__contiguous__rho0.15__r0|event_sample_then_full_history|ss0|b9600,real::sp_hypertext2009,event_sample_then_full_history,mechanism,0.0724043715846994,3,0.01404753833713699,0.014000000000000012,0.12166666666666666
qwen36-27b_nothink,controlled__sp_hypertext2009__bursty__contiguous__rho0.15__r0|event_sample_then_full_history|ss0|b9600,real::sp_hypertext2009,event_sample_then_full_history,mechanism_direction,0.0724043715846994,3,0.06242862591258382,0.057999999999999996,0.1386666666666667
qwen36-27b_nothink,controlled__sp_hypertext2009__bursty__contiguous__rho0.15__r0|node_panel_full_history|ss0|b2500,real::sp_hypertext2009,node_panel_full_history,direction_only,0.0837887067395264,3,0.000763762615825974,0.0007500000000000007,0.09323333333333333
qwen36-27b_nothink,controlled__sp_hypertext2009__bursty__contiguous__rho0.15__r0|node_panel_full_history|ss0|b2500,real::sp_hypertext2009,node_panel_full_history,hidden,0.0837887067395264,3,0.0355117351495718,0.03225,0.07833333333333332
qwen36-27b_nothink,controlled__sp_hypertext2009__bursty__contiguous__rho0.15__r0|node_panel_full_history|ss0|b2500,real::sp_hypertext2009,node_panel_full_history,mechanism_direction,0.0837887067395264,3,0.002179449471770339,0.0020000000000000018,0.0924
qwen36-27b_nothink,controlled__sp_hypertext2009__bursty__contiguous__rho0.15__r0|recent_history_k20|ws0|b800,real::sp_hypertext2009,recent_history_k20,direction_only,0.1270491803278688,3,0.1965536398374076,0.185,0.17666666666666667
qwen36-27b_nothink,controlled__sp_hypertext2009__bursty__contiguous__rho0.15__r0|recent_history_k20|ws0|b800,real::sp_hypertext2009,recent_history_k20,hidden,0.1270491803278688,3,0.012384264209067892,0.01075,0.018
qwen36-27b_nothink,controlled__sp_hypertext2009__bursty__contiguous__rho0.15__r0|recent_history_k20|ws0|b800,real::sp_hypertext2009,recent_history_k20,mechanism,0.1270491803278688,3,0.018876793513023692,0.018500000000000006,0.029333333333333336
qwen36-27b_nothink,controlled__sp_hypertext2009__bursty__contiguous__rho0.15__r0|recent_history_k20|ws0|b800,real::sp_hypertext2009,recent_history_k20,mechanism_direction,0.1270491803278688,3,0.041327956639543646,0.040999999999999995,0.106
qwen36-27b_nothink,controlled__sp_hypertext2009__bursty__contiguous__rho0.15__r0|time_agnostic_t|ws0|b800,real::sp_hypertext2009,time_agnostic_t,direction_only,0.296448087431694,3,0.017320508075688773,0.014999999999999986,0.14
qwen36-27b_nothink,controlled__sp_hypertext2009__bursty__contiguous__rho0.15__r0|time_agnostic_t|ws0|b800,real::sp_hypertext2009,time_agnostic_t,hidden,0.296448087431694,3,1.0622968402425924e-18,0.0,0.007700000000000001
qwen36-27b_nothink,controlled__sp_hypertext2009__bursty__contiguous__rho0.15__r0|time_agnostic_t|ws0|b800,real::sp_hypertext2009,time_agnostic_t,mechanism,0.296448087431694,3,0.42002292000953156,0.36719999999999997,0.3154666666666667
qwen36-27b_nothink,controlled__sp_hypertext2009__bursty__contiguous__rho0.15__r0|time_agnostic_t|ws0|b800,real::sp_hypertext2009,time_agnostic_t,mechanism_direction,0.296448087431694,3,0.005507570547286107,0.0050000000000000044,0.07733333333333332
qwen36-27b_nothink,controlled__sp_hypertext2009__bursty__contiguous__rho0.15__r0|time_agnostic_t|ws0|b800,real::sp_hypertext2009,time_agnostic_t,metadata_only,0.296448087431694,3,0.06557438524302,0.06500000000000006,0.89
qwen36-27b_nothink,controlled__sp_hypertext2009__bursty__contiguous__rho0.15__r0|time_agnostic_t|ws0|b800,real::sp_hypertext2009,time_agnostic_t,mismatched,0.296448087431694,3,0.00028867513459481263,0.0002500000000000002,0.0044666666666666665
qwen36-27b_nothink,controlled__sp_hypertext2009__bursty__contiguous__rho0.15__r0|time_respecting|ws0|b800,real::sp_hypertext2009,time_respecting,direction_only,0.1215846994535519,3,0.08757139944068497,0.08625,0.1025
qwen36-27b_nothink,controlled__sp_hypertext2009__bursty__contiguous__rho0.15__r0|time_respecting|ws0|b800,real::sp_hypertext2009,time_respecting,hidden,0.1215846994535519,3,0.0,0.0,0.0075
qwen36-27b_nothink,controlled__sp_hypertext2009__bursty__contiguous__rho0.15__r0|time_respecting|ws0|b800,real::sp_hypertext2009,time_respecting,mechanism,0.1215846994535519,3,0.14810166553193563,0.12995,0.09203333333333334
qwen36-27b_nothink,controlled__sp_hypertext2009__bursty__contiguous__rho0.15__r0|time_respecting|ws0|b800,real::sp_hypertext2009,time_respecting,mechanism_direction,0.1215846994535519,3,0.07597367965289031,0.07200000000000001,0.09200000000000001
qwen36-27b_nothink,controlled__sp_hypertext2009__bursty__contiguous__rho0.55__r0|event_sample_then_full_history|ss0|b9600,real::sp_hypertext2009,event_sample_then_full_history,mechanism,0.0664845173041894,3,0.04707794954470016,0.04150000000000004,0.27366666666666667
qwen36-27b_nothink,controlled__sp_hypertext2009__bursty__contiguous__rho0.55__r0|event_sample_then_full_history|ss0|b9600,real::sp_hypertext2009,event_sample_then_full_history,mechanism_direction,0.0664845173041894,3,0.04164532786920201,0.038500000000000034,0.2823333333333333
qwen36-27b_nothink,controlled__sp_hypertext2009__bursty__contiguous__rho0.55__r0|node_panel_full_history|ss0|b2500,real::sp_hypertext2009,node_panel_full_history,direction_only,0.2030965391621129,3,0.01443410313574534,0.012550000000000006,0.21126666666666669
qwen36-27b_nothink,controlled__sp_hypertext2009__bursty__contiguous__rho0.55__r0|node_panel_full_history|ss0|b2500,real::sp_hypertext2009,node_panel_full_history,hidden,0.2030965391621129,3,0.038840485750481206,0.036500000000000005,0.19416666666666668
qwen36-27b_nothink,controlled__sp_hypertext2009__bursty__contiguous__rho0.55__r0|node_panel_full_history|ss0|b2500,real::sp_hypertext2009,node_panel_full_history,mechanism,0.2030965391621129,3,0.07635498237399661,0.06625,0.16866666666666666
qwen36-27b_nothink,controlled__sp_hypertext2009__bursty__contiguous__rho0.55__r0|node_panel_full_history|ss0|b2500,real::sp_hypertext2009,node_panel_full_history,mechanism_direction,0.2030965391621129,3,0.00028867513459481317,0.0002500000000000002,0.20916666666666664
qwen36-27b_nothink,controlled__sp_hypertext2009__bursty__contiguous__rho0.55__r0|recent_history_k20|ws0|b800,real::sp_hypertext2009,recent_history_k20,direction_only,0.1393442622950819,3,0.13923122255203152,0.13499999999999995,0.25466666666666665
qwen36-27b_nothink,controlled__sp_hypertext2009__bursty__contiguous__rho0.55__r0|recent_history_k20|ws0|b800,real::sp_hypertext2009,recent_history_k20,hidden,0.1393442622950819,3,0.016050337483471597,0.013900000000000003,0.036533333333333334
qwen36-27b_nothink,controlled__sp_hypertext2009__bursty__contiguous__rho0.55__r0|recent_history_k20|ws0|b800,real::sp_hypertext2009,recent_history_k20,mechanism,0.1393442622950819,3,0.0034641016151377535,0.0030000000000000027,0.044000000000000004
qwen36-27b_nothink,controlled__sp_hypertext2009__bursty__contiguous__rho0.55__r0|recent_history_k20|ws0|b800,real::sp_hypertext2009,recent_history_k20,mechanism_direction,0.1393442622950819,3,0.02886751345948128,0.024999999999999994,0.11666666666666665
qwen36-27b_nothink,controlled__sp_hypertext2009__bursty__contiguous__rho0.55__r0|time_agnostic_t|ws0|b800,real::sp_hypertext2009,time_agnostic_t,direction_only,0.302367941712204,3,0.025166114784235825,0.02500000000000001,0.12333333333333334
qwen36-27b_nothink,controlled__sp_hypertext2009__bursty__contiguous__rho0.55__r0|time_agnostic_t|ws0|b800,real::sp_hypertext2009,time_agnostic_t,hidden,0.302367941712204,3,0.006119912853410032,0.005299999999999999,0.019066666666666666
qwen36-27b_nothink,controlled__sp_hypertext2009__bursty__contiguous__rho0.55__r0|time_agnostic_t|ws0|b800,real::sp_hypertext2009,time_agnostic_t,mechanism,0.302367941712204,3,0.02309401076758505,0.020000000000000018,0.26666666666666666
qwen36-27b_nothink,controlled__sp_hypertext2009__bursty__contiguous__rho0.55__r0|time_agnostic_t|ws0|b800,real::sp_hypertext2009,time_agnostic_t,mechanism_direction,0.302367941712204,3,0.08144527815247077,0.075,0.15666666666666665
qwen36-27b_nothink,controlled__sp_hypertext2009__bursty__contiguous__rho0.55__r0|time_agnostic_t|ws0|b800,real::sp_hypertext2009,time_agnostic_t,metadata_only,0.302367941712204,3,0.07637626158259735,0.07500000000000007,0.8166666666666668
qwen36-27b_nothink,controlled__sp_hypertext2009__bursty__contiguous__rho0.55__r0|time_agnostic_t|ws0|b800,real::sp_hypertext2009,time_agnostic_t,mismatched,0.302367941712204,3,0.0,0.0,0.0122
qwen36-27b_nothink,controlled__sp_hypertext2009__bursty__contiguous__rho0.55__r0|time_respecting|ws0|b800,real::sp_hypertext2009,time_respecting,direction_only,0.1247723132969034,3,0.06511784189708175,0.0645,0.13033333333333333
qwen36-27b_nothink,controlled__sp_hypertext2009__bursty__contiguous__rho0.55__r0|time_respecting|ws0|b800,real::sp_hypertext2009,time_respecting,hidden,0.1247723132969034,3,0.0019924858845171275,0.0017500000000000016,0.0171
qwen36-27b_nothink,controlled__sp_hypertext2009__bursty__contiguous__rho0.55__r0|time_respecting|ws0|b800,real::sp_hypertext2009,time_respecting,mechanism,0.1247723132969034,3,0.17039170558842742,0.17,0.18666666666666668
qwen36-27b_nothink,controlled__sp_hypertext2009__bursty__contiguous__rho0.55__r0|time_respecting|ws0|b800,real::sp_hypertext2009,time_respecting,mechanism_direction,0.1247723132969034,3,0.06429100507328635,0.06,0.27666666666666667
qwen36-27b_nothink,controlled__sp_primaryschool__bursty__contiguous__rho0.15__r0|event_sample_then_full_history|ss0|b9600,real::sp_primaryschool,event_sample_then_full_history,direction_only,0.0080557893471203,3,0.0057735026918962545,0.0050000000000000044,0.11666666666666665
qwen36-27b_nothink,controlled__sp_primaryschool__bursty__contiguous__rho0.15__r0|event_sample_then_full_history|ss0|b9600,real::sp_primaryschool,event_sample_then_full_history,hidden,0.0080557893471203,3,0.10583005244258362,0.09999999999999998,0.19000000000000003
qwen36-27b_nothink,controlled__sp_primaryschool__bursty__contiguous__rho0.15__r0|event_sample_then_full_history|ss0|b9600,real::sp_primaryschool,event_sample_then_full_history,mechanism,0.0080557893471203,3,0.029765808124983518,0.026000000000000023,0.31736666666666663
qwen36-27b_nothink,controlled__sp_primaryschool__bursty__contiguous__rho0.15__r0|event_sample_then_full_history|ss0|b9600,real::sp_primaryschool,event_sample_then_full_history,mechanism_direction,0.0080557893471203,3,0.005257375771237974,0.0049000000000000155,0.3322
qwen36-27b_nothink,controlled__sp_primaryschool__bursty__contiguous__rho0.15__r0|node_panel_full_history|ss0|b2500,real::sp_primaryschool,node_panel_full_history,direction_only,0.0139473367800889,3,0.001039230484541324,0.0008999999999999841,0.2075
qwen36-27b_nothink,controlled__sp_primaryschool__bursty__contiguous__rho0.15__r0|node_panel_full_history|ss0|b2500,real::sp_primaryschool,node_panel_full_history,hidden,0.0139473367800889,3,0.04342315050753457,0.038449999999999984,0.1801
qwen36-27b_nothink,controlled__sp_primaryschool__bursty__contiguous__rho0.15__r0|node_panel_full_history|ss0|b2500,real::sp_primaryschool,node_panel_full_history,mechanism_direction,0.0139473367800889,3,0.001997498435543815,0.0018000000000000238,0.2064
qwen36-27b_nothink,controlled__sp_primaryschool__bursty__contiguous__rho0.15__r0|recent_history_k20|ws0|b800,real::sp_primaryschool,recent_history_k20,direction_only,0.0501382710111819,3,0.05773502691896257,0.04999999999999999,0.11666666666666665
qwen36-27b_nothink,controlled__sp_primaryschool__bursty__contiguous__rho0.15__r0|recent_history_k20|ws0|b800,real::sp_primaryschool,recent_history_k20,hidden,0.0501382710111819,3,0.019697715603592212,0.019000000000000003,0.028
qwen36-27b_nothink,controlled__sp_primaryschool__bursty__contiguous__rho0.15__r0|recent_history_k20|ws0|b800,real::sp_primaryschool,recent_history_k20,mechanism,0.0501382710111819,3,0.015275252316519468,0.015,0.023333333333333334
qwen36-27b_nothink,controlled__sp_primaryschool__bursty__contiguous__rho0.15__r0|recent_history_k20|ws0|b800,real::sp_primaryschool,recent_history_k20,mechanism_direction,0.0501382710111819,3,0.05131601439446884,0.04999999999999999,0.09333333333333334
qwen36-27b_nothink,controlled__sp_primaryschool__bursty__contiguous__rho0.15__r0|time_agnostic_t|ws0|b800,real::sp_primaryschool,time_agnostic_t,direction_only,0.0895755681135024,3,0.09701546268507923,0.09700000000000002,0.10200000000000002
qwen36-27b_nothink,controlled__sp_primaryschool__bursty__contiguous__rho0.15__r0|time_agnostic_t|ws0|b800,real::sp_primaryschool,time_agnostic_t,hidden,0.0895755681135024,3,5.311484201212962e-19,0.0,0.0026999999999999997
qwen36-27b_nothink,controlled__sp_primaryschool__bursty__contiguous__rho0.15__r0|time_agnostic_t|ws0|b800,real::sp_primaryschool,time_agnostic_t,mechanism,0.0895755681135024,3,0.0057735026918962545,0.0049999999999999906,0.07666666666666667
qwen36-27b_nothink,controlled__sp_primaryschool__bursty__contiguous__rho0.15__r0|time_agnostic_t|ws0|b800,real::sp_primaryschool,time_agnostic_t,mechanism_direction,0.0895755681135024,3,0.041307787804884116,0.03649999999999999,0.10233333333333333
qwen36-27b_nothink,controlled__sp_primaryschool__bursty__contiguous__rho0.15__r0|time_agnostic_t|ws0|b800,real::sp_primaryschool,time_agnostic_t,metadata_only,0.0895755681135024,3,0.10408329997330666,0.10000000000000009,0.8166666666666668
qwen36-27b_nothink,controlled__sp_primaryschool__bursty__contiguous__rho0.15__r0|time_agnostic_t|ws0|b800,real::sp_primaryschool,time_agnostic_t,mismatched,0.0895755681135024,3,2.6457513110645977e-05,2.5000000000000066e-05,0.00141
qwen36-27b_nothink,controlled__sp_primaryschool__bursty__contiguous__rho0.15__r0|time_respecting|ws0|b800,real::sp_primaryschool,time_respecting,hidden,0.0447276662258025,3,0.0,0.0,0.0
qwen36-27b_nothink,controlled__sp_primaryschool__bursty__contiguous__rho0.15__r0|time_respecting|ws0|b800,real::sp_primaryschool,time_respecting,mechanism,0.0447276662258025,3,0.026457513110645908,0.025,0.02
qwen36-27b_nothink,controlled__sp_primaryschool__bursty__contiguous__rho0.15__r0|time_respecting|ws0|b800,real::sp_primaryschool,time_respecting,mechanism_direction,0.0447276662258025,3,0.10148891565092219,0.1,0.13999999999999999
qwen36-27b_nothink,controlled__sp_primaryschool__bursty__contiguous__rho0.55__r0|event_sample_then_full_history|ss0|b9600,real::sp_primaryschool,event_sample_then_full_history,direction_only,0.0108212095707586,3,0.10408329997330663,0.09999999999999998,0.5666666666666668
qwen36-27b_nothink,controlled__sp_primaryschool__bursty__contiguous__rho0.55__r0|event_sample_then_full_history|ss0|b9600,real::sp_primaryschool,event_sample_then_full_history,hidden,0.0108212095707586,3,0.0690852372073803,0.06125000000000003,0.7887
qwen36-27b_nothink,controlled__sp_primaryschool__bursty__contiguous__rho0.55__r0|event_sample_then_full_history|ss0|b9600,real::sp_primaryschool,event_sample_then_full_history,mechanism,0.0108212095707586,3,0.07396837161922656,0.06999999999999995,0.8111999999999999
qwen36-27b_nothink,controlled__sp_primaryschool__bursty__contiguous__rho0.55__r0|event_sample_then_full_history|ss0|b9600,real::sp_primaryschool,event_sample_then_full_history,mechanism_direction,0.0108212095707586,3,0.013738995596476474,0.01319999999999999,0.7694000000000001
qwen36-27b_nothink,controlled__sp_primaryschool__bursty__contiguous__rho0.55__r0|node_panel_full_history|ss0|b2500,real::sp_primaryschool,node_panel_full_history,direction_only,0.0069736683900444,3,0.0,0.0,0.5965
qwen36-27b_nothink,controlled__sp_primaryschool__bursty__contiguous__rho0.55__r0|node_panel_full_history|ss0|b2500,real::sp_primaryschool,node_panel_full_history,hidden,0.0069736683900444,3,0.17512470794646123,0.15735,0.5077333333333334
qwen36-27b_nothink,controlled__sp_primaryschool__bursty__contiguous__rho0.55__r0|node_panel_full_history|ss0|b2500,real::sp_primaryschool,node_panel_full_history,mechanism,0.0069736683900444,3,0.03775870760500153,0.03270000000000006,0.5816
qwen36-27b_nothink,controlled__sp_primaryschool__bursty__contiguous__rho0.55__r0|node_panel_full_history|ss0|b2500,real::sp_primaryschool,node_panel_full_history,mechanism_direction,0.0069736683900444,3,0.0,0.0,0.6034
qwen36-27b_nothink,controlled__sp_primaryschool__bursty__contiguous__rho0.55__r0|recent_history_k20|ws0|b800,real::sp_primaryschool,recent_history_k20,direction_only,0.0608392449200432,3,0.05131601439446884,0.05000000000000002,0.10666666666666665
qwen36-27b_nothink,controlled__sp_primaryschool__bursty__contiguous__rho0.55__r0|recent_history_k20|ws0|b800,real::sp_primaryschool,recent_history_k20,hidden,0.0608392449200432,3,0.35356930485172683,0.30619999999999997,0.24173333333333333
qwen36-27b_nothink,controlled__sp_primaryschool__bursty__contiguous__rho0.55__r0|recent_history_k20|ws0|b800,real::sp_primaryschool,recent_history_k20,mechanism,0.0608392449200432,3,0.0653892192949266,0.057,0.0745
qwen36-27b_nothink,controlled__sp_primaryschool__bursty__contiguous__rho0.55__r0|recent_history_k20|ws0|b800,real::sp_primaryschool,recent_history_k20,mechanism_direction,0.0608392449200432,3,0.14224392195567911,0.13,0.18666666666666665
qwen36-27b_nothink,controlled__sp_primaryschool__bursty__contiguous__rho0.55__r0|time_agnostic_t|ws0|b800,real::sp_primaryschool,time_agnostic_t,direction_only,0.0906576890705783,3,0.011547005383792509,0.009999999999999995,0.11333333333333333
qwen36-27b_nothink,controlled__sp_primaryschool__bursty__contiguous__rho0.55__r0|time_agnostic_t|ws0|b800,real::sp_primaryschool,time_agnostic_t,hidden,0.0906576890705783,3,0.07285602240034793,0.065,0.06599999999999999
qwen36-27b_nothink,controlled__sp_primaryschool__bursty__contiguous__rho0.55__r0|time_agnostic_t|ws0|b800,real::sp_primaryschool,time_agnostic_t,mechanism,0.0906576890705783,3,0.012701705922171777,0.01100000000000001,0.33266666666666667
qwen36-27b_nothink,controlled__sp_primaryschool__bursty__contiguous__rho0.55__r0|time_agnostic_t|ws0|b800,real::sp_primaryschool,time_agnostic_t,mechanism_direction,0.0906576890705783,3,0.0010000000000000009,0.0010000000000000009,0.341
qwen36-27b_nothink,controlled__sp_primaryschool__bursty__contiguous__rho0.55__r0|time_agnostic_t|ws0|b800,real::sp_primaryschool,time_agnostic_t,metadata_only,0.0906576890705783,3,0.028867513459481315,0.025000000000000022,0.8833333333333333
qwen36-27b_nothink,controlled__sp_primaryschool__bursty__contiguous__rho0.55__r0|time_agnostic_t|ws0|b800,real::sp_primaryschool,time_agnostic_t,mismatched,0.0906576890705783,3,1.1547005383792045e-05,9.999999999999593e-06,0.004786666666666667
qwen36-27b_nothink,controlled__sp_primaryschool__bursty__contiguous__rho0.55__r0|time_respecting|ws0|b800,real::sp_primaryschool,time_respecting,direction_only,0.0489359143922087,3,0.020816659994661327,0.020000000000000004,0.05666666666666667
qwen36-27b_nothink,controlled__sp_primaryschool__bursty__contiguous__rho0.55__r0|time_respecting|ws0|b800,real::sp_primaryschool,time_respecting,hidden,0.0489359143922087,3,0.005802585630561604,0.005050000000000002,0.013900000000000001
qwen36-27b_nothink,controlled__sp_primaryschool__bursty__contiguous__rho0.55__r0|time_respecting|ws0|b800,real::sp_primaryschool,time_respecting,mechanism,0.0489359143922087,3,0.013000000000000001,0.011499999999999996,0.025000000000000005
qwen36-27b_nothink,controlled__sp_primaryschool__bursty__contiguous__rho0.55__r0|time_respecting|ws0|b800,real::sp_primaryschool,time_respecting,mechanism_direction,0.0489359143922087,3,0.25,0.25,0.4000000000000001
qwen36-27b_nothink,dar__dcsbm__n1500__f0__a0.1__c0.15|event_sample_then_full_history|ss0|b9600,dar::dcsbm::n1500::f0,event_sample_then_full_history,direction_only,0.2884851187158622,3,0.014011899704655814,0.013500000000000012,0.3156666666666667
qwen36-27b_nothink,dar__dcsbm__n1500__f0__a0.1__c0.15|event_sample_then_full_history|ss0|b9600,dar::dcsbm::n1500::f0,event_sample_then_full_history,hidden,0.2884851187158622,3,0.04121047601439877,0.03750000000000009,0.5026333333333334
qwen36-27b_nothink,dar__dcsbm__n1500__f0__a0.1__c0.15|event_sample_then_full_history|ss0|b9600,dar::dcsbm::n1500::f0,event_sample_then_full_history,mechanism,0.2884851187158622,3,0.004041451884327354,0.0040000000000000036,0.2823333333333333
qwen36-27b_nothink,dar__dcsbm__n1500__f0__a0.1__c0.15|event_sample_then_full_history|ss0|b9600,dar::dcsbm::n1500::f0,event_sample_then_full_history,mechanism_direction,0.2884851187158622,3,0.006331139971074199,0.006250000000000033,0.29716666666666663
qwen36-27b_nothink,dar__dcsbm__n1500__f0__a0.1__c0.15|event_sample_then_full_history|ss0|b9600,dar::dcsbm::n1500::f0,event_sample_then_full_history,mismatched,0.2884851187158622,3,0.28571547618799603,0.2849999999999999,0.5233333333333333
qwen36-27b_nothink,dar__dcsbm__n1500__f0__a0.1__c0.15|node_panel_full_history|ss0|b2500,dar::dcsbm::n1500::f0,node_panel_full_history,direction_only,0.0974250362278452,3,0.018946591602009413,0.018299999999999983,0.33113333333333334
qwen36-27b_nothink,dar__dcsbm__n1500__f0__a0.1__c0.15|node_panel_full_history|ss0|b2500,dar::dcsbm::n1500::f0,node_panel_full_history,hidden,0.0974250362278452,3,0.08360181417489296,0.07264999999999999,0.24676666666666666
qwen36-27b_nothink,dar__dcsbm__n1500__f0__a0.1__c0.15|node_panel_full_history|ss0|b2500,dar::dcsbm::n1500::f0,node_panel_full_history,mechanism,0.0974250362278452,3,0.0018583146486355192,0.0017000000000000348,0.34526666666666667
qwen36-27b_nothink,dar__dcsbm__n1500__f0__a0.1__c0.15|node_panel_full_history|ss0|b2500,dar::dcsbm::n1500::f0,node_panel_full_history,mechanism_direction,0.0974250362278452,3,0.00254034118443433,0.0021999999999999797,0.3429333333333333
qwen36-27b_nothink,dar__dcsbm__n1500__f0__a0.1__c0.15|recent_history_k20|ws0|b800,dar::dcsbm::n1500::f0,recent_history_k20,direction_only,0.0632036562256158,3,0.017320508075688773,0.014999999999999986,0.16
qwen36-27b_nothink,dar__dcsbm__n1500__f0__a0.1__c0.15|recent_history_k20|ws0|b800,dar::dcsbm::n1500::f0,recent_history_k20,hidden,0.0632036562256158,3,0.010883167431098968,0.00945,0.01933333333333333
qwen36-27b_nothink,dar__dcsbm__n1500__f0__a0.1__c0.15|recent_history_k20|ws0|b800,dar::dcsbm::n1500::f0,recent_history_k20,mechanism,0.0632036562256158,3,0.14122469094791223,0.1266,0.12226666666666668
qwen36-27b_nothink,dar__dcsbm__n1500__f0__a0.1__c0.15|recent_history_k20|ws0|b800,dar::dcsbm::n1500::f0,recent_history_k20,mechanism_direction,0.0632036562256158,3,0.04041451884327381,0.035,0.14333333333333334
qwen36-27b_nothink,dar__dcsbm__n1500__f0__a0.1__c0.15|time_agnostic_t|ws0|b800,dar::dcsbm::n1500::f0,time_agnostic_t,direction_only,0.0763571508193066,3,0.3647373484212076,0.34500000000000003,0.3866666666666667
qwen36-27b_nothink,dar__dcsbm__n1500__f0__a0.1__c0.15|time_agnostic_t|ws0|b800,dar::dcsbm::n1500::f0,time_agnostic_t,hidden,0.0763571508193066,3,0.00017320508075688868,0.00015000000000000083,0.026099999999999998
qwen36-27b_nothink,dar__dcsbm__n1500__f0__a0.1__c0.15|time_agnostic_t|ws0|b800,dar::dcsbm::n1500::f0,time_agnostic_t,mechanism,0.0763571508193066,3,0.009504384952922176,0.009500000000000008,0.3096666666666667
qwen36-27b_nothink,dar__dcsbm__n1500__f0__a0.1__c0.15|time_agnostic_t|ws0|b800,dar::dcsbm::n1500::f0,time_agnostic_t,mechanism_direction,0.0763571508193066,3,0.03214550253664318,0.02999999999999997,0.2866666666666667
qwen36-27b_nothink,dar__dcsbm__n1500__f0__a0.1__c0.15|time_agnostic_t|ws0|b800,dar::dcsbm::n1500::f0,time_agnostic_t,metadata_only,0.0763571508193066,3,0.10263202878893768,0.09999999999999998,0.3133333333333334
qwen36-27b_nothink,dar__dcsbm__n1500__f0__a0.1__c0.15|time_agnostic_t|ws0|b800,dar::dcsbm::n1500::f0,time_agnostic_t,mismatched,0.0763571508193066,3,0.0,0.0,0.0134
qwen36-27b_nothink,dar__dcsbm__n1500__f0__a0.1__c0.15|time_respecting|ws0|b800,dar::dcsbm::n1500::f0,time_respecting,direction_only,0.0558466168766023,3,0.11741095917048516,0.11700000000000002,0.13866666666666666
qwen36-27b_nothink,dar__dcsbm__n1500__f0__a0.1__c0.15|time_respecting|ws0|b800,dar::dcsbm::n1500::f0,time_respecting,hidden,0.0558466168766023,3,0.005196152422706632,0.0045000000000000005,0.013
qwen36-27b_nothink,dar__dcsbm__n1500__f0__a0.1__c0.15|time_respecting|ws0|b800,dar::dcsbm::n1500::f0,time_respecting,mechanism,0.0558466168766023,3,0.0043588989435406735,0.004,0.013
qwen36-27b_nothink,dar__dcsbm__n1500__f0__a0.1__c0.15|time_respecting|ws0|b800,dar::dcsbm::n1500::f0,time_respecting,mechanism_direction,0.0558466168766023,3,0.16921386861996074,0.16499999999999998,0.16333333333333333
qwen36-27b_nothink,dar__dcsbm__n1500__f0__a0.9__c0.15|event_sample_then_full_history|ss0|b9600,dar::dcsbm::n1500::f0,event_sample_then_full_history,direction_only,0.3185207277065314,3,0.021501937897160203,0.020999999999999908,0.8883333333333333
qwen36-27b_nothink,dar__dcsbm__n1500__f0__a0.9__c0.15|event_sample_then_full_history|ss0|b9600,dar::dcsbm::n1500::f0,event_sample_then_full_history,hidden,0.3185207277065314,3,0.00023094010767588897,0.000200000000000089,0.9642666666666666
qwen36-27b_nothink,dar__dcsbm__n1500__f0__a0.9__c0.15|event_sample_then_full_history|ss0|b9600,dar::dcsbm::n1500::f0,event_sample_then_full_history,mechanism,0.3185207277065314,3,0.00819023809177731,0.007500000000000062,0.8656
qwen36-27b_nothink,dar__dcsbm__n1500__f0__a0.9__c0.15|event_sample_then_full_history|ss0|b9600,dar::dcsbm::n1500::f0,event_sample_then_full_history,mechanism_direction,0.3185207277065314,3,0.0004725815626252714,0.00045000000000006146,0.8674666666666667
qwen36-27b_nothink,dar__dcsbm__n1500__f0__a0.9__c0.15|event_sample_then_full_history|ss0|b9600,dar::dcsbm::n1500::f0,event_sample_then_full_history,mismatched,0.3185207277065314,3,0.015044378795195691,0.015000000000000124,0.9643333333333333
qwen36-27b_nothink,dar__dcsbm__n1500__f0__a0.9__c0.15|node_panel_full_history|ss0|b2500,dar::dcsbm::n1500::f0,node_panel_full_history,direction_only,0.0969281240679988,3,0.0006350852961085825,0.0005500000000000504,0.8765333333333333
qwen36-27b_nothink,dar__dcsbm__n1500__f0__a0.9__c0.15|node_panel_full_history|ss0|b2500,dar::dcsbm::n1500::f0,node_panel_full_history,hidden,0.0969281240679988,3,0.12457709794875355,0.11030000000000006,0.7308666666666667
qwen36-27b_nothink,dar__dcsbm__n1500__f0__a0.9__c0.15|node_panel_full_history|ss0|b2500,dar::dcsbm::n1500::f0,node_panel_full_history,mechanism,0.0969281240679988,3,0.0005507570547286134,0.000500000000000056,0.8766333333333334
qwen36-27b_nothink,dar__dcsbm__n1500__f0__a0.9__c0.15|node_panel_full_history|ss0|b2500,dar::dcsbm::n1500::f0,node_panel_full_history,mechanism_direction,0.0969281240679988,3,0.0006350852961085825,0.0005500000000000504,0.8765333333333333
qwen36-27b_nothink,dar__dcsbm__n1500__f0__a0.9__c0.15|recent_history_k20|ws0|b800,dar::dcsbm::n1500::f0,recent_history_k20,direction_only,0.1461377870563674,3,0.07637626158259732,0.07499999999999998,0.26666666666666666
qwen36-27b_nothink,dar__dcsbm__n1500__f0__a0.9__c0.15|recent_history_k20|ws0|b800,dar::dcsbm::n1500::f0,recent_history_k20,hidden,0.1461377870563674,3,0.055945241084474726,0.04844999999999999,0.1854
qwen36-27b_nothink,dar__dcsbm__n1500__f0__a0.9__c0.15|recent_history_k20|ws0|b800,dar::dcsbm::n1500::f0,recent_history_k20,mechanism,0.1461377870563674,3,0.06004442799572107,0.05199999999999999,0.14533333333333334
qwen36-27b_nothink,dar__dcsbm__n1500__f0__a0.9__c0.15|recent_history_k20|ws0|b800,dar::dcsbm::n1500::f0,recent_history_k20,mechanism_direction,0.1461377870563674,3,0.02886751345948128,0.025000000000000022,0.3333333333333333
qwen36-27b_nothink,dar__dcsbm__n1500__f0__a0.9__c0.15|time_agnostic_t|ws0|b800,dar::dcsbm::n1500::f0,time_agnostic_t,direction_only,0.1622427676707426,3,0.07710598766200542,0.07299999999999995,0.2913333333333333
qwen36-27b_nothink,dar__dcsbm__n1500__f0__a0.9__c0.15|time_agnostic_t|ws0|b800,dar::dcsbm::n1500::f0,time_agnostic_t,hidden,0.1622427676707426,3,0.001039230484541324,0.0009000000000000119,0.21020000000000003
qwen36-27b_nothink,dar__dcsbm__n1500__f0__a0.9__c0.15|time_agnostic_t|ws0|b800,dar::dcsbm::n1500::f0,time_agnostic_t,mechanism,0.1622427676707426,3,0.2952130078434892,0.2952,0.5032
qwen36-27b_nothink,dar__dcsbm__n1500__f0__a0.9__c0.15|time_agnostic_t|ws0|b800,dar::dcsbm::n1500::f0,time_agnostic_t,mechanism_direction,0.1622427676707426,3,0.264575131106459,0.25,0.5499999999999999
qwen36-27b_nothink,dar__dcsbm__n1500__f0__a0.9__c0.15|time_agnostic_t|ws0|b800,dar::dcsbm::n1500::f0,time_agnostic_t,metadata_only,0.1622427676707426,3,0.21361959960016155,0.185,0.25666666666666665
qwen36-27b_nothink,dar__dcsbm__n1500__f0__a0.9__c0.15|time_agnostic_t|ws0|b800,dar::dcsbm::n1500::f0,time_agnostic_t,mismatched,0.1622427676707426,3,0.00032145502536643313,0.0003000000000000086,0.11116666666666668
qwen36-27b_nothink,dar__dcsbm__n1500__f0__a0.9__c0.15|time_respecting|ws0|b800,dar::dcsbm::n1500::f0,time_respecting,direction_only,0.1410677005666567,3,0.026457513110645915,0.025000000000000022,0.18000000000000002
qwen36-27b_nothink,dar__dcsbm__n1500__f0__a0.9__c0.15|time_respecting|ws0|b800,dar::dcsbm::n1500::f0,time_respecting,hidden,0.1410677005666567,3,0.0907017272896902,0.07855000000000001,0.10526666666666668
qwen36-27b_nothink,dar__dcsbm__n1500__f0__a0.9__c0.15|time_respecting|ws0|b800,dar::dcsbm::n1500::f0,time_respecting,mechanism,0.1410677005666567,3,0.09902693236354104,0.08650000000000001,0.08566666666666667
qwen36-27b_nothink,dar__dcsbm__n1500__f0__a0.9__c0.15|time_respecting|ws0|b800,dar::dcsbm::n1500::f0,time_respecting,mechanism_direction,0.1410677005666567,3,0.08615683373940804,0.07849999999999999,0.151
qwen36-27b_nothink,dar__dcsbm__n500__f0__a0.1__c0.15|event_sample_then_full_history|ss0|b9600,dar::dcsbm::n500::f0,event_sample_then_full_history,direction_only,1.0,3,0.042035699113967415,0.04049999999999998,0.233
qwen36-27b_nothink,dar__dcsbm__n500__f0__a0.1__c0.15|event_sample_then_full_history|ss0|b9600,dar::dcsbm::n500::f0,event_sample_then_full_history,hidden,1.0,3,0.09545000436528714,0.08444999999999997,0.27163333333333334
qwen36-27b_nothink,dar__dcsbm__n500__f0__a0.1__c0.15|event_sample_then_full_history|ss0|b9600,dar::dcsbm::n500::f0,event_sample_then_full_history,mechanism,1.0,3,0.04152352746736883,0.03645000000000001,0.13103333333333333
qwen36-27b_nothink,dar__dcsbm__n500__f0__a0.1__c0.15|event_sample_then_full_history|ss0|b9600,dar::dcsbm::n500::f0,event_sample_then_full_history,mechanism_direction,1.0,3,0.003883726732577018,0.0037500000000000033,0.15483333333333335
qwen36-27b_nothink,dar__dcsbm__n500__f0__a0.1__c0.15|event_sample_then_full_history|ss0|b9600,dar::dcsbm::n500::f0,event_sample_then_full_history,mismatched,1.0,3,0.140118997046558,0.135,0.5633333333333334
qwen36-27b_nothink,dar__dcsbm__n500__f0__a0.1__c0.15|node_panel_full_history|ss0|b2500,dar::dcsbm::n500::f0,node_panel_full_history,direction_only,0.3282414307004471,3,0.005556977595779921,0.0050000000000000044,0.33240000000000003
qwen36-27b_nothink,dar__dcsbm__n500__f0__a0.1__c0.15|node_panel_full_history|ss0|b2500,dar::dcsbm::n500::f0,node_panel_full_history,hidden,0.3282414307004471,3,0.11377435270452357,0.11224999999999996,0.30996666666666667
qwen36-27b_nothink,dar__dcsbm__n500__f0__a0.1__c0.15|node_panel_full_history|ss0|b2500,dar::dcsbm::n500::f0,node_panel_full_history,mechanism,0.3282414307004471,3,0.0006082762530298371,0.0005500000000000504,0.3353
qwen36-27b_nothink,dar__dcsbm__n500__f0__a0.1__c0.15|node_panel_full_history|ss0|b2500,dar::dcsbm::n500::f0,node_panel_full_history,mechanism_direction,0.3282414307004471,3,0.012871285872048688,0.012550000000000061,0.3262
qwen36-27b_nothink,dar__dcsbm__n500__f0__a0.1__c0.15|recent_history_k20|ws0|b800,dar::dcsbm::n500::f0,recent_history_k20,direction_only,0.1870342771982116,3,0.0458839114868527,0.04199999999999998,0.14866666666666667
qwen36-27b_nothink,dar__dcsbm__n500__f0__a0.1__c0.15|recent_history_k20|ws0|b800,dar::dcsbm::n500::f0,recent_history_k20,hidden,0.1870342771982116,3,0.0,0.0,0.0458
qwen36-27b_nothink,dar__dcsbm__n500__f0__a0.1__c0.15|recent_history_k20|ws0|b800,dar::dcsbm::n500::f0,recent_history_k20,mechanism,0.1870342771982116,3,0.06009991680526687,0.06,0.09200000000000001
qwen36-27b_nothink,dar__dcsbm__n500__f0__a0.1__c0.15|recent_history_k20|ws0|b800,dar::dcsbm::n500::f0,recent_history_k20,mechanism_direction,0.1870342771982116,3,0.04041451884327381,0.03999999999999998,0.15666666666666665
qwen36-27b_nothink,dar__dcsbm__n500__f0__a0.1__c0.15|time_agnostic_t|ws0|b800,dar::dcsbm::n500::f0,time_agnostic_t,direction_only,0.2369597615499254,3,0.07311005402815675,0.06409999999999999,0.0656
qwen36-27b_nothink,dar__dcsbm__n500__f0__a0.1__c0.15|time_agnostic_t|ws0|b800,dar::dcsbm::n500::f0,time_agnostic_t,hidden,0.2369597615499254,3,0.005729746940310715,0.005599999999999997,0.020300000000000002
qwen36-27b_nothink,dar__dcsbm__n500__f0__a0.1__c0.15|time_agnostic_t|ws0|b800,dar::dcsbm::n500::f0,time_agnostic_t,mechanism,0.2369597615499254,3,0.10969655114602891,0.095,0.2733333333333333
qwen36-27b_nothink,dar__dcsbm__n500__f0__a0.1__c0.15|time_agnostic_t|ws0|b800,dar::dcsbm::n500::f0,time_agnostic_t,mechanism_direction,0.2369597615499254,3,0.005773502691896262,0.0050000000000000044,0.21333333333333335
qwen36-27b_nothink,dar__dcsbm__n500__f0__a0.1__c0.15|time_agnostic_t|ws0|b800,dar::dcsbm::n500::f0,time_agnostic_t,metadata_only,0.2369597615499254,3,0.15877132402714708,0.13749999999999998,0.20833333333333334
qwen36-27b_nothink,dar__dcsbm__n500__f0__a0.1__c0.15|time_agnostic_t|ws0|b800,dar::dcsbm::n500::f0,time_agnostic_t,mismatched,0.2369597615499254,3,0.007043673284113435,0.0060999999999999995,0.016966666666666668
qwen36-27b_nothink,dar__dcsbm__n500__f0__a0.1__c0.15|time_respecting|ws0|b800,dar::dcsbm::n500::f0,time_respecting,direction_only,0.1594634873323397,3,0.05131601439446885,0.05000000000000002,0.19333333333333333
qwen36-27b_nothink,dar__dcsbm__n500__f0__a0.1__c0.15|time_respecting|ws0|b800,dar::dcsbm::n500::f0,time_respecting,hidden,0.1594634873323397,3,0.00034641016151377535,0.0002999999999999982,0.0306
qwen36-27b_nothink,dar__dcsbm__n500__f0__a0.1__c0.15|time_respecting|ws0|b800,dar::dcsbm::n500::f0,time_respecting,mechanism,0.1594634873323397,3,0.07536798613027505,0.0695,0.06366666666666666
qwen36-27b_nothink,dar__dcsbm__n500__f0__a0.1__c0.15|time_respecting|ws0|b800,dar::dcsbm::n500::f0,time_respecting,mechanism_direction,0.1594634873323397,3,0.057735026918962574,0.04999999999999999,0.11666666666666665
qwen36-27b_nothink,dar__dcsbm__n500__f0__a0.9__c0.15|event_sample_then_full_history|ss0|b9600,dar::dcsbm::n500::f0,event_sample_then_full_history,direction_only,1.0,3,0.14015378458441044,0.12175000000000002,0.6951666666666666
qwen36-27b_nothink,dar__dcsbm__n500__f0__a0.9__c0.15|event_sample_then_full_history|ss0|b9600,dar::dcsbm::n500::f0,event_sample_then_full_history,hidden,1.0,3,0.001078579312490904,0.0010000000000000009,0.8552333333333334
qwen36-27b_nothink,dar__dcsbm__n500__f0__a0.9__c0.15|event_sample_then_full_history|ss0|b9600,dar::dcsbm::n500::f0,event_sample_then_full_history,mechanism,1.0,3,0.0,0.0,0.585
qwen36-27b_nothink,dar__dcsbm__n500__f0__a0.9__c0.15|event_sample_then_full_history|ss0|b9600,dar::dcsbm::n500::f0,event_sample_then_full_history,mechanism_direction,1.0,3,0.038154466754671504,0.03365000000000007,0.6059666666666667
qwen36-27b_nothink,dar__dcsbm__n500__f0__a0.9__c0.15|event_sample_then_full_history|ss0|b9600,dar::dcsbm::n500::f0,event_sample_then_full_history,mismatched,1.0,3,0.05567764362830021,0.05499999999999994,0.9400000000000001
qwen36-27b_nothink,dar__dcsbm__n500__f0__a0.9__c0.15|node_panel_full_history|ss0|b2500,dar::dcsbm::n500::f0,node_panel_full_history,direction_only,0.3377960865087538,3,0.00155884572681201,0.0013499999999999623,0.8558
qwen36-27b_nothink,dar__dcsbm__n500__f0__a0.9__c0.15|node_panel_full_history|ss0|b2500,dar::dcsbm::n500::f0,node_panel_full_history,hidden,0.3377960865087538,3,0.15034320736235476,0.13049999999999995,0.7726000000000001
qwen36-27b_nothink,dar__dcsbm__n500__f0__a0.9__c0.15|node_panel_full_history|ss0|b2500,dar::dcsbm::n500::f0,node_panel_full_history,mechanism,0.3377960865087538,3,0.03707681216070229,0.03254999999999997,0.8771999999999999
qwen36-27b_nothink,dar__dcsbm__n500__f0__a0.9__c0.15|node_panel_full_history|ss0|b2500,dar::dcsbm::n500::f0,node_panel_full_history,mechanism_direction,0.3377960865087538,3,0.000230940107675889,0.00019999999999997797,0.8565666666666667
qwen36-27b_nothink,dar__dcsbm__n500__f0__a0.9__c0.15|recent_history_k20|ws0|b800,dar::dcsbm::n500::f0,recent_history_k20,direction_only,0.3892893923789907,3,0.005773502691896231,0.0050000000000000044,0.3466666666666667
qwen36-27b_nothink,dar__dcsbm__n500__f0__a0.9__c0.15|recent_history_k20|ws0|b800,dar::dcsbm::n500::f0,recent_history_k20,hidden,0.3892893923789907,3,0.08828380372412599,0.08384999999999998,0.1939
qwen36-27b_nothink,dar__dcsbm__n500__f0__a0.9__c0.15|recent_history_k20|ws0|b800,dar::dcsbm::n500::f0,recent_history_k20,mechanism,0.3892893923789907,3,0.0005773502691896263,0.0005000000000000004,0.15533333333333332
qwen36-27b_nothink,dar__dcsbm__n500__f0__a0.9__c0.15|recent_history_k20|ws0|b800,dar::dcsbm::n500::f0,recent_history_k20,mechanism_direction,0.3892893923789907,3,0.1050396750439249,0.10499999999999998,0.4566666666666667
qwen36-27b_nothink,dar__dcsbm__n500__f0__a0.9__c0.15|time_agnostic_t|ws0|b800,dar::dcsbm::n500::f0,time_agnostic_t,direction_only,0.0020597322348094,3,0.0,0.0,1.0
qwen36-27b_nothink,dar__dcsbm__n500__f0__a0.9__c0.15|time_agnostic_t|ws0|b800,dar::dcsbm::n500::f0,time_agnostic_t,hidden,0.0020597322348094,3,0.0,0.0,1.0
qwen36-27b_nothink,dar__dcsbm__n500__f0__a0.9__c0.15|time_agnostic_t|ws0|b800,dar::dcsbm::n500::f0,time_agnostic_t,mechanism,0.0020597322348094,3,0.0,0.0,1.0
qwen36-27b_nothink,dar__dcsbm__n500__f0__a0.9__c0.15|time_agnostic_t|ws0|b800,dar::dcsbm::n500::f0,time_agnostic_t,mechanism_direction,0.0020597322348094,3,0.0,0.0,1.0
qwen36-27b_nothink,dar__dcsbm__n500__f0__a0.9__c0.15|time_agnostic_t|ws0|b800,dar::dcsbm::n500::f0,time_agnostic_t,metadata_only,0.0020597322348094,3,0.1896347366210456,0.18600000000000003,0.19266666666666668
qwen36-27b_nothink,dar__dcsbm__n500__f0__a0.9__c0.15|time_agnostic_t|ws0|b800,dar::dcsbm::n500::f0,time_agnostic_t,mismatched,0.0020597322348094,3,0.0,0.0,1.0
qwen36-27b_nothink,dar__dcsbm__n500__f0__a0.9__c0.15|time_respecting|ws0|b800,dar::dcsbm::n500::f0,time_respecting,direction_only,0.3738414006179196,3,0.12096831541082703,0.11499999999999999,0.3433333333333333
qwen36-27b_nothink,dar__dcsbm__n500__f0__a0.9__c0.15|time_respecting|ws0|b800,dar::dcsbm::n500::f0,time_respecting,hidden,0.3738414006179196,3,0.0,0.0,0.1653
qwen36-27b_nothink,dar__dcsbm__n500__f0__a0.9__c0.15|time_respecting|ws0|b800,dar::dcsbm::n500::f0,time_respecting,mechanism,0.3738414006179196,3,0.26608332028395415,0.248,0.2763333333333333
qwen36-27b_nothink,dar__dcsbm__n500__f0__a0.9__c0.15|time_respecting|ws0|b800,dar::dcsbm::n500::f0,time_respecting,mechanism_direction,0.3738414006179196,3,0.04907477288111819,0.04249999999999998,0.22166666666666668
qwen36-27b_nothink,real__snap_bitcoin_otc|event_sample_then_full_history|ss0|b9600,real::snap_bitcoin_otc,event_sample_then_full_history,direction_only,0.2523729759910664,3,0.0055075705472861025,0.005000000000000001,0.021333333333333333
qwen36-27b_nothink,real__snap_bitcoin_otc|event_sample_then_full_history|ss0|b9600,real::snap_bitcoin_otc,event_sample_then_full_history,hidden,0.2523729759910664,3,0.0240175630182026,0.023649999999999997,0.055766666666666666
qwen36-27b_nothink,real__snap_bitcoin_otc|event_sample_then_full_history|ss0|b9600,real::snap_bitcoin_otc,event_sample_then_full_history,mechanism,0.2523729759910664,3,0.0,0.0,0.0241
qwen36-27b_nothink,real__snap_bitcoin_otc|event_sample_then_full_history|ss0|b9600,real::snap_bitcoin_otc,event_sample_then_full_history,mechanism_direction,0.2523729759910664,3,0.0012701705922171771,0.0011000000000000003,0.024833333333333332
qwen36-27b_nothink,real__snap_bitcoin_otc|event_sample_then_full_history|ss0|b9600,real::snap_bitcoin_otc,event_sample_then_full_history,mismatched,0.2523729759910664,3,0.0,0.0,0.077
qwen36-27b_nothink,real__snap_bitcoin_otc|node_panel_full_history|ss0|b2500,real::snap_bitcoin_otc,node_panel_full_history,direction_only,0.0673739065698864,3,1.7320508075689068e-05,1.5000000000001124e-05,0.01242
qwen36-27b_nothink,real__snap_bitcoin_otc|node_panel_full_history|ss0|b2500,real::snap_bitcoin_otc,node_panel_full_history,hidden,0.0673739065698864,3,0.011324898822211762,0.011300000000000001,0.024133333333333336
qwen36-27b_nothink,real__snap_bitcoin_otc|node_panel_full_history|ss0|b2500,real::snap_bitcoin_otc,node_panel_full_history,mechanism,0.0673739065698864,3,1.7320508075689068e-05,1.4999999999999389e-05,0.01241
qwen36-27b_nothink,real__snap_bitcoin_otc|node_panel_full_history|ss0|b2500,real::snap_bitcoin_otc,node_panel_full_history,mechanism_direction,0.0673739065698864,3,0.0,0.0,0.0124
qwen36-27b_nothink,real__snap_bitcoin_otc|recent_history_k20|ws0|b800,real::snap_bitcoin_otc,recent_history_k20,direction_only,0.0286152987158012,3,0.13576941236277534,0.135,0.3866666666666667
qwen36-27b_nothink,real__snap_bitcoin_otc|recent_history_k20|ws0|b800,real::snap_bitcoin_otc,recent_history_k20,hidden,0.0286152987158012,3,0.0,0.0,0.0
qwen36-27b_nothink,real__snap_bitcoin_otc|recent_history_k20|ws0|b800,real::snap_bitcoin_otc,recent_history_k20,mechanism,0.0286152987158012,3,0.0,0.0,0.0
qwen36-27b_nothink,real__snap_bitcoin_otc|recent_history_k20|ws0|b800,real::snap_bitcoin_otc,recent_history_k20,mechanism_direction,0.0286152987158012,3,0.15,0.14999999999999997,0.35000000000000003
qwen36-27b_nothink,real__snap_bitcoin_otc|time_agnostic_t|ws0|b800,real::snap_bitcoin_otc,time_agnostic_t,direction_only,0.0318723245858924,3,0.18929694486000911,0.175,0.13333333333333333
qwen36-27b_nothink,real__snap_bitcoin_otc|time_agnostic_t|ws0|b800,real::snap_bitcoin_otc,time_agnostic_t,hidden,0.0318723245858924,3,0.0,0.0,0.0
qwen36-27b_nothink,real__snap_bitcoin_otc|time_agnostic_t|ws0|b800,real::snap_bitcoin_otc,time_agnostic_t,mechanism,0.0318723245858924,3,0.2516611478423584,0.24999999999999997,0.2333333333333333
qwen36-27b_nothink,real__snap_bitcoin_otc|time_agnostic_t|ws0|b800,real::snap_bitcoin_otc,time_agnostic_t,mechanism_direction,0.0318723245858924,3,0.522525916422653,0.455,0.3166666666666667
qwen36-27b_nothink,real__snap_bitcoin_otc|time_agnostic_t|ws0|b800,real::snap_bitcoin_otc,time_agnostic_t,metadata_only,0.0318723245858924,3,0.10785793124908957,0.09999999999999998,0.32666666666666666
qwen36-27b_nothink,real__snap_bitcoin_otc|time_agnostic_t|ws0|b800,real::snap_bitcoin_otc,time_agnostic_t,mismatched,0.0318723245858924,3,0.0,0.0,0.0
qwen36-27b_nothink,real__snap_bitcoin_otc|time_respecting|ws0|b800,real::snap_bitcoin_otc,time_respecting,direction_only,0.022287362739624,3,0.25032245870743064,0.25,0.35733333333333334
qwen36-27b_nothink,real__snap_bitcoin_otc|time_respecting|ws0|b800,real::snap_bitcoin_otc,time_respecting,hidden,0.022287362739624,3,0.0,0.0,0.0
qwen36-27b_nothink,real__snap_bitcoin_otc|time_respecting|ws0|b800,real::snap_bitcoin_otc,time_respecting,mechanism,0.022287362739624,3,0.028867513459481294,0.025,0.016666666666666666
qwen36-27b_nothink,real__snap_bitcoin_otc|time_respecting|ws0|b800,real::snap_bitcoin_otc,time_respecting,mechanism_direction,0.022287362739624,3,0.0808290376865476,0.08,0.09333333333333334
qwen36-27b_nothink,real__snap_collegemsg|event_sample_then_full_history|ss0|b9600,real::snap_collegemsg,event_sample_then_full_history,mechanism,0.0445151033386327,3,0.16889345754054536,0.1475,0.165
qwen36-27b_nothink,real__snap_collegemsg|event_sample_then_full_history|ss0|b9600,real::snap_collegemsg,event_sample_then_full_history,mechanism_direction,0.0445151033386327,3,0.17263062686943279,0.169,0.19066666666666668
qwen36-27b_nothink,real__snap_collegemsg|event_sample_then_full_history|ss0|b9600,real::snap_collegemsg,event_sample_then_full_history,mismatched,0.0445151033386327,3,0.23065125189341593,0.21999999999999997,0.27999999999999997
qwen36-27b_nothink,real__snap_collegemsg|node_panel_full_history|ss0|b2500,real::snap_collegemsg,node_panel_full_history,direction_only,0.0376499494146553,3,0.0003511884584284281,0.0003500000000000031,0.08446666666666668
qwen36-27b_nothink,real__snap_collegemsg|node_panel_full_history|ss0|b2500,real::snap_collegemsg,node_panel_full_history,hidden,0.0376499494146553,3,0.009699656351300975,0.008749999999999994,0.07816666666666668
qwen36-27b_nothink,real__snap_collegemsg|node_panel_full_history|ss0|b2500,real::snap_collegemsg,node_panel_full_history,mechanism_direction,0.0376499494146553,3,0.007175653280364098,0.0071500000000000175,0.07790000000000001
qwen36-27b_nothink,real__snap_collegemsg|recent_history_k20|ws0|b800,real::snap_collegemsg,recent_history_k20,direction_only,0.0392397745338921,3,0.10201093078685244,0.09814999999999999,0.11789999999999999
qwen36-27b_nothink,real__snap_collegemsg|recent_history_k20|ws0|b800,real::snap_collegemsg,recent_history_k20,hidden,0.0392397745338921,3,0.0017502380790433434,0.0017499999999999998,0.0037333333333333333
qwen36-27b_nothink,real__snap_collegemsg|recent_history_k20|ws0|b800,real::snap_collegemsg,recent_history_k20,mechanism,0.0392397745338921,3,0.02670249676216315,0.02315,0.01916666666666667
qwen36-27b_nothink,real__snap_collegemsg|recent_history_k20|ws0|b800,real::snap_collegemsg,recent_history_k20,mechanism_direction,0.0392397745338921,3,0.33291640592396965,0.32499999999999996,0.3333333333333333
qwen36-27b_nothink,real__snap_collegemsg|time_agnostic_t|ws0|b800,real::snap_collegemsg,time_agnostic_t,direction_only,0.0518861107096401,3,0.06378599637328976,0.059300000000000005,0.04713333333333333
qwen36-27b_nothink,real__snap_collegemsg|time_agnostic_t|ws0|b800,real::snap_collegemsg,time_agnostic_t,hidden,0.0518861107096401,3,0.0,0.0,0.0014
qwen36-27b_nothink,real__snap_collegemsg|time_agnostic_t|ws0|b800,real::snap_collegemsg,time_agnostic_t,mechanism,0.0518861107096401,3,0.0005773502691896263,0.0005000000000000004,0.026333333333333334
qwen36-27b_nothink,real__snap_collegemsg|time_agnostic_t|ws0|b800,real::snap_collegemsg,time_agnostic_t,mechanism_direction,0.0518861107096401,3,0.005507570547286102,0.0049999999999999975,0.026333333333333334
qwen36-27b_nothink,real__snap_collegemsg|time_agnostic_t|ws0|b800,real::snap_collegemsg,time_agnostic_t,metadata_only,0.0518861107096401,3,0.11547005383792512,0.09999999999999998,0.5333333333333333
qwen36-27b_nothink,real__snap_collegemsg|time_agnostic_t|ws0|b800,real::snap_collegemsg,time_agnostic_t,mismatched,0.0518861107096401,3,2.0207259421636894e-05,1.7499999999999937e-05,0.0007233333333333333
qwen36-27b_nothink,real__snap_collegemsg|time_respecting|ws0|b800,real::snap_collegemsg,time_respecting,direction_only,0.0267379679144385,3,0.177857620959388,0.16499999999999998,0.24666666666666667
qwen36-27b_nothink,real__snap_collegemsg|time_respecting|ws0|b800,real::snap_collegemsg,time_respecting,hidden,0.0267379679144385,3,0.0001732050807568847,0.00014999999999999736,0.046000000000000006
qwen36-27b_nothink,real__snap_collegemsg|time_respecting|ws0|b800,real::snap_collegemsg,time_respecting,mechanism,0.0267379679144385,3,0.11777945491468364,0.10200000000000001,0.18200000000000002
qwen36-27b_nothink,real__snap_collegemsg|time_respecting|ws0|b800,real::snap_collegemsg,time_respecting,mechanism_direction,0.0267379679144385,3,0.05131601439446885,0.05000000000000002,0.19333333333333333
qwen36-27b_nothink,real__snap_email_eu|event_sample_then_full_history|ss0|b9600,real::snap_email_eu,event_sample_then_full_history,direction_only,0.0026767928286852,3,0.1297317745709714,0.1150000000000001,0.5796666666666667
qwen36-27b_nothink,real__snap_email_eu|event_sample_then_full_history|ss0|b9600,real::snap_email_eu,event_sample_then_full_history,hidden,0.0026767928286852,3,0.3212958138538378,0.27849999999999997,0.7909999999999999
qwen36-27b_nothink,real__snap_email_eu|event_sample_then_full_history|ss0|b9600,real::snap_email_eu,event_sample_then_full_history,mechanism,0.0026767928286852,3,0.13261735683285708,0.11485000000000006,0.4955666666666667
qwen36-27b_nothink,real__snap_email_eu|event_sample_then_full_history|ss0|b9600,real::snap_email_eu,event_sample_then_full_history,mechanism_direction,0.0026767928286852,3,0.138283525169607,0.12049999999999994,0.5796666666666667
qwen36-27b_nothink,real__snap_email_eu|event_sample_then_full_history|ss0|b9600,real::snap_email_eu,event_sample_then_full_history,mismatched,0.0026767928286852,3,0.00040414518843275303,0.00039999999999995595,0.9766333333333334
qwen36-27b_nothink,real__snap_email_eu|node_panel_full_history|ss0|b2500,real::snap_email_eu,node_panel_full_history,hidden,0.0166210159362549,3,0.16739080022510197,0.1474,0.2596
qwen36-27b_nothink,real__snap_email_eu|node_panel_full_history|ss0|b2500,real::snap_email_eu,node_panel_full_history,mechanism,0.0166210159362549,3,0.02495622834751544,0.02250000000000002,0.4693666666666667
qwen36-27b_nothink,real__snap_email_eu|node_panel_full_history|ss0|b2500,real::snap_email_eu,node_panel_full_history,mechanism_direction,0.0166210159362549,3,0.017927725269351175,0.017799999999999983,0.4503333333333333
qwen36-27b_nothink,real__snap_email_eu|recent_history_k20|ws0|b800,real::snap_email_eu,recent_history_k20,direction_only,0.0328685258964143,3,0.0754983443527075,0.07500000000000001,0.24
qwen36-27b_nothink,real__snap_email_eu|recent_history_k20|ws0|b800,real::snap_email_eu,recent_history_k20,hidden,0.0328685258964143,3,0.02660056390379723,0.023450000000000006,0.069
qwen36-27b_nothink,real__snap_email_eu|recent_history_k20|ws0|b800,real::snap_email_eu,recent_history_k20,mechanism,0.0328685258964143,3,0.08311638426527788,0.08250000000000002,0.16166666666666665
qwen36-27b_nothink,real__snap_email_eu|recent_history_k20|ws0|b800,real::snap_email_eu,recent_history_k20,mechanism_direction,0.0328685258964143,3,0.05131601439446885,0.04999999999999999,0.20666666666666667
qwen36-27b_nothink,real__snap_email_eu|time_agnostic_t|ws0|b800,real::snap_email_eu,time_agnostic_t,direction_only,0.0470617529880478,3,0.09993724697695718,0.0947,0.08686666666666666
qwen36-27b_nothink,real__snap_email_eu|time_agnostic_t|ws0|b800,real::snap_email_eu,time_agnostic_t,hidden,0.0470617529880478,3,0.0,0.0,0.0106
qwen36-27b_nothink,real__snap_email_eu|time_agnostic_t|ws0|b800,real::snap_email_eu,time_agnostic_t,mechanism,0.0470617529880478,3,0.04041451884327381,0.040000000000000036,0.34333333333333327
qwen36-27b_nothink,real__snap_email_eu|time_agnostic_t|ws0|b800,real::snap_email_eu,time_agnostic_t,mechanism_direction,0.0470617529880478,3,0.0793725393319377,0.07499999999999996,0.29
qwen36-27b_nothink,real__snap_email_eu|time_agnostic_t|ws0|b800,real::snap_email_eu,time_agnostic_t,metadata_only,0.0470617529880478,3,0.202072594216369,0.19999999999999996,0.6666666666666666
qwen36-27b_nothink,real__snap_email_eu|time_agnostic_t|ws0|b800,real::snap_email_eu,time_agnostic_t,mismatched,0.0470617529880478,3,1.0622968402425924e-18,0.0,0.005399999999999999
qwen36-27b_nothink,real__snap_email_eu|time_respecting|ws0|b800,real::snap_email_eu,time_respecting,direction_only,0.0288844621513944,3,0.047031904065219385,0.047,0.102
qwen36-27b_nothink,real__snap_email_eu|time_respecting|ws0|b800,real::snap_email_eu,time_respecting,hidden,0.0288844621513944,3,0.0202072594216369,0.0175,0.044333333333333336
qwen36-27b_nothink,real__snap_email_eu|time_respecting|ws0|b800,real::snap_email_eu,time_respecting,mechanism,0.0288844621513944,3,0.09712534856222309,0.095,0.20666666666666667
qwen36-27b_nothink,real__snap_email_eu|time_respecting|ws0|b800,real::snap_email_eu,time_respecting,mechanism_direction,0.0288844621513944,3,0.035118845842842465,0.03500000000000003,0.18333333333333335
qwen36-27b_nothink,real__snap_mathoverflow|event_sample_then_full_history|ss0|b9600,real::snap_mathoverflow,event_sample_then_full_history,hidden,0.0083197684933984,3,0.12328963189714426,0.12,0.27366666666666667
qwen36-27b_nothink,real__snap_mathoverflow|event_sample_then_full_history|ss0|b9600,real::snap_mathoverflow,event_sample_then_full_history,mechanism,0.0083197684933984,3,0.1038123306741545,0.0955,0.131
qwen36-27b_nothink,real__snap_mathoverflow|event_sample_then_full_history|ss0|b9600,real::snap_mathoverflow,event_sample_then_full_history,mechanism_direction,0.0083197684933984,3,0.013892443989449804,0.012499999999999997,0.056
qwen36-27b_nothink,real__snap_mathoverflow|event_sample_then_full_history|ss0|b9600,real::snap_mathoverflow,event_sample_then_full_history,mismatched,0.0083197684933984,3,0.060277137733417085,0.060000000000000026,0.24333333333333332
qwen36-27b_nothink,real__snap_mathoverflow|node_panel_full_history|ss0|b2500,real::snap_mathoverflow,node_panel_full_history,direction_only,0.0070111604055621,3,2.771281292110171e-05,2.3999999999996247e-05,0.05238400000000001
qwen36-27b_nothink,real__snap_mathoverflow|node_panel_full_history|ss0|b2500,real::snap_mathoverflow,node_panel_full_history,hidden,0.0070111604055621,3,0.0004618802153517018,0.0003999999999999976,0.05213333333333334
qwen36-27b_nothink,real__snap_mathoverflow|node_panel_full_history|ss0|b2500,real::snap_mathoverflow,node_panel_full_history,mechanism,0.0070111604055621,3,0.012548041015765503,0.011200000000000002,0.04446666666666666
qwen36-27b_nothink,real__snap_mathoverflow|node_panel_full_history|ss0|b2500,real::snap_mathoverflow,node_panel_full_history,mechanism_direction,0.0070111604055621,3,0.004636090306856992,0.004200000000000009,0.04933333333333334
qwen36-27b_nothink,real__snap_mathoverflow|recent_history_k20|ws0|b800,real::snap_mathoverflow,recent_history_k20,direction_only,0.0037715574564063,3,0.10148891565092219,0.1,0.13999999999999999
qwen36-27b_nothink,real__snap_mathoverflow|recent_history_k20|ws0|b800,real::snap_mathoverflow,recent_history_k20,hidden,0.0037715574564063,3,0.0001154700538379252,9.999999999999983e-05,0.0028666666666666667
qwen36-27b_nothink,real__snap_mathoverflow|recent_history_k20|ws0|b800,real::snap_mathoverflow,recent_history_k20,mechanism,0.0037715574564063,3,0.02163330765278394,0.021000000000000005,0.026
qwen36-27b_nothink,real__snap_mathoverflow|recent_history_k20|ws0|b800,real::snap_mathoverflow,recent_history_k20,mechanism_direction,0.0037715574564063,3,0.13228756555322954,0.12500000000000006,0.25
qwen36-27b_nothink,real__snap_mathoverflow|time_agnostic_t|ws0|b800,real::snap_mathoverflow,time_agnostic_t,direction_only,0.003968380624089,3,0.07464583042608608,0.07300000000000001,0.068
qwen36-27b_nothink,real__snap_mathoverflow|time_agnostic_t|ws0|b800,real::snap_mathoverflow,time_agnostic_t,hidden,0.003968380624089,3,0.0,0.0,0.0
qwen36-27b_nothink,real__snap_mathoverflow|time_agnostic_t|ws0|b800,real::snap_mathoverflow,time_agnostic_t,mechanism,0.003968380624089,3,0.0011547005383792516,0.001,0.0006666666666666666
qwen36-27b_nothink,real__snap_mathoverflow|time_agnostic_t|ws0|b800,real::snap_mathoverflow,time_agnostic_t,mechanism_direction,0.003968380624089,3,0.02886751345948129,0.025,0.03333333333333333
qwen36-27b_nothink,real__snap_mathoverflow|time_agnostic_t|ws0|b800,real::snap_mathoverflow,time_agnostic_t,metadata_only,0.003968380624089,3,0.03605551275463987,0.03499999999999992,0.31
qwen36-27b_nothink,real__snap_mathoverflow|time_agnostic_t|ws0|b800,real::snap_mathoverflow,time_agnostic_t,mismatched,0.003968380624089,3,0.0,0.0,0.0
qwen36-27b_nothink,real__snap_mathoverflow|time_respecting|ws0|b800,real::snap_mathoverflow,time_respecting,direction_only,0.003042779781473,3,0.04509249752822894,0.04500000000000001,0.053333333333333344
qwen36-27b_nothink,real__snap_mathoverflow|time_respecting|ws0|b800,real::snap_mathoverflow,time_respecting,hidden,0.003042779781473,3,0.0,0.0,0.0
qwen36-27b_nothink,real__snap_mathoverflow|time_respecting|ws0|b800,real::snap_mathoverflow,time_respecting,mechanism,0.003042779781473,3,0.07637626158259733,0.07500000000000001,0.06666666666666667
qwen36-27b_nothink,real__snap_mathoverflow|time_respecting|ws0|b800,real::snap_mathoverflow,time_respecting,mechanism_direction,0.003042779781473,3,0.07371114795831994,0.07,0.10666666666666667
qwen36-27b_nothink,real__sp_highschool2013|event_sample_then_full_history|ss0|b9600,real::sp_highschool2013,event_sample_then_full_history,direction_only,0.0036094877964936,3,0.13336791218280353,0.11549999999999994,0.466
qwen36-27b_nothink,real__sp_highschool2013|event_sample_then_full_history|ss0|b9600,real::sp_highschool2013,event_sample_then_full_history,hidden,0.0036094877964936,3,0.35750291374103976,0.3324999999999999,0.5416666666666666
qwen36-27b_nothink,real__sp_highschool2013|event_sample_then_full_history|ss0|b9600,real::sp_highschool2013,event_sample_then_full_history,mechanism,0.0036094877964936,3,0.00017320508075686865,0.00014999999999998348,0.3891
qwen36-27b_nothink,real__sp_highschool2013|event_sample_then_full_history|ss0|b9600,real::sp_highschool2013,event_sample_then_full_history,mechanism_direction,0.0036094877964936,3,0.0,0.0,0.389
qwen36-27b_nothink,real__sp_highschool2013|event_sample_then_full_history|ss0|b9600,real::sp_highschool2013,event_sample_then_full_history,mismatched,0.0036094877964936,3,0.000230940107675889,0.00019999999999997797,0.9521333333333333
qwen36-27b_nothink,real__sp_highschool2013|node_panel_full_history|ss0|b2500,real::sp_highschool2013,node_panel_full_history,direction_only,0.0170161567548985,3,0.008208126054912487,0.008099999999999996,0.49643333333333334
qwen36-27b_nothink,real__sp_highschool2013|node_panel_full_history|ss0|b2500,real::sp_highschool2013,node_panel_full_history,hidden,0.0170161567548985,3,0.15761081815662276,0.15494999999999998,0.3233
qwen36-27b_nothink,real__sp_highschool2013|node_panel_full_history|ss0|b2500,real::sp_highschool2013,node_panel_full_history,mechanism,0.0170161567548985,3,0.0029444863728670875,0.0025499999999999967,0.4966
qwen36-27b_nothink,real__sp_highschool2013|node_panel_full_history|ss0|b2500,real::sp_highschool2013,node_panel_full_history,mechanism_direction,0.0170161567548985,3,0.0030038863715748923,0.0026499999999999857,0.49653333333333327
qwen36-27b_nothink,real__sp_highschool2013|recent_history_k20|ws0|b800,real::sp_highschool2013,recent_history_k20,direction_only,0.0448607768992781,3,0.12165525060596438,0.10999999999999999,0.21
qwen36-27b_nothink,real__sp_highschool2013|recent_history_k20|ws0|b800,real::sp_highschool2013,recent_history_k20,hidden,0.0448607768992781,3,0.05001319825805984,0.045799999999999993,0.0762
qwen36-27b_nothink,real__sp_highschool2013|recent_history_k20|ws0|b800,real::sp_highschool2013,recent_history_k20,mechanism,0.0448607768992781,3,0.02663331247391757,0.023999999999999994,0.11066666666666668
qwen36-27b_nothink,real__sp_highschool2013|recent_history_k20|ws0|b800,real::sp_highschool2013,recent_history_k20,mechanism_direction,0.0448607768992781,3,0.06027713773341708,0.06,0.19333333333333336
qwen36-27b_nothink,real__sp_highschool2013|time_agnostic_t|ws0|b800,real::sp_highschool2013,time_agnostic_t,direction_only,0.1240976280508766,3,0.02516611478423583,0.02500000000000001,0.12333333333333334
qwen36-27b_nothink,real__sp_highschool2013|time_agnostic_t|ws0|b800,real::sp_highschool2013,time_agnostic_t,hidden,0.1240976280508766,3,0.04947174277639038,0.045,0.043133333333333336
qwen36-27b_nothink,real__sp_highschool2013|time_agnostic_t|ws0|b800,real::sp_highschool2013,time_agnostic_t,mechanism,0.1240976280508766,3,0.07234178138070235,0.06499999999999995,0.3033333333333333
qwen36-27b_nothink,real__sp_highschool2013|time_agnostic_t|ws0|b800,real::sp_highschool2013,time_agnostic_t,mechanism_direction,0.1240976280508766,3,0.03055050463303893,0.02999999999999997,0.32666666666666666
qwen36-27b_nothink,real__sp_highschool2013|time_agnostic_t|ws0|b800,real::sp_highschool2013,time_agnostic_t,metadata_only,0.1240976280508766,3,0.07474177769717104,0.07350000000000001,0.7656666666666666
qwen36-27b_nothink,real__sp_highschool2013|time_agnostic_t|ws0|b800,real::sp_highschool2013,time_agnostic_t,mismatched,0.1240976280508766,3,0.0,0.0,0.0097
qwen36-27b_nothink,real__sp_highschool2013|time_respecting|ws0|b800,real::sp_highschool2013,time_respecting,direction_only,0.0522516328635269,3,0.09999999999999999,0.09999999999999998,0.25
qwen36-27b_nothink,real__sp_highschool2013|time_respecting|ws0|b800,real::sp_highschool2013,time_respecting,hidden,0.0522516328635269,3,0.022642953282055178,0.022550000000000008,0.07073333333333333
qwen36-27b_nothink,real__sp_highschool2013|time_respecting|ws0|b800,real::sp_highschool2013,time_respecting,mechanism,0.0522516328635269,3,0.061158264636378724,0.05550000000000001,0.07966666666666666
qwen36-27b_nothink,real__sp_highschool2013|time_respecting|ws0|b800,real::sp_highschool2013,time_respecting,mechanism_direction,0.0522516328635269,3,0.017320508075688773,0.014999999999999986,0.13999999999999999
qwen36-27b_nothink,real__sp_hospital|event_sample_then_full_history|ss0|b9600,real::sp_hospital,event_sample_then_full_history,direction_only,0.0553116769095698,3,0.08803597749405256,0.07949999999999996,0.5086666666666667
qwen36-27b_nothink,real__sp_hospital|event_sample_then_full_history|ss0|b9600,real::sp_hospital,event_sample_then_full_history,hidden,0.0553116769095698,3,0.13676918512589012,0.11970000000000003,0.601
qwen36-27b_nothink,real__sp_hospital|event_sample_then_full_history|ss0|b9600,real::sp_hospital,event_sample_then_full_history,mechanism,0.0553116769095698,3,0.014068404316055192,0.014000000000000012,0.45380000000000004
qwen36-27b_nothink,real__sp_hospital|event_sample_then_full_history|ss0|b9600,real::sp_hospital,event_sample_then_full_history,mechanism_direction,0.0553116769095698,3,0.0016522711641858401,0.0015000000000000013,0.4641
qwen36-27b_nothink,real__sp_hospital|event_sample_then_full_history|ss0|b9600,real::sp_hospital,event_sample_then_full_history,mismatched,0.0553116769095698,3,0.07868926229162403,0.07800000000000007,0.778
qwen36-27b_nothink,real__sp_hospital|node_panel_full_history|ss0|b2500,real::sp_hospital,node_panel_full_history,direction_only,0.0482879719051799,3,0.060578984254717666,0.05659999999999993,0.4841666666666667
qwen36-27b_nothink,real__sp_hospital|node_panel_full_history|ss0|b2500,real::sp_hospital,node_panel_full_history,hidden,0.0482879719051799,3,0.19751708786836647,0.1735,0.418
qwen36-27b_nothink,real__sp_hospital|node_panel_full_history|ss0|b2500,real::sp_hospital,node_panel_full_history,mechanism,0.0482879719051799,3,0.052452295787060954,0.04544999999999999,0.47876666666666673
qwen36-27b_nothink,real__sp_hospital|node_panel_full_history|ss0|b2500,real::sp_hospital,node_panel_full_history,mechanism_direction,0.0482879719051799,3,0.020102984853001316,0.020100000000000007,0.5287000000000001
qwen36-27b_nothink,real__sp_hospital|recent_history_k20|ws0|b800,real::sp_hospital,recent_history_k20,direction_only,0.2370500438981563,3,0.05000000000000002,0.050000000000000044,0.3499999999999999
qwen36-27b_nothink,real__sp_hospital|recent_history_k20|ws0|b800,real::sp_hospital,recent_history_k20,hidden,0.2370500438981563,3,0.0,0.0,0.1963
qwen36-27b_nothink,real__sp_hospital|recent_history_k20|ws0|b800,real::sp_hospital,recent_history_k20,mechanism,0.2370500438981563,3,0.07637626158259732,0.07499999999999998,0.26666666666666666
qwen36-27b_nothink,real__sp_hospital|recent_history_k20|ws0|b800,real::sp_hospital,recent_history_k20,mechanism_direction,0.2370500438981563,3,0.028867513459481284,0.024999999999999967,0.2833333333333334
qwen36-27b_nothink,real__sp_hospital|time_agnostic_t|ws0|b800,real::sp_hospital,time_agnostic_t,direction_only,0.5083406496927129,3,0.09073771725877465,0.09,0.26333333333333336
qwen36-27b_nothink,real__sp_hospital|time_agnostic_t|ws0|b800,real::sp_hospital,time_agnostic_t,hidden,0.5083406496927129,3,0.020800000000000003,0.0184,0.077
qwen36-27b_nothink,real__sp_hospital|time_agnostic_t|ws0|b800,real::sp_hospital,time_agnostic_t,mechanism,0.5083406496927129,3,0.04041451884327378,0.039999999999999925,0.44333333333333336
qwen36-27b_nothink,real__sp_hospital|time_agnostic_t|ws0|b800,real::sp_hospital,time_agnostic_t,mechanism_direction,0.5083406496927129,3,0.08473684755366662,0.08200000000000007,0.5596666666666666
qwen36-27b_nothink,real__sp_hospital|time_agnostic_t|ws0|b800,real::sp_hospital,time_agnostic_t,metadata_only,0.5083406496927129,3,0.04509249752822893,0.04499999999999993,0.9466666666666667
qwen36-27b_nothink,real__sp_hospital|time_agnostic_t|ws0|b800,real::sp_hospital,time_agnostic_t,mismatched,0.5083406496927129,3,0.0001732050807568887,0.0001500000000000043,0.0482
qwen36-27b_nothink,real__sp_hospital|time_respecting|ws0|b800,real::sp_hospital,time_respecting,direction_only,0.1913959613696224,3,0.19347695814575266,0.17000000000000004,0.22666666666666666
qwen36-27b_nothink,real__sp_hospital|time_respecting|ws0|b800,real::sp_hospital,time_respecting,hidden,0.1913959613696224,3,0.018411137933327208,0.016949999999999993,0.06330000000000001
qwen36-27b_nothink,real__sp_hospital|time_respecting|ws0|b800,real::sp_hospital,time_respecting,mechanism,0.1913959613696224,3,0.06366317616958803,0.0615,0.079
qwen36-27b_nothink,real__sp_hospital|time_respecting|ws0|b800,real::sp_hospital,time_respecting,mechanism_direction,0.1913959613696224,3,0.09928914005737653,0.0975,0.14166666666666666
qwen36-27b_nothink,real__sp_hypertext2009|event_sample_then_full_history|ss0|b9600,real::sp_hypertext2009,event_sample_then_full_history,hidden,0.0842440801457194,3,0.006255397669213352,0.005650000000000044,0.5905
qwen36-27b_nothink,real__sp_hypertext2009|event_sample_then_full_history|ss0|b9600,real::sp_hypertext2009,event_sample_then_full_history,mechanism,0.0842440801457194,3,0.011741095917048522,0.010499999999999954,0.2654666666666667
qwen36-27b_nothink,real__sp_hypertext2009|event_sample_then_full_history|ss0|b9600,real::sp_hypertext2009,event_sample_then_full_history,mechanism_direction,0.0842440801457194,3,0.04858326186386965,0.045499999999999985,0.2946666666666667
qwen36-27b_nothink,real__sp_hypertext2009|event_sample_then_full_history|ss0|b9600,real::sp_hypertext2009,event_sample_then_full_history,mismatched,0.0842440801457194,3,0.15373136743466942,0.14,0.7766666666666667
qwen36-27b_nothink,real__sp_hypertext2009|node_panel_full_history|ss0|b2500,real::sp_hypertext2009,node_panel_full_history,direction_only,0.1193078324225865,3,0.04008320512800011,0.035250000000000004,0.3955666666666667
qwen36-27b_nothink,real__sp_hypertext2009|node_panel_full_history|ss0|b2500,real::sp_hypertext2009,node_panel_full_history,hidden,0.1193078324225865,3,0.004080849584747442,0.0040000000000000036,0.4144666666666666
qwen36-27b_nothink,real__sp_hypertext2009|node_panel_full_history|ss0|b2500,real::sp_hypertext2009,node_panel_full_history,mechanism,0.1193078324225865,3,0.011537764081484757,0.011199999999999988,0.41440000000000005
qwen36-27b_nothink,real__sp_hypertext2009|recent_history_k20|ws0|b800,real::sp_hypertext2009,recent_history_k20,direction_only,0.1325136612021858,3,0.05131601439446885,0.05000000000000002,0.19333333333333336
qwen36-27b_nothink,real__sp_hypertext2009|recent_history_k20|ws0|b800,real::sp_hypertext2009,recent_history_k20,hidden,0.1325136612021858,3,0.001709775813764289,0.0015499999999999958,0.09393333333333333
qwen36-27b_nothink,real__sp_hypertext2009|recent_history_k20|ws0|b800,real::sp_hypertext2009,recent_history_k20,mechanism,0.1325136612021858,3,0.09712534856222312,0.09500000000000003,0.17333333333333334
qwen36-27b_nothink,real__sp_hypertext2009|recent_history_k20|ws0|b800,real::sp_hypertext2009,recent_history_k20,mechanism_direction,0.1325136612021858,3,0.05773502691896258,0.04999999999999999,0.21666666666666667
qwen36-27b_nothink,real__sp_hypertext2009|time_agnostic_t|ws0|b800,real::sp_hypertext2009,time_agnostic_t,direction_only,0.3010018214936247,3,0.05985816569190873,0.053500000000000006,0.081
qwen36-27b_nothink,real__sp_hypertext2009|time_agnostic_t|ws0|b800,real::sp_hypertext2009,time_agnostic_t,hidden,0.3010018214936247,3,0.0,0.0,0.0212
qwen36-27b_nothink,real__sp_hypertext2009|time_agnostic_t|ws0|b800,real::sp_hypertext2009,time_agnostic_t,mechanism,0.3010018214936247,3,3.3993498887762956e-17,0.0,0.20000000000000004
qwen36-27b_nothink,real__sp_hypertext2009|time_agnostic_t|ws0|b800,real::sp_hypertext2009,time_agnostic_t,mechanism_direction,0.3010018214936247,3,0.017320508075688773,0.014999999999999986,0.16
qwen36-27b_nothink,real__sp_hypertext2009|time_agnostic_t|ws0|b800,real::sp_hypertext2009,time_agnostic_t,metadata_only,0.3010018214936247,3,0.028867513459481315,0.025000000000000022,0.7666666666666666
qwen36-27b_nothink,real__sp_hypertext2009|time_agnostic_t|ws0|b800,real::sp_hypertext2009,time_agnostic_t,mismatched,0.3010018214936247,3,0.0,0.0,0.01
qwen36-27b_nothink,real__sp_hypertext2009|time_respecting|ws0|b800,real::sp_hypertext2009,time_respecting,direction_only,0.122040072859745,3,0.011547005383792516,0.010000000000000002,0.043333333333333335
qwen36-27b_nothink,real__sp_hypertext2009|time_respecting|ws0|b800,real::sp_hypertext2009,time_respecting,hidden,0.122040072859745,3,0.02017845385553611,0.0175,0.0267
qwen36-27b_nothink,real__sp_hypertext2009|time_respecting|ws0|b800,real::sp_hypertext2009,time_respecting,mechanism,0.122040072859745,3,0.03214550253664319,0.030000000000000013,0.06333333333333334
qwen36-27b_nothink,real__sp_hypertext2009|time_respecting|ws0|b800,real::sp_hypertext2009,time_respecting,mechanism_direction,0.122040072859745,3,0.06928203230275509,0.06,0.10999999999999999
qwen36-27b_nothink,real__sp_primaryschool|event_sample_then_full_history|ss0|b9600,real::sp_primaryschool,event_sample_then_full_history,direction_only,0.0122640375135265,3,0.03605551275463988,0.03499999999999992,0.6699999999999999
qwen36-27b_nothink,real__sp_primaryschool|event_sample_then_full_history|ss0|b9600,real::sp_primaryschool,event_sample_then_full_history,hidden,0.0122640375135265,3,0.047521924764610826,0.0475000000000001,0.6716666666666667
qwen36-27b_nothink,real__sp_primaryschool|event_sample_then_full_history|ss0|b9600,real::sp_primaryschool,event_sample_then_full_history,mechanism,0.0122640375135265,3,0.1556373991044569,0.15399999999999997,0.48300000000000004
qwen36-27b_nothink,real__sp_primaryschool|event_sample_then_full_history|ss0|b9600,real::sp_primaryschool,event_sample_then_full_history,mechanism_direction,0.0122640375135265,3,0.008736894948054089,0.008500000000000008,0.3376666666666667
qwen36-27b_nothink,real__sp_primaryschool|node_panel_full_history|ss0|b2500,real::sp_primaryschool,node_panel_full_history,direction_only,0.0091379103041962,3,0.0,0.0,0.3421
qwen36-27b_nothink,real__sp_primaryschool|node_panel_full_history|ss0|b2500,real::sp_primaryschool,node_panel_full_history,hidden,0.0091379103041962,3,0.002540341184434362,0.0022000000000000353,0.34063333333333334
qwen36-27b_nothink,real__sp_primaryschool|node_panel_full_history|ss0|b2500,real::sp_primaryschool,node_panel_full_history,mechanism,0.0091379103041962,3,0.005369357503463505,0.0046499999999999875,0.3452
qwen36-27b_nothink,real__sp_primaryschool|node_panel_full_history|ss0|b2500,real::sp_primaryschool,node_panel_full_history,mechanism_direction,0.0091379103041962,3,0.0,0.0,0.3421
qwen36-27b_nothink,real__sp_primaryschool|recent_history_k20|ws0|b800,real::sp_primaryschool,recent_history_k20,direction_only,0.0585547673439942,3,0.046543886100467946,0.046500000000000014,0.19766666666666666
qwen36-27b_nothink,real__sp_primaryschool|recent_history_k20|ws0|b800,real::sp_primaryschool,recent_history_k20,hidden,0.0585547673439942,3,0.02360727289064396,0.021949999999999997,0.056966666666666665
qwen36-27b_nothink,real__sp_primaryschool|recent_history_k20|ws0|b800,real::sp_primaryschool,recent_history_k20,mechanism,0.0585547673439942,3,0.14486315381536236,0.135,0.13466666666666666
qwen36-27b_nothink,real__sp_primaryschool|recent_history_k20|ws0|b800,real::sp_primaryschool,recent_history_k20,mechanism_direction,0.0585547673439942,3,0.05131601439446885,0.05000000000000002,0.19333333333333333
qwen36-27b_nothink,real__sp_primaryschool|time_agnostic_t|ws0|b800,real::sp_primaryschool,time_agnostic_t,direction_only,0.0889743898040158,3,0.05131601439446884,0.05000000000000002,0.10666666666666667
qwen36-27b_nothink,real__sp_primaryschool|time_agnostic_t|ws0|b800,real::sp_primaryschool,time_agnostic_t,hidden,0.0889743898040158,3,0.004965212315030783,0.004300000000000002,0.014733333333333334
qwen36-27b_nothink,real__sp_primaryschool|time_agnostic_t|ws0|b800,real::sp_primaryschool,time_agnostic_t,mechanism,0.0889743898040158,3,0.11015141094572205,0.10000000000000003,0.37666666666666665
qwen36-27b_nothink,real__sp_primaryschool|time_agnostic_t|ws0|b800,real::sp_primaryschool,time_agnostic_t,mechanism_direction,0.0889743898040158,3,0.007767453465154036,0.007500000000000007,0.45366666666666666
qwen36-27b_nothink,real__sp_primaryschool|time_agnostic_t|ws0|b800,real::sp_primaryschool,time_agnostic_t,metadata_only,0.0889743898040158,3,0.129549218446118,0.12850000000000006,0.769
qwen36-27b_nothink,real__sp_primaryschool|time_agnostic_t|ws0|b800,real::sp_primaryschool,time_agnostic_t,mismatched,0.0889743898040158,3,0.0,0.0,0.0091
qwen36-27b_nothink,real__sp_primaryschool|time_respecting|ws0|b800,real::sp_primaryschool,time_respecting,direction_only,0.0491763857160033,3,0.20840665376454115,0.20500000000000002,0.22333333333333336
qwen36-27b_nothink,real__sp_primaryschool|time_respecting|ws0|b800,real::sp_primaryschool,time_respecting,hidden,0.0491763857160033,3,0.00020816659994661298,0.0001999999999999988,0.014766666666666666
qwen36-27b_nothink,real__sp_primaryschool|time_respecting|ws0|b800,real::sp_primaryschool,time_respecting,mechanism,0.0491763857160033,3,0.23848480035423644,0.2125,0.17500000000000002
qwen36-27b_nothink,real__sp_primaryschool|time_respecting|ws0|b800,real::sp_primaryschool,time_respecting,mechanism_direction,0.0491763857160033,3,0.13999999999999999,0.13,0.13999999999999999
qwen36-27b_think,activity__n1500__f0__beta1|event_sample_then_full_history|ss0|b9600,activity::n1500::f0,event_sample_then_full_history,direction_only,0.1413924259963618,3,0.16107244746800534,0.14400000000000013,0.6233333333333334
qwen36-27b_think,activity__n1500__f0__beta1|event_sample_then_full_history|ss0|b9600,activity::n1500::f0,event_sample_then_full_history,hidden,0.1413924259963618,3,0.2004271521858586,0.17359999999999998,0.7614333333333333
qwen36-27b_think,activity__n1500__f0__beta1|event_sample_then_full_history|ss0|b9600,activity::n1500::f0,event_sample_then_full_history,mechanism,0.1413924259963618,3,0.0031754264805429126,0.002749999999999919,0.5296666666666666
qwen36-27b_think,activity__n1500__f0__beta1|event_sample_then_full_history|ss0|b9600,activity::n1500::f0,event_sample_then_full_history,mechanism_direction,0.1413924259963618,3,0.0018520259177452314,0.0018500000000000183,0.5301
qwen36-27b_think,activity__n1500__f0__beta1|event_sample_then_full_history|ss0|b9600,activity::n1500::f0,event_sample_then_full_history,mismatched,0.1413924259963618,3,0.040414518843273774,0.03500000000000003,0.9533333333333335
qwen36-27b_think,activity__n1500__f0__beta1|node_panel_full_history|ss0|b2500,activity::n1500::f0,node_panel_full_history,direction_only,0.0924425334876798,3,0.0008660254037844074,0.0007499999999999174,0.5913
qwen36-27b_think,activity__n1500__f0__beta1|node_panel_full_history|ss0|b2500,activity::n1500::f0,node_panel_full_history,hidden,0.0924425334876798,3,0.00040414518843275764,0.0003500000000000725,0.5900666666666666
qwen36-27b_think,activity__n1500__f0__beta1|node_panel_full_history|ss0|b2500,activity::n1500::f0,node_panel_full_history,mechanism,0.0924425334876798,3,0.0,0.0,0.5903
qwen36-27b_think,activity__n1500__f0__beta1|node_panel_full_history|ss0|b2500,activity::n1500::f0,node_panel_full_history,mechanism_direction,0.0924425334876798,3,0.006437390775772444,0.006400000000000072,0.5842999999999999
qwen36-27b_think,activity__n1500__f0__beta1|recent_history_k20|ws0|b800,activity::n1500::f0,recent_history_k20,direction_only,0.0768976351910038,3,0.37513342070966343,0.325,0.36683333333333334
qwen36-27b_think,activity__n1500__f0__beta1|recent_history_k20|ws0|b800,activity::n1500::f0,recent_history_k20,hidden,0.0768976351910038,3,0.008660254037844395,0.007500000000000007,0.1555
qwen36-27b_think,activity__n1500__f0__beta1|recent_history_k20|ws0|b800,activity::n1500::f0,recent_history_k20,mechanism,0.0768976351910038,3,0.05453744890745563,0.05449999999999999,0.12433333333333334
qwen36-27b_think,activity__n1500__f0__beta1|recent_history_k20|ws0|b800,activity::n1500::f0,recent_history_k20,mechanism_direction,0.0768976351910038,3,0.05196152422706633,0.04500000000000004,0.28
qwen36-27b_think,activity__n1500__f0__beta1|time_agnostic_t|ws0|b800,activity::n1500::f0,time_agnostic_t,direction_only,0.1073259467504547,3,0.07683208965009346,0.06995,0.1317
qwen36-27b_think,activity__n1500__f0__beta1|time_agnostic_t|ws0|b800,activity::n1500::f0,time_agnostic_t,hidden,0.1073259467504547,3,0.022863070659909182,0.019799999999999998,0.0669
qwen36-27b_think,activity__n1500__f0__beta1|time_agnostic_t|ws0|b800,activity::n1500::f0,time_agnostic_t,mechanism,0.1073259467504547,3,0.08386497083606084,0.07499999999999996,0.6933333333333334
qwen36-27b_think,activity__n1500__f0__beta1|time_agnostic_t|ws0|b800,activity::n1500::f0,time_agnostic_t,mechanism_direction,0.1073259467504547,3,0.05686240703077327,0.05500000000000005,0.6633333333333334
qwen36-27b_think,activity__n1500__f0__beta1|time_agnostic_t|ws0|b800,activity::n1500::f0,time_agnostic_t,metadata_only,0.1073259467504547,3,0.24511632612564455,0.24509999999999998,0.2532666666666667
qwen36-27b_think,activity__n1500__f0__beta1|time_agnostic_t|ws0|b800,activity::n1500::f0,time_agnostic_t,mismatched,0.1073259467504547,3,8.082903768654832e-06,7.000000000000062e-06,0.040495333333333335
qwen36-27b_think,activity__n1500__f0__beta1|time_respecting|ws0|b800,activity::n1500::f0,time_respecting,direction_only,0.0764015214155779,3,0.0,0.0,0.0801
qwen36-27b_think,activity__n1500__f0__beta1|time_respecting|ws0|b800,activity::n1500::f0,time_respecting,hidden,0.0764015214155779,3,6.806859285555417e-06,6.499999999992623e-06,0.08009233333333333
qwen36-27b_think,activity__n1500__f0__beta1|time_respecting|ws0|b800,activity::n1500::f0,time_respecting,mechanism,0.0764015214155779,3,0.018792817777012583,0.01630000000000001,0.0483
qwen36-27b_think,activity__n1500__f0__beta1|time_respecting|ws0|b800,activity::n1500::f0,time_respecting,mechanism_direction,0.0764015214155779,3,0.17502380790433433,0.175,0.39666666666666667
qwen36-27b_think,activity__n1500__f0__memoryless|event_sample_then_full_history|ss0|b9600,activity::n1500::f0,event_sample_then_full_history,direction_only,0.3375926859117414,3,0.00012858201014657309,0.00011999999999999858,0.009853333333333332
qwen36-27b_think,activity__n1500__f0__memoryless|event_sample_then_full_history|ss0|b9600,activity::n1500::f0,event_sample_then_full_history,hidden,0.3375926859117414,3,0.0,0.0,0.019405
qwen36-27b_think,activity__n1500__f0__memoryless|event_sample_then_full_history|ss0|b9600,activity::n1500::f0,event_sample_then_full_history,mechanism,0.3375926859117414,3,1.1547005383794047e-06,1.000000000001e-06,0.009780666666666667
qwen36-27b_think,activity__n1500__f0__memoryless|event_sample_then_full_history|ss0|b9600,activity::n1500::f0,event_sample_then_full_history,mechanism_direction,0.3375926859117414,3,1.1547005383794047e-06,1.000000000001e-06,0.009780666666666667
qwen36-27b_think,activity__n1500__f0__memoryless|event_sample_then_full_history|ss0|b9600,activity::n1500::f0,event_sample_then_full_history,mismatched,0.3375926859117414,3,0.0,0.0,1.0
qwen36-27b_think,activity__n1500__f0__memoryless|event_sample_then_full_history|ss1|b9600,activity::n1500::f0,event_sample_then_full_history,hidden,0.3379526312000576,3,0.0,0.0,0.0183
qwen36-27b_think,activity__n1500__f0__memoryless|event_sample_then_full_history|ss1|b9600,activity::n1500::f0,event_sample_then_full_history,mechanism,0.3379526312000576,3,5.196152422706821e-06,4.500000000001031e-06,0.009196999999999999
qwen36-27b_think,activity__n1500__f0__memoryless|event_sample_then_full_history|ss2|b9600,activity::n1500::f0,event_sample_then_full_history,hidden,0.3377366640270678,3,2.886751345949013e-06,2.4999999999990308e-06,0.017266666666666666
qwen36-27b_think,activity__n1500__f0__memoryless|event_sample_then_full_history|ss2|b9600,activity::n1500::f0,event_sample_then_full_history,mechanism,0.3377366640270678,3,5.773502691902031e-07,5.000000000005e-07,0.008660333333333332
qwen36-27b_think,activity__n1500__f0__memoryless|event_sample_then_full_history|ss3|b9600,activity::n1500::f0,event_sample_then_full_history,hidden,0.3374847023252466,3,0.0050812597191378945,0.004400499999999998,0.014771333333333332
qwen36-27b_think,activity__n1500__f0__memoryless|event_sample_then_full_history|ss3|b9600,activity::n1500::f0,event_sample_then_full_history,mechanism,0.3374847023252466,3,2.3094010767588093e-06,2.0000000000002655e-06,0.008902666666666668
qwen36-27b_think,activity__n1500__f0__memoryless|node_panel_full_history|ss0|b2500,activity::n1500::f0,node_panel_full_history,direction_only,0.0866388308977035,3,0.0,0.0,0.00914
qwen36-27b_think,activity__n1500__f0__memoryless|node_panel_full_history|ss0|b2500,activity::n1500::f0,node_panel_full_history,hidden,0.0866388308977035,3,2.3094010767585092e-05,2.000000000000092e-05,0.009126666666666667
qwen36-27b_think,activity__n1500__f0__memoryless|node_panel_full_history|ss0|b2500,activity::n1500::f0,node_panel_full_history,mechanism,0.0866388308977035,3,4.6188021535166175e-06,3.999999999998796e-06,0.009142666666666667
qwen36-27b_think,activity__n1500__f0__memoryless|node_panel_full_history|ss0|b2500,activity::n1500::f0,node_panel_full_history,mechanism_direction,0.0866388308977035,3,0.0,0.0,0.00914
qwen36-27b_think,activity__n1500__f0__memoryless|node_panel_full_history|ss1|b2500,activity::n1500::f0,node_panel_full_history,hidden,0.0878626448779785,3,0.0035737981662837836,0.0030949999999999997,0.008163333333333333
qwen36-27b_think,activity__n1500__f0__memoryless|node_panel_full_history|ss1|b2500,activity::n1500::f0,node_panel_full_history,mechanism,0.0878626448779785,3,0.0,0.0,0.01229
qwen36-27b_think,activity__n1500__f0__memoryless|node_panel_full_history|ss2|b2500,activity::n1500::f0,node_panel_full_history,hidden,0.0878266503491469,3,2.886751345948011e-06,2.5000000000007655e-06,0.012298333333333333
qwen36-27b_think,activity__n1500__f0__memoryless|node_panel_full_history|ss2|b2500,activity::n1500::f0,node_panel_full_history,mechanism,0.0878266503491469,3,2.886751345948011e-06,2.4999999999990308e-06,0.012296666666666666
qwen36-27b_think,activity__n1500__f0__memoryless|node_panel_full_history|ss3|b2500,activity::n1500::f0,node_panel_full_history,hidden,0.0882585846951263,3,2.3094010767588093e-06,2.0000000000002655e-06,0.010601333333333332
qwen36-27b_think,activity__n1500__f0__memoryless|node_panel_full_history|ss3|b2500,activity::n1500::f0,node_panel_full_history,mechanism,0.0882585846951263,3,2.3094010767588093e-06,2.0000000000002655e-06,0.010601333333333332
qwen36-27b_think,activity__n1500__f0__memoryless|recent_history_k20|ws0|b800,activity::n1500::f0,recent_history_k20,direction_only,0.0236484054423727,3,0.015011106998930284,0.015000000000000013,0.25466666666666665
qwen36-27b_think,activity__n1500__f0__memoryless|recent_history_k20|ws0|b800,activity::n1500::f0,recent_history_k20,hidden,0.0236484054423727,3,0.00042158431343366343,0.0003700000000000001,0.0012666666666666666
qwen36-27b_think,activity__n1500__f0__memoryless|recent_history_k20|ws0|b800,activity::n1500::f0,recent_history_k20,mechanism,0.0236484054423727,3,0.010539607835841585,0.00925,0.007833333333333333
qwen36-27b_think,activity__n1500__f0__memoryless|recent_history_k20|ws0|b800,activity::n1500::f0,recent_history_k20,mechanism_direction,0.0236484054423727,3,0.3607121613327354,0.3445,0.5937666666666667
qwen36-27b_think,activity__n1500__f0__memoryless|recent_history_k20|ws1|b800,activity::n1500::f0,recent_history_k20,hidden,0.0239363616730257,3,0.0,0.0,0.0
qwen36-27b_think,activity__n1500__f0__memoryless|recent_history_k20|ws1|b800,activity::n1500::f0,recent_history_k20,mechanism,0.0239363616730257,3,0.0,0.0,0.0
qwen36-27b_think,activity__n1500__f0__memoryless|recent_history_k20|ws2|b800,activity::n1500::f0,recent_history_k20,hidden,0.0236484054423727,3,1.2165525060596414e-05,1.0999999999999942e-05,0.001514
qwen36-27b_think,activity__n1500__f0__memoryless|recent_history_k20|ws2|b800,activity::n1500::f0,recent_history_k20,mechanism,0.0236484054423727,3,0.0002886751345948129,0.00025,0.0018333333333333333
qwen36-27b_think,activity__n1500__f0__memoryless|recent_history_k20|ws3|b800,activity::n1500::f0,recent_history_k20,hidden,0.0239363616730257,3,0.0,0.0,0.0
qwen36-27b_think,activity__n1500__f0__memoryless|recent_history_k20|ws3|b800,activity::n1500::f0,recent_history_k20,mechanism,0.0239363616730257,3,0.26217475723900907,0.22705,0.15136666666666668
qwen36-27b_think,activity__n1500__f0__memoryless|time_agnostic_t|ws0|b800,activity::n1500::f0,time_agnostic_t,direction_only,0.0276078036138506,3,0.15850236591294153,0.15650000000000003,0.521
qwen36-27b_think,activity__n1500__f0__memoryless|time_agnostic_t|ws0|b800,activity::n1500::f0,time_agnostic_t,hidden,0.0276078036138506,3,0.0,0.0,0.0
qwen36-27b_think,activity__n1500__f0__memoryless|time_agnostic_t|ws0|b800,activity::n1500::f0,time_agnostic_t,mechanism,0.0276078036138506,3,0.0,0.0,0.0
qwen36-27b_think,activity__n1500__f0__memoryless|time_agnostic_t|ws0|b800,activity::n1500::f0,time_agnostic_t,mechanism_direction,0.0276078036138506,3,0.028867513459481294,0.025,0.016666666666666666
qwen36-27b_think,activity__n1500__f0__memoryless|time_agnostic_t|ws0|b800,activity::n1500::f0,time_agnostic_t,metadata_only,0.0276078036138506,3,0.178978583448784,0.155,0.11333333333333334
qwen36-27b_think,activity__n1500__f0__memoryless|time_agnostic_t|ws0|b800,activity::n1500::f0,time_agnostic_t,mismatched,0.0276078036138506,3,0.0,0.0,0.0
qwen36-27b_think,activity__n1500__f0__memoryless|time_agnostic_t|ws1|b800,activity::n1500::f0,time_agnostic_t,hidden,0.0270678856813764,3,0.0,0.0,0.0
qwen36-27b_think,activity__n1500__f0__memoryless|time_agnostic_t|ws1|b800,activity::n1500::f0,time_agnostic_t,mechanism,0.0270678856813764,3,0.0,0.0,0.0
qwen36-27b_think,activity__n1500__f0__memoryless|time_agnostic_t|ws2|b800,activity::n1500::f0,time_agnostic_t,hidden,0.0273918364408609,3,0.0,0.0,0.0
qwen36-27b_think,activity__n1500__f0__memoryless|time_agnostic_t|ws2|b800,activity::n1500::f0,time_agnostic_t,mechanism,0.0273918364408609,3,0.0,0.0,0.0
qwen36-27b_think,activity__n1500__f0__memoryless|time_agnostic_t|ws3|b800,activity::n1500::f0,time_agnostic_t,hidden,0.0278237707868404,3,0.0,0.0,0.0
qwen36-27b_think,activity__n1500__f0__memoryless|time_agnostic_t|ws3|b800,activity::n1500::f0,time_agnostic_t,mechanism,0.0278237707868404,3,0.0,0.0,0.0
qwen36-27b_think,activity__n1500__f0__memoryless|time_respecting|ws0|b800,activity::n1500::f0,time_respecting,direction_only,0.0206248650205168,3,0.09823626282251038,0.08515,0.2865666666666667
qwen36-27b_think,activity__n1500__f0__memoryless|time_respecting|ws0|b800,activity::n1500::f0,time_respecting,hidden,0.0206248650205168,3,0.0,0.0,0.0
qwen36-27b_think,activity__n1500__f0__memoryless|time_respecting|ws0|b800,activity::n1500::f0,time_respecting,mechanism,0.0206248650205168,3,0.0,0.0,0.0
qwen36-27b_think,activity__n1500__f0__memoryless|time_respecting|ws0|b800,activity::n1500::f0,time_respecting,mechanism_direction,0.0206248650205168,3,0.37749172176353746,0.375,0.5499999999999999
qwen36-27b_think,activity__n1500__f0__memoryless|time_respecting|ws1|b800,activity::n1500::f0,time_respecting,hidden,0.021452739183644,3,0.0,0.0,0.0
qwen36-27b_think,activity__n1500__f0__memoryless|time_respecting|ws1|b800,activity::n1500::f0,time_respecting,mechanism,0.021452739183644,3,0.0,0.0,0.0
qwen36-27b_think,activity__n1500__f0__memoryless|time_respecting|ws2|b800,activity::n1500::f0,time_respecting,hidden,0.0202649197322007,3,0.0,0.0,0.0
qwen36-27b_think,activity__n1500__f0__memoryless|time_respecting|ws2|b800,activity::n1500::f0,time_respecting,mechanism,0.0202649197322007,3,0.5744635178436777,0.4975,0.33166666666666667
qwen36-27b_think,activity__n1500__f0__memoryless|time_respecting|ws3|b800,activity::n1500::f0,time_respecting,hidden,0.0212007774818227,3,0.0,0.0,0.0017
qwen36-27b_think,activity__n1500__f0__memoryless|time_respecting|ws3|b800,activity::n1500::f0,time_respecting,mechanism,0.0212007774818227,3,0.0001732050807568878,0.00014999999999999996,0.0019
qwen36-27b_think,activity__n500__f0__beta1|event_sample_then_full_history|ss0|b9600,activity::n500::f0,event_sample_then_full_history,direction_only,0.9640924741760944,3,0.0011547005383792527,0.0010000000000000009,0.25866666666666666
qwen36-27b_think,activity__n500__f0__beta1|event_sample_then_full_history|ss0|b9600,activity::n500::f0,event_sample_then_full_history,hidden,0.9640924741760944,3,0.0010214368964029852,0.0009500000000000064,0.5831333333333334
qwen36-27b_think,activity__n500__f0__beta1|event_sample_then_full_history|ss0|b9600,activity::n500::f0,event_sample_then_full_history,mechanism,0.9640924741760944,3,0.0005773502691896263,0.0005000000000000004,0.25766666666666665
qwen36-27b_think,activity__n500__f0__beta1|event_sample_then_full_history|ss0|b9600,activity::n500::f0,event_sample_then_full_history,mechanism_direction,0.9640924741760944,3,0.002746512940681921,0.002449999999999952,0.25656666666666667
qwen36-27b_think,activity__n500__f0__beta1|event_sample_then_full_history|ss0|b9600,activity::n500::f0,event_sample_then_full_history,mismatched,0.9640924741760944,3,0.0,0.0,1.0
qwen36-27b_think,activity__n500__f0__beta1|node_panel_full_history|ss0|b2500,activity::n500::f0,node_panel_full_history,direction_only,0.2700442695523856,3,0.0018475208614068552,0.0016000000000000458,0.5599333333333334
qwen36-27b_think,activity__n500__f0__beta1|node_panel_full_history|ss0|b2500,activity::n500::f0,node_panel_full_history,hidden,0.2700442695523856,3,0.039214835628029014,0.03444999999999987,0.5846333333333334
qwen36-27b_think,activity__n500__f0__beta1|node_panel_full_history|ss0|b2500,activity::n500::f0,node_panel_full_history,mechanism,0.2700442695523856,3,0.01229850939477355,0.011199999999999988,0.5551333333333334
qwen36-27b_think,activity__n500__f0__beta1|node_panel_full_history|ss0|b2500,activity::n500::f0,node_panel_full_history,mechanism_direction,0.2700442695523856,3,0.0,0.0,0.561
qwen36-27b_think,activity__n500__f0__beta1|recent_history_k20|ws0|b800,activity::n500::f0,recent_history_k20,direction_only,0.1854402361042794,3,0.2718349744483468,0.2687,0.5075333333333333
qwen36-27b_think,activity__n500__f0__beta1|recent_history_k20|ws0|b800,activity::n500::f0,recent_history_k20,hidden,0.1854402361042794,3,0.08002074730968213,0.0693,0.2164
qwen36-27b_think,activity__n500__f0__beta1|recent_history_k20|ws0|b800,activity::n500::f0,recent_history_k20,mechanism,0.1854402361042794,3,0.06986653944008772,0.061,0.17933333333333334
qwen36-27b_think,activity__n500__f0__beta1|recent_history_k20|ws0|b800,activity::n500::f0,recent_history_k20,mechanism_direction,0.1854402361042794,3,0.04163331998932264,0.039999999999999925,0.43333333333333335
qwen36-27b_think,activity__n500__f0__beta1|time_agnostic_t|ws0|b800,activity::n500::f0,time_agnostic_t,direction_only,0.2710280373831775,3,0.040010373654841065,0.034649999999999986,0.15380000000000002
qwen36-27b_think,activity__n500__f0__beta1|time_agnostic_t|ws0|b800,activity::n500::f0,time_agnostic_t,hidden,0.2710280373831775,3,0.035844794601169086,0.031049999999999994,0.10998999999999999
qwen36-27b_think,activity__n500__f0__beta1|time_agnostic_t|ws0|b800,activity::n500::f0,time_agnostic_t,mechanism,0.2710280373831775,3,0.050000000000000044,0.050000000000000044,0.75
qwen36-27b_think,activity__n500__f0__beta1|time_agnostic_t|ws0|b800,activity::n500::f0,time_agnostic_t,mechanism_direction,0.2710280373831775,3,0.010000000000000009,0.010000000000000009,0.64
qwen36-27b_think,activity__n500__f0__beta1|time_agnostic_t|ws0|b800,activity::n500::f0,time_agnostic_t,metadata_only,0.2710280373831775,3,0.12439277846134533,0.12435000000000003,0.1537666666666667
qwen36-27b_think,activity__n500__f0__beta1|time_agnostic_t|ws0|b800,activity::n500::f0,time_agnostic_t,mismatched,0.2710280373831775,3,0.0,0.0,0.0686
qwen36-27b_think,activity__n500__f0__beta1|time_respecting|ws0|b800,activity::n500::f0,time_respecting,direction_only,0.1923266109198229,3,0.2657509799292062,0.26575000000000004,0.4008333333333334
qwen36-27b_think,activity__n500__f0__beta1|time_respecting|ws0|b800,activity::n500::f0,time_respecting,hidden,0.1923266109198229,3,0.0,0.0,0.1355
qwen36-27b_think,activity__n500__f0__beta1|time_respecting|ws0|b800,activity::n500::f0,time_respecting,mechanism,0.1923266109198229,3,0.010583005244258372,0.010000000000000009,0.132
qwen36-27b_think,activity__n500__f0__beta1|time_respecting|ws0|b800,activity::n500::f0,time_respecting,mechanism_direction,0.1923266109198229,3,0.06806859285554047,0.06500000000000006,0.37333333333333335
qwen36-27b_think,activity__n500__f0__memoryless|event_sample_then_full_history|ss0|b9600,activity::n500::f0,event_sample_then_full_history,direction_only,0.9597435358419172,3,0.00017320508075688868,0.00015000000000000083,0.0208
qwen36-27b_think,activity__n500__f0__memoryless|event_sample_then_full_history|ss0|b9600,activity::n500::f0,event_sample_then_full_history,hidden,0.9597435358419172,3,1.7897858344876266e-05,1.5500000000001624e-05,0.04108966666666666
qwen36-27b_think,activity__n500__f0__memoryless|event_sample_then_full_history|ss0|b9600,activity::n500::f0,event_sample_then_full_history,mechanism,0.9597435358419172,3,2.020725942163708e-05,1.7500000000000154e-05,0.020676666666666666
qwen36-27b_think,activity__n500__f0__memoryless|event_sample_then_full_history|ss0|b9600,activity::n500::f0,event_sample_then_full_history,mechanism_direction,0.9597435358419172,3,1.7320508075688065e-05,1.4999999999997654e-05,0.02069
qwen36-27b_think,activity__n500__f0__memoryless|event_sample_then_full_history|ss0|b9600,activity::n500::f0,event_sample_then_full_history,mismatched,0.9597435358419172,3,0.0,0.0,1.0
qwen36-27b_think,activity__n500__f0__memoryless|node_panel_full_history|ss0|b2500,activity::n500::f0,node_panel_full_history,direction_only,0.2493167963001892,3,1.6772994167212944e-05,1.5000000000001124e-05,0.040480666666666665
qwen36-27b_think,activity__n500__f0__memoryless|node_panel_full_history|ss0|b2500,activity::n500::f0,node_panel_full_history,hidden,0.2493167963001892,3,1.732050807569007e-05,1.5000000000001124e-05,0.04049
qwen36-27b_think,activity__n500__f0__memoryless|node_panel_full_history|ss0|b2500,activity::n500::f0,node_panel_full_history,mechanism,0.2493167963001892,3,1.1547005383804063e-06,1.000000000001e-06,0.04047133333333333
qwen36-27b_think,activity__n500__f0__memoryless|node_panel_full_history|ss0|b2500,activity::n500::f0,node_panel_full_history,mechanism_direction,0.2493167963001892,3,1.1547005383804063e-06,1.000000000001e-06,0.04047066666666666
qwen36-27b_think,activity__n500__f0__memoryless|recent_history_k20|ws0|b800,activity::n500::f0,recent_history_k20,direction_only,0.0653773386588185,3,0.15044378795195673,0.13499999999999995,0.39666666666666667
qwen36-27b_think,activity__n500__f0__memoryless|recent_history_k20|ws0|b800,activity::n500::f0,recent_history_k20,hidden,0.0653773386588185,3,1.0408329997330656e-05,9.999999999999593e-06,0.003211666666666667
qwen36-27b_think,activity__n500__f0__memoryless|recent_history_k20|ws0|b800,activity::n500::f0,recent_history_k20,mechanism,0.0653773386588185,3,0.003921658875187047,0.0034000000000000002,0.005471666666666666
qwen36-27b_think,activity__n500__f0__memoryless|recent_history_k20|ws0|b800,activity::n500::f0,recent_history_k20,mechanism_direction,0.0653773386588185,3,0.3253203549323856,0.32499999999999996,0.36666666666666664
qwen36-27b_think,activity__n500__f0__memoryless|time_agnostic_t|ws0|b800,activity::n500::f0,time_agnostic_t,direction_only,0.0794618457010721,3,0.10905044704172469,0.10500000000000001,0.08800000000000001
qwen36-27b_think,activity__n500__f0__memoryless|time_agnostic_t|ws0|b800,activity::n500::f0,time_agnostic_t,hidden,0.0794618457010721,3,0.0,0.0,0.0
qwen36-27b_think,activity__n500__f0__memoryless|time_agnostic_t|ws0|b800,activity::n500::f0,time_agnostic_t,mechanism,0.0794618457010721,3,0.0,0.0,0.0
qwen36-27b_think,activity__n500__f0__memoryless|time_agnostic_t|ws0|b800,activity::n500::f0,time_agnostic_t,mechanism_direction,0.0794618457010721,3,0.4537973115830459,0.393,0.262
qwen36-27b_think,activity__n500__f0__memoryless|time_agnostic_t|ws0|b800,activity::n500::f0,time_agnostic_t,metadata_only,0.0794618457010721,3,0.3280215897366107,0.28415,0.2212333333333333
qwen36-27b_think,activity__n500__f0__memoryless|time_agnostic_t|ws0|b800,activity::n500::f0,time_agnostic_t,mismatched,0.0794618457010721,3,0.0,0.0,0.0
qwen36-27b_think,activity__n500__f0__memoryless|time_respecting|ws0|b800,activity::n500::f0,time_respecting,direction_only,0.0547614042463737,3,0.1074247798849657,0.09599999999999997,0.8681666666666666
qwen36-27b_think,activity__n500__f0__memoryless|time_respecting|ws0|b800,activity::n500::f0,time_respecting,hidden,0.0547614042463737,3,5.773502691897024e-07,5.000000000000664e-07,0.0019193333333333334
qwen36-27b_think,activity__n500__f0__memoryless|time_respecting|ws0|b800,activity::n500::f0,time_respecting,mechanism,0.0547614042463737,3,0.004618802153517006,0.004,0.004666666666666667
qwen36-27b_think,activity__n500__f0__memoryless|time_respecting|ws0|b800,activity::n500::f0,time_respecting,mechanism_direction,0.0547614042463737,3,0.5362643284799018,0.49499999999999994,0.3781999999999999
qwen36-27b_think,controlled__snap_bitcoin_otc__bursty__contiguous__rho0.15__r0|event_sample_then_full_history|ss0|b9600,real::snap_bitcoin_otc,event_sample_then_full_history,direction_only,0.250930578820026,3,0.010738715006927043,0.009300000000000003,0.08760000000000001
qwen36-27b_think,controlled__snap_bitcoin_otc__bursty__contiguous__rho0.15__r0|event_sample_then_full_history|ss0|b9600,real::snap_bitcoin_otc,event_sample_then_full_history,hidden,0.250930578820026,3,0.01568660681388214,0.013585000000000014,0.14151333333333335
qwen36-27b_think,controlled__snap_bitcoin_otc__bursty__contiguous__rho0.15__r0|event_sample_then_full_history|ss0|b9600,real::snap_bitcoin_otc,event_sample_then_full_history,mechanism,0.250930578820026,3,0.0,0.0,0.1234
qwen36-27b_think,controlled__snap_bitcoin_otc__bursty__contiguous__rho0.15__r0|event_sample_then_full_history|ss0|b9600,real::snap_bitcoin_otc,event_sample_then_full_history,mechanism_direction,0.250930578820026,3,2.3094010767608126e-06,2.000000000002e-06,0.12340133333333332
qwen36-27b_think,controlled__snap_bitcoin_otc__bursty__contiguous__rho0.15__r0|event_sample_then_full_history|ss0|b9600,real::snap_bitcoin_otc,event_sample_then_full_history,mismatched,0.250930578820026,3,0.050846173241782235,0.044999999999999984,0.41733333333333333
qwen36-27b_think,controlled__snap_bitcoin_otc__bursty__contiguous__rho0.15__r0|node_panel_full_history|ss0|b2500,real::snap_bitcoin_otc,node_panel_full_history,direction_only,0.0702121719709659,3,0.0,0.0,0.12856
qwen36-27b_think,controlled__snap_bitcoin_otc__bursty__contiguous__rho0.15__r0|node_panel_full_history|ss0|b2500,real::snap_bitcoin_otc,node_panel_full_history,hidden,0.0702121719709659,3,0.019071611442140902,0.01651649999999999,0.117589
qwen36-27b_think,controlled__snap_bitcoin_otc__bursty__contiguous__rho0.15__r0|node_panel_full_history|ss0|b2500,real::snap_bitcoin_otc,node_panel_full_history,mechanism,0.0702121719709659,3,2.2538855339159814e-05,1.9999999999992246e-05,0.128574
qwen36-27b_think,controlled__snap_bitcoin_otc__bursty__contiguous__rho0.15__r0|node_panel_full_history|ss0|b2500,real::snap_bitcoin_otc,node_panel_full_history,mechanism_direction,0.0702121719709659,3,0.0,0.0,0.12856
qwen36-27b_think,controlled__snap_bitcoin_otc__bursty__contiguous__rho0.15__r0|recent_history_k20|ws0|b800,real::snap_bitcoin_otc,recent_history_k20,direction_only,0.0283826540107947,3,0.1887739021510477,0.18836000000000003,0.18442666666666666
qwen36-27b_think,controlled__snap_bitcoin_otc__bursty__contiguous__rho0.15__r0|recent_history_k20|ws0|b800,real::snap_bitcoin_otc,recent_history_k20,hidden,0.0283826540107947,3,5.773502691897024e-07,5.000000000000664e-07,0.0032793333333333333
qwen36-27b_think,controlled__snap_bitcoin_otc__bursty__contiguous__rho0.15__r0|recent_history_k20|ws0|b800,real::snap_bitcoin_otc,recent_history_k20,mechanism,0.0283826540107947,3,0.0015044378795195678,0.0015,0.0034333333333333334
qwen36-27b_think,controlled__snap_bitcoin_otc__bursty__contiguous__rho0.15__r0|recent_history_k20|ws0|b800,real::snap_bitcoin_otc,recent_history_k20,mechanism_direction,0.0283826540107947,3,0.26555335835446203,0.26386000000000004,0.28442666666666666
qwen36-27b_think,controlled__snap_bitcoin_otc__bursty__contiguous__rho0.15__r0|time_agnostic_t|ws0|b800,real::snap_bitcoin_otc,time_agnostic_t,direction_only,0.0319188535268937,3,0.24541054038759896,0.23650000000000002,0.22566666666666668
qwen36-27b_think,controlled__snap_bitcoin_otc__bursty__contiguous__rho0.15__r0|time_agnostic_t|ws0|b800,real::snap_bitcoin_otc,time_agnostic_t,hidden,0.0319188535268937,3,1.7320508075689068e-05,1.5000000000000256e-05,0.00582
qwen36-27b_think,controlled__snap_bitcoin_otc__bursty__contiguous__rho0.15__r0|time_agnostic_t|ws0|b800,real::snap_bitcoin_otc,time_agnostic_t,mechanism,0.0319188535268937,3,0.0005291502622129122,0.0004999999999999866,0.0706
qwen36-27b_think,controlled__snap_bitcoin_otc__bursty__contiguous__rho0.15__r0|time_agnostic_t|ws0|b800,real::snap_bitcoin_otc,time_agnostic_t,mechanism_direction,0.0319188535268937,3,0.03406366588218791,0.0295,0.051333333333333335
qwen36-27b_think,controlled__snap_bitcoin_otc__bursty__contiguous__rho0.15__r0|time_agnostic_t|ws0|b800,real::snap_bitcoin_otc,time_agnostic_t,metadata_only,0.0319188535268937,3,0.13114877048604,0.13,0.33
qwen36-27b_think,controlled__snap_bitcoin_otc__bursty__contiguous__rho0.15__r0|time_agnostic_t|ws0|b800,real::snap_bitcoin_otc,time_agnostic_t,mismatched,0.0319188535268937,3,1.7320508075688568e-06,1.4999999999997654e-06,0.0031780000000000003
qwen36-27b_think,controlled__snap_bitcoin_otc__bursty__contiguous__rho0.15__r0|time_respecting|ws0|b800,real::snap_bitcoin_otc,time_respecting,direction_only,0.0213567839195979,3,0.23625519350129284,0.2264815,0.3023456666666667
qwen36-27b_think,controlled__snap_bitcoin_otc__bursty__contiguous__rho0.15__r0|time_respecting|ws0|b800,real::snap_bitcoin_otc,time_respecting,hidden,0.0213567839195979,3,2.1361959960017487e-05,1.8499999999997685e-05,0.037012333333333335
qwen36-27b_think,controlled__snap_bitcoin_otc__bursty__contiguous__rho0.15__r0|time_respecting|ws0|b800,real::snap_bitcoin_otc,time_respecting,mechanism,0.0213567839195979,3,0.0,0.0,0.019
qwen36-27b_think,controlled__snap_bitcoin_otc__bursty__contiguous__rho0.15__r0|time_respecting|ws0|b800,real::snap_bitcoin_otc,time_respecting,mechanism_direction,0.0213567839195979,3,0.5377731863899501,0.48000000000000004,0.38000000000000006
qwen36-27b_think,controlled__snap_bitcoin_otc__bursty__contiguous__rho0.55__r0|event_sample_then_full_history|ss0|b9600,real::snap_bitcoin_otc,event_sample_then_full_history,direction_only,0.2499069421179973,3,0.04006810868176001,0.03470000000000001,0.43673333333333336
qwen36-27b_think,controlled__snap_bitcoin_otc__bursty__contiguous__rho0.55__r0|event_sample_then_full_history|ss0|b9600,real::snap_bitcoin_otc,event_sample_then_full_history,hidden,0.2499069421179973,3,0.0,0.0,0.5852
qwen36-27b_think,controlled__snap_bitcoin_otc__bursty__contiguous__rho0.55__r0|event_sample_then_full_history|ss0|b9600,real::snap_bitcoin_otc,event_sample_then_full_history,mechanism,0.2499069421179973,3,1.7320508075674045e-05,1.4999999999987246e-05,0.48258
qwen36-27b_think,controlled__snap_bitcoin_otc__bursty__contiguous__rho0.55__r0|event_sample_then_full_history|ss0|b9600,real::snap_bitcoin_otc,event_sample_then_full_history,mechanism_direction,0.2499069421179973,3,1.7320508075674045e-05,1.4999999999987246e-05,0.48258
qwen36-27b_think,controlled__snap_bitcoin_otc__bursty__contiguous__rho0.55__r0|event_sample_then_full_history|ss0|b9600,real::snap_bitcoin_otc,event_sample_then_full_history,mismatched,0.2499069421179973,3,0.19078784028338913,0.19000000000000006,0.7999999999999999
qwen36-27b_think,controlled__snap_bitcoin_otc__bursty__contiguous__rho0.55__r0|node_panel_full_history|ss0|b2500,real::snap_bitcoin_otc,node_panel_full_history,direction_only,0.068071840684906,3,2.886751345951016e-05,2.4999999999997247e-05,0.47508333333333336
qwen36-27b_think,controlled__snap_bitcoin_otc__bursty__contiguous__rho0.55__r0|node_panel_full_history|ss0|b2500,real::snap_bitcoin_otc,node_panel_full_history,hidden,0.068071840684906,3,2.886751345951016e-05,2.4999999999997247e-05,0.47508333333333336
qwen36-27b_think,controlled__snap_bitcoin_otc__bursty__contiguous__rho0.55__r0|node_panel_full_history|ss0|b2500,real::snap_bitcoin_otc,node_panel_full_history,mechanism,0.068071840684906,3,0.0,0.0,0.4751
qwen36-27b_think,controlled__snap_bitcoin_otc__bursty__contiguous__rho0.55__r0|node_panel_full_history|ss0|b2500,real::snap_bitcoin_otc,node_panel_full_history,mechanism_direction,0.068071840684906,3,2.886751345951016e-05,2.5000000000052758e-05,0.4750666666666667
qwen36-27b_think,controlled__snap_bitcoin_otc__bursty__contiguous__rho0.55__r0|recent_history_k20|ws0|b800,real::snap_bitcoin_otc,recent_history_k20,direction_only,0.0274520751907686,3,0.015678116383460526,0.015,0.11236666666666667
qwen36-27b_think,controlled__snap_bitcoin_otc__bursty__contiguous__rho0.55__r0|recent_history_k20|ws0|b800,real::snap_bitcoin_otc,recent_history_k20,hidden,0.0274520751907686,3,2.8867513459482116e-05,2.4999999999997247e-05,0.050816666666666656
qwen36-27b_think,controlled__snap_bitcoin_otc__bursty__contiguous__rho0.55__r0|recent_history_k20|ws0|b800,real::snap_bitcoin_otc,recent_history_k20,mechanism,0.0274520751907686,3,0.1409454267911284,0.128,0.11893333333333335
qwen36-27b_think,controlled__snap_bitcoin_otc__bursty__contiguous__rho0.55__r0|recent_history_k20|ws0|b800,real::snap_bitcoin_otc,recent_history_k20,mechanism_direction,0.0274520751907686,3,0.30373377048549166,0.28500000000000003,0.4043666666666667
qwen36-27b_think,controlled__snap_bitcoin_otc__bursty__contiguous__rho0.55__r0|time_agnostic_t|ws0|b800,real::snap_bitcoin_otc,time_agnostic_t,direction_only,0.0300111669458403,3,0.09053728513711906,0.08499999999999999,0.19499999999999998
qwen36-27b_think,controlled__snap_bitcoin_otc__bursty__contiguous__rho0.55__r0|time_agnostic_t|ws0|b800,real::snap_bitcoin_otc,time_agnostic_t,hidden,0.0300111669458403,3,0.013048116083685543,0.011299999999999998,0.06493333333333333
qwen36-27b_think,controlled__snap_bitcoin_otc__bursty__contiguous__rho0.55__r0|time_agnostic_t|ws0|b800,real::snap_bitcoin_otc,time_agnostic_t,mechanism,0.0300111669458403,3,0.017320508075688787,0.015000000000000013,0.51
qwen36-27b_think,controlled__snap_bitcoin_otc__bursty__contiguous__rho0.55__r0|time_agnostic_t|ws0|b800,real::snap_bitcoin_otc,time_agnostic_t,mechanism_direction,0.0300111669458403,3,0.017897858344878417,0.01550000000000007,0.5103333333333334
qwen36-27b_think,controlled__snap_bitcoin_otc__bursty__contiguous__rho0.55__r0|time_agnostic_t|ws0|b800,real::snap_bitcoin_otc,time_agnostic_t,metadata_only,0.0300111669458403,3,0.24248711305964282,0.21,0.13999999999999999
qwen36-27b_think,controlled__snap_bitcoin_otc__bursty__contiguous__rho0.55__r0|time_agnostic_t|ws0|b800,real::snap_bitcoin_otc,time_agnostic_t,mismatched,0.0300111669458403,3,0.0,0.0,0.0292
qwen36-27b_think,controlled__snap_bitcoin_otc__bursty__contiguous__rho0.55__r0|time_respecting|ws0|b800,real::snap_bitcoin_otc,time_respecting,direction_only,0.021217197096594,3,0.12174289849241036,0.11599999999999999,0.16266666666666665
qwen36-27b_think,controlled__snap_bitcoin_otc__bursty__contiguous__rho0.55__r0|time_respecting|ws0|b800,real::snap_bitcoin_otc,time_respecting,hidden,0.021217197096594,3,5.773502691894019e-06,4.9999999999980616e-06,0.035096666666666665
qwen36-27b_think,controlled__snap_bitcoin_otc__bursty__contiguous__rho0.55__r0|time_respecting|ws0|b800,real::snap_bitcoin_otc,time_respecting,mechanism,0.021217197096594,3,0.0005773502691896263,0.0005000000000000004,0.01933333333333333
qwen36-27b_think,controlled__snap_bitcoin_otc__bursty__contiguous__rho0.55__r0|time_respecting|ws0|b800,real::snap_bitcoin_otc,time_respecting,mechanism_direction,0.021217197096594,3,0.14392707644266706,0.13245,0.13503333333333334
qwen36-27b_think,controlled__snap_collegemsg__bursty__contiguous__rho0.15__r0|event_sample_then_full_history|ss0|b9600,real::snap_collegemsg,event_sample_then_full_history,direction_only,0.0445151033386327,3,0.015620499351813314,0.013999999999999999,0.107
qwen36-27b_think,controlled__snap_collegemsg__bursty__contiguous__rho0.15__r0|event_sample_then_full_history|ss0|b9600,real::snap_collegemsg,event_sample_then_full_history,hidden,0.0445151033386327,3,0.003897435053981013,0.00379999999999997,0.1935
qwen36-27b_think,controlled__snap_collegemsg__bursty__contiguous__rho0.15__r0|event_sample_then_full_history|ss0|b9600,real::snap_collegemsg,event_sample_then_full_history,mechanism,0.0445151033386327,3,0.005121523210920751,0.004850000000000007,0.1189
qwen36-27b_think,controlled__snap_collegemsg__bursty__contiguous__rho0.15__r0|event_sample_then_full_history|ss0|b9600,real::snap_collegemsg,event_sample_then_full_history,mechanism_direction,0.0445151033386327,3,0.002645751311064593,0.0025000000000000022,0.115
qwen36-27b_think,controlled__snap_collegemsg__bursty__contiguous__rho0.15__r0|event_sample_then_full_history|ss0|b9600,real::snap_collegemsg,event_sample_then_full_history,mismatched,0.0445151033386327,3,0.0022546248764114493,0.0022499999999999742,0.25216666666666665
qwen36-27b_think,controlled__snap_collegemsg__bursty__contiguous__rho0.15__r0|node_panel_full_history|ss0|b2500,real::snap_collegemsg,node_panel_full_history,direction_only,0.0371440959676253,3,0.0001119062107302396,0.00010000000000001674,0.103171
qwen36-27b_think,controlled__snap_collegemsg__bursty__contiguous__rho0.15__r0|node_panel_full_history|ss0|b2500,real::snap_collegemsg,node_panel_full_history,hidden,0.0371440959676253,3,0.0012708396174707993,0.0011450000000000071,0.10393666666666666
qwen36-27b_think,controlled__snap_collegemsg__bursty__contiguous__rho0.15__r0|node_panel_full_history|ss0|b2500,real::snap_collegemsg,node_panel_full_history,mechanism,0.0371440959676253,3,0.0013856406460551014,0.0012000000000000066,0.10389999999999999
qwen36-27b_think,controlled__snap_collegemsg__bursty__contiguous__rho0.15__r0|node_panel_full_history|ss0|b2500,real::snap_collegemsg,node_panel_full_history,mechanism_direction,0.0371440959676253,3,0.001325028301584535,0.0011499999999999844,0.10386999999999998
qwen36-27b_think,controlled__snap_collegemsg__bursty__contiguous__rho0.15__r0|recent_history_k20|ws0|b800,real::snap_collegemsg,recent_history_k20,direction_only,0.0344702991761815,3,0.17637205938961345,0.1553,0.11753333333333334
qwen36-27b_think,controlled__snap_collegemsg__bursty__contiguous__rho0.15__r0|recent_history_k20|ws0|b800,real::snap_collegemsg,recent_history_k20,hidden,0.0344702991761815,3,0.003107753743997959,0.0027399999999999994,0.006893333333333334
qwen36-27b_think,controlled__snap_collegemsg__bursty__contiguous__rho0.15__r0|recent_history_k20|ws0|b800,real::snap_collegemsg,recent_history_k20,mechanism,0.0344702991761815,3,0.011405408073950416,0.01,0.016833333333333336
qwen36-27b_think,controlled__snap_collegemsg__bursty__contiguous__rho0.15__r0|recent_history_k20|ws0|b800,real::snap_collegemsg,recent_history_k20,mechanism_direction,0.0344702991761815,3,0.14771697036337203,0.12829999999999997,0.23056666666666667
qwen36-27b_think,controlled__snap_collegemsg__bursty__contiguous__rho0.15__r0|time_agnostic_t|ws0|b800,real::snap_collegemsg,time_agnostic_t,direction_only,0.0522474346003757,3,0.19511952746970251,0.17814999999999998,0.1419
qwen36-27b_think,controlled__snap_collegemsg__bursty__contiguous__rho0.15__r0|time_agnostic_t|ws0|b800,real::snap_collegemsg,time_agnostic_t,hidden,0.0522474346003757,3,0.0027712812921102037,0.0024000000000000002,0.008100000000000001
qwen36-27b_think,controlled__snap_collegemsg__bursty__contiguous__rho0.15__r0|time_agnostic_t|ws0|b800,real::snap_collegemsg,time_agnostic_t,mechanism,0.0522474346003757,3,0.015275252316519465,0.015000000000000013,0.17666666666666667
qwen36-27b_think,controlled__snap_collegemsg__bursty__contiguous__rho0.15__r0|time_agnostic_t|ws0|b800,real::snap_collegemsg,time_agnostic_t,mechanism_direction,0.0522474346003757,3,0.017320508075688773,0.015000000000000013,0.17
qwen36-27b_think,controlled__snap_collegemsg__bursty__contiguous__rho0.15__r0|time_agnostic_t|ws0|b800,real::snap_collegemsg,time_agnostic_t,metadata_only,0.0522474346003757,3,0.20207259421636903,0.2,0.4166666666666667
qwen36-27b_think,controlled__snap_collegemsg__bursty__contiguous__rho0.15__r0|time_agnostic_t|ws0|b800,real::snap_collegemsg,time_agnostic_t,mismatched,0.0522474346003757,3,2.8867513459481113e-05,2.499999999999985e-05,0.004866666666666667
qwen36-27b_think,controlled__snap_collegemsg__bursty__contiguous__rho0.15__r0|time_respecting|ws0|b800,real::snap_collegemsg,time_respecting,direction_only,0.0273160861396155,3,0.06506407098647712,0.065,0.18333333333333335
qwen36-27b_think,controlled__snap_collegemsg__bursty__contiguous__rho0.15__r0|time_respecting|ws0|b800,real::snap_collegemsg,time_respecting,hidden,0.0273160861396155,3,1.1547005383788038e-05,9.999999999996123e-06,0.07670666666666666
qwen36-27b_think,controlled__snap_collegemsg__bursty__contiguous__rho0.15__r0|time_respecting|ws0|b800,real::snap_collegemsg,time_respecting,mechanism,0.0273160861396155,3,0.025024854311930238,0.022449999999999998,0.06393333333333334
qwen36-27b_think,controlled__snap_collegemsg__bursty__contiguous__rho0.15__r0|time_respecting|ws0|b800,real::snap_collegemsg,time_respecting,mechanism_direction,0.0273160861396155,3,0.4423690013250627,0.4355,0.5803333333333334
qwen36-27b_think,controlled__snap_collegemsg__bursty__contiguous__rho0.55__r0|event_sample_then_full_history|ss0|b9600,real::snap_collegemsg,event_sample_then_full_history,direction_only,0.0437201907790143,3,0.081002057587035,0.08000000000000007,0.5573333333333332
qwen36-27b_think,controlled__snap_collegemsg__bursty__contiguous__rho0.55__r0|event_sample_then_full_history|ss0|b9600,real::snap_collegemsg,event_sample_then_full_history,mechanism_direction,0.0437201907790143,3,0.003785938897200154,0.003500000000000003,0.4693333333333333
qwen36-27b_think,controlled__snap_collegemsg__bursty__contiguous__rho0.55__r0|node_panel_full_history|ss0|b2500,real::snap_collegemsg,node_panel_full_history,direction_only,0.0409018644312762,3,0.010137225129853477,0.009849999999999914,0.5545666666666667
qwen36-27b_think,controlled__snap_collegemsg__bursty__contiguous__rho0.55__r0|node_panel_full_history|ss0|b2500,real::snap_collegemsg,node_panel_full_history,hidden,0.0409018644312762,3,0.14006521100306576,0.12135000000000001,0.38776666666666665
qwen36-27b_think,controlled__snap_collegemsg__bursty__contiguous__rho0.55__r0|node_panel_full_history|ss0|b2500,real::snap_collegemsg,node_panel_full_history,mechanism,0.0409018644312762,3,0.0,0.0,0.5495
qwen36-27b_think,controlled__snap_collegemsg__bursty__contiguous__rho0.55__r0|node_panel_full_history|ss0|b2500,real::snap_collegemsg,node_panel_full_history,mechanism_direction,0.0409018644312762,3,0.008265792964582023,0.007350000000000079,0.5538666666666666
qwen36-27b_think,controlled__snap_collegemsg__bursty__contiguous__rho0.55__r0|recent_history_k20|ws0|b800,real::snap_collegemsg,recent_history_k20,direction_only,0.0388784506431565,3,0.0030315012782448254,0.0026499999999999996,0.0315
qwen36-27b_think,controlled__snap_collegemsg__bursty__contiguous__rho0.55__r0|recent_history_k20|ws0|b800,real::snap_collegemsg,recent_history_k20,hidden,0.0388784506431565,3,0.009021097956087904,0.0078125,0.024491666666666665
qwen36-27b_think,controlled__snap_collegemsg__bursty__contiguous__rho0.55__r0|recent_history_k20|ws0|b800,real::snap_collegemsg,recent_history_k20,mechanism,0.0388784506431565,3,0.007637626158259733,0.0075,0.021666666666666667
qwen36-27b_think,controlled__snap_collegemsg__bursty__contiguous__rho0.55__r0|recent_history_k20|ws0|b800,real::snap_collegemsg,recent_history_k20,mechanism_direction,0.0388784506431565,3,0.0652559065015063,0.0625,0.15833333333333335
qwen36-27b_think,controlled__snap_collegemsg__bursty__contiguous__rho0.55__r0|time_agnostic_t|ws0|b800,real::snap_collegemsg,time_agnostic_t,direction_only,0.0520306402659343,3,0.04505922029211485,0.044999999999999984,0.22633333333333336
qwen36-27b_think,controlled__snap_collegemsg__bursty__contiguous__rho0.55__r0|time_agnostic_t|ws0|b800,real::snap_collegemsg,time_agnostic_t,hidden,0.0520306402659343,3,0.009256753082839736,0.008016666649999997,0.027988777766666667
qwen36-27b_think,controlled__snap_collegemsg__bursty__contiguous__rho0.55__r0|time_agnostic_t|ws0|b800,real::snap_collegemsg,time_agnostic_t,mechanism,0.0520306402659343,3,0.11015141094572208,0.10000000000000009,0.7733333333333333
qwen36-27b_think,controlled__snap_collegemsg__bursty__contiguous__rho0.55__r0|time_agnostic_t|ws0|b800,real::snap_collegemsg,time_agnostic_t,mechanism_direction,0.0520306402659343,3,0.036055512754639925,0.03500000000000003,0.62
qwen36-27b_think,controlled__snap_collegemsg__bursty__contiguous__rho0.55__r0|time_agnostic_t|ws0|b800,real::snap_collegemsg,time_agnostic_t,metadata_only,0.0520306402659343,3,0.026457513110645908,0.024999999999999967,0.33
qwen36-27b_think,controlled__snap_collegemsg__bursty__contiguous__rho0.55__r0|time_agnostic_t|ws0|b800,real::snap_collegemsg,time_agnostic_t,mismatched,0.0520306402659343,3,5.773502691896022e-06,5.000000000001531e-06,0.017303333333333334
qwen36-27b_think,controlled__snap_collegemsg__bursty__contiguous__rho0.55__r0|time_respecting|ws0|b800,real::snap_collegemsg,time_respecting,direction_only,0.0266657031362913,3,0.02766602610302631,0.027624499999999996,0.09625033333333333
qwen36-27b_think,controlled__snap_collegemsg__bursty__contiguous__rho0.55__r0|time_respecting|ws0|b800,real::snap_collegemsg,time_respecting,hidden,0.0266657031362913,3,2.8583211855909444e-05,2.4999999999997247e-05,0.06776700000000001
qwen36-27b_think,controlled__snap_collegemsg__bursty__contiguous__rho0.55__r0|time_respecting|ws0|b800,real::snap_collegemsg,time_respecting,mechanism,0.0266657031362913,3,0.021166010488516726,0.020000000000000004,0.076
qwen36-27b_think,controlled__snap_collegemsg__bursty__contiguous__rho0.55__r0|time_respecting|ws0|b800,real::snap_collegemsg,time_respecting,mechanism_direction,0.0266657031362913,3,0.05,0.05000000000000002,0.19999999999999998
qwen36-27b_think,controlled__snap_email_eu__bursty__contiguous__rho0.15__r0|event_sample_then_full_history|ss0|b9600,real::snap_email_eu,event_sample_then_full_history,direction_only,0.0014317729083665,3,0.0,0.0,0.12
qwen36-27b_think,controlled__snap_email_eu__bursty__contiguous__rho0.15__r0|event_sample_then_full_history|ss0|b9600,real::snap_email_eu,event_sample_then_full_history,hidden,0.0014317729083665,3,0.047458192127387236,0.041100000000000025,0.3752
qwen36-27b_think,controlled__snap_email_eu__bursty__contiguous__rho0.15__r0|event_sample_then_full_history|ss0|b9600,real::snap_email_eu,event_sample_then_full_history,mechanism,0.0014317729083665,3,5.773502691895622e-05,4.999999999999449e-05,0.11993333333333334
qwen36-27b_think,controlled__snap_email_eu__bursty__contiguous__rho0.15__r0|event_sample_then_full_history|ss0|b9600,real::snap_email_eu,event_sample_then_full_history,mechanism_direction,0.0014317729083665,3,0.0,0.0,0.12
qwen36-27b_think,controlled__snap_email_eu__bursty__contiguous__rho0.15__r0|event_sample_then_full_history|ss0|b9600,real::snap_email_eu,event_sample_then_full_history,mismatched,0.0014317729083665,3,0.0012165525060596376,0.0010999999999999899,0.34859999999999997
qwen36-27b_think,controlled__snap_email_eu__bursty__contiguous__rho0.15__r0|node_panel_full_history|ss0|b2500,real::snap_email_eu,node_panel_full_history,direction_only,0.009711155378486,3,0.0002309401076758489,0.00019999999999999185,0.06396666666666667
qwen36-27b_think,controlled__snap_email_eu__bursty__contiguous__rho0.15__r0|node_panel_full_history|ss0|b2500,real::snap_email_eu,node_panel_full_history,hidden,0.009711155378486,3,0.026038497140452126,0.02255,0.04906666666666667
qwen36-27b_think,controlled__snap_email_eu__bursty__contiguous__rho0.15__r0|node_panel_full_history|ss0|b2500,real::snap_email_eu,node_panel_full_history,mechanism,0.009711155378486,3,0.0,0.0,0.0641
qwen36-27b_think,controlled__snap_email_eu__bursty__contiguous__rho0.15__r0|node_panel_full_history|ss0|b2500,real::snap_email_eu,node_panel_full_history,mechanism_direction,0.009711155378486,3,0.00040010665244823336,0.0003999999999999976,0.06450533333333335
qwen36-27b_think,controlled__snap_email_eu__bursty__contiguous__rho0.15__r0|recent_history_k20|ws0|b800,real::snap_email_eu,recent_history_k20,direction_only,0.0140687250996015,3,0.501918671446879,0.4407895,0.302193
qwen36-27b_think,controlled__snap_email_eu__bursty__contiguous__rho0.15__r0|recent_history_k20|ws0|b800,real::snap_email_eu,recent_history_k20,hidden,0.0140687250996015,3,0.0,0.0,0.0
qwen36-27b_think,controlled__snap_email_eu__bursty__contiguous__rho0.15__r0|recent_history_k20|ws0|b800,real::snap_email_eu,recent_history_k20,mechanism,0.0140687250996015,3,0.0,0.0,0.0
qwen36-27b_think,controlled__snap_email_eu__bursty__contiguous__rho0.15__r0|recent_history_k20|ws0|b800,real::snap_email_eu,recent_history_k20,mechanism_direction,0.0140687250996015,3,0.22100977353954282,0.19150000000000003,0.26520000000000005
qwen36-27b_think,controlled__snap_email_eu__bursty__contiguous__rho0.15__r0|time_agnostic_t|ws0|b800,real::snap_email_eu,time_agnostic_t,direction_only,0.0473730079681274,3,0.413715183832227,0.3987,0.3375333333333333
qwen36-27b_think,controlled__snap_email_eu__bursty__contiguous__rho0.15__r0|time_agnostic_t|ws0|b800,real::snap_email_eu,time_agnostic_t,hidden,0.0473730079681274,3,0.00030484094213212255,0.00026400000000000035,0.0024519999999999998
qwen36-27b_think,controlled__snap_email_eu__bursty__contiguous__rho0.15__r0|time_agnostic_t|ws0|b800,real::snap_email_eu,time_agnostic_t,mechanism,0.0473730079681274,3,0.011547005383792516,0.009999999999999995,0.10333333333333333
qwen36-27b_think,controlled__snap_email_eu__bursty__contiguous__rho0.15__r0|time_agnostic_t|ws0|b800,real::snap_email_eu,time_agnostic_t,mechanism_direction,0.0473730079681274,3,0.0057735026918962545,0.0050000000000000044,0.10333333333333335
qwen36-27b_think,controlled__snap_email_eu__bursty__contiguous__rho0.15__r0|time_agnostic_t|ws0|b800,real::snap_email_eu,time_agnostic_t,metadata_only,0.0473730079681274,3,0.1711560788676036,0.14845000000000003,0.3523666666666667
qwen36-27b_think,controlled__snap_email_eu__bursty__contiguous__rho0.15__r0|time_agnostic_t|ws0|b800,real::snap_email_eu,time_agnostic_t,mismatched,0.0473730079681274,3,1.7320508075688568e-06,1.4999999999999823e-06,0.0013490000000000002
qwen36-27b_think,controlled__snap_email_eu__bursty__contiguous__rho0.15__r0|time_respecting|ws0|b800,real::snap_email_eu,time_respecting,direction_only,0.0235931274900398,3,0.20577981760448066,0.197,0.18866666666666668
qwen36-27b_think,controlled__snap_email_eu__bursty__contiguous__rho0.15__r0|time_respecting|ws0|b800,real::snap_email_eu,time_respecting,hidden,0.0235931274900398,3,0.009204586266276899,0.008,0.021128333333333332
qwen36-27b_think,controlled__snap_email_eu__bursty__contiguous__rho0.15__r0|time_respecting|ws0|b800,real::snap_email_eu,time_respecting,mechanism,0.0235931274900398,3,0.010299676370320249,0.009749999999999998,0.022166666666666668
qwen36-27b_think,controlled__snap_email_eu__bursty__contiguous__rho0.15__r0|time_respecting|ws0|b800,real::snap_email_eu,time_respecting,mechanism_direction,0.0235931274900398,3,0.02516611478423583,0.02500000000000001,0.12333333333333334
qwen36-27b_think,controlled__snap_email_eu__bursty__contiguous__rho0.55__r0|event_sample_then_full_history|ss0|b9600,real::snap_email_eu,event_sample_then_full_history,direction_only,0.002925796812749,3,0.07969943538068511,0.06999999999999995,0.698
qwen36-27b_think,controlled__snap_email_eu__bursty__contiguous__rho0.55__r0|event_sample_then_full_history|ss0|b9600,real::snap_email_eu,event_sample_then_full_history,hidden,0.002925796812749,3,0.006383572667401827,0.006249999999999978,0.807
qwen36-27b_think,controlled__snap_email_eu__bursty__contiguous__rho0.55__r0|event_sample_then_full_history|ss0|b9600,real::snap_email_eu,event_sample_then_full_history,mechanism,0.002925796812749,3,0.0012165525060596743,0.0010999999999999899,0.7986
qwen36-27b_think,controlled__snap_email_eu__bursty__contiguous__rho0.55__r0|event_sample_then_full_history|ss0|b9600,real::snap_email_eu,event_sample_then_full_history,mechanism_direction,0.002925796812749,3,0.24710591521315986,0.21399999999999997,0.6553333333333334
qwen36-27b_think,controlled__snap_email_eu__bursty__contiguous__rho0.55__r0|event_sample_then_full_history|ss0|b9600,real::snap_email_eu,event_sample_then_full_history,mismatched,0.002925796812749,3,0.0007637626158259982,0.0007500000000000284,0.8091666666666667
qwen36-27b_think,controlled__snap_email_eu__bursty__contiguous__rho0.55__r0|node_panel_full_history|ss2|b2500,real::snap_email_eu,node_panel_full_history,direction_only,0.0021787848605577,3,0.007794228634059987,0.006750000000000034,0.5188
qwen36-27b_think,controlled__snap_email_eu__bursty__contiguous__rho0.55__r0|node_panel_full_history|ss2|b2500,real::snap_email_eu,node_panel_full_history,hidden,0.0021787848605577,3,0.14664696837416494,0.127,0.42933333333333334
qwen36-27b_think,controlled__snap_email_eu__bursty__contiguous__rho0.55__r0|node_panel_full_history|ss2|b2500,real::snap_email_eu,node_panel_full_history,mechanism,0.0021787848605577,3,0.0,0.0,0.5143
qwen36-27b_think,controlled__snap_email_eu__bursty__contiguous__rho0.55__r0|node_panel_full_history|ss2|b2500,real::snap_email_eu,node_panel_full_history,mechanism_direction,0.0021787848605577,3,0.00017320508075686865,0.00014999999999998348,0.5142
qwen36-27b_think,controlled__snap_email_eu__bursty__contiguous__rho0.55__r0|recent_history_k20|ws0|b800,real::snap_email_eu,recent_history_k20,direction_only,0.0184262948207171,3,0.30969068439331526,0.2682,0.2024
qwen36-27b_think,controlled__snap_email_eu__bursty__contiguous__rho0.55__r0|recent_history_k20|ws0|b800,real::snap_email_eu,recent_history_k20,hidden,0.0184262948207171,3,2.829016319029191e-05,2.4500000000000216e-05,0.023616333333333333
qwen36-27b_think,controlled__snap_email_eu__bursty__contiguous__rho0.55__r0|recent_history_k20|ws0|b800,real::snap_email_eu,recent_history_k20,mechanism,0.0184262948207171,3,0.015011106998930272,0.013000000000000005,0.03266666666666667
qwen36-27b_think,controlled__snap_email_eu__bursty__contiguous__rho0.55__r0|recent_history_k20|ws0|b800,real::snap_email_eu,recent_history_k20,mechanism_direction,0.0184262948207171,3,0.15821925715074422,0.15499999999999997,0.17666666666666667
qwen36-27b_think,controlled__snap_email_eu__bursty__contiguous__rho0.55__r0|time_agnostic_t|ws0|b800,real::snap_email_eu,time_agnostic_t,direction_only,0.0465014940239043,3,0.10542415915402567,0.0913,0.07826666666666666
qwen36-27b_think,controlled__snap_email_eu__bursty__contiguous__rho0.55__r0|time_agnostic_t|ws0|b800,real::snap_email_eu,time_agnostic_t,hidden,0.0465014940239043,3,0.004849742261192856,0.004199999999999999,0.0146
qwen36-27b_think,controlled__snap_email_eu__bursty__contiguous__rho0.55__r0|time_agnostic_t|ws0|b800,real::snap_email_eu,time_agnostic_t,mechanism,0.0465014940239043,3,0.005773502691896262,0.0050000000000000044,0.5166666666666667
qwen36-27b_think,controlled__snap_email_eu__bursty__contiguous__rho0.55__r0|time_agnostic_t|ws0|b800,real::snap_email_eu,time_agnostic_t,mechanism_direction,0.0465014940239043,3,0.011547005383792525,0.010000000000000009,0.5133333333333333
qwen36-27b_think,controlled__snap_email_eu__bursty__contiguous__rho0.55__r0|time_agnostic_t|ws0|b800,real::snap_email_eu,time_agnostic_t,metadata_only,0.0465014940239043,3,0.29928581657004727,0.298,0.568
qwen36-27b_think,controlled__snap_email_eu__bursty__contiguous__rho0.55__r0|time_agnostic_t|ws0|b800,real::snap_email_eu,time_agnostic_t,mismatched,0.0465014940239043,3,5.773502691892016e-07,4.999999999987653e-07,0.009010666666666667
qwen36-27b_think,controlled__snap_email_eu__bursty__contiguous__rho0.55__r0|time_respecting|ws0|b800,real::snap_email_eu,time_respecting,direction_only,0.024340139442231,3,0.08450641001328439,0.08400000000000002,0.2293333333333333
qwen36-27b_think,controlled__snap_email_eu__bursty__contiguous__rho0.55__r0|time_respecting|ws0|b800,real::snap_email_eu,time_respecting,hidden,0.024340139442231,3,0.0,0.0,0.0537
qwen36-27b_think,controlled__snap_email_eu__bursty__contiguous__rho0.55__r0|time_respecting|ws0|b800,real::snap_email_eu,time_respecting,mechanism,0.024340139442231,3,0.017081081152354884,0.016849999999999997,0.03523333333333333
qwen36-27b_think,controlled__snap_email_eu__bursty__contiguous__rho0.55__r0|time_respecting|ws0|b800,real::snap_email_eu,time_respecting,mechanism_direction,0.024340139442231,3,0.19,0.185,0.32
qwen36-27b_think,controlled__snap_mathoverflow__bursty__contiguous__rho0.15__r0|event_sample_then_full_history|ss0|b9600,real::snap_mathoverflow,event_sample_then_full_history,hidden,0.0079739980636855,3,0.05388181511419228,0.048750000000000016,0.1625
qwen36-27b_think,controlled__snap_mathoverflow__bursty__contiguous__rho0.15__r0|event_sample_then_full_history|ss0|b9600,real::snap_mathoverflow,event_sample_then_full_history,mechanism,0.0079739980636855,3,0.0010263202878893793,0.0010000000000000009,0.12613333333333335
qwen36-27b_think,controlled__snap_mathoverflow__bursty__contiguous__rho0.15__r0|event_sample_then_full_history|ss0|b9600,real::snap_mathoverflow,event_sample_then_full_history,mechanism_direction,0.0079739980636855,3,0.0010408329997330674,0.0010000000000000009,0.12716666666666668
qwen36-27b_think,controlled__snap_mathoverflow__bursty__contiguous__rho0.15__r0|event_sample_then_full_history|ss0|b9600,real::snap_mathoverflow,event_sample_then_full_history,mismatched,0.0079739980636855,3,0.16444962754594492,0.16259999999999997,0.4016
qwen36-27b_think,controlled__snap_mathoverflow__bursty__contiguous__rho0.15__r0|event_sample_then_full_history|ss1|b9600,real::snap_mathoverflow,event_sample_then_full_history,hidden,0.0086602193780387,3,0.07284181491423729,0.0655,0.3061
qwen36-27b_think,controlled__snap_mathoverflow__bursty__contiguous__rho0.15__r0|event_sample_then_full_history|ss1|b9600,real::snap_mathoverflow,event_sample_then_full_history,mechanism,0.0086602193780387,3,0.0006429100507328663,0.0006000000000000172,0.15126666666666666
qwen36-27b_think,controlled__snap_mathoverflow__bursty__contiguous__rho0.15__r0|event_sample_then_full_history|ss2|b9600,real::snap_mathoverflow,event_sample_then_full_history,hidden,0.0089102379964465,3,0.06562136339130217,0.05725000000000002,0.22396666666666665
qwen36-27b_think,controlled__snap_mathoverflow__bursty__contiguous__rho0.15__r0|event_sample_then_full_history|ss2|b9600,real::snap_mathoverflow,event_sample_then_full_history,mechanism,0.0089102379964465,3,0.00906439922627712,0.007849999999999996,0.14276666666666668
qwen36-27b_think,controlled__snap_mathoverflow__bursty__contiguous__rho0.15__r0|event_sample_then_full_history|ss3|b9600,real::snap_mathoverflow,event_sample_then_full_history,hidden,0.0084367984849935,3,0.0060555759428810845,0.005950000000000011,0.25830000000000003
qwen36-27b_think,controlled__snap_mathoverflow__bursty__contiguous__rho0.15__r0|event_sample_then_full_history|ss3|b9600,real::snap_mathoverflow,event_sample_then_full_history,mechanism,0.0084367984849935,3,0.0011547005383792527,0.0010000000000000009,0.14266666666666664
qwen36-27b_think,controlled__snap_mathoverflow__bursty__contiguous__rho0.15__r0|node_panel_full_history|ss0|b2500,real::snap_mathoverflow,node_panel_full_history,direction_only,0.0076122689987552,3,0.0006791170738539804,0.0006200000000000094,0.13944
qwen36-27b_think,controlled__snap_mathoverflow__bursty__contiguous__rho0.15__r0|node_panel_full_history|ss0|b2500,real::snap_mathoverflow,node_panel_full_history,hidden,0.0076122689987552,3,0.0003931072796748155,0.00035000000000001696,0.13955333333333333
qwen36-27b_think,controlled__snap_mathoverflow__bursty__contiguous__rho0.15__r0|node_panel_full_history|ss0|b2500,real::snap_mathoverflow,node_panel_full_history,mechanism,0.0076122689987552,3,0.0005886266502065105,0.0005190000000000194,0.14012066666666667
qwen36-27b_think,controlled__snap_mathoverflow__bursty__contiguous__rho0.15__r0|node_panel_full_history|ss0|b2500,real::snap_mathoverflow,node_panel_full_history,mechanism_direction,0.0076122689987552,3,2.3094010767592102e-05,2.0000000000020002e-05,0.13977333333333333
qwen36-27b_think,controlled__snap_mathoverflow__bursty__contiguous__rho0.15__r0|node_panel_full_history|ss1|b2500,real::snap_mathoverflow,node_panel_full_history,hidden,0.0047077973891672,3,0.03815131103033464,0.033049999999999996,0.11245333333333334
qwen36-27b_think,controlled__snap_mathoverflow__bursty__contiguous__rho0.15__r0|node_panel_full_history|ss1|b2500,real::snap_mathoverflow,node_panel_full_history,mechanism,0.0047077973891672,3,0.001732050807568879,0.0015000000000000013,0.1355
qwen36-27b_think,controlled__snap_mathoverflow__bursty__contiguous__rho0.15__r0|node_panel_full_history|ss2|b2500,real::snap_mathoverflow,node_panel_full_history,hidden,0.0054152968838104,3,0.001069267662156357,0.0009500000000000064,0.1587333333333333
qwen36-27b_think,controlled__snap_mathoverflow__bursty__contiguous__rho0.15__r0|node_panel_full_history|ss2|b2500,real::snap_mathoverflow,node_panel_full_history,mechanism,0.0054152968838104,3,0.0005393588786698615,0.0005089999999999817,0.159506
qwen36-27b_think,controlled__snap_mathoverflow__bursty__contiguous__rho0.15__r0|node_panel_full_history|ss3|b2500,real::snap_mathoverflow,node_panel_full_history,hidden,0.0078569680720904,3,0.0,0.0,0.1158
qwen36-27b_think,controlled__snap_mathoverflow__bursty__contiguous__rho0.15__r0|node_panel_full_history|ss3|b2500,real::snap_mathoverflow,node_panel_full_history,mechanism,0.0078569680720904,3,1.322875655532307e-05,1.2499999999998623e-05,0.11578500000000001
qwen36-27b_think,controlled__snap_mathoverflow__bursty__contiguous__rho0.15__r0|recent_history_k20|ws0|b800,real::snap_mathoverflow,recent_history_k20,direction_only,0.0033991893013309,3,0.15430607030617213,0.14765,0.17823333333333333
qwen36-27b_think,controlled__snap_mathoverflow__bursty__contiguous__rho0.15__r0|recent_history_k20|ws0|b800,real::snap_mathoverflow,recent_history_k20,hidden,0.0033991893013309,3,0.0014404975992112353,0.0012499999999999994,0.003863333333333333
qwen36-27b_think,controlled__snap_mathoverflow__bursty__contiguous__rho0.15__r0|recent_history_k20|ws0|b800,real::snap_mathoverflow,recent_history_k20,mechanism,0.0033991893013309,3,0.00017320508075688767,0.00014999999999999996,0.004900000000000001
qwen36-27b_think,controlled__snap_mathoverflow__bursty__contiguous__rho0.15__r0|recent_history_k20|ws0|b800,real::snap_mathoverflow,recent_history_k20,mechanism_direction,0.0033991893013309,3,0.3627138449705682,0.31900000000000006,0.24933333333333332
qwen36-27b_think,controlled__snap_mathoverflow__bursty__contiguous__rho0.15__r0|recent_history_k20|ws1|b800,real::snap_mathoverflow,recent_history_k20,hidden,0.0030800165969806,3,0.001258623586833384,0.0010899999999999998,0.0044533333333333334
qwen36-27b_think,controlled__snap_mathoverflow__bursty__contiguous__rho0.15__r0|recent_history_k20|ws1|b800,real::snap_mathoverflow,recent_history_k20,mechanism,0.0030800165969806,3,0.00046188021535170084,0.0004000000000000002,0.005466666666666666
qwen36-27b_think,controlled__snap_mathoverflow__bursty__contiguous__rho0.15__r0|recent_history_k20|ws2|b800,real::snap_mathoverflow,recent_history_k20,hidden,0.0032608811294458,3,2.1361959960016234e-05,1.8500000000000287e-05,0.0032876666666666666
qwen36-27b_think,controlled__snap_mathoverflow__bursty__contiguous__rho0.15__r0|recent_history_k20|ws2|b800,real::snap_mathoverflow,recent_history_k20,mechanism,0.0032608811294458,3,0.013891124264555885,0.01335,0.014433333333333333
qwen36-27b_think,controlled__snap_mathoverflow__bursty__contiguous__rho0.15__r0|recent_history_k20|ws3|b800,real::snap_mathoverflow,recent_history_k20,hidden,0.0030800165969806,3,0.0,0.0,0.00345
qwen36-27b_think,controlled__snap_mathoverflow__bursty__contiguous__rho0.15__r0|recent_history_k20|ws3|b800,real::snap_mathoverflow,recent_history_k20,mechanism,0.0030800165969806,3,0.004769696007084728,0.00425,0.0065
qwen36-27b_think,controlled__snap_mathoverflow__bursty__contiguous__rho0.15__r0|time_agnostic_t|ws0|b800,real::snap_mathoverflow,time_agnostic_t,direction_only,0.0039417828987265,3,0.02574982200585731,0.0223,0.02026666666666667
qwen36-27b_think,controlled__snap_mathoverflow__bursty__contiguous__rho0.15__r0|time_agnostic_t|ws0|b800,real::snap_mathoverflow,time_agnostic_t,hidden,0.0039417828987265,3,1.0622968402425924e-18,0.0,0.005399999999999999
qwen36-27b_think,controlled__snap_mathoverflow__bursty__contiguous__rho0.15__r0|time_agnostic_t|ws0|b800,real::snap_mathoverflow,time_agnostic_t,mechanism,0.0039417828987265,3,0.0017320508075688791,0.0015000000000000013,0.159
qwen36-27b_think,controlled__snap_mathoverflow__bursty__contiguous__rho0.15__r0|time_agnostic_t|ws0|b800,real::snap_mathoverflow,time_agnostic_t,mechanism_direction,0.0039417828987265,3,0.010785793124908951,0.009999999999999981,0.15233333333333335
qwen36-27b_think,controlled__snap_mathoverflow__bursty__contiguous__rho0.15__r0|time_agnostic_t|ws0|b800,real::snap_mathoverflow,time_agnostic_t,metadata_only,0.0039417828987265,3,0.08736894948054104,0.08500000000000002,0.32666666666666666
qwen36-27b_think,controlled__snap_mathoverflow__bursty__contiguous__rho0.15__r0|time_agnostic_t|ws0|b800,real::snap_mathoverflow,time_agnostic_t,mismatched,0.0039417828987265,3,1.7320508075688568e-06,1.4999999999997654e-06,0.0028020000000000002
qwen36-27b_think,controlled__snap_mathoverflow__bursty__contiguous__rho0.15__r0|time_agnostic_t|ws1|b800,real::snap_mathoverflow,time_agnostic_t,hidden,0.003968380624089,3,0.0,0.0,0.00134
qwen36-27b_think,controlled__snap_mathoverflow__bursty__contiguous__rho0.15__r0|time_agnostic_t|ws1|b800,real::snap_mathoverflow,time_agnostic_t,mechanism,0.003968380624089,3,0.0010785793124908963,0.0010000000000000009,0.04123333333333334
qwen36-27b_think,controlled__snap_mathoverflow__bursty__contiguous__rho0.15__r0|time_agnostic_t|ws2|b800,real::snap_mathoverflow,time_agnostic_t,hidden,0.0038779483578564,3,0.0,0.0,0.002743
qwen36-27b_think,controlled__snap_mathoverflow__bursty__contiguous__rho0.15__r0|time_agnostic_t|ws2|b800,real::snap_mathoverflow,time_agnostic_t,mechanism,0.0038779483578564,3,0.0027537852736430534,0.0025000000000000022,0.06316666666666666
qwen36-27b_think,controlled__snap_mathoverflow__bursty__contiguous__rho0.15__r0|time_agnostic_t|ws3|b800,real::snap_mathoverflow,time_agnostic_t,hidden,0.0039205047184364,3,1.6522711641858213e-05,1.5000000000000256e-05,0.005419
qwen36-27b_think,controlled__snap_mathoverflow__bursty__contiguous__rho0.15__r0|time_agnostic_t|ws3|b800,real::snap_mathoverflow,time_agnostic_t,mechanism,0.0039205047184364,3,0.0684324484437025,0.06,0.171
qwen36-27b_think,controlled__snap_mathoverflow__bursty__contiguous__rho0.15__r0|time_respecting|ws0|b800,real::snap_mathoverflow,time_respecting,direction_only,0.002957667060313,3,0.27064574631794974,0.2677999999999999,0.5548000000000001
qwen36-27b_think,controlled__snap_mathoverflow__bursty__contiguous__rho0.15__r0|time_respecting|ws0|b800,real::snap_mathoverflow,time_respecting,hidden,0.002957667060313,3,5.773502691895773e-07,5.000000000000664e-07,0.0017996666666666664
qwen36-27b_think,controlled__snap_mathoverflow__bursty__contiguous__rho0.15__r0|time_respecting|ws0|b800,real::snap_mathoverflow,time_respecting,mechanism,0.002957667060313,3,0.0005291502622129181,0.0005,0.0016
qwen36-27b_think,controlled__snap_mathoverflow__bursty__contiguous__rho0.15__r0|time_respecting|ws0|b800,real::snap_mathoverflow,time_respecting,mechanism_direction,0.002957667060313,3,0.0006806859285553922,0.0006500000000000394,0.7707666666666667
qwen36-27b_think,controlled__snap_mathoverflow__bursty__contiguous__rho0.15__r0|time_respecting|ws1|b800,real::snap_mathoverflow,time_respecting,hidden,0.0029204302448054,3,5.773502691895772e-07,4.999999999998495e-07,0.0018206666666666666
qwen36-27b_think,controlled__snap_mathoverflow__bursty__contiguous__rho0.15__r0|time_respecting|ws1|b800,real::snap_mathoverflow,time_respecting,mechanism,0.0029204302448054,3,0.0015275252316519466,0.0015000000000000005,0.0036666666666666666
qwen36-27b_think,controlled__snap_mathoverflow__bursty__contiguous__rho0.15__r0|time_respecting|ws2|b800,real::snap_mathoverflow,time_respecting,hidden,0.003010862511038,3,1.858314648635507e-05,1.7000000000000088e-05,0.0035213333333333333
qwen36-27b_think,controlled__snap_mathoverflow__bursty__contiguous__rho0.15__r0|time_respecting|ws2|b800,real::snap_mathoverflow,time_respecting,mechanism,0.003010862511038,3,0.003607441383215164,0.003235,0.005843333333333333
qwen36-27b_think,controlled__snap_mathoverflow__bursty__contiguous__rho0.15__r0|time_respecting|ws3|b800,real::snap_mathoverflow,time_respecting,hidden,0.0029044716095879,3,0.00019629909152447277,0.00017,0.0037733333333333334
qwen36-27b_think,controlled__snap_mathoverflow__bursty__contiguous__rho0.15__r0|time_respecting|ws3|b800,real::snap_mathoverflow,time_respecting,mechanism,0.0029044716095879,3,0.01509845466706223,0.013150000000000002,0.012566666666666669
qwen36-27b_think,controlled__snap_mathoverflow__bursty__contiguous__rho0.55__r0|event_sample_then_full_history|ss0|b9600,real::snap_mathoverflow,event_sample_then_full_history,direction_only,0.0070856340365771,3,0.0999266397580412,0.08800000000000002,0.4246666666666667
qwen36-27b_think,controlled__snap_mathoverflow__bursty__contiguous__rho0.55__r0|event_sample_then_full_history|ss0|b9600,real::snap_mathoverflow,event_sample_then_full_history,hidden,0.0070856340365771,3,0.17066520832710264,0.1479999999999999,0.5670666666666667
qwen36-27b_think,controlled__snap_mathoverflow__bursty__contiguous__rho0.55__r0|event_sample_then_full_history|ss0|b9600,real::snap_mathoverflow,event_sample_then_full_history,mechanism,0.0070856340365771,3,0.001789785834487835,0.0015499999999999958,0.36296666666666666
qwen36-27b_think,controlled__snap_mathoverflow__bursty__contiguous__rho0.55__r0|event_sample_then_full_history|ss0|b9600,real::snap_mathoverflow,event_sample_then_full_history,mechanism_direction,0.0070856340365771,3,0.005196152422706636,0.004500000000000004,0.367
qwen36-27b_think,controlled__snap_mathoverflow__bursty__contiguous__rho0.55__r0|event_sample_then_full_history|ss0|b9600,real::snap_mathoverflow,event_sample_then_full_history,mismatched,0.0070856340365771,3,0.0050332229568471705,0.0050000000000000044,0.9453333333333332
qwen36-27b_think,controlled__snap_mathoverflow__bursty__contiguous__rho0.55__r0|node_panel_full_history|ss0|b2500,real::snap_mathoverflow,node_panel_full_history,direction_only,0.0063036609109188,3,0.0009237604307033957,0.0008000000000000229,0.3716666666666666
qwen36-27b_think,controlled__snap_mathoverflow__bursty__contiguous__rho0.55__r0|node_panel_full_history|ss0|b2500,real::snap_mathoverflow,node_panel_full_history,hidden,0.0063036609109188,3,0.002514623895005656,0.0023500000000000187,0.3740333333333334
qwen36-27b_think,controlled__snap_mathoverflow__bursty__contiguous__rho0.55__r0|node_panel_full_history|ss0|b2500,real::snap_mathoverflow,node_panel_full_history,mechanism,0.0063036609109188,3,0.0005773502691896263,0.0005000000000000004,0.3725333333333333
qwen36-27b_think,controlled__snap_mathoverflow__bursty__contiguous__rho0.55__r0|node_panel_full_history|ss0|b2500,real::snap_mathoverflow,node_panel_full_history,mechanism_direction,0.0063036609109188,3,0.0005773502691896263,0.0005000000000000004,0.3725333333333333
qwen36-27b_think,controlled__snap_mathoverflow__bursty__contiguous__rho0.55__r0|recent_history_k20|ws0|b800,real::snap_mathoverflow,recent_history_k20,direction_only,0.003473662932346,3,0.028041576275238168,0.02715,0.0419
qwen36-27b_think,controlled__snap_mathoverflow__bursty__contiguous__rho0.55__r0|recent_history_k20|ws0|b800,real::snap_mathoverflow,recent_history_k20,hidden,0.003473662932346,3,1.1547005383793046e-05,1.0000000000001327e-05,0.010706666666666668
qwen36-27b_think,controlled__snap_mathoverflow__bursty__contiguous__rho0.55__r0|recent_history_k20|ws0|b800,real::snap_mathoverflow,recent_history_k20,mechanism,0.003473662932346,3,0.02753785273643051,0.027499999999999997,0.04833333333333334
qwen36-27b_think,controlled__snap_mathoverflow__bursty__contiguous__rho0.55__r0|recent_history_k20|ws0|b800,real::snap_mathoverflow,recent_history_k20,mechanism_direction,0.003473662932346,3,0.11471304779027246,0.10175,0.11116666666666668
qwen36-27b_think,controlled__snap_mathoverflow__bursty__contiguous__rho0.55__r0|time_agnostic_t|ws0|b800,real::snap_mathoverflow,time_agnostic_t,direction_only,0.0039364633536539,3,0.24476178895680045,0.23250000000000004,0.6616666666666666
qwen36-27b_think,controlled__snap_mathoverflow__bursty__contiguous__rho0.55__r0|time_agnostic_t|ws0|b800,real::snap_mathoverflow,time_agnostic_t,hidden,0.0039364633536539,3,1.1547005383784033e-06,9.999999999992654e-07,0.008109333333333333
qwen36-27b_think,controlled__snap_mathoverflow__bursty__contiguous__rho0.55__r0|time_agnostic_t|ws0|b800,real::snap_mathoverflow,time_agnostic_t,mechanism,0.0039364633536539,3,0.030550504633038933,0.030000000000000027,0.18333333333333332
qwen36-27b_think,controlled__snap_mathoverflow__bursty__contiguous__rho0.55__r0|time_agnostic_t|ws0|b800,real::snap_mathoverflow,time_agnostic_t,mechanism_direction,0.0039364633536539,3,0.002886751345948131,0.0025000000000000022,0.18166666666666664
qwen36-27b_think,controlled__snap_mathoverflow__bursty__contiguous__rho0.55__r0|time_agnostic_t|ws0|b800,real::snap_mathoverflow,time_agnostic_t,metadata_only,0.0039364633536539,3,0.11930353445448855,0.11499999999999999,0.2833333333333333
qwen36-27b_think,controlled__snap_mathoverflow__bursty__contiguous__rho0.55__r0|time_agnostic_t|ws0|b800,real::snap_mathoverflow,time_agnostic_t,mismatched,0.0039364633536539,3,0.0,0.0,0.00398
qwen36-27b_think,controlled__snap_mathoverflow__bursty__contiguous__rho0.55__r0|time_respecting|ws0|b800,real::snap_mathoverflow,time_respecting,direction_only,0.0028938325194429,3,0.13702873037067811,0.1344855,0.13034300000000001
qwen36-27b_think,controlled__snap_mathoverflow__bursty__contiguous__rho0.55__r0|time_respecting|ws0|b800,real::snap_mathoverflow,time_respecting,hidden,0.0028938325194429,3,1.7320508075689068e-05,1.4999999999999389e-05,0.01102
qwen36-27b_think,controlled__snap_mathoverflow__bursty__contiguous__rho0.55__r0|time_respecting|ws0|b800,real::snap_mathoverflow,time_respecting,mechanism,0.0028938325194429,3,0.0817333061446393,0.07200000000000001,0.05566666666666666
qwen36-27b_think,controlled__snap_mathoverflow__bursty__contiguous__rho0.55__r0|time_respecting|ws0|b800,real::snap_mathoverflow,time_respecting,mechanism_direction,0.0028938325194429,3,0.3252050635112149,0.3225,0.4283333333333334
qwen36-27b_think,controlled__sp_highschool2013__bursty__contiguous__rho0.15__r0|event_sample_then_full_history|ss0|b9600,real::sp_highschool2013,event_sample_then_full_history,direction_only,0.0036094877964936,3,0.05965176722724427,0.05499999999999999,0.16166666666666665
qwen36-27b_think,controlled__sp_highschool2013__bursty__contiguous__rho0.15__r0|event_sample_then_full_history|ss0|b9600,real::sp_highschool2013,event_sample_then_full_history,hidden,0.0036094877964936,3,5.773502691897225e-05,4.999999999999449e-05,0.23803333333333332
qwen36-27b_think,controlled__sp_highschool2013__bursty__contiguous__rho0.15__r0|event_sample_then_full_history|ss0|b9600,real::sp_highschool2013,event_sample_then_full_history,mechanism,0.0036094877964936,3,0.0007211102550928031,0.0007000000000000062,0.2302
qwen36-27b_think,controlled__sp_highschool2013__bursty__contiguous__rho0.15__r0|event_sample_then_full_history|ss0|b9600,real::sp_highschool2013,event_sample_then_full_history,mechanism_direction,0.0036094877964936,3,0.0005773502691896263,0.0005000000000000004,0.23033333333333336
qwen36-27b_think,controlled__sp_highschool2013__bursty__contiguous__rho0.15__r0|event_sample_then_full_history|ss0|b9600,real::sp_highschool2013,event_sample_then_full_history,mismatched,0.0036094877964936,3,5.773502691897224e-05,5.000000000002225e-05,0.23806666666666665
qwen36-27b_think,controlled__sp_highschool2013__bursty__contiguous__rho0.15__r0|node_panel_full_history|ss0|b2500,real::sp_highschool2013,node_panel_full_history,direction_only,0.0046407700240632,3,0.005369357503463505,0.0046499999999999875,0.2562
qwen36-27b_think,controlled__sp_highschool2013__bursty__contiguous__rho0.15__r0|node_panel_full_history|ss0|b2500,real::sp_highschool2013,node_panel_full_history,hidden,0.0046407700240632,3,0.05378038675948696,0.04665,0.1379
qwen36-27b_think,controlled__sp_highschool2013__bursty__contiguous__rho0.15__r0|node_panel_full_history|ss0|b2500,real::sp_highschool2013,node_panel_full_history,mechanism,0.0046407700240632,3,0.00017320508075686865,0.00014999999999998348,0.2591
qwen36-27b_think,controlled__sp_highschool2013__bursty__contiguous__rho0.15__r0|node_panel_full_history|ss0|b2500,real::sp_highschool2013,node_panel_full_history,mechanism_direction,0.0046407700240632,3,0.005804308744372582,0.005099999999999993,0.2625
qwen36-27b_think,controlled__sp_highschool2013__bursty__contiguous__rho0.15__r0|recent_history_k20|ws0|b800,real::sp_highschool2013,recent_history_k20,direction_only,0.0402200068752148,3,0.04932882862316247,0.045,0.06333333333333334
qwen36-27b_think,controlled__sp_highschool2013__bursty__contiguous__rho0.15__r0|recent_history_k20|ws0|b800,real::sp_highschool2013,recent_history_k20,hidden,0.0402200068752148,3,0.010334569818494302,0.00895,0.023933333333333334
qwen36-27b_think,controlled__sp_highschool2013__bursty__contiguous__rho0.15__r0|recent_history_k20|ws0|b800,real::sp_highschool2013,recent_history_k20,mechanism,0.0402200068752148,3,0.010392304845413263,0.008999999999999998,0.018
qwen36-27b_think,controlled__sp_highschool2013__bursty__contiguous__rho0.15__r0|recent_history_k20|ws0|b800,real::sp_highschool2013,recent_history_k20,mechanism_direction,0.0402200068752148,3,0.02884441020371191,0.028000000000000004,0.057999999999999996
qwen36-27b_think,controlled__sp_highschool2013__bursty__contiguous__rho0.15__r0|time_agnostic_t|ws0|b800,real::sp_highschool2013,time_agnostic_t,direction_only,0.124785149535923,3,0.16437534283867924,0.1638,0.18413333333333334
qwen36-27b_think,controlled__sp_highschool2013__bursty__contiguous__rho0.15__r0|time_agnostic_t|ws0|b800,real::sp_highschool2013,time_agnostic_t,hidden,0.124785149535923,3,1.7925772879664882e-05,1.599999999999952e-05,0.004120666666666667
qwen36-27b_think,controlled__sp_highschool2013__bursty__contiguous__rho0.15__r0|time_agnostic_t|ws0|b800,real::sp_highschool2013,time_agnostic_t,mechanism,0.124785149535923,3,0.0049999999999999975,0.0049999999999999906,0.085
qwen36-27b_think,controlled__sp_highschool2013__bursty__contiguous__rho0.15__r0|time_agnostic_t|ws0|b800,real::sp_highschool2013,time_agnostic_t,mechanism_direction,0.124785149535923,3,0.016072751268321594,0.015000000000000013,0.06666666666666667
qwen36-27b_think,controlled__sp_highschool2013__bursty__contiguous__rho0.15__r0|time_agnostic_t|ws0|b800,real::sp_highschool2013,time_agnostic_t,metadata_only,0.124785149535923,3,0.07241905826507275,0.06830000000000003,0.7921999999999999
qwen36-27b_think,controlled__sp_highschool2013__bursty__contiguous__rho0.15__r0|time_agnostic_t|ws0|b800,real::sp_highschool2013,time_agnostic_t,mismatched,0.124785149535923,3,0.0,0.0,0.00193
qwen36-27b_think,controlled__sp_highschool2013__bursty__contiguous__rho0.15__r0|time_respecting|ws0|b800,real::sp_highschool2013,time_respecting,direction_only,0.0529391543485733,3,0.3830226277040735,0.3435,0.5456666666666666
qwen36-27b_think,controlled__sp_highschool2013__bursty__contiguous__rho0.15__r0|time_respecting|ws0|b800,real::sp_highschool2013,time_respecting,hidden,0.0529391543485733,3,0.0,0.0,0.01623
qwen36-27b_think,controlled__sp_highschool2013__bursty__contiguous__rho0.15__r0|time_respecting|ws0|b800,real::sp_highschool2013,time_respecting,mechanism,0.0529391543485733,3,0.4456509039284681,0.38688311688311694,0.2754112554112554
qwen36-27b_think,controlled__sp_highschool2013__bursty__contiguous__rho0.15__r0|time_respecting|ws0|b800,real::sp_highschool2013,time_respecting,mechanism_direction,0.0529391543485733,3,0.4721189821785747,0.41850000000000004,0.4423333333333333
qwen36-27b_think,controlled__sp_highschool2013__bursty__contiguous__rho0.55__r0|event_sample_then_full_history|ss0|b9600,real::sp_highschool2013,event_sample_then_full_history,direction_only,0.0027500859401856,3,0.1541525218736301,0.13349999999999995,0.778
qwen36-27b_think,controlled__sp_highschool2013__bursty__contiguous__rho0.55__r0|event_sample_then_full_history|ss0|b9600,real::sp_highschool2013,event_sample_then_full_history,hidden,0.0027500859401856,3,0.053868388998867735,0.05380000000000007,0.9406333333333333
qwen36-27b_think,controlled__sp_highschool2013__bursty__contiguous__rho0.55__r0|event_sample_then_full_history|ss0|b9600,real::sp_highschool2013,event_sample_then_full_history,mechanism,0.0027500859401856,3,5.7735026918956215e-05,4.999999999999449e-05,0.9960333333333334
qwen36-27b_think,controlled__sp_highschool2013__bursty__contiguous__rho0.55__r0|event_sample_then_full_history|ss0|b9600,real::sp_highschool2013,event_sample_then_full_history,mechanism_direction,0.0027500859401856,3,0.1525650134642059,0.14274999999999993,0.8258333333333333
qwen36-27b_think,controlled__sp_highschool2013__bursty__contiguous__rho0.55__r0|event_sample_then_full_history|ss0|b9600,real::sp_highschool2013,event_sample_then_full_history,mismatched,0.0027500859401856,3,0.0337749907475931,0.029249999999999998,0.957
qwen36-27b_think,controlled__sp_highschool2013__bursty__contiguous__rho0.55__r0|node_panel_full_history|ss0|b2500,real::sp_highschool2013,node_panel_full_history,direction_only,0.0073908559642488,3,0.0,0.0,0.4651
qwen36-27b_think,controlled__sp_highschool2013__bursty__contiguous__rho0.55__r0|node_panel_full_history|ss0|b2500,real::sp_highschool2013,node_panel_full_history,hidden,0.0073908559642488,3,0.19693417682058137,0.17055000000000003,0.3514
qwen36-27b_think,controlled__sp_highschool2013__bursty__contiguous__rho0.55__r0|node_panel_full_history|ss0|b2500,real::sp_highschool2013,node_panel_full_history,mechanism,0.0073908559642488,3,0.0,0.0,0.4651
qwen36-27b_think,controlled__sp_highschool2013__bursty__contiguous__rho0.55__r0|node_panel_full_history|ss0|b2500,real::sp_highschool2013,node_panel_full_history,mechanism_direction,0.0073908559642488,3,5.773502691895622e-05,4.999999999999449e-05,0.4650666666666667
qwen36-27b_think,controlled__sp_highschool2013__bursty__contiguous__rho0.55__r0|recent_history_k20|ws0|b800,real::sp_highschool2013,recent_history_k20,direction_only,0.0553454795462358,3,0.034078341117685484,0.034,0.11733333333333333
qwen36-27b_think,controlled__sp_highschool2013__bursty__contiguous__rho0.55__r0|recent_history_k20|ws0|b800,real::sp_highschool2013,recent_history_k20,hidden,0.0553454795462358,3,0.021159001236668362,0.019050000000000004,0.04836666666666667
qwen36-27b_think,controlled__sp_highschool2013__bursty__contiguous__rho0.55__r0|recent_history_k20|ws0|b800,real::sp_highschool2013,recent_history_k20,mechanism,0.0553454795462358,3,0.006957250414735215,0.00605,0.05803333333333333
qwen36-27b_think,controlled__sp_highschool2013__bursty__contiguous__rho0.55__r0|recent_history_k20|ws0|b800,real::sp_highschool2013,recent_history_k20,mechanism_direction,0.0553454795462358,3,0.009999999999999995,0.009999999999999981,0.10999999999999999
qwen36-27b_think,controlled__sp_highschool2013__bursty__contiguous__rho0.55__r0|time_agnostic_t|ws0|b800,real::sp_highschool2013,time_agnostic_t,direction_only,0.127363355104847,3,0.4028647415696738,0.375,0.34
qwen36-27b_think,controlled__sp_highschool2013__bursty__contiguous__rho0.55__r0|time_agnostic_t|ws0|b800,real::sp_highschool2013,time_agnostic_t,hidden,0.127363355104847,3,0.0,0.0,0.0202
qwen36-27b_think,controlled__sp_highschool2013__bursty__contiguous__rho0.55__r0|time_agnostic_t|ws0|b800,real::sp_highschool2013,time_agnostic_t,mechanism,0.127363355104847,3,0.06244997998398395,0.05999999999999994,0.5
qwen36-27b_think,controlled__sp_highschool2013__bursty__contiguous__rho0.55__r0|time_agnostic_t|ws0|b800,real::sp_highschool2013,time_agnostic_t,mechanism_direction,0.127363355104847,3,0.05507570547286104,0.050000000000000044,0.5133333333333333
qwen36-27b_think,controlled__sp_highschool2013__bursty__contiguous__rho0.55__r0|time_agnostic_t|ws0|b800,real::sp_highschool2013,time_agnostic_t,metadata_only,0.127363355104847,3,0.06137632551182364,0.0535000000000001,0.8108666666666666
qwen36-27b_think,controlled__sp_highschool2013__bursty__contiguous__rho0.55__r0|time_agnostic_t|ws0|b800,real::sp_highschool2013,time_agnostic_t,mismatched,0.127363355104847,3,0.0,0.0,0.0098
qwen36-27b_think,controlled__sp_highschool2013__bursty__contiguous__rho0.55__r0|time_respecting|ws0|b800,real::sp_highschool2013,time_respecting,direction_only,0.057408044001375,3,0.5105103361669902,0.48355,0.6109666666666667
qwen36-27b_think,controlled__sp_highschool2013__bursty__contiguous__rho0.55__r0|time_respecting|ws0|b800,real::sp_highschool2013,time_respecting,hidden,0.057408044001375,3,0.011952823934116992,0.010450000000000001,0.0191
qwen36-27b_think,controlled__sp_highschool2013__bursty__contiguous__rho0.55__r0|time_respecting|ws0|b800,real::sp_highschool2013,time_respecting,mechanism,0.057408044001375,3,0.019031640321667848,0.019000000000000003,0.03163333333333333
qwen36-27b_think,controlled__sp_highschool2013__bursty__contiguous__rho0.55__r0|time_respecting|ws0|b800,real::sp_highschool2013,time_respecting,mechanism_direction,0.057408044001375,3,0.08736894948054104,0.08499999999999999,0.12333333333333334
qwen36-27b_think,controlled__sp_hospital__bursty__contiguous__rho0.15__r0|event_sample_then_full_history|ss0|b9600,real::sp_hospital,event_sample_then_full_history,direction_only,0.0658472344161545,3,0.016623276853055577,0.016500000000000015,0.09766666666666668
qwen36-27b_think,controlled__sp_hospital__bursty__contiguous__rho0.15__r0|event_sample_then_full_history|ss0|b9600,real::sp_hospital,event_sample_then_full_history,hidden,0.0658472344161545,3,0.009410809387790897,0.00814999999999999,0.12786666666666668
qwen36-27b_think,controlled__sp_hospital__bursty__contiguous__rho0.15__r0|event_sample_then_full_history|ss0|b9600,real::sp_hospital,event_sample_then_full_history,mechanism,0.0658472344161545,3,0.0011547005383792527,0.0010000000000000009,0.11866666666666666
qwen36-27b_think,controlled__sp_hospital__bursty__contiguous__rho0.15__r0|event_sample_then_full_history|ss0|b9600,real::sp_hospital,event_sample_then_full_history,mechanism_direction,0.0658472344161545,3,0.0,0.0,0.118
qwen36-27b_think,controlled__sp_hospital__bursty__contiguous__rho0.15__r0|event_sample_then_full_history|ss0|b9600,real::sp_hospital,event_sample_then_full_history,mismatched,0.0658472344161545,3,0.0010785793124908978,0.0010000000000000009,0.13376666666666667
qwen36-27b_think,controlled__sp_hospital__bursty__contiguous__rho0.15__r0|node_panel_full_history|ss0|b2500,real::sp_hospital,node_panel_full_history,direction_only,0.0430201931518876,3,2.3094010767592102e-05,2.0000000000006124e-05,0.10202666666666667
qwen36-27b_think,controlled__sp_hospital__bursty__contiguous__rho0.15__r0|node_panel_full_history|ss0|b2500,real::sp_hospital,node_panel_full_history,hidden,0.0430201931518876,3,0.01905255888325764,0.0165,0.09100000000000001
qwen36-27b_think,controlled__sp_hospital__bursty__contiguous__rho0.15__r0|node_panel_full_history|ss0|b2500,real::sp_hospital,node_panel_full_history,mechanism,0.0430201931518876,3,0.019225763964014535,0.016649999999999998,0.0909
qwen36-27b_think,controlled__sp_hospital__bursty__contiguous__rho0.15__r0|node_panel_full_history|ss0|b2500,real::sp_hospital,node_panel_full_history,mechanism_direction,0.0430201931518876,3,0.0011664190213355255,0.0010199999999999931,0.10134666666666668
qwen36-27b_think,controlled__sp_hospital__bursty__contiguous__rho0.15__r0|recent_history_k20|ws0|b800,real::sp_hospital,recent_history_k20,direction_only,0.1545215100965759,3,0.003296968304366908,0.002950000000000008,0.0362
qwen36-27b_think,controlled__sp_hospital__bursty__contiguous__rho0.15__r0|recent_history_k20|ws0|b800,real::sp_hospital,recent_history_k20,hidden,0.1545215100965759,3,0.010318430113151903,0.010049999999999996,0.022699999999999998
qwen36-27b_think,controlled__sp_hospital__bursty__contiguous__rho0.15__r0|recent_history_k20|ws0|b800,real::sp_hospital,recent_history_k20,mechanism,0.1545215100965759,3,0.011604740410711478,0.010049999999999998,0.0207
qwen36-27b_think,controlled__sp_hospital__bursty__contiguous__rho0.15__r0|recent_history_k20|ws0|b800,real::sp_hospital,recent_history_k20,mechanism_direction,0.1545215100965759,3,0.020816659994661327,0.020000000000000004,0.06333333333333334
qwen36-27b_think,controlled__sp_hospital__bursty__contiguous__rho0.15__r0|time_agnostic_t|ws0|b800,real::sp_hospital,time_agnostic_t,direction_only,0.5013169446883231,3,0.18480984822243643,0.1601,0.13659999999999997
qwen36-27b_think,controlled__sp_hospital__bursty__contiguous__rho0.15__r0|time_agnostic_t|ws0|b800,real::sp_hospital,time_agnostic_t,hidden,0.5013169446883231,3,0.007670688452370708,0.00665,0.025357333333333332
qwen36-27b_think,controlled__sp_hospital__bursty__contiguous__rho0.15__r0|time_agnostic_t|ws0|b800,real::sp_hospital,time_agnostic_t,mechanism,0.5013169446883231,3,0.005773502691896262,0.0050000000000000044,0.16666666666666666
qwen36-27b_think,controlled__sp_hospital__bursty__contiguous__rho0.15__r0|time_agnostic_t|ws0|b800,real::sp_hospital,time_agnostic_t,mechanism_direction,0.5013169446883231,3,0.005773502691896247,0.004999999999999977,0.17333333333333334
qwen36-27b_think,controlled__sp_hospital__bursty__contiguous__rho0.15__r0|time_agnostic_t|ws0|b800,real::sp_hospital,time_agnostic_t,metadata_only,0.5013169446883231,3,0.12626844419727357,0.10969999999999991,0.9258000000000001
qwen36-27b_think,controlled__sp_hospital__bursty__contiguous__rho0.15__r0|time_agnostic_t|ws0|b800,real::sp_hospital,time_agnostic_t,mismatched,0.5013169446883231,3,0.0,0.0,0.0165
qwen36-27b_think,controlled__sp_hospital__bursty__contiguous__rho0.15__r0|time_respecting|ws0|b800,real::sp_hospital,time_respecting,direction_only,0.1747146619841966,3,0.5335854227144265,0.47245,0.3343666666666667
qwen36-27b_think,controlled__sp_hospital__bursty__contiguous__rho0.15__r0|time_respecting|ws0|b800,real::sp_hospital,time_respecting,hidden,0.1747146619841966,3,5.000000000000013e-05,4.99999999999997e-05,0.00505
qwen36-27b_think,controlled__sp_hospital__bursty__contiguous__rho0.15__r0|time_respecting|ws0|b800,real::sp_hospital,time_respecting,mechanism,0.1747146619841966,3,0.35940923749953896,0.3125,0.215
qwen36-27b_think,controlled__sp_hospital__bursty__contiguous__rho0.15__r0|time_respecting|ws0|b800,real::sp_hospital,time_respecting,mechanism_direction,0.1747146619841966,3,0.45151421166263783,0.42474999999999996,0.5631666666666667
qwen36-27b_think,controlled__sp_hospital__bursty__contiguous__rho0.55__r0|event_sample_then_full_history|ss0|b9600,real::sp_hospital,event_sample_then_full_history,direction_only,0.0588235294117647,3,0.11365141148852194,0.09844999999999998,0.5105666666666667
qwen36-27b_think,controlled__sp_hospital__bursty__contiguous__rho0.55__r0|event_sample_then_full_history|ss0|b9600,real::sp_hospital,event_sample_then_full_history,hidden,0.0588235294117647,3,0.0809387422684588,0.07150000000000001,0.6856
qwen36-27b_think,controlled__sp_hospital__bursty__contiguous__rho0.55__r0|event_sample_then_full_history|ss0|b9600,real::sp_hospital,event_sample_then_full_history,mechanism,0.0588235294117647,3,0.0006082762530298188,0.0005500000000000504,0.7793
qwen36-27b_think,controlled__sp_hospital__bursty__contiguous__rho0.55__r0|event_sample_then_full_history|ss0|b9600,real::sp_hospital,event_sample_then_full_history,mechanism_direction,0.0588235294117647,3,0.07219649114280648,0.0685,0.7236666666666666
qwen36-27b_think,controlled__sp_hospital__bursty__contiguous__rho0.55__r0|event_sample_then_full_history|ss0|b9600,real::sp_hospital,event_sample_then_full_history,mismatched,0.0588235294117647,3,0.016685722439658827,0.014500000000000068,0.6322666666666666
qwen36-27b_think,controlled__sp_hospital__bursty__contiguous__rho0.55__r0|event_sample_then_full_history|ss1|b9600,real::sp_hospital,event_sample_then_full_history,hidden,0.0535557506584723,3,2.193931022925977e-05,1.8999999999991246e-05,0.6557126666666666
qwen36-27b_think,controlled__sp_hospital__bursty__contiguous__rho0.55__r0|event_sample_then_full_history|ss1|b9600,real::sp_hospital,event_sample_then_full_history,mechanism,0.0535557506584723,3,0.007607890640644089,0.00759999999999994,0.6676000000000001
qwen36-27b_think,controlled__sp_hospital__bursty__contiguous__rho0.55__r0|event_sample_then_full_history|ss2|b9600,real::sp_hospital,event_sample_then_full_history,hidden,0.0570676031606672,3,0.02926368625674717,0.029249999999999998,0.6912666666666666
qwen36-27b_think,controlled__sp_hospital__bursty__contiguous__rho0.55__r0|event_sample_then_full_history|ss2|b9600,real::sp_hospital,event_sample_then_full_history,mechanism,0.0570676031606672,3,0.002253885533916937,0.0020000000000000018,0.7155999999999999
qwen36-27b_think,controlled__sp_hospital__bursty__contiguous__rho0.55__r0|event_sample_then_full_history|ss3|b9600,real::sp_hospital,event_sample_then_full_history,hidden,0.0579455662862159,3,0.010808792717042945,0.010400000000000076,0.6549
qwen36-27b_think,controlled__sp_hospital__bursty__contiguous__rho0.55__r0|event_sample_then_full_history|ss3|b9600,real::sp_hospital,event_sample_then_full_history,mechanism,0.0579455662862159,3,0.00015275252316517785,0.00014999999999998348,0.6148333333333333
qwen36-27b_think,controlled__sp_hospital__bursty__contiguous__rho0.55__r0|node_panel_full_history|ss0|b2500,real::sp_hospital,node_panel_full_history,direction_only,0.0359964881474978,3,0.0,0.0,0.5366
qwen36-27b_think,controlled__sp_hospital__bursty__contiguous__rho0.55__r0|node_panel_full_history|ss0|b2500,real::sp_hospital,node_panel_full_history,hidden,0.0359964881474978,3,0.18625319684057326,0.1613,0.42906666666666665
qwen36-27b_think,controlled__sp_hospital__bursty__contiguous__rho0.55__r0|node_panel_full_history|ss0|b2500,real::sp_hospital,node_panel_full_history,mechanism,0.0359964881474978,3,0.0,0.0,0.5366
qwen36-27b_think,controlled__sp_hospital__bursty__contiguous__rho0.55__r0|node_panel_full_history|ss0|b2500,real::sp_hospital,node_panel_full_history,mechanism_direction,0.0359964881474978,3,0.007739381973603178,0.006705000000000072,0.5410633333333333
qwen36-27b_think,controlled__sp_hospital__bursty__contiguous__rho0.55__r0|node_panel_full_history|ss1|b2500,real::sp_hospital,node_panel_full_history,hidden,0.0395083406496927,3,0.0,0.0,0.5333
qwen36-27b_think,controlled__sp_hospital__bursty__contiguous__rho0.55__r0|node_panel_full_history|ss1|b2500,real::sp_hospital,node_panel_full_history,mechanism,0.0395083406496927,3,0.0,0.0,0.5333
qwen36-27b_think,controlled__sp_hospital__bursty__contiguous__rho0.55__r0|node_panel_full_history|ss2|b2500,real::sp_hospital,node_panel_full_history,hidden,0.1404741000877963,3,0.13793088849130203,0.12249999999999994,0.48510000000000003
qwen36-27b_think,controlled__sp_hospital__bursty__contiguous__rho0.55__r0|node_panel_full_history|ss2|b2500,real::sp_hospital,node_panel_full_history,mechanism,0.1404741000877963,3,0.0,0.0,0.56875
qwen36-27b_think,controlled__sp_hospital__bursty__contiguous__rho0.55__r0|node_panel_full_history|ss3|b2500,real::sp_hospital,node_panel_full_history,hidden,0.0693590869183494,3,0.13735195666607738,0.11909999999999998,0.373
qwen36-27b_think,controlled__sp_hospital__bursty__contiguous__rho0.55__r0|node_panel_full_history|ss3|b2500,real::sp_hospital,node_panel_full_history,mechanism,0.0693590869183494,3,0.018763883748662887,0.016249999999999987,0.5424333333333333
qwen36-27b_think,controlled__sp_hospital__bursty__contiguous__rho0.55__r0|recent_history_k20|ws0|b800,real::sp_hospital,recent_history_k20,direction_only,0.2071992976294995,3,0.2540341184434354,0.22,0.3666666666666667
qwen36-27b_think,controlled__sp_hospital__bursty__contiguous__rho0.55__r0|recent_history_k20|ws0|b800,real::sp_hospital,recent_history_k20,hidden,0.2071992976294995,3,0.028117669415037464,0.024449999999999993,0.06446666666666666
qwen36-27b_think,controlled__sp_hospital__bursty__contiguous__rho0.55__r0|recent_history_k20|ws0|b800,real::sp_hospital,recent_history_k20,mechanism,0.2071992976294995,3,0.006293117934166917,0.0054499999999999965,0.07363333333333334
qwen36-27b_think,controlled__sp_hospital__bursty__contiguous__rho0.55__r0|recent_history_k20|ws0|b800,real::sp_hospital,recent_history_k20,mechanism_direction,0.2071992976294995,3,0.020132891827388668,0.01999999999999999,0.14133333333333334
qwen36-27b_think,controlled__sp_hospital__bursty__contiguous__rho0.55__r0|recent_history_k20|ws1|b800,real::sp_hospital,recent_history_k20,hidden,0.2151009657594381,3,1.6996749443881478e-17,0.0,0.09800000000000002
qwen36-27b_think,controlled__sp_hospital__bursty__contiguous__rho0.55__r0|recent_history_k20|ws1|b800,real::sp_hospital,recent_history_k20,mechanism,0.2151009657594381,3,0.08357830659527227,0.08199999999999999,0.11866666666666666
qwen36-27b_think,controlled__sp_hospital__bursty__contiguous__rho0.55__r0|recent_history_k20|ws2|b800,real::sp_hospital,recent_history_k20,hidden,0.1975417032484635,3,0.047281811940040254,0.040949999999999986,0.10159633333333333
qwen36-27b_think,controlled__sp_hospital__bursty__contiguous__rho0.55__r0|recent_history_k20|ws2|b800,real::sp_hospital,recent_history_k20,mechanism,0.1975417032484635,3,0.0,0.0,0.129
qwen36-27b_think,controlled__sp_hospital__bursty__contiguous__rho0.55__r0|recent_history_k20|ws3|b800,real::sp_hospital,recent_history_k20,hidden,0.1922739244951712,3,0.0,0.0,0.105
qwen36-27b_think,controlled__sp_hospital__bursty__contiguous__rho0.55__r0|recent_history_k20|ws3|b800,real::sp_hospital,recent_history_k20,mechanism,0.1922739244951712,3,0.02598076211353316,0.022500000000000006,0.08999999999999998
qwen36-27b_think,controlled__sp_hospital__bursty__contiguous__rho0.55__r0|time_agnostic_t|ws0|b800,real::sp_hospital,time_agnostic_t,direction_only,0.5004389815627743,3,0.03642915499065732,0.03375,0.12416666666666666
qwen36-27b_think,controlled__sp_hospital__bursty__contiguous__rho0.55__r0|time_agnostic_t|ws0|b800,real::sp_hospital,time_agnostic_t,hidden,0.5004389815627743,3,0.004099186911246348,0.0035500000000000115,0.08013333333333333
qwen36-27b_think,controlled__sp_hospital__bursty__contiguous__rho0.55__r0|time_agnostic_t|ws0|b800,real::sp_hospital,time_agnostic_t,mechanism,0.5004389815627743,3,0.1446835627614047,0.13,0.47333333333333333
qwen36-27b_think,controlled__sp_hospital__bursty__contiguous__rho0.55__r0|time_agnostic_t|ws0|b800,real::sp_hospital,time_agnostic_t,mechanism_direction,0.5004389815627743,3,0.005773502691896262,0.0050000000000000044,0.39666666666666667
qwen36-27b_think,controlled__sp_hospital__bursty__contiguous__rho0.55__r0|time_agnostic_t|ws0|b800,real::sp_hospital,time_agnostic_t,metadata_only,0.5004389815627743,3,0.03671511950137163,0.03399999999999992,0.956
qwen36-27b_think,controlled__sp_hospital__bursty__contiguous__rho0.55__r0|time_agnostic_t|ws0|b800,real::sp_hospital,time_agnostic_t,mismatched,0.5004389815627743,3,8.498374721940739e-18,0.0,0.041699999999999994
qwen36-27b_think,controlled__sp_hospital__bursty__contiguous__rho0.55__r0|time_agnostic_t|ws1|b800,real::sp_hospital,time_agnostic_t,hidden,0.4986830553116769,3,0.0,0.0,0.0669
qwen36-27b_think,controlled__sp_hospital__bursty__contiguous__rho0.55__r0|time_agnostic_t|ws1|b800,real::sp_hospital,time_agnostic_t,mechanism,0.4986830553116769,3,0.020816659994661323,0.020000000000000018,0.3566666666666667
qwen36-27b_think,controlled__sp_hospital__bursty__contiguous__rho0.55__r0|time_agnostic_t|ws2|b800,real::sp_hospital,time_agnostic_t,hidden,0.4899034240561896,3,6.350852961084223e-06,5.499999999991623e-06,0.11110366666666667
qwen36-27b_think,controlled__sp_hospital__bursty__contiguous__rho0.55__r0|time_agnostic_t|ws2|b800,real::sp_hospital,time_agnostic_t,mechanism,0.4899034240561896,3,0.10016652800877811,0.10000000000000009,0.6166666666666667
qwen36-27b_think,controlled__sp_hospital__bursty__contiguous__rho0.55__r0|time_agnostic_t|ws3|b800,real::sp_hospital,time_agnostic_t,hidden,0.4679543459174715,3,0.019872406329715923,0.017220000000000013,0.10905333333333334
qwen36-27b_think,controlled__sp_hospital__bursty__contiguous__rho0.55__r0|time_agnostic_t|ws3|b800,real::sp_hospital,time_agnostic_t,mechanism,0.4679543459174715,3,0.03785938897200183,0.03500000000000003,0.49333333333333335
qwen36-27b_think,controlled__sp_hospital__bursty__contiguous__rho0.55__r0|time_respecting|ws0|b800,real::sp_hospital,time_respecting,direction_only,0.1633011413520632,3,0.2918479569913074,0.28685,0.3521
qwen36-27b_think,controlled__sp_hospital__bursty__contiguous__rho0.55__r0|time_respecting|ws0|b800,real::sp_hospital,time_respecting,hidden,0.1633011413520632,3,0.029098453567157134,0.0252,0.0746
qwen36-27b_think,controlled__sp_hospital__bursty__contiguous__rho0.55__r0|time_respecting|ws0|b800,real::sp_hospital,time_respecting,mechanism,0.1633011413520632,3,0.10982258419833327,0.10449999999999998,0.126
qwen36-27b_think,controlled__sp_hospital__bursty__contiguous__rho0.55__r0|time_respecting|ws0|b800,real::sp_hospital,time_respecting,mechanism_direction,0.1633011413520632,3,0.16802777548171413,0.16499999999999998,0.3333333333333333
qwen36-27b_think,controlled__sp_hospital__bursty__contiguous__rho0.55__r0|time_respecting|ws1|b800,real::sp_hospital,time_respecting,hidden,0.1589113257243195,3,0.0,0.0,0.105
qwen36-27b_think,controlled__sp_hospital__bursty__contiguous__rho0.55__r0|time_respecting|ws1|b800,real::sp_hospital,time_respecting,mechanism,0.1589113257243195,3,0.07579797710581287,0.06799999999999998,0.13133333333333333
qwen36-27b_think,controlled__sp_hospital__bursty__contiguous__rho0.55__r0|time_respecting|ws2|b800,real::sp_hospital,time_respecting,hidden,0.1694468832309043,3,0.025692086978938343,0.02225,0.057666666666666665
qwen36-27b_think,controlled__sp_hospital__bursty__contiguous__rho0.55__r0|time_respecting|ws2|b800,real::sp_hospital,time_respecting,mechanism,0.1694468832309043,3,0.015877132402714714,0.013749999999999998,0.08166666666666667
qwen36-27b_think,controlled__sp_hospital__bursty__contiguous__rho0.55__r0|time_respecting|ws3|b800,real::sp_hospital,time_respecting,hidden,0.1685689201053555,3,0.00028867513459481317,0.0002500000000000002,0.08346666666666668
qwen36-27b_think,controlled__sp_hospital__bursty__contiguous__rho0.55__r0|time_respecting|ws3|b800,real::sp_hospital,time_respecting,mechanism,0.1685689201053555,3,0.032514446931468155,0.028166666666666652,0.06454444444444443
qwen36-27b_think,controlled__sp_hypertext2009__bursty__contiguous__rho0.15__r0|event_sample_then_full_history|ss0|b9600,real::sp_hypertext2009,event_sample_then_full_history,hidden,0.0724043715846994,3,0.03053462515462296,0.026999999999999996,0.15123333333333333
qwen36-27b_think,controlled__sp_hypertext2009__bursty__contiguous__rho0.15__r0|event_sample_then_full_history|ss0|b9600,real::sp_hypertext2009,event_sample_then_full_history,mechanism,0.0724043715846994,3,0.0005773502691896263,0.0005000000000000004,0.11666666666666668
qwen36-27b_think,controlled__sp_hypertext2009__bursty__contiguous__rho0.15__r0|event_sample_then_full_history|ss0|b9600,real::sp_hypertext2009,event_sample_then_full_history,mechanism_direction,0.0724043715846994,3,0.0005773502691896263,0.0005000000000000004,0.11666666666666668
qwen36-27b_think,controlled__sp_hypertext2009__bursty__contiguous__rho0.15__r0|event_sample_then_full_history|ss0|b9600,real::sp_hypertext2009,event_sample_then_full_history,mismatched,0.0724043715846994,3,0.0498077637857125,0.0476,0.20793333333333333
qwen36-27b_think,controlled__sp_hypertext2009__bursty__contiguous__rho0.15__r0|node_panel_full_history|ss0|b2500,real::sp_hypertext2009,node_panel_full_history,direction_only,0.0837887067395264,3,0.0036143233576055867,0.0033500000000000058,0.09133333333333334
qwen36-27b_think,controlled__sp_hypertext2009__bursty__contiguous__rho0.15__r0|node_panel_full_history|ss0|b2500,real::sp_hypertext2009,node_panel_full_history,hidden,0.0837887067395264,3,0.016835775400418397,0.016549999999999995,0.07456666666666667
qwen36-27b_think,controlled__sp_hypertext2009__bursty__contiguous__rho0.15__r0|node_panel_full_history|ss0|b2500,real::sp_hypertext2009,node_panel_full_history,mechanism,0.0837887067395264,3,0.0,0.0,0.0924
qwen36-27b_think,controlled__sp_hypertext2009__bursty__contiguous__rho0.15__r0|node_panel_full_history|ss0|b2500,real::sp_hypertext2009,node_panel_full_history,mechanism_direction,0.0837887067395264,3,0.0,0.0,0.0929
qwen36-27b_think,controlled__sp_hypertext2009__bursty__contiguous__rho0.15__r0|recent_history_k20|ws0|b800,real::sp_hypertext2009,recent_history_k20,direction_only,0.1270491803278688,3,0.020149524394717937,0.017449999999999997,0.03673333333333333
qwen36-27b_think,controlled__sp_hypertext2009__bursty__contiguous__rho0.15__r0|recent_history_k20|ws0|b800,real::sp_hypertext2009,recent_history_k20,hidden,0.1270491803278688,3,5.7735026918962226e-05,4.999999999999796e-05,0.025066666666666668
qwen36-27b_think,controlled__sp_hypertext2009__bursty__contiguous__rho0.15__r0|recent_history_k20|ws0|b800,real::sp_hypertext2009,recent_history_k20,mechanism,0.1270491803278688,3,0.008689265408153518,0.007550000000000001,0.020033333333333337
qwen36-27b_think,controlled__sp_hypertext2009__bursty__contiguous__rho0.15__r0|recent_history_k20|ws0|b800,real::sp_hypertext2009,recent_history_k20,mechanism_direction,0.1270491803278688,3,0.37859388972001823,0.35,0.3166666666666667
qwen36-27b_think,controlled__sp_hypertext2009__bursty__contiguous__rho0.15__r0|time_agnostic_t|ws0|b800,real::sp_hypertext2009,time_agnostic_t,direction_only,0.296448087431694,3,0.3399167005802059,0.33115,0.2945666666666667
qwen36-27b_think,controlled__sp_hypertext2009__bursty__contiguous__rho0.15__r0|time_agnostic_t|ws0|b800,real::sp_hypertext2009,time_agnostic_t,hidden,0.296448087431694,3,1.1547005383792546e-05,9.999999999999593e-06,0.007693333333333334
qwen36-27b_think,controlled__sp_hypertext2009__bursty__contiguous__rho0.15__r0|time_agnostic_t|ws0|b800,real::sp_hypertext2009,time_agnostic_t,mechanism,0.296448087431694,3,0.03382104867288022,0.031650000000000005,0.04623333333333333
qwen36-27b_think,controlled__sp_hypertext2009__bursty__contiguous__rho0.15__r0|time_agnostic_t|ws0|b800,real::sp_hypertext2009,time_agnostic_t,mechanism_direction,0.296448087431694,3,0.0011547005383792527,0.0010000000000000009,0.08066666666666666
qwen36-27b_think,controlled__sp_hypertext2009__bursty__contiguous__rho0.15__r0|time_agnostic_t|ws0|b800,real::sp_hypertext2009,time_agnostic_t,metadata_only,0.296448087431694,3,0.10692676621563625,0.10499999999999998,0.7566666666666667
qwen36-27b_think,controlled__sp_hypertext2009__bursty__contiguous__rho0.15__r0|time_agnostic_t|ws0|b800,real::sp_hypertext2009,time_agnostic_t,mismatched,0.296448087431694,3,1.7320508075691073e-06,1.4999999999997654e-06,0.004299
qwen36-27b_think,controlled__sp_hypertext2009__bursty__contiguous__rho0.15__r0|time_respecting|ws0|b800,real::sp_hypertext2009,time_respecting,direction_only,0.1215846994535519,3,0.4893298989434428,0.485,0.455
qwen36-27b_think,controlled__sp_hypertext2009__bursty__contiguous__rho0.15__r0|time_respecting|ws0|b800,real::sp_hypertext2009,time_respecting,hidden,0.1215846994535519,3,0.0,0.0,0.0075
qwen36-27b_think,controlled__sp_hypertext2009__bursty__contiguous__rho0.15__r0|time_respecting|ws0|b800,real::sp_hypertext2009,time_respecting,mechanism,0.1215846994535519,3,0.0026457513110645908,0.0025000000000000005,0.006999999999999999
qwen36-27b_think,controlled__sp_hypertext2009__bursty__contiguous__rho0.15__r0|time_respecting|ws0|b800,real::sp_hypertext2009,time_respecting,mechanism_direction,0.1215846994535519,3,0.3482389026707575,0.3455,0.4703333333333333
qwen36-27b_think,controlled__sp_hypertext2009__bursty__contiguous__rho0.55__r0|event_sample_then_full_history|ss0|b9600,real::sp_hypertext2009,event_sample_then_full_history,mismatched,0.0664845173041894,3,0.08889881888979176,0.08150000000000002,0.618
qwen36-27b_think,controlled__sp_hypertext2009__bursty__contiguous__rho0.55__r0|node_panel_full_history|ss0|b2500,real::sp_hypertext2009,node_panel_full_history,direction_only,0.2030965391621129,3,0.013118141382579059,0.012525000000000008,0.20177666666666663
qwen36-27b_think,controlled__sp_hypertext2009__bursty__contiguous__rho0.55__r0|node_panel_full_history|ss0|b2500,real::sp_hypertext2009,node_panel_full_history,hidden,0.2030965391621129,3,0.004419275958796873,0.003899999999999987,0.2127
qwen36-27b_think,controlled__sp_hypertext2009__bursty__contiguous__rho0.55__r0|node_panel_full_history|ss0|b2500,real::sp_hypertext2009,node_panel_full_history,mechanism,0.2030965391621129,3,0.0009047283201786744,0.0008699999999999819,0.21148666666666668
qwen36-27b_think,controlled__sp_hypertext2009__bursty__contiguous__rho0.55__r0|recent_history_k20|ws0|b800,real::sp_hypertext2009,recent_history_k20,direction_only,0.1393442622950819,3,0.0912462601973363,0.08710000000000001,0.14859999999999998
qwen36-27b_think,controlled__sp_hypertext2009__bursty__contiguous__rho0.55__r0|recent_history_k20|ws0|b800,real::sp_hypertext2009,recent_history_k20,hidden,0.1393442622950819,3,0.014953706341015706,0.012999999999999998,0.028533333333333338
qwen36-27b_think,controlled__sp_hypertext2009__bursty__contiguous__rho0.55__r0|recent_history_k20|ws0|b800,real::sp_hypertext2009,recent_history_k20,mechanism,0.1393442622950819,3,0.016877598565356783,0.015,0.030533333333333332
qwen36-27b_think,controlled__sp_hypertext2009__bursty__contiguous__rho0.55__r0|recent_history_k20|ws0|b800,real::sp_hypertext2009,recent_history_k20,mechanism_direction,0.1393442622950819,3,0.06,0.06,0.12
qwen36-27b_think,controlled__sp_hypertext2009__bursty__contiguous__rho0.55__r0|time_agnostic_t|ws0|b800,real::sp_hypertext2009,time_agnostic_t,direction_only,0.302367941712204,3,0.04180015948932891,0.036199999999999996,0.04673333333333333
qwen36-27b_think,controlled__sp_hypertext2009__bursty__contiguous__rho0.55__r0|time_agnostic_t|ws0|b800,real::sp_hypertext2009,time_agnostic_t,hidden,0.302367941712204,3,5.773502691896022e-06,5.000000000001531e-06,0.022596666666666664
qwen36-27b_think,controlled__sp_hypertext2009__bursty__contiguous__rho0.55__r0|time_agnostic_t|ws0|b800,real::sp_hypertext2009,time_agnostic_t,mechanism,0.302367941712204,3,0.015275252316519465,0.015000000000000013,0.23666666666666666
qwen36-27b_think,controlled__sp_hypertext2009__bursty__contiguous__rho0.55__r0|time_agnostic_t|ws0|b800,real::sp_hypertext2009,time_agnostic_t,mechanism_direction,0.302367941712204,3,0.04932882862316247,0.044999999999999984,0.20666666666666667
qwen36-27b_think,controlled__sp_hypertext2009__bursty__contiguous__rho0.55__r0|time_agnostic_t|ws0|b800,real::sp_hypertext2009,time_agnostic_t,metadata_only,0.302367941712204,3,0.05773502691896256,0.04999999999999993,0.7866666666666666
qwen36-27b_think,controlled__sp_hypertext2009__bursty__contiguous__rho0.55__r0|time_agnostic_t|ws0|b800,real::sp_hypertext2009,time_agnostic_t,mismatched,0.302367941712204,3,2.3094010767585092e-05,1.9999999999999185e-05,0.012173333333333335
qwen36-27b_think,controlled__sp_hypertext2009__bursty__contiguous__rho0.55__r0|time_respecting|ws0|b800,real::sp_hypertext2009,time_respecting,direction_only,0.1247723132969034,3,0.5606404262091702,0.490875,0.35274999999999995
qwen36-27b_think,controlled__sp_hypertext2009__bursty__contiguous__rho0.55__r0|time_respecting|ws0|b800,real::sp_hypertext2009,time_respecting,hidden,0.1247723132969034,3,0.0,0.0,0.0182
qwen36-27b_think,controlled__sp_hypertext2009__bursty__contiguous__rho0.55__r0|time_respecting|ws0|b800,real::sp_hypertext2009,time_respecting,mechanism,0.1247723132969034,3,0.3324930525589971,0.29,0.20609999999999998
qwen36-27b_think,controlled__sp_hypertext2009__bursty__contiguous__rho0.55__r0|time_respecting|ws0|b800,real::sp_hypertext2009,time_respecting,mechanism_direction,0.1247723132969034,3,0.0718818474999078,0.06249999999999999,0.06699999999999999
qwen36-27b_think,controlled__sp_primaryschool__bursty__contiguous__rho0.15__r0|event_sample_then_full_history|ss0|b9600,real::sp_primaryschool,event_sample_then_full_history,direction_only,0.0080557893471203,3,0.05006329327294932,0.04849999999999999,0.15433333333333335
qwen36-27b_think,controlled__sp_primaryschool__bursty__contiguous__rho0.15__r0|event_sample_then_full_history|ss0|b9600,real::sp_primaryschool,event_sample_then_full_history,hidden,0.0080557893471203,3,0.07130451131123006,0.06200000000000003,0.25066666666666665
qwen36-27b_think,controlled__sp_primaryschool__bursty__contiguous__rho0.15__r0|event_sample_then_full_history|ss0|b9600,real::sp_primaryschool,event_sample_then_full_history,mechanism,0.0080557893471203,3,0.009291573243177578,0.008500000000000008,0.33066666666666666
qwen36-27b_think,controlled__sp_primaryschool__bursty__contiguous__rho0.15__r0|event_sample_then_full_history|ss0|b9600,real::sp_primaryschool,event_sample_then_full_history,mechanism_direction,0.0080557893471203,3,0.11258330249197702,0.0975,0.27
qwen36-27b_think,controlled__sp_primaryschool__bursty__contiguous__rho0.15__r0|event_sample_then_full_history|ss0|b9600,real::sp_primaryschool,event_sample_then_full_history,mismatched,0.0080557893471203,3,0.06884913458666954,0.063,0.2559666666666667
qwen36-27b_think,controlled__sp_primaryschool__bursty__contiguous__rho0.15__r0|node_panel_full_history|ss0|b2500,real::sp_primaryschool,node_panel_full_history,direction_only,0.0139473367800889,3,0.001039230484541324,0.0009000000000000119,0.2057
qwen36-27b_think,controlled__sp_primaryschool__bursty__contiguous__rho0.15__r0|node_panel_full_history|ss0|b2500,real::sp_primaryschool,node_panel_full_history,hidden,0.0139473367800889,3,5.875628335192897e-05,5.172499999997471e-05,0.20693218333333332
qwen36-27b_think,controlled__sp_primaryschool__bursty__contiguous__rho0.15__r0|node_panel_full_history|ss0|b2500,real::sp_primaryschool,node_panel_full_history,mechanism,0.0139473367800889,3,0.0,0.0,0.2069
qwen36-27b_think,controlled__sp_primaryschool__bursty__contiguous__rho0.15__r0|node_panel_full_history|ss0|b2500,real::sp_primaryschool,node_panel_full_history,mechanism_direction,0.0139473367800889,3,0.0,0.0,0.2069
qwen36-27b_think,controlled__sp_primaryschool__bursty__contiguous__rho0.15__r0|recent_history_k20|ws0|b800,real::sp_primaryschool,recent_history_k20,direction_only,0.0501382710111819,3,0.058196907134314274,0.0504,0.05279999999999999
qwen36-27b_think,controlled__sp_primaryschool__bursty__contiguous__rho0.15__r0|recent_history_k20|ws0|b800,real::sp_primaryschool,recent_history_k20,hidden,0.0501382710111819,3,0.0,0.0,0.0192
qwen36-27b_think,controlled__sp_primaryschool__bursty__contiguous__rho0.15__r0|recent_history_k20|ws0|b800,real::sp_primaryschool,recent_history_k20,mechanism,0.0501382710111819,3,0.00613297100379036,0.005500000000000001,0.016066666666666667
qwen36-27b_think,controlled__sp_primaryschool__bursty__contiguous__rho0.15__r0|recent_history_k20|ws0|b800,real::sp_primaryschool,recent_history_k20,mechanism_direction,0.0501382710111819,3,0.2611042001449485,0.26054999999999995,0.3703666666666667
qwen36-27b_think,controlled__sp_primaryschool__bursty__contiguous__rho0.15__r0|time_agnostic_t|ws0|b800,real::sp_primaryschool,time_agnostic_t,direction_only,0.0895755681135024,3,0.009328987083279729,0.009150000000000002,0.0129
qwen36-27b_think,controlled__sp_primaryschool__bursty__contiguous__rho0.15__r0|time_agnostic_t|ws0|b800,real::sp_primaryschool,time_agnostic_t,hidden,0.0895755681135024,3,0.2598143108709244,0.22535000000000002,0.15199333333333334
qwen36-27b_think,controlled__sp_primaryschool__bursty__contiguous__rho0.15__r0|time_agnostic_t|ws0|b800,real::sp_primaryschool,time_agnostic_t,mechanism,0.0895755681135024,3,0.023094010767585032,0.020000000000000004,0.06666666666666667
qwen36-27b_think,controlled__sp_primaryschool__bursty__contiguous__rho0.15__r0|time_agnostic_t|ws0|b800,real::sp_primaryschool,time_agnostic_t,mechanism_direction,0.0895755681135024,3,0.002598076211353318,0.002250000000000002,0.0785
qwen36-27b_think,controlled__sp_primaryschool__bursty__contiguous__rho0.15__r0|time_agnostic_t|ws0|b800,real::sp_primaryschool,time_agnostic_t,metadata_only,0.0895755681135024,3,0.08041351461870905,0.07350000000000012,0.8523333333333335
qwen36-27b_think,controlled__sp_primaryschool__bursty__contiguous__rho0.15__r0|time_agnostic_t|ws0|b800,real::sp_primaryschool,time_agnostic_t,mismatched,0.0895755681135024,3,5.773502691896273e-06,5.000000000000013e-06,0.0013966666666666667
qwen36-27b_think,controlled__sp_primaryschool__bursty__contiguous__rho0.15__r0|time_respecting|ws0|b800,real::sp_primaryschool,time_respecting,direction_only,0.0447276662258025,3,0.3915562965057941,0.3915,0.38766666666666666
qwen36-27b_think,controlled__sp_primaryschool__bursty__contiguous__rho0.15__r0|time_respecting|ws0|b800,real::sp_primaryschool,time_respecting,hidden,0.0447276662258025,3,0.0,0.0,0.0
qwen36-27b_think,controlled__sp_primaryschool__bursty__contiguous__rho0.15__r0|time_respecting|ws0|b800,real::sp_primaryschool,time_respecting,mechanism,0.0447276662258025,3,0.38105117766515306,0.33,0.22
qwen36-27b_think,controlled__sp_primaryschool__bursty__contiguous__rho0.15__r0|time_respecting|ws0|b800,real::sp_primaryschool,time_respecting,mechanism_direction,0.0447276662258025,3,0.31274323866925297,0.3025,0.7033333333333333
qwen36-27b_think,controlled__sp_primaryschool__bursty__contiguous__rho0.55__r0|event_sample_then_full_history|ss0|b9600,real::sp_primaryschool,event_sample_then_full_history,direction_only,0.0108212095707586,3,0.030315012782448265,0.026499999999999968,0.737
qwen36-27b_think,controlled__sp_primaryschool__bursty__contiguous__rho0.55__r0|event_sample_then_full_history|ss0|b9600,real::sp_primaryschool,event_sample_then_full_history,hidden,0.0108212095707586,3,0.040645951007859706,0.03530000000000011,0.8207333333333334
qwen36-27b_think,controlled__sp_primaryschool__bursty__contiguous__rho0.55__r0|event_sample_then_full_history|ss0|b9600,real::sp_primaryschool,event_sample_then_full_history,mechanism,0.0108212095707586,3,0.0020816659994661348,0.0020000000000000018,0.7756666666666666
qwen36-27b_think,controlled__sp_primaryschool__bursty__contiguous__rho0.55__r0|event_sample_then_full_history|ss0|b9600,real::sp_primaryschool,event_sample_then_full_history,mechanism_direction,0.0108212095707586,3,0.00011547005383791244,9.999999999998899e-05,0.7739333333333334
qwen36-27b_think,controlled__sp_primaryschool__bursty__contiguous__rho0.55__r0|event_sample_then_full_history|ss0|b9600,real::sp_primaryschool,event_sample_then_full_history,mismatched,0.0108212095707586,3,0.006177647880328956,0.005349999999999966,0.8404333333333334
qwen36-27b_think,controlled__sp_primaryschool__bursty__contiguous__rho0.55__r0|node_panel_full_history|ss0|b2500,real::sp_primaryschool,node_panel_full_history,direction_only,0.0069736683900444,3,0.003983716857408427,0.003450000000000064,0.6011000000000001
qwen36-27b_think,controlled__sp_primaryschool__bursty__contiguous__rho0.55__r0|node_panel_full_history|ss0|b2500,real::sp_primaryschool,node_panel_full_history,hidden,0.0069736683900444,3,0.2087728989436448,0.18259999999999993,0.4860333333333333
qwen36-27b_think,controlled__sp_primaryschool__bursty__contiguous__rho0.55__r0|node_panel_full_history|ss0|b2500,real::sp_primaryschool,node_panel_full_history,mechanism,0.0069736683900444,3,0.13947397069465445,0.12080000000000002,0.6839493333333334
qwen36-27b_think,controlled__sp_primaryschool__bursty__contiguous__rho0.55__r0|node_panel_full_history|ss0|b2500,real::sp_primaryschool,node_panel_full_history,mechanism_direction,0.0069736683900444,3,0.003983716857408427,0.003450000000000064,0.6011000000000001
qwen36-27b_think,controlled__sp_primaryschool__bursty__contiguous__rho0.55__r0|recent_history_k20|ws0|b800,real::sp_primaryschool,recent_history_k20,direction_only,0.0608392449200432,3,0.1456368199780994,0.12624999999999997,0.12183333333333331
qwen36-27b_think,controlled__sp_primaryschool__bursty__contiguous__rho0.55__r0|recent_history_k20|ws0|b800,real::sp_primaryschool,recent_history_k20,hidden,0.0608392449200432,3,0.0001732050807568887,0.0001500000000000043,0.0376
qwen36-27b_think,controlled__sp_primaryschool__bursty__contiguous__rho0.55__r0|recent_history_k20|ws0|b800,real::sp_primaryschool,recent_history_k20,mechanism,0.0608392449200432,3,0.001429160592795646,0.0012500000000000011,0.03835
qwen36-27b_think,controlled__sp_primaryschool__bursty__contiguous__rho0.55__r0|recent_history_k20|ws0|b800,real::sp_primaryschool,recent_history_k20,mechanism_direction,0.0608392449200432,3,0.016645820296198485,0.01625,0.05583333333333334
qwen36-27b_think,controlled__sp_primaryschool__bursty__contiguous__rho0.55__r0|time_agnostic_t|ws0|b800,real::sp_primaryschool,time_agnostic_t,direction_only,0.0906576890705783,3,0.0055677643628300215,0.005499999999999998,0.018
qwen36-27b_think,controlled__sp_primaryschool__bursty__contiguous__rho0.55__r0|time_agnostic_t|ws0|b800,real::sp_primaryschool,time_agnostic_t,hidden,0.0906576890705783,3,0.0,0.0,0.00928
qwen36-27b_think,controlled__sp_primaryschool__bursty__contiguous__rho0.55__r0|time_agnostic_t|ws0|b800,real::sp_primaryschool,time_agnostic_t,mechanism,0.0906576890705783,3,0.010148891565092228,0.010000000000000009,0.331
qwen36-27b_think,controlled__sp_primaryschool__bursty__contiguous__rho0.55__r0|time_agnostic_t|ws0|b800,real::sp_primaryschool,time_agnostic_t,mechanism_direction,0.0906576890705783,3,0.011547005383792525,0.010000000000000009,0.3333333333333333
qwen36-27b_think,controlled__sp_primaryschool__bursty__contiguous__rho0.55__r0|time_agnostic_t|ws0|b800,real::sp_primaryschool,time_agnostic_t,metadata_only,0.0906576890705783,3,0.029704096238285637,0.02850000000000008,0.8833333333333334
qwen36-27b_think,controlled__sp_primaryschool__bursty__contiguous__rho0.55__r0|time_agnostic_t|ws0|b800,real::sp_primaryschool,time_agnostic_t,mismatched,0.0906576890705783,3,0.0,0.0,0.00478
qwen36-27b_think,controlled__sp_primaryschool__bursty__contiguous__rho0.55__r0|time_respecting|ws0|b800,real::sp_primaryschool,time_respecting,direction_only,0.0489359143922087,3,0.5674198445595642,0.49139999999999995,0.34480000000000005
qwen36-27b_think,controlled__sp_primaryschool__bursty__contiguous__rho0.55__r0|time_respecting|ws0|b800,real::sp_primaryschool,time_respecting,hidden,0.0489359143922087,3,0.0,0.0,0.0172
qwen36-27b_think,controlled__sp_primaryschool__bursty__contiguous__rho0.55__r0|time_respecting|ws0|b800,real::sp_primaryschool,time_respecting,mechanism,0.0489359143922087,3,0.002505992817228334,0.0024999999999999988,0.017400000000000002
qwen36-27b_think,controlled__sp_primaryschool__bursty__contiguous__rho0.55__r0|time_respecting|ws0|b800,real::sp_primaryschool,time_respecting,mechanism_direction,0.0489359143922087,3,0.12434360994169878,0.11399999999999999,0.10733333333333334
qwen36-27b_think,dar__dcsbm__n1500__f0__a0.1__c0.15|event_sample_then_full_history|ss0|b9600,dar::dcsbm::n1500::f0,event_sample_then_full_history,direction_only,0.2884851187158622,3,0.0005000000000000004,0.0004999999999999449,0.29550000000000004
qwen36-27b_think,dar__dcsbm__n1500__f0__a0.1__c0.15|event_sample_then_full_history|ss0|b9600,dar::dcsbm::n1500::f0,event_sample_then_full_history,hidden,0.2884851187158622,3,0.010253942331285733,0.009050000000000002,0.47923333333333334
qwen36-27b_think,dar__dcsbm__n1500__f0__a0.1__c0.15|event_sample_then_full_history|ss0|b9600,dar::dcsbm::n1500::f0,event_sample_then_full_history,mechanism,0.2884851187158622,3,0.0,0.0,0.2955
qwen36-27b_think,dar__dcsbm__n1500__f0__a0.1__c0.15|event_sample_then_full_history|ss0|b9600,dar::dcsbm::n1500::f0,event_sample_then_full_history,mechanism_direction,0.2884851187158622,3,0.0010000000000000009,0.0010000000000000009,0.296
qwen36-27b_think,dar__dcsbm__n1500__f0__a0.1__c0.15|event_sample_then_full_history|ss0|b9600,dar::dcsbm::n1500::f0,event_sample_then_full_history,mismatched,0.2884851187158622,3,0.03723349746308203,0.03499999999999992,0.6223333333333333
qwen36-27b_think,dar__dcsbm__n1500__f0__a0.1__c0.15|node_panel_full_history|ss0|b2500,dar::dcsbm::n1500::f0,node_panel_full_history,direction_only,0.0974250362278452,3,0.0005577036249957146,0.0005499999999999949,0.3444966666666667
qwen36-27b_think,dar__dcsbm__n1500__f0__a0.1__c0.15|node_panel_full_history|ss0|b2500,dar::dcsbm::n1500::f0,node_panel_full_history,hidden,0.0974250362278452,3,0.005462905209989752,0.005199999999999982,0.3463333333333333
qwen36-27b_think,dar__dcsbm__n1500__f0__a0.1__c0.15|node_panel_full_history|ss0|b2500,dar::dcsbm::n1500::f0,node_panel_full_history,mechanism,0.0974250362278452,3,0.10998540812307785,0.09534999999999999,0.4073
qwen36-27b_think,dar__dcsbm__n1500__f0__a0.1__c0.15|node_panel_full_history|ss0|b2500,dar::dcsbm::n1500::f0,node_panel_full_history,mechanism_direction,0.0974250362278452,3,0.00040414518843275764,0.00035000000000001696,0.34463333333333335
qwen36-27b_think,dar__dcsbm__n1500__f0__a0.1__c0.15|recent_history_k20|ws0|b800,dar::dcsbm::n1500::f0,recent_history_k20,direction_only,0.0632036562256158,3,0.040349514660443356,0.038250000000000006,0.07916666666666666
qwen36-27b_think,dar__dcsbm__n1500__f0__a0.1__c0.15|recent_history_k20|ws0|b800,dar::dcsbm::n1500::f0,recent_history_k20,hidden,0.0632036562256158,3,0.0,0.0,0.0335
qwen36-27b_think,dar__dcsbm__n1500__f0__a0.1__c0.15|recent_history_k20|ws0|b800,dar::dcsbm::n1500::f0,recent_history_k20,mechanism,0.0632036562256158,3,0.011085125168440815,0.009600000000000001,0.027100000000000003
qwen36-27b_think,dar__dcsbm__n1500__f0__a0.1__c0.15|recent_history_k20|ws0|b800,dar::dcsbm::n1500::f0,recent_history_k20,mechanism_direction,0.0632036562256158,3,0.07000416654266611,0.06275,0.11416666666666668
qwen36-27b_think,dar__dcsbm__n1500__f0__a0.1__c0.15|time_agnostic_t|ws0|b800,dar::dcsbm::n1500::f0,time_agnostic_t,direction_only,0.0763571508193066,3,0.07142486875265038,0.06186150000000001,0.06752566666666666
qwen36-27b_think,dar__dcsbm__n1500__f0__a0.1__c0.15|time_agnostic_t|ws0|b800,dar::dcsbm::n1500::f0,time_agnostic_t,hidden,0.0763571508193066,3,0.04832421753117168,0.04185,0.0542
qwen36-27b_think,dar__dcsbm__n1500__f0__a0.1__c0.15|time_agnostic_t|ws0|b800,dar::dcsbm::n1500::f0,time_agnostic_t,mechanism,0.0763571508193066,3,0.03308070938376826,0.03150000000000003,0.30733333333333335
qwen36-27b_think,dar__dcsbm__n1500__f0__a0.1__c0.15|time_agnostic_t|ws0|b800,dar::dcsbm::n1500::f0,time_agnostic_t,mechanism_direction,0.0763571508193066,3,0.010785793124908967,0.010000000000000009,0.33233333333333337
qwen36-27b_think,dar__dcsbm__n1500__f0__a0.1__c0.15|time_agnostic_t|ws0|b800,dar::dcsbm::n1500::f0,time_agnostic_t,metadata_only,0.0763571508193066,3,0.0721110255092798,0.07,0.24
qwen36-27b_think,dar__dcsbm__n1500__f0__a0.1__c0.15|time_agnostic_t|ws0|b800,dar::dcsbm::n1500::f0,time_agnostic_t,mismatched,0.0763571508193066,3,0.0,0.0,0.0134
qwen36-27b_think,dar__dcsbm__n1500__f0__a0.1__c0.15|time_respecting|ws0|b800,dar::dcsbm::n1500::f0,time_respecting,direction_only,0.0558466168766023,3,0.559190784378045,0.48699999999999993,0.35233333333333333
qwen36-27b_think,dar__dcsbm__n1500__f0__a0.1__c0.15|time_respecting|ws0|b800,dar::dcsbm::n1500::f0,time_respecting,hidden,0.0558466168766023,3,0.004494696875207493,0.0038999999999999972,0.013389999999999999
qwen36-27b_think,dar__dcsbm__n1500__f0__a0.1__c0.15|time_respecting|ws0|b800,dar::dcsbm::n1500::f0,time_respecting,mechanism,0.0558466168766023,3,0.0034554739182925407,0.002999999999999999,0.013990000000000002
qwen36-27b_think,dar__dcsbm__n1500__f0__a0.1__c0.15|time_respecting|ws0|b800,dar::dcsbm::n1500::f0,time_respecting,mechanism_direction,0.0558466168766023,3,0.5178159261101702,0.49,0.6066666666666667
qwen36-27b_think,dar__dcsbm__n1500__f0__a0.9__c0.15|event_sample_then_full_history|ss0|b9600,dar::dcsbm::n1500::f0,event_sample_then_full_history,direction_only,0.3185207277065314,3,0.0017320508075688791,0.0015000000000000568,0.868
qwen36-27b_think,dar__dcsbm__n1500__f0__a0.9__c0.15|event_sample_then_full_history|ss0|b9600,dar::dcsbm::n1500::f0,event_sample_then_full_history,hidden,0.3185207277065314,3,0.05664238695535351,0.04940000000000011,0.9324
qwen36-27b_think,dar__dcsbm__n1500__f0__a0.9__c0.15|event_sample_then_full_history|ss0|b9600,dar::dcsbm::n1500::f0,event_sample_then_full_history,mechanism,0.3185207277065314,3,0.000981495457622384,0.0008500000000000174,0.8678666666666667
qwen36-27b_think,dar__dcsbm__n1500__f0__a0.9__c0.15|event_sample_then_full_history|ss0|b9600,dar::dcsbm::n1500::f0,event_sample_then_full_history,mechanism_direction,0.3185207277065314,3,0.0016522711641858401,0.0014999999999999458,0.8681
qwen36-27b_think,dar__dcsbm__n1500__f0__a0.9__c0.15|event_sample_then_full_history|ss0|b9600,dar::dcsbm::n1500::f0,event_sample_then_full_history,mismatched,0.3185207277065314,3,0.0024331050121193117,0.0021999999999999797,0.9628
qwen36-27b_think,dar__dcsbm__n1500__f0__a0.9__c0.15|node_panel_full_history|ss0|b2500,dar::dcsbm::n1500::f0,node_panel_full_history,direction_only,0.0969281240679988,3,0.0008660254037844714,0.0007500000000000284,0.8764
qwen36-27b_think,dar__dcsbm__n1500__f0__a0.9__c0.15|node_panel_full_history|ss0|b2500,dar::dcsbm::n1500::f0,node_panel_full_history,hidden,0.0969281240679988,3,0.15150413635717455,0.13195,0.7019666666666667
qwen36-27b_think,dar__dcsbm__n1500__f0__a0.9__c0.15|node_panel_full_history|ss0|b2500,dar::dcsbm::n1500::f0,node_panel_full_history,mechanism,0.0969281240679988,3,0.15239161175515317,0.132,0.7889666666666667
qwen36-27b_think,dar__dcsbm__n1500__f0__a0.9__c0.15|node_panel_full_history|ss0|b2500,dar::dcsbm::n1500::f0,node_panel_full_history,mechanism_direction,0.0969281240679988,3,0.0002309401076758249,0.00019999999999997797,0.8770333333333333
qwen36-27b_think,dar__dcsbm__n1500__f0__a0.9__c0.15|recent_history_k20|ws0|b800,dar::dcsbm::n1500::f0,recent_history_k20,direction_only,0.1461377870563674,3,0.07906813517467069,0.06849999999999998,0.1987
qwen36-27b_think,dar__dcsbm__n1500__f0__a0.9__c0.15|recent_history_k20|ws0|b800,dar::dcsbm::n1500::f0,recent_history_k20,hidden,0.1461377870563674,3,0.044617633285507205,0.03864999999999999,0.12732
qwen36-27b_think,dar__dcsbm__n1500__f0__a0.9__c0.15|recent_history_k20|ws0|b800,dar::dcsbm::n1500::f0,recent_history_k20,mechanism,0.1461377870563674,3,0.03863073042712671,0.038500000000000006,0.11633333333333333
qwen36-27b_think,dar__dcsbm__n1500__f0__a0.9__c0.15|recent_history_k20|ws0|b800,dar::dcsbm::n1500::f0,recent_history_k20,mechanism_direction,0.1461377870563674,3,0.18270865697424774,0.1728,0.34853333333333336
qwen36-27b_think,dar__dcsbm__n1500__f0__a0.9__c0.15|time_agnostic_t|ws0|b800,dar::dcsbm::n1500::f0,time_agnostic_t,direction_only,0.1622427676707426,3,0.04494129504142041,0.040200000000000014,0.23819999999999997
qwen36-27b_think,dar__dcsbm__n1500__f0__a0.9__c0.15|time_agnostic_t|ws0|b800,dar::dcsbm::n1500::f0,time_agnostic_t,hidden,0.1622427676707426,3,2.3094010767592102e-05,2.0000000000020002e-05,0.20958666666666667
qwen36-27b_think,dar__dcsbm__n1500__f0__a0.9__c0.15|time_agnostic_t|ws0|b800,dar::dcsbm::n1500::f0,time_agnostic_t,mechanism,0.1622427676707426,3,0.09848857801796101,0.09499999999999997,0.9199999999999999
qwen36-27b_think,dar__dcsbm__n1500__f0__a0.9__c0.15|time_agnostic_t|ws0|b800,dar::dcsbm::n1500::f0,time_agnostic_t,mechanism_direction,0.1622427676707426,3,0.044060564378288786,0.040000000000000036,0.8293333333333335
qwen36-27b_think,dar__dcsbm__n1500__f0__a0.9__c0.15|time_agnostic_t|ws0|b800,dar::dcsbm::n1500::f0,time_agnostic_t,metadata_only,0.1622427676707426,3,0.2534163635863583,0.25329999999999997,0.27113333333333334
qwen36-27b_think,dar__dcsbm__n1500__f0__a0.9__c0.15|time_agnostic_t|ws0|b800,dar::dcsbm::n1500::f0,time_agnostic_t,mismatched,0.1622427676707426,3,0.0,0.0,0.1113
qwen36-27b_think,dar__dcsbm__n1500__f0__a0.9__c0.15|time_respecting|ws0|b800,dar::dcsbm::n1500::f0,time_respecting,direction_only,0.1410677005666567,3,0.09068732454612018,0.078575,0.10528333333333333
qwen36-27b_think,dar__dcsbm__n1500__f0__a0.9__c0.15|time_respecting|ws0|b800,dar::dcsbm::n1500::f0,time_respecting,hidden,0.1410677005666567,3,0.01499669408014091,0.013000000000000005,0.044216666666666675
qwen36-27b_think,dar__dcsbm__n1500__f0__a0.9__c0.15|time_respecting|ws0|b800,dar::dcsbm::n1500::f0,time_respecting,mechanism,0.1410677005666567,3,0.01902375707722671,0.016499999999999994,0.04196666666666666
qwen36-27b_think,dar__dcsbm__n1500__f0__a0.9__c0.15|time_respecting|ws0|b800,dar::dcsbm::n1500::f0,time_respecting,mechanism_direction,0.1410677005666567,3,0.1501110699893027,0.13,0.31333333333333335
qwen36-27b_think,dar__dcsbm__n500__f0__a0.1__c0.15|event_sample_then_full_history|ss0|b9600,dar::dcsbm::n500::f0,event_sample_then_full_history,direction_only,1.0,3,0.0008082903768654718,0.0007999999999999952,0.15913333333333335
qwen36-27b_think,dar__dcsbm__n500__f0__a0.1__c0.15|event_sample_then_full_history|ss0|b9600,dar::dcsbm::n500::f0,event_sample_then_full_history,hidden,1.0,3,0.0023094010767585054,0.0020000000000000018,0.32316666666666666
qwen36-27b_think,dar__dcsbm__n500__f0__a0.1__c0.15|event_sample_then_full_history|ss0|b9600,dar::dcsbm::n500::f0,event_sample_then_full_history,mechanism,1.0,3,0.0034641016151377583,0.0030000000000000027,0.158
qwen36-27b_think,dar__dcsbm__n500__f0__a0.1__c0.15|event_sample_then_full_history|ss0|b9600,dar::dcsbm::n500::f0,event_sample_then_full_history,mechanism_direction,1.0,3,0.0025942243542145726,0.0025000000000000022,0.1589
qwen36-27b_think,dar__dcsbm__n500__f0__a0.1__c0.15|event_sample_then_full_history|ss0|b9600,dar::dcsbm::n500::f0,event_sample_then_full_history,mismatched,1.0,3,0.2702468007827906,0.255,0.4033333333333333
qwen36-27b_think,dar__dcsbm__n500__f0__a0.1__c0.15|node_panel_full_history|ss0|b2500,dar::dcsbm::n500::f0,node_panel_full_history,direction_only,0.3282414307004471,3,0.003004995840263359,0.002850000000000019,0.33370000000000005
qwen36-27b_think,dar__dcsbm__n500__f0__a0.1__c0.15|node_panel_full_history|ss0|b2500,dar::dcsbm::n500::f0,node_panel_full_history,hidden,0.3282414307004471,3,0.0052848967192683435,0.0049599999999999644,0.3308933333333333
qwen36-27b_think,dar__dcsbm__n500__f0__a0.1__c0.15|node_panel_full_history|ss0|b2500,dar::dcsbm::n500::f0,node_panel_full_history,mechanism,0.3282414307004471,3,0.00155884572681201,0.0013500000000000179,0.33569999999999994
qwen36-27b_think,dar__dcsbm__n500__f0__a0.1__c0.15|node_panel_full_history|ss0|b2500,dar::dcsbm::n500::f0,node_panel_full_history,mechanism_direction,0.3282414307004471,3,0.0008660254037844396,0.0007500000000000284,0.3343
qwen36-27b_think,dar__dcsbm__n500__f0__a0.1__c0.15|recent_history_k20|ws0|b800,dar::dcsbm::n500::f0,recent_history_k20,direction_only,0.1870342771982116,3,0.042524502740576904,0.03999999999999998,0.13166666666666668
qwen36-27b_think,dar__dcsbm__n500__f0__a0.1__c0.15|recent_history_k20|ws0|b800,dar::dcsbm::n500::f0,recent_history_k20,hidden,0.1870342771982116,3,0.011951150572225252,0.010349999999999998,0.0389
qwen36-27b_think,dar__dcsbm__n500__f0__a0.1__c0.15|recent_history_k20|ws0|b800,dar::dcsbm::n500::f0,recent_history_k20,mechanism,0.1870342771982116,3,0.28414153750082605,0.25250000000000006,0.19626666666666667
qwen36-27b_think,dar__dcsbm__n500__f0__a0.1__c0.15|recent_history_k20|ws0|b800,dar::dcsbm::n500::f0,recent_history_k20,mechanism_direction,0.1870342771982116,3,0.24524221360388457,0.23904999999999998,0.25323333333333337
qwen36-27b_think,dar__dcsbm__n500__f0__a0.1__c0.15|time_agnostic_t|ws0|b800,dar::dcsbm::n500::f0,time_agnostic_t,direction_only,0.2369597615499254,3,0.16441816606851364,0.155,0.19333333333333336
qwen36-27b_think,dar__dcsbm__n500__f0__a0.1__c0.15|time_agnostic_t|ws0|b800,dar::dcsbm::n500::f0,time_agnostic_t,hidden,0.2369597615499254,3,2.4826061575154696e-05,2.1500000000000685e-05,0.025185666666666665
qwen36-27b_think,dar__dcsbm__n500__f0__a0.1__c0.15|time_agnostic_t|ws0|b800,dar::dcsbm::n500::f0,time_agnostic_t,mechanism,0.2369597615499254,3,0.02081665999466133,0.01999999999999999,0.20333333333333334
qwen36-27b_think,dar__dcsbm__n500__f0__a0.1__c0.15|time_agnostic_t|ws0|b800,dar::dcsbm::n500::f0,time_agnostic_t,mechanism_direction,0.2369597615499254,3,0.005773502691896263,0.0050000000000000044,0.21666666666666667
qwen36-27b_think,dar__dcsbm__n500__f0__a0.1__c0.15|time_agnostic_t|ws0|b800,dar::dcsbm::n500::f0,time_agnostic_t,metadata_only,0.2369597615499254,3,0.1750238079043344,0.17499999999999993,0.4766666666666666
qwen36-27b_think,dar__dcsbm__n500__f0__a0.1__c0.15|time_agnostic_t|ws0|b800,dar::dcsbm::n500::f0,time_agnostic_t,mismatched,0.2369597615499254,3,1.9629909152446877e-05,1.6999999999999654e-05,0.012888666666666666
qwen36-27b_think,dar__dcsbm__n500__f0__a0.1__c0.15|time_respecting|ws0|b800,dar::dcsbm::n500::f0,time_respecting,direction_only,0.1594634873323397,3,0.15512592734076833,0.14980000000000004,0.20346666666666668
qwen36-27b_think,dar__dcsbm__n500__f0__a0.1__c0.15|time_respecting|ws0|b800,dar::dcsbm::n500::f0,time_respecting,hidden,0.1594634873323397,3,0.0013625466352875173,0.0011800000000000005,0.029613333333333335
qwen36-27b_think,dar__dcsbm__n500__f0__a0.1__c0.15|time_respecting|ws0|b800,dar::dcsbm::n500::f0,time_respecting,mechanism,0.1594634873323397,3,0.3966106403010389,0.385,0.36000000000000004
qwen36-27b_think,dar__dcsbm__n500__f0__a0.1__c0.15|time_respecting|ws0|b800,dar::dcsbm::n500::f0,time_respecting,mechanism_direction,0.1594634873323397,3,0.35218366420567176,0.325,0.39666666666666667
qwen36-27b_think,dar__dcsbm__n500__f0__a0.9__c0.15|event_sample_then_full_history|ss0|b9600,dar::dcsbm::n500::f0,event_sample_then_full_history,direction_only,1.0,3,0.0005291502622129018,0.000500000000000056,0.5853999999999999
qwen36-27b_think,dar__dcsbm__n500__f0__a0.9__c0.15|event_sample_then_full_history|ss0|b9600,dar::dcsbm::n500::f0,event_sample_then_full_history,hidden,1.0,3,0.15640421989191983,0.13550000000000006,0.7656
qwen36-27b_think,dar__dcsbm__n500__f0__a0.9__c0.15|event_sample_then_full_history|ss0|b9600,dar::dcsbm::n500::f0,event_sample_then_full_history,mechanism,1.0,3,0.009385272150200717,0.00824999999999998,0.5901666666666666
qwen36-27b_think,dar__dcsbm__n500__f0__a0.9__c0.15|event_sample_then_full_history|ss0|b9600,dar::dcsbm::n500::f0,event_sample_then_full_history,mechanism_direction,1.0,3,0.0005773502691896263,0.0004999999999999449,0.5853333333333333
qwen36-27b_think,dar__dcsbm__n500__f0__a0.9__c0.15|event_sample_then_full_history|ss0|b9600,dar::dcsbm::n500::f0,event_sample_then_full_history,mismatched,1.0,3,0.060277137733417085,0.06000000000000005,0.8566666666666668
qwen36-27b_think,dar__dcsbm__n500__f0__a0.9__c0.15|event_sample_then_full_history|ss1|b9600,dar::dcsbm::n500::f0,event_sample_then_full_history,hidden,1.0,3,0.15639451183891762,0.13664999999999994,0.7655666666666666
qwen36-27b_think,dar__dcsbm__n500__f0__a0.9__c0.15|event_sample_then_full_history|ss1|b9600,dar::dcsbm::n500::f0,event_sample_then_full_history,mechanism,1.0,3,0.005773502691896262,0.0050000000000000044,0.5883333333333333
qwen36-27b_think,dar__dcsbm__n500__f0__a0.9__c0.15|event_sample_then_full_history|ss2|b9600,dar::dcsbm::n500::f0,event_sample_then_full_history,hidden,1.0,3,0.0016512217698823146,0.0014299999999999313,0.8548466666666666
qwen36-27b_think,dar__dcsbm__n500__f0__a0.9__c0.15|event_sample_then_full_history|ss2|b9600,dar::dcsbm::n500::f0,event_sample_then_full_history,mechanism,1.0,3,0.0004618802153516498,0.00039999999999995595,0.5854666666666667
qwen36-27b_think,dar__dcsbm__n500__f0__a0.9__c0.15|event_sample_then_full_history|ss3|b9600,dar::dcsbm::n500::f0,event_sample_then_full_history,hidden,1.0,3,0.15631759337963214,0.13539999999999996,0.7655
qwen36-27b_think,dar__dcsbm__n500__f0__a0.9__c0.15|event_sample_then_full_history|ss3|b9600,dar::dcsbm::n500::f0,event_sample_then_full_history,mechanism,1.0,3,0.06339313842995943,0.05494999999999994,0.5485000000000001
qwen36-27b_think,dar__dcsbm__n500__f0__a0.9__c0.15|node_panel_full_history|ss0|b2500,dar::dcsbm::n500::f0,node_panel_full_history,direction_only,0.3377960865087538,3,0.0002309401076758249,0.00019999999999997797,0.8568333333333333
qwen36-27b_think,dar__dcsbm__n500__f0__a0.9__c0.15|node_panel_full_history|ss0|b2500,dar::dcsbm::n500::f0,node_panel_full_history,hidden,0.3377960865087538,3,0.16916994413902256,0.1482,0.7603
qwen36-27b_think,dar__dcsbm__n500__f0__a0.9__c0.15|node_panel_full_history|ss0|b2500,dar::dcsbm::n500::f0,node_panel_full_history,mechanism,0.3377960865087538,3,0.0,0.0,0.8567
qwen36-27b_think,dar__dcsbm__n500__f0__a0.9__c0.15|node_panel_full_history|ss0|b2500,dar::dcsbm::n500::f0,node_panel_full_history,mechanism_direction,0.3377960865087538,3,0.0010392304845413401,0.0009000000000000119,0.8561
qwen36-27b_think,dar__dcsbm__n500__f0__a0.9__c0.15|node_panel_full_history|ss1|b2500,dar::dcsbm::n500::f0,node_panel_full_history,hidden,0.3419155509783728,3,1.3597399555105182e-16,0.0,0.8523999999999999
qwen36-27b_think,dar__dcsbm__n500__f0__a0.9__c0.15|node_panel_full_history|ss1|b2500,dar::dcsbm::n500::f0,node_panel_full_history,mechanism,0.3419155509783728,3,1.3597399555105182e-16,0.0,0.8523999999999999
qwen36-27b_think,dar__dcsbm__n500__f0__a0.9__c0.15|node_panel_full_history|ss2|b2500,dar::dcsbm::n500::f0,node_panel_full_history,hidden,0.3398558187435633,3,0.0019218047073866274,0.0019000000000000128,0.8443333333333333
qwen36-27b_think,dar__dcsbm__n500__f0__a0.9__c0.15|node_panel_full_history|ss2|b2500,dar::dcsbm::n500::f0,node_panel_full_history,mechanism,0.3398558187435633,3,0.0,0.0,0.8455
qwen36-27b_think,dar__dcsbm__n500__f0__a0.9__c0.15|node_panel_full_history|ss3|b2500,dar::dcsbm::n500::f0,node_panel_full_history,hidden,0.3305870236869207,3,2.3094010767544028e-05,1.999999999990898e-05,0.8691866666666668
qwen36-27b_think,dar__dcsbm__n500__f0__a0.9__c0.15|node_panel_full_history|ss3|b2500,dar::dcsbm::n500::f0,node_panel_full_history,mechanism,0.3305870236869207,3,0.00015275252316517785,0.00014999999999998348,0.8691666666666666
qwen36-27b_think,dar__dcsbm__n500__f0__a0.9__c0.15|recent_history_k20|ws0|b800,dar::dcsbm::n500::f0,recent_history_k20,direction_only,0.3892893923789907,3,0.28266139342565577,0.25765000000000005,0.48423333333333335
qwen36-27b_think,dar__dcsbm__n500__f0__a0.9__c0.15|recent_history_k20|ws0|b800,dar::dcsbm::n500::f0,recent_history_k20,hidden,0.3892893923789907,3,0.0800784823366011,0.06935000000000002,0.2474666666666667
qwen36-27b_think,dar__dcsbm__n500__f0__a0.9__c0.15|recent_history_k20|ws0|b800,dar::dcsbm::n500::f0,recent_history_k20,mechanism,0.3892893923789907,3,0.07262527108383142,0.06935000000000002,0.21189999999999998
qwen36-27b_think,dar__dcsbm__n500__f0__a0.9__c0.15|recent_history_k20|ws0|b800,dar::dcsbm::n500::f0,recent_history_k20,mechanism_direction,0.3892893923789907,3,0.0560832714214616,0.04999999999999999,0.43533333333333335
qwen36-27b_think,dar__dcsbm__n500__f0__a0.9__c0.15|recent_history_k20|ws1|b800,dar::dcsbm::n500::f0,recent_history_k20,hidden,0.4098867147270855,3,0.015019774743095633,0.013014999999999999,0.30265666666666663
qwen36-27b_think,dar__dcsbm__n500__f0__a0.9__c0.15|recent_history_k20|ws1|b800,dar::dcsbm::n500::f0,recent_history_k20,mechanism,0.4098867147270855,3,0.07791921029716184,0.06794999999999998,0.20403333333333332
qwen36-27b_think,dar__dcsbm__n500__f0__a0.9__c0.15|recent_history_k20|ws2|b800,dar::dcsbm::n500::f0,recent_history_k20,hidden,0.3985581874356333,3,0.07552860385310986,0.06605000000000005,0.2342
qwen36-27b_think,dar__dcsbm__n500__f0__a0.9__c0.15|recent_history_k20|ws2|b800,dar::dcsbm::n500::f0,recent_history_k20,mechanism,0.3985581874356333,3,0.06658328118479394,0.06,0.2366666666666667
qwen36-27b_think,dar__dcsbm__n500__f0__a0.9__c0.15|recent_history_k20|ws3|b800,dar::dcsbm::n500::f0,recent_history_k20,hidden,0.3985581874356333,3,0.06627981090296904,0.05739999999999999,0.15606666666666666
qwen36-27b_think,dar__dcsbm__n500__f0__a0.9__c0.15|recent_history_k20|ws3|b800,dar::dcsbm::n500::f0,recent_history_k20,mechanism,0.3985581874356333,3,0.004272391992003225,0.003700000000000009,0.23506666666666667
qwen36-27b_think,dar__dcsbm__n500__f0__a0.9__c0.15|time_agnostic_t|ws0|b800,dar::dcsbm::n500::f0,time_agnostic_t,direction_only,0.0020597322348094,3,0.0,0.0,1.0
qwen36-27b_think,dar__dcsbm__n500__f0__a0.9__c0.15|time_agnostic_t|ws0|b800,dar::dcsbm::n500::f0,time_agnostic_t,hidden,0.0020597322348094,3,0.0,0.0,1.0
qwen36-27b_think,dar__dcsbm__n500__f0__a0.9__c0.15|time_agnostic_t|ws0|b800,dar::dcsbm::n500::f0,time_agnostic_t,mechanism,0.0020597322348094,3,0.0,0.0,1.0
qwen36-27b_think,dar__dcsbm__n500__f0__a0.9__c0.15|time_agnostic_t|ws0|b800,dar::dcsbm::n500::f0,time_agnostic_t,mechanism_direction,0.0020597322348094,3,0.0,0.0,1.0
qwen36-27b_think,dar__dcsbm__n500__f0__a0.9__c0.15|time_agnostic_t|ws0|b800,dar::dcsbm::n500::f0,time_agnostic_t,metadata_only,0.0020597322348094,3,0.09018499505645788,0.08999999999999997,0.41333333333333333
qwen36-27b_think,dar__dcsbm__n500__f0__a0.9__c0.15|time_agnostic_t|ws0|b800,dar::dcsbm::n500::f0,time_agnostic_t,mismatched,0.0020597322348094,3,0.0,0.0,1.0
qwen36-27b_think,dar__dcsbm__n500__f0__a0.9__c0.15|time_agnostic_t|ws1|b800,dar::dcsbm::n500::f0,time_agnostic_t,hidden,0.4304840370751802,3,0.08233014838644064,0.0713,0.2634666666666667
qwen36-27b_think,dar__dcsbm__n500__f0__a0.9__c0.15|time_agnostic_t|ws1|b800,dar::dcsbm::n500::f0,time_agnostic_t,mechanism,0.4304840370751802,3,0.037722672227720064,0.03649999999999998,0.761
qwen36-27b_think,dar__dcsbm__n500__f0__a0.9__c0.15|time_agnostic_t|ws2|b800,dar::dcsbm::n500::f0,time_agnostic_t,hidden,0.4418125643666323,3,0.0,0.0,0.3217
qwen36-27b_think,dar__dcsbm__n500__f0__a0.9__c0.15|time_agnostic_t|ws2|b800,dar::dcsbm::n500::f0,time_agnostic_t,mechanism,0.4418125643666323,3,0.0721110255092798,0.07000000000000006,0.82
qwen36-27b_think,dar__dcsbm__n500__f0__a0.9__c0.15|time_agnostic_t|ws3|b800,dar::dcsbm::n500::f0,time_agnostic_t,hidden,0.4521112255406797,3,0.0846454566609061,0.07380000000000003,0.2348666666666667
qwen36-27b_think,dar__dcsbm__n500__f0__a0.9__c0.15|time_agnostic_t|ws3|b800,dar::dcsbm::n500::f0,time_agnostic_t,mechanism,0.4521112255406797,3,0.028867513459481315,0.025000000000000022,0.8666666666666667
qwen36-27b_think,dar__dcsbm__n500__f0__a0.9__c0.15|time_respecting|ws0|b800,dar::dcsbm::n500::f0,time_respecting,direction_only,0.3738414006179196,3,0.014260551648983755,0.01235,0.17353333333333332
qwen36-27b_think,dar__dcsbm__n500__f0__a0.9__c0.15|time_respecting|ws0|b800,dar::dcsbm::n500::f0,time_respecting,hidden,0.3738414006179196,3,0.0001732050807568847,0.00014999999999998348,0.1652
qwen36-27b_think,dar__dcsbm__n500__f0__a0.9__c0.15|time_respecting|ws0|b800,dar::dcsbm::n500::f0,time_respecting,mechanism,0.3738414006179196,3,0.12009435179613291,0.1182,0.18953333333333333
qwen36-27b_think,dar__dcsbm__n500__f0__a0.9__c0.15|time_respecting|ws0|b800,dar::dcsbm::n500::f0,time_respecting,mechanism_direction,0.3738414006179196,3,0.2013289182738866,0.19999999999999996,0.7633333333333333
qwen36-27b_think,dar__dcsbm__n500__f0__a0.9__c0.15|time_respecting|ws1|b800,dar::dcsbm::n500::f0,time_respecting,hidden,0.3789907312049433,3,0.0321756118822937,0.029549999999999993,0.07719999999999999
qwen36-27b_think,dar__dcsbm__n500__f0__a0.9__c0.15|time_respecting|ws1|b800,dar::dcsbm::n500::f0,time_respecting,mechanism,0.3789907312049433,3,0.03120582210635274,0.027050000000000005,0.09603333333333332
qwen36-27b_think,dar__dcsbm__n500__f0__a0.9__c0.15|time_respecting|ws2|b800,dar::dcsbm::n500::f0,time_respecting,hidden,0.3635427394438723,3,0.0,0.0,0.1445
qwen36-27b_think,dar__dcsbm__n500__f0__a0.9__c0.15|time_respecting|ws2|b800,dar::dcsbm::n500::f0,time_respecting,mechanism,0.3635427394438723,3,0.03204293994002424,0.027750000000000025,0.163
qwen36-27b_think,dar__dcsbm__n500__f0__a0.9__c0.15|time_respecting|ws3|b800,dar::dcsbm::n500::f0,time_respecting,hidden,0.3707518022657055,3,0.0404145188432738,0.035,0.12666666666666668
qwen36-27b_think,dar__dcsbm__n500__f0__a0.9__c0.15|time_respecting|ws3|b800,dar::dcsbm::n500::f0,time_respecting,mechanism,0.3707518022657055,3,0.08621678104251711,0.08499999999999996,0.6633333333333332
qwen36-27b_think,real__snap_bitcoin_otc|event_sample_then_full_history|ss0|b9600,real::snap_bitcoin_otc,event_sample_then_full_history,direction_only,0.2523729759910664,3,0.005138417395787669,0.004450000000000001,0.01806666666666667
qwen36-27b_think,real__snap_bitcoin_otc|event_sample_then_full_history|ss0|b9600,real::snap_bitcoin_otc,event_sample_then_full_history,hidden,0.2523729759910664,3,0.0032508665511419162,0.0028399999999999988,0.025926666666666667
qwen36-27b_think,real__snap_bitcoin_otc|event_sample_then_full_history|ss0|b9600,real::snap_bitcoin_otc,event_sample_then_full_history,mechanism,0.2523729759910664,3,1.7897858344878272e-05,1.5499999999998154e-05,0.02411033333333333
qwen36-27b_think,real__snap_bitcoin_otc|event_sample_then_full_history|ss0|b9600,real::snap_bitcoin_otc,event_sample_then_full_history,mechanism_direction,0.2523729759910664,3,7.505553499465028e-05,6.499999999999909e-05,0.024086666666666662
qwen36-27b_think,real__snap_bitcoin_otc|event_sample_then_full_history|ss0|b9600,real::snap_bitcoin_otc,event_sample_then_full_history,mismatched,0.2523729759910664,3,0.008544003745317531,0.008500000000000008,0.069
qwen36-27b_think,real__snap_bitcoin_otc|event_sample_then_full_history|ss1|b9600,real::snap_bitcoin_otc,event_sample_then_full_history,hidden,0.2520472734040573,3,6.806859285553633e-06,6.499999999999562e-06,0.031007666666666666
qwen36-27b_think,real__snap_bitcoin_otc|event_sample_then_full_history|ss1|b9600,real::snap_bitcoin_otc,event_sample_then_full_history,mechanism,0.2520472734040573,3,2.309401076758409e-05,1.9999999999999185e-05,0.02527333333333333
qwen36-27b_think,real__snap_bitcoin_otc|event_sample_then_full_history|ss2|b9600,real::snap_bitcoin_otc,event_sample_then_full_history,hidden,0.2522799181090638,3,0.013971876514388942,0.0121,0.036866666666666666
qwen36-27b_think,real__snap_bitcoin_otc|event_sample_then_full_history|ss2|b9600,real::snap_bitcoin_otc,event_sample_then_full_history,mechanism,0.2522799181090638,3,5.773502691902031e-07,5.000000000005e-07,0.023399666666666666
qwen36-27b_think,real__snap_bitcoin_otc|event_sample_then_full_history|ss3|b9600,real::snap_bitcoin_otc,event_sample_then_full_history,hidden,0.2509771077610274,3,2.020725942163708e-05,1.7500000000000154e-05,0.02837666666666667
qwen36-27b_think,real__snap_bitcoin_otc|event_sample_then_full_history|ss3|b9600,real::snap_bitcoin_otc,event_sample_then_full_history,mechanism,0.2509771077610274,3,2.886751345949013e-06,2.4999999999990308e-06,0.023246666666666665
qwen36-27b_think,real__snap_bitcoin_otc|node_panel_full_history|ss0|b2500,real::snap_bitcoin_otc,node_panel_full_history,direction_only,0.0673739065698864,3,2.1245936804851847e-18,0.0,0.012430000000000002
qwen36-27b_think,real__snap_bitcoin_otc|node_panel_full_history|ss0|b2500,real::snap_bitcoin_otc,node_panel_full_history,hidden,0.0673739065698864,3,5.773502691892016e-07,4.999999999987653e-07,0.012430666666666666
qwen36-27b_think,real__snap_bitcoin_otc|node_panel_full_history|ss0|b2500,real::snap_bitcoin_otc,node_panel_full_history,mechanism,0.0673739065698864,3,1.7320508075689068e-05,1.5000000000001124e-05,0.01242
qwen36-27b_think,real__snap_bitcoin_otc|node_panel_full_history|ss0|b2500,real::snap_bitcoin_otc,node_panel_full_history,mechanism_direction,0.0673739065698864,3,5.773502691892016e-07,5.000000000005e-07,0.012430333333333333
qwen36-27b_think,real__snap_bitcoin_otc|node_panel_full_history|ss1|b2500,real::snap_bitcoin_otc,node_panel_full_history,hidden,0.0679322538619021,3,0.00357957166897568,0.0030999999999999986,0.025333333333333333
qwen36-27b_think,real__snap_bitcoin_otc|node_panel_full_history|ss1|b2500,real::snap_bitcoin_otc,node_panel_full_history,mechanism,0.0679322538619021,3,1.7320508075686063e-06,1.5000000000015001e-06,0.027398999999999996
qwen36-27b_think,real__snap_bitcoin_otc|node_panel_full_history|ss2|b2500,real::snap_bitcoin_otc,node_panel_full_history,hidden,0.0626279545877535,3,0.00594815167369943,0.005152500000000004,0.03816833333333333
qwen36-27b_think,real__snap_bitcoin_otc|node_panel_full_history|ss2|b2500,real::snap_bitcoin_otc,node_panel_full_history,mechanism,0.0626279545877535,3,2.886751345951016e-06,2.5000000000025002e-06,0.04160166666666667
qwen36-27b_think,real__snap_bitcoin_otc|node_panel_full_history|ss3|b2500,real::snap_bitcoin_otc,node_panel_full_history,hidden,0.0691420063279359,3,0.0034716315088634234,0.0030129999999999983,0.022208666666666668
qwen36-27b_think,real__snap_bitcoin_otc|node_panel_full_history|ss3|b2500,real::snap_bitcoin_otc,node_panel_full_history,mechanism,0.0691420063279359,3,2.3094010767588093e-06,1.9999999999985307e-06,0.024227333333333333
qwen36-27b_think,real__snap_bitcoin_otc|recent_history_k20|ws0|b800,real::snap_bitcoin_otc,recent_history_k20,direction_only,0.0286152987158012,3,0.16644362408935948,0.1531,0.39540000000000003
qwen36-27b_think,real__snap_bitcoin_otc|recent_history_k20|ws0|b800,real::snap_bitcoin_otc,recent_history_k20,hidden,0.0286152987158012,3,0.0,0.0,0.0
qwen36-27b_think,real__snap_bitcoin_otc|recent_history_k20|ws0|b800,real::snap_bitcoin_otc,recent_history_k20,mechanism,0.0286152987158012,3,0.0,0.0,0.0
qwen36-27b_think,real__snap_bitcoin_otc|recent_history_k20|ws0|b800,real::snap_bitcoin_otc,recent_history_k20,mechanism_direction,0.0286152987158012,3,0.1449183678259362,0.12600000000000003,0.2326666666666667
qwen36-27b_think,real__snap_bitcoin_otc|recent_history_k20|ws1|b800,real::snap_bitcoin_otc,recent_history_k20,hidden,0.0298715801228364,3,1.2742872517607699e-06,1.183999999999994e-06,0.001558544
qwen36-27b_think,real__snap_bitcoin_otc|recent_history_k20|ws1|b800,real::snap_bitcoin_otc,recent_history_k20,mechanism,0.0298715801228364,3,0.00023094010767585029,0.00019999999999999987,0.0017333333333333333
qwen36-27b_think,real__snap_bitcoin_otc|recent_history_k20|ws2|b800,real::snap_bitcoin_otc,recent_history_k20,hidden,0.0286618276568025,3,0.0,0.0,0.001623
qwen36-27b_think,real__snap_bitcoin_otc|recent_history_k20|ws2|b800,real::snap_bitcoin_otc,recent_history_k20,mechanism,0.0286618276568025,3,0.04495390231485286,0.0442,0.050533333333333326
qwen36-27b_think,real__snap_bitcoin_otc|recent_history_k20|ws3|b800,real::snap_bitcoin_otc,recent_history_k20,hidden,0.0286618276568025,3,0.0,0.0,0.0
qwen36-27b_think,real__snap_bitcoin_otc|recent_history_k20|ws3|b800,real::snap_bitcoin_otc,recent_history_k20,mechanism,0.0286618276568025,3,0.3196211090233768,0.2768,0.18453333333333333
qwen36-27b_think,real__snap_bitcoin_otc|time_agnostic_t|ws0|b800,real::snap_bitcoin_otc,time_agnostic_t,direction_only,0.0318723245858924,3,0.07899578047803144,0.07450000000000001,0.08966666666666667
qwen36-27b_think,real__snap_bitcoin_otc|time_agnostic_t|ws0|b800,real::snap_bitcoin_otc,time_agnostic_t,hidden,0.0318723245858924,3,0.0,0.0,0.0
qwen36-27b_think,real__snap_bitcoin_otc|time_agnostic_t|ws0|b800,real::snap_bitcoin_otc,time_agnostic_t,mechanism,0.0318723245858924,3,0.0,0.0,0.0
qwen36-27b_think,real__snap_bitcoin_otc|time_agnostic_t|ws0|b800,real::snap_bitcoin_otc,time_agnostic_t,mechanism_direction,0.0318723245858924,3,0.0,0.0,0.0
qwen36-27b_think,real__snap_bitcoin_otc|time_agnostic_t|ws0|b800,real::snap_bitcoin_otc,time_agnostic_t,metadata_only,0.0318723245858924,3,0.052915026221291815,0.050000000000000044,0.26
qwen36-27b_think,real__snap_bitcoin_otc|time_agnostic_t|ws0|b800,real::snap_bitcoin_otc,time_agnostic_t,mismatched,0.0318723245858924,3,0.0,0.0,0.0
qwen36-27b_think,real__snap_bitcoin_otc|time_agnostic_t|ws1|b800,real::snap_bitcoin_otc,time_agnostic_t,hidden,0.0304764563558533,3,0.0005542562584220406,0.00047999999999999996,0.00121
qwen36-27b_think,real__snap_bitcoin_otc|time_agnostic_t|ws1|b800,real::snap_bitcoin_otc,time_agnostic_t,mechanism,0.0304764563558533,3,0.0,0.0,0.015
qwen36-27b_think,real__snap_bitcoin_otc|time_agnostic_t|ws2|b800,real::snap_bitcoin_otc,time_agnostic_t,hidden,0.0311278615298715,3,0.0,0.0,0.0
qwen36-27b_think,real__snap_bitcoin_otc|time_agnostic_t|ws2|b800,real::snap_bitcoin_otc,time_agnostic_t,mechanism,0.0311278615298715,3,0.0,0.0,0.0
qwen36-27b_think,real__snap_bitcoin_otc|time_agnostic_t|ws3|b800,real::snap_bitcoin_otc,time_agnostic_t,hidden,0.0311278615298715,3,2.955384915708938e-06,2.6150000000000825e-06,0.0014965900000000001
qwen36-27b_think,real__snap_bitcoin_otc|time_agnostic_t|ws3|b800,real::snap_bitcoin_otc,time_agnostic_t,mechanism,0.0311278615298715,3,0.45437466185223546,0.3935,0.2793333333333334
qwen36-27b_think,real__snap_bitcoin_otc|time_respecting|ws0|b800,real::snap_bitcoin_otc,time_respecting,direction_only,0.022287362739624,3,0.3607233473637842,0.359,0.3793333333333333
qwen36-27b_think,real__snap_bitcoin_otc|time_respecting|ws0|b800,real::snap_bitcoin_otc,time_respecting,hidden,0.022287362739624,3,0.0,0.0,0.0
qwen36-27b_think,real__snap_bitcoin_otc|time_respecting|ws0|b800,real::snap_bitcoin_otc,time_respecting,mechanism,0.022287362739624,3,0.0,0.0,0.0
qwen36-27b_think,real__snap_bitcoin_otc|time_respecting|ws0|b800,real::snap_bitcoin_otc,time_respecting,mechanism_direction,0.022287362739624,3,0.3981921646642485,0.3755,0.299
qwen36-27b_think,real__snap_bitcoin_otc|time_respecting|ws1|b800,real::snap_bitcoin_otc,time_respecting,hidden,0.0230783547366461,3,0.0,0.0,0.0
qwen36-27b_think,real__snap_bitcoin_otc|time_respecting|ws1|b800,real::snap_bitcoin_otc,time_respecting,mechanism,0.0230783547366461,3,0.0,0.0,0.0
qwen36-27b_think,real__snap_bitcoin_otc|time_respecting|ws2|b800,real::snap_bitcoin_otc,time_respecting,hidden,0.0220547180346175,3,1.1547005383792546e-05,1.000000000000046e-05,0.004206666666666667
qwen36-27b_think,real__snap_bitcoin_otc|time_respecting|ws2|b800,real::snap_bitcoin_otc,time_respecting,mechanism,0.0220547180346175,3,0.3327852360507198,0.2885,0.19573333333333331
qwen36-27b_think,real__snap_bitcoin_otc|time_respecting|ws3|b800,real::snap_bitcoin_otc,time_respecting,hidden,0.0228922389726409,3,0.0,0.0,0.0
qwen36-27b_think,real__snap_bitcoin_otc|time_respecting|ws3|b800,real::snap_bitcoin_otc,time_respecting,mechanism,0.0228922389726409,3,0.0,0.0,0.0
qwen36-27b_think,real__snap_collegemsg|event_sample_then_full_history|ss0|b9600,real::snap_collegemsg,event_sample_then_full_history,hidden,0.0445151033386327,3,0.008158635506831595,0.007849999999999996,0.24913333333333332
qwen36-27b_think,real__snap_collegemsg|event_sample_then_full_history|ss0|b9600,real::snap_collegemsg,event_sample_then_full_history,mechanism_direction,0.0445151033386327,3,1.6996749443881478e-17,0.0,0.09000000000000001
qwen36-27b_think,real__snap_collegemsg|event_sample_then_full_history|ss0|b9600,real::snap_collegemsg,event_sample_then_full_history,mismatched,0.0445151033386327,3,0.09291573243177566,0.08999999999999997,0.47666666666666674
qwen36-27b_think,real__snap_collegemsg|event_sample_then_full_history|ss1|b9600,real::snap_collegemsg,event_sample_then_full_history,hidden,0.0401792166498048,3,0.10158426715458124,0.08915000000000001,0.2182666666666667
qwen36-27b_think,real__snap_collegemsg|event_sample_then_full_history|ss1|b9600,real::snap_collegemsg,event_sample_then_full_history,mechanism,0.0401792166498048,3,0.029444863728670907,0.025499999999999995,0.118
qwen36-27b_think,real__snap_collegemsg|event_sample_then_full_history|ss2|b9600,real::snap_collegemsg,event_sample_then_full_history,hidden,0.0448041624512212,3,0.10426717284617117,0.09194999999999998,0.2103333333333333
qwen36-27b_think,real__snap_collegemsg|event_sample_then_full_history|ss2|b9600,real::snap_collegemsg,event_sample_then_full_history,mechanism,0.0448041624512212,3,0.0008962886439832474,0.0007999999999999952,0.09086666666666667
qwen36-27b_think,real__snap_collegemsg|event_sample_then_full_history|ss3|b9600,real::snap_collegemsg,event_sample_then_full_history,hidden,0.0422026304379245,3,0.007014983962918246,0.006950000000000012,0.24939999999999998
qwen36-27b_think,real__snap_collegemsg|event_sample_then_full_history|ss3|b9600,real::snap_collegemsg,event_sample_then_full_history,mechanism,0.0422026304379245,3,0.001734935157289747,0.001700000000000007,0.08750000000000001
qwen36-27b_think,real__snap_collegemsg|node_panel_full_history|ss0|b2500,real::snap_collegemsg,node_panel_full_history,direction_only,0.0376499494146553,3,0.0006957250414735243,0.0006050000000000083,0.08309666666666667
qwen36-27b_think,real__snap_collegemsg|node_panel_full_history|ss0|b2500,real::snap_collegemsg,node_panel_full_history,hidden,0.0376499494146553,3,6.639528095680126e-05,5.7500000000001994e-05,0.08453833333333334
qwen36-27b_think,real__snap_collegemsg|node_panel_full_history|ss0|b2500,real::snap_collegemsg,node_panel_full_history,mechanism,0.0376499494146553,3,0.0011622535581074073,0.0011000000000000038,0.08488333333333332
qwen36-27b_think,real__snap_collegemsg|node_panel_full_history|ss0|b2500,real::snap_collegemsg,node_panel_full_history,mechanism_direction,0.0376499494146553,3,0.00206691396369886,0.00179,0.08330666666666668
qwen36-27b_think,real__snap_collegemsg|node_panel_full_history|ss1|b2500,real::snap_collegemsg,node_panel_full_history,hidden,0.033097268391386,3,0.0015307950004273371,0.0014500000000000068,0.09466666666666666
qwen36-27b_think,real__snap_collegemsg|node_panel_full_history|ss1|b2500,real::snap_collegemsg,node_panel_full_history,mechanism,0.033097268391386,3,0.0011846237095944592,0.0010500000000000093,0.09326666666666666
qwen36-27b_think,real__snap_collegemsg|node_panel_full_history|ss2|b2500,real::snap_collegemsg,node_panel_full_history,hidden,0.0466830466830466,3,0.0,0.0,0.1393
qwen36-27b_think,real__snap_collegemsg|node_panel_full_history|ss2|b2500,real::snap_collegemsg,node_panel_full_history,mechanism,0.0466830466830466,3,0.0,0.0,0.1393
qwen36-27b_think,real__snap_collegemsg|node_panel_full_history|ss3|b2500,real::snap_collegemsg,node_panel_full_history,hidden,0.032013296719179,3,0.03671013927150554,0.035512,0.07424133333333334
qwen36-27b_think,real__snap_collegemsg|node_panel_full_history|ss3|b2500,real::snap_collegemsg,node_panel_full_history,mechanism,0.032013296719179,3,0.0012529964086141678,0.0012500000000000011,0.1161
qwen36-27b_think,real__snap_collegemsg|recent_history_k20|ws0|b800,real::snap_collegemsg,recent_history_k20,direction_only,0.0392397745338921,3,0.1234680660467853,0.12340000000000001,0.12473333333333332
qwen36-27b_think,real__snap_collegemsg|recent_history_k20|ws0|b800,real::snap_collegemsg,recent_history_k20,hidden,0.0392397745338921,3,0.0,0.0,0.0037
qwen36-27b_think,real__snap_collegemsg|recent_history_k20|ws0|b800,real::snap_collegemsg,recent_history_k20,mechanism,0.0392397745338921,3,0.12999049965285928,0.11265,0.07890000000000001
qwen36-27b_think,real__snap_collegemsg|recent_history_k20|ws0|b800,real::snap_collegemsg,recent_history_k20,mechanism_direction,0.0392397745338921,3,0.4540282516907217,0.3932,0.47573333333333334
qwen36-27b_think,real__snap_collegemsg|recent_history_k20|ws1|b800,real::snap_collegemsg,recent_history_k20,hidden,0.0422026304379245,3,0.0,0.0,0.00856
qwen36-27b_think,real__snap_collegemsg|recent_history_k20|ws1|b800,real::snap_collegemsg,recent_history_k20,mechanism,0.0422026304379245,3,0.0026558112382722783,0.0023,0.007066666666666666
qwen36-27b_think,real__snap_collegemsg|recent_history_k20|ws2|b800,real::snap_collegemsg,recent_history_k20,hidden,0.0416245122127475,3,0.0011373800303035627,0.0009849999999999998,0.002813333333333333
qwen36-27b_think,real__snap_collegemsg|recent_history_k20|ws2|b800,real::snap_collegemsg,recent_history_k20,mechanism,0.0416245122127475,3,0.002598076211353316,0.00225,0.005
qwen36-27b_think,real__snap_collegemsg|recent_history_k20|ws3|b800,real::snap_collegemsg,recent_history_k20,hidden,0.0430698077756901,3,5.773502691896022e-06,4.999999999999796e-06,0.006706666666666666
qwen36-27b_think,real__snap_collegemsg|recent_history_k20|ws3|b800,real::snap_collegemsg,recent_history_k20,mechanism,0.0430698077756901,3,0.002203028218914441,0.002,0.0044666666666666665
qwen36-27b_think,real__snap_collegemsg|time_agnostic_t|ws0|b800,real::snap_collegemsg,time_agnostic_t,direction_only,0.0518861107096401,3,0.2522891375607219,0.2505036211699164,0.23459758588672233
qwen36-27b_think,real__snap_collegemsg|time_agnostic_t|ws0|b800,real::snap_collegemsg,time_agnostic_t,hidden,0.0518861107096401,3,5.131601439446903e-06,5.000000000000013e-06,0.0013943333333333334
qwen36-27b_think,real__snap_collegemsg|time_agnostic_t|ws0|b800,real::snap_collegemsg,time_agnostic_t,mechanism,0.0518861107096401,3,0.006658328118479392,0.006499999999999999,0.024333333333333332
qwen36-27b_think,real__snap_collegemsg|time_agnostic_t|ws0|b800,real::snap_collegemsg,time_agnostic_t,mechanism_direction,0.0518861107096401,3,0.0020816659994661326,0.0019999999999999983,0.027666666666666662
qwen36-27b_think,real__snap_collegemsg|time_agnostic_t|ws0|b800,real::snap_collegemsg,time_agnostic_t,metadata_only,0.0518861107096401,3,0.22546248764114474,0.22500000000000003,0.43333333333333335
qwen36-27b_think,real__snap_collegemsg|time_agnostic_t|ws0|b800,real::snap_collegemsg,time_agnostic_t,mismatched,0.0518861107096401,3,2.778488797889966e-06,2.5000000000000066e-06,0.0007368
qwen36-27b_think,real__snap_collegemsg|time_agnostic_t|ws1|b800,real::snap_collegemsg,time_agnostic_t,hidden,0.0528978176036999,3,1.8475208614067974e-05,1.5999999999999955e-05,0.002721333333333334
qwen36-27b_think,real__snap_collegemsg|time_agnostic_t|ws1|b800,real::snap_collegemsg,time_agnostic_t,mechanism,0.0528978176036999,3,0.06658328118479392,0.06,0.10333333333333333
qwen36-27b_think,real__snap_collegemsg|time_agnostic_t|ws2|b800,real::snap_collegemsg,time_agnostic_t,hidden,0.05239196415667,3,3.348631561299823e-05,2.900000000000038e-05,0.004157333333333333
qwen36-27b_think,real__snap_collegemsg|time_agnostic_t|ws2|b800,real::snap_collegemsg,time_agnostic_t,mechanism,0.05239196415667,3,0.006806859285554044,0.006499999999999992,0.07766666666666668
qwen36-27b_think,real__snap_collegemsg|time_agnostic_t|ws3|b800,real::snap_collegemsg,time_agnostic_t,hidden,0.0527532880474056,3,2.309401076758484e-05,1.999999999999962e-05,0.0027266666666666667
qwen36-27b_think,real__snap_collegemsg|time_agnostic_t|ws3|b800,real::snap_collegemsg,time_agnostic_t,mechanism,0.0527532880474056,3,0.0005773502691896263,0.0005000000000000004,0.06333333333333334
qwen36-27b_think,real__snap_collegemsg|time_respecting|ws0|b800,real::snap_collegemsg,time_respecting,direction_only,0.0267379679144385,3,0.11783718994160262,0.10205,0.11393333333333333
qwen36-27b_think,real__snap_collegemsg|time_respecting|ws0|b800,real::snap_collegemsg,time_respecting,hidden,0.0267379679144385,3,2.6558112382721305e-05,2.3000000000002185e-05,0.045915333333333336
qwen36-27b_think,real__snap_collegemsg|time_respecting|ws0|b800,real::snap_collegemsg,time_respecting,mechanism,0.0267379679144385,3,0.0005773502691896262,0.0005000000000000004,0.020666666666666667
qwen36-27b_think,real__snap_collegemsg|time_respecting|ws0|b800,real::snap_collegemsg,time_respecting,mechanism_direction,0.0267379679144385,3,0.36170890690351176,0.325,0.3333333333333333
qwen36-27b_think,real__snap_collegemsg|time_respecting|ws1|b800,real::snap_collegemsg,time_respecting,hidden,0.0266657031362913,3,0.0,0.0,0.03523
qwen36-27b_think,real__snap_collegemsg|time_respecting|ws1|b800,real::snap_collegemsg,time_respecting,mechanism,0.0266657031362913,3,0.0015588457268119903,0.001349999999999997,0.034300000000000004
qwen36-27b_think,real__snap_collegemsg|time_respecting|ws2|b800,real::snap_collegemsg,time_respecting,hidden,0.0258707905766729,3,0.019337193832956564,0.01675,0.03632866666666667
qwen36-27b_think,real__snap_collegemsg|time_respecting|ws2|b800,real::snap_collegemsg,time_respecting,mechanism,0.0258707905766729,3,0.028063915146203912,0.02650000000000001,0.058166666666666665
qwen36-27b_think,real__snap_collegemsg|time_respecting|ws3|b800,real::snap_collegemsg,time_respecting,hidden,0.0255817314640844,3,0.0,0.0,0.0339
qwen36-27b_think,real__snap_collegemsg|time_respecting|ws3|b800,real::snap_collegemsg,time_respecting,mechanism,0.0255817314640844,3,0.0014189197769195168,0.0013999999999999985,0.015266666666666664
qwen36-27b_think,real__snap_email_eu|event_sample_then_full_history|ss0|b9600,real::snap_email_eu,event_sample_then_full_history,direction_only,0.0026767928286852,3,0.15703927321957822,0.136,0.7396666666666668
qwen36-27b_think,real__snap_email_eu|event_sample_then_full_history|ss0|b9600,real::snap_email_eu,event_sample_then_full_history,hidden,0.0026767928286852,3,0.18438988542035956,0.15987200000000001,0.8699146666666667
qwen36-27b_think,real__snap_email_eu|event_sample_then_full_history|ss0|b9600,real::snap_email_eu,event_sample_then_full_history,mechanism,0.0026767928286852,3,0.0013076696830621854,0.0011999999999999789,0.6496000000000001
qwen36-27b_think,real__snap_email_eu|event_sample_then_full_history|ss0|b9600,real::snap_email_eu,event_sample_then_full_history,mechanism_direction,0.0026767928286852,3,0.00017320508075686865,0.00014999999999998348,0.6488
qwen36-27b_think,real__snap_email_eu|event_sample_then_full_history|ss0|b9600,real::snap_email_eu,event_sample_then_full_history,mismatched,0.0026767928286852,3,0.010408329997330672,0.010000000000000009,0.9916666666666667
qwen36-27b_think,real__snap_email_eu|node_panel_full_history|ss0|b2500,real::snap_email_eu,node_panel_full_history,direction_only,0.0166210159362549,3,6.798699777552591e-17,0.0,0.4568999999999999
qwen36-27b_think,real__snap_email_eu|node_panel_full_history|ss0|b2500,real::snap_email_eu,node_panel_full_history,hidden,0.0166210159362549,3,0.16385203691135486,0.14195000000000002,0.2677
qwen36-27b_think,real__snap_email_eu|node_panel_full_history|ss0|b2500,real::snap_email_eu,node_panel_full_history,mechanism,0.0166210159362549,3,0.1628735808329065,0.14154999999999995,0.3618666666666667
qwen36-27b_think,real__snap_email_eu|node_panel_full_history|ss0|b2500,real::snap_email_eu,node_panel_full_history,mechanism_direction,0.0166210159362549,3,1.6743157806499868e-05,1.4500000000028379e-05,0.4569096666666666
qwen36-27b_think,real__snap_email_eu|recent_history_k20|ws0|b800,real::snap_email_eu,recent_history_k20,direction_only,0.0328685258964143,3,0.4240908078859212,0.3824,0.3617333333333333
qwen36-27b_think,real__snap_email_eu|recent_history_k20|ws0|b800,real::snap_email_eu,recent_history_k20,hidden,0.0328685258964143,3,0.02894083694366837,0.025063499999999996,0.051808999999999994
qwen36-27b_think,real__snap_email_eu|recent_history_k20|ws0|b800,real::snap_email_eu,recent_history_k20,mechanism,0.0328685258964143,3,0.02707397274136177,0.024999999999999994,0.05400000000000001
qwen36-27b_think,real__snap_email_eu|recent_history_k20|ws0|b800,real::snap_email_eu,recent_history_k20,mechanism_direction,0.0328685258964143,3,0.13556184320572412,0.1174,0.16346666666666668
qwen36-27b_think,real__snap_email_eu|time_agnostic_t|ws0|b800,real::snap_email_eu,time_agnostic_t,direction_only,0.0470617529880478,3,0.1501110699893027,0.14999999999999997,0.26333333333333336
qwen36-27b_think,real__snap_email_eu|time_agnostic_t|ws0|b800,real::snap_email_eu,time_agnostic_t,hidden,0.0470617529880478,3,1.1547005383792045e-05,9.999999999999593e-06,0.010593333333333335
qwen36-27b_think,real__snap_email_eu|time_agnostic_t|ws0|b800,real::snap_email_eu,time_agnostic_t,mechanism,0.0470617529880478,3,0.12932517156377565,0.12750000000000006,0.41500000000000004
qwen36-27b_think,real__snap_email_eu|time_agnostic_t|ws0|b800,real::snap_email_eu,time_agnostic_t,mechanism_direction,0.0470617529880478,3,0.055677643628300216,0.05500000000000005,0.35999999999999993
qwen36-27b_think,real__snap_email_eu|time_agnostic_t|ws0|b800,real::snap_email_eu,time_agnostic_t,metadata_only,0.0470617529880478,3,0.13453624047073712,0.12999999999999995,0.5099999999999999
qwen36-27b_think,real__snap_email_eu|time_agnostic_t|ws0|b800,real::snap_email_eu,time_agnostic_t,mismatched,0.0470617529880478,3,2.3094010767585092e-05,2.0000000000000052e-05,0.005426666666666667
qwen36-27b_think,real__snap_email_eu|time_respecting|ws0|b800,real::snap_email_eu,time_respecting,direction_only,0.0288844621513944,3,0.08646964785403026,0.083,0.123
qwen36-27b_think,real__snap_email_eu|time_respecting|ws0|b800,real::snap_email_eu,time_respecting,hidden,0.0288844621513944,3,0.001163457490986816,0.001015000000000002,0.055343333333333335
qwen36-27b_think,real__snap_email_eu|time_respecting|ws0|b800,real::snap_email_eu,time_respecting,mechanism,0.0288844621513944,3,0.0,0.0,0.056
qwen36-27b_think,real__snap_email_eu|time_respecting|ws0|b800,real::snap_email_eu,time_respecting,mechanism_direction,0.0288844621513944,3,0.5138813903356818,0.4687500000000001,0.4031666666666667
qwen36-27b_think,real__snap_mathoverflow|event_sample_then_full_history|ss0|b9600,real::snap_mathoverflow,event_sample_then_full_history,direction_only,0.0083197684933984,3,0.08793368713600797,0.08199999999999999,0.17633333333333331
qwen36-27b_think,real__snap_mathoverflow|event_sample_then_full_history|ss0|b9600,real::snap_mathoverflow,event_sample_then_full_history,hidden,0.0083197684933984,3,0.020412332873371762,0.017850000000000033,0.22956666666666667
qwen36-27b_think,real__snap_mathoverflow|event_sample_then_full_history|ss0|b9600,real::snap_mathoverflow,event_sample_then_full_history,mechanism,0.0083197684933984,3,0.0012055427546683413,0.0011999999999999927,0.07286666666666668
qwen36-27b_think,real__snap_mathoverflow|event_sample_then_full_history|ss0|b9600,real::snap_mathoverflow,event_sample_then_full_history,mismatched,0.0083197684933984,3,0.39757766536866734,0.36499999999999994,0.424
qwen36-27b_think,real__snap_mathoverflow|node_panel_full_history|ss0|b2500,real::snap_mathoverflow,node_panel_full_history,direction_only,0.0070111604055621,3,0.0012418808316420702,0.0010760000000000006,0.051634000000000006
qwen36-27b_think,real__snap_mathoverflow|node_panel_full_history|ss0|b2500,real::snap_mathoverflow,node_panel_full_history,hidden,0.0070111604055621,3,0.018749466659081265,0.01625,0.041550000000000004
qwen36-27b_think,real__snap_mathoverflow|node_panel_full_history|ss0|b2500,real::snap_mathoverflow,node_panel_full_history,mechanism,0.0070111604055621,3,2.8867513459482116e-05,2.5000000000004186e-05,0.05236666666666667
qwen36-27b_think,real__snap_mathoverflow|node_panel_full_history|ss0|b2500,real::snap_mathoverflow,node_panel_full_history,mechanism_direction,0.0070111604055621,3,0.00042912274856191774,0.00038350000000000883,0.05212766666666666
qwen36-27b_think,real__snap_mathoverflow|recent_history_k20|ws0|b800,real::snap_mathoverflow,recent_history_k20,direction_only,0.0037715574564063,3,0.1153603629212969,0.10999999999999999,0.4699333333333333
qwen36-27b_think,real__snap_mathoverflow|recent_history_k20|ws0|b800,real::snap_mathoverflow,recent_history_k20,hidden,0.0037715574564063,3,0.0009298818921418642,0.0008105,0.002273666666666667
qwen36-27b_think,real__snap_mathoverflow|recent_history_k20|ws0|b800,real::snap_mathoverflow,recent_history_k20,mechanism,0.0037715574564063,3,0.002996464583471662,0.0026,0.00454
qwen36-27b_think,real__snap_mathoverflow|recent_history_k20|ws0|b800,real::snap_mathoverflow,recent_history_k20,mechanism_direction,0.0037715574564063,3,0.2795609653247988,0.25299999999999995,0.18733333333333335
qwen36-27b_think,real__snap_mathoverflow|time_agnostic_t|ws0|b800,real::snap_mathoverflow,time_agnostic_t,direction_only,0.003968380624089,3,0.3351673661520962,0.305,0.22476666666666667
qwen36-27b_think,real__snap_mathoverflow|time_agnostic_t|ws0|b800,real::snap_mathoverflow,time_agnostic_t,hidden,0.003968380624089,3,0.0,0.0,0.0
qwen36-27b_think,real__snap_mathoverflow|time_agnostic_t|ws0|b800,real::snap_mathoverflow,time_agnostic_t,mechanism,0.003968380624089,3,0.0,0.0,0.0
qwen36-27b_think,real__snap_mathoverflow|time_agnostic_t|ws0|b800,real::snap_mathoverflow,time_agnostic_t,mechanism_direction,0.003968380624089,3,0.4526426110446666,0.392,0.26133333333333336
qwen36-27b_think,real__snap_mathoverflow|time_agnostic_t|ws0|b800,real::snap_mathoverflow,time_agnostic_t,metadata_only,0.003968380624089,3,0.06557438524301999,0.06499999999999995,0.29
qwen36-27b_think,real__snap_mathoverflow|time_agnostic_t|ws0|b800,real::snap_mathoverflow,time_agnostic_t,mismatched,0.003968380624089,3,0.0,0.0,0.0
qwen36-27b_think,real__snap_mathoverflow|time_respecting|ws0|b800,real::snap_mathoverflow,time_respecting,direction_only,0.003042779781473,3,0.10131747134625894,0.09759999999999999,0.23639999999999997
qwen36-27b_think,real__snap_mathoverflow|time_respecting|ws0|b800,real::snap_mathoverflow,time_respecting,hidden,0.003042779781473,3,0.0,0.0,0.0
qwen36-27b_think,real__snap_mathoverflow|time_respecting|ws0|b800,real::snap_mathoverflow,time_respecting,mechanism,0.003042779781473,3,0.4214656965084268,0.365,0.24333333333333332
qwen36-27b_think,real__snap_mathoverflow|time_respecting|ws0|b800,real::snap_mathoverflow,time_respecting,mechanism_direction,0.003042779781473,3,0.44784046638656194,0.42100000000000004,0.6636666666666667
qwen36-27b_think,real__sp_highschool2013|event_sample_then_full_history|ss0|b9600,real::sp_highschool2013,event_sample_then_full_history,direction_only,0.0036094877964936,3,0.022516660498395426,0.019500000000000017,0.37600000000000006
qwen36-27b_think,real__sp_highschool2013|event_sample_then_full_history|ss0|b9600,real::sp_highschool2013,event_sample_then_full_history,hidden,0.0036094877964936,3,0.32435760101057187,0.2815000000000001,0.7639333333333332
qwen36-27b_think,real__sp_highschool2013|event_sample_then_full_history|ss0|b9600,real::sp_highschool2013,event_sample_then_full_history,mechanism,0.0036094877964936,3,0.0,0.0,0.3893
qwen36-27b_think,real__sp_highschool2013|event_sample_then_full_history|ss0|b9600,real::sp_highschool2013,event_sample_then_full_history,mechanism_direction,0.0036094877964936,3,0.0,0.0,0.389
qwen36-27b_think,real__sp_highschool2013|event_sample_then_full_history|ss0|b9600,real::sp_highschool2013,event_sample_then_full_history,mismatched,0.0036094877964936,3,0.027481872813426175,0.023799999999999932,0.9682666666666666
qwen36-27b_think,real__sp_highschool2013|node_panel_full_history|ss0|b2500,real::sp_highschool2013,node_panel_full_history,direction_only,0.0170161567548985,3,0.007813023315806317,0.00764999999999999,0.4881666666666667
qwen36-27b_think,real__sp_highschool2013|node_panel_full_history|ss0|b2500,real::sp_highschool2013,node_panel_full_history,hidden,0.0170161567548985,3,0.16795119330726216,0.14545000000000002,0.3979333333333333
qwen36-27b_think,real__sp_highschool2013|node_panel_full_history|ss0|b2500,real::sp_highschool2013,node_panel_full_history,mechanism,0.0170161567548985,3,0.23685405492271677,0.2076,0.6265666666666667
qwen36-27b_think,real__sp_highschool2013|node_panel_full_history|ss0|b2500,real::sp_highschool2013,node_panel_full_history,mechanism_direction,0.0170161567548985,3,0.006018928476066161,0.00522499999999998,0.49145
qwen36-27b_think,real__sp_highschool2013|recent_history_k20|ws0|b800,real::sp_highschool2013,recent_history_k20,direction_only,0.0448607768992781,3,0.18277946638868747,0.18250000000000002,0.3116666666666667
qwen36-27b_think,real__sp_highschool2013|recent_history_k20|ws0|b800,real::sp_highschool2013,recent_history_k20,hidden,0.0448607768992781,3,0.0452065260775477,0.039150000000000004,0.1042
qwen36-27b_think,real__sp_highschool2013|recent_history_k20|ws0|b800,real::sp_highschool2013,recent_history_k20,mechanism,0.0448607768992781,3,0.06603456165776626,0.06600000000000002,0.13276666666666667
qwen36-27b_think,real__sp_highschool2013|recent_history_k20|ws0|b800,real::sp_highschool2013,recent_history_k20,mechanism_direction,0.0448607768992781,3,0.18708643278798526,0.16899999999999998,0.37266666666666665
qwen36-27b_think,real__sp_highschool2013|time_agnostic_t|ws0|b800,real::sp_highschool2013,time_agnostic_t,direction_only,0.1240976280508766,3,0.14145515190335062,0.1268,0.11000000000000003
qwen36-27b_think,real__sp_highschool2013|time_agnostic_t|ws0|b800,real::sp_highschool2013,time_agnostic_t,hidden,0.1240976280508766,3,0.0,0.0,0.01939
qwen36-27b_think,real__sp_highschool2013|time_agnostic_t|ws0|b800,real::sp_highschool2013,time_agnostic_t,mechanism,0.1240976280508766,3,0.2544196009220464,0.22699999999999998,0.49066666666666664
qwen36-27b_think,real__sp_highschool2013|time_agnostic_t|ws0|b800,real::sp_highschool2013,time_agnostic_t,mechanism_direction,0.1240976280508766,3,0.05524490926773254,0.05300000000000005,0.268
qwen36-27b_think,real__sp_highschool2013|time_agnostic_t|ws0|b800,real::sp_highschool2013,time_agnostic_t,metadata_only,0.1240976280508766,3,0.1819340539866025,0.15999999999999992,0.75
qwen36-27b_think,real__sp_highschool2013|time_agnostic_t|ws0|b800,real::sp_highschool2013,time_agnostic_t,mismatched,0.1240976280508766,3,0.0,0.0,0.00973
qwen36-27b_think,real__sp_highschool2013|time_respecting|ws0|b800,real::sp_highschool2013,time_respecting,direction_only,0.0522516328635269,3,0.0,0.0,0.0921
qwen36-27b_think,real__sp_highschool2013|time_respecting|ws0|b800,real::sp_highschool2013,time_respecting,hidden,0.0522516328635269,3,0.0019052558883257637,0.0016499999999999987,0.0932
qwen36-27b_think,real__sp_highschool2013|time_respecting|ws0|b800,real::sp_highschool2013,time_respecting,mechanism,0.0522516328635269,3,0.030743942492790347,0.026649999999999993,0.0743
qwen36-27b_think,real__sp_highschool2013|time_respecting|ws0|b800,real::sp_highschool2013,time_respecting,mechanism_direction,0.0522516328635269,3,0.18248287590894657,0.16499999999999998,0.26999999999999996
qwen36-27b_think,real__sp_hospital|event_sample_then_full_history|ss0|b9600,real::sp_hospital,event_sample_then_full_history,direction_only,0.0553116769095698,3,0.014730919862656249,0.013000000000000012,0.457
qwen36-27b_think,real__sp_hospital|event_sample_then_full_history|ss0|b9600,real::sp_hospital,event_sample_then_full_history,hidden,0.0553116769095698,3,0.17009703113223346,0.15249999999999986,0.596
qwen36-27b_think,real__sp_hospital|event_sample_then_full_history|ss0|b9600,real::sp_hospital,event_sample_then_full_history,mechanism,0.0553116769095698,3,0.0,0.0,0.443
qwen36-27b_think,real__sp_hospital|event_sample_then_full_history|ss0|b9600,real::sp_hospital,event_sample_then_full_history,mechanism_direction,0.0553116769095698,3,0.0,0.0,0.443
qwen36-27b_think,real__sp_hospital|event_sample_then_full_history|ss0|b9600,real::sp_hospital,event_sample_then_full_history,mismatched,0.0553116769095698,3,0.0,0.0,0.6825
qwen36-27b_think,real__sp_hospital|node_panel_full_history|ss0|b2500,real::sp_hospital,node_panel_full_history,direction_only,0.0482879719051799,3,0.0,0.0,0.5273
qwen36-27b_think,real__sp_hospital|node_panel_full_history|ss0|b2500,real::sp_hospital,node_panel_full_history,hidden,0.0482879719051799,3,0.17295653596592797,0.15415,0.4184333333333334
qwen36-27b_think,real__sp_hospital|node_panel_full_history|ss0|b2500,real::sp_hospital,node_panel_full_history,mechanism,0.0482879719051799,3,0.00017320508075686865,0.00014999999999998348,0.5272
qwen36-27b_think,real__sp_hospital|node_panel_full_history|ss0|b2500,real::sp_hospital,node_panel_full_history,mechanism_direction,0.0482879719051799,3,0.009902693236354104,0.008650000000000047,0.5214333333333333
qwen36-27b_think,real__sp_hospital|recent_history_k20|ws0|b800,real::sp_hospital,recent_history_k20,direction_only,0.2370500438981563,3,0.07919741157386394,0.07684999999999997,0.2621
qwen36-27b_think,real__sp_hospital|recent_history_k20|ws0|b800,real::sp_hospital,recent_history_k20,hidden,0.2370500438981563,3,0.0008660254037844396,0.0007500000000000007,0.1968
qwen36-27b_think,real__sp_hospital|recent_history_k20|ws0|b800,real::sp_hospital,recent_history_k20,mechanism,0.2370500438981563,3,0.15147717099726063,0.135,0.2753333333333334
qwen36-27b_think,real__sp_hospital|recent_history_k20|ws0|b800,real::sp_hospital,recent_history_k20,mechanism_direction,0.2370500438981563,3,0.24269322199023194,0.21500000000000002,0.47000000000000003
qwen36-27b_think,real__sp_hospital|time_agnostic_t|ws0|b800,real::sp_hospital,time_agnostic_t,direction_only,0.5083406496927129,3,0.17332055081072567,0.1501,0.18986666666666666
qwen36-27b_think,real__sp_hospital|time_agnostic_t|ws0|b800,real::sp_hospital,time_agnostic_t,hidden,0.5083406496927129,3,0.024133241252126358,0.020900000000000002,0.07586666666666668
qwen36-27b_think,real__sp_hospital|time_agnostic_t|ws0|b800,real::sp_hospital,time_agnostic_t,mechanism,0.5083406496927129,3,0.008660254037844395,0.007500000000000007,0.49499999999999994
qwen36-27b_think,real__sp_hospital|time_agnostic_t|ws0|b800,real::sp_hospital,time_agnostic_t,mechanism_direction,0.5083406496927129,3,0.03511884584284244,0.03500000000000003,0.5333333333333333
qwen36-27b_think,real__sp_hospital|time_agnostic_t|ws0|b800,real::sp_hospital,time_agnostic_t,metadata_only,0.5083406496927129,3,0.061101009266077866,0.05999999999999994,0.9333333333333332
qwen36-27b_think,real__sp_hospital|time_agnostic_t|ws0|b800,real::sp_hospital,time_agnostic_t,mismatched,0.5083406496927129,3,0.00013228756555322939,0.0001250000000000001,0.048150000000000005
qwen36-27b_think,real__sp_hospital|time_respecting|ws0|b800,real::sp_hospital,time_respecting,direction_only,0.1913959613696224,3,0.2610676796030741,0.2365,0.22766666666666668
qwen36-27b_think,real__sp_hospital|time_respecting|ws0|b800,real::sp_hospital,time_respecting,hidden,0.1913959613696224,3,2.8867513459482116e-05,2.5000000000004186e-05,0.055016666666666665
qwen36-27b_think,real__sp_hospital|time_respecting|ws0|b800,real::sp_hospital,time_respecting,mechanism,0.1913959613696224,3,0.08640794716536976,0.0825,0.12266666666666666
qwen36-27b_think,real__sp_hospital|time_respecting|ws0|b800,real::sp_hospital,time_respecting,mechanism_direction,0.1913959613696224,3,0.02886751345948128,0.024999999999999994,0.13333333333333333
qwen36-27b_think,real__sp_hypertext2009|event_sample_then_full_history|ss0|b9600,real::sp_hypertext2009,event_sample_then_full_history,direction_only,0.0842440801457194,3,0.015099668870541512,0.015000000000000013,0.264
qwen36-27b_think,real__sp_hypertext2009|event_sample_then_full_history|ss0|b9600,real::sp_hypertext2009,event_sample_then_full_history,mechanism_direction,0.0842440801457194,3,0.0011547005383792527,0.0010000000000000009,0.26133333333333336
qwen36-27b_think,real__sp_hypertext2009|event_sample_then_full_history|ss2|b9600,real::sp_hypertext2009,event_sample_then_full_history,mechanism,0.0742258652094717,3,0.010440306508910526,0.009499999999999953,0.285
qwen36-27b_think,real__sp_hypertext2009|node_panel_full_history|ss0|b2500,real::sp_hypertext2009,node_panel_full_history,direction_only,0.1193078324225865,3,0.011893415545306294,0.010300000000000031,0.4129333333333333
qwen36-27b_think,real__sp_hypertext2009|node_panel_full_history|ss0|b2500,real::sp_hypertext2009,node_panel_full_history,hidden,0.1193078324225865,3,0.0,0.0,0.4198
qwen36-27b_think,real__sp_hypertext2009|node_panel_full_history|ss0|b2500,real::sp_hypertext2009,node_panel_full_history,mechanism_direction,0.1193078324225865,3,0.0027712812921102193,0.0024000000000000132,0.41819999999999996
qwen36-27b_think,real__sp_hypertext2009|node_panel_full_history|ss1|b2500,real::sp_hypertext2009,node_panel_full_history,hidden,0.0979052823315118,3,0.0,0.0,0.3349
qwen36-27b_think,real__sp_hypertext2009|node_panel_full_history|ss2|b2500,real::sp_hypertext2009,node_panel_full_history,hidden,0.1470856102003643,3,0.0021126602503321015,0.0020999999999999908,0.18406666666666668
qwen36-27b_think,real__sp_hypertext2009|node_panel_full_history|ss2|b2500,real::sp_hypertext2009,node_panel_full_history,mechanism,0.1470856102003643,3,0.0013228756555322965,0.0012500000000000011,0.1868
qwen36-27b_think,real__sp_hypertext2009|node_panel_full_history|ss3|b2500,real::sp_hypertext2009,node_panel_full_history,hidden,0.1370673952641165,3,0.02055780468175853,0.01915,0.36346666666666666
qwen36-27b_think,real__sp_hypertext2009|node_panel_full_history|ss3|b2500,real::sp_hypertext2009,node_panel_full_history,mechanism,0.1370673952641165,3,0.007522189397597846,0.007500000000000062,0.3642666666666667
qwen36-27b_think,real__sp_hypertext2009|recent_history_k20|ws0|b800,real::sp_hypertext2009,recent_history_k20,direction_only,0.1325136612021858,3,0.0001732050807568847,0.00014999999999999736,0.0927
qwen36-27b_think,real__sp_hypertext2009|recent_history_k20|ws0|b800,real::sp_hypertext2009,recent_history_k20,hidden,0.1325136612021858,3,0.0,0.0,0.0928
qwen36-27b_think,real__sp_hypertext2009|recent_history_k20|ws0|b800,real::sp_hypertext2009,recent_history_k20,mechanism,0.1325136612021858,3,0.01561804511881475,0.013600000000000001,0.10196666666666666
qwen36-27b_think,real__sp_hypertext2009|recent_history_k20|ws0|b800,real::sp_hypertext2009,recent_history_k20,mechanism_direction,0.1325136612021858,3,0.0794753630588331,0.07850000000000001,0.16433333333333333
qwen36-27b_think,real__sp_hypertext2009|recent_history_k20|ws1|b800,real::sp_hypertext2009,recent_history_k20,hidden,0.1525500910746812,3,0.004895235779136013,0.004750000000000004,0.09743333333333333
qwen36-27b_think,real__sp_hypertext2009|recent_history_k20|ws1|b800,real::sp_hypertext2009,recent_history_k20,mechanism,0.1525500910746812,3,0.02139088590965788,0.018549999999999997,0.05029999999999999
qwen36-27b_think,real__sp_hypertext2009|recent_history_k20|ws2|b800,real::sp_hypertext2009,recent_history_k20,hidden,0.145264116575592,3,0.04056135270591124,0.035350000000000006,0.07423333333333333
qwen36-27b_think,real__sp_hypertext2009|recent_history_k20|ws2|b800,real::sp_hypertext2009,recent_history_k20,mechanism,0.145264116575592,3,0.037581023580170535,0.03650000000000001,0.05833333333333333
qwen36-27b_think,real__sp_hypertext2009|recent_history_k20|ws3|b800,real::sp_hypertext2009,recent_history_k20,hidden,0.163023679417122,3,0.034294605989863766,0.029700000000000004,0.0752
qwen36-27b_think,real__sp_hypertext2009|recent_history_k20|ws3|b800,real::sp_hypertext2009,recent_history_k20,mechanism,0.163023679417122,3,0.002886751345948131,0.0025000000000000022,0.09666666666666668
qwen36-27b_think,real__sp_hypertext2009|time_agnostic_t|ws0|b800,real::sp_hypertext2009,time_agnostic_t,direction_only,0.3010018214936247,3,0.014622357311094998,0.014399999999999996,0.03706666666666667
qwen36-27b_think,real__sp_hypertext2009|time_agnostic_t|ws0|b800,real::sp_hypertext2009,time_agnostic_t,hidden,0.3010018214936247,3,0.015472987214281971,0.013399999999999999,0.03013333333333333
qwen36-27b_think,real__sp_hypertext2009|time_agnostic_t|ws0|b800,real::sp_hypertext2009,time_agnostic_t,mechanism,0.3010018214936247,3,0.10323022813110509,0.08940000000000001,0.0808
qwen36-27b_think,real__sp_hypertext2009|time_agnostic_t|ws0|b800,real::sp_hypertext2009,time_agnostic_t,mechanism_direction,0.3010018214936247,3,0.09733961166965892,0.09250000000000001,0.145
qwen36-27b_think,real__sp_hypertext2009|time_agnostic_t|ws0|b800,real::sp_hypertext2009,time_agnostic_t,metadata_only,0.3010018214936247,3,0.10785793124908954,0.09999999999999998,0.7733333333333333
qwen36-27b_think,real__sp_hypertext2009|time_agnostic_t|ws0|b800,real::sp_hypertext2009,time_agnostic_t,mismatched,0.3010018214936247,3,0.0,0.0,0.01
qwen36-27b_think,real__sp_hypertext2009|time_agnostic_t|ws1|b800,real::sp_hypertext2009,time_agnostic_t,hidden,0.2991803278688524,3,0.008602519010925423,0.007449999999999998,0.023933333333333334
qwen36-27b_think,real__sp_hypertext2009|time_agnostic_t|ws1|b800,real::sp_hypertext2009,time_agnostic_t,mechanism,0.2991803278688524,3,0.006082762530298225,0.005500000000000005,0.297
qwen36-27b_think,real__sp_hypertext2009|time_agnostic_t|ws2|b800,real::sp_hypertext2009,time_agnostic_t,hidden,0.2941712204007286,3,0.0,0.0,0.0248
qwen36-27b_think,real__sp_hypertext2009|time_agnostic_t|ws2|b800,real::sp_hypertext2009,time_agnostic_t,mechanism,0.2941712204007286,3,0.015275252316519468,0.015000000000000013,0.19666666666666668
qwen36-27b_think,real__sp_hypertext2009|time_agnostic_t|ws3|b800,real::sp_hypertext2009,time_agnostic_t,hidden,0.3041894353369763,3,0.00404145188432738,0.0034999999999999996,0.012666666666666666
qwen36-27b_think,real__sp_hypertext2009|time_agnostic_t|ws3|b800,real::sp_hypertext2009,time_agnostic_t,mechanism,0.3041894353369763,3,0.015275252316519465,0.014999999999999986,0.14666666666666667
qwen36-27b_think,real__sp_hypertext2009|time_respecting|ws0|b800,real::sp_hypertext2009,time_respecting,direction_only,0.122040072859745,3,0.08693867570496651,0.0825,0.10166666666666668
qwen36-27b_think,real__sp_hypertext2009|time_respecting|ws0|b800,real::sp_hypertext2009,time_respecting,hidden,0.122040072859745,3,0.0,0.0,0.0299
qwen36-27b_think,real__sp_hypertext2009|time_respecting|ws0|b800,real::sp_hypertext2009,time_respecting,mechanism,0.122040072859745,3,0.013527749258468683,0.013500000000000002,0.026
qwen36-27b_think,real__sp_hypertext2009|time_respecting|ws0|b800,real::sp_hypertext2009,time_respecting,mechanism_direction,0.122040072859745,3,0.061155566658590725,0.060050000000000006,0.09663333333333333
qwen36-27b_think,real__sp_hypertext2009|time_respecting|ws1|b800,real::sp_hypertext2009,time_respecting,hidden,0.1183970856102003,3,2.8867513459482116e-05,2.5000000000004186e-05,0.04618333333333333
qwen36-27b_think,real__sp_hypertext2009|time_respecting|ws1|b800,real::sp_hypertext2009,time_respecting,mechanism,0.1183970856102003,3,0.02470492528491704,0.024499999999999994,0.07233333333333335
qwen36-27b_think,real__sp_hypertext2009|time_respecting|ws2|b800,real::sp_hypertext2009,time_respecting,hidden,0.1133879781420765,3,0.00035538711287833583,0.0003150000000000028,0.03191
qwen36-27b_think,real__sp_hypertext2009|time_respecting|ws2|b800,real::sp_hypertext2009,time_respecting,mechanism,0.1133879781420765,3,0.03665792319994865,0.03395000000000001,0.07403333333333333
qwen36-27b_think,real__sp_hypertext2009|time_respecting|ws3|b800,real::sp_hypertext2009,time_respecting,hidden,0.1188524590163934,3,0.0,0.0,0.0421
qwen36-27b_think,real__sp_hypertext2009|time_respecting|ws3|b800,real::sp_hypertext2009,time_respecting,mechanism,0.1188524590163934,3,0.24846193538112302,0.22,0.24333333333333332
qwen36-27b_think,real__sp_primaryschool|event_sample_then_full_history|ss0|b9600,real::sp_primaryschool,event_sample_then_full_history,direction_only,0.0122640375135265,3,0.005773502691896231,0.004999999999999949,0.3433333333333333
qwen36-27b_think,real__sp_primaryschool|event_sample_then_full_history|ss0|b9600,real::sp_primaryschool,event_sample_then_full_history,hidden,0.0122640375135265,3,0.007975169799655265,0.007550000000000057,0.8370333333333333
qwen36-27b_think,real__sp_primaryschool|event_sample_then_full_history|ss0|b9600,real::sp_primaryschool,event_sample_then_full_history,mechanism,0.0122640375135265,3,0.0036950417228135825,0.0031999999999999806,0.33926666666666666
qwen36-27b_think,real__sp_primaryschool|event_sample_then_full_history|ss0|b9600,real::sp_primaryschool,event_sample_then_full_history,mechanism_direction,0.0122640375135265,3,0.0002309401076758249,0.00019999999999997797,0.34113333333333334
qwen36-27b_think,real__sp_primaryschool|event_sample_then_full_history|ss0|b9600,real::sp_primaryschool,event_sample_then_full_history,mismatched,0.0122640375135265,3,0.01667093278733979,0.015000000000000013,0.8908
qwen36-27b_think,real__sp_primaryschool|event_sample_then_full_history|ss1|b9600,real::sp_primaryschool,event_sample_then_full_history,mechanism,0.0121438018516291,3,0.00838649708360609,0.007500000000000007,0.29266666666666663
qwen36-27b_think,real__sp_primaryschool|event_sample_then_full_history|ss2|b9600,real::sp_primaryschool,event_sample_then_full_history,hidden,0.0114223878802452,3,0.26968031073847415,0.23355000000000004,0.5397
qwen36-27b_think,real__sp_primaryschool|event_sample_then_full_history|ss2|b9600,real::sp_primaryschool,event_sample_then_full_history,mechanism,0.0114223878802452,3,0.023671361036774644,0.020499999999999963,0.39766666666666667
qwen36-27b_think,real__sp_primaryschool|event_sample_then_full_history|ss3|b9600,real::sp_primaryschool,event_sample_then_full_history,hidden,0.0159913430323433,3,0.00540277706369603,0.00495000000000001,0.8358
qwen36-27b_think,real__sp_primaryschool|event_sample_then_full_history|ss3|b9600,real::sp_primaryschool,event_sample_then_full_history,mechanism,0.0159913430323433,3,0.012035503036156567,0.010800000000000032,0.5291333333333333
qwen36-27b_think,real__sp_primaryschool|node_panel_full_history|ss0|b2500,real::sp_primaryschool,node_panel_full_history,direction_only,0.0091379103041962,3,0.0,0.0,0.3421
qwen36-27b_think,real__sp_primaryschool|node_panel_full_history|ss0|b2500,real::sp_primaryschool,node_panel_full_history,hidden,0.0091379103041962,3,0.0,0.0,0.112
qwen36-27b_think,real__sp_primaryschool|node_panel_full_history|ss0|b2500,real::sp_primaryschool,node_panel_full_history,mechanism,0.0091379103041962,3,0.0,0.0,0.3421
qwen36-27b_think,real__sp_primaryschool|node_panel_full_history|ss0|b2500,real::sp_primaryschool,node_panel_full_history,mechanism_direction,0.0091379103041962,3,0.0,0.0,0.3421
qwen36-27b_think,real__sp_primaryschool|node_panel_full_history|ss1|b2500,real::sp_primaryschool,node_panel_full_history,hidden,0.010580738246964,3,0.13219872667062016,0.11544999999999997,0.26263333333333333
qwen36-27b_think,real__sp_primaryschool|node_panel_full_history|ss1|b2500,real::sp_primaryschool,node_panel_full_history,mechanism,0.010580738246964,3,0.0,0.0,0.3409
qwen36-27b_think,real__sp_primaryschool|node_panel_full_history|ss2|b2500,real::sp_primaryschool,node_panel_full_history,hidden,0.0139473367800889,3,0.1980600161567195,0.17155,0.26230000000000003
qwen36-27b_think,real__sp_primaryschool|node_panel_full_history|ss2|b2500,real::sp_primaryschool,node_panel_full_history,mechanism,0.0139473367800889,3,1.2124355652978242e-05,1.0499999999968868e-05,0.491393
qwen36-27b_think,real__sp_primaryschool|node_panel_full_history|ss3|b2500,real::sp_primaryschool,node_panel_full_history,hidden,0.0096188529517855,3,0.00028867513459481317,0.00024999999999997247,0.3376666666666666
qwen36-27b_think,real__sp_primaryschool|node_panel_full_history|ss3|b2500,real::sp_primaryschool,node_panel_full_history,mechanism,0.0096188529517855,3,6.798699777552591e-17,0.0,0.3375000000000001
qwen36-27b_think,real__sp_primaryschool|recent_history_k20|ws0|b800,real::sp_primaryschool,recent_history_k20,direction_only,0.0585547673439942,3,0.08887386192426508,0.08315,0.13893333333333333
qwen36-27b_think,real__sp_primaryschool|recent_history_k20|ws0|b800,real::sp_primaryschool,recent_history_k20,hidden,0.0585547673439942,3,0.025813332472451773,0.022360000000000005,0.05900666666666667
qwen36-27b_think,real__sp_primaryschool|recent_history_k20|ws0|b800,real::sp_primaryschool,recent_history_k20,mechanism,0.0585547673439942,3,0.027874719729532708,0.025500000000000002,0.061
qwen36-27b_think,real__sp_primaryschool|recent_history_k20|ws0|b800,real::sp_primaryschool,recent_history_k20,mechanism_direction,0.0585547673439942,3,0.05845856082160536,0.058050000000000004,0.12796666666666667
qwen36-27b_think,real__sp_primaryschool|recent_history_k20|ws1|b800,real::sp_primaryschool,recent_history_k20,hidden,0.0595166526391727,3,0.030079949024779503,0.026050000000000004,0.08163333333333334
qwen36-27b_think,real__sp_primaryschool|recent_history_k20|ws1|b800,real::sp_primaryschool,recent_history_k20,mechanism,0.0595166526391727,3,1.6996749443881478e-17,0.0,0.09900000000000002
qwen36-27b_think,real__sp_primaryschool|recent_history_k20|ws2|b800,real::sp_primaryschool,recent_history_k20,hidden,0.0597571239629674,3,0.004800690922495777,0.004165000000000002,0.08574333333333332
qwen36-27b_think,real__sp_primaryschool|recent_history_k20|ws2|b800,real::sp_primaryschool,recent_history_k20,mechanism,0.0597571239629674,3,0.000763762615825974,0.0007500000000000007,0.08916666666666666
qwen36-27b_think,real__sp_primaryschool|recent_history_k20|ws3|b800,real::sp_primaryschool,recent_history_k20,hidden,0.0596368883010701,3,0.2508319025429846,0.23005,0.21223333333333336
qwen36-27b_think,real__sp_primaryschool|recent_history_k20|ws3|b800,real::sp_primaryschool,recent_history_k20,mechanism,0.0596368883010701,3,0.3657586818290624,0.32999999999999996,0.2789333333333333
qwen36-27b_think,real__sp_primaryschool|time_agnostic_t|ws0|b800,real::sp_primaryschool,time_agnostic_t,direction_only,0.0889743898040158,3,0.008891194145520236,0.007700000000000002,0.022733333333333338
qwen36-27b_think,real__sp_primaryschool|time_agnostic_t|ws0|b800,real::sp_primaryschool,time_agnostic_t,hidden,0.0889743898040158,3,0.004898839998748003,0.00425,0.014756666666666668
qwen36-27b_think,real__sp_primaryschool|time_agnostic_t|ws0|b800,real::sp_primaryschool,time_agnostic_t,mechanism,0.0889743898040158,3,0.0023094010767585054,0.0020000000000000018,0.45733333333333337
qwen36-27b_think,real__sp_primaryschool|time_agnostic_t|ws0|b800,real::sp_primaryschool,time_agnostic_t,mechanism_direction,0.0889743898040158,3,0.08893443277681225,0.07800000000000001,0.4066666666666667
qwen36-27b_think,real__sp_primaryschool|time_agnostic_t|ws0|b800,real::sp_primaryschool,time_agnostic_t,metadata_only,0.0889743898040158,3,0.05131601439446889,0.050000000000000044,0.8733333333333334
qwen36-27b_think,real__sp_primaryschool|time_agnostic_t|ws0|b800,real::sp_primaryschool,time_agnostic_t,mismatched,0.0889743898040158,3,2.309401076757808e-06,2.0000000000002655e-06,0.009141333333333335
qwen36-27b_think,real__sp_primaryschool|time_agnostic_t|ws1|b800,real::sp_primaryschool,time_agnostic_t,hidden,0.0895755681135024,3,2.1939310229205688e-05,1.899999999999992e-05,0.010712666666666667
qwen36-27b_think,real__sp_primaryschool|time_agnostic_t|ws1|b800,real::sp_primaryschool,time_agnostic_t,mechanism,0.0895755681135024,3,0.005773502691896262,0.0050000000000000044,0.30666666666666664
qwen36-27b_think,real__sp_primaryschool|time_agnostic_t|ws2|b800,real::sp_primaryschool,time_agnostic_t,hidden,0.090176746422989,3,0.004618802153517006,0.004,0.014666666666666666
qwen36-27b_think,real__sp_primaryschool|time_agnostic_t|ws2|b800,real::sp_primaryschool,time_agnostic_t,mechanism,0.090176746422989,3,0.04041451884327381,0.040000000000000036,0.36333333333333334
qwen36-27b_think,real__sp_primaryschool|time_agnostic_t|ws3|b800,real::sp_primaryschool,time_agnostic_t,hidden,0.0906576890705783,3,1.1547005383792045e-05,9.999999999999593e-06,0.015906666666666666
qwen36-27b_think,real__sp_primaryschool|time_agnostic_t|ws3|b800,real::sp_primaryschool,time_agnostic_t,mechanism,0.0906576890705783,3,0.31336932417410185,0.292,0.38866666666666666
qwen36-27b_think,real__sp_primaryschool|time_respecting|ws0|b800,real::sp_primaryschool,time_respecting,direction_only,0.0491763857160033,3,0.14895087557088524,0.13265000000000002,0.10823333333333335
qwen36-27b_think,real__sp_primaryschool|time_respecting|ws0|b800,real::sp_primaryschool,time_respecting,hidden,0.0491763857160033,3,0.0042060234584858575,0.0036500000000000005,0.012256666666666666
qwen36-27b_think,real__sp_primaryschool|time_respecting|ws0|b800,real::sp_primaryschool,time_respecting,mechanism,0.0491763857160033,3,0.028919428302325297,0.027499999999999997,0.04766666666666667
qwen36-27b_think,real__sp_primaryschool|time_respecting|ws0|b800,real::sp_primaryschool,time_respecting,mechanism_direction,0.0491763857160033,3,0.22052966542697455,0.215,0.31333333333333335
qwen36-27b_think,real__sp_primaryschool|time_respecting|ws1|b800,real::sp_primaryschool,time_respecting,hidden,0.0524227485872309,3,2.8867513459482116e-05,2.5000000000000716e-05,0.018316666666666665
qwen36-27b_think,real__sp_primaryschool|time_respecting|ws1|b800,real::sp_primaryschool,time_respecting,mechanism,0.0524227485872309,3,0.02729029131394533,0.0257,0.028999999999999998
qwen36-27b_think,real__sp_primaryschool|time_respecting|ws2|b800,real::sp_primaryschool,time_respecting,hidden,0.051701334615847,3,0.0,0.0,0.0186
qwen36-27b_think,real__sp_primaryschool|time_respecting|ws2|b800,real::sp_primaryschool,time_respecting,mechanism,0.051701334615847,3,0.016740768600435687,0.0165,0.021866666666666663
qwen36-27b_think,real__sp_primaryschool|time_respecting|ws3|b800,real::sp_primaryschool,time_respecting,hidden,0.0525429842491282,3,0.0,0.0,0.0206
qwen36-27b_think,real__sp_primaryschool|time_respecting|ws3|b800,real::sp_primaryschool,time_respecting,mechanism,0.0525429842491282,3,0.03550568029672623,0.031700000000000006,0.061533333333333336
