stratum,arm,config_id,mock,complete,planned,started,terminal,valid_answers,invalid_terminal,not_started,in_progress,empty_skips,technical_failures,limit_hits,fenced_valid,accuracy_condition,valid_fraction,valid_fraction_MCSE,AE2,AE2_MCSE,sources_with_valid_answers,ProfileAE,ProfileAE_MCSE,signed_rho2,signed_rho2_MCSE,budget_matched,budget_matched_MCSE,baseline_AE2_all,baseline_AE2_all_MCSE,baseline_AE2_matched,baseline_AE2_matched_MCSE,delta_AE2_vs_baseline,delta_AE2_vs_baseline_MCSE,baseline_ProfileAE_all,baseline_ProfileAE_all_MCSE,baseline_ProfileAE_matched,baseline_ProfileAE_matched_MCSE,delta_ProfileAE_vs_baseline,delta_ProfileAE_vs_baseline_MCSE,plugin_AE2_all,plugin_AE2_all_MCSE,plugin_AE2_matched,plugin_AE2_matched_MCSE,delta_AE2_vs_plugin,delta_AE2_vs_plugin_MCSE,plugin_ProfileAE_all,plugin_ProfileAE_all_MCSE,plugin_ProfileAE_matched,plugin_ProfileAE_matched_MCSE,delta_ProfileAE_vs_plugin,delta_ProfileAE_vs_plugin_MCSE,extratrees_AE2_all,extratrees_AE2_all_MCSE,extratrees_AE2_matched,extratrees_AE2_matched_MCSE,delta_AE2_vs_extratrees,delta_AE2_vs_extratrees_MCSE,extratrees_ProfileAE_all,extratrees_ProfileAE_all_MCSE,extratrees_ProfileAE_matched,extratrees_ProfileAE_matched_MCSE,delta_ProfileAE_vs_extratrees,delta_ProfileAE_vs_extratrees_MCSE,median_AE2_all,median_AE2_all_MCSE,median_AE2_matched,median_AE2_matched_MCSE,delta_AE2_vs_median,delta_AE2_vs_median_MCSE,median_ProfileAE_all,median_ProfileAE_all_MCSE,median_ProfileAE_matched,median_ProfileAE_matched_MCSE,delta_ProfileAE_vs_median,delta_ProfileAE_vs_median_MCSE,numeric_model_estimate
real,R,sol,False,False,72,0,0,0,0,72,0,0,0,0,0,valid answers only; no imputation; equal source weights,,,,,0,,,,,,,0.014845009275264354,0.0032148157833341404,,,,,0.009929455545036332,0.0018985222642233708,,,,,0.014845009275264354,0.0032148157833341404,,,,,0.009929455545036332,0.0018985222642233708,,,,,0.04280109292002798,0.003176735868226181,,,,,0.02252735234107231,0.002184696096663177,,,,,0.23969876967603918,0.0,,,,,0.11015221734076833,1.635512977795599e-18,,,,,False
real,R,deepseek,False,False,72,0,0,0,0,72,0,0,0,0,0,valid answers only; no imputation; equal source weights,,,,,0,,,,,,,0.014845009275264354,0.0032148157833341404,,,,,0.009929455545036332,0.0018985222642233708,,,,,0.014845009275264354,0.0032148157833341404,,,,,0.009929455545036332,0.0018985222642233708,,,,,0.04280109292002798,0.003176735868226181,,,,,0.02252735234107231,0.002184696096663177,,,,,0.23969876967603918,0.0,,,,,0.11015221734076833,1.635512977795599e-18,,,,,False
real,R,qwen_thinking,False,True,72,72,72,72,0,0,0,0,0,0,0,valid answers only; no imputation; equal source weights,1.0,0.0,0.014846769695709246,0.0032146310121543985,8,0.01009387909650053,0.0018883857089737114,-0.011229927182733926,0.004159674794705664,1.0,0.0,0.014845009275264354,0.0032148157833341404,0.014845009275264354,0.0032148157833341404,1.7604204448932125e-06,3.0226608999542847e-06,0.009929455545036332,0.0018985222642233708,0.009929455545036332,0.0018985222642233708,0.0001644235514641952,0.00011013539204072978,0.014845009275264354,0.0032148157833341404,0.014845009275264354,0.0032148157833341404,1.7604204448932125e-06,3.0226608999542847e-06,0.009929455545036332,0.0018985222642233708,0.009929455545036332,0.0018985222642233708,0.0001644235514641952,0.00011013539204072978,0.04280109292002798,0.003176735868226181,0.04280109292002798,0.003176735868226181,-0.027954323224318733,0.0038913587330993006,0.02252735234107231,0.002184696096663177,0.02252735234107231,0.002184696096663177,-0.01243347324457178,0.0014374895754494827,0.23969876967603918,0.0,0.23969876967603918,0.0,-0.22485199998032993,0.0032146310121543985,0.11015221734076833,1.635512977795599e-18,0.11015221734076833,1.635512977795599e-18,-0.1000583382442678,0.001888385708973712,True
real,R,qwen_nonthinking,False,True,72,72,72,72,0,0,0,0,0,0,0,valid answers only; no imputation; equal source weights,1.0,0.0,0.5046184311428009,0.01774036927139782,8,0.36778760759165785,0.016087173880654292,0.5045332922783772,0.017772230742677957,1.0,0.0,0.014845009275264354,0.0032148157833341404,0.014845009275264354,0.0032148157833341404,0.48977342186753653,0.01824248541949452,0.009929455545036332,0.0018985222642233708,0.009929455545036332,0.0018985222642233708,0.35785815204662164,0.016641288609518138,0.014845009275264354,0.0032148157833341404,0.014845009275264354,0.0032148157833341404,0.48977342186753653,0.01824248541949452,0.009929455545036332,0.0018985222642233708,0.009929455545036332,0.0018985222642233708,0.35785815204662164,0.016641288609518138,0.04280109292002798,0.003176735868226181,0.04280109292002798,0.003176735868226181,0.46181733822277293,0.01956134054742703,0.02252735234107231,0.002184696096663177,0.02252735234107231,0.002184696096663177,0.34526025525058557,0.01723303503749698,0.23969876967603918,0.0,0.23969876967603918,0.0,0.2649196614667617,0.017740369271397816,0.11015221734076833,1.635512977795599e-18,0.11015221734076833,1.635512977795599e-18,0.25763539025088955,0.016087173880654296,True
real,S1,sol,False,False,72,0,0,0,0,72,0,0,0,0,0,valid answers only; no imputation; equal source weights,,,,,0,,,,,,,0.059528162555929076,0.0017161540641782679,,,,,0.028622942266922302,0.001470001242213313,,,,,0.059528162555929076,0.0017161540641782679,,,,,0.028622942266922302,0.001470001242213313,,,,,0.0682387384424178,0.0028581898103501985,,,,,0.033095693278550775,0.0017135859017143025,,,,,0.23969876967603918,0.0,,,,,0.11015221734076833,1.635512977795599e-18,,,,,False
real,S1,deepseek,False,False,72,0,0,0,0,72,0,0,0,0,0,valid answers only; no imputation; equal source weights,,,,,0,,,,,,,0.059528162555929076,0.0017161540641782679,,,,,0.028622942266922302,0.001470001242213313,,,,,0.059528162555929076,0.0017161540641782679,,,,,0.028622942266922302,0.001470001242213313,,,,,0.0682387384424178,0.0028581898103501985,,,,,0.033095693278550775,0.0017135859017143025,,,,,0.23969876967603918,0.0,,,,,0.11015221734076833,1.635512977795599e-18,,,,,False
real,S1,qwen_thinking,False,True,72,72,72,72,0,0,0,0,0,0,0,valid answers only; no imputation; equal source weights,1.0,0.0,0.059997180448870494,0.0022518849411656463,8,0.029512376018214916,0.0016005758012924785,0.05464980819943679,0.0025324193584991476,1.0,0.0,0.059528162555929076,0.0017161540641782679,0.059528162555929076,0.0017161540641782679,0.0004690178929414161,0.001518654187014195,0.028622942266922302,0.001470001242213313,0.028622942266922302,0.001470001242213313,0.0008894337512926175,0.0006288735554941415,0.059528162555929076,0.0017161540641782679,0.059528162555929076,0.0017161540641782679,0.0004690178929414161,0.001518654187014195,0.028622942266922302,0.001470001242213313,0.028622942266922302,0.001470001242213313,0.0008894337512926175,0.0006288735554941415,0.0682387384424178,0.0028581898103501985,0.0682387384424178,0.0028581898103501985,-0.008241557993547317,0.003575446914275152,0.033095693278550775,0.0017135859017143025,0.033095693278550775,0.0017135859017143025,-0.003583317260335865,0.0008682871495732655,0.23969876967603918,0.0,0.23969876967603918,0.0,-0.1797015892271687,0.0022518849411656467,0.11015221734076833,1.635512977795599e-18,0.11015221734076833,1.635512977795599e-18,-0.08063984132255342,0.0016005758012924782,True
real,S1,qwen_nonthinking,False,True,72,72,72,72,0,0,0,0,0,0,0,valid answers only; no imputation; equal source weights,1.0,0.0,0.3864374589450439,0.018512207715200825,8,0.2597393576881337,0.01652596562818612,0.3864374589450439,0.018512207715200825,1.0,0.0,0.059528162555929076,0.0017161540641782679,0.059528162555929076,0.0017161540641782679,0.3269092963891148,0.01809119875827359,0.028622942266922302,0.001470001242213313,0.028622942266922302,0.001470001242213313,0.23111641542121145,0.01639712228311404,0.059528162555929076,0.0017161540641782679,0.059528162555929076,0.0017161540641782679,0.3269092963891148,0.01809119875827359,0.028622942266922302,0.001470001242213313,0.028622942266922302,0.001470001242213313,0.23111641542121145,0.01639712228311404,0.0682387384424178,0.0028581898103501985,0.0682387384424178,0.0028581898103501985,0.3181987205026261,0.018317327729691434,0.033095693278550775,0.0017135859017143025,0.033095693278550775,0.0017135859017143025,0.22664366440958295,0.01660193906905138,0.23969876967603918,0.0,0.23969876967603918,0.0,0.14673868926900469,0.01851220771520082,0.11015221734076833,1.635512977795599e-18,0.11015221734076833,1.635512977795599e-18,0.14958714034736542,0.01652596562818612,True
real,S2,sol,False,False,72,0,0,0,0,72,0,0,0,0,0,valid answers only; no imputation; equal source weights,,,,,0,,,,,,,0.014004043483857621,0.0032404432522184475,,,,,0.009538771760987599,0.0014155783520519492,,,,,0.059528162555929076,0.0017161540641782679,,,,,0.028622942266922302,0.001470001242213313,,,,,0.04519230735499276,0.0031823147178984676,,,,,0.023400661773609457,0.001784079169465509,,,,,0.23969876967603918,0.0,,,,,0.11015221734076833,1.635512977795599e-18,,,,,False
real,S2,deepseek,False,False,72,0,0,0,0,72,0,0,0,0,0,valid answers only; no imputation; equal source weights,,,,,0,,,,,,,0.014004043483857621,0.0032404432522184475,,,,,0.009538771760987599,0.0014155783520519492,,,,,0.059528162555929076,0.0017161540641782679,,,,,0.028622942266922302,0.001470001242213313,,,,,0.04519230735499276,0.0031823147178984676,,,,,0.023400661773609457,0.001784079169465509,,,,,0.23969876967603918,0.0,,,,,0.11015221734076833,1.635512977795599e-18,,,,,False
real,S2,qwen_thinking,False,True,72,72,72,72,0,0,0,0,0,0,0,valid answers only; no imputation; equal source weights,1.0,0.0,0.05333871739377381,0.005439813866186963,8,0.02765294277654401,0.0036856684182190154,0.039148210723575425,0.005908153923938841,1.0,0.0,0.014004043483857621,0.0032404432522184475,0.014004043483857621,0.0032404432522184475,0.039334673909916185,0.005152847147891786,0.009538771760987599,0.0014155783520519492,0.009538771760987599,0.0014155783520519492,0.018114171015556416,0.0033825811264862854,0.059528162555929076,0.0017161540641782679,0.059528162555929076,0.0017161540641782679,-0.006189445162155262,0.004902617401869018,0.028622942266922302,0.001470001242213313,0.028622942266922302,0.001470001242213313,-0.0009699994903782884,0.0034195303520025404,0.04519230735499276,0.0031823147178984676,0.04519230735499276,0.0031823147178984676,0.008146410038781061,0.006498915428813976,0.023400661773609457,0.001784079169465509,0.023400661773609457,0.001784079169465509,0.004252281002934553,0.003698641015309511,0.23969876967603918,0.0,0.23969876967603918,0.0,-0.18636005228226538,0.005439813866186965,0.11015221734076833,1.635512977795599e-18,0.11015221734076833,1.635512977795599e-18,-0.08249927456422432,0.0036856684182190154,True
real,S2,qwen_nonthinking,False,True,72,72,72,72,0,0,0,0,0,0,0,valid answers only; no imputation; equal source weights,1.0,0.0,0.49987079227837716,0.018794183948994486,8,0.3570842361962341,0.016190383869355864,0.49987079227837716,0.018794183948994486,1.0,0.0,0.014004043483857621,0.0032404432522184475,0.014004043483857621,0.0032404432522184475,0.4858667487945195,0.018819503770708096,0.009538771760987599,0.0014155783520519492,0.009538771760987599,0.0014155783520519492,0.34754546443524653,0.015914855324515035,0.059528162555929076,0.0017161540641782679,0.059528162555929076,0.0017161540641782679,0.4403426297224481,0.018873587830865995,0.028622942266922302,0.001470001242213313,0.028622942266922302,0.001470001242213313,0.3284612939293118,0.01617631464666629,0.04519230735499276,0.0031823147178984676,0.04519230735499276,0.0031823147178984676,0.4546784849233845,0.019045577380302166,0.023400661773609457,0.001784079169465509,0.023400661773609457,0.001784079169465509,0.3336835744226246,0.016187218487649868,0.23969876967603918,0.0,0.23969876967603918,0.0,0.260172022602338,0.018794183948994483,0.11015221734076833,1.635512977795599e-18,0.11015221734076833,1.635512977795599e-18,0.24693201885546576,0.01619038386935586,True
real,H,sol,False,False,72,0,0,0,0,72,0,0,0,0,0,valid answers only; no imputation; equal source weights,,,,,0,,,,,,,0.1257368431534599,0.008101239333707082,,,,,0.052008621923614384,0.0031611313358489296,,,,,0.06988919598543616,0.00480800668121647,,,,,0.05981048233911789,0.001922975601560366,,,,,0.050701028389539646,0.004534396534874475,,,,,0.029452002539934408,0.002562618539610629,,,,,0.23969876967603918,0.0,,,,,0.11015221734076833,1.635512977795599e-18,,,,,False
real,H,deepseek,False,False,72,0,0,0,0,72,0,0,0,0,0,valid answers only; no imputation; equal source weights,,,,,0,,,,,,,0.1257368431534599,0.008101239333707082,,,,,0.052008621923614384,0.0031611313358489296,,,,,0.06988919598543616,0.00480800668121647,,,,,0.05981048233911789,0.001922975601560366,,,,,0.050701028389539646,0.004534396534874475,,,,,0.029452002539934408,0.002562618539610629,,,,,0.23969876967603918,0.0,,,,,0.11015221734076833,1.635512977795599e-18,,,,,False
real,H,qwen_thinking,False,True,72,72,72,72,0,0,0,0,0,0,0,valid answers only; no imputation; equal source weights,1.0,0.0,0.2273289135782604,0.018737686697182676,8,0.10443207310563012,0.0068910654613034234,0.16211877494782162,0.02792227261095638,1.0,0.0,0.1257368431534599,0.008101239333707082,0.1257368431534599,0.008101239333707082,0.10159207042480052,0.019403594089035518,0.052008621923614384,0.0031611313358489296,0.052008621923614384,0.0031611313358489296,0.052423451182015746,0.006908694599047169,0.06988919598543616,0.00480800668121647,0.06988919598543616,0.00480800668121647,0.15743971759282427,0.01974110302423618,0.05981048233911789,0.001922975601560366,0.05981048233911789,0.001922975601560366,0.04462159076651223,0.007371521839222374,0.050701028389539646,0.004534396534874475,0.050701028389539646,0.004534396534874475,0.17662788518872075,0.01840945559615566,0.029452002539934408,0.002562618539610629,0.029452002539934408,0.002562618539610629,0.07498007056569572,0.006485213439204179,0.23969876967603918,0.0,0.23969876967603918,0.0,-0.012369856097778763,0.018737686697182676,0.11015221734076833,1.635512977795599e-18,0.11015221734076833,1.635512977795599e-18,-0.005720144235138216,0.0068910654613034234,True
real,H,qwen_nonthinking,False,True,72,72,72,72,0,0,0,0,0,0,0,valid answers only; no imputation; equal source weights,1.0,0.0,0.2527262345887039,0.02365865978719722,8,0.16434715968531002,0.02179764421696885,0.20754579227837722,0.028862604896643565,1.0,0.0,0.1257368431534599,0.008101239333707082,0.1257368431534599,0.008101239333707082,0.126989391435244,0.027102143867110424,0.052008621923614384,0.0031611313358489296,0.052008621923614384,0.0031611313358489296,0.11233853776169565,0.022701422609370005,0.06988919598543616,0.00480800668121647,0.06988919598543616,0.00480800668121647,0.18283703860326772,0.02312225029244874,0.05981048233911789,0.001922975601560366,0.05981048233911789,0.001922975601560366,0.10453667734619213,0.02157100075511687,0.050701028389539646,0.004534396534874475,0.050701028389539646,0.004534396534874475,0.20202520619916425,0.025227865604734303,0.029452002539934408,0.002562618539610629,0.029452002539934408,0.002562618539610629,0.1348951571453756,0.022609096828063602,0.23969876967603918,0.0,0.23969876967603918,0.0,0.013027464912664703,0.023658659787197216,0.11015221734076833,1.635512977795599e-18,0.11015221734076833,1.635512977795599e-18,0.05419494234454168,0.02179764421696885,True
real,B,sol,False,False,72,0,0,0,0,72,0,0,0,0,0,valid answers only; no imputation; equal source weights,,,,,0,,,,,,,0.06514118029565336,0.005740698309695935,,,,,0.038133471788537696,0.0018227986472002906,,,,,0.15591631000694556,0.0019947240300766085,,,,,0.07863977416419665,0.0005813680613083889,,,,,0.06254545928736457,0.004479242105383198,,,,,0.0348234862321152,0.001835864063084025,,,,,0.23969876967603918,0.0,,,,,0.11015221734076833,1.635512977795599e-18,,,,,False
real,B,deepseek,False,False,72,0,0,0,0,72,0,0,0,0,0,valid answers only; no imputation; equal source weights,,,,,0,,,,,,,0.06514118029565336,0.005740698309695935,,,,,0.038133471788537696,0.0018227986472002906,,,,,0.15591631000694556,0.0019947240300766085,,,,,0.07863977416419665,0.0005813680613083889,,,,,0.06254545928736457,0.004479242105383198,,,,,0.0348234862321152,0.001835864063084025,,,,,0.23969876967603918,0.0,,,,,0.11015221734076833,1.635512977795599e-18,,,,,False
real,B,qwen_thinking,False,True,72,72,72,72,0,0,0,0,0,0,0,valid answers only; no imputation; equal source weights,1.0,0.0,0.20459073447419016,0.022854111510684137,8,0.11939423793392355,0.01649771574191926,-0.03807769438828948,0.029278175532843814,1.0,0.0,0.06514118029565336,0.005740698309695935,0.06514118029565336,0.005740698309695935,0.1394495541785368,0.021118693678170933,0.038133471788537696,0.0018227986472002906,0.038133471788537696,0.0018227986472002906,0.08126076614538585,0.015954071594595175,0.15591631000694556,0.0019947240300766085,0.15591631000694556,0.0019947240300766085,0.04867442446724459,0.022255491172373937,0.07863977416419665,0.0005813680613083889,0.07863977416419665,0.0005813680613083889,0.04075446376972691,0.016281353570309107,0.06254545928736457,0.004479242105383198,0.06254545928736457,0.004479242105383198,0.14204527518682558,0.021781165525552027,0.0348234862321152,0.001835864063084025,0.0348234862321152,0.001835864063084025,0.08457075170180835,0.016138424755308963,0.23969876967603918,0.0,0.23969876967603918,0.0,-0.03510803520184905,0.022854111510684137,0.11015221734076833,1.635512977795599e-18,0.11015221734076833,1.635512977795599e-18,0.009242020593155213,0.01649771574191926,True
real,B,qwen_nonthinking,False,True,72,72,72,72,0,0,0,0,0,0,0,valid answers only; no imputation; equal source weights,1.0,0.0,0.5586812729631885,0.01583049182173306,8,0.45608786057066736,0.02252303177606007,0.5504832922783772,0.019312583652781393,1.0,0.0,0.06514118029565336,0.005740698309695935,0.06514118029565336,0.005740698309695935,0.49354009266753507,0.01657019341261262,0.038133471788537696,0.0018227986472002906,0.038133471788537696,0.0018227986472002906,0.41795438878212965,0.021911645785002157,0.15591631000694556,0.0019947240300766085,0.15591631000694556,0.0019947240300766085,0.40276496295624287,0.015665762297868483,0.07863977416419665,0.0005813680613083889,0.07863977416419665,0.0005813680613083889,0.37744808640647065,0.022262144657510856,0.06254545928736457,0.004479242105383198,0.06254545928736457,0.004479242105383198,0.4961358136758238,0.016598791210214358,0.0348234862321152,0.001835864063084025,0.0348234862321152,0.001835864063084025,0.42126437433855213,0.022081473313516536,0.23969876967603918,0.0,0.23969876967603918,0.0,0.3189825032871492,0.01583049182173306,0.11015221734076833,1.635512977795599e-18,0.11015221734076833,1.635512977795599e-18,0.345935643229899,0.022523031776060073,True
surrogate,R,sol,False,False,72,0,0,0,0,72,0,0,0,0,0,valid answers only; no imputation; equal source weights,,,,,0,,,,,,,0.012181937599449775,0.002328931431849901,,,,,0.011602338368230243,0.0019961164673505303,,,,,0.012181937599449775,0.002328931431849901,,,,,0.011602338368230243,0.0019961164673505303,,,,,0.026159713784564054,0.002653466148620639,,,,,0.03625629816259951,0.0009143924116113005,,,,,0.3153450555004878,0.0,,,,,0.2477381004240897,0.0,,,,,False
surrogate,R,deepseek,False,False,72,0,0,0,0,72,0,0,0,0,0,valid answers only; no imputation; equal source weights,,,,,0,,,,,,,0.012181937599449775,0.002328931431849901,,,,,0.011602338368230243,0.0019961164673505303,,,,,0.012181937599449775,0.002328931431849901,,,,,0.011602338368230243,0.0019961164673505303,,,,,0.026159713784564054,0.002653466148620639,,,,,0.03625629816259951,0.0009143924116113005,,,,,0.3153450555004878,0.0,,,,,0.2477381004240897,0.0,,,,,False
surrogate,R,qwen_thinking,False,True,72,72,72,71,1,0,0,0,0,0,0,valid answers only; no imputation; equal source weights,0.9861111111111112,0.013888888888888888,0.012474665194413505,0.0023227666535171054,8,0.013493658917479006,0.0019167869136950573,-0.005943909450833573,0.0031119207720966585,1.0,0.0,0.012181937599449775,0.002328931431849901,0.012083525023870677,0.0023207412819423122,0.0003911401705428277,0.00023516349232871093,0.011602338368230243,0.0019961164673505303,0.011323461952215126,0.001912281007552318,0.00217019696526388,0.0006707022508774488,0.012181937599449775,0.002328931431849901,0.012083525023870677,0.0023207412819423122,0.0003911401705428277,0.00023516349232871093,0.011602338368230243,0.0019961164673505303,0.011323461952215126,0.001912281007552318,0.00217019696526388,0.0006707022508774488,0.026159713784564054,0.002653466148620639,0.026634279925726378,0.0024759276740054883,-0.014159614731312872,0.0038444924730788002,0.03625629816259951,0.0009143924116113005,0.03613803356707594,0.0008819452950946088,-0.022644374649596934,0.0014942763992253191,0.3153450555004878,0.0,0.3153450555004878,0.0,-0.30287039030607427,0.0023227666535171085,0.2477381004240897,0.0,0.2477381004240897,0.0,-0.2342444415066107,0.0019167869136950592,True
surrogate,R,qwen_nonthinking,False,True,72,72,72,72,0,0,0,0,0,0,0,valid answers only; no imputation; equal source weights,1.0,0.0,0.30683123165925097,0.014391694948394866,8,0.23667677449070695,0.01099575208304033,0.30683123165925097,0.014391694948394866,1.0,0.0,0.012181937599449775,0.002328931431849901,0.012181937599449775,0.002328931431849901,0.2946492940598012,0.01446014238308901,0.011602338368230243,0.0019961164673505303,0.011602338368230243,0.0019961164673505303,0.2250744361224767,0.01153805537969388,0.012181937599449775,0.002328931431849901,0.012181937599449775,0.002328931431849901,0.2946492940598012,0.01446014238308901,0.011602338368230243,0.0019961164673505303,0.011602338368230243,0.0019961164673505303,0.2250744361224767,0.01153805537969388,0.026159713784564054,0.002653466148620639,0.026159713784564054,0.002653466148620639,0.2806715178746869,0.014824094626841375,0.03625629816259951,0.0009143924116113005,0.03625629816259951,0.0009143924116113005,0.20042047632810744,0.011212461780686765,0.3153450555004878,0.0,0.3153450555004878,0.0,-0.008513823841236827,0.014391694948394866,0.2477381004240897,0.0,0.2477381004240897,0.0,-0.011061325933382733,0.01099575208304033,True
surrogate,S1,sol,False,False,72,0,0,0,0,72,0,0,0,0,0,valid answers only; no imputation; equal source weights,,,,,0,,,,,,,0.05554303994760698,0.0013944737713326688,,,,,0.04293549082668228,0.0008803459500329179,,,,,0.05554303994760698,0.0013944737713326688,,,,,0.04293549082668228,0.0008803459500329179,,,,,0.04411273367480796,0.0022418790198431974,,,,,0.04596015771961328,0.00033311674721745685,,,,,0.3153450555004878,0.0,,,,,0.2477381004240897,0.0,,,,,False
surrogate,S1,deepseek,False,False,72,0,0,0,0,72,0,0,0,0,0,valid answers only; no imputation; equal source weights,,,,,0,,,,,,,0.05554303994760698,0.0013944737713326688,,,,,0.04293549082668228,0.0008803459500329179,,,,,0.05554303994760698,0.0013944737713326688,,,,,0.04293549082668228,0.0008803459500329179,,,,,0.04411273367480796,0.0022418790198431974,,,,,0.04596015771961328,0.00033311674721745685,,,,,0.3153450555004878,0.0,,,,,0.2477381004240897,0.0,,,,,False
surrogate,S1,qwen_thinking,False,True,72,72,72,72,0,0,0,0,0,0,0,valid answers only; no imputation; equal source weights,1.0,0.0,0.05700613512475358,0.0017885576544659795,8,0.04645065296269093,0.0020989986968413268,0.051218942105198034,0.0022459061911059056,1.0,0.0,0.05554303994760698,0.0013944737713326688,0.05554303994760698,0.0013944737713326688,0.001463095177146605,0.001444779722564622,0.04293549082668228,0.0008803459500329179,0.04293549082668228,0.0008803459500329179,0.003515162136008655,0.0017032860663532402,0.05554303994760698,0.0013944737713326688,0.05554303994760698,0.0013944737713326688,0.001463095177146605,0.001444779722564622,0.04293549082668228,0.0008803459500329179,0.04293549082668228,0.0008803459500329179,0.003515162136008655,0.0017032860663532402,0.04411273367480796,0.0022418790198431974,0.04411273367480796,0.0022418790198431974,0.012893401449945621,0.003484878377671381,0.04596015771961328,0.00033311674721745685,0.04596015771961328,0.00033311674721745685,0.0004904952430776523,0.0018668570808041544,0.3153450555004878,0.0,0.3153450555004878,0.0,-0.2583389203757342,0.0017885576544659793,0.2477381004240897,0.0,0.2477381004240897,0.0,-0.2012874474613988,0.0020989986968413263,True
surrogate,S1,qwen_nonthinking,False,True,72,72,72,72,0,0,0,0,0,0,0,valid answers only; no imputation; equal source weights,1.0,0.0,0.24478178932678796,0.010291357438670354,8,0.17592339162105347,0.008212743403121893,0.21944373165925096,0.014202602501797834,1.0,0.0,0.05554303994760698,0.0013944737713326688,0.05554303994760698,0.0013944737713326688,0.189238749379181,0.009854794521529396,0.04293549082668228,0.0008803459500329179,0.04293549082668228,0.0008803459500329179,0.13298790079437117,0.008442627743149633,0.05554303994760698,0.0013944737713326688,0.05554303994760698,0.0013944737713326688,0.189238749379181,0.009854794521529396,0.04293549082668228,0.0008803459500329179,0.04293549082668228,0.0008803459500329179,0.13298790079437117,0.008442627743149633,0.04411273367480796,0.0022418790198431974,0.04411273367480796,0.0022418790198431974,0.20066905565198,0.011326333727164692,0.04596015771961328,0.00033311674721745685,0.04596015771961328,0.00033311674721745685,0.1299632339014402,0.008313126039526407,0.3153450555004878,0.0,0.3153450555004878,0.0,-0.07056326617369982,0.010291357438670353,0.2477381004240897,0.0,0.2477381004240897,0.0,-0.07181470880303624,0.008212743403121893,True
surrogate,S2,sol,False,False,72,0,0,0,0,72,0,0,0,0,0,valid answers only; no imputation; equal source weights,,,,,0,,,,,,,0.02262042619067502,0.007198801871348951,,,,,0.017128124140761675,0.003504020503376354,,,,,0.05554303994760698,0.0013944737713326688,,,,,0.04293549082668228,0.0008803459500329179,,,,,0.02968332409616016,0.003163492647684997,,,,,0.035471298688178,0.0015316616748677811,,,,,0.3153450555004878,0.0,,,,,0.2477381004240897,0.0,,,,,False
surrogate,S2,deepseek,False,False,72,0,0,0,0,72,0,0,0,0,0,valid answers only; no imputation; equal source weights,,,,,0,,,,,,,0.02262042619067502,0.007198801871348951,,,,,0.017128124140761675,0.003504020503376354,,,,,0.05554303994760698,0.0013944737713326688,,,,,0.04293549082668228,0.0008803459500329179,,,,,0.02968332409616016,0.003163492647684997,,,,,0.035471298688178,0.0015316616748677811,,,,,0.3153450555004878,0.0,,,,,0.2477381004240897,0.0,,,,,False
surrogate,S2,qwen_thinking,False,True,72,72,72,72,0,0,0,0,0,0,0,valid answers only; no imputation; equal source weights,1.0,0.0,0.07465431136373676,0.012931312184725515,8,0.05920571333175355,0.008817047941734586,0.06448434399542227,0.014171192563800788,1.0,0.0,0.02262042619067502,0.007198801871348951,0.02262042619067502,0.007198801871348951,0.05203388517306175,0.014852958476723587,0.017128124140761675,0.003504020503376354,0.017128124140761675,0.003504020503376354,0.04207758919099187,0.010017107711334076,0.05554303994760698,0.0013944737713326688,0.05554303994760698,0.0013944737713326688,0.019111271416129793,0.012981185511838918,0.04293549082668228,0.0008803459500329179,0.04293549082668228,0.0008803459500329179,0.016270222505071263,0.008894252378151982,0.02968332409616016,0.003163492647684997,0.02968332409616016,0.003163492647684997,0.04497098726757661,0.013022853459698606,0.035471298688178,0.0015316616748677811,0.035471298688178,0.0015316616748677811,0.02373441464357554,0.009205900337519335,0.3153450555004878,0.0,0.3153450555004878,0.0,-0.240690744136751,0.012931312184725515,0.2477381004240897,0.0,0.2477381004240897,0.0,-0.18853238709233616,0.008817047941734586,True
surrogate,S2,qwen_nonthinking,False,True,72,72,72,72,0,0,0,0,0,0,0,valid answers only; no imputation; equal source weights,1.0,0.0,0.2747342768304597,0.010195216760911762,8,0.21345385747151924,0.009893522577108486,0.23302289832591763,0.013237521712755718,1.0,0.0,0.02262042619067502,0.007198801871348951,0.02262042619067502,0.007198801871348951,0.25211385063978464,0.010841752952690272,0.017128124140761675,0.003504020503376354,0.017128124140761675,0.003504020503376354,0.19632573333075753,0.010323347237965439,0.05554303994760698,0.0013944737713326688,0.05554303994760698,0.0013944737713326688,0.21919123688285275,0.009745440584332167,0.04293549082668228,0.0008803459500329179,0.04293549082668228,0.0008803459500329179,0.17051836664483694,0.009927819747236366,0.02968332409616016,0.003163492647684997,0.02968332409616016,0.003163492647684997,0.24505095273429953,0.011657489622040579,0.035471298688178,0.0015316616748677811,0.035471298688178,0.0015316616748677811,0.17798255878334124,0.010533800173071556,0.3153450555004878,0.0,0.3153450555004878,0.0,-0.040610778670028075,0.01019521676091176,0.2477381004240897,0.0,0.2477381004240897,0.0,-0.03428424295257049,0.009893522577108486,True
surrogate,H,sol,False,False,72,0,0,0,0,72,0,0,0,0,0,valid answers only; no imputation; equal source weights,,,,,0,,,,,,,0.12478423643617122,0.002522574188798921,,,,,0.10393192473308369,0.0011070653216604365,,,,,0.1053023847491722,0.0032289298762540617,,,,,0.1760574894615819,0.0011554118370156038,,,,,0.07949359449274218,0.0022629383275063527,,,,,0.08161810026971619,0.0021142847060966682,,,,,0.3153450555004878,0.0,,,,,0.2477381004240897,0.0,,,,,False
surrogate,H,deepseek,False,False,72,0,0,0,0,72,0,0,0,0,0,valid answers only; no imputation; equal source weights,,,,,0,,,,,,,0.12478423643617122,0.002522574188798921,,,,,0.10393192473308369,0.0011070653216604365,,,,,0.1053023847491722,0.0032289298762540617,,,,,0.1760574894615819,0.0011554118370156038,,,,,0.07949359449274218,0.0022629383275063527,,,,,0.08161810026971619,0.0021142847060966682,,,,,0.3153450555004878,0.0,,,,,0.2477381004240897,0.0,,,,,False
surrogate,H,qwen_thinking,False,True,72,72,72,72,0,0,0,0,0,0,0,valid answers only; no imputation; equal source weights,1.0,0.0,0.18470854269358244,0.011397591520307934,8,0.16018500816177234,0.0063779049283163814,0.04809413276393554,0.019549509582606497,1.0,0.0,0.12478423643617122,0.002522574188798921,0.12478423643617122,0.002522574188798921,0.059924306257411214,0.012075710709803258,0.10393192473308369,0.0011070653216604365,0.10393192473308369,0.0011070653216604365,0.05625308342868862,0.006165070174452731,0.1053023847491722,0.0032289298762540617,0.1053023847491722,0.0032289298762540617,0.07940615794441024,0.011169803632410958,0.1760574894615819,0.0011554118370156038,0.1760574894615819,0.0011554118370156038,-0.015872481299809577,0.0066522941881702775,0.07949359449274218,0.0022629383275063527,0.07949359449274218,0.0022629383275063527,0.10521494820084024,0.011231182015640937,0.08161810026971619,0.0021142847060966682,0.08161810026971619,0.0021142847060966682,0.0785669078920561,0.007054572187536841,0.3153450555004878,0.0,0.3153450555004878,0.0,-0.13063651280690536,0.011397591520307934,0.2477381004240897,0.0,0.2477381004240897,0.0,-0.0875530922623174,0.006377904928316383,True
surrogate,H,qwen_nonthinking,False,True,72,72,72,72,0,0,0,0,0,0,0,valid answers only; no imputation; equal source weights,1.0,0.0,0.28385676419838246,0.024253456346531657,8,0.2503738086700301,0.016988711731367026,-0.03057710167408235,0.03172016646019288,1.0,0.0,0.12478423643617122,0.002522574188798921,0.12478423643617122,0.002522574188798921,0.15907252776221126,0.024332450467833177,0.10393192473308369,0.0011070653216604365,0.10393192473308369,0.0011070653216604365,0.14644188393694646,0.01736964195242327,0.1053023847491722,0.0032289298762540617,0.1053023847491722,0.0032289298762540617,0.17855437944921027,0.02360138101891222,0.1760574894615819,0.0011554118370156038,0.1760574894615819,0.0011554118370156038,0.07431631920844825,0.016756592224831095,0.07949359449274218,0.0022629383275063527,0.07949359449274218,0.0022629383275063527,0.20436316970564028,0.024008428341586032,0.08161810026971619,0.0021142847060966682,0.08161810026971619,0.0021142847060966682,0.16875570840031393,0.016660767603562592,0.3153450555004878,0.0,0.3153450555004878,0.0,-0.03148829130210533,0.024253456346531657,0.2477381004240897,0.0,0.2477381004240897,0.0,0.0026357082459404317,0.016988711731367023,True
surrogate,B,sol,False,False,72,0,0,0,0,72,0,0,0,0,0,valid answers only; no imputation; equal source weights,,,,,0,,,,,,,0.16103778158220372,0.0026313080451300886,,,,,0.147181170152677,0.002143975637736165,,,,,0.3041341637402337,0.0026665792400239166,,,,,0.23885511560238804,0.0011434709817297224,,,,,0.0775287067470609,0.0024021337295274184,,,,,0.10370084142886563,0.0018156384091298945,,,,,0.3153450555004878,0.0,,,,,0.2477381004240897,0.0,,,,,False
surrogate,B,deepseek,False,False,72,0,0,0,0,72,0,0,0,0,0,valid answers only; no imputation; equal source weights,,,,,0,,,,,,,0.16103778158220372,0.0026313080451300886,,,,,0.147181170152677,0.002143975637736165,,,,,0.3041341637402337,0.0026665792400239166,,,,,0.23885511560238804,0.0011434709817297224,,,,,0.0775287067470609,0.0024021337295274184,,,,,0.10370084142886563,0.0018156384091298945,,,,,0.3153450555004878,0.0,,,,,0.2477381004240897,0.0,,,,,False
surrogate,B,qwen_thinking,False,True,72,72,72,71,1,0,0,0,0,0,0,valid answers only; no imputation; equal source weights,0.9861111111111112,0.013888888888888888,0.30942341451200095,0.01909724642712887,8,0.27049393624383855,0.013285477288811987,-0.13572482812430256,0.03157984192666601,1.0,0.0,0.16103778158220372,0.0026313080451300886,0.16074579762963986,0.0025781411243739074,0.14867761688236106,0.01830584906829338,0.147181170152677,0.002143975637736165,0.1469947783966294,0.002117634270495776,0.1234991578472091,0.012073403800317786,0.3041341637402337,0.0026665792400239166,0.3040263500633411,0.0026581358444035964,0.005397064448659821,0.0174175195472158,0.23885511560238804,0.0011434709817297224,0.23877352713675354,0.0011323500097633631,0.03172040910708497,0.012601665236525712,0.0775287067470609,0.0024021337295274184,0.07726389242353265,0.0023339831001985036,0.23215952208846827,0.018485926874084815,0.10370084142886563,0.0018156384091298945,0.10367808867134254,0.0018168652955334458,0.16681584757249596,0.013337896565670943,0.3153450555004878,0.0,0.3153450555004878,0.0,-0.005921640988486826,0.01909724642712887,0.2477381004240897,0.0,0.2477381004240897,0.0,0.022755835819748806,0.013285477288811989,True
surrogate,B,qwen_nonthinking,False,True,72,72,72,72,0,0,0,0,0,0,0,valid answers only; no imputation; equal source weights,1.0,0.0,0.31028723979032014,0.01774852371227385,8,0.2719727875901472,0.022472072306840337,0.2883756761036954,0.017988952424652743,1.0,0.0,0.16103778158220372,0.0026313080451300886,0.16103778158220372,0.0026313080451300886,0.14924945820811647,0.01706402433578743,0.147181170152677,0.002143975637736165,0.147181170152677,0.002143975637736165,0.12479161743747019,0.022182971861442746,0.3041341637402337,0.0026665792400239166,0.3041341637402337,0.0026665792400239166,0.0061530760500864284,0.017779669132887865,0.23885511560238804,0.0011434709817297224,0.23885511560238804,0.0011434709817297224,0.03311767198775914,0.022346123015003445,0.0775287067470609,0.0024021337295274184,0.0775287067470609,0.0024021337295274184,0.23275853304325927,0.017239376838049818,0.10370084142886563,0.0018156384091298945,0.10370084142886563,0.0018156384091298945,0.1682719461612816,0.022197741040372657,0.3153450555004878,0.0,0.3153450555004878,0.0,-0.005057815710167581,0.017748523712273846,0.2477381004240897,0.0,0.2477381004240897,0.0,0.0242346871660575,0.022472072306840334,True
dar_a0,R,sol,False,False,18,0,0,0,0,18,0,0,0,0,0,valid answers only; no imputation; equal source weights,,,,,0,,,,,,,0.026854567357085902,0.008311438062358548,,,,,0.010423523666357702,0.002001337432102111,,,,,0.026854567357085902,0.008311438062358548,,,,,0.010423523666357702,0.002001337432102111,,,,,0.03819494210583356,0.011302251803316437,,,,,0.01554345383574728,0.001819512001999418,,,,,0.03677670046381365,0.0,,,,,0.03508417697610491,0.0,,,,,False
dar_a0,R,deepseek,False,False,18,0,0,0,0,18,0,0,0,0,0,valid answers only; no imputation; equal source weights,,,,,0,,,,,,,0.026854567357085902,0.008311438062358548,,,,,0.010423523666357702,0.002001337432102111,,,,,0.026854567357085902,0.008311438062358548,,,,,0.010423523666357702,0.002001337432102111,,,,,0.03819494210583356,0.011302251803316437,,,,,0.01554345383574728,0.001819512001999418,,,,,0.03677670046381365,0.0,,,,,0.03508417697610491,0.0,,,,,False
dar_a0,R,qwen_thinking,False,True,18,18,18,18,0,0,0,0,0,0,0,valid answers only; no imputation; equal source weights,1.0,0.0,0.026854826062351147,0.008311446057756638,2,0.010423622360740193,0.002001328280824655,-0.01284016443093121,0.013757666772722886,1.0,0.0,0.026854567357085902,0.008311438062358548,0.026854567357085902,0.008311438062358548,2.5870526524424734e-07,1.883941513691602e-07,0.010423523666357702,0.002001337432102111,0.010423523666357702,0.002001337432102111,9.869438249084038e-08,7.336294026350365e-08,0.026854567357085902,0.008311438062358548,0.026854567357085902,0.008311438062358548,2.5870526524424734e-07,1.883941513691602e-07,0.010423523666357702,0.002001337432102111,0.010423523666357702,0.002001337432102111,9.869438249084038e-08,7.336294026350365e-08,0.03819494210583356,0.011302251803316437,0.03819494210583356,0.011302251803316437,-0.011340116043482408,0.006308459673157415,0.01554345383574728,0.001819512001999418,0.01554345383574728,0.001819512001999418,-0.005119831475007084,0.001356906263976341,0.03677670046381365,0.0,0.03677670046381365,0.0,-0.009921874401462503,0.008311446057756638,0.03508417697610491,0.0,0.03508417697610491,0.0,-0.024660554615364712,0.002001328280824654,True
dar_a0,R,qwen_nonthinking,False,True,18,18,18,18,0,0,0,0,0,0,0,valid answers only; no imputation; equal source weights,1.0,0.0,0.4531822879524021,0.02463298501232207,2,0.38709620514295384,0.04029144643549295,0.4531822879524021,0.02463298501232207,1.0,0.0,0.026854567357085902,0.008311438062358548,0.026854567357085902,0.008311438062358548,0.4263277205953162,0.02544720050986942,0.010423523666357702,0.002001337432102111,0.010423523666357702,0.002001337432102111,0.37667268147659605,0.04025133818620407,0.026854567357085902,0.008311438062358548,0.026854567357085902,0.008311438062358548,0.4263277205953162,0.02544720050986942,0.010423523666357702,0.002001337432102111,0.010423523666357702,0.002001337432102111,0.37667268147659605,0.04025133818620407,0.03819494210583356,0.011302251803316437,0.03819494210583356,0.011302251803316437,0.4149873458465685,0.03039742017222455,0.01554345383574728,0.001819512001999418,0.01554345383574728,0.001819512001999418,0.37155275130720655,0.04065898311702769,0.03677670046381365,0.0,0.03677670046381365,0.0,0.41640558748858847,0.024632985012322067,0.03508417697610491,0.0,0.03508417697610491,0.0,0.35201202816684884,0.04029144643549294,True
dar_a0,S1,sol,False,False,18,0,0,0,0,18,0,0,0,0,0,valid answers only; no imputation; equal source weights,,,,,0,,,,,,,0.009746118959030003,0.0010821907095326605,,,,,0.008766736818214514,0.0014732941173068049,,,,,0.009746118959030003,0.0010821907095326605,,,,,0.008766736818214514,0.0014732941173068049,,,,,0.016087521844899318,0.007249881410103391,,,,,0.011513643073678647,0.000933057783545225,,,,,0.03677670046381365,0.0,,,,,0.03508417697610491,0.0,,,,,False
dar_a0,S1,deepseek,False,False,18,0,0,0,0,18,0,0,0,0,0,valid answers only; no imputation; equal source weights,,,,,0,,,,,,,0.009746118959030003,0.0010821907095326605,,,,,0.008766736818214514,0.0014732941173068049,,,,,0.009746118959030003,0.0010821907095326605,,,,,0.008766736818214514,0.0014732941173068049,,,,,0.016087521844899318,0.007249881410103391,,,,,0.011513643073678647,0.000933057783545225,,,,,0.03677670046381365,0.0,,,,,0.03508417697610491,0.0,,,,,False
dar_a0,S1,qwen_thinking,False,True,18,18,18,18,0,0,0,0,0,0,0,valid answers only; no imputation; equal source weights,1.0,0.0,0.009948770058208115,0.0016257790239611854,2,0.009752329655165237,0.0017611115055426148,0.0007396657301798954,0.0052338296548205526,1.0,0.0,0.009746118959030003,0.0010821907095326605,0.009746118959030003,0.0010821907095326605,0.0002026510991781145,0.0009110966694452481,0.008766736818214514,0.0014732941173068049,0.008766736818214514,0.0014732941173068049,0.0009855928369507227,0.001053306138460377,0.009746118959030003,0.0010821907095326605,0.009746118959030003,0.0010821907095326605,0.0002026510991781145,0.0009110966694452481,0.008766736818214514,0.0014732941173068049,0.008766736818214514,0.0014732941173068049,0.0009855928369507227,0.001053306138460377,0.016087521844899318,0.007249881410103391,0.016087521844899318,0.007249881410103391,-0.006138751786691204,0.006471134914917374,0.011513643073678647,0.000933057783545225,0.011513643073678647,0.000933057783545225,-0.0017613134185134086,0.0022186662629220923,0.03677670046381365,0.0,0.03677670046381365,0.0,-0.026827930405605535,0.0016257790239611854,0.03508417697610491,0.0,0.03508417697610491,0.0,-0.02533184732093967,0.001761111505542614,True
dar_a0,S1,qwen_nonthinking,False,True,18,18,18,18,0,0,0,0,0,0,0,valid answers only; no imputation; equal source weights,1.0,0.0,0.26156562128573546,0.04415574253441371,2,0.2229628718096205,0.028498057756810267,0.26156562128573546,0.04415574253441371,1.0,0.0,0.009746118959030003,0.0010821907095326605,0.009746118959030003,0.0010821907095326605,0.25181950232670547,0.04461117017143754,0.008766736818214514,0.0014732941173068049,0.008766736818214514,0.0014732941173068049,0.214196134991406,0.02729457417035347,0.009746118959030003,0.0010821907095326605,0.009746118959030003,0.0010821907095326605,0.25181950232670547,0.04461117017143754,0.008766736818214514,0.0014732941173068049,0.008766736818214514,0.0014732941173068049,0.214196134991406,0.02729457417035347,0.016087521844899318,0.007249881410103391,0.016087521844899318,0.007249881410103391,0.24547809944083615,0.04925555297861678,0.011513643073678647,0.000933057783545225,0.011513643073678647,0.000933057783545225,0.21144922873594185,0.028979036579787804,0.03677670046381365,0.0,0.03677670046381365,0.0,0.2247889208219218,0.044155742534413706,0.03508417697610491,0.0,0.03508417697610491,0.0,0.1878786948335156,0.028498057756810264,True
dar_a0,S2,sol,False,False,18,0,0,0,0,18,0,0,0,0,0,valid answers only; no imputation; equal source weights,,,,,0,,,,,,,0.013767157106493528,0.0028715243021053003,,,,,0.010935331548576375,0.002576509755418669,,,,,0.009746118959030003,0.0010821907095326605,,,,,0.008766736818214514,0.0014732941173068049,,,,,0.015442004942261982,0.007101585910094095,,,,,0.01230235182871835,0.0010268767349187265,,,,,0.03677670046381365,0.0,,,,,0.03508417697610491,0.0,,,,,False
dar_a0,S2,deepseek,False,False,18,0,0,0,0,18,0,0,0,0,0,valid answers only; no imputation; equal source weights,,,,,0,,,,,,,0.013767157106493528,0.0028715243021053003,,,,,0.010935331548576375,0.002576509755418669,,,,,0.009746118959030003,0.0010821907095326605,,,,,0.008766736818214514,0.0014732941173068049,,,,,0.015442004942261982,0.007101585910094095,,,,,0.01230235182871835,0.0010268767349187265,,,,,0.03677670046381365,0.0,,,,,0.03508417697610491,0.0,,,,,False
dar_a0,S2,qwen_thinking,False,True,18,18,18,18,0,0,0,0,0,0,0,valid answers only; no imputation; equal source weights,1.0,0.0,0.012608981874459545,0.002271851724548255,2,0.010218021111244598,0.0021928606459362247,0.005039540535958018,0.006447566344670343,1.0,0.0,0.013767157106493528,0.0028715243021053003,0.013767157106493528,0.0028715243021053003,-0.0011581752320339836,0.0006519006574481583,0.010935331548576375,0.002576509755418669,0.010935331548576375,0.002576509755418669,-0.0007173104373317754,0.00045374504311473983,0.009746118959030003,0.0010821907095326605,0.009746118959030003,0.0010821907095326605,0.0028628629154295437,0.001850485672158432,0.008766736818214514,0.0014732941173068049,0.008766736818214514,0.0014732941173068049,0.0014512842930300837,0.0009081061612497968,0.015442004942261982,0.007101585910094095,0.015442004942261982,0.007101585910094095,-0.0028330230678024356,0.006993661922035979,0.01230235182871835,0.0010268767349187265,0.01230235182871835,0.0010268767349187265,-0.002084330717473751,0.0018665815206464634,0.03677670046381365,0.0,0.03677670046381365,0.0,-0.024167718589354105,0.002271851724548255,0.03508417697610491,0.0,0.03508417697610491,0.0,-0.02486615586486031,0.0021928606459362242,True
dar_a0,S2,qwen_nonthinking,False,True,18,18,18,18,0,0,0,0,0,0,0,valid answers only; no imputation; equal source weights,1.0,0.0,0.4257378435079576,0.026113881058751436,2,0.3269045384762872,0.02669399399116995,0.4257378435079576,0.026113881058751436,1.0,0.0,0.013767157106493528,0.0028715243021053003,0.013767157106493528,0.0028715243021053003,0.41197068640146417,0.027881632270149916,0.010935331548576375,0.002576509755418669,0.010935331548576375,0.002576509755418669,0.3159692069277108,0.025168303744402737,0.009746118959030003,0.0010821907095326605,0.009746118959030003,0.0010821907095326605,0.41599172454892763,0.026156553000691408,0.008766736818214514,0.0014732941173068049,0.008766736818214514,0.0014732941173068049,0.3181378016580726,0.02572126264916007,0.015442004942261982,0.007101585910094095,0.015442004942261982,0.007101585910094095,0.4102958385656956,0.028854276717594378,0.01230235182871835,0.0010268767349187265,0.01230235182871835,0.0010268767349187265,0.3146021866475688,0.026586580103432806,0.03677670046381365,0.0,0.03677670046381365,0.0,0.388961143044144,0.026113881058751426,0.03508417697610491,0.0,0.03508417697610491,0.0,0.2918203615001822,0.02669399399116994,True
dar_a0,H,sol,False,False,18,0,0,0,0,18,0,0,0,0,0,valid answers only; no imputation; equal source weights,,,,,0,,,,,,,0.01744243917007715,0.006383787952458882,,,,,0.007065141008937835,0.0025228307620092797,,,,,0.16930231448324645,0.0052130366994553486,,,,,0.06214182376276731,0.0014847254176651138,,,,,0.045154300818211694,0.01788959446920564,,,,,0.017556182606641747,0.00301492073298648,,,,,0.03677670046381365,0.0,,,,,0.03508417697610491,0.0,,,,,False
dar_a0,H,deepseek,False,False,18,0,0,0,0,18,0,0,0,0,0,valid answers only; no imputation; equal source weights,,,,,0,,,,,,,0.01744243917007715,0.006383787952458882,,,,,0.007065141008937835,0.0025228307620092797,,,,,0.16930231448324645,0.0052130366994553486,,,,,0.06214182376276731,0.0014847254176651138,,,,,0.045154300818211694,0.01788959446920564,,,,,0.017556182606641747,0.00301492073298648,,,,,0.03677670046381365,0.0,,,,,0.03508417697610491,0.0,,,,,False
dar_a0,H,qwen_thinking,False,True,18,18,18,18,0,0,0,0,0,0,0,valid answers only; no imputation; equal source weights,1.0,0.0,0.2358934343976069,0.02582277947449277,2,0.10541860714212353,0.0162170921086485,0.05915131538724437,0.055912320298270604,1.0,0.0,0.01744243917007715,0.006383787952458882,0.01744243917007715,0.006383787952458882,0.21845099522752975,0.028470880074645797,0.007065141008937835,0.0025228307620092797,0.007065141008937835,0.0025228307620092797,0.09835346613318569,0.017032010716880642,0.16930231448324645,0.0052130366994553486,0.16930231448324645,0.0052130366994553486,0.06659111991436044,0.022541739038599785,0.06214182376276731,0.0014847254176651138,0.06214182376276731,0.0014847254176651138,0.043276783379356205,0.015864052833782914,0.045154300818211694,0.01788959446920564,0.045154300818211694,0.01788959446920564,0.1907391335793952,0.02132726727756399,0.017556182606641747,0.00301492073298648,0.017556182606641747,0.00301492073298648,0.08786242453548178,0.01527370373844374,0.03677670046381365,0.0,0.03677670046381365,0.0,0.19911673393379326,0.025822779474492765,0.03508417697610491,0.0,0.03508417697610491,0.0,0.07033443016601862,0.0162170921086485,True
dar_a0,H,qwen_nonthinking,False,True,18,18,18,18,0,0,0,0,0,0,0,valid answers only; no imputation; equal source weights,1.0,0.0,0.2232204702939476,0.030343540207163507,2,0.1661310780193775,0.03630217226016882,0.13186562128573545,0.07984075953243461,1.0,0.0,0.01744243917007715,0.006383787952458882,0.01744243917007715,0.006383787952458882,0.2057780311238705,0.033343663861181504,0.007065141008937835,0.0025228307620092797,0.007065141008937835,0.0025228307620092797,0.15906593701043964,0.03682805137976328,0.16930231448324645,0.0052130366994553486,0.16930231448324645,0.0052130366994553486,0.053918155810701154,0.03105745036110176,0.06214182376276731,0.0014847254176651138,0.06214182376276731,0.0014847254176651138,0.10398925425661015,0.036183484768816845,0.045154300818211694,0.01788959446920564,0.045154300818211694,0.01788959446920564,0.17806616947573592,0.03495488000775387,0.017556182606641747,0.00301492073298648,0.017556182606641747,0.00301492073298648,0.14857489541273572,0.037894282097241425,0.03677670046381365,0.0,0.03677670046381365,0.0,0.18644376983013397,0.030343540207163504,0.03508417697610491,0.0,0.03508417697610491,0.0,0.13104690104327255,0.036302172260168825,True
dar_a0,B,sol,False,False,18,0,0,0,0,18,0,0,0,0,0,valid answers only; no imputation; equal source weights,,,,,0,,,,,,,0.03981067149797276,0.02303113773408126,,,,,0.03224314396895257,0.004150152204529984,,,,,0.34791856831573814,0.0030558849688571647,,,,,0.11061888664680664,0.0009502392697394331,,,,,0.09027930456397588,0.023860396905263846,,,,,0.051930370632868456,0.012996799776514686,,,,,0.03677670046381365,0.0,,,,,0.03508417697610491,0.0,,,,,False
dar_a0,B,deepseek,False,False,18,0,0,0,0,18,0,0,0,0,0,valid answers only; no imputation; equal source weights,,,,,0,,,,,,,0.03981067149797276,0.02303113773408126,,,,,0.03224314396895257,0.004150152204529984,,,,,0.34791856831573814,0.0030558849688571647,,,,,0.11061888664680664,0.0009502392697394331,,,,,0.09027930456397588,0.023860396905263846,,,,,0.051930370632868456,0.012996799776514686,,,,,0.03677670046381365,0.0,,,,,0.03508417697610491,0.0,,,,,False
dar_a0,B,qwen_thinking,False,True,18,18,18,18,0,0,0,0,0,0,0,valid answers only; no imputation; equal source weights,1.0,0.0,0.2710517039950098,0.038465745176260925,2,0.12616648542057407,0.031041835230084913,0.0745489546190688,0.028209442644635638,1.0,0.0,0.03981067149797276,0.02303113773408126,0.03981067149797276,0.02303113773408126,0.23124103249703698,0.05304048873441845,0.03224314396895257,0.004150152204529984,0.03224314396895257,0.004150152204529984,0.09392334145162151,0.029280704132885214,0.34791856831573814,0.0030558849688571647,0.34791856831573814,0.0030558849688571647,-0.07686686432072842,0.04025552618262675,0.11061888664680664,0.0009502392697394331,0.11061888664680664,0.0009502392697394331,0.015547598773767437,0.03184670674073327,0.09027930456397588,0.023860396905263846,0.09027930456397588,0.023860396905263846,0.18077239943103385,0.04195258364442767,0.051930370632868456,0.012996799776514686,0.051930370632868456,0.012996799776514686,0.07423611478770561,0.022810282825688248,0.03677670046381365,0.0,0.03677670046381365,0.0,0.23427500353119607,0.03846574517626093,0.03508417697610491,0.0,0.03508417697610491,0.0,0.09108230844446918,0.031041835230084913,True
dar_a0,B,qwen_nonthinking,False,True,18,18,18,18,0,0,0,0,0,0,0,valid answers only; no imputation; equal source weights,1.0,0.0,0.45807117684129095,0.018314299884159196,2,0.4273184273651761,0.03771995421507897,0.45807117684129095,0.018314299884159196,1.0,0.0,0.03981067149797276,0.02303113773408126,0.03981067149797276,0.02303113773408126,0.4182605053433182,0.03501957479838479,0.03224314396895257,0.004150152204529984,0.03224314396895257,0.004150152204529984,0.39507528339622355,0.03909925679634045,0.34791856831573814,0.0030558849688571647,0.34791856831573814,0.0030558849688571647,0.11015260852555286,0.019978763186866918,0.11061888664680664,0.0009502392697394331,0.11061888664680664,0.0009502392697394331,0.31669954071836937,0.037617396863264416,0.09027930456397588,0.023860396905263846,0.09027930456397588,0.023860396905263846,0.36779187227731513,0.019249181018682303,0.051930370632868456,0.012996799776514686,0.051930370632868456,0.012996799776514686,0.3753880567323076,0.037960286312110965,0.03677670046381365,0.0,0.03677670046381365,0.0,0.4212944763774774,0.018314299884159196,0.03508417697610491,0.0,0.03508417697610491,0.0,0.3922342503890711,0.037719954215078955,True
dar_a08,R,sol,False,False,18,0,0,0,0,18,0,0,0,0,0,valid answers only; no imputation; equal source weights,,,,,0,,,,,,,0.02888393211656668,0.011088636960721602,,,,,0.025452909001752077,0.0046056406009858586,,,,,0.02888393211656668,0.011088636960721602,,,,,0.025452909001752077,0.0046056406009858586,,,,,0.005353644568908652,0.0011523687670722115,,,,,0.013244045083514826,0.0037232944916007742,,,,,0.42696058808431453,0.0,,,,,0.391531187168607,0.0,,,,,False
dar_a08,R,deepseek,False,False,18,0,0,0,0,18,0,0,0,0,0,valid answers only; no imputation; equal source weights,,,,,0,,,,,,,0.02888393211656668,0.011088636960721602,,,,,0.025452909001752077,0.0046056406009858586,,,,,0.02888393211656668,0.011088636960721602,,,,,0.025452909001752077,0.0046056406009858586,,,,,0.005353644568908652,0.0011523687670722115,,,,,0.013244045083514826,0.0037232944916007742,,,,,0.42696058808431453,0.0,,,,,0.391531187168607,0.0,,,,,False
dar_a08,R,qwen_thinking,False,True,18,18,18,18,0,0,0,0,0,0,0,valid answers only; no imputation; equal source weights,1.0,0.0,0.028886224189768914,0.011087785280454173,2,0.026575637380330454,0.0044924184358359105,-0.013214718323654322,0.011087785280454173,1.0,0.0,0.02888393211656668,0.011088636960721602,0.02888393211656668,0.011088636960721602,2.292073202230732e-06,5.366937913262431e-06,0.025452909001752077,0.0046056406009858586,0.025452909001752077,0.0046056406009858586,0.0011227283785783782,0.0013568432043255738,0.02888393211656668,0.011088636960721602,0.02888393211656668,0.011088636960721602,2.292073202230732e-06,5.366937913262431e-06,0.025452909001752077,0.0046056406009858586,0.025452909001752077,0.0046056406009858586,0.0011227283785783782,0.0013568432043255738,0.005353644568908652,0.0011523687670722115,0.005353644568908652,0.0011523687670722115,0.02353257962086026,0.01096207774228384,0.013244045083514826,0.0037232944916007742,0.013244045083514826,0.0037232944916007742,0.013331592296815627,0.0028822546211026818,0.42696058808431453,0.0,0.42696058808431453,0.0,-0.3980743638945456,0.011087785280454178,0.391531187168607,0.0,0.391531187168607,0.0,-0.3649555497882765,0.0044924184358359105,True
dar_a08,R,qwen_nonthinking,False,True,18,18,18,18,0,0,0,0,0,0,0,valid answers only; no imputation; equal source weights,1.0,0.0,0.07386020323630275,0.022098310056656478,2,0.0942533244418559,0.018597756823004616,0.05105395588745679,0.0331416712066602,1.0,0.0,0.02888393211656668,0.011088636960721602,0.02888393211656668,0.011088636960721602,0.04497627111973607,0.02939926468342678,0.025452909001752077,0.0046056406009858586,0.025452909001752077,0.0046056406009858586,0.06880041544010382,0.01834684253114497,0.02888393211656668,0.011088636960721602,0.02888393211656668,0.011088636960721602,0.04497627111973607,0.02939926468342678,0.025452909001752077,0.0046056406009858586,0.025452909001752077,0.0046056406009858586,0.06880041544010382,0.01834684253114497,0.005353644568908652,0.0011523687670722115,0.005353644568908652,0.0011523687670722115,0.06850655866739411,0.021293092799243424,0.013244045083514826,0.0037232944916007742,0.013244045083514826,0.0037232944916007742,0.08100927935834107,0.01833827444439243,0.42696058808431453,0.0,0.42696058808431453,0.0,-0.35310038484801176,0.022098310056656478,0.391531187168607,0.0,0.391531187168607,0.0,-0.29727786272675105,0.018597756823004623,True
dar_a08,S1,sol,False,False,18,0,0,0,0,18,0,0,0,0,0,valid answers only; no imputation; equal source weights,,,,,0,,,,,,,0.02131217284033034,0.00642679268987383,,,,,0.022940265548047616,0.0052228772366887735,,,,,0.02131217284033034,0.00642679268987383,,,,,0.022940265548047616,0.0052228772366887735,,,,,0.010171054962555548,0.0018524304104971347,,,,,0.01663775244601149,0.003718516192946249,,,,,0.42696058808431453,0.0,,,,,0.391531187168607,0.0,,,,,False
dar_a08,S1,deepseek,False,False,18,0,0,0,0,18,0,0,0,0,0,valid answers only; no imputation; equal source weights,,,,,0,,,,,,,0.02131217284033034,0.00642679268987383,,,,,0.022940265548047616,0.0052228772366887735,,,,,0.02131217284033034,0.00642679268987383,,,,,0.022940265548047616,0.0052228772366887735,,,,,0.010171054962555548,0.0018524304104971347,,,,,0.01663775244601149,0.003718516192946249,,,,,0.42696058808431453,0.0,,,,,0.391531187168607,0.0,,,,,False
dar_a08,S1,qwen_thinking,False,True,18,18,18,18,0,0,0,0,0,0,0,valid answers only; no imputation; equal source weights,1.0,0.0,0.021313079364027005,0.006425399905896383,2,0.021181934032124997,0.00501087759200792,-0.0039633347125432004,0.00699964124133191,1.0,0.0,0.02131217284033034,0.00642679268987383,0.02131217284033034,0.00642679268987383,9.065236966643297e-07,4.959931892137185e-06,0.022940265548047616,0.0052228772366887735,0.022940265548047616,0.0052228772366887735,-0.001758331515922619,0.0008971055121735115,0.02131217284033034,0.00642679268987383,0.02131217284033034,0.00642679268987383,9.065236966643297e-07,4.959931892137185e-06,0.022940265548047616,0.0052228772366887735,0.022940265548047616,0.0052228772366887735,-0.001758331515922619,0.0008971055121735115,0.010171054962555548,0.0018524304104971347,0.010171054962555548,0.0018524304104971347,0.011142024401471457,0.007339389673429934,0.01663775244601149,0.003718516192946249,0.01663775244601149,0.003718516192946249,0.0045441815861135045,0.0021477056306523964,0.42696058808431453,0.0,0.42696058808431453,0.0,-0.40564750872028754,0.006425399905896389,0.391531187168607,0.0,0.391531187168607,0.0,-0.370349253136482,0.0050108775920079205,True
dar_a08,S1,qwen_nonthinking,False,True,18,18,18,18,0,0,0,0,0,0,0,valid answers only; no imputation; equal source weights,1.0,0.0,0.05726757454147499,0.011144754701698924,2,0.10196541843022429,0.013852153676960032,-0.031329377445876536,0.013865394573060894,1.0,0.0,0.02131217284033034,0.00642679268987383,0.02131217284033034,0.00642679268987383,0.035955401701144654,0.014436101957743403,0.022940265548047616,0.0052228772366887735,0.022940265548047616,0.0052228772366887735,0.07902515288217665,0.01633301835273112,0.02131217284033034,0.00642679268987383,0.02131217284033034,0.00642679268987383,0.035955401701144654,0.014436101957743403,0.022940265548047616,0.0052228772366887735,0.022940265548047616,0.0052228772366887735,0.07902515288217665,0.01633301835273112,0.010171054962555548,0.0018524304104971347,0.010171054962555548,0.0018524304104971347,0.047096519578919444,0.011672499522442672,0.01663775244601149,0.003718516192946249,0.01663775244601149,0.003718516192946249,0.08532766598421279,0.014593990427263687,0.42696058808431453,0.0,0.42696058808431453,0.0,-0.3696930135428395,0.011144754701698917,0.391531187168607,0.0,0.391531187168607,0.0,-0.2895657687383827,0.01385215367696004,True
dar_a08,S2,sol,False,False,18,0,0,0,0,18,0,0,0,0,0,valid answers only; no imputation; equal source weights,,,,,0,,,,,,,0.02484610743942097,0.00997668487859562,,,,,0.031065101808289836,0.00693065969364592,,,,,0.02131217284033034,0.00642679268987383,,,,,0.022940265548047616,0.0052228772366887735,,,,,0.011049040371008085,0.0021932449492930092,,,,,0.01749543797887376,0.003961263913582039,,,,,0.42696058808431453,0.0,,,,,0.391531187168607,0.0,,,,,False
dar_a08,S2,deepseek,False,False,18,0,0,0,0,18,0,0,0,0,0,valid answers only; no imputation; equal source weights,,,,,0,,,,,,,0.02484610743942097,0.00997668487859562,,,,,0.031065101808289836,0.00693065969364592,,,,,0.02131217284033034,0.00642679268987383,,,,,0.022940265548047616,0.0052228772366887735,,,,,0.011049040371008085,0.0021932449492930092,,,,,0.01749543797887376,0.003961263913582039,,,,,0.42696058808431453,0.0,,,,,0.391531187168607,0.0,,,,,False
dar_a08,S2,qwen_thinking,False,True,18,18,18,18,0,0,0,0,0,0,0,valid answers only; no imputation; equal source weights,1.0,0.0,0.023334815067002947,0.006442179744999229,2,0.02380835547599556,0.006002526548871697,-0.004904466056666507,0.008725408459321718,1.0,0.0,0.02484610743942097,0.00997668487859562,0.02484610743942097,0.00997668487859562,-0.00151129237241802,0.004501076320358638,0.031065101808289836,0.00693065969364592,0.031065101808289836,0.00693065969364592,-0.007256746332294277,0.0057722997428138615,0.02131217284033034,0.00642679268987383,0.02131217284033034,0.00642679268987383,0.002022642226672607,0.004694373682782281,0.022940265548047616,0.0052228772366887735,0.022940265548047616,0.0052228772366887735,0.0008680899279479462,0.0014846299709564748,0.011049040371008085,0.0021932449492930092,0.011049040371008085,0.0021932449492930092,0.012285774695994863,0.007018004073030869,0.01749543797887376,0.003961263913582039,0.01749543797887376,0.003961263913582039,0.0063129174971218015,0.0038479059865025927,0.42696058808431453,0.0,0.42696058808431453,0.0,-0.4036257730173116,0.006442179744999237,0.391531187168607,0.0,0.391531187168607,0.0,-0.36772283169261144,0.006002526548871692,True
dar_a08,S2,qwen_nonthinking,False,True,18,18,18,18,0,0,0,0,0,0,0,valid answers only; no imputation; equal source weights,1.0,0.0,0.11773621891405253,0.01860596897873347,2,0.12653135786878877,0.0177450135896994,0.060780166713667635,0.036582407288633545,1.0,0.0,0.02484610743942097,0.00997668487859562,0.02484610743942097,0.00997668487859562,0.09289011147463158,0.02083473446804776,0.031065101808289836,0.00693065969364592,0.031065101808289836,0.00693065969364592,0.09546625606049891,0.02240438168509419,0.02131217284033034,0.00642679268987383,0.02131217284033034,0.00642679268987383,0.09642404607372221,0.017975413097835125,0.022940265548047616,0.0052228772366887735,0.022940265548047616,0.0052228772366887735,0.10359109232074115,0.02019972662220792,0.011049040371008085,0.0021932449492930092,0.011049040371008085,0.0021932449492930092,0.10668717854304446,0.018516503690160592,0.01749543797887376,0.003961263913582039,0.01749543797887376,0.003961263913582039,0.10903591988991501,0.021176944759582733,0.42696058808431453,0.0,0.42696058808431453,0.0,-0.30922436917026197,0.01860596897873347,0.391531187168607,0.0,0.391531187168607,0.0,-0.26499982929981825,0.017745013589699404,True
dar_a08,H,sol,False,False,18,0,0,0,0,18,0,0,0,0,0,valid answers only; no imputation; equal source weights,,,,,0,,,,,,,0.20371930058004695,0.002305862772416602,,,,,0.19476852892732865,0.005637241652427811,,,,,0.048384212736781715,0.009480054666168402,,,,,0.2105466496351742,0.0052659607481440555,,,,,0.015844786912500464,0.006730847022918967,,,,,0.023342246883332033,0.007781172537950964,,,,,0.42696058808431453,0.0,,,,,0.391531187168607,0.0,,,,,False
dar_a08,H,deepseek,False,False,18,0,0,0,0,18,0,0,0,0,0,valid answers only; no imputation; equal source weights,,,,,0,,,,,,,0.20371930058004695,0.002305862772416602,,,,,0.19476852892732865,0.005637241652427811,,,,,0.048384212736781715,0.009480054666168402,,,,,0.2105466496351742,0.0052659607481440555,,,,,0.015844786912500464,0.006730847022918967,,,,,0.023342246883332033,0.007781172537950964,,,,,0.42696058808431453,0.0,,,,,0.391531187168607,0.0,,,,,False
dar_a08,H,qwen_thinking,False,True,18,18,18,18,0,0,0,0,0,0,0,valid answers only; no imputation; equal source weights,1.0,0.0,0.10582676859464571,0.016935584623779906,2,0.1972523664272705,0.0024782790285560415,0.05966428922079013,0.02130625660124333,1.0,0.0,0.20371930058004695,0.002305862772416602,0.20371930058004695,0.002305862772416602,-0.09789253198540125,0.01742322720099233,0.19476852892732865,0.005637241652427811,0.19476852892732865,0.005637241652427811,0.002483837499941856,0.004947785987721852,0.048384212736781715,0.009480054666168402,0.048384212736781715,0.009480054666168402,0.05744255585786401,0.009737572110013106,0.2105466496351742,0.0052659607481440555,0.2105466496351742,0.0052659607481440555,-0.013294283207903677,0.0061411387847996315,0.015844786912500464,0.006730847022918967,0.015844786912500464,0.006730847022918967,0.08998198168214526,0.01812308739381971,0.023342246883332033,0.007781172537950964,0.023342246883332033,0.007781172537950964,0.17391011954393848,0.00675931847568073,0.42696058808431453,0.0,0.42696058808431453,0.0,-0.3211338194896688,0.0169355846237799,0.391531187168607,0.0,0.391531187168607,0.0,-0.19427882074133646,0.0024782790285560385,True
dar_a08,H,qwen_nonthinking,False,True,18,18,18,18,0,0,0,0,0,0,0,valid answers only; no imputation; equal source weights,1.0,0.0,0.23795536088272956,0.03856419950053456,2,0.23646155411146616,0.03248936843279809,-0.21611271077920988,0.049565114922533474,1.0,0.0,0.20371930058004695,0.002305862772416602,0.20371930058004695,0.002305862772416602,0.034236060302682586,0.03800978431445128,0.19476852892732865,0.005637241652427811,0.19476852892732865,0.005637241652427811,0.04169302518413749,0.032419718766369045,0.048384212736781715,0.009480054666168402,0.048384212736781715,0.009480054666168402,0.18957114814594783,0.043377671911302144,0.2105466496351742,0.0052659607481440555,0.2105466496351742,0.0052659607481440555,0.025914904476291953,0.03343891062750703,0.015844786912500464,0.006730847022918967,0.015844786912500464,0.006730847022918967,0.2221105739702291,0.037587228457260265,0.023342246883332033,0.007781172537950964,0.023342246883332033,0.007781172537950964,0.21311930722813413,0.03602030000129939,0.42696058808431453,0.0,0.42696058808431453,0.0,-0.189005227201585,0.03856419950053456,0.391531187168607,0.0,0.391531187168607,0.0,-0.15506963305714083,0.03248936843279809,True
dar_a08,B,sol,False,False,18,0,0,0,0,18,0,0,0,0,0,valid answers only; no imputation; equal source weights,,,,,0,,,,,,,0.15930002796214468,0.022641041349444096,,,,,0.20277155221944904,0.053572339476065545,,,,,0.637605377756518,0.004520936781468555,,,,,0.4912218693882384,0.0013803845792689034,,,,,0.015097233548392448,0.0063852017473356466,,,,,0.051872113535505325,0.014345568508624836,,,,,0.42696058808431453,0.0,,,,,0.391531187168607,0.0,,,,,False
dar_a08,B,deepseek,False,False,18,0,0,0,0,18,0,0,0,0,0,valid answers only; no imputation; equal source weights,,,,,0,,,,,,,0.15930002796214468,0.022641041349444096,,,,,0.20277155221944904,0.053572339476065545,,,,,0.637605377756518,0.004520936781468555,,,,,0.4912218693882384,0.0013803845792689034,,,,,0.015097233548392448,0.0063852017473356466,,,,,0.051872113535505325,0.014345568508624836,,,,,0.42696058808431453,0.0,,,,,0.391531187168607,0.0,,,,,False
dar_a08,B,qwen_thinking,False,True,18,18,18,18,0,0,0,0,0,0,0,valid answers only; no imputation; equal source weights,1.0,0.0,0.4027962314053543,0.0638099050450646,2,0.3727115319215565,0.030134186370816843,-0.3138127107792099,0.09182967358439909,1.0,0.0,0.15930002796214468,0.022641041349444096,0.15930002796214468,0.022641041349444096,0.2434962034432096,0.05955415641998551,0.20277155221944904,0.053572339476065545,0.20277155221944904,0.053572339476065545,0.1699399797021074,0.053251371530187885,0.637605377756518,0.004520936781468555,0.637605377756518,0.004520936781468555,-0.2348091463511638,0.06261987637967356,0.4912218693882384,0.0013803845792689034,0.4912218693882384,0.0013803845792689034,-0.11851033746668202,0.03014064807539825,0.015097233548392448,0.0063852017473356466,0.015097233548392448,0.0063852017473356466,0.3876989978569618,0.06378772154748871,0.051872113535505325,0.014345568508624836,0.051872113535505325,0.014345568508624836,0.3208394183860511,0.03566879127896469,0.42696058808431453,0.0,0.42696058808431453,0.0,-0.02416435667896025,0.0638099050450646,0.391531187168607,0.0,0.391531187168607,0.0,-0.01881965524705056,0.030134186370816843,True
dar_a08,B,qwen_nonthinking,False,True,18,18,18,18,0,0,0,0,0,0,0,valid answers only; no imputation; equal source weights,1.0,0.0,0.16413841317711636,0.02837201473200424,2,0.18965431777413433,0.02481598550620391,0.06910951144301235,0.07181724061381581,1.0,0.0,0.15930002796214468,0.022641041349444096,0.15930002796214468,0.022641041349444096,0.004838385214971704,0.040341837783187784,0.20277155221944904,0.053572339476065545,0.20277155221944904,0.053572339476065545,-0.013117234445314738,0.06361454281517713,0.637605377756518,0.004520936781468555,0.637605377756518,0.004520936781468555,-0.47346696457940163,0.02814316040155064,0.4912218693882384,0.0013803845792689034,0.4912218693882384,0.0013803845792689034,-0.3015675516141041,0.024820235386047013,0.015097233548392448,0.0063852017473356466,0.015097233548392448,0.0063852017473356466,0.14904117962872393,0.032433949920915875,0.051872113535505325,0.014345568508624836,0.051872113535505325,0.014345568508624836,0.137782204238629,0.030686681917897207,0.42696058808431453,0.0,0.42696058808431453,0.0,-0.26282217490719817,0.02837201473200424,0.391531187168607,0.0,0.391531187168607,0.0,-0.2018768693944727,0.024815985506203904,True
ad_memoryless,R,sol,False,False,18,0,0,0,0,18,0,0,0,0,0,valid answers only; no imputation; equal source weights,,,,,0,,,,,,,0.005683321681536534,0.0012967728592754631,,,,,0.001749420728073642,0.00038791411935412874,,,,,0.005683321681536534,0.0012967728592754631,,,,,0.001749420728073642,0.00038791411935412874,,,,,0.004858183864888706,0.0013857827343505703,,,,,0.0016523696734233768,0.00036803001156705275,,,,,0.29623008533792233,0.0,,,,,0.12297808023017381,6.542051911182396e-18,,,,,False
ad_memoryless,R,deepseek,False,False,18,0,0,0,0,18,0,0,0,0,0,valid answers only; no imputation; equal source weights,,,,,0,,,,,,,0.005683321681536534,0.0012967728592754631,,,,,0.001749420728073642,0.00038791411935412874,,,,,0.005683321681536534,0.0012967728592754631,,,,,0.001749420728073642,0.00038791411935412874,,,,,0.004858183864888706,0.0013857827343505703,,,,,0.0016523696734233768,0.00036803001156705275,,,,,0.29623008533792233,0.0,,,,,0.12297808023017381,6.542051911182396e-18,,,,,False
ad_memoryless,R,qwen_thinking,False,True,18,18,18,18,0,0,0,0,0,0,0,valid answers only; no imputation; equal source weights,1.0,0.0,0.005686143089210894,0.001296869053798365,2,0.0017501972566068287,0.00038789373699341264,0.0011489537681584456,0.003574144015880477,1.0,0.0,0.005683321681536534,0.0012967728592754631,0.005683321681536534,0.0012967728592754631,2.8214076743603925e-06,1.3719716824014673e-06,0.001749420728073642,0.00038791411935412874,0.001749420728073642,0.00038791411935412874,7.765285331865484e-07,3.817411257249868e-07,0.005683321681536534,0.0012967728592754631,0.005683321681536534,0.0012967728592754631,2.8214076743603925e-06,1.3719716824014673e-06,0.001749420728073642,0.00038791411935412874,0.001749420728073642,0.00038791411935412874,7.765285331865484e-07,3.817411257249868e-07,0.004858183864888706,0.0013857827343505703,0.004858183864888706,0.0013857827343505703,0.0008279592243221875,0.00045266262168057605,0.0016523696734233768,0.00036803001156705275,0.0016523696734233768,0.00036803001156705275,9.78275831834518e-05,0.00019753374096545282,0.29623008533792233,0.0,0.29623008533792233,0.0,-0.2905439422487114,0.0012968690537983642,0.12297808023017381,6.542051911182396e-18,0.12297808023017381,6.542051911182396e-18,-0.12122788297356699,0.0003878937369934135,True
ad_memoryless,R,qwen_nonthinking,False,True,18,18,18,18,0,0,0,0,0,0,0,valid answers only; no imputation; equal source weights,1.0,0.0,0.3670224070874714,0.07758712744830171,2,0.16892012529559625,0.04411124886278519,0.3670224070874714,0.07758712744830171,1.0,0.0,0.005683321681536534,0.0012967728592754631,0.005683321681536534,0.0012967728592754631,0.36133908540593485,0.07801746693182833,0.001749420728073642,0.00038791411935412874,0.001749420728073642,0.00038791411935412874,0.1671707045675226,0.044353947028942214,0.005683321681536534,0.0012967728592754631,0.005683321681536534,0.0012967728592754631,0.36133908540593485,0.07801746693182833,0.001749420728073642,0.00038791411935412874,0.001749420728073642,0.00038791411935412874,0.1671707045675226,0.044353947028942214,0.004858183864888706,0.0013857827343505703,0.004858183864888706,0.0013857827343505703,0.36216422322258274,0.07801612988220173,0.0016523696734233768,0.00036803001156705275,0.0016523696734233768,0.00036803001156705275,0.1672677556221729,0.04433340649731005,0.29623008533792233,0.0,0.29623008533792233,0.0,0.07079232174954911,0.07758712744830171,0.12297808023017381,6.542051911182396e-18,0.12297808023017381,6.542051911182396e-18,0.04594204506542242,0.04411124886278519,True
ad_memoryless,S1,sol,False,False,18,0,0,0,0,18,0,0,0,0,0,valid answers only; no imputation; equal source weights,,,,,0,,,,,,,0.05261119756395004,0.00359130647032283,,,,,0.015482499280967121,0.000937942420338706,,,,,0.05261119756395004,0.00359130647032283,,,,,0.015482499280967121,0.000937942420338706,,,,,0.03041177232487021,0.005110465082929702,,,,,0.008439622502949272,0.001458548422808783,,,,,0.29623008533792233,0.0,,,,,0.12297808023017381,6.542051911182396e-18,,,,,False
ad_memoryless,S1,deepseek,False,False,18,0,0,0,0,18,0,0,0,0,0,valid answers only; no imputation; equal source weights,,,,,0,,,,,,,0.05261119756395004,0.00359130647032283,,,,,0.015482499280967121,0.000937942420338706,,,,,0.05261119756395004,0.00359130647032283,,,,,0.015482499280967121,0.000937942420338706,,,,,0.03041177232487021,0.005110465082929702,,,,,0.008439622502949272,0.001458548422808783,,,,,0.29623008533792233,0.0,,,,,0.12297808023017381,6.542051911182396e-18,,,,,False
ad_memoryless,S1,qwen_thinking,False,True,18,18,18,18,0,0,0,0,0,0,0,valid answers only; no imputation; equal source weights,1.0,0.0,0.051527111262292064,0.004506496874859167,2,0.015182916023513678,0.0012014793276953202,0.051527111262292064,0.004506496874859167,1.0,0.0,0.05261119756395004,0.00359130647032283,0.05261119756395004,0.00359130647032283,-0.0010840863016579624,0.0010790244516469076,0.015482499280967121,0.000937942420338706,0.015482499280967121,0.000937942420338706,-0.0002995832574534422,0.00031396655164397247,0.05261119756395004,0.00359130647032283,0.05261119756395004,0.00359130647032283,-0.0010840863016579624,0.0010790244516469076,0.015482499280967121,0.000937942420338706,0.015482499280967121,0.000937942420338706,-0.0002995832574534422,0.00031396655164397247,0.03041177232487021,0.005110465082929702,0.03041177232487021,0.005110465082929702,0.021115338937421853,0.0024608658312616724,0.008439622502949272,0.001458548422808783,0.008439622502949272,0.001458548422808783,0.006743293520564407,0.0007020311092652867,0.29623008533792233,0.0,0.29623008533792233,0.0,-0.24470297407563024,0.004506496874859169,0.12297808023017381,6.542051911182396e-18,0.12297808023017381,6.542051911182396e-18,-0.10779516420666013,0.0012014793276953208,True
ad_memoryless,S1,qwen_nonthinking,False,True,18,18,18,18,0,0,0,0,0,0,0,valid answers only; no imputation; equal source weights,1.0,0.0,0.3644112959763603,0.06989378361238086,2,0.18922429196226292,0.044556949769506735,0.3644112959763603,0.06989378361238086,1.0,0.0,0.05261119756395004,0.00359130647032283,0.05261119756395004,0.00359130647032283,0.3118000984124103,0.07171179538765618,0.015482499280967121,0.000937942420338706,0.015482499280967121,0.000937942420338706,0.17374179268129578,0.04507788411491743,0.05261119756395004,0.00359130647032283,0.05261119756395004,0.00359130647032283,0.3118000984124103,0.07171179538765618,0.015482499280967121,0.000937942420338706,0.015482499280967121,0.000937942420338706,0.17374179268129578,0.04507788411491743,0.03041177232487021,0.005110465082929702,0.03041177232487021,0.005110465082929702,0.3339995236514901,0.07380408456246773,0.008439622502949272,0.001458548422808783,0.008439622502949272,0.001458548422808783,0.18078466945931365,0.04582617642031673,0.29623008533792233,0.0,0.29623008533792233,0.0,0.068181210638438,0.06989378361238087,0.12297808023017381,6.542051911182396e-18,0.12297808023017381,6.542051911182396e-18,0.0662462117320891,0.044556949769506735,True
ad_memoryless,S2,sol,False,False,18,0,0,0,0,18,0,0,0,0,0,valid answers only; no imputation; equal source weights,,,,,0,,,,,,,0.0036705124287214654,0.0006379064759834248,,,,,0.0011078301184362896,0.0001682014839587796,,,,,0.05261119756395004,0.00359130647032283,,,,,0.015482499280967121,0.000937942420338706,,,,,0.005039672659546209,0.001246507193837427,,,,,0.0014144442488640884,0.0002719436375710081,,,,,0.29623008533792233,0.0,,,,,0.12297808023017381,6.542051911182396e-18,,,,,False
ad_memoryless,S2,deepseek,False,False,18,0,0,0,0,18,0,0,0,0,0,valid answers only; no imputation; equal source weights,,,,,0,,,,,,,0.0036705124287214654,0.0006379064759834248,,,,,0.0011078301184362896,0.0001682014839587796,,,,,0.05261119756395004,0.00359130647032283,,,,,0.015482499280967121,0.000937942420338706,,,,,0.005039672659546209,0.001246507193837427,,,,,0.0014144442488640884,0.0002719436375710081,,,,,0.29623008533792233,0.0,,,,,0.12297808023017381,6.542051911182396e-18,,,,,False
ad_memoryless,S2,qwen_thinking,False,True,18,18,18,18,0,0,0,0,0,0,0,valid answers only; no imputation; equal source weights,1.0,0.0,0.04652685716510848,0.0032441845599197735,2,0.013715604034633132,0.0010203631953652962,0.04652685716510848,0.0032441845599197735,1.0,0.0,0.0036705124287214654,0.0006379064759834248,0.0036705124287214654,0.0006379064759834248,0.042856344736387025,0.0034873060581063933,0.0011078301184362896,0.0001682014839587796,0.0011078301184362896,0.0001682014839587796,0.012607773916196842,0.0010495997302830042,0.05261119756395004,0.00359130647032283,0.05261119756395004,0.00359130647032283,-0.0060843403988415454,0.003322260952593636,0.015482499280967121,0.000937942420338706,0.015482499280967121,0.000937942420338706,-0.0017668952463339908,0.0009694354299432914,0.005039672659546209,0.001246507193837427,0.005039672659546209,0.001246507193837427,0.04148718450556227,0.003298652947845746,0.0014144442488640884,0.0002719436375710081,0.0014144442488640884,0.0002719436375710081,0.01230115978576904,0.0010302424594672622,0.29623008533792233,0.0,0.29623008533792233,0.0,-0.24970322817281385,0.003244184559919775,0.12297808023017381,6.542051911182396e-18,0.12297808023017381,6.542051911182396e-18,-0.10926247619554069,0.0010203631953652982,True
ad_memoryless,S2,qwen_nonthinking,False,True,18,18,18,18,0,0,0,0,0,0,0,valid answers only; no imputation; equal source weights,1.0,0.0,0.3707935532168367,0.028962805621414546,2,0.16009388302568958,0.011092814806841787,0.3646946293096936,0.030623890254521675,1.0,0.0,0.0036705124287214654,0.0006379064759834248,0.0036705124287214654,0.0006379064759834248,0.3671230407881153,0.028531443777557165,0.0011078301184362896,0.0001682014839587796,0.0011078301184362896,0.0001682014839587796,0.1589860529072533,0.011067319692445536,0.05261119756395004,0.00359130647032283,0.05261119756395004,0.00359130647032283,0.3181823556528867,0.02928706663885374,0.015482499280967121,0.000937942420338706,0.015482499280967121,0.000937942420338706,0.14461138374472246,0.011203564229701663,0.005039672659546209,0.001246507193837427,0.005039672659546209,0.001246507193837427,0.3657538805572905,0.028367588559598145,0.0014144442488640884,0.0002719436375710081,0.0014144442488640884,0.0002719436375710081,0.1586794387768255,0.011004286710829253,0.29623008533792233,0.0,0.29623008533792233,0.0,0.07456346787891441,0.028962805621414546,0.12297808023017381,6.542051911182396e-18,0.12297808023017381,6.542051911182396e-18,0.037115802795515775,0.011092814806841786,True
ad_memoryless,H,sol,False,False,18,0,0,0,0,18,0,0,0,0,0,valid answers only; no imputation; equal source weights,,,,,0,,,,,,,0.01696869193121294,0.0057011284808027715,,,,,0.004530706027310908,0.0012998675893700707,,,,,0.021596165989456604,0.0030661240514834047,,,,,0.0062391706966301325,0.0008047955269312976,,,,,0.011838869662507074,0.004499563509787591,,,,,0.00325778774986611,0.0010663470547127858,,,,,0.29623008533792233,0.0,,,,,0.12297808023017381,6.542051911182396e-18,,,,,False
ad_memoryless,H,deepseek,False,False,18,0,0,0,0,18,0,0,0,0,0,valid answers only; no imputation; equal source weights,,,,,0,,,,,,,0.01696869193121294,0.0057011284808027715,,,,,0.004530706027310908,0.0012998675893700707,,,,,0.021596165989456604,0.0030661240514834047,,,,,0.0062391706966301325,0.0008047955269312976,,,,,0.011838869662507074,0.004499563509787591,,,,,0.00325778774986611,0.0010663470547127858,,,,,0.29623008533792233,0.0,,,,,0.12297808023017381,6.542051911182396e-18,,,,,False
ad_memoryless,H,qwen_thinking,False,True,18,18,18,18,0,0,0,0,0,0,0,valid answers only; no imputation; equal source weights,1.0,0.0,0.2388193973808116,0.08501229704773339,2,0.07705171414850066,0.026899811007747385,0.2228335364135188,0.08796457685730205,1.0,0.0,0.01696869193121294,0.0057011284808027715,0.01696869193121294,0.0057011284808027715,0.22185070544959865,0.08850052571230978,0.004530706027310908,0.0012998675893700707,0.004530706027310908,0.0012998675893700707,0.07252100812118976,0.02763605388531204,0.021596165989456604,0.0030661240514834047,0.021596165989456604,0.0030661240514834047,0.21722323139135502,0.08266501890318868,0.0062391706966301325,0.0008047955269312976,0.0062391706966301325,0.0008047955269312976,0.07081254345187052,0.02630182872305052,0.011838869662507074,0.004499563509787591,0.011838869662507074,0.004499563509787591,0.22698052771830451,0.08758344873003687,0.00325778774986611,0.0010663470547127858,0.00325778774986611,0.0010663470547127858,0.07379392639863455,0.027526064505933687,0.29623008533792233,0.0,0.29623008533792233,0.0,-0.05741068795711073,0.08501229704773339,0.12297808023017381,6.542051911182396e-18,0.12297808023017381,6.542051911182396e-18,-0.045926366081673164,0.026899811007747385,True
ad_memoryless,H,qwen_nonthinking,False,True,18,18,18,18,0,0,0,0,0,0,0,valid answers only; no imputation; equal source weights,1.0,0.0,0.33702240708747144,0.054599410976789366,2,0.16473956974004067,0.033900956981466744,0.33702240708747144,0.054599410976789366,1.0,0.0,0.01696869193121294,0.0057011284808027715,0.01696869193121294,0.0057011284808027715,0.32005371515625847,0.052967866792325714,0.004530706027310908,0.0012998675893700707,0.004530706027310908,0.0012998675893700707,0.16020886371272974,0.0334854231162702,0.021596165989456604,0.0030661240514834047,0.021596165989456604,0.0030661240514834047,0.3154262410980148,0.054655714299139874,0.0062391706966301325,0.0008047955269312976,0.0062391706966301325,0.0008047955269312976,0.15850039904341057,0.033852719173991706,0.011838869662507074,0.004499563509787591,0.011838869662507074,0.004499563509787591,0.32518353742496436,0.053223276550842157,0.00325778774986611,0.0010663470547127858,0.00325778774986611,0.0010663470547127858,0.16148178199017457,0.03360628451694214,0.29623008533792233,0.0,0.29623008533792233,0.0,0.04079232174954911,0.054599410976789366,0.12297808023017381,6.542051911182396e-18,0.12297808023017381,6.542051911182396e-18,0.04176148950986686,0.033900956981466744,True
ad_memoryless,B,sol,False,False,18,0,0,0,0,18,0,0,0,0,0,valid answers only; no imputation; equal source weights,,,,,0,,,,,,,0.012436565446664365,0.0041773698120852855,,,,,0.003634132208678986,0.00102443912836858,,,,,0.0523691501460652,0.0004735584634032247,,,,,0.014081238283518833,0.00011763060523542053,,,,,0.006723592000150777,0.0019512945397820401,,,,,0.0019463244134045083,0.00040415731277751644,,,,,0.29623008533792233,0.0,,,,,0.12297808023017381,6.542051911182396e-18,,,,,False
ad_memoryless,B,deepseek,False,False,18,0,0,0,0,18,0,0,0,0,0,valid answers only; no imputation; equal source weights,,,,,0,,,,,,,0.012436565446664365,0.0041773698120852855,,,,,0.003634132208678986,0.00102443912836858,,,,,0.0523691501460652,0.0004735584634032247,,,,,0.014081238283518833,0.00011763060523542053,,,,,0.006723592000150777,0.0019512945397820401,,,,,0.0019463244134045083,0.00040415731277751644,,,,,0.29623008533792233,0.0,,,,,0.12297808023017381,6.542051911182396e-18,,,,,False
ad_memoryless,B,qwen_thinking,False,True,18,18,18,18,0,0,0,0,0,0,0,valid answers only; no imputation; equal source weights,1.0,0.0,0.02139178200754112,0.005424326756006601,2,0.007584297653892954,0.0013767291264289454,-0.009957529218084104,0.0025773305530661433,1.0,0.0,0.012436565446664365,0.0041773698120852855,0.012436565446664365,0.0041773698120852855,0.008955216560876753,0.003370947109054406,0.003634132208678986,0.00102443912836858,0.003634132208678986,0.00102443912836858,0.0039501654452139675,0.0007899392128458987,0.0523691501460652,0.0004735584634032247,0.0523691501460652,0.0004735584634032247,-0.030977368138524072,0.0056312966182670695,0.014081238283518833,0.00011763060523542053,0.014081238283518833,0.00011763060523542053,-0.006496940629625878,0.001425372167844085,0.006723592000150777,0.0019512945397820401,0.006723592000150777,0.0019512945397820401,0.014668190007390341,0.004058227739115864,0.0019463244134045083,0.00040415731277751644,0.0019463244134045083,0.00040415731277751644,0.005637973240488446,0.0013414885114968029,0.29623008533792233,0.0,0.29623008533792233,0.0,-0.2748383033303812,0.0054243267560066,0.12297808023017381,6.542051911182396e-18,0.12297808023017381,6.542051911182396e-18,-0.11539378257628087,0.0013767291264289456,True
ad_memoryless,B,qwen_nonthinking,False,True,18,18,18,18,0,0,0,0,0,0,0,valid answers only; no imputation; equal source weights,1.0,0.0,0.7181213309946145,0.08784737046760052,2,0.5977117307601469,0.08907549958634949,0.7120224070874714,0.08868845457729345,1.0,0.0,0.012436565446664365,0.0041773698120852855,0.012436565446664365,0.0041773698120852855,0.7056847655479501,0.08911725485594536,0.003634132208678986,0.00102443912836858,0.003634132208678986,0.00102443912836858,0.5940775985514679,0.08935932391506338,0.0523691501460652,0.0004735584634032247,0.0523691501460652,0.0004735584634032247,0.6657521808485494,0.08800793652484835,0.014081238283518833,0.00011763060523542053,0.014081238283518833,0.00011763060523542053,0.583630492476628,0.08904775169688435,0.006723592000150777,0.0019512945397820401,0.006723592000150777,0.0019512945397820401,0.7113977389944637,0.08687234370271735,0.0019463244134045083,0.00040415731277751644,0.0019463244134045083,0.00040415731277751644,0.5957654063467424,0.0888517610321284,0.29623008533792233,0.0,0.29623008533792233,0.0,0.42189124565669217,0.08784737046760051,0.12297808023017381,6.542051911182396e-18,0.12297808023017381,6.542051911182396e-18,0.4747336505299731,0.08907549958634949,True
ad_memory,R,sol,False,False,18,0,0,0,0,18,0,0,0,0,0,valid answers only; no imputation; equal source weights,,,,,0,,,,,,,0.018877625430174648,0.004159582417956455,,,,,0.020689410181507106,0.0039045597218060096,,,,,0.018877625430174648,0.004159582417956455,,,,,0.020689410181507106,0.0039045597218060096,,,,,0.01803978664157413,0.004545735791381612,,,,,0.018582903969847336,0.0053168052607966195,,,,,0.43496156521329493,0.0,,,,,0.2981265188683012,0.0,,,,,False
ad_memory,R,deepseek,False,False,18,0,0,0,0,18,0,0,0,0,0,valid answers only; no imputation; equal source weights,,,,,0,,,,,,,0.018877625430174648,0.004159582417956455,,,,,0.020689410181507106,0.0039045597218060096,,,,,0.018877625430174648,0.004159582417956455,,,,,0.020689410181507106,0.0039045597218060096,,,,,0.01803978664157413,0.004545735791381612,,,,,0.018582903969847336,0.0053168052607966195,,,,,0.43496156521329493,0.0,,,,,0.2981265188683012,0.0,,,,,False
ad_memory,R,qwen_thinking,False,True,18,18,18,18,0,0,0,0,0,0,0,valid answers only; no imputation; equal source weights,1.0,0.0,0.01888556263606344,0.004164520932967272,2,0.023474664480494352,0.0036211704174667187,-0.010368910130412506,0.008666447817571596,1.0,0.0,0.018877625430174648,0.004159582417956455,0.018877625430174648,0.004159582417956455,7.937205888794737e-06,6.098256250437976e-06,0.020689410181507106,0.0039045597218060096,0.020689410181507106,0.0039045597218060096,0.0027852542989872447,0.0006950400985747677,0.018877625430174648,0.004159582417956455,0.018877625430174648,0.004159582417956455,7.937205888794737e-06,6.098256250437976e-06,0.020689410181507106,0.0039045597218060096,0.020689410181507106,0.0039045597218060096,0.0027852542989872447,0.0006950400985747677,0.01803978664157413,0.004545735791381612,0.01803978664157413,0.004545735791381612,0.000845775994489311,0.004676157539897606,0.018582903969847336,0.0053168052607966195,0.018582903969847336,0.0053168052607966195,0.004891760510647014,0.0026462512488854627,0.43496156521329493,0.0,0.43496156521329493,0.0,-0.41607600257723154,0.004164520932967276,0.2981265188683012,0.0,0.2981265188683012,0.0,-0.27465185438780687,0.003621170417466713,True
ad_memory,R,qwen_nonthinking,False,True,18,18,18,18,0,0,0,0,0,0,0,valid answers only; no imputation; equal source weights,1.0,0.0,0.10354120570103717,0.014846480288956448,2,0.11502569265631778,0.013963150003542146,0.08699742320292082,0.026466319150624557,1.0,0.0,0.018877625430174648,0.004159582417956455,0.018877625430174648,0.004159582417956455,0.08466358027086254,0.014571775798938716,0.020689410181507106,0.0039045597218060096,0.020689410181507106,0.0039045597218060096,0.09433628247481068,0.012864376353816643,0.018877625430174648,0.004159582417956455,0.018877625430174648,0.004159582417956455,0.08466358027086254,0.014571775798938716,0.020689410181507106,0.0039045597218060096,0.020689410181507106,0.0039045597218060096,0.09433628247481068,0.012864376353816643,0.01803978664157413,0.004545735791381612,0.01803978664157413,0.004545735791381612,0.08550141905946304,0.013150329559963304,0.018582903969847336,0.0053168052607966195,0.018582903969847336,0.0053168052607966195,0.09644278868647045,0.012416051673360858,0.43496156521329493,0.0,0.43496156521329493,0.0,-0.3314203595122578,0.014846480288956444,0.2981265188683012,0.0,0.2981265188683012,0.0,-0.18310082621198343,0.013963150003542146,True
ad_memory,S1,sol,False,False,18,0,0,0,0,18,0,0,0,0,0,valid answers only; no imputation; equal source weights,,,,,0,,,,,,,0.02984794152131178,0.011975690369446236,,,,,0.03005320530900697,0.007590279402323197,,,,,0.02984794152131178,0.011975690369446236,,,,,0.03005320530900697,0.007590279402323197,,,,,0.01691484583196527,0.005936254618088897,,,,,0.02465542444839896,0.005357293837124459,,,,,0.43496156521329493,0.0,,,,,0.2981265188683012,0.0,,,,,False
ad_memory,S1,deepseek,False,False,18,0,0,0,0,18,0,0,0,0,0,valid answers only; no imputation; equal source weights,,,,,0,,,,,,,0.02984794152131178,0.011975690369446236,,,,,0.03005320530900697,0.007590279402323197,,,,,0.02984794152131178,0.011975690369446236,,,,,0.03005320530900697,0.007590279402323197,,,,,0.01691484583196527,0.005936254618088897,,,,,0.02465542444839896,0.005357293837124459,,,,,0.43496156521329493,0.0,,,,,0.2981265188683012,0.0,,,,,False
ad_memory,S1,qwen_thinking,False,True,18,18,18,18,0,0,0,0,0,0,0,valid answers only; no imputation; equal source weights,1.0,0.0,0.030134553242210694,0.012056582571493436,2,0.03261263137420521,0.008084783473439841,0.0019992067084763938,0.013482931436543312,1.0,0.0,0.02984794152131178,0.011975690369446236,0.02984794152131178,0.011975690369446236,0.000286611720898913,0.0002853892945959715,0.03005320530900697,0.007590279402323197,0.03005320530900697,0.007590279402323197,0.002559426065198243,0.001041578092554559,0.02984794152131178,0.011975690369446236,0.02984794152131178,0.011975690369446236,0.000286611720898913,0.0002853892945959715,0.03005320530900697,0.007590279402323197,0.03005320530900697,0.007590279402323197,0.002559426065198243,0.001041578092554559,0.01691484583196527,0.005936254618088897,0.01691484583196527,0.005936254618088897,0.013219707410245425,0.010337973831124609,0.02465542444839896,0.005357293837124459,0.02465542444839896,0.005357293837124459,0.00795720692580626,0.007434366318039046,0.43496156521329493,0.0,0.43496156521329493,0.0,-0.4048270119710842,0.012056582571493439,0.2981265188683012,0.0,0.2981265188683012,0.0,-0.265513887494096,0.008084783473439834,True
ad_memory,S1,qwen_nonthinking,False,True,18,18,18,18,0,0,0,0,0,0,0,valid answers only; no imputation; equal source weights,1.0,0.0,0.07351265390520542,0.0130242483509659,2,0.080052233563603,0.008983725372379184,0.02986408986958751,0.011957197326348454,1.0,0.0,0.02984794152131178,0.011975690369446236,0.02984794152131178,0.011975690369446236,0.043664712383893634,0.015428777078166216,0.03005320530900697,0.007590279402323197,0.03005320530900697,0.007590279402323197,0.04999902825459602,0.012746590414933088,0.02984794152131178,0.011975690369446236,0.02984794152131178,0.011975690369446236,0.043664712383893634,0.015428777078166216,0.03005320530900697,0.007590279402323197,0.03005320530900697,0.007590279402323197,0.04999902825459602,0.012746590414933088,0.01691484583196527,0.005936254618088897,0.01691484583196527,0.005936254618088897,0.05659780807324015,0.017120941431970543,0.02465542444839896,0.005357293837124459,0.02465542444839896,0.005357293837124459,0.05539680911520404,0.012708962632817775,0.43496156521329493,0.0,0.43496156521329493,0.0,-0.36144891130808954,0.013024248350965894,0.2981265188683012,0.0,0.2981265188683012,0.0,-0.21807428530469827,0.00898372537237919,True
ad_memory,S2,sol,False,False,18,0,0,0,0,18,0,0,0,0,0,valid answers only; no imputation; equal source weights,,,,,0,,,,,,,0.03353217353631969,0.00801738338558605,,,,,0.03719516587227158,0.007095278489394087,,,,,0.02984794152131178,0.011975690369446236,,,,,0.03005320530900697,0.007590279402323197,,,,,0.02057987617098191,0.004985721121398584,,,,,0.02820442924758279,0.006073264009822149,,,,,0.43496156521329493,0.0,,,,,0.2981265188683012,0.0,,,,,False
ad_memory,S2,deepseek,False,False,18,0,0,0,0,18,0,0,0,0,0,valid answers only; no imputation; equal source weights,,,,,0,,,,,,,0.03353217353631969,0.00801738338558605,,,,,0.03719516587227158,0.007095278489394087,,,,,0.02984794152131178,0.011975690369446236,,,,,0.03005320530900697,0.007590279402323197,,,,,0.02057987617098191,0.004985721121398584,,,,,0.02820442924758279,0.006073264009822149,,,,,0.43496156521329493,0.0,,,,,0.2981265188683012,0.0,,,,,False
ad_memory,S2,qwen_thinking,False,True,18,18,18,18,0,0,0,0,0,0,0,valid answers only; no imputation; equal source weights,1.0,0.0,0.02896895329283159,0.009269089056013372,2,0.03822822387061055,0.007680189607406784,0.005093795202299935,0.013203500404397578,1.0,0.0,0.03353217353631969,0.00801738338558605,0.03353217353631969,0.00801738338558605,-0.0045632202434880975,0.004510795246282791,0.03719516587227158,0.007095278489394087,0.03719516587227158,0.007095278489394087,0.0010330579983389774,0.009922260038055937,0.02984794152131178,0.011975690369446236,0.02984794152131178,0.011975690369446236,-0.0008789882284801857,0.0039055019038145757,0.03005320530900697,0.007590279402323197,0.03005320530900697,0.007590279402323197,0.008175018561603579,0.002606679785682346,0.02057987617098191,0.004985721121398584,0.02057987617098191,0.004985721121398584,0.008389077121849683,0.011782536361731828,0.02820442924758279,0.006073264009822149,0.02820442924758279,0.006073264009822149,0.010023794623027759,0.00973306763706229,0.43496156521329493,0.0,0.43496156521329493,0.0,-0.4059926119204633,0.009269089056013376,0.2981265188683012,0.0,0.2981265188683012,0.0,-0.2598982949976907,0.0076801896074067824,True
ad_memory,S2,qwen_nonthinking,False,True,18,18,18,18,0,0,0,0,0,0,0,valid answers only; no imputation; equal source weights,1.0,0.0,0.08535724777861772,0.018742861166757243,2,0.11423180988890087,0.014470494985454167,0.07741964542514304,0.021629152709100288,1.0,0.0,0.03353217353631969,0.00801738338558605,0.03353217353631969,0.00801738338558605,0.051825074242298035,0.019490081281223048,0.03719516587227158,0.007095278489394087,0.03719516587227158,0.007095278489394087,0.0770366440166293,0.013192345366076483,0.02984794152131178,0.011975690369446236,0.02984794152131178,0.011975690369446236,0.05550930625730595,0.02357130317582661,0.03005320530900697,0.007590279402323197,0.03005320530900697,0.007590279402323197,0.0841786045798939,0.010879389769103288,0.02057987617098191,0.004985721121398584,0.02057987617098191,0.004985721121398584,0.06477737160763582,0.020899370620932025,0.02820442924758279,0.006073264009822149,0.02820442924758279,0.006073264009822149,0.08602738064131808,0.013017539062377603,0.43496156521329493,0.0,0.43496156521329493,0.0,-0.34960431743467724,0.018742861166757243,0.2981265188683012,0.0,0.2981265188683012,0.0,-0.18389470897940036,0.014470494985454165,True
ad_memory,H,sol,False,False,18,0,0,0,0,18,0,0,0,0,0,valid answers only; no imputation; equal source weights,,,,,0,,,,,,,0.12932370067689525,0.0098603591595668,,,,,0.0897890722235454,0.009912454550806811,,,,,0.13649413708407046,0.015087233454358353,,,,,0.2071672247812143,0.008105617070258515,,,,,0.014520255068200094,0.005041469573595509,,,,,0.01904020458404053,0.0050741960902525515,,,,,0.43496156521329493,0.0,,,,,0.2981265188683012,0.0,,,,,False
ad_memory,H,deepseek,False,False,18,0,0,0,0,18,0,0,0,0,0,valid answers only; no imputation; equal source weights,,,,,0,,,,,,,0.12932370067689525,0.0098603591595668,,,,,0.0897890722235454,0.009912454550806811,,,,,0.13649413708407046,0.015087233454358353,,,,,0.2071672247812143,0.008105617070258515,,,,,0.014520255068200094,0.005041469573595509,,,,,0.01904020458404053,0.0050741960902525515,,,,,0.43496156521329493,0.0,,,,,0.2981265188683012,0.0,,,,,False
ad_memory,H,qwen_thinking,False,True,18,18,18,18,0,0,0,0,0,0,0,valid answers only; no imputation; equal source weights,1.0,0.0,0.14933729269443868,0.004544843919945071,2,0.12624468121732108,0.011652008199818665,0.11981186008878628,0.03234262127757195,1.0,0.0,0.12932370067689525,0.0098603591595668,0.12932370067689525,0.0098603591595668,0.020013592017543436,0.006869793570798261,0.0897890722235454,0.009912454550806811,0.0897890722235454,0.009912454550806811,0.0364556089937757,0.012037256257488962,0.13649413708407046,0.015087233454358353,0.13649413708407046,0.015087233454358353,0.012843155610368213,0.0191821837041413,0.2071672247812143,0.008105617070258515,0.2071672247812143,0.008105617070258515,-0.08092254356389321,0.01686778152750444,0.014520255068200094,0.005041469573595509,0.014520255068200094,0.005041469573595509,0.1348170376262386,0.006878407464493735,0.01904020458404053,0.0050741960902525515,0.01904020458404053,0.0050741960902525515,0.10720447663328059,0.015031661941479037,0.43496156521329493,0.0,0.43496156521329493,0.0,-0.28562427251885625,0.004544843919945071,0.2981265188683012,0.0,0.2981265188683012,0.0,-0.17188183765098014,0.011652008199818669,True
ad_memory,H,qwen_nonthinking,False,True,18,18,18,18,0,0,0,0,0,0,0,valid answers only; no imputation; equal source weights,1.0,0.0,0.2744470212415236,0.03397529966982368,2,0.1910050140176498,0.017830919223275784,-0.2744470212415236,0.03397529966982368,1.0,0.0,0.12932370067689525,0.0098603591595668,0.12932370067689525,0.0098603591595668,0.14512332056462837,0.03566403993306815,0.0897890722235454,0.009912454550806811,0.0897890722235454,0.009912454550806811,0.1012159417941044,0.02156160115653493,0.13649413708407046,0.015087233454358353,0.13649413708407046,0.015087233454358353,0.13795288415745313,0.033697096955679726,0.2071672247812143,0.008105617070258515,0.2071672247812143,0.008105617070258515,-0.01616221076356451,0.01851537926815148,0.014520255068200094,0.005041469573595509,0.014520255068200094,0.005041469573595509,0.25992676617332355,0.030433203694679122,0.01904020458404053,0.0050741960902525515,0.01904020458404053,0.0050741960902525515,0.1719648094336093,0.016912179064127942,0.43496156521329493,0.0,0.43496156521329493,0.0,-0.16051454397177134,0.03397529966982368,0.2981265188683012,0.0,0.2981265188683012,0.0,-0.10712150485065144,0.01783091922327578,True
ad_memory,B,sol,False,False,18,0,0,0,0,18,0,0,0,0,0,valid answers only; no imputation; equal source weights,,,,,0,,,,,,,0.1180962341146273,0.0226188906827993,,,,,0.0683748572132096,0.010749928579254359,,,,,0.6580046325462188,0.0054447836561105824,,,,,0.39974552941592667,0.0017422358915766929,,,,,0.0326533311376477,0.0046436756363375615,,,,,0.029961927649571805,0.0027329493524969398,,,,,0.43496156521329493,0.0,,,,,0.2981265188683012,0.0,,,,,False
ad_memory,B,deepseek,False,False,18,0,0,0,0,18,0,0,0,0,0,valid answers only; no imputation; equal source weights,,,,,0,,,,,,,0.1180962341146273,0.0226188906827993,,,,,0.0683748572132096,0.010749928579254359,,,,,0.6580046325462188,0.0054447836561105824,,,,,0.39974552941592667,0.0017422358915766929,,,,,0.0326533311376477,0.0046436756363375615,,,,,0.029961927649571805,0.0027329493524969398,,,,,0.43496156521329493,0.0,,,,,0.2981265188683012,0.0,,,,,False
ad_memory,B,qwen_thinking,False,True,18,18,18,18,0,0,0,0,0,0,0,valid answers only; no imputation; equal source weights,1.0,0.0,0.46733244329256624,0.06815064177570056,2,0.31198657847995587,0.03634491474445438,-0.4056190820426681,0.09517561475955309,1.0,0.0,0.1180962341146273,0.0226188906827993,0.1180962341146273,0.0226188906827993,0.34923620917793896,0.08386947957523816,0.0683748572132096,0.010749928579254359,0.0683748572132096,0.010749928579254359,0.24361172126674627,0.042917382741918454,0.6580046325462188,0.0054447836561105824,0.6580046325462188,0.0054447836561105824,-0.19067218925365245,0.07296473541929974,0.39974552941592667,0.0017422358915766929,0.39974552941592667,0.0017422358915766929,-0.08775895093597082,0.03762807954192804,0.0326533311376477,0.0046436756363375615,0.0326533311376477,0.0046436756363375615,0.4346791121549186,0.07214690229139348,0.029961927649571805,0.0027329493524969398,0.029961927649571805,0.0027329493524969398,0.2820246508303841,0.035751268633675726,0.43496156521329493,0.0,0.43496156521329493,0.0,0.032370878079271324,0.06815064177570054,0.2981265188683012,0.0,0.2981265188683012,0.0,0.013860059611654641,0.03634491474445438,True
ad_memory,B,qwen_nonthinking,False,True,18,18,18,18,0,0,0,0,0,0,0,valid answers only; no imputation; equal source weights,1.0,0.0,0.11431405251234553,0.014209647067271658,2,0.1738448587372052,0.03453276618800634,0.10916408986958749,0.01313510046392988,1.0,0.0,0.1180962341146273,0.0226188906827993,0.1180962341146273,0.0226188906827993,-0.003782181602281769,0.023976374543885477,0.0683748572132096,0.010749928579254359,0.0683748572132096,0.010749928579254359,0.1054700015239956,0.04161956336706915,0.6580046325462188,0.0054447836561105824,0.6580046325462188,0.0054447836561105824,-0.5436905800338732,0.014453570544503448,0.39974552941592667,0.0017422358915766929,0.39974552941592667,0.0017422358915766929,-0.2259006706787215,0.034865138958221804,0.0326533311376477,0.0046436756363375615,0.0326533311376477,0.0046436756363375615,0.08166072137469782,0.01575573190108435,0.029961927649571805,0.0027329493524969398,0.029961927649571805,0.0027329493524969398,0.1438829310876334,0.0345722587544944,0.43496156521329493,0.0,0.43496156521329493,0.0,-0.3206475127009494,0.01420964706727165,0.2981265188683012,0.0,0.2981265188683012,0.0,-0.12428166013109604,0.03453276618800634,True
