case_id,family,substrate,n,rho_target,rep,strategy,budget,coverage,band,n_obs_edges,rho_true,r0.0,r0.5,r1.0,r1.5,r2.0,r2.5,r3.0,mle_uniform,mle_transfer_beta,mle_betacal_lofo,betacal_lofo_beta,floor_lofo,oracle_lofo
ba1500f0|t0.038|r0|time_agnostic_t|b400,ba1500f0,ba,1500,0.038,0,time_agnostic_t,400,0.05731951871657754,mid,343,0.038101604278074866,0.061882280899844266,0.06611975878376208,0.08048155233589249,0.11030687217620772,0.17648944789060172,0.34458120827540784,0.5872474286070789,0.061882280899844266,0.06611975878376208,0.08048155233589249,1.0,0.3060205940615649,0.10100160724896015
ba1500f0|t0.038|r0|time_agnostic_t|b1600,ba1500f0,ba,1500,0.038,0,time_agnostic_t,1600,0.21106283422459893,hi(>.15),1263,0.038101604278074866,0.03912027417549824,0.041257210342791395,0.04708977947388426,0.059977572605361185,0.08715674937796969,0.1503080788095834,0.3216560354852669,0.03912027417549824,0.041257210342791395,0.041257210342791395,0.5,0.23793946821152698,0.043249016636957856
ba1500f0|t0.038|r0|time_agnostic_t|b3200,ba1500f0,ba,1500,0.038,0,time_agnostic_t,3200,0.3699866310160428,hi(>.15),2214,0.038101604278074866,0.04568269420908311,0.04844125955110601,0.05635447279183092,0.07032141902039024,0.0997297285552804,0.15308231284843044,0.2656312916103575,0.04568269420908311,0.04844125955110601,0.04844125955110601,0.5,0.23793946821152698,0.05143387700534772
ba1500f0|t0.038|r0|time_respecting|b400,ba1500f0,ba,1500,0.038,0,time_respecting,400,0.03760026737967914,mid,225,0.038101604278074866,0.025630089626361152,0.028130877482358096,0.03536606232375794,0.04814929209901575,0.06997777264371663,0.11298437848094611,0.23409172347446738,0.025630089626361152,0.06997777264371663,0.06997777264371663,2.0,0.2946737397532253,0.15930886838249783
ba1500f0|t0.038|r0|time_respecting|b1600,ba1500f0,ba,1500,0.038,0,time_respecting,1600,0.12316176470588236,mid,737,0.038101604278074866,0.013655497101170644,0.01495754835292884,0.018985598108730573,0.026087276585641694,0.037654763365887245,0.05682376187257443,0.0923587584957718,0.013655497101170644,0.037654763365887245,0.037654763365887245,2.0,0.2946737397532253,0.05881900333869915
ba1500f0|t0.038|r0|time_respecting|b3200,ba1500f0,ba,1500,0.038,0,time_respecting,3200,0.1993649732620321,hi(>.15),1193,0.038101604278074866,0.013617548241268818,0.014139456890765345,0.01572591078657337,0.019762962239981197,0.027501851662157017,0.04067994047727708,0.06275072892597244,0.013617548241268818,0.027501851662157017,0.027501851662157017,2.0,0.2379394682115271,0.05103668449197866
ba1500f0|t0.073|r0|time_agnostic_t|b400,ba1500f0,ba,1500,0.0728,0,time_agnostic_t,400,0.05731951871657754,mid,343,0.07302807486631016,1.9243933813140046e-06,4.4342630868277055e-06,3.955314121995013e-05,0.0007159786747280572,0.011191611301801574,0.08382563420075584,0.27505231015349974,1.9243933813140046e-06,4.4342630868277055e-06,3.955314121995013e-05,1.0,0.3060205940615649,0.08236301247771834
ba1500f0|t0.073|r0|time_agnostic_t|b1600,ba1500f0,ba,1500,0.0728,0,time_agnostic_t,1600,0.21106283422459893,hi(>.15),1263,0.07302807486631016,0.0326419846036865,0.03447058851449736,0.03945904041894732,0.05009050388867131,0.07277161183286407,0.12742115410471644,0.2858739058969574,0.0326419846036865,0.03447058851449736,0.03447058851449736,0.5,0.23793946821152698,0.05235887700534766
ba1500f0|t0.073|r0|time_agnostic_t|b3200,ba1500f0,ba,1500,0.0728,0,time_agnostic_t,3200,0.3699866310160428,hi(>.15),2214,0.07302807486631016,0.04519469811652976,0.04754541341075236,0.05414008587151886,0.06910459142817138,0.09924009237251785,0.1525840669879147,0.2645469011386905,0.04519469811652976,0.04754541341075236,0.04754541341075236,0.5,0.23793946821152698,0.06820185977421275
ba1500f0|t0.073|r0|time_respecting|b400,ba1500f0,ba,1500,0.0728,0,time_respecting,400,0.038101604278074866,mid,228,0.07302807486631016,0.022573727475437844,0.024877085159298873,0.03150021526803426,0.04308379319173894,0.06270350099458588,0.09921180687872644,0.19881242967787494,0.022573727475437844,0.06270350099458588,0.06270350099458588,2.0,0.2946737397532253,0.09105895281716918
ba1500f0|t0.073|r0|time_respecting|b1600,ba1500f0,ba,1500,0.0728,0,time_respecting,1600,0.12433155080213903,mid,744,0.07302807486631016,0.030233034716198537,0.03184266664708457,0.03819078166970169,0.0510388549326225,0.07321952011210009,0.11054032473305564,0.1774698457351992,0.030233034716198537,0.07321952011210009,0.07321952011210009,2.0,0.2946737397532253,0.12903680459028818
ba1500f0|t0.073|r0|time_respecting|b3200,ba1500f0,ba,1500,0.0728,0,time_respecting,3200,0.20070187165775402,hi(>.15),1201,0.07302807486631016,0.04118213871693788,0.042722474549330314,0.04767266108445267,0.061510474620340316,0.08777975177910124,0.1319242699960157,0.20528038283851546,0.04118213871693788,0.08777975177910124,0.08777975177910124,2.0,0.2379394682115271,0.0913024747474748
ba1500f0|t0.076|r0|time_agnostic_t|b400,ba1500f0,ba,1500,0.076,0,time_agnostic_t,400,0.05731951871657754,mid,343,0.07620320855614973,0.061882280899844266,0.06611975878376208,0.08048155233589249,0.11030687217620783,0.17648944789060284,0.3445812082754044,0.5872474286070789,0.061882280899844266,0.06611975878376208,0.08048155233589249,1.0,0.3060205940615649,0.10100160724896015
ba1500f0|t0.076|r0|time_agnostic_t|b1600,ba1500f0,ba,1500,0.076,0,time_agnostic_t,1600,0.21106283422459893,hi(>.15),1263,0.07620320855614973,0.042563644131505485,0.04615770010571796,0.05713898622803737,0.07790643341143533,0.11494078724203638,0.19453931827985071,0.38866430647317973,0.042563644131505485,0.04615770010571796,0.04615770010571796,0.5,0.23793946821152698,0.04048013368983956
ba1500f0|t0.076|r0|time_agnostic_t|b3200,ba1500f0,ba,1500,0.076,0,time_agnostic_t,3200,0.3699866310160428,hi(>.15),2214,0.07620320855614973,0.05000201355915257,0.052222997860468356,0.062466167104903936,0.08614416652145607,0.12797415215812136,0.19926369131587796,0.3430854446579592,0.05000201355915257,0.052222997860468356,0.052222997860468356,0.5,0.23793946821152698,0.1044139780154486
ba1500f0|t0.076|r0|time_respecting|b400,ba1500f0,ba,1500,0.076,0,time_respecting,400,0.03927139037433155,mid,235,0.07620320855614973,4.499342010078067e-10,1.6858205942327231e-09,4.967858102666867e-08,3.722473656764258e-06,0.000261867160415874,0.007462819058027481,0.07104518074056798,4.499342010078067e-10,0.000261867160415874,0.000261867160415874,2.0,0.2946737397532253,0.21105012774806883
ba1500f0|t0.076|r0|time_respecting|b1600,ba1500f0,ba,1500,0.076,0,time_respecting,1600,0.12717245989304812,mid,761,0.07620320855614973,0.03674329997150738,0.03886197708829331,0.045499609264469054,0.05619718738172652,0.07731308494272815,0.11597684812503006,0.18839201774147518,0.03674329997150738,0.07731308494272815,0.07731308494272815,2.0,0.2946737397532253,0.07438768495790345
ba1500f0|t0.076|r0|time_respecting|b3200,ba1500f0,ba,1500,0.076,0,time_respecting,3200,0.20220588235294118,hi(>.15),1210,0.07620320855614973,0.043826139762562666,0.04612468958383842,0.05352966142164206,0.0659696052702391,0.08790908843441869,0.12901049678697973,0.19884836017445628,0.043826139762562666,0.08790908843441869,0.08790908843441869,2.0,0.2379394682115271,0.08764132204396911
ba1500f0|t0.293|r0|time_agnostic_t|b400,ba1500f0,ba,1500,0.2927,0,time_agnostic_t,400,0.05731951871657754,mid,343,0.29261363636363635,0.31168017195684483,0.32830707177754637,0.39579018372044616,0.545768865136169,0.7998290874842002,0.9507739842452869,0.9844211251764661,0.31168017195684483,0.32830707177754637,0.39579018372044616,1.0,0.3060205940615649,0.360495643097973
ba1500f0|t0.293|r0|time_agnostic_t|b1600,ba1500f0,ba,1500,0.2927,0,time_agnostic_t,1600,0.21106283422459893,hi(>.15),1263,0.29261363636363635,0.2345427873222513,0.24388426182377343,0.2846273499996044,0.38464284182237096,0.5722772536471503,0.8483400667338544,0.9671890525888083,0.2345427873222513,0.24388426182377343,0.24388426182377343,0.5,0.23793946821152698,0.27789234402852064
ba1500f0|t0.293|r0|time_agnostic_t|b3200,ba1500f0,ba,1500,0.2927,0,time_agnostic_t,3200,0.3699866310160428,hi(>.15),2214,0.29261363636363635,0.25152081883003574,0.2619313805529,0.30038606112162125,0.4020467535427422,0.5910659006357082,0.8844009460608253,0.9908710950875651,0.25152081883003574,0.2619313805529,0.2619313805529,0.5,0.23793946821152698,0.2984852465834818
ba1500f0|t0.293|r0|time_respecting|b400,ba1500f0,ba,1500,0.2927,0,time_respecting,400,0.03993983957219251,mid,239,0.29261363636363635,0.19042602889288107,0.201260255920926,0.22940662350161178,0.2873320063728,0.41352975228935884,0.650885720222961,0.8883678034221416,0.19042602889288107,0.41352975228935884,0.41352975228935884,2.0,0.2946737397532253,0.2798284580541734
ba1500f0|t0.293|r0|time_respecting|b1600,ba1500f0,ba,1500,0.2927,0,time_respecting,1600,0.13602941176470587,mid,814,0.29261363636363635,0.1263168235770279,0.13154695938310712,0.15087229805256552,0.20080471713797976,0.2917886767718678,0.44683826059321097,0.7151547760280068,0.1263168235770279,0.2917886767718678,0.2917886767718678,2.0,0.2946737397532253,0.3312314611078449
ba1500f0|t0.293|r0|time_respecting|b3200,ba1500f0,ba,1500,0.2927,0,time_respecting,3200,0.2215909090909091,hi(>.15),1326,0.29261363636363635,0.13220427374091537,0.1382382116754084,0.15582021450903139,0.19461994701993368,0.2753500229796567,0.41279048266850094,0.6466573454320732,0.13220427374091537,0.2753500229796567,0.2753500229796567,2.0,0.2379394682115271,0.3221915121806301
ba1500f0|t0.382|r0|time_agnostic_t|b400,ba1500f0,ba,1500,0.3823,0,time_agnostic_t,400,0.05731951871657754,mid,343,0.38235294117647056,0.23178162261016744,0.2505313319496141,0.3113259286057066,0.43224469906040064,0.6588263309714786,0.8834839794468365,0.9603430175116165,0.23178162261016744,0.2505313319496141,0.3113259286057066,1.0,0.3060205940615649,0.191163685440594
ba1500f0|t0.382|r0|time_agnostic_t|b1600,ba1500f0,ba,1500,0.3823,0,time_agnostic_t,1600,0.21106283422459893,hi(>.15),1263,0.38235294117647056,0.325726427079594,0.3386185402544736,0.38125296028113054,0.4999681506771372,0.7357756031401094,0.952181903128889,0.9918976619435743,0.325726427079594,0.3386185402544736,0.3386185402544736,0.5,0.23793946821152698,0.3507217647058826
ba1500f0|t0.382|r0|time_agnostic_t|b3200,ba1500f0,ba,1500,0.3823,0,time_agnostic_t,3200,0.3699866310160428,hi(>.15),2214,0.38235294117647056,0.3540818282376196,0.3713668877253612,0.422035762252995,0.5539064284281,0.8126154770688582,0.9919962380307901,0.9996394056354048,0.3540818282376196,0.3713668877253612,0.3713668877253612,0.5,0.23793946821152698,0.34675388888888903
ba1500f0|t0.382|r0|time_respecting|b400,ba1500f0,ba,1500,0.3823,0,time_respecting,400,0.03843582887700535,mid,230,0.38235294117647056,0.09629654277316235,0.10235472571795368,0.12165126875970278,0.15220043893744561,0.2123239910422402,0.33897037792093754,0.5862658054008829,0.09629654277316235,0.2123239910422402,0.2123239910422402,2.0,0.2946737397532253,0.1844974573174454
ba1500f0|t0.382|r0|time_respecting|b1600,ba1500f0,ba,1500,0.3823,0,time_respecting,1600,0.13051470588235295,mid,781,0.38235294117647056,0.15487051303769894,0.16201394937770508,0.1834514746028466,0.23596274226046965,0.3382503018117692,0.514349346113059,0.7984225034413716,0.15487051303769894,0.3382503018117692,0.3382503018117692,2.0,0.2946737397532253,0.39761352304760617
ba1500f0|t0.382|r0|time_respecting|b3200,ba1500f0,ba,1500,0.3823,0,time_respecting,3200,0.21774732620320855,hi(>.15),1303,0.38235294117647056,0.1613778453642144,0.16892182736402472,0.19095444010884188,0.2359291876705104,0.33018887761734117,0.49105343501028853,0.759003986321484,0.1613778453642144,0.33018887761734117,0.33018887761734117,2.0,0.2379394682115271,0.25957782531194307
ba1500f0|t0.506|r0|time_agnostic_t|b400,ba1500f0,ba,1500,0.5056,0,time_agnostic_t,400,0.05731951871657754,mid,343,0.5056818181818182,0.3391154006449555,0.3680065481490309,0.46033597242489754,0.6421079310908906,0.8914544848407524,0.9794164505248557,0.9937824861222149,0.3391154006449555,0.3680065481490309,0.46033597242489754,1.0,0.3060205940615649,0.42501529411764755
ba1500f0|t0.506|r0|time_agnostic_t|b1600,ba1500f0,ba,1500,0.5056,0,time_agnostic_t,1600,0.21106283422459893,hi(>.15),1263,0.5056818181818182,0.393706755990083,0.40986130436978874,0.4862256759855219,0.6637010314229568,0.9281447878451327,0.9952400563259582,0.9993004331104314,0.393706755990083,0.40986130436978874,0.40986130436978874,0.5,0.23793946821152698,0.368064640522876
ba1500f0|t0.506|r0|time_agnostic_t|b3200,ba1500f0,ba,1500,0.5056,0,time_agnostic_t,3200,0.3699866310160428,hi(>.15),2214,0.5056818181818182,0.4677496759318288,0.49151302694077537,0.5546885869869729,0.7144631968111803,0.9734050536022829,0.9997646320111161,0.9999892226575424,0.4677496759318288,0.49151302694077537,0.49151302694077537,0.5,0.23793946821152698,0.4449230213903743
ba1500f0|t0.506|r0|time_respecting|b400,ba1500f0,ba,1500,0.5056,0,time_respecting,400,0.03943850267379679,mid,236,0.5056818181818182,0.28170886553834074,0.2936652653252302,0.34488989084638155,0.4658216818365811,0.6890679812286009,0.9385693621919534,0.9912948119895981,0.28170886553834074,0.6890679812286009,0.6890679812286009,2.0,0.2946737397532253,0.36380758697530574
ba1500f0|t0.506|r0|time_respecting|b1600,ba1500f0,ba,1500,0.5056,0,time_respecting,1600,0.13619652406417113,mid,815,0.5056818181818182,0.2501824183298257,0.2636854027957488,0.2999406730487312,0.37103748713753193,0.5233117893408179,0.7903289599773288,0.9749206831699422,0.2501824183298257,0.5233117893408179,0.5233117893408179,2.0,0.2946737397532253,0.44323362946498585
ba1500f0|t0.506|r0|time_respecting|b3200,ba1500f0,ba,1500,0.5056,0,time_respecting,3200,0.23011363636363635,hi(>.15),1377,0.5056818181818182,0.2633335310151894,0.27686889928131886,0.3169958093289683,0.38525515928135856,0.530414336351807,0.7859514910327452,0.9884193490370939,0.2633335310151894,0.530414336351807,0.530414336351807,2.0,0.2379394682115271,0.42924443256090333
ba1500f1|t0.025|r0|time_agnostic_t|b400,ba1500f1,ba,1500,0.0252,0,time_agnostic_t,400,0.05598262032085562,mid,335,0.02657085561497326,2.1424323548568935e-07,5.635516927560147e-07,6.883932123336045e-06,0.00018237524775532865,0.004329843843139725,0.0466951653028469,0.20315154733685803,2.1424323548568935e-07,5.635516927560147e-07,6.883932123336045e-06,1.0,0.30770471467950905,0.09846772355912063
ba1500f1|t0.025|r0|time_agnostic_t|b1600,ba1500f1,ba,1500,0.0252,0,time_agnostic_t,1600,0.21122994652406418,hi(>.15),1264,0.02657085561497326,0.011251034287104278,0.012105517004193711,0.014761243927751244,0.019896491884922596,0.029604774826299973,0.05926194975900445,0.17711082786232857,0.011251034287104278,0.012105517004193711,0.014761243927751244,1.0,0.24636007130124776,0.06448139631610227
ba1500f1|t0.025|r0|time_agnostic_t|b3200,ba1500f1,ba,1500,0.0252,0,time_agnostic_t,3200,0.37266042780748665,hi(>.15),2230,0.02657085561497326,0.01902787489149893,0.019910349053515297,0.022828315468731653,0.029672891846226013,0.042747725156474514,0.06611894048516176,0.1242121247402983,0.01902787489149893,0.019910349053515297,0.022828315468731653,1.0,0.24636007130124776,0.05524272430184208
ba1500f1|t0.025|r0|time_respecting|b400,ba1500f1,ba,1500,0.0252,0,time_respecting,400,0.0365975935828877,mid,219,0.02657085561497326,6.0285110237146e-14,4.3143266736933583e-13,6.138267671929043e-11,2.583343250428527e-08,8.328542667856986e-06,0.0008223957541193538,0.01899180291489333,6.0285110237146e-14,8.328542667856986e-06,8.328542667856986e-06,2.0,0.2974806074497989,0.27338910107162895
ba1500f1|t0.025|r0|time_respecting|b1600,ba1500f1,ba,1500,0.0252,0,time_respecting,1600,0.12316176470588236,mid,737,0.02657085561497326,0.0,2.220446049250313e-16,6.228351168147128e-14,9.350065166557897e-11,1.127886817275936e-07,3.9771040301173066e-05,0.002605655295463971,0.0,1.127886817275936e-07,1.127886817275936e-07,2.0,0.2974806074497989,0.051930852982566784
ba1500f1|t0.025|r0|time_respecting|b3200,ba1500f1,ba,1500,0.0252,0,time_respecting,3200,0.20588235294117646,hi(>.15),1232,0.02657085561497326,0.009945754245966554,0.010303155987220203,0.011930266041041415,0.015577620744065768,0.021933451868498155,0.03254890786042719,0.050341610936832204,0.009945754245966554,0.021933451868498155,0.021933451868498155,2.0,0.24636007130124782,0.06855660130718964
ba1500f1|t0.033|r0|time_agnostic_t|b400,ba1500f1,ba,1500,0.0335,0,time_agnostic_t,400,0.05598262032085562,mid,335,0.034926470588235295,0.02802549808929633,0.029758037956030048,0.03577448595503585,0.04837695979852963,0.07567918395138218,0.16229924114700545,0.3690869810223255,0.02802549808929633,0.029758037956030048,0.03577448595503585,1.0,0.30770471467950905,0.09753635101010104
ba1500f1|t0.033|r0|time_agnostic_t|b1600,ba1500f1,ba,1500,0.0335,0,time_agnostic_t,1600,0.21122994652406418,hi(>.15),1264,0.034926470588235295,0.03958897288458951,0.04192464711205912,0.04830293595348867,0.06083974755124,0.08806809189083886,0.1524746964734911,0.326445380612551,0.03958897288458951,0.04192464711205912,0.04830293595348867,1.0,0.24636007130124776,0.061704595959596036
ba1500f1|t0.033|r0|time_agnostic_t|b3200,ba1500f1,ba,1500,0.0335,0,time_agnostic_t,3200,0.37266042780748665,hi(>.15),2230,0.034926470588235295,0.04170589432756033,0.0442619707518076,0.051829223012386794,0.06464385012065899,0.0912965126065779,0.14037562597727649,0.24757735158865046,0.04170589432756033,0.0442619707518076,0.051829223012386794,1.0,0.24636007130124776,0.055854370172311436
ba1500f1|t0.033|r0|time_respecting|b400,ba1500f1,ba,1500,0.0335,0,time_respecting,400,0.03776737967914438,mid,226,0.034926470588235295,5.395239810468411e-12,2.7816637881983297e-11,1.7884032033066433e-09,3.158750495613205e-07,4.783907219862993e-05,0.0025348673023652957,0.03759223723867278,5.395239810468411e-12,4.783907219862993e-05,4.783907219862993e-05,2.0,0.2974806074497989,0.21237855184128046
ba1500f1|t0.033|r0|time_respecting|b1600,ba1500f1,ba,1500,0.0335,0,time_respecting,1600,0.12483288770053476,mid,747,0.034926470588235295,0.017618156124766804,0.018618543133841925,0.02162157579067736,0.026678144317655472,0.036993718143361054,0.05550684837876263,0.09019437164532973,0.017618156124766804,0.036993718143361054,0.036993718143361054,2.0,0.2974806074497989,0.05120013022879841
ba1500f1|t0.033|r0|time_respecting|b3200,ba1500f1,ba,1500,0.0335,0,time_respecting,3200,0.20855614973262032,hi(>.15),1248,0.034926470588235295,0.025100348306861697,0.026431905876705963,0.03059903763792926,0.037340044732471434,0.050539434117316984,0.07447224807333441,0.11500033203013837,0.025100348306861697,0.050539434117316984,0.050539434117316984,2.0,0.24636007130124782,0.06940209150326804
ba1500f1|t0.102|r0|time_agnostic_t|b400,ba1500f1,ba,1500,0.1021,0,time_agnostic_t,400,0.05598262032085562,mid,335,0.1036096256684492,0.054556536458577165,0.058178684753192766,0.07057377050562075,0.09597135226038678,0.14689903558296757,0.27697166188817635,0.5165393336869064,0.054556536458577165,0.058178684753192766,0.07057377050562075,1.0,0.30770471467950905,0.09538899584076063
ba1500f1|t0.102|r0|time_agnostic_t|b1600,ba1500f1,ba,1500,0.1021,0,time_agnostic_t,1600,0.21122994652406418,hi(>.15),1264,0.1036096256684492,0.11945393055798748,0.12419556393309783,0.14200323747769739,0.18736266638405485,0.2751223289584974,0.4511454809929476,0.7183337580410526,0.11945393055798748,0.12419556393309783,0.14200323747769739,1.0,0.24636007130124776,0.09950972073677951
ba1500f1|t0.102|r0|time_agnostic_t|b3200,ba1500f1,ba,1500,0.1021,0,time_agnostic_t,3200,0.37266042780748665,hi(>.15),2230,0.1036096256684492,0.1019600337069474,0.10756906904070518,0.12338200745775307,0.1576739621013845,0.22818812998040705,0.35357136076629636,0.5915500224450241,0.1019600337069474,0.10756906904070518,0.12338200745775307,1.0,0.24636007130124776,0.11501693998811656
ba1500f1|t0.102|r0|time_respecting|b400,ba1500f1,ba,1500,0.1021,0,time_respecting,400,0.03760026737967914,mid,225,0.1036096256684492,0.03134713753886631,0.03328230775814289,0.03951225349286014,0.04975671623129696,0.06874143296265178,0.1099180678665872,0.22728634765405575,0.03134713753886631,0.06874143296265178,0.06874143296265178,2.0,0.2974806074497989,0.3368007511896171
ba1500f1|t0.102|r0|time_respecting|b1600,ba1500f1,ba,1500,0.1021,0,time_respecting,1600,0.12600267379679145,mid,754,0.1036096256684492,0.03758585322046626,0.03937384951422873,0.044333860843618345,0.055698730864309653,0.07846216532830863,0.11784272237248494,0.19091600909083084,0.03758585322046626,0.07846216532830863,0.07846216532830863,2.0,0.2974806074497989,0.10926135505075972
ba1500f1|t0.102|r0|time_respecting|b3200,ba1500f1,ba,1500,0.1021,0,time_respecting,3200,0.2038770053475936,hi(>.15),1220,0.1036096256684492,0.05069543376417163,0.053371199354015575,0.061842353807068706,0.0755690400729796,0.10143230544069426,0.14886624638644586,0.2289164346739081,0.05069543376417163,0.10143230544069426,0.10143230544069426,2.0,0.24636007130124782,0.1049055228758171
ba1500f1|t0.267|r0|time_agnostic_t|b400,ba1500f1,ba,1500,0.2675,0,time_agnostic_t,400,0.05598262032085562,mid,335,0.2682152406417112,0.2526483751156865,0.2730990488294138,0.3394865959936023,0.46959455137562933,0.7055015043620286,0.9217593541011373,0.9791068270090084,0.2526483751156865,0.2730990488294138,0.3394865959936023,1.0,0.30770471467950905,0.28128693034155566
ba1500f1|t0.267|r0|time_agnostic_t|b1600,ba1500f1,ba,1500,0.2675,0,time_agnostic_t,1600,0.21122994652406418,hi(>.15),1264,0.2682152406417112,0.22312154912531268,0.23715365379548703,0.29047836558288564,0.40027950050771255,0.5977378474099682,0.8713754318715747,0.9739326671922216,0.22312154912531268,0.23715365379548703,0.29047836558288564,1.0,0.24636007130124776,0.33293088829471174
ba1500f1|t0.267|r0|time_agnostic_t|b3200,ba1500f1,ba,1500,0.2675,0,time_agnostic_t,3200,0.37266042780748665,hi(>.15),2230,0.2682152406417112,0.2562579231422386,0.2678198491975604,0.30533203690808774,0.40520061665542295,0.595971052963504,0.8888678854661134,0.9907023235371272,0.2562579231422386,0.2678198491975604,0.30533203690808774,1.0,0.24636007130124776,0.35772196078431323
ba1500f1|t0.267|r0|time_respecting|b400,ba1500f1,ba,1500,0.2675,0,time_respecting,400,0.03927139037433155,mid,235,0.2682152406417112,0.14258303101312464,0.1482656651727131,0.17272679848320505,0.2302923648919204,0.3359350698041934,0.5330352629000894,0.8044386588410896,0.14258303101312464,0.3359350698041934,0.3359350698041934,2.0,0.2974806074497989,0.2221662629487647
ba1500f1|t0.267|r0|time_respecting|b1600,ba1500f1,ba,1500,0.2675,0,time_respecting,1600,0.13385695187165775,mid,801,0.2682152406417112,0.09499951727853995,0.0985366057055238,0.11427113005781331,0.15360156296094596,0.22379958605707972,0.3424016886795115,0.5606407388454169,0.09499951727853995,0.22379958605707972,0.22379958605707972,2.0,0.2974806074497989,0.2826992563369387
ba1500f1|t0.267|r0|time_respecting|b3200,ba1500f1,ba,1500,0.2675,0,time_respecting,3200,0.22560160427807488,hi(>.15),1350,0.2682152406417112,0.11721553467091361,0.12253658279438484,0.13788961909850883,0.173772384168423,0.24613434878589813,0.3687644275261637,0.5781342815515995,0.11721553467091361,0.24613434878589813,0.24613434878589813,2.0,0.24636007130124782,0.32870751039809853
ba1500f1|t0.370|r0|time_agnostic_t|b400,ba1500f1,ba,1500,0.3703,0,time_agnostic_t,400,0.05598262032085562,mid,335,0.37115641711229946,0.2763513968369241,0.29900217019040654,0.3722624516320866,0.5155582818209044,0.7663330966319115,0.948719761813218,0.9869480686018095,0.2763513968369241,0.29900217019040654,0.3722624516320866,1.0,0.30770471467950905,0.30713056373430664
ba1500f1|t0.370|r0|time_agnostic_t|b1600,ba1500f1,ba,1500,0.3703,0,time_agnostic_t,1600,0.21122994652406418,hi(>.15),1264,0.37115641711229946,0.22869784254412018,0.23993302510982062,0.2877565618710316,0.3934030727703487,0.5865609526898243,0.8614027542520906,0.970981853170402,0.22869784254412018,0.23993302510982062,0.2877565618710316,1.0,0.24636007130124776,0.31894432263814587
ba1500f1|t0.370|r0|time_agnostic_t|b3200,ba1500f1,ba,1500,0.3703,0,time_agnostic_t,3200,0.37266042780748665,hi(>.15),2230,0.37115641711229946,0.32510386749076714,0.3401762453813917,0.3857390695433567,0.5062502171874483,0.7412025504854792,0.9771437837734345,0.9988044791030011,0.32510386749076714,0.3401762453813917,0.3857390695433567,1.0,0.24636007130124776,0.3778992216280449
ba1500f1|t0.370|r0|time_respecting|b400,ba1500f1,ba,1500,0.3703,0,time_respecting,400,0.040274064171122996,mid,241,0.37115641711229946,0.23478033705779733,0.2440099269810534,0.276237766104914,0.3613777276773411,0.5288593025318529,0.8015768931060566,0.9523188052482481,0.23478033705779733,0.5288593025318529,0.5288593025318529,2.0,0.2974806074497989,0.40532766859198255
ba1500f1|t0.370|r0|time_respecting|b1600,ba1500f1,ba,1500,0.3703,0,time_respecting,1600,0.1323529411764706,mid,792,0.37115641711229946,0.16837380725301077,0.17591239641458212,0.19667611969241694,0.24788795532635255,0.34927314317443003,0.5206685198133327,0.7926487650741483,0.16837380725301077,0.34927314317443003,0.34927314317443003,2.0,0.2974806074497989,0.39157944884118384
ba1500f1|t0.370|r0|time_respecting|b3200,ba1500f1,ba,1500,0.3703,0,time_respecting,3200,0.22493315508021391,hi(>.15),1346,0.37115641711229946,0.17235273794503758,0.17970618762444035,0.2020476940844389,0.2546206646865621,0.3591321301189102,0.5328174879764017,0.8100772854652873,0.17235273794503758,0.3591321301189102,0.3591321301189102,2.0,0.24636007130124782,0.41035273915626863
ba1500f1|t0.412|r0|time_agnostic_t|b400,ba1500f1,ba,1500,0.4117,0,time_agnostic_t,400,0.05598262032085562,mid,335,0.4119318181818182,0.2998660914183835,0.32472643585898364,0.4048596466749841,0.5613175031990136,0.8211098150977698,0.9671673618515992,0.9919114253841593,0.2998660914183835,0.32472643585898364,0.4048596466749841,1.0,0.30770471467950905,0.30713056373430664
ba1500f1|t0.412|r0|time_agnostic_t|b1600,ba1500f1,ba,1500,0.4117,0,time_agnostic_t,1600,0.21122994652406418,hi(>.15),1264,0.4119318181818182,0.33928125613902704,0.35217994368193917,0.4085224931156235,0.5528981676616326,0.8136446815750809,0.9769330976555094,0.9963315345439023,0.33928125613902704,0.35217994368193917,0.4085224931156235,1.0,0.24636007130124776,0.3484622964943552
ba1500f1|t0.412|r0|time_agnostic_t|b3200,ba1500f1,ba,1500,0.4117,0,time_agnostic_t,3200,0.37266042780748665,hi(>.15),2230,0.4119318181818182,0.40501869306658844,0.42577933900312326,0.4817258356374844,0.6215510298507467,0.8946586857305021,0.9977012275212123,0.9998890651120523,0.40501869306658844,0.42577933900312326,0.4817258356374844,1.0,0.24636007130124776,0.44391957516339914
ba1500f1|t0.412|r0|time_respecting|b400,ba1500f1,ba,1500,0.4117,0,time_respecting,400,0.04060828877005348,mid,243,0.4119318181818182,0.05969767197676745,0.06540794752423096,0.0821533575626483,0.11227756991682336,0.1655574860925092,0.2809321501728156,0.5152530217679347,0.05969767197676745,0.1655574860925092,0.1655574860925092,2.0,0.2974806074497989,0.3696343947998948
ba1500f1|t0.412|r0|time_respecting|b1600,ba1500f1,ba,1500,0.4117,0,time_respecting,1600,0.13586229946524064,mid,813,0.4119318181818182,0.1252247977526877,0.13104895413693696,0.15015720521976705,0.20108935612705603,0.29527388495743534,0.45712114293642736,0.7338745069743757,0.1252247977526877,0.29527388495743534,0.29527388495743534,2.0,0.2974806074497989,0.29820321126892657
ba1500f1|t0.412|r0|time_respecting|b3200,ba1500f1,ba,1500,0.4117,0,time_respecting,3200,0.22927807486631016,hi(>.15),1372,0.4119318181818182,0.1940072378771711,0.20405590502575865,0.2347197564591872,0.28826920125645616,0.40168099309762917,0.6006407450916995,0.896025132326033,0.1940072378771711,0.40168099309762917,0.40168099309762917,2.0,0.24636007130124782,0.4338953683897799
ba8000f0|t0.058|r0|time_agnostic_t|b400,ba8000f0,ba,8000,0.0581,0,time_agnostic_t,400,0.010536518259129565,lo(<.02),337,0.058341670835417705,0.036000749221997363,0.038065442081176126,0.04360690910063003,0.05556422763367197,0.08928588549495853,0.19987772515154534,0.423029037862411,0.036000749221997363,0.038065442081176126,0.038065442081176126,0.5,0.33917240497034856,0.15230470981887967
ba8000f0|t0.058|r0|time_agnostic_t|b1600,ba8000f0,ba,8000,0.0581,0,time_agnostic_t,1600,0.041176838419209605,mid,1317,0.058341670835417705,0.03681274913607524,0.03843187201815079,0.04473339349970207,0.059446328759905964,0.09030394865309121,0.17845671506692895,0.3868417753872211,0.03681274913607524,0.03843187201815079,0.04473339349970207,1.0,0.30551144419339227,0.042184514523435857
ba8000f0|t0.058|r0|time_agnostic_t|b3200,ba8000f0,ba,8000,0.0581,0,time_agnostic_t,3200,0.08257253626813407,mid,2641,0.058341670835417705,0.05536742192155397,0.05775670564742963,0.0673123327731252,0.08968422815251964,0.13538296783426884,0.25241669771595,0.4851006339948285,0.05536742192155397,0.05775670564742963,0.0673123327731252,1.0,0.30551144419339227,0.11387365141249023
ba8000f0|t0.058|r0|time_respecting|b400,ba8000f0,ba,8000,0.0581,0,time_respecting,400,0.007191095547773887,lo(<.02),230,0.058341670835417705,0.022907025259704894,0.02519547549569623,0.03174975756741416,0.04337160123288675,0.06326367006917288,0.10089748684242072,0.20551213000320745,0.022907025259704894,0.06326367006917288,0.04337160123288675,1.5,0.33917240497034856,0.10489239472379643
ba8000f0|t0.058|r0|time_respecting|b1600,ba8000f0,ba,8000,0.0581,0,time_respecting,1600,0.028139069534767382,mid,900,0.058341670835417705,0.006069824312915806,0.0066446566787712324,0.008277182513883097,0.011189378735021571,0.01626218321055739,0.02798687484772533,0.08346089806095025,0.006069824312915806,0.01626218321055739,0.01626218321055739,2.0,0.2899430835506935,0.03373140023443096
ba8000f0|t0.058|r0|time_respecting|b3200,ba8000f0,ba,8000,0.0581,0,time_respecting,3200,0.05262006003001501,mid,1683,0.058341670835417705,0.013561680180806057,0.014240832986382679,0.01622122282425209,0.0206150856061047,0.02931451936935836,0.04531120731448213,0.09066996184136167,0.013561680180806057,0.02931451936935836,0.02931451936935836,2.0,0.2899430835506935,0.04642242477395589
ba8000f0|t0.113|r0|time_agnostic_t|b400,ba8000f0,ba,8000,0.1131,0,time_agnostic_t,400,0.010536518259129565,lo(<.02),337,0.11330665332666333,0.07251757268266057,0.07666910207569089,0.087642398886987,0.11110585199494571,0.17164284278963293,0.3298490148765648,0.5734019213320118,0.07251757268266057,0.07666910207569089,0.07666910207569089,0.5,0.33917240497034856,0.15886365376548728
ba8000f0|t0.113|r0|time_agnostic_t|b1600,ba8000f0,ba,8000,0.1131,0,time_agnostic_t,1600,0.041176838419209605,mid,1317,0.11330665332666333,0.08529820075539385,0.08903001754467665,0.10080254697500135,0.13119010515346563,0.19585670638145825,0.3474325509475704,0.5982148418805987,0.08529820075539385,0.08903001754467665,0.10080254697500135,1.0,0.30551144419339227,0.05545405749426375
ba8000f0|t0.113|r0|time_agnostic_t|b3200,ba8000f0,ba,8000,0.1131,0,time_agnostic_t,3200,0.08257253626813407,mid,2641,0.11330665332666333,0.10767453777908165,0.11200926668578359,0.1275236676877073,0.1676654021820021,0.25091975268380406,0.434384535280251,0.6882061528013594,0.10767453777908165,0.11200926668578359,0.1275236676877073,1.0,0.30551144419339227,0.13304962182391744
ba8000f0|t0.113|r0|time_respecting|b400,ba8000f0,ba,8000,0.1131,0,time_respecting,400,0.0077538769384692344,lo(<.02),248,0.11330665332666333,8.254807060126268e-09,2.6336908209856347e-08,5.216950103026363e-07,2.441076508508111e-05,0.0010324582898968426,0.018545221947109614,0.12182350896395111,8.254807060126268e-09,0.0010324582898968426,2.441076508508111e-05,1.5,0.33917240497034856,0.18404438921803873
ba8000f0|t0.113|r0|time_respecting|b1600,ba8000f0,ba,8000,0.1131,0,time_respecting,1600,0.029202101050525262,mid,934,0.11330665332666333,0.03209656270672456,0.034019789613938256,0.03946944015447351,0.04931472781075541,0.07033407737719921,0.11599951561258182,0.2486312911015044,0.03209656270672456,0.07033407737719921,0.07033407737719921,2.0,0.2899430835506935,0.07465496470215943
ba8000f0|t0.113|r0|time_respecting|b3200,ba8000f0,ba,8000,0.1131,0,time_respecting,3200,0.05521510755377689,mid,1766,0.11330665332666333,0.052215870389582975,0.05433183952854992,0.062297351243015386,0.08160113449467699,0.11774835083995971,0.1835510159298268,0.3340093657827591,0.052215870389582975,0.11774835083995971,0.11774835083995971,2.0,0.2899430835506935,0.21028138962907297
ba8000f0|t0.165|r0|time_agnostic_t|b400,ba8000f0,ba,8000,0.1652,0,time_agnostic_t,400,0.010536518259129565,lo(<.02),337,0.16523886943471736,0.131759846555495,0.13705039984635792,0.15957523196533918,0.21403071839495702,0.32793096660693555,0.5564304363746332,0.7813250780981528,0.131759846555495,0.13705039984635792,0.13705039984635792,0.5,0.33917240497034856,0.256424127957599
ba8000f0|t0.165|r0|time_agnostic_t|b1600,ba8000f0,ba,8000,0.1652,0,time_agnostic_t,1600,0.041176838419209605,mid,1317,0.16523886943471736,0.1714393456212947,0.17845889425800032,0.20877759204937374,0.280274381804555,0.41958400770231175,0.6716457426357239,0.8734204107065764,0.1714393456212947,0.17845889425800032,0.20877759204937374,1.0,0.30551144419339227,0.23859331758946206
ba8000f0|t0.165|r0|time_agnostic_t|b3200,ba8000f0,ba,8000,0.1652,0,time_agnostic_t,3200,0.08257253626813407,mid,2641,0.16523886943471736,0.14810733988978975,0.15439676123256463,0.180618508014735,0.24229311593892444,0.36329340933532817,0.5978480131827743,0.8246532762821328,0.14810733988978975,0.15439676123256463,0.180618508014735,1.0,0.30551144419339227,0.21946118919508034
ba8000f0|t0.165|r0|time_respecting|b400,ba8000f0,ba,8000,0.1652,0,time_respecting,400,0.008160330165082542,lo(<.02),261,0.16523886943471736,2.3008107312705306e-06,5.111183201456093e-06,4.254141666193423e-05,0.0007207123436231422,0.010770496847885669,0.08027310443994151,0.26784967531218584,2.3008107312705306e-06,0.010770496847885669,0.0007207123436231422,1.5,0.33917240497034856,0.3622489679185086
ba8000f0|t0.165|r0|time_respecting|b1600,ba8000f0,ba,8000,0.1652,0,time_respecting,1600,0.030015007503751877,mid,960,0.16523886943471736,0.05293986047772825,0.05576604020262177,0.06357014662201643,0.08095954979874498,0.11762300717371688,0.20042316877141975,0.3999469130846165,0.05293986047772825,0.11762300717371688,0.11762300717371688,2.0,0.2899430835506935,0.20213626886612074
ba8000f0|t0.165|r0|time_respecting|b3200,ba8000f0,ba,8000,0.1652,0,time_respecting,3200,0.058279139569784894,mid,1864,0.16523886943471736,0.06092305079892135,0.06408780267130532,0.07292963080498771,0.09297762635472762,0.1340828070339355,0.2173772467124394,0.4117425510380346,0.06092305079892135,0.1340828070339355,0.1340828070339355,2.0,0.2899430835506935,0.21563044791749547
ba8000f0|t0.280|r0|time_agnostic_t|b400,ba8000f0,ba,8000,0.2796,0,time_agnostic_t,400,0.010536518259129565,lo(<.02),337,0.279796148074037,0.1931043934146316,0.2104403558261605,0.2632980610338541,0.36332331106475846,0.5526798730385558,0.8103672281534328,0.9337974874823222,0.1931043934146316,0.2104403558261605,0.2104403558261605,0.5,0.33917240497034856,0.30437281638716157
ba8000f0|t0.280|r0|time_agnostic_t|b1600,ba8000f0,ba,8000,0.2796,0,time_agnostic_t,1600,0.041176838419209605,mid,1317,0.279796148074037,0.20759390479188522,0.21714003062864706,0.2573639378300817,0.34777388792497943,0.5208741245617997,0.7872001311503133,0.9325523992666871,0.20759390479188522,0.21714003062864706,0.2573639378300817,1.0,0.30551144419339227,0.28573281069794987
ba8000f0|t0.280|r0|time_agnostic_t|b3200,ba8000f0,ba,8000,0.2796,0,time_agnostic_t,3200,0.08257253626813407,mid,2641,0.279796148074037,0.21699481891761196,0.22556767183737858,0.2630207839509112,0.35310818556403034,0.5291789599303586,0.79472194679668,0.9346205397544546,0.21699481891761196,0.22556767183737858,0.2630207839509112,1.0,0.30551144419339227,0.28189484267146897
ba8000f0|t0.280|r0|time_respecting|b400,ba8000f0,ba,8000,0.2796,0,time_respecting,400,0.007816408204102052,lo(<.02),250,0.279796148074037,0.033434653612519516,0.03653135271873831,0.045595060523315745,0.06229102499026906,0.09477267064646222,0.18482696508239138,0.3955420148233515,0.033434653612519516,0.09477267064646222,0.06229102499026906,1.5,0.33917240497034856,0.15629258355577666
ba8000f0|t0.280|r0|time_respecting|b1600,ba8000f0,ba,8000,0.2796,0,time_respecting,1600,0.030358929464732367,mid,971,0.279796148074037,0.10571336517953522,0.11069576665295544,0.1260293733548734,0.1628941237580157,0.23757992361952418,0.3930530225004184,0.6535760838830118,0.10571336517953522,0.23757992361952418,0.23757992361952418,2.0,0.2899430835506935,0.3151620490499791
ba8000f0|t0.280|r0|time_respecting|b3200,ba8000f0,ba,8000,0.2796,0,time_respecting,3200,0.057528764382191094,mid,1840,0.279796148074037,0.13246982674781937,0.13830210543893218,0.15762394188353146,0.20471915971886534,0.29544413473086206,0.465491328038787,0.737901444822668,0.13246982674781937,0.29544413473086206,0.29544413473086206,2.0,0.2899430835506935,0.30935368589187484
ba8000f0|t0.460|r0|time_agnostic_t|b400,ba8000f0,ba,8000,0.4602,0,time_agnostic_t,400,0.010536518259129565,lo(<.02),337,0.4603551775887944,0.5306017743042526,0.5569597661723057,0.6677657259063974,0.8892152443800045,0.9919703319624438,0.9989654423083281,0.9996917428239057,0.5306017743042526,0.5569597661723057,0.5569597661723057,0.5,0.33917240497034856,0.4984634322363515
ba8000f0|t0.460|r0|time_agnostic_t|b1600,ba8000f0,ba,8000,0.4602,0,time_agnostic_t,1600,0.041176838419209605,mid,1317,0.4603551775887944,0.35755505282385724,0.37358771428331783,0.4453371315894994,0.6074163455022287,0.8678077576870026,0.9811428690136043,0.9957499043718194,0.35755505282385724,0.37358771428331783,0.4453371315894994,1.0,0.30551144419339227,0.40647646436160184
ba8000f0|t0.460|r0|time_agnostic_t|b3200,ba8000f0,ba,8000,0.4602,0,time_agnostic_t,3200,0.08257253626813407,mid,2641,0.4603551775887944,0.3709663519873917,0.3847780520389251,0.4493111295638553,0.6071553630746691,0.8655000690191076,0.979900924981338,0.9953263984406368,0.3709663519873917,0.3847780520389251,0.4493111295638553,1.0,0.30551144419339227,0.4093015054687398
ba8000f0|t0.460|r0|time_respecting|b400,ba8000f0,ba,8000,0.4602,0,time_respecting,400,0.008097798899449725,lo(<.02),259,0.4603551775887944,0.12012581223611873,0.13029491435844043,0.16168506926234738,0.222122089717271,0.34427155417845934,0.5792173058022778,0.7926630134051664,0.12012581223611873,0.34427155417845934,0.222122089717271,1.5,0.33917240497034856,0.4338522276872707
ba8000f0|t0.460|r0|time_respecting|b1600,ba8000f0,ba,8000,0.4602,0,time_respecting,1600,0.030609054527263632,mid,979,0.4603551775887944,0.19873447952141043,0.20668872585096354,0.23559362518282712,0.30996713744396454,0.45740056800553364,0.7174951220648154,0.9084166731153291,0.19873447952141043,0.45740056800553364,0.45740056800553364,2.0,0.2899430835506935,0.38997744895865966
ba8000f0|t0.460|r0|time_respecting|b3200,ba8000f0,ba,8000,0.4602,0,time_respecting,3200,0.059467233616808404,mid,1902,0.4603551775887944,0.21937389015484876,0.22798042293127263,0.2611526402320501,0.3458667784980576,0.5072186348590327,0.7770157183987538,0.9443150896167251,0.21937389015484876,0.5072186348590327,0.5072186348590327,2.0,0.2899430835506935,0.42274020177866833
ba8000f0|t0.546|r0|time_agnostic_t|b400,ba8000f0,ba,8000,0.5464,0,time_agnostic_t,400,0.010536518259129565,lo(<.02),337,0.5463981990995498,0.5526878644948219,0.5813234903157649,0.6989039958762939,0.9195546643304007,0.9952820934496239,0.9993893119417786,0.9998144666827263,0.5526878644948219,0.5813234903157649,0.5813234903157649,0.5,0.33917240497034856,0.5046785989030182
ba8000f0|t0.546|r0|time_agnostic_t|b1600,ba8000f0,ba,8000,0.5464,0,time_agnostic_t,1600,0.041176838419209605,mid,1317,0.5463981990995498,0.5139242574573051,0.5324083940618273,0.6221951202785412,0.833252310886357,0.9867337885041957,0.9987810151952968,0.999714054254353,0.5139242574573051,0.5324083940618273,0.6221951202785412,1.0,0.30551144419339227,0.519617816098037
ba8000f0|t0.546|r0|time_agnostic_t|b3200,ba8000f0,ba,8000,0.5464,0,time_agnostic_t,3200,0.08257253626813407,mid,2641,0.5463981990995498,0.48724507763908165,0.5059920908379099,0.5943171122674664,0.8032789251825414,0.9800365753423746,0.9980352626111462,0.9995317013883397,0.48724507763908165,0.5059920908379099,0.5943171122674664,1.0,0.30551144419339227,0.46218813287753013
ba8000f0|t0.546|r0|time_respecting|b400,ba8000f0,ba,8000,0.5464,0,time_respecting,400,0.00819159579789895,lo(<.02),262,0.5463981990995498,0.3759998953792183,0.38860437725576036,0.4431163550410636,0.5960072164651053,0.8463601006413302,0.9648327034884184,0.9885670535041463,0.3759998953792183,0.8463601006413302,0.5960072164651053,1.5,0.33917240497034856,0.47240755204333357
ba8000f0|t0.546|r0|time_respecting|b1600,ba8000f0,ba,8000,0.5464,0,time_respecting,1600,0.032141070535267637,mid,1028,0.5463981990995498,0.35579934088370346,0.3680493901757963,0.4180783929867753,0.555477768512362,0.8031936704905935,0.9544456028407045,0.9862519335075464,0.35579934088370346,0.8031936704905935,0.8031936704905935,2.0,0.2899430835506935,0.5118866715523165
ba8000f0|t0.546|r0|time_respecting|b3200,ba8000f0,ba,8000,0.5464,0,time_respecting,3200,0.06049899949974988,mid,1935,0.5463981990995498,0.26860843777904075,0.28177404109521054,0.31789225887579997,0.4088821643536882,0.5995871122936374,0.8655567552306798,0.9691994056781815,0.26860843777904075,0.5995871122936374,0.5995871122936374,2.0,0.2899430835506935,0.46726980356428566
ba8000f1|t0.023|r0|time_agnostic_t|b400,ba8000f1,ba,8000,0.0229,0,time_agnostic_t,400,0.01078664332166083,lo(<.02),345,0.023074037018509255,0.03396753161775268,0.036244894832426544,0.04393807920888504,0.06062463591688927,0.10565253020434229,0.24469292197421,0.4760207748534838,0.03396753161775268,0.036244894832426544,0.036244894832426544,0.5,0.3336767594203008,0.11670488678943276
ba8000f1|t0.023|r0|time_agnostic_t|b1600,ba8000f1,ba,8000,0.0229,0,time_agnostic_t,1600,0.04245872936468234,mid,1358,0.023074037018509255,0.01558016857639899,0.01661052133336416,0.02004153897553751,0.027395333296003965,0.048587534932118204,0.13572811520621642,0.3410023928481861,0.01558016857639899,0.01661052133336416,0.02004153897553751,1.0,0.29687542975760295,0.06372560578497079
ba8000f1|t0.023|r0|time_agnostic_t|b3200,ba8000f1,ba,8000,0.0229,0,time_agnostic_t,3200,0.0823224112056028,mid,2633,0.023074037018509255,0.024811091353784342,0.026010332769031197,0.030536463485868914,0.04073086450327357,0.0624391148916662,0.13151668270907013,0.31937157877038036,0.024811091353784342,0.026010332769031197,0.030536463485868914,1.0,0.29687542975760295,0.04851180112368668
ba8000f1|t0.023|r0|time_respecting|b400,ba8000f1,ba,8000,0.0229,0,time_respecting,400,0.00784767383691846,lo(<.02),251,0.023074037018509255,0.031634494532387536,0.03455241455004676,0.043093465146319065,0.05878657565663681,0.08845632780623469,0.16797751454196175,0.36706244508847197,0.031634494532387536,0.08845632780623469,0.05878657565663681,1.5,0.3336767594203008,0.2994043800620883
ba8000f1|t0.023|r0|time_respecting|b1600,ba8000f1,ba,8000,0.0229,0,time_respecting,1600,0.028858179089544772,mid,923,0.023074037018509255,0.01257456804068302,0.013780702347367946,0.01723391995839807,0.023390764040273848,0.034081206166867606,0.05753731970618192,0.1436440433447672,0.01257456804068302,0.034081206166867606,0.034081206166867606,2.0,0.28322618343396844,0.06641984292292974
ba8000f1|t0.023|r0|time_respecting|b3200,ba8000f1,ba,8000,0.0229,0,time_respecting,3200,0.05365182591295648,mid,1716,0.023074037018509255,0.01732776666175584,0.01823388181360308,0.020847401256352538,0.026411954233470647,0.0375924303891938,0.05848451771328367,0.1175370708461243,0.01732776666175584,0.0375924303891938,0.0375924303891938,2.0,0.28322618343396844,0.08800015093783639
ba8000f1|t0.310|r0|time_agnostic_t|b400,ba8000f1,ba,8000,0.3104,0,time_agnostic_t,400,0.01078664332166083,lo(<.02),345,0.31049899949974985,0.2733659992948868,0.2838600428758614,0.3208112420654504,0.42794319542028825,0.6520297664709271,0.8693244395985584,0.9494581438763783,0.2733659992948868,0.2838600428758614,0.2838600428758614,0.5,0.3336767594203008,0.2557290570180923
ba8000f1|t0.310|r0|time_agnostic_t|b1600,ba8000f1,ba,8000,0.3104,0,time_agnostic_t,1600,0.04245872936468234,mid,1358,0.31049899949974985,0.2736693020734159,0.28459776263282244,0.3331475894508633,0.4515945441191137,0.6804556897253636,0.8989359052150944,0.9675410676353099,0.2736693020734159,0.28459776263282244,0.3331475894508633,1.0,0.29687542975760295,0.3553547588404305
ba8000f1|t0.310|r0|time_agnostic_t|b3200,ba8000f1,ba,8000,0.3104,0,time_agnostic_t,3200,0.0823224112056028,mid,2633,0.31049899949974985,0.2791876940066592,0.29113725526211764,0.34445235783966033,0.47058799171762145,0.705774218173896,0.9265002029049851,0.9819355590063894,0.2791876940066592,0.29113725526211764,0.34445235783966033,1.0,0.29687542975760295,0.30968171145239537
ba8000f1|t0.310|r0|time_respecting|b400,ba8000f1,ba,8000,0.3104,0,time_respecting,400,0.007878939469734867,lo(<.02),252,0.31049899949974985,0.15950233275913928,0.1722050671001918,0.21680400214878526,0.3034571026153132,0.4622420666466752,0.7265847528330036,0.9034044987942437,0.15950233275913928,0.4622420666466752,0.3034571026153132,1.5,0.3336767594203008,0.3768879572969576
ba8000f1|t0.310|r0|time_respecting|b1600,ba8000f1,ba,8000,0.3104,0,time_respecting,1600,0.030015007503751877,mid,960,0.31049899949974985,0.18198265520478352,0.1894975815166473,0.21997059189891977,0.2950662879945506,0.43466312815505526,0.6850935109403565,0.9008368027139148,0.18198265520478352,0.43466312815505526,0.43466312815505526,2.0,0.28322618343396844,0.3715679051481601
ba8000f1|t0.310|r0|time_respecting|b3200,ba8000f1,ba,8000,0.3104,0,time_respecting,3200,0.05637193596798399,mid,1803,0.31049899949974985,0.17313692063254482,0.1809394068282284,0.20547758803050054,0.26908874057999677,0.39178913408386584,0.6150448752210402,0.8731592991715883,0.17313692063254482,0.39178913408386584,0.39178913408386584,2.0,0.28322618343396844,0.3378750184963271
ba8000f1|t0.313|r0|time_agnostic_t|b400,ba8000f1,ba,8000,0.3125,0,time_agnostic_t,400,0.01078664332166083,lo(<.02),345,0.31262506253126565,0.3428653518893421,0.3549087348169988,0.4048540372368895,0.546430719164964,0.7953106797650528,0.9427249632979852,0.9794955026836207,0.3428653518893421,0.3549087348169988,0.3549087348169988,0.5,0.3336767594203008,0.32567339286126856
ba8000f1|t0.313|r0|time_agnostic_t|b1600,ba8000f1,ba,8000,0.3125,0,time_agnostic_t,1600,0.04245872936468234,mid,1358,0.31262506253126565,0.28740671753435054,0.29918515150440816,0.3514022994421723,0.477259771943785,0.7147944414951711,0.9174216368266039,0.9741654555536239,0.28740671753435054,0.29918515150440816,0.3514022994421723,1.0,0.29687542975760295,0.3647521107038622
ba8000f1|t0.313|r0|time_agnostic_t|b3200,ba8000f1,ba,8000,0.3125,0,time_agnostic_t,3200,0.0823224112056028,mid,2633,0.31262506253126565,0.2846052997521633,0.2979831035417627,0.35686247749631184,0.4909068293115645,0.7351301008357075,0.94039085734885,0.9857659974473173,0.2846052997521633,0.2979831035417627,0.35686247749631184,1.0,0.29687542975760295,0.3235941490260992
ba8000f1|t0.313|r0|time_respecting|b400,ba8000f1,ba,8000,0.3125,0,time_respecting,400,0.0080040020010005,lo(<.02),256,0.31262506253126565,0.11916766097086207,0.12395846292320989,0.1409336811646058,0.18555435828039757,0.2787619499478501,0.47884382793434666,0.7288722106920567,0.11916766097086207,0.2787619499478501,0.18555435828039757,1.5,0.3336767594203008,0.36298520004483253
ba8000f1|t0.313|r0|time_respecting|b1600,ba8000f1,ba,8000,0.3125,0,time_respecting,1600,0.030577788894447223,mid,978,0.31262506253126565,0.0887754392062976,0.09249632356607584,0.10478265682661814,0.13627657425132722,0.19899116629817304,0.3322642126913653,0.5807237668241001,0.0887754392062976,0.19899116629817304,0.19899116629817304,2.0,0.28322618343396844,0.233678394489877
ba8000f1|t0.313|r0|time_respecting|b3200,ba8000f1,ba,8000,0.3125,0,time_respecting,3200,0.058279139569784894,mid,1864,0.31262506253126565,0.12101989911684874,0.12610059995747647,0.14241300890848319,0.18411035590712865,0.2658522549444484,0.42315238636951213,0.6890847248786602,0.12101989911684874,0.2658522549444484,0.2658522549444484,2.0,0.28322618343396844,0.3048998077118578
ba8000f1|t0.385|r0|time_agnostic_t|b400,ba8000f1,ba,8000,0.3854,0,time_agnostic_t,400,0.01078664332166083,lo(<.02),345,0.3854739869934968,0.3428653518893421,0.3549087348169988,0.4048540372368895,0.546430719164964,0.7953106797650569,0.9427249632979852,0.9794955026836207,0.3428653518893421,0.3549087348169988,0.3549087348169988,0.5,0.3336767594203008,0.32567339286126856
ba8000f1|t0.385|r0|time_agnostic_t|b1600,ba8000f1,ba,8000,0.3854,0,time_agnostic_t,1600,0.04245872936468234,mid,1358,0.3854739869934968,0.3052117211658476,0.32194573318488795,0.3892709517848163,0.5373260976039809,0.7919499980437951,0.9513484835287873,0.985528289094918,0.3052117211658476,0.32194573318488795,0.3892709517848163,1.0,0.29687542975760295,0.37222506683199313
ba8000f1|t0.385|r0|time_agnostic_t|b3200,ba8000f1,ba,8000,0.3854,0,time_agnostic_t,3200,0.0823224112056028,mid,2633,0.3854739869934968,0.3119493362203245,0.328717373300935,0.400004228536073,0.555093324485721,0.818415728119859,0.9697332437732924,0.9931715305636722,0.3119493362203245,0.328717373300935,0.400004228536073,1.0,0.29687542975760295,0.3468185439774838
ba8000f1|t0.385|r0|time_respecting|b400,ba8000f1,ba,8000,0.3854,0,time_respecting,400,0.00784767383691846,lo(<.02),251,0.3854739869934968,0.2992532764047374,0.31083254385355386,0.3650303035374103,0.50028653461926,0.7461823630858666,0.9498000726517966,0.9893914459440558,0.2992532764047374,0.7461823630858666,0.50028653461926,1.5,0.3336767594203008,0.3057707263736429
ba8000f1|t0.385|r0|time_respecting|b1600,ba8000f1,ba,8000,0.3854,0,time_respecting,1600,0.031078039019509753,mid,994,0.3854739869934968,0.2060086392986431,0.215261586235596,0.24420192738807167,0.32092150878876924,0.4769431671666077,0.7411791476827562,0.9159219554749729,0.2060086392986431,0.4769431671666077,0.4769431671666077,2.0,0.28322618343396844,0.3685882313380807
ba8000f1|t0.385|r0|time_respecting|b3200,ba8000f1,ba,8000,0.3854,0,time_respecting,3200,0.05727863931965983,mid,1832,0.3854739869934968,0.1680505187736583,0.17704756921211884,0.20165872357185977,0.25595451097554767,0.36943144635569125,0.5828953319045759,0.8460580050602639,0.1680505187736583,0.36943144635569125,0.36943144635569125,2.0,0.28322618343396844,0.3436196036318829
ba8000f1|t0.410|r0|time_agnostic_t|b400,ba8000f1,ba,8000,0.41,0,time_agnostic_t,400,0.01078664332166083,lo(<.02),345,0.4100487743871936,0.2733659992948867,0.283860042875861,0.3208112420654585,0.4279431954202957,0.6520297664709269,0.869324439598564,0.949458143876378,0.2733659992948867,0.283860042875861,0.283860042875861,0.5,0.3336767594203008,0.2557290570180923
ba8000f1|t0.410|r0|time_agnostic_t|b1600,ba8000f1,ba,8000,0.41,0,time_agnostic_t,1600,0.04245872936468234,mid,1358,0.4100487743871936,0.33297428709498844,0.34665386870680837,0.40810188370664346,0.5555709346907722,0.8093589949050495,0.9570060174761754,0.987228731997384,0.33297428709498844,0.34665386870680837,0.40810188370664346,1.0,0.29687542975760295,0.38301818794309345
ba8000f1|t0.410|r0|time_agnostic_t|b3200,ba8000f1,ba,8000,0.41,0,time_agnostic_t,3200,0.0823224112056028,mid,2633,0.4100487743871936,0.3362747932144293,0.35087080733494047,0.4166904419061288,0.5701288841274292,0.8318903630824397,0.9730870935714694,0.9939569864291198,0.3362747932144293,0.35087080733494047,0.4166904419061288,1.0,0.29687542975760295,0.3514541362652593
ba8000f1|t0.410|r0|time_respecting|b400,ba8000f1,ba,8000,0.41,0,time_respecting,400,0.008097798899449725,lo(<.02),259,0.4100487743871936,2.843549736786244e-07,7.218060940061832e-07,8.29296228233023e-06,0.00020576221597901068,0.0045324576158383145,0.04710115609139154,0.20324247295765452,2.843549736786244e-07,0.0045324576158383145,0.00020576221597901068,1.5,0.3336767594203008,0.25916245335777577
ba8000f1|t0.410|r0|time_respecting|b1600,ba8000f1,ba,8000,0.41,0,time_respecting,1600,0.030452726363181592,mid,974,0.4100487743871936,0.14737967044488887,0.15369791819471523,0.17371341239979687,0.22570001563693376,0.3296546610902821,0.5350494979242475,0.7942894661826704,0.14737967044488887,0.3296546610902821,0.3296546610902821,2.0,0.28322618343396844,0.300568746502559
ba8000f1|t0.410|r0|time_respecting|b3200,ba8000f1,ba,8000,0.41,0,time_respecting,3200,0.058341670835417705,mid,1866,0.4100487743871936,0.1506080138665591,0.15701954986681776,0.17833601198806026,0.23373529900833512,0.3401823192679816,0.5398593038319812,0.8084023082263411,0.1506080138665591,0.3401823192679816,0.3401823192679816,2.0,0.28322618343396844,0.3043818190306289
ba8000f1|t0.544|r0|time_agnostic_t|b400,ba8000f1,ba,8000,0.5444,0,time_agnostic_t,400,0.01078664332166083,lo(<.02),345,0.5444284642321161,0.49262100043893553,0.5082870321976614,0.582418332776613,0.783017575359138,0.9581063093172326,0.9915194644596029,0.9969753483754387,0.49262100043893553,0.5082870321976614,0.5082870321976614,0.5,0.3336767594203008,0.4716954234518309
ba8000f1|t0.544|r0|time_agnostic_t|b1600,ba8000f1,ba,8000,0.5444,0,time_agnostic_t,1600,0.04245872936468234,mid,1358,0.5444284642321161,0.42966202938235576,0.44918020077668586,0.5349866891929265,0.7309311297268195,0.9469286625273483,0.9918925651848309,0.9976502418477657,0.42966202938235576,0.44918020077668586,0.5349866891929265,1.0,0.29687542975760295,0.4128379834955725
ba8000f1|t0.544|r0|time_agnostic_t|b3200,ba8000f1,ba,8000,0.5444,0,time_agnostic_t,3200,0.0823224112056028,mid,2633,0.5444284642321161,0.46793248836694135,0.4857208539971961,0.5707034462404075,0.7737140035196779,0.9728664947627507,0.9974361033045468,0.9994250552709467,0.46793248836694135,0.4857208539971961,0.5707034462404075,1.0,0.29687542975760295,0.46334467189738565
ba8000f1|t0.544|r0|time_respecting|b400,ba8000f1,ba,8000,0.5444,0,time_respecting,400,0.008598049024512257,lo(<.02),275,0.5444284642321161,0.27673751651221,0.2866119035231699,0.33194934376897356,0.45680656188476576,0.6928230709552812,0.880312900823334,0.9473335036451715,0.27673751651221,0.6928230709552812,0.45680656188476576,1.5,0.3336767594203008,0.4712700918861238
ba8000f1|t0.544|r0|time_respecting|b1600,ba8000f1,ba,8000,0.5444,0,time_respecting,1600,0.03160955477738869,mid,1011,0.5444284642321161,0.2266118286308273,0.23486235970724922,0.2712583215207458,0.3613682517021666,0.5372994446336055,0.802910487621239,0.940131254493415,0.2266118286308273,0.5372994446336055,0.5372994446336055,2.0,0.28322618343396844,0.4616300825761467
ba8000f1|t0.544|r0|time_respecting|b3200,ba8000f1,ba,8000,0.5444,0,time_respecting,3200,0.060092546273136566,mid,1922,0.5444284642321161,0.20600799786403623,0.21417884491680117,0.245036466846972,0.32169212769084476,0.46945419905513686,0.7280304624154124,0.9199649540706221,0.20600799786403623,0.46945419905513686,0.46945419905513686,2.0,0.28322618343396844,0.4266975890312367
ba20000f0|t0.093|r0|time_agnostic_t|b400,ba20000f0,ba,20000,0.0934,0,time_agnostic_t,400,0.004288357671534307,lo(<.02),343,0.09340618123624725,0.06213906197138663,0.06651712878498017,0.08115589992664918,0.11135038125387031,0.1785469585289987,0.34858347774839604,0.5909583612768958,0.06213906197138663,0.06651712878498017,0.06651712878498017,0.5,0.34816777827753725,0.12672410745795154
ba20000f0|t0.093|r0|time_agnostic_t|b1600,ba20000f0,ba,20000,0.0934,0,time_agnostic_t,1600,0.016978395679135828,lo(<.02),1358,0.09340618123624725,0.07615521730478514,0.07924202677420344,0.09111070778567487,0.12128765655402607,0.18933068058592017,0.35811003369536143,0.60345180799023,0.07615521730478514,0.07924202677420344,0.07924202677420344,0.5,0.34816777827753725,0.24427777275244586
ba20000f0|t0.093|r0|time_agnostic_t|b3200,ba20000f0,ba,20000,0.0934,0,time_agnostic_t,3200,0.03363172634526906,mid,2690,0.09340618123624725,0.09442820451603295,0.09881312755821303,0.11650744173044425,0.1570436981528086,0.23996030589949946,0.42698293945457444,0.6761998024855254,0.09442820451603295,0.09881312755821303,0.11650744173044425,1.0,0.303894004156537,0.17124326147236288
ba20000f0|t0.093|r0|time_respecting|b400,ba20000f0,ba,20000,0.0934,0,time_respecting,400,0.003038107621524305,lo(<.02),243,0.09340618123624725,0.04211648718629468,0.04466418109542647,0.05170169731323737,0.06498508717780649,0.09678748009176952,0.18782582412275406,0.3997203135400176,0.04211648718629468,0.09678748009176952,0.06498508717780649,1.5,0.34816777827753725,0.30861883212306107
ba20000f0|t0.093|r0|time_respecting|b1600,ba20000f0,ba,20000,0.0934,0,time_respecting,1600,0.011977395479095819,lo(<.02),958,0.09340618123624725,0.03549077493664243,0.037570988296224406,0.043293262740018434,0.054438163692390185,0.07863780314465418,0.13747918336415343,0.3031597033036074,0.03549077493664243,0.07863780314465418,0.054438163692390185,1.5,0.34816777827753725,0.1492224792338448
ba20000f0|t0.093|r0|time_respecting|b3200,ba20000f0,ba,20000,0.0934,0,time_respecting,3200,0.023367173434686937,mid,1869,0.09340618123624725,0.03915938469645153,0.04083715564853274,0.046731147609762935,0.061029346237781334,0.0884509630261977,0.14490155369302538,0.2962233461994588,0.03915938469645153,0.0884509630261977,0.0884509630261977,2.0,0.2894855446080551,0.1514491986807163
ba20000f0|t0.111|r0|time_agnostic_t|b400,ba20000f0,ba,20000,0.111,0,time_agnostic_t,400,0.004288357671534307,lo(<.02),343,0.11102220444088817,0.10658051298363214,0.11073833157269275,0.12662763885100803,0.16880935096355965,0.2655570516872403,0.4768069109251918,0.7102221918130438,0.10658051298363214,0.11073833157269275,0.11073833157269275,0.5,0.34816777827753725,0.1489372107490501
ba20000f0|t0.111|r0|time_agnostic_t|b1600,ba20000f0,ba,20000,0.111,0,time_agnostic_t,1600,0.016978395679135828,lo(<.02),1358,0.11102220444088817,0.08598656183601883,0.08948434528177762,0.10208326396061196,0.1350747488388393,0.20999094884658154,0.38964553751433617,0.6350161069961913,0.08598656183601883,0.08948434528177762,0.08948434528177762,0.5,0.34816777827753725,0.3042947351399712
ba20000f0|t0.111|r0|time_agnostic_t|b3200,ba20000f0,ba,20000,0.111,0,time_agnostic_t,3200,0.03363172634526906,mid,2690,0.11102220444088817,0.09442820451603029,0.09881312755821237,0.11650744173044414,0.15704369815280894,0.23996030589950568,0.42698293945457455,0.6761998024855254,0.09442820451603029,0.09881312755821237,0.11650744173044414,1.0,0.303894004156537,0.17124326147236288
ba20000f0|t0.111|r0|time_respecting|b400,ba20000f0,ba,20000,0.111,0,time_respecting,400,0.0030256051210242048,lo(<.02),242,0.11102220444088817,4.141013976166619e-09,1.4029321593334032e-08,3.1878580541988555e-07,1.7177149744140863e-05,0.0008215000882109136,0.01616777754302634,0.11308037711533159,4.141013976166619e-09,0.0008215000882109136,1.7177149744140863e-05,1.5,0.34816777827753725,0.1862317015686696
ba20000f0|t0.111|r0|time_respecting|b1600,ba20000f0,ba,20000,0.111,0,time_respecting,1600,0.011652330466093219,lo(<.02),932,0.11102220444088817,0.04512405152982235,0.047202511885030995,0.05369257553397855,0.06952019568822498,0.10054821062707942,0.16164340092915697,0.3163569901700972,0.04512405152982235,0.10054821062707942,0.06952019568822498,1.5,0.34816777827753725,0.16955630298497576
ba20000f0|t0.111|r0|time_respecting|b3200,ba20000f0,ba,20000,0.111,0,time_respecting,3200,0.023317163432686538,mid,1865,0.11102220444088817,0.03447886143216994,0.03594986990067883,0.04156591668060616,0.054751713566385085,0.07948915285418745,0.13061135694772497,0.2723201953457919,0.03447886143216994,0.07948915285418745,0.07948915285418745,2.0,0.2894855446080551,0.13678161236634268
ba20000f0|t0.214|r0|time_agnostic_t|b400,ba20000f0,ba,20000,0.2139,0,time_agnostic_t,400,0.004288357671534307,lo(<.02),343,0.21395529105821165,0.06213906197138663,0.06651712878498017,0.08115589992664962,0.1113503812538702,0.17854695852899893,0.34858347774839094,0.5909583612768958,0.06213906197138663,0.06651712878498017,0.06651712878498017,0.5,0.34816777827753725,0.12672410745795154
ba20000f0|t0.214|r0|time_agnostic_t|b1600,ba20000f0,ba,20000,0.2139,0,time_agnostic_t,1600,0.016978395679135828,lo(<.02),1358,0.21395529105821165,0.13974251517718328,0.14528770873525676,0.16901611725113297,0.22718390066166483,0.34970911885616185,0.5870466819373438,0.8024903370070328,0.13974251517718328,0.14528770873525676,0.14528770873525676,0.5,0.34816777827753725,0.3138523878691754
ba20000f0|t0.214|r0|time_agnostic_t|b3200,ba20000f0,ba,20000,0.2139,0,time_agnostic_t,3200,0.03363172634526906,mid,2690,0.21395529105821165,0.18701204599122945,0.1961492404907118,0.23362628644288885,0.3174132575347436,0.4825966067694212,0.7453115523900242,0.9055831373850437,0.18701204599122945,0.1961492404907118,0.23362628644288885,1.0,0.303894004156537,0.27294494268886665
ba20000f0|t0.214|r0|time_respecting|b400,ba20000f0,ba,20000,0.2139,0,time_respecting,400,0.0031881376275255053,lo(<.02),255,0.21395529105821165,2.6567906089569604e-06,5.997740026630893e-06,5.159767728435405e-05,0.0008700392307656735,0.012442820949643107,0.08834415112052263,0.28231740047674847,2.6567906089569604e-06,0.012442820949643107,0.0008700392307656735,1.5,0.34816777827753725,0.31034968547553066
ba20000f0|t0.214|r0|time_respecting|b1600,ba20000f0,ba,20000,0.2139,0,time_respecting,1600,0.01232746549309862,lo(<.02),986,0.21395529105821165,0.03928894062830157,0.04107003256229713,0.04679384250755492,0.0608645680790495,0.09079351112595324,0.17233518488229993,0.37366445484740574,0.03928894062830157,0.09079351112595324,0.0608645680790495,1.5,0.34816777827753725,0.30117516841863057
ba20000f0|t0.214|r0|time_respecting|b3200,ba20000f0,ba,20000,0.2139,0,time_respecting,3200,0.02397979595919184,mid,1918,0.21395529105821165,0.041087680669756765,0.04306932639088257,0.04887244084189457,0.0627414063152878,0.09138369799274815,0.1598682387104956,0.3405772557815908,0.041087680669756765,0.09138369799274815,0.09138369799274815,2.0,0.2894855446080551,0.17052092179526177
ba20000f0|t0.254|r0|time_agnostic_t|b400,ba20000f0,ba,20000,0.2537,0,time_agnostic_t,400,0.004288357671534307,lo(<.02),343,0.2537382476495299,0.06213906197138663,0.06651712878498017,0.08115589992664962,0.1113503812538702,0.17854695852899893,0.34858347774839094,0.5909583612768958,0.06213906197138663,0.06651712878498017,0.06651712878498017,0.5,0.34816777827753725,0.12672410745795154
ba20000f0|t0.254|r0|time_agnostic_t|b1600,ba20000f0,ba,20000,0.2537,0,time_agnostic_t,1600,0.016978395679135828,lo(<.02),1358,0.2537382476495299,0.15692124916157035,0.16445842857642745,0.1954040391509655,0.26529081134049914,0.4077693574399539,0.6596661092395422,0.8513947155545397,0.15692124916157035,0.16445842857642745,0.16445842857642745,0.5,0.34816777827753725,0.3232299482374993
ba20000f0|t0.254|r0|time_agnostic_t|b3200,ba20000f0,ba,20000,0.2537,0,time_agnostic_t,3200,0.03363172634526906,mid,2690,0.2537382476495299,0.20617807605339467,0.2168420998466446,0.2596789246618699,0.3537612526300796,0.5371794696592979,0.7992786651077174,0.9313217304889252,0.20617807605339467,0.2168420998466446,0.2596789246618699,1.0,0.303894004156537,0.3078089995751313
ba20000f0|t0.254|r0|time_respecting|b400,ba20000f0,ba,20000,0.2537,0,time_respecting,400,0.003113122624524905,lo(<.02),249,0.2537382476495299,0.22060164771798751,0.22775193628250412,0.25906261185984114,0.33923457767958265,0.498154047431575,0.754108439120003,0.9137016093783591,0.22060164771798751,0.498154047431575,0.33923457767958265,1.5,0.34816777827753725,0.41983664543472266
ba20000f0|t0.254|r0|time_respecting|b1600,ba20000f0,ba,20000,0.2537,0,time_respecting,1600,0.012214942988597719,lo(<.02),977,0.2537382476495299,0.13166323613687436,0.13824453415637106,0.16493748535935449,0.22498946675858544,0.33572455284572156,0.5516747249097234,0.8016269475262894,0.13166323613687436,0.33572455284572156,0.22498946675858544,1.5,0.34816777827753725,0.38577773196508164
ba20000f0|t0.254|r0|time_respecting|b3200,ba20000f0,ba,20000,0.2537,0,time_respecting,3200,0.02391728345669134,mid,1913,0.2537382476495299,0.0952119904826737,0.09972403950006026,0.11791538941547153,0.1595357981022577,0.23597886080717145,0.39043809948794017,0.6512142320540226,0.0952119904826737,0.23597886080717145,0.23597886080717145,2.0,0.2894855446080551,0.29678015624821147
ba20000f0|t0.438|r0|time_agnostic_t|b400,ba20000f0,ba,20000,0.4379,0,time_agnostic_t,400,0.004288357671534307,lo(<.02),343,0.437875075015003,0.23245418378798066,0.2517330408163695,0.313455187078577,0.435393373957343,0.6630852462519476,0.8857041104403865,0.9609833394131498,0.23245418378798066,0.2517330408163695,0.2517330408163695,0.5,0.34816777827753725,0.4287310420051104
ba20000f0|t0.438|r0|time_agnostic_t|b1600,ba20000f0,ba,20000,0.4379,0,time_agnostic_t,1600,0.016978395679135828,lo(<.02),1358,0.437875075015003,0.38550722102340385,0.40425508062007665,0.48570380051629436,0.669172804553214,0.9123257570099794,0.9851673332116182,0.9956989425155296,0.38550722102340385,0.40425508062007665,0.40425508062007665,0.5,0.34816777827753725,0.44006047150870065
ba20000f0|t0.438|r0|time_agnostic_t|b3200,ba20000f0,ba,20000,0.4379,0,time_agnostic_t,3200,0.03363172634526906,mid,2690,0.437875075015003,0.4354065725357479,0.4551808327944604,0.5440189787314703,0.74652616792623,0.957755272507037,0.9944662127789303,0.9985255998999245,0.4354065725357479,0.4551808327944604,0.5440189787314703,1.0,0.303894004156537,0.4831251180956634
ba20000f0|t0.438|r0|time_respecting|b400,ba20000f0,ba,20000,0.4379,0,time_respecting,400,0.0032756551310262052,lo(<.02),262,0.437875075015003,0.14663040852975207,0.1591140321892418,0.1976004302441302,0.2744274966077437,0.437257124894052,0.6839238002071886,0.8443858074202097,0.14663040852975207,0.437257124894052,0.2744274966077437,1.5,0.34816777827753725,0.4892678629475231
ba20000f0|t0.438|r0|time_respecting|b1600,ba20000f0,ba,20000,0.4379,0,time_respecting,1600,0.012752550510102021,lo(<.02),1020,0.437875075015003,0.14492643462294075,0.15069713729498657,0.17522118409623277,0.23461755925574423,0.3585090722885903,0.5961176300243594,0.8091798724362962,0.14492643462294075,0.3585090722885903,0.23461755925574423,1.5,0.34816777827753725,0.4507041292508498
ba20000f0|t0.438|r0|time_respecting|b3200,ba20000f0,ba,20000,0.4379,0,time_respecting,3200,0.02530506101220244,mid,2024,0.437875075015003,0.13857842319582958,0.14385705292095607,0.16507531058173575,0.21903779067130447,0.3295893423923649,0.5532095063154377,0.7877755728993866,0.13857842319582958,0.3295893423923649,0.3295893423923649,2.0,0.2894855446080551,0.44885665734859886
ba20000f0|t0.449|r0|time_agnostic_t|b400,ba20000f0,ba,20000,0.4494,0,time_agnostic_t,400,0.004288357671534307,lo(<.02),343,0.44937737547509504,0.23245418378798033,0.25173304081637127,0.3134551870785601,0.43539337395734334,0.6630852462519478,0.8857041104403921,0.9609833394131448,0.23245418378798033,0.25173304081637127,0.25173304081637127,0.5,0.34816777827753725,0.4287310420051104
ba20000f0|t0.449|r0|time_agnostic_t|b1600,ba20000f0,ba,20000,0.4494,0,time_agnostic_t,1600,0.016978395679135828,lo(<.02),1358,0.44937737547509504,0.33665853649075694,0.3554077742957118,0.4337150286019573,0.6041855052092213,0.8628914417603005,0.9733411380730768,0.992181825315377,0.33665853649075694,0.3554077742957118,0.3554077742957118,0.5,0.34816777827753725,0.4233452625398851
ba20000f0|t0.449|r0|time_agnostic_t|b3200,ba20000f0,ba,20000,0.4494,0,time_agnostic_t,3200,0.03363172634526906,mid,2690,0.44937737547509504,0.39122144174834483,0.41345245596410707,0.5047724092641355,0.7013386984232864,0.9374262998104156,0.9913407448761302,0.9977138107180811,0.39122144174834483,0.41345245596410707,0.5047724092641355,1.0,0.303894004156537,0.46889417191799226
ba20000f0|t0.449|r0|time_respecting|b400,ba20000f0,ba,20000,0.4494,0,time_respecting,400,0.003175635127025405,lo(<.02),254,0.44937737547509504,0.15349237219716094,0.16727423571670108,0.20873007672259625,0.28620536892192006,0.435096244274508,0.6884015438611462,0.8700035090167111,0.15349237219716094,0.435096244274508,0.28620536892192006,1.5,0.34816777827753725,0.4166186158398509
ba20000f0|t0.449|r0|time_respecting|b1600,ba20000f0,ba,20000,0.4494,0,time_respecting,1600,0.012515003000600121,lo(<.02),1001,0.44937737547509504,0.20069576373809372,0.20872008883680404,0.24077289980552719,0.3201621232114308,0.47886892669643655,0.7407724358690071,0.9081557964685502,0.20069576373809372,0.47886892669643655,0.3201621232114308,1.5,0.34816777827753725,0.44239087936596005
ba20000f0|t0.449|r0|time_respecting|b3200,ba20000f0,ba,20000,0.4494,0,time_respecting,3200,0.02466743348669734,mid,1973,0.44937737547509504,0.21246995242987043,0.22035489463036506,0.25179287985907384,0.3328833759578804,0.4937852010531043,0.7583403258927385,0.9220958583087479,0.21246995242987043,0.4937852010531043,0.4937852010531043,2.0,0.2894855446080551,0.47432946982823787
ba20000f1|t0.029|r0|time_agnostic_t|b400,ba20000f1,ba,20000,0.0293,0,time_agnostic_t,400,0.004063312662532507,lo(<.02),325,0.029343368673734747,0.04811510549307341,0.05189881016983955,0.06383482164658438,0.0869494657189922,0.12994820674324037,0.2324350467494236,0.45541858021598547,0.04811510549307341,0.05189881016983955,0.06383482164658438,1.0,0.3319674548795243,0.17517825504561085
ba20000f1|t0.029|r0|time_agnostic_t|b1600,ba20000f1,ba,20000,0.0293,0,time_agnostic_t,1600,0.016940888177635526,lo(<.02),1355,0.029343368673734747,0.02259607316133272,0.024099722642446753,0.029127832019547828,0.03963810363484388,0.0657588459813151,0.15929787638591153,0.3706059999216639,0.02259607316133272,0.024099722642446753,0.029127832019547828,1.0,0.3319674548795243,0.14753946440632557
ba20000f1|t0.029|r0|time_agnostic_t|b3200,ba20000f1,ba,20000,0.0293,0,time_agnostic_t,3200,0.033644228845769154,mid,2691,0.029343368673734747,0.021798238492484523,0.023282248093297153,0.02818678555486709,0.03826723264685783,0.062105460247483646,0.1470230082598556,0.351656436588765,0.021798238492484523,0.023282248093297153,0.02818678555486709,1.0,0.29849389635719936,0.04018987069237556
ba20000f1|t0.029|r0|time_respecting|b400,ba20000f1,ba,20000,0.0293,0,time_respecting,400,0.002938087617523505,lo(<.02),235,0.029343368673734747,2.9509505949931736e-11,1.3816903177144013e-10,6.921049289232428e-09,9.040082159517127e-07,0.00010269982077504292,0.004223988611186114,0.051448543622755194,2.9509505949931736e-11,0.00010269982077504292,9.040082159517127e-07,1.5,0.3319674548795243,0.12955554471107675
ba20000f1|t0.029|r0|time_respecting|b1600,ba20000f1,ba,20000,0.0293,0,time_respecting,1600,0.011452290458091619,lo(<.02),916,0.029343368673734747,0.02104099356546263,0.02207344084883045,0.025173020580875005,0.0323848497476481,0.046578589084342426,0.07434636241688719,0.15802204607608672,0.02104099356546263,0.046578589084342426,0.0323848497476481,1.5,0.3319674548795243,0.1349786604032288
ba20000f1|t0.029|r0|time_respecting|b3200,ba20000f1,ba,20000,0.0293,0,time_respecting,3200,0.022854570914182838,mid,1828,0.029343368673734747,0.018768006684528937,0.01970809871031498,0.022457463818748802,0.028742698666981537,0.04125057530769849,0.06729994600530809,0.1535954126624015,0.018768006684528937,0.04125057530769849,0.04125057530769849,2.0,0.285222301608578,0.039079881577105076
ba20000f1|t0.312|r0|time_agnostic_t|b400,ba20000f1,ba,20000,0.3119,0,time_agnostic_t,400,0.004063312662532507,lo(<.02),325,0.3118623724744949,0.3738981629468713,0.38682218462022944,0.4482444855650024,0.6029108096449243,0.8644970388256148,0.9827582342143639,0.9965836410870171,0.3738981629468713,0.38682218462022944,0.4482444855650024,1.0,0.3319674548795243,0.4692828496510841
ba20000f1|t0.312|r0|time_agnostic_t|b1600,ba20000f1,ba,20000,0.3119,0,time_agnostic_t,1600,0.016940888177635526,lo(<.02),1355,0.3118623724744949,0.30834333257491253,0.32292929799216286,0.385231894339091,0.5266174460705402,0.7772643062710508,0.9470772751042457,0.984670064325975,0.30834333257491253,0.32292929799216286,0.385231894339091,1.0,0.3319674548795243,0.34138538504782695
ba20000f1|t0.312|r0|time_agnostic_t|b3200,ba20000f1,ba,20000,0.3119,0,time_agnostic_t,3200,0.033644228845769154,mid,2691,0.3118623724744949,0.2713203016163652,0.2853734386009855,0.34323540774914885,0.4705836515461679,0.7064622352156327,0.9187677651397953,0.9767411148908051,0.2713203016163652,0.2853734386009855,0.34323540774914885,1.0,0.29849389635719936,0.3402878558089179
ba20000f1|t0.312|r0|time_respecting|b400,ba20000f1,ba,20000,0.3119,0,time_respecting,400,0.003150630126025205,lo(<.02),252,0.3118623724744949,0.16362964149782733,0.16960875176495904,0.19591117738684505,0.26108080446411375,0.39198843031733677,0.6359719517203222,0.8458437944118953,0.16362964149782733,0.39198843031733677,0.26108080446411375,1.5,0.3319674548795243,0.3487676459363867
ba20000f1|t0.312|r0|time_respecting|b1600,ba20000f1,ba,20000,0.3119,0,time_respecting,1600,0.012189937987597519,lo(<.02),975,0.3118623724744949,0.1335070806911678,0.13922415875842187,0.15747130575765855,0.20485450268387884,0.300000004665238,0.49261701161910143,0.754836572364132,0.1335070806911678,0.300000004665238,0.20485450268387884,1.5,0.3319674548795243,0.23797321916049857
ba20000f1|t0.312|r0|time_respecting|b3200,ba20000f1,ba,20000,0.3119,0,time_respecting,3200,0.02392978595719144,mid,1914,0.3118623724744949,0.15693942242780734,0.16348044052713928,0.18438598246589755,0.23931199992849728,0.3487372750074632,0.5614752441626258,0.8169550367128086,0.15693942242780734,0.3487372750074632,0.3487372750074632,2.0,0.285222301608578,0.3808640188522737
ba20000f1|t0.363|r0|time_agnostic_t|b400,ba20000f1,ba,20000,0.3631,0,time_agnostic_t,400,0.004063312662532507,lo(<.02),325,0.3630976195239048,0.35253076656967763,0.3684499796331855,0.4383037532744217,0.5958375215701293,0.8586544898226759,0.9820110726380318,0.996493652576334,0.35253076656967763,0.3684499796331855,0.4383037532744217,1.0,0.3319674548795243,0.47360191391253165
ba20000f1|t0.363|r0|time_agnostic_t|b1600,ba20000f1,ba,20000,0.3631,0,time_agnostic_t,1600,0.016940888177635526,lo(<.02),1355,0.3630976195239048,0.33415962736954785,0.352838525572744,0.4266624329334704,0.5863277089571097,0.8435317687101479,0.9694682937791391,0.9914692527049552,0.33415962736954785,0.352838525572744,0.4266624329334704,1.0,0.3319674548795243,0.4138753446550101
ba20000f1|t0.363|r0|time_agnostic_t|b3200,ba20000f1,ba,20000,0.3631,0,time_agnostic_t,3200,0.033644228845769154,mid,2691,0.3630976195239048,0.31067615077543986,0.32641171894868337,0.39217389338548336,0.5379930550758156,0.7921453170115655,0.9552511215451736,0.9878784258655382,0.31067615077543986,0.32641171894868337,0.39217389338548336,1.0,0.29849389635719936,0.40382677275532214
ba20000f1|t0.363|r0|time_respecting|b400,ba20000f1,ba,20000,0.3631,0,time_respecting,400,0.003150630126025205,lo(<.02),252,0.3630976195239048,0.1242711398614702,0.13447128135015995,0.16678007011845652,0.22925031244075955,0.3445972278997984,0.5710834580848416,0.8110639700562274,0.1242711398614702,0.3445972278997984,0.22925031244075955,1.5,0.3319674548795243,0.33703556239950677
ba20000f1|t0.363|r0|time_respecting|b1600,ba20000f1,ba,20000,0.3631,0,time_respecting,1600,0.01277755551110222,lo(<.02),1022,0.3630976195239048,0.1358772441834104,0.14403258012929243,0.17586796052222242,0.24264333222765622,0.3679280249892898,0.6057404502696397,0.8298029007949249,0.1358772441834104,0.3679280249892898,0.24264333222765622,1.5,0.3319674548795243,0.31608880013502677
ba20000f1|t0.363|r0|time_respecting|b3200,ba20000f1,ba,20000,0.3631,0,time_respecting,3200,0.02477995599119824,mid,1982,0.3630976195239048,0.14774979182473846,0.15436827031839795,0.1832391589227398,0.24999927100479258,0.3749661085815359,0.6116795574603743,0.8424199467740882,0.14774979182473846,0.3749661085815359,0.3749661085815359,2.0,0.285222301608578,0.4150915135284574
ba20000f1|t0.406|r0|time_agnostic_t|b400,ba20000f1,ba,20000,0.4059,0,time_agnostic_t,400,0.004063312662532507,lo(<.02),325,0.40591868373674733,0.45780708554412897,0.47611202869149016,0.5621522739489873,0.7619586950257291,0.9718434904797106,0.9977800997031955,0.999562650037348,0.45780708554412897,0.47611202869149016,0.5621522739489873,1.0,0.3319674548795243,0.49378497140393907
ba20000f1|t0.406|r0|time_agnostic_t|b1600,ba20000f1,ba,20000,0.4059,0,time_agnostic_t,1600,0.016940888177635526,lo(<.02),1355,0.40591868373674733,0.37135224210467743,0.39350410899044885,0.47853758066561103,0.6589565597791669,0.9065156089500622,0.9849317968468295,0.9958599473766786,0.37135224210467743,0.39350410899044885,0.47853758066561103,1.0,0.3319674548795243,0.4347196220577127
ba20000f1|t0.406|r0|time_agnostic_t|b3200,ba20000f1,ba,20000,0.4059,0,time_agnostic_t,3200,0.033644228845769154,mid,2691,0.40591868373674733,0.3544653938398933,0.37810589327970967,0.46599724168435785,0.6469237197501134,0.9015623653879876,0.9851253733267511,0.9961449895768395,0.3544653938398933,0.37810589327970967,0.46599724168435785,1.0,0.29849389635719936,0.45434769589800045
ba20000f1|t0.406|r0|time_respecting|b400,ba20000f1,ba,20000,0.4059,0,time_respecting,400,0.003138127625525105,lo(<.02),251,0.40591868373674733,0.20246630438729885,0.21195710575215332,0.2389655225899876,0.3094374505740407,0.4607163960972257,0.7222096621188322,0.9011577907680246,0.20246630438729885,0.4607163960972257,0.3094374505740407,1.5,0.3319674548795243,0.26776101923369505
ba20000f1|t0.406|r0|time_respecting|b1600,ba20000f1,ba,20000,0.4059,0,time_respecting,1600,0.01259001800360072,lo(<.02),1007,0.40591868373674733,0.1661469968599435,0.17368683942905605,0.1959386668139922,0.2534954619177453,0.3746135442759868,0.6099796834754299,0.8379085316230109,0.1661469968599435,0.3746135442759868,0.2534954619177453,1.5,0.3319674548795243,0.403943534406881
ba20000f1|t0.406|r0|time_respecting|b3200,ba20000f1,ba,20000,0.4059,0,time_respecting,3200,0.02487997599519904,mid,1990,0.40591868373674733,0.1415670918234334,0.14721352069157634,0.1675740809455909,0.2201950326592228,0.32500264962989067,0.5358926089835567,0.7875142555217208,0.1415670918234334,0.32500264962989067,0.32500264962989067,2.0,0.285222301608578,0.3843294584696284
ba20000f1|t0.463|r0|time_agnostic_t|b400,ba20000f1,ba,20000,0.4625,0,time_agnostic_t,400,0.004063312662532507,lo(<.02),325,0.46253000600120026,0.45134621194941027,0.4770227681453656,0.5785553071366867,0.7905684877189274,0.9812040835138349,0.9986344694556122,0.9997335073546253,0.45134621194941027,0.4770227681453656,0.5785553071366867,1.0,0.3319674548795243,0.49827264619440464
ba20000f1|t0.463|r0|time_agnostic_t|b1600,ba20000f1,ba,20000,0.4625,0,time_agnostic_t,1600,0.016940888177635526,lo(<.02),1355,0.46253000600120026,0.37747713719176634,0.4002165907875257,0.48711338410973437,0.6708928846517073,0.9149422554762476,0.9866450861815425,0.9963339707751588,0.37747713719176634,0.4002165907875257,0.48711338410973437,1.0,0.3319674548795243,0.4347196220577127
ba20000f1|t0.463|r0|time_agnostic_t|b3200,ba20000f1,ba,20000,0.4625,0,time_agnostic_t,3200,0.033644228845769154,mid,2691,0.46253000600120026,0.37349381869798104,0.3947586271716852,0.47994191141171627,0.662313521854754,0.9118304685154377,0.9869876070272519,0.9966131993821694,0.37349381869798104,0.3947586271716852,0.47994191141171627,1.0,0.29849389635719936,0.45333977375144835
ba20000f1|t0.463|r0|time_respecting|b400,ba20000f1,ba,20000,0.4625,0,time_respecting,400,0.003125625125025005,lo(<.02),250,0.46253000600120026,0.1173348279330455,0.12206914419857562,0.13960799240712574,0.18450832917375504,0.276048786756962,0.4718718263051159,0.7254585546425849,0.1173348279330455,0.276048786756962,0.18450832917375504,1.5,0.3319674548795243,0.2634911571494055
ba20000f1|t0.463|r0|time_respecting|b1600,ba20000f1,ba,20000,0.4625,0,time_respecting,1600,0.01257751550310062,lo(<.02),1006,0.46253000600120026,0.27866468541386546,0.28849746361889783,0.33070006716370115,0.4384332183308147,0.6469021505543491,0.8915040913356002,0.9721787363099597,0.27866468541386546,0.6469021505543491,0.4384332183308147,1.5,0.3319674548795243,0.423035359321864
ba20000f1|t0.463|r0|time_respecting|b3200,ba20000f1,ba,20000,0.4625,0,time_respecting,3200,0.02494248849769954,mid,1995,0.46253000600120026,0.25523888963680263,0.2650508952895543,0.3077853324775527,0.41340691304833954,0.6141927569438415,0.8708582986228535,0.9666407417046822,0.25523888963680263,0.6141927569438415,0.6141927569438415,2.0,0.285222301608578,0.503918014261154
ba20000f1|t0.473|r0|time_agnostic_t|b400,ba20000f1,ba,20000,0.4726,0,time_agnostic_t,400,0.004063312662532507,lo(<.02),325,0.47263202640528107,0.48875600006975206,0.5186106518961799,0.6324597463467049,0.8605328966171822,0.9932957460901854,0.9995387410385734,0.9999071346130878,0.48875600006975206,0.5186106518961799,0.6324597463467049,1.0,0.3319674548795243,0.4986877516612834
ba20000f1|t0.473|r0|time_agnostic_t|b1600,ba20000f1,ba,20000,0.4726,0,time_agnostic_t,1600,0.016940888177635526,lo(<.02),1355,0.47263202640528107,0.4017719427021822,0.42687977157051915,0.5212055298644898,0.7179704618115885,0.9430528713072519,0.991817038674783,0.9977520925568663,0.4017719427021822,0.42687977157051915,0.5212055298644898,1.0,0.3319674548795243,0.43447821054207625
ba20000f1|t0.473|r0|time_agnostic_t|b3200,ba20000f1,ba,20000,0.4726,0,time_agnostic_t,3200,0.033644228845769154,mid,2691,0.47263202640528107,0.40176647144117206,0.4199158015889354,0.500875348849068,0.6857572377337915,0.9261588061741831,0.9894209140859879,0.9972207838809323,0.40176647144117206,0.4199158015889354,0.500875348849068,1.0,0.29849389635719936,0.4525337867425324
ba20000f1|t0.473|r0|time_respecting|b400,ba20000f1,ba,20000,0.4726,0,time_respecting,400,0.003113122624524905,lo(<.02),249,0.47263202640528107,0.11512538942181572,0.11964282241678148,0.137561381558301,0.18194930535292497,0.26995028702903057,0.4571873704587781,0.713632394162437,0.11512538942181572,0.26995028702903057,0.18194930535292497,1.5,0.3319674548795243,0.23134581625829503
ba20000f1|t0.473|r0|time_respecting|b1600,ba20000f1,ba,20000,0.4726,0,time_respecting,1600,0.01260252050410082,lo(<.02),1008,0.47263202640528107,0.17409480207140382,0.1812818660153933,0.20472646988604704,0.2667598632654774,0.396176330585007,0.6399289889116777,0.8530096906655863,0.17409480207140382,0.396176330585007,0.2667598632654774,1.5,0.3319674548795243,0.4300259968493694
ba20000f1|t0.473|r0|time_respecting|b3200,ba20000f1,ba,20000,0.4726,0,time_respecting,3200,0.02489247849569914,mid,1991,0.47263202640528107,0.16202639564693555,0.16892565348080968,0.19467467352935497,0.25889156318397477,0.3859510268555755,0.6263564203776213,0.8474316676348418,0.16202639564693555,0.3859510268555755,0.3859510268555755,2.0,0.285222301608578,0.46050405554564927
er1500f0|t0.042|r0|time_agnostic_t|b400,er1500f0,er,1500,0.042,0,time_agnostic_t,400,0.05466666666666667,mid,328,0.0425,0.06237303018611895,0.06604864086071105,0.07590262895090849,0.09566416828903024,0.1420466367654447,0.26145200639047417,0.4968042979928614,0.06237303018611895,0.06604864086071105,0.07590262895090849,1.0,0.30515557128477744,0.11225228988091913
er1500f0|t0.042|r0|time_agnostic_t|b1600,er1500f0,er,1500,0.042,0,time_agnostic_t,1600,0.2045,hi(>.15),1227,0.0425,0.018284253296955377,0.019421559510082398,0.02278897575089811,0.028467605478668556,0.04056311731804041,0.0700455762929848,0.1753446767642709,0.018284253296955377,0.019421559510082398,0.02278897575089811,1.0,0.23361435432758965,0.09445369578134288
er1500f0|t0.042|r0|time_agnostic_t|b3200,er1500f0,er,1500,0.042,0,time_agnostic_t,3200,0.368,hi(>.15),2208,0.0425,0.031145464732026507,0.03272954125761285,0.03767346986383291,0.04939781825515688,0.0724946170018832,0.1127092823956577,0.19967455884284013,0.031145464732026507,0.03272954125761285,0.03767346986383291,1.0,0.23361435432758965,0.04981728163992869
er1500f0|t0.042|r0|time_respecting|b400,er1500f0,er,1500,0.042,0,time_respecting,400,0.035833333333333335,mid,215,0.0425,2.0467738615082e-11,9.19547771260909e-11,4.334739456268721e-09,5.706197040433736e-07,6.806841408391051e-05,0.0030549435557412075,0.04134371072927112,2.0467738615082e-11,6.806841408391051e-05,6.806841408391051e-05,2.0,0.29323203512524615,0.22141555852644093
er1500f0|t0.042|r0|time_respecting|b1600,er1500f0,er,1500,0.042,0,time_respecting,1600,0.11983333333333333,mid,719,0.0425,0.023702769375031574,0.025051694548337777,0.02938805136905509,0.03661197538532723,0.0495894758577583,0.07376543750904563,0.11748026916067922,0.023702769375031574,0.0495894758577583,0.0495894758577583,2.0,0.29323203512524615,0.11623954323920249
er1500f0|t0.042|r0|time_respecting|b3200,er1500f0,er,1500,0.042,0,time_respecting,3200,0.20116666666666666,hi(>.15),1207,0.0425,0.022176284517602007,0.023360749780482526,0.02715530216223072,0.03345406743872159,0.044851157690091514,0.06589810357420034,0.10148746686346699,0.022176284517602007,0.044851157690091514,0.044851157690091514,2.0,0.2336143543275896,0.0731707011289365
er1500f0|t0.064|r0|time_agnostic_t|b400,er1500f0,er,1500,0.0645,0,time_agnostic_t,400,0.05466666666666667,mid,328,0.06483333333333334,0.025998469586647865,0.028007169835675305,0.03430096979055586,0.04655452334600729,0.07124712124608346,0.14576503834793975,0.33989568390293934,0.025998469586647865,0.028007169835675305,0.03430096979055586,1.0,0.30515557128477744,0.10566654708853246
er1500f0|t0.064|r0|time_agnostic_t|b1600,er1500f0,er,1500,0.0645,0,time_agnostic_t,1600,0.2045,hi(>.15),1227,0.06483333333333334,0.06965997447675742,0.0725626349845998,0.0832239135513928,0.10953744477650351,0.15968164536860419,0.2582174965050227,0.47316757454073033,0.06965997447675742,0.0725626349845998,0.0832239135513928,1.0,0.23361435432758965,0.11299489007724318
er1500f0|t0.064|r0|time_agnostic_t|b3200,er1500f0,er,1500,0.0645,0,time_agnostic_t,3200,0.368,hi(>.15),2208,0.06483333333333334,0.06938228551075376,0.07320579208304878,0.0836142170149401,0.10587161788465271,0.1517427245590296,0.23331833905044275,0.3976517617366161,0.06938228551075376,0.07320579208304878,0.0836142170149401,1.0,0.23361435432758965,0.0898518360071301
er1500f0|t0.064|r0|time_respecting|b400,er1500f0,er,1500,0.0645,0,time_respecting,400,0.03666666666666667,mid,220,0.06483333333333334,0.09152436279983722,0.09520520142999811,0.10806161839530593,0.14064903065390943,0.20286390634948093,0.31830155722640774,0.5498340275675881,0.09152436279983722,0.20286390634948093,0.20286390634948093,2.0,0.29323203512524615,0.21746351607287623
er1500f0|t0.064|r0|time_respecting|b1600,er1500f0,er,1500,0.0645,0,time_respecting,1600,0.1225,mid,735,0.06483333333333334,0.05616244595645836,0.05929038228922878,0.06870412939221071,0.08394726816372033,0.11550425244225859,0.17208713803093245,0.2738586906326491,0.05616244595645836,0.11550425244225859,0.11550425244225859,2.0,0.29323203512524615,0.1330520510579146
er1500f0|t0.064|r0|time_respecting|b3200,er1500f0,er,1500,0.0645,0,time_respecting,3200,0.20866666666666667,hi(>.15),1252,0.06483333333333334,0.04461152943886548,0.04701655832645302,0.05476308356911053,0.06779859165714541,0.090525242425611,0.13311266862788873,0.20567384893746354,0.04461152943886548,0.090525242425611,0.090525242425611,2.0,0.2336143543275896,0.09033898692810458
er1500f0|t0.085|r0|time_agnostic_t|b400,er1500f0,er,1500,0.0849,0,time_agnostic_t,400,0.05466666666666667,mid,328,0.08533333333333333,0.0980865802630635,0.10672137262011883,0.13302841022309797,0.1826206697034155,0.2743227482808688,0.4672128898130956,0.7224333857139871,0.0980865802630635,0.10672137262011883,0.13302841022309797,1.0,0.30515557128477744,0.12184303451785321
er1500f0|t0.085|r0|time_agnostic_t|b1600,er1500f0,er,1500,0.0849,0,time_agnostic_t,1600,0.2045,hi(>.15),1227,0.08533333333333333,0.0847447750190714,0.0882682977448439,0.1024254618365894,0.136157469526195,0.19901301175188413,0.32076253907836894,0.5623470212724913,0.0847447750190714,0.0882682977448439,0.1024254618365894,1.0,0.23361435432758965,0.12085360665478329
er1500f0|t0.085|r0|time_agnostic_t|b3200,er1500f0,er,1500,0.0849,0,time_agnostic_t,3200,0.368,hi(>.15),2208,0.08533333333333333,0.08677542228662005,0.090707571809574,0.10290020259401489,0.13325535840987424,0.19254705118312898,0.29660029472639526,0.49982179776585656,0.08677542228662005,0.090707571809574,0.10290020259401489,1.0,0.23361435432758965,0.17740471479500897
er1500f0|t0.085|r0|time_respecting|b400,er1500f0,er,1500,0.0849,0,time_respecting,400,0.03666666666666667,mid,220,0.08533333333333333,0.023049957931547183,0.025352443064386776,0.03194688430313353,0.04365972397760742,0.06367837546069322,0.10065123283786082,0.1999163740195048,0.023049957931547183,0.06367837546069322,0.06367837546069322,2.0,0.29323203512524615,0.1375488116458707
er1500f0|t0.085|r0|time_respecting|b1600,er1500f0,er,1500,0.0849,0,time_respecting,1600,0.12166666666666667,mid,730,0.08533333333333333,0.023595829175068417,0.02479775646219473,0.03030174143572617,0.04137092209837623,0.06038274155794432,0.09217395835540731,0.1486798393117652,0.023595829175068417,0.06038274155794432,0.06038274155794432,2.0,0.29323203512524615,0.0791492255710502
er1500f0|t0.085|r0|time_respecting|b3200,er1500f0,er,1500,0.0849,0,time_respecting,3200,0.21183333333333335,hi(>.15),1271,0.08533333333333333,0.039698746236050186,0.04145992845486901,0.046743308520814986,0.0586147599510094,0.08300437841067276,0.12449649764108939,0.1938665097863692,0.039698746236050186,0.08300437841067276,0.08300437841067276,2.0,0.2336143543275896,0.10785150623885931
er1500f0|t0.183|r0|time_agnostic_t|b400,er1500f0,er,1500,0.1832,0,time_agnostic_t,400,0.05466666666666667,mid,328,0.1835,0.07453983264764297,0.08093147978204007,0.10050978422904555,0.13763968438198138,0.20691191919547158,0.3627457628720696,0.6165495451129144,0.07453983264764297,0.08093147978204007,0.10050978422904555,1.0,0.30515557128477744,0.1006979292929294
er1500f0|t0.183|r0|time_agnostic_t|b1600,er1500f0,er,1500,0.1832,0,time_agnostic_t,1600,0.2045,hi(>.15),1227,0.1835,0.12620636809020847,0.13238914234507826,0.15922262072668258,0.22007984116408053,0.3286357145381221,0.5306312395360276,0.8019082073008836,0.12620636809020847,0.13238914234507826,0.15922262072668258,1.0,0.23361435432758965,0.1560565656565657
er1500f0|t0.183|r0|time_agnostic_t|b3200,er1500f0,er,1500,0.1832,0,time_agnostic_t,3200,0.368,hi(>.15),2208,0.1835,0.15849656938218848,0.1661847090387888,0.18924120683189072,0.2475621575359932,0.36152150377572134,0.5621639167934962,0.8498011240208023,0.15849656938218848,0.1661847090387888,0.18924120683189072,1.0,0.23361435432758965,0.21963870766488408
er1500f0|t0.183|r0|time_respecting|b400,er1500f0,er,1500,0.1832,0,time_respecting,400,0.03833333333333333,mid,230,0.1835,0.10293965088112311,0.11289352877642167,0.14220509349083266,0.1951504738823524,0.2860600319541411,0.456823631245743,0.7270623733397517,0.10293965088112311,0.2860600319541411,0.2860600319541411,2.0,0.29323203512524615,0.2211395786128358
er1500f0|t0.183|r0|time_respecting|b1600,er1500f0,er,1500,0.1832,0,time_respecting,1600,0.12583333333333332,mid,755,0.1835,0.05213860210976007,0.05571253421068978,0.066162630329901,0.0909401077138775,0.13379892223218892,0.20570831935514444,0.3356680245166316,0.05213860210976007,0.13379892223218892,0.13379892223218892,2.0,0.29323203512524615,0.11834838480145494
er1500f0|t0.183|r0|time_respecting|b3200,er1500f0,er,1500,0.1832,0,time_respecting,3200,0.2065,hi(>.15),1239,0.1835,0.06830675703830147,0.07102635506998756,0.07989662345607462,0.1018978782421962,0.1453027913800672,0.21799631260714503,0.3391771792168017,0.06830675703830147,0.1453027913800672,0.1453027913800672,2.0,0.2336143543275896,0.1396749762329177
er1500f0|t0.514|r0|time_agnostic_t|b400,er1500f0,er,1500,0.5137,0,time_agnostic_t,400,0.05466666666666667,mid,328,0.5136666666666667,0.37253138440204003,0.3934599294760316,0.48189920666736474,0.6713512318366639,0.9272583157643334,0.991977764618218,0.9982383906064054,0.37253138440204003,0.3934599294760316,0.48189920666736474,1.0,0.30515557128477744,0.37747793337789676
er1500f0|t0.514|r0|time_agnostic_t|b1600,er1500f0,er,1500,0.5137,0,time_agnostic_t,1600,0.2045,hi(>.15),1227,0.5136666666666667,0.5041864878664792,0.5225311500523451,0.6122690017838281,0.8277754062568285,0.994406385160501,0.9998336467191435,0.999979527929375,0.5041864878664792,0.5225311500523451,0.6122690017838281,1.0,0.23361435432758965,0.3995945959595965
er1500f0|t0.514|r0|time_agnostic_t|b3200,er1500f0,er,1500,0.5137,0,time_agnostic_t,3200,0.368,hi(>.15),2208,0.5136666666666667,0.48834119791287756,0.5093429479811371,0.5746127267604872,0.7574775970930887,0.9905027292437251,0.9999416499293649,0.9999974013457235,0.48834119791287756,0.5093429479811371,0.5746127267604872,1.0,0.23361435432758965,0.4071665062388599
er1500f0|t0.514|r0|time_respecting|b400,er1500f0,er,1500,0.5137,0,time_respecting,400,0.03983333333333333,mid,239,0.5136666666666667,0.11150994597192376,0.12257256908884173,0.15497506621653623,0.21388103157181426,0.31754609444025284,0.5201686266672085,0.7816091247458488,0.11150994597192376,0.31754609444025284,0.31754609444025284,2.0,0.29323203512524615,0.3267036550683987
er1500f0|t0.514|r0|time_respecting|b1600,er1500f0,er,1500,0.5137,0,time_respecting,1600,0.13816666666666666,mid,829,0.5136666666666667,0.21362452704660495,0.22335283266419614,0.2565891195036756,0.333813051205363,0.4821002942771012,0.7383003442604386,0.9565049267881314,0.21362452704660495,0.4821002942771012,0.4821002942771012,2.0,0.29323203512524615,0.4063142890203942
er1500f0|t0.514|r0|time_respecting|b3200,er1500f0,er,1500,0.5137,0,time_respecting,3200,0.23533333333333334,hi(>.15),1412,0.5136666666666667,0.2404592780029272,0.2527998659530274,0.2906596935329253,0.35966770838377715,0.5048339628815297,0.7597722355449537,0.9804708061604703,0.2404592780029272,0.5048339628815297,0.5048339628815297,2.0,0.2336143543275896,0.4080102525252528
er1500f0|t0.556|r0|time_agnostic_t|b400,er1500f0,er,1500,0.556,0,time_agnostic_t,400,0.05466666666666667,mid,328,0.556,0.44747269547552515,0.46309679571653684,0.538092997418858,0.7259266080487456,0.9536490760440528,0.9952655979546525,0.9989476141943368,0.44747269547552515,0.46309679571653684,0.538092997418858,1.0,0.30515557128477744,0.38371362150920985
er1500f0|t0.556|r0|time_agnostic_t|b1600,er1500f0,er,1500,0.556,0,time_agnostic_t,1600,0.2045,hi(>.15),1227,0.556,0.5085192468894253,0.5271013246529213,0.6157579131860845,0.8344408170008929,0.994974558836523,0.9998440672042401,0.9999802626894346,0.5085192468894253,0.5271013246529213,0.6157579131860845,1.0,0.23361435432758965,0.420197165775402
er1500f0|t0.556|r0|time_agnostic_t|b3200,er1500f0,er,1500,0.556,0,time_agnostic_t,3200,0.368,hi(>.15),2208,0.556,0.5154464810887361,0.537570996407862,0.606564973673225,0.7989219219598073,0.9965132869851167,0.9999804752682052,0.9999990979342872,0.5154464810887361,0.537570996407862,0.606564973673225,1.0,0.23361435432758965,0.4086399168152116
er1500f0|t0.556|r0|time_respecting|b400,er1500f0,er,1500,0.556,0,time_respecting,400,0.041166666666666664,mid,247,0.556,0.15825750933881078,0.16592715531405222,0.18791282426752465,0.24205058017675463,0.3568292131990922,0.5845265786351447,0.820982003824393,0.15825750933881078,0.3568292131990922,0.3568292131990922,2.0,0.29323203512524615,0.3653915834818779
er1500f0|t0.556|r0|time_respecting|b1600,er1500f0,er,1500,0.556,0,time_respecting,1600,0.13416666666666666,mid,805,0.556,0.2020265552396594,0.21096798902008662,0.23865229346733208,0.31210610510161807,0.4525575717077871,0.693786592956422,0.945212851047087,0.2020265552396594,0.4525575717077871,0.4525575717077871,2.0,0.29323203512524615,0.4148643249860588
er1500f0|t0.556|r0|time_respecting|b3200,er1500f0,er,1500,0.556,0,time_respecting,3200,0.22966666666666666,hi(>.15),1378,0.556,0.243959246951032,0.25583919287799073,0.29100820952304773,0.360534724730894,0.5083350976425087,0.7618146758492472,0.9839610776497597,0.243959246951032,0.5083350976425087,0.5083350976425087,2.0,0.2336143543275896,0.3994428015448606
er1500f1|t0.120|r0|time_agnostic_t|b400,er1500f1,er,1500,0.1199,0,time_agnostic_t,400,0.05633333333333333,mid,338,0.11983333333333333,0.1615903475801933,0.16915478760017633,0.20044281613914772,0.27161450470524406,0.41730313834819965,0.6706473100662236,0.8571685071858913,0.1615903475801933,0.16915478760017633,0.20044281613914772,1.0,0.30321297869218483,0.16313335412953078
er1500f1|t0.120|r0|time_agnostic_t|b1600,er1500f1,er,1500,0.1199,0,time_agnostic_t,1600,0.20483333333333334,hi(>.15),1229,0.11983333333333333,0.10130373372781853,0.10684674254266624,0.13095444155018987,0.18269408300689016,0.2736660145788473,0.4440936736462001,0.7171129761130723,0.10130373372781853,0.10684674254266624,0.10684674254266624,0.5,0.2239013913646266,0.10288841354723699
er1500f1|t0.120|r0|time_agnostic_t|b3200,er1500f1,er,1500,0.1199,0,time_agnostic_t,3200,0.36133333333333334,hi(>.15),2168,0.11983333333333333,0.12636604583300448,0.13180105832547406,0.15126785913431584,0.20147755097514686,0.29522063292897816,0.45715980756961827,0.7346654466072062,0.12636604583300448,0.13180105832547406,0.13180105832547406,0.5,0.2239013913646266,0.24988181521093267
er1500f1|t0.120|r0|time_respecting|b400,er1500f1,er,1500,0.1199,0,time_respecting,400,0.03983333333333333,mid,239,0.11983333333333333,7.740178054049807e-09,2.378974295336178e-08,4.409959326601154e-07,1.9871033783980252e-05,0.0008379621254890335,0.015640828648064486,0.10909182360613967,7.740178054049807e-09,0.0008379621254890335,0.0008379621254890335,2.0,0.2899943808042585,0.10921864527629253
er1500f1|t0.120|r0|time_respecting|b1600,er1500f1,er,1500,0.1199,0,time_respecting,1600,0.12816666666666668,mid,769,0.11983333333333333,0.024022146793658106,0.024965544569412912,0.028727160281268316,0.037526041070370164,0.05354521502497844,0.08091086462049535,0.13473231112153916,0.024022146793658106,0.05354521502497844,0.05354521502497844,2.0,0.2899943808042585,0.06290840772162772
er1500f1|t0.120|r0|time_respecting|b3200,er1500f1,er,1500,0.1199,0,time_respecting,3200,0.21383333333333332,hi(>.15),1283,0.11983333333333333,0.04795586296143173,0.05055533495990694,0.05889410936034911,0.07265914320838163,0.09761865306302109,0.14404919497781732,0.22337785479675198,0.04795586296143173,0.09761865306302109,0.09761865306302109,2.0,0.22390139136462667,0.11432818181818175
er1500f1|t0.174|r0|time_agnostic_t|b400,er1500f1,er,1500,0.1743,0,time_agnostic_t,400,0.05633333333333333,mid,338,0.17433333333333334,0.21598752141846422,0.22821196255653842,0.27521417208072396,0.37595342999236203,0.5728638253554448,0.8253908068998873,0.9382207491246863,0.21598752141846422,0.22821196255653842,0.27521417208072396,1.0,0.30321297869218483,0.16276008769846678
er1500f1|t0.174|r0|time_agnostic_t|b1600,er1500f1,er,1500,0.1743,0,time_agnostic_t,1600,0.20483333333333334,hi(>.15),1229,0.17433333333333334,0.15272560668847746,0.15989115605827964,0.18292096846939754,0.242154767648586,0.3571759416023568,0.573406492610671,0.8363537561290041,0.15272560668847746,0.15989115605827964,0.15989115605827964,0.5,0.2239013913646266,0.12133712715389185
er1500f1|t0.174|r0|time_agnostic_t|b3200,er1500f1,er,1500,0.1743,0,time_agnostic_t,3200,0.36133333333333334,hi(>.15),2168,0.17433333333333334,0.1460475861920748,0.1530199307212592,0.17570209594073283,0.2342094559287481,0.34577379478960857,0.5392949761065808,0.8310877685046163,0.1460475861920748,0.1530199307212592,0.1530199307212592,0.5,0.2239013913646266,0.2666029203802735
er1500f1|t0.174|r0|time_respecting|b400,er1500f1,er,1500,0.1743,0,time_respecting,400,0.03766666666666667,mid,226,0.17433333333333334,0.1229794450368259,0.13503977597578398,0.170592223430035,0.23510458066798534,0.3460293335315434,0.5501189255426693,0.8198467329295751,0.1229794450368259,0.3460293335315434,0.3460293335315434,2.0,0.2899943808042585,0.216227983555047
er1500f1|t0.174|r0|time_respecting|b1600,er1500f1,er,1500,0.1743,0,time_respecting,1600,0.12966666666666668,mid,778,0.17433333333333334,0.0645281451588845,0.06983370301002456,0.08705004338157918,0.11864313392633319,0.17175445103878584,0.26104524612410795,0.42777015653513506,0.0645281451588845,0.17175445103878584,0.17175445103878584,2.0,0.2899943808042585,0.3065019222716312
er1500f1|t0.174|r0|time_respecting|b3200,er1500f1,er,1500,0.1743,0,time_respecting,3200,0.22,hi(>.15),1320,0.17433333333333334,0.0979357473402579,0.10282025013298679,0.11745668053597258,0.144526679758608,0.2022752837652676,0.30312443454582383,0.47565940791145167,0.0979357473402579,0.2022752837652676,0.2022752837652676,2.0,0.22390139136462667,0.2374869696969697
er1500f1|t0.188|r0|time_agnostic_t|b400,er1500f1,er,1500,0.1881,0,time_agnostic_t,400,0.05633333333333333,mid,338,0.188,0.07322765149009458,0.07722232503414073,0.08787213532322469,0.11288498228519828,0.1767890817715193,0.3420497496857102,0.5856659700684259,0.07322765149009458,0.07722232503414073,0.08787213532322469,1.0,0.30321297869218483,0.15242222519310764
er1500f1|t0.188|r0|time_agnostic_t|b1600,er1500f1,er,1500,0.1881,0,time_agnostic_t,1600,0.20483333333333334,hi(>.15),1229,0.188,0.1352363131624693,0.14115935838547233,0.15993170161619175,0.20849037572627338,0.30431584622688157,0.4885195785216214,0.7616574301990381,0.1352363131624693,0.14115935838547233,0.14115935838547233,0.5,0.2239013913646266,0.09067105466428985
er1500f1|t0.188|r0|time_agnostic_t|b3200,er1500f1,er,1500,0.1881,0,time_agnostic_t,3200,0.36133333333333334,hi(>.15),2168,0.188,0.15923048063843015,0.16708424829981428,0.190339305403195,0.24814892643094555,0.36176686605516895,0.5607115569578731,0.8506090794455008,0.15923048063843015,0.16708424829981428,0.16708424829981428,0.5,0.2239013913646266,0.2410881075460485
er1500f1|t0.188|r0|time_respecting|b400,er1500f1,er,1500,0.1881,0,time_respecting,400,0.03816666666666667,mid,229,0.188,1.1677576683410962e-09,4.059979241688438e-09,1.0084385537734164e-07,6.337640525932997e-06,0.000377168530646399,0.009391723542665487,0.08119955435514226,1.1677576683410962e-09,0.000377168530646399,0.000377168530646399,2.0,0.2899943808042585,0.16384383541295333
er1500f1|t0.188|r0|time_respecting|b1600,er1500f1,er,1500,0.1881,0,time_respecting,1600,0.12883333333333333,mid,773,0.188,0.055126032061394215,0.05744638814617742,0.0685290326989495,0.09295907267644632,0.1355657692737594,0.20722665892737424,0.34220282376202593,0.055126032061394215,0.1355657692737594,0.1355657692737594,2.0,0.2899943808042585,0.13571106528334864
er1500f1|t0.188|r0|time_respecting|b3200,er1500f1,er,1500,0.1881,0,time_respecting,3200,0.21716666666666667,hi(>.15),1303,0.188,0.09680778868271611,0.10156390599751708,0.11593056787133682,0.14189855431983922,0.1969849527971177,0.2932081137479615,0.4570622220251528,0.09680778868271611,0.1969849527971177,0.1969849527971177,2.0,0.22390139136462667,0.27617237670825895
er1500f1|t0.335|r0|time_agnostic_t|b400,er1500f1,er,1500,0.3347,0,time_agnostic_t,400,0.05633333333333333,mid,338,0.33466666666666667,0.2681123705924173,0.28545098120336476,0.34824068367700467,0.4781570992402251,0.7157034021803963,0.9189084438340077,0.9748895620744031,0.2681123705924173,0.28545098120336476,0.34824068367700467,1.0,0.30321297869218483,0.21537669791831235
er1500f1|t0.335|r0|time_agnostic_t|b1600,er1500f1,er,1500,0.3347,0,time_agnostic_t,1600,0.20483333333333334,hi(>.15),1229,0.33466666666666667,0.21019563137882835,0.2187785612179961,0.2554053531145076,0.3450951891889229,0.5112253451853247,0.7876629627268863,0.9537223845947246,0.21019563137882835,0.2187785612179961,0.2187785612179961,0.5,0.2239013913646266,0.20376048128342267
er1500f1|t0.335|r0|time_agnostic_t|b3200,er1500f1,er,1500,0.3347,0,time_agnostic_t,3200,0.36133333333333334,hi(>.15),2168,0.33466666666666667,0.2625970086661267,0.27402759253638553,0.3128947189592357,0.4187009489969338,0.617145472493756,0.9121820043303438,0.9946933823857738,0.2625970086661267,0.27402759253638553,0.27402759253638553,0.5,0.2239013913646266,0.3346038591800355
er1500f1|t0.335|r0|time_respecting|b400,er1500f1,er,1500,0.3347,0,time_respecting,400,0.03916666666666667,mid,235,0.33466666666666667,0.13191380315846124,0.137117328813662,0.15936335579271987,0.21155052956385323,0.3084637747763488,0.4972424004464815,0.7633606298236901,0.13191380315846124,0.3084637747763488,0.3084637747763488,2.0,0.2899943808042585,0.23022310903149157
er1500f1|t0.335|r0|time_respecting|b1600,er1500f1,er,1500,0.3347,0,time_respecting,1600,0.1335,mid,801,0.33466666666666667,0.08463168830846846,0.08893063406634727,0.10077438800834859,0.12734764975901558,0.1814862423582566,0.27677102032848977,0.46139932945508744,0.08463168830846846,0.1814862423582566,0.1814862423582566,2.0,0.2899943808042585,0.2693465053082113
er1500f1|t0.335|r0|time_respecting|b3200,er1500f1,er,1500,0.3347,0,time_respecting,3200,0.21966666666666668,hi(>.15),1318,0.33466666666666667,0.1295364529416747,0.13621154293227544,0.1573837574817748,0.19318395523337106,0.26322254681158663,0.39100086038102055,0.6121412841911085,0.1295364529416747,0.26322254681158663,0.26322254681158663,2.0,0.22390139136462667,0.34846425727866875
er1500f1|t0.370|r0|time_agnostic_t|b400,er1500f1,er,1500,0.3697,0,time_agnostic_t,400,0.05633333333333333,mid,338,0.36966666666666664,0.2935113630020829,0.3134666126765787,0.3840785457546717,0.5283535975198714,0.778734490404446,0.946989247539195,0.984245853551373,0.2935113630020829,0.3134666126765787,0.3840785457546717,1.0,0.30321297869218483,0.3634554872045181
er1500f1|t0.370|r0|time_agnostic_t|b1600,er1500f1,er,1500,0.3697,0,time_agnostic_t,1600,0.20483333333333334,hi(>.15),1229,0.36966666666666664,0.3034173481035821,0.31568971121221,0.3690663566205553,0.5013806151676051,0.7446054116081229,0.9634580961935262,0.9953080539049428,0.3034173481035821,0.31568971121221,0.31568971121221,0.5,0.2239013913646266,0.37144626856803326
er1500f1|t0.370|r0|time_agnostic_t|b3200,er1500f1,er,1500,0.3697,0,time_agnostic_t,3200,0.36133333333333334,hi(>.15),2168,0.36966666666666664,0.29128278214940584,0.3042342573003193,0.34703463155702907,0.4630234756661149,0.6826691149096173,0.9579905904936444,0.9980456321526034,0.29128278214940584,0.3042342573003193,0.3042342573003193,0.5,0.2239013913646266,0.34810453060011864
er1500f1|t0.370|r0|time_respecting|b400,er1500f1,er,1500,0.3697,0,time_respecting,400,0.03783333333333333,mid,227,0.36966666666666664,0.10454599209929982,0.110075351167505,0.12467553937406295,0.1560656323213132,0.22208774383081098,0.35197224968637686,0.5989619509920432,0.10454599209929982,0.22208774383081098,0.22208774383081098,2.0,0.2899943808042585,0.14817085826001256
er1500f1|t0.370|r0|time_respecting|b1600,er1500f1,er,1500,0.3697,0,time_respecting,1600,0.1345,mid,807,0.36966666666666664,0.17599199308461466,0.18382887292206496,0.20580923230855008,0.2618543583232994,0.3737954501849007,0.5710297168325877,0.8563795759851208,0.17599199308461466,0.3737954501849007,0.3737954501849007,2.0,0.2899943808042585,0.3920044300626203
er1500f1|t0.370|r0|time_respecting|b3200,er1500f1,er,1500,0.3697,0,time_respecting,3200,0.221,hi(>.15),1326,0.36966666666666664,0.15494421328622954,0.1624769858567734,0.18471964782985129,0.22804360190350248,0.3203848133894469,0.4806334305575495,0.7514650210623464,0.15494421328622954,0.3203848133894469,0.3203848133894469,2.0,0.22390139136462667,0.28050920974450383
er1500f1|t0.434|r0|time_agnostic_t|b400,er1500f1,er,1500,0.4341,0,time_agnostic_t,400,0.05633333333333333,mid,338,0.43416666666666665,0.4340148278200108,0.4540748257595768,0.5414619221576056,0.7391744303641667,0.9512139511222077,0.9926282955723985,0.9978291216132876,0.4340148278200108,0.4540748257595768,0.5414619221576056,1.0,0.30321297869218483,0.44682994822481786
er1500f1|t0.434|r0|time_agnostic_t|b1600,er1500f1,er,1500,0.4341,0,time_agnostic_t,1600,0.20483333333333334,hi(>.15),1229,0.43416666666666665,0.41499806503162107,0.43118029772950883,0.492126106926726,0.6584900983432707,0.9272568952757966,0.9962869342720186,0.999556440328007,0.41499806503162107,0.43118029772950883,0.43118029772950883,0.5,0.2239013913646266,0.4523859536541886
er1500f1|t0.434|r0|time_agnostic_t|b3200,er1500f1,er,1500,0.4341,0,time_agnostic_t,3200,0.36133333333333334,hi(>.15),2168,0.43416666666666665,0.40572186410356925,0.4244589355030953,0.4816413161273987,0.6403706030145155,0.9268050434115613,0.9991904551063656,0.9999693693061672,0.40572186410356925,0.4244589355030953,0.4244589355030953,0.5,0.2239013913646266,0.44028054961378493
er1500f1|t0.434|r0|time_respecting|b400,er1500f1,er,1500,0.4341,0,time_respecting,400,0.04066666666666666,mid,244,0.43416666666666665,0.13237884582309178,0.13880202644264938,0.15629237922566508,0.19979731063947526,0.29472281474409034,0.4956769309485588,0.7434146161213163,0.13237884582309178,0.29472281474409034,0.29472281474409034,2.0,0.2899943808042585,0.3636709722222221
er1500f1|t0.434|r0|time_respecting|b1600,er1500f1,er,1500,0.4341,0,time_respecting,1600,0.136,mid,816,0.43416666666666665,0.19170320371880534,0.19997470660143402,0.225387509981259,0.29257415046821755,0.42170678236868586,0.6467431841061089,0.9129541876654392,0.19170320371880534,0.42170678236868586,0.42170678236868586,2.0,0.2899943808042585,0.4140205735795284
er1500f1|t0.434|r0|time_respecting|b3200,er1500f1,er,1500,0.4341,0,time_respecting,3200,0.22516666666666665,hi(>.15),1351,0.43416666666666665,0.2021143588188895,0.21284505987843483,0.2459022108621849,0.30005379810394517,0.4114805851590868,0.6104147206651466,0.9027928708353952,0.2021143588188895,0.4114805851590868,0.4114805851590868,2.0,0.22390139136462667,0.40863573677956055
er8000f0|t0.294|r0|time_agnostic_t|b400,er8000f0,er,8000,0.2939,0,time_agnostic_t,400,0.0104375,lo(<.02),334,0.29390625,0.1791365466034398,0.1944430795971186,0.2423720764092937,0.3344133093190842,0.5076287030507098,0.7731876186133361,0.9222947701481006,0.1791365466034398,0.1944430795971186,0.1944430795971186,0.5,0.3258262757030634,0.23062195746792544
er8000f0|t0.294|r0|time_agnostic_t|b1600,er8000f0,er,8000,0.2939,0,time_agnostic_t,1600,0.04159375,mid,1331,0.29390625,0.2329831186058543,0.24793080237309806,0.30555642569372177,0.4247915047195997,0.644812158105756,0.8881300333530462,0.9684601375610448,0.2329831186058543,0.24793080237309806,0.30555642569372177,1.0,0.2845389553448013,0.30556679745514964
er8000f0|t0.294|r0|time_agnostic_t|b3200,er8000f0,er,8000,0.2939,0,time_agnostic_t,3200,0.08215625,mid,2629,0.29390625,0.25096405275285394,0.2618220685850272,0.3096897832373252,0.4216516457889674,0.6340187230692864,0.8844933574596964,0.9694194929093121,0.25096405275285394,0.2618220685850272,0.3096897832373252,1.0,0.2845389553448013,0.3160416879781451
er8000f0|t0.294|r0|time_respecting|b400,er8000f0,er,8000,0.2939,0,time_respecting,400,0.00775,lo(<.02),248,0.29390625,2.554084312933469e-07,6.654884358026081e-07,8.018325192371556e-06,0.0002074983552453613,0.004699198466460608,0.04890512259239632,0.2081997104348874,2.554084312933469e-07,0.004699198466460608,0.0002074983552453613,1.5,0.3258262757030634,0.17257781610808162
er8000f0|t0.294|r0|time_respecting|b1600,er8000f0,er,8000,0.2939,0,time_respecting,1600,0.02971875,mid,951,0.29390625,0.17604100195068706,0.18294266279788807,0.20821804646884712,0.27398226467120446,0.40143252831715104,0.6391519012569449,0.8771047963905318,0.17604100195068706,0.40143252831715104,0.40143252831715104,2.0,0.27363114777956715,0.3931530120896958
er8000f0|t0.294|r0|time_respecting|b3200,er8000f0,er,8000,0.2939,0,time_respecting,3200,0.05775,mid,1848,0.29390625,0.15674911902490962,0.16314555267867148,0.1874097224190353,0.24866653852810483,0.3637332291207286,0.5783366803725677,0.8398069765155894,0.15674911902490962,0.3637332291207286,0.3637332291207286,2.0,0.27363114777956715,0.4109392762183002
er8000f0|t0.354|r0|time_agnostic_t|b400,er8000f0,er,8000,0.3536,0,time_agnostic_t,400,0.0104375,lo(<.02),334,0.3535625,0.1791365466034398,0.1944430795971186,0.2423720764092937,0.3344133093190842,0.5076287030507098,0.7731876186133361,0.9222947701481006,0.1791365466034398,0.1944430795971186,0.1944430795971186,0.5,0.3258262757030634,0.23062195746792544
er8000f0|t0.354|r0|time_agnostic_t|b1600,er8000f0,er,8000,0.3536,0,time_agnostic_t,1600,0.04159375,mid,1331,0.3535625,0.2763758321062153,0.29149456606432245,0.3530351611615429,0.48571922072120877,0.7268245591239055,0.9327043924082268,0.9824188273569987,0.2763758321062153,0.29149456606432245,0.3530351611615429,1.0,0.2845389553448013,0.32128736307378025
er8000f0|t0.354|r0|time_agnostic_t|b3200,er8000f0,er,8000,0.3536,0,time_agnostic_t,3200,0.08215625,mid,2629,0.3535625,0.31495277139230093,0.3272754378973137,0.3833831735730657,0.5188718991313618,0.7667590907720244,0.9526995706871829,0.9889739369078941,0.31495277139230093,0.3272754378973137,0.3833831735730657,1.0,0.2845389553448013,0.3729401027613145
er8000f0|t0.354|r0|time_respecting|b400,er8000f0,er,8000,0.3536,0,time_respecting,400,0.00765625,lo(<.02),245,0.3535625,0.11887768928667009,0.1234608008255279,0.14055315596548434,0.1848468560108838,0.27422937296502137,0.4639143741583611,0.7193256723605977,0.11887768928667009,0.27422937296502137,0.1848468560108838,1.5,0.3258262757030634,0.3026836495251024
er8000f0|t0.354|r0|time_respecting|b1600,er8000f0,er,8000,0.3536,0,time_respecting,1600,0.030625,mid,980,0.3535625,0.14281832356369695,0.1490901166284122,0.1777419041981383,0.24511959085446144,0.3709745552418948,0.6092517350788191,0.8402694545144003,0.14281832356369695,0.3709745552418948,0.3709745552418948,2.0,0.27363114777956715,0.3495115634153959
er8000f0|t0.354|r0|time_respecting|b3200,er8000f0,er,8000,0.3536,0,time_respecting,3200,0.058,mid,1856,0.3535625,0.16811005715263272,0.17510382146098202,0.2023825605821854,0.2709649623065985,0.3982490110773278,0.6311053811132101,0.8749389745738939,0.16811005715263272,0.3982490110773278,0.3982490110773278,2.0,0.27363114777956715,0.377695568926532
er8000f0|t0.392|r0|time_agnostic_t|b400,er8000f0,er,8000,0.3915,0,time_agnostic_t,400,0.0104375,lo(<.02),334,0.39159375,0.20317078619404416,0.22079123117424626,0.27575148195632426,0.3809927544115319,0.5773337654059821,0.8372295331019526,0.9497202154982274,0.20317078619404416,0.22079123117424626,0.22079123117424626,0.5,0.3258262757030634,0.3764679097506108
er8000f0|t0.392|r0|time_agnostic_t|b1600,er8000f0,er,8000,0.3915,0,time_agnostic_t,1600,0.04159375,mid,1331,0.39159375,0.3114129630151725,0.3278530985707194,0.396035965366204,0.5444941604496568,0.8010392724482561,0.9613969503993435,0.9903855904390114,0.3114129630151725,0.3278530985707194,0.396035965366204,1.0,0.2845389553448013,0.32901886242619666
er8000f0|t0.392|r0|time_agnostic_t|b3200,er8000f0,er,8000,0.3915,0,time_agnostic_t,3200,0.08215625,mid,2629,0.39159375,0.33584849220569535,0.35031675057663825,0.4154643474991153,0.5665159645198921,0.8263201395726372,0.9717492271043243,0.9936587255351933,0.33584849220569535,0.35031675057663825,0.4154643474991153,1.0,0.2845389553448013,0.4166877742950292
er8000f0|t0.392|r0|time_respecting|b400,er8000f0,er,8000,0.3915,0,time_respecting,400,0.00775,lo(<.02),248,0.39159375,0.18901971318737287,0.206134901475299,0.25775533702665787,0.3542397996438278,0.5358826772717898,0.7945150820278595,0.9271875740657947,0.18901971318737287,0.5358826772717898,0.3542397996438278,1.5,0.3258262757030634,0.3010477923054843
er8000f0|t0.392|r0|time_respecting|b1600,er8000f0,er,8000,0.3915,0,time_respecting,1600,0.030625,mid,980,0.39159375,0.21563242524535153,0.2234718755926337,0.256671341305881,0.3400152988817944,0.5017460619202703,0.7671543642104635,0.9288345466966551,0.21563242524535153,0.5017460619202703,0.5017460619202703,2.0,0.27363114777956715,0.4474798641617473
er8000f0|t0.392|r0|time_respecting|b3200,er8000f0,er,8000,0.3915,0,time_respecting,3200,0.05890625,mid,1885,0.39159375,0.2087690529321985,0.21652773842463469,0.2451139774250174,0.3206069718550527,0.46673430327037513,0.7250781879933699,0.9233792784524594,0.2087690529321985,0.46673430327037513,0.46673430327037513,2.0,0.27363114777956715,0.439739456794553
er8000f0|t0.401|r0|time_agnostic_t|b400,er8000f0,er,8000,0.4011,0,time_agnostic_t,400,0.0104375,lo(<.02),334,0.4011875,0.20317078619404594,0.22079123117424615,0.2757514819563234,0.3809927544115318,0.5773337654059824,0.8372295331019604,0.9497202154982293,0.20317078619404594,0.22079123117424615,0.22079123117424615,0.5,0.3258262757030634,0.3764679097506108
er8000f0|t0.401|r0|time_agnostic_t|b1600,er8000f0,er,8000,0.4011,0,time_agnostic_t,1600,0.04159375,mid,1331,0.4011875,0.33014022264998866,0.34356057938263107,0.4044931986428749,0.5484855902372321,0.8025487861653485,0.9615557176795846,0.9904006963237401,0.33014022264998866,0.34356057938263107,0.4044931986428749,1.0,0.2845389553448013,0.3507343814443353
er8000f0|t0.401|r0|time_agnostic_t|b3200,er8000f0,er,8000,0.4011,0,time_agnostic_t,3200,0.08215625,mid,2629,0.4011875,0.3295020074949835,0.34365587657257923,0.40731631372822263,0.5551316899053302,0.8130168882252943,0.9681084230796834,0.9928048653274646,0.3295020074949835,0.34365587657257923,0.40731631372822263,1.0,0.2845389553448013,0.4091321704465664
er8000f0|t0.401|r0|time_respecting|b400,er8000f0,er,8000,0.4011,0,time_respecting,400,0.008,lo(<.02),256,0.4011875,0.2588097437500113,0.2691796928904864,0.3025977438583669,0.3995080594568876,0.6094568927693487,0.8435047855506832,0.9397530529495919,0.2588097437500113,0.6094568927693487,0.3995080594568876,1.5,0.3258262757030634,0.46378173424584046
er8000f0|t0.401|r0|time_respecting|b1600,er8000f0,er,8000,0.4011,0,time_respecting,1600,0.03125,mid,1000,0.4011875,0.23560232074598253,0.24646197931296088,0.27729523791267907,0.3581040323577338,0.5326519580792454,0.7958029935588098,0.9331534529766414,0.23560232074598253,0.5326519580792454,0.5326519580792454,2.0,0.27363114777956715,0.3905761104009001
er8000f0|t0.401|r0|time_respecting|b3200,er8000f0,er,8000,0.4011,0,time_respecting,3200,0.05890625,mid,1885,0.4011875,0.27070190576665965,0.2835039224043203,0.32097839534537376,0.4152858239342012,0.6083191566611855,0.8764812684370431,0.9746705474206707,0.27070190576665965,0.6083191566611855,0.6083191566611855,2.0,0.27363114777956715,0.4644246340738229
er8000f0|t0.531|r0|time_agnostic_t|b400,er8000f0,er,8000,0.5311,0,time_agnostic_t,400,0.0104375,lo(<.02),334,0.5310625,0.25049577228228215,0.2727607760159465,0.3417560052853166,0.47330394531553655,0.709836024709022,0.9241918633054493,0.97983108318146,0.25049577228228215,0.2727607760159465,0.2727607760159465,0.5,0.3258262757030634,0.41862449056235723
er8000f0|t0.531|r0|time_agnostic_t|b1600,er8000f0,er,8000,0.5311,0,time_agnostic_t,1600,0.04159375,mid,1331,0.5310625,0.4564321305623771,0.4768623880112577,0.5679745836591785,0.7724371121948397,0.9700635259857349,0.9967543228096353,0.9992075286847559,0.4564321305623771,0.4768623880112577,0.5679745836591785,1.0,0.2845389553448013,0.434722449752846
er8000f0|t0.531|r0|time_agnostic_t|b3200,er8000f0,er,8000,0.5311,0,time_agnostic_t,3200,0.08215625,mid,2629,0.5310625,0.4811239209825612,0.4995145150944247,0.587439134067067,0.7947087662371158,0.9790844299177974,0.9980874078364922,0.9995675112471236,0.4811239209825612,0.4995145150944247,0.587439134067067,1.0,0.2845389553448013,0.46882737684851084
er8000f0|t0.531|r0|time_respecting|b400,er8000f0,er,8000,0.5311,0,time_respecting,400,0.0080625,lo(<.02),258,0.5310625,0.35163735090679615,0.3739953729762069,0.45610203141892447,0.628434364742603,0.8743204238248723,0.9721467177271078,0.9905692782366226,0.35163735090679615,0.8743204238248723,0.628434364742603,1.5,0.3258262757030634,0.46610893768746225
er8000f0|t0.531|r0|time_respecting|b1600,er8000f0,er,8000,0.5311,0,time_respecting,1600,0.03096875,mid,991,0.5310625,0.31309365061956673,0.3262616057557135,0.38324977068990984,0.5147132774892631,0.7525154076975998,0.9495183200500834,0.9890254611698681,0.31309365061956673,0.7525154076975998,0.7525154076975998,2.0,0.27363114777956715,0.47004396527407827
er8000f0|t0.531|r0|time_respecting|b3200,er8000f0,er,8000,0.5311,0,time_respecting,3200,0.0600625,mid,1922,0.5310625,0.31288865211323325,0.32453078734921836,0.3654388098520329,0.47635480947086295,0.6930834011915898,0.9292889298143903,0.9867671798861477,0.31288865211323325,0.6930834011915898,0.6930834011915898,2.0,0.27363114777956715,0.49148213909668736
er8000f0|t0.533|r0|time_agnostic_t|b400,er8000f0,er,8000,0.5329,0,time_agnostic_t,400,0.0104375,lo(<.02),334,0.53296875,0.2739836891061572,0.2945600701157264,0.37096431328501234,0.5243659486315202,0.7854446625610424,0.9550254744620835,0.9882400652883743,0.2739836891061572,0.2945600701157264,0.2945600701157264,0.5,0.3258262757030634,0.39494413066879314
er8000f0|t0.533|r0|time_agnostic_t|b1600,er8000f0,er,8000,0.5329,0,time_agnostic_t,1600,0.04159375,mid,1331,0.53296875,0.4463584036070106,0.4697803753882971,0.5694191392064252,0.7837291082860894,0.9743139552194909,0.9972269897966584,0.9993138454580018,0.4463584036070106,0.4697803753882971,0.5694191392064252,1.0,0.2845389553448013,0.4687182334228145
er8000f0|t0.533|r0|time_agnostic_t|b3200,er8000f0,er,8000,0.5329,0,time_agnostic_t,3200,0.08215625,mid,2629,0.53296875,0.44710924585448353,0.46611832513143003,0.554667988917288,0.7586723099412475,0.9686948007707195,0.9970054284528559,0.9993267324664102,0.44710924585448353,0.46611832513143003,0.554667988917288,1.0,0.2845389553448013,0.45071298697267415
er8000f0|t0.533|r0|time_respecting|b400,er8000f0,er,8000,0.5329,0,time_respecting,400,0.00809375,lo(<.02),259,0.53296875,0.24115313693513174,0.2501309152944724,0.2891353722012996,0.38692163277039104,0.5865258663779694,0.8295559658847509,0.9356656088056559,0.24115313693513174,0.5865258663779694,0.38692163277039104,1.5,0.3258262757030634,0.44447567171502056
er8000f0|t0.533|r0|time_respecting|b1600,er8000f0,er,8000,0.5329,0,time_respecting,1600,0.03203125,mid,1025,0.53296875,0.23078336801975108,0.24094329800913672,0.2845266058690338,0.385144050932258,0.5824948417767298,0.8367937268652218,0.946190058150487,0.23078336801975108,0.5824948417767298,0.5824948417767298,2.0,0.27363114777956715,0.4679241191566508
er8000f0|t0.533|r0|time_respecting|b3200,er8000f0,er,8000,0.5329,0,time_respecting,3200,0.06078125,mid,1945,0.53296875,0.2892105234153062,0.3006636669557421,0.3415813705291547,0.4489935854680829,0.6586458513708772,0.9057645074870325,0.9794222399445738,0.2892105234153062,0.6586458513708772,0.6586458513708772,2.0,0.27363114777956715,0.4880309459196654
er8000f1|t0.022|r0|time_agnostic_t|b400,er8000f1,er,8000,0.022,0,time_agnostic_t,400,0.01078125,lo(<.02),345,0.0220625,0.033465579179217775,0.03579010679880401,0.043517849100590755,0.060141112448579004,0.1049070950083757,0.24391318678671925,0.47573803122858005,0.033465579179217775,0.03579010679880401,0.03579010679880401,0.5,0.34272210903639677,0.14354506775288833
er8000f1|t0.022|r0|time_agnostic_t|b1600,er8000f1,er,8000,0.022,0,time_agnostic_t,1600,0.04203125,mid,1345,0.0220625,0.01752710850576522,0.018496450294142486,0.021161193245100574,0.02728988777762642,0.04668589381725596,0.1276355463897353,0.3279176088275899,0.01752710850576522,0.018496450294142486,0.021161193245100574,1.0,0.31108955058289645,0.04131981338114102
er8000f1|t0.022|r0|time_agnostic_t|b3200,er8000f1,er,8000,0.022,0,time_agnostic_t,3200,0.08190625,mid,2621,0.0220625,0.019327688171008717,0.020422159433752363,0.023416163911543775,0.02976272510350797,0.04567229326293887,0.10383334072697992,0.27806710452611094,0.019327688171008717,0.020422159433752363,0.023416163911543775,1.0,0.31108955058289645,0.05110397939077582
er8000f1|t0.022|r0|time_respecting|b400,er8000f1,er,8000,0.022,0,time_respecting,400,0.00734375,lo(<.02),235,0.0220625,0.025834002776138676,0.028236766116314316,0.03525600878635726,0.047960901930471866,0.07004443680541861,0.11572553658996032,0.2476800253643805,0.025834002776138676,0.07004443680541861,0.047960901930471866,1.5,0.34272210903639677,0.1072353728424856
er8000f1|t0.022|r0|time_respecting|b1600,er8000f1,er,8000,0.022,0,time_respecting,1600,0.02809375,mid,899,0.0220625,0.02225416820816184,0.023559064659082973,0.02725781432581098,0.03406042328477332,0.048286776782721974,0.07690275912429478,0.1631276454424312,0.02225416820816184,0.048286776782721974,0.048286776782721974,2.0,0.2942816107425302,0.07964551188882897
er8000f1|t0.022|r0|time_respecting|b3200,er8000f1,er,8000,0.022,0,time_respecting,3200,0.05446875,mid,1743,0.0220625,0.01768443847761325,0.01858339451596236,0.021186468135638514,0.027041604348327253,0.03865944066104687,0.06084506180710092,0.12714203393834556,0.01768443847761325,0.03865944066104687,0.03865944066104687,2.0,0.2942816107425302,0.05618296224216042
er8000f1|t0.087|r0|time_agnostic_t|b400,er8000f1,er,8000,0.0867,0,time_agnostic_t,400,0.01078125,lo(<.02),345,0.0868125,0.17597011985671862,0.18359458478683954,0.21642806548732663,0.2948891177214997,0.4616020725244079,0.7166281767769977,0.8747654525551429,0.17597011985671862,0.18359458478683954,0.18359458478683954,0.5,0.34272210903639677,0.20300971876615126
er8000f1|t0.087|r0|time_agnostic_t|b1600,er8000f1,er,8000,0.0867,0,time_agnostic_t,1600,0.04203125,mid,1345,0.0868125,0.10593341374089182,0.11299027888960489,0.1392873831922915,0.1931018143383807,0.2986259288175177,0.5162626363312114,0.7524778439658526,0.10593341374089182,0.11299027888960489,0.1392873831922915,1.0,0.31108955058289645,0.2583582339803765
er8000f1|t0.087|r0|time_agnostic_t|b3200,er8000f1,er,8000,0.0867,0,time_agnostic_t,3200,0.08190625,mid,2621,0.0868125,0.08878738997618507,0.09270363420929595,0.10746431889774744,0.14388509897725366,0.21621661772372158,0.3779174759621644,0.6329754324662982,0.08878738997618507,0.09270363420929595,0.10746431889774744,1.0,0.31108955058289645,0.1332114330328686
er8000f1|t0.087|r0|time_respecting|b400,er8000f1,er,8000,0.0867,0,time_respecting,400,0.00753125,lo(<.02),241,0.0868125,0.05316770499563461,0.057861988115501584,0.07201725850091201,0.09843219719572938,0.14491851347395135,0.2394448031171651,0.4513399187519995,0.05316770499563461,0.14491851347395135,0.09843219719572938,1.5,0.34272210903639677,0.31970385043363936
er8000f1|t0.087|r0|time_respecting|b1600,er8000f1,er,8000,0.0867,0,time_respecting,1600,0.02846875,mid,911,0.0868125,0.07122448653336333,0.07459291637891097,0.08416208293154448,0.10745306110045316,0.154075519495683,0.243414162157073,0.4410530557014103,0.07122448653336333,0.154075519495683,0.154075519495683,2.0,0.2942816107425302,0.21112044547814762
er8000f1|t0.087|r0|time_respecting|b3200,er8000f1,er,8000,0.0867,0,time_respecting,3200,0.0538125,mid,1722,0.0868125,0.05950912339737324,0.06265092300785535,0.07117927124678736,0.08971760099699622,0.1276818244145338,0.19631176448004617,0.3445804841393162,0.05950912339737324,0.1276818244145338,0.1276818244145338,2.0,0.2942816107425302,0.19473728077270386
er8000f1|t0.285|r0|time_agnostic_t|b400,er8000f1,er,8000,0.2851,0,time_agnostic_t,400,0.01078125,lo(<.02),345,0.28515625,0.3168725393555195,0.3295039282074331,0.3877099902957756,0.5304730970393354,0.7799470959267913,0.9385148648179378,0.9785399987642202,0.3168725393555195,0.3295039282074331,0.3295039282074331,0.5,0.34272210903639677,0.3702350369312866
er8000f1|t0.285|r0|time_agnostic_t|b1600,er8000f1,er,8000,0.2851,0,time_agnostic_t,1600,0.04203125,mid,1345,0.28515625,0.25601200301973537,0.26808598871388356,0.31993236895410737,0.43752633240953454,0.6604831770413626,0.8908641690765025,0.9662217533880075,0.25601200301973537,0.26808598871388356,0.31993236895410737,1.0,0.31108955058289645,0.3323182109682601
er8000f1|t0.285|r0|time_agnostic_t|b3200,er8000f1,er,8000,0.2851,0,time_agnostic_t,3200,0.08190625,mid,2621,0.28515625,0.24541851402778503,0.25677473536950246,0.3041174781791808,0.4133810478992488,0.6205983351623374,0.8757566829680317,0.9670871404448805,0.24541851402778503,0.25677473536950246,0.3041174781791808,1.0,0.31108955058289645,0.3274860635942969
er8000f1|t0.285|r0|time_respecting|b400,er8000f1,er,8000,0.2851,0,time_respecting,400,0.00759375,lo(<.02),243,0.28515625,0.032151825492307995,0.03507623317228781,0.043676054922818675,0.059508275003233746,0.0891181703115429,0.16654606888524182,0.36262156077733854,0.032151825492307995,0.0891181703115429,0.059508275003233746,1.5,0.34272210903639677,0.10647122505630846
er8000f1|t0.285|r0|time_respecting|b1600,er8000f1,er,8000,0.2851,0,time_respecting,1600,0.02828125,mid,905,0.28515625,0.08329157366916495,0.0864924103054383,0.09947913169928768,0.13086495362821493,0.1890957341451357,0.2985667082658702,0.5237698240569826,0.08329157366916495,0.1890957341451357,0.1890957341451357,2.0,0.2942816107425302,0.2270493007595761
er8000f1|t0.285|r0|time_respecting|b3200,er8000f1,er,8000,0.2851,0,time_respecting,3200,0.05440625,mid,1741,0.28515625,0.08069178941746713,0.0837340425150106,0.0952813164516717,0.12413021640826338,0.1781381676516136,0.27581659422112925,0.4788617370097734,0.08069178941746713,0.1781381676516136,0.1781381676516136,2.0,0.2942816107425302,0.22698927172337324
er8000f1|t0.294|r0|time_agnostic_t|b400,er8000f1,er,8000,0.2942,0,time_agnostic_t,400,0.01078125,lo(<.02),345,0.29421875,0.25503970726606495,0.2642996677387929,0.3064279575951462,0.4157047690716952,0.6359004048530217,0.8614898442202893,0.9472908480399077,0.25503970726606495,0.2642996677387929,0.2642996677387929,0.5,0.34272210903639677,0.34512758481430156
er8000f1|t0.294|r0|time_agnostic_t|b1600,er8000f1,er,8000,0.2942,0,time_agnostic_t,1600,0.04203125,mid,1345,0.29421875,0.2503345670641969,0.25954549465193955,0.30074042065650675,0.4039047831871523,0.6093106958305087,0.8554921530901499,0.9526909459725779,0.2503345670641969,0.25954549465193955,0.30074042065650675,1.0,0.31108955058289645,0.30971950117695646
er8000f1|t0.294|r0|time_agnostic_t|b3200,er8000f1,er,8000,0.2942,0,time_agnostic_t,3200,0.08190625,mid,2621,0.29421875,0.2545349372886936,0.2641244222405552,0.30087480735637484,0.3981359213954533,0.5939443798427448,0.8540025894105829,0.9592397381393817,0.2545349372886936,0.2641244222405552,0.30087480735637484,1.0,0.31108955058289645,0.2970559900289126
er8000f1|t0.294|r0|time_respecting|b400,er8000f1,er,8000,0.2942,0,time_respecting,400,0.00759375,lo(<.02),243,0.29421875,0.059170840453239726,0.06426344251826588,0.07979922791291005,0.10922652123821763,0.16238636796724282,0.27877482036873424,0.5150447417688598,0.059170840453239726,0.16238636796724282,0.10922652123821763,1.5,0.34272210903639677,0.34364073292092556
er8000f1|t0.294|r0|time_respecting|b1600,er8000f1,er,8000,0.2942,0,time_respecting,1600,0.02928125,mid,937,0.29421875,0.11518397125787605,0.12123502413073461,0.1375298051702598,0.17426946305175872,0.2517853476485732,0.40955825445351535,0.6728457247607031,0.11518397125787605,0.2517853476485732,0.2517853476485732,2.0,0.2942816107425302,0.27379205225052344
er8000f1|t0.294|r0|time_respecting|b3200,er8000f1,er,8000,0.2942,0,time_respecting,3200,0.05596875,mid,1791,0.29421875,0.12422475972024682,0.1304701007484511,0.14744896702344423,0.1870677414896298,0.26825421229414115,0.4224538107556838,0.688927057896471,0.12422475972024682,0.26825421229414115,0.26825421229414115,2.0,0.2942816107425302,0.3138881128349462
er8000f1|t0.350|r0|time_agnostic_t|b400,er8000f1,er,8000,0.3503,0,time_agnostic_t,400,0.01078125,lo(<.02),345,0.3503125,0.1891689990732831,0.1961829969084219,0.2236928375019116,0.29953425198057093,0.46817966860192495,0.7224419288223924,0.8770187029852073,0.1891689990732831,0.1961829969084219,0.1961829969084219,0.5,0.34272210903639677,0.18050190001027133
er8000f1|t0.350|r0|time_agnostic_t|b1600,er8000f1,er,8000,0.3503,0,time_agnostic_t,1600,0.04203125,mid,1345,0.3503125,0.2883853916931969,0.2989802869457038,0.34733991955922994,0.4675638812805992,0.6981267304277465,0.9115933587954811,0.9733351568705468,0.2883853916931969,0.2989802869457038,0.34733991955922994,1.0,0.31108955058289645,0.3657367614493088
er8000f1|t0.350|r0|time_agnostic_t|b3200,er8000f1,er,8000,0.3503,0,time_agnostic_t,3200,0.08190625,mid,2621,0.3503125,0.31967949194229195,0.331654939868538,0.38127371544443434,0.5102230215841943,0.7539656551547174,0.9477552584991257,0.9877188113253599,0.31967949194229195,0.331654939868538,0.38127371544443434,1.0,0.31108955058289645,0.3523263801386005
er8000f1|t0.350|r0|time_respecting|b400,er8000f1,er,8000,0.3503,0,time_respecting,400,0.0080625,lo(<.02),258,0.3503125,0.12303355481238265,0.1277098847370901,0.1457142538601176,0.19241551420038205,0.28964209076686365,0.4959873066064491,0.7406625003293189,0.12303355481238265,0.28964209076686365,0.19241551420038205,1.5,0.34272210903639677,0.35171290038854475
er8000f1|t0.350|r0|time_respecting|b1600,er8000f1,er,8000,0.3503,0,time_respecting,1600,0.0305625,mid,978,0.3503125,0.13409107248846164,0.14195052559316246,0.1712646367134284,0.23206565579559868,0.34323373607343743,0.5596504241217011,0.810732447667998,0.13409107248846164,0.34323373607343743,0.34323373607343743,2.0,0.2942816107425302,0.34833768425437045
er8000f1|t0.350|r0|time_respecting|b3200,er8000f1,er,8000,0.3503,0,time_respecting,3200,0.0570625,mid,1826,0.3503125,0.1565396175725745,0.16286432712352505,0.1840416737489885,0.23927545124676086,0.34623650421835395,0.5459078212724675,0.8150443384154741,0.1565396175725745,0.34623650421835395,0.34623650421835395,2.0,0.2942816107425302,0.32388843242970455
er8000f1|t0.351|r0|time_agnostic_t|b400,er8000f1,er,8000,0.3506,0,time_agnostic_t,400,0.01078125,lo(<.02),345,0.35059375,0.17597011985671862,0.18359458478683988,0.21642806548732663,0.2948891177214984,0.4616020725244079,0.7166281767769914,0.8747654525551393,0.17597011985671862,0.18359458478683988,0.18359458478683988,0.5,0.34272210903639677,0.20300971876615126
er8000f1|t0.351|r0|time_agnostic_t|b1600,er8000f1,er,8000,0.3506,0,time_agnostic_t,1600,0.04203125,mid,1345,0.35059375,0.28162046543837416,0.2918737316531659,0.3384808824360569,0.45516940006452455,0.6812729314198773,0.9022341900754312,0.9700835964253198,0.28162046543837416,0.2918737316531659,0.3384808824360569,1.0,0.31108955058289645,0.36553207577313734
er8000f1|t0.351|r0|time_agnostic_t|b3200,er8000f1,er,8000,0.3506,0,time_agnostic_t,3200,0.08190625,mid,2621,0.35059375,0.2952289124106706,0.306981373383574,0.35604620428804257,0.4796268208452582,0.7145316535684698,0.9308953267209665,0.9832832218614668,0.2952289124106706,0.306981373383574,0.35604620428804257,1.0,0.31108955058289645,0.3495268103633647
er8000f1|t0.351|r0|time_respecting|b400,er8000f1,er,8000,0.3506,0,time_respecting,400,0.0074375,lo(<.02),238,0.35059375,0.07506087398352912,0.07841103094720159,0.08853848660167118,0.11382512076485096,0.16498671291116052,0.276359940165239,0.5069306865937062,0.07506087398352912,0.16498671291116052,0.11382512076485096,1.5,0.34272210903639677,0.16999432575999932
er8000f1|t0.351|r0|time_respecting|b1600,er8000f1,er,8000,0.3506,0,time_respecting,1600,0.02965625,mid,949,0.35059375,0.184501511501163,0.1930846137987302,0.21749862446932666,0.2790260250599026,0.40547943643527007,0.6434071225053142,0.8755959889276231,0.184501511501163,0.40547943643527007,0.40547943643527007,2.0,0.2942816107425302,0.36746537857789263
er8000f1|t0.351|r0|time_respecting|b3200,er8000f1,er,8000,0.3506,0,time_respecting,3200,0.056125,mid,1796,0.35059375,0.13073944362919754,0.1366929412797484,0.15514695651726773,0.20178757326210806,0.2922663318393265,0.45952321236114924,0.7323720921191693,0.13073944362919754,0.2922663318393265,0.2922663318393265,2.0,0.2942816107425302,0.32601596374806974
er20000f0|t0.188|r0|time_agnostic_t|b400,er20000f0,er,20000,0.1881,0,time_agnostic_t,400,0.0042375,lo(<.02),339,0.188125,0.10268567304003207,0.10671418715808523,0.12228808700092075,0.1626137567811039,0.25190982985501387,0.4520863567509328,0.6933790769011425,0.10268567304003207,0.10671418715808523,0.12228808700092075,1.0,0.3283069241067031,0.14409559233148386
er20000f0|t0.188|r0|time_agnostic_t|b1600,er20000f0,er,20000,0.1881,0,time_agnostic_t,1600,0.01725,lo(<.02),1380,0.188125,0.16584138646265756,0.17530205923236408,0.21276245734253219,0.29479472912012605,0.46370954505038897,0.7191928168985696,0.8761226714567157,0.16584138646265756,0.17530205923236408,0.21276245734253219,1.0,0.3283069241067031,0.42613923456705244
er20000f0|t0.188|r0|time_agnostic_t|b3200,er20000f0,er,20000,0.1881,0,time_agnostic_t,3200,0.0341,mid,2728,0.188125,0.14482243087294744,0.15181215834739248,0.1808443108039932,0.24705104154435575,0.38394383508258056,0.6315689951692443,0.8298085343365267,0.14482243087294744,0.15181215834739248,0.1808443108039932,1.0,0.2972737194329256,0.30524024728877697
er20000f0|t0.188|r0|time_respecting|b400,er20000f0,er,20000,0.1881,0,time_respecting,400,0.0031375,lo(<.02),251,0.188125,0.03501103050797294,0.03802901953058424,0.047063719654243386,0.06394509662973735,0.09732750984529293,0.19055364269479558,0.4031914708953338,0.03501103050797294,0.09732750984529293,0.06394509662973735,1.5,0.3283069241067031,0.28011206731478827
er20000f0|t0.188|r0|time_respecting|b1600,er20000f0,er,20000,0.1881,0,time_respecting,1600,0.0121375,lo(<.02),971,0.188125,0.054517754713585886,0.05683926950985807,0.0649238783720768,0.08497903863725464,0.12500588926767442,0.2185562440866099,0.43223118580527686,0.054517754713585886,0.12500588926767442,0.08497903863725464,1.5,0.3283069241067031,0.24599032802596024
er20000f0|t0.188|r0|time_respecting|b3200,er20000f0,er,20000,0.1881,0,time_respecting,3200,0.0236375,mid,1891,0.188125,0.07646373334417844,0.07957427509346948,0.09075749463453298,0.118721579865947,0.17273357307093795,0.28423857491972604,0.5154081495418519,0.07646373334417844,0.17273357307093795,0.17273357307093795,2.0,0.28425900403678295,0.27355239063262893
er20000f0|t0.262|r0|time_agnostic_t|b400,er20000f0,er,20000,0.2619,0,time_agnostic_t,400,0.0042375,lo(<.02),339,0.2619,0.23394305578654373,0.24678486288888857,0.3029138840890898,0.4262583243493281,0.6569873686677108,0.8849917825790259,0.9614881174547661,0.23394305578654373,0.24678486288888857,0.3029138840890898,1.0,0.3283069241067031,0.3247971298653197
er20000f0|t0.262|r0|time_agnostic_t|b1600,er20000f0,er,20000,0.2619,0,time_agnostic_t,1600,0.01725,lo(<.02),1380,0.2619,0.25496399009319437,0.2715086573415323,0.33463071818447054,0.468099794387401,0.7097227426213917,0.9066092437409908,0.9663985635237061,0.25496399009319437,0.2715086573415323,0.33463071818447054,1.0,0.3283069241067031,0.446362825833222
er20000f0|t0.262|r0|time_agnostic_t|b3200,er20000f0,er,20000,0.2619,0,time_agnostic_t,3200,0.0341,mid,2728,0.2619,0.2201476701077819,0.23225293276200132,0.2811676797974413,0.3878959766444935,0.5952574853976198,0.8409673135586638,0.9431388248758855,0.2201476701077819,0.23225293276200132,0.2811676797974413,1.0,0.2972737194329256,0.391386402099542
er20000f0|t0.262|r0|time_respecting|b400,er20000f0,er,20000,0.2619,0,time_respecting,400,0.0031,lo(<.02),248,0.2619,0.21609280297290556,0.22615866434977228,0.26846980699525846,0.3631626158810577,0.5439771148676189,0.8110500469720823,0.9434051567466378,0.21609280297290556,0.5439771148676189,0.3631626158810577,1.5,0.3283069241067031,0.375359222646276
er20000f0|t0.262|r0|time_respecting|b1600,er20000f0,er,20000,0.2619,0,time_respecting,1600,0.0123125,lo(<.02),985,0.2619,0.15343619615027526,0.15932308479198898,0.18286830660916253,0.24255352878572634,0.35952550173481945,0.5877663688350837,0.8272486911327708,0.15343619615027526,0.35952550173481945,0.24255352878572634,1.5,0.3283069241067031,0.30474665182228117
er20000f0|t0.262|r0|time_respecting|b3200,er20000f0,er,20000,0.2619,0,time_respecting,3200,0.02405,mid,1924,0.2619,0.12614151003769603,0.13136258925566868,0.14901954831002917,0.1946968025365997,0.2844814870733461,0.463549075427651,0.7307905754367865,0.12614151003769603,0.2844814870733461,0.2844814870733461,2.0,0.28425900403678295,0.35320137729012385
er20000f0|t0.262|r0|time_agnostic_t|b400,er20000f0,er,20000,0.2619,0,time_agnostic_t,400,0.0042375,lo(<.02),339,0.2619,0.23394305578654373,0.24678486288888857,0.3029138840890898,0.4262583243493281,0.6569873686677108,0.8849917825790259,0.9614881174547661,0.23394305578654373,0.24678486288888857,0.3029138840890898,1.0,0.3283069241067031,0.3247971298653197
er20000f0|t0.262|r0|time_agnostic_t|b1600,er20000f0,er,20000,0.2619,0,time_agnostic_t,1600,0.01725,lo(<.02),1380,0.2619,0.25496399009319437,0.2715086573415323,0.33463071818447054,0.468099794387401,0.7097227426213917,0.9066092437409908,0.9663985635237061,0.25496399009319437,0.2715086573415323,0.33463071818447054,1.0,0.3283069241067031,0.446362825833222
er20000f0|t0.262|r0|time_agnostic_t|b3200,er20000f0,er,20000,0.2619,0,time_agnostic_t,3200,0.0341,mid,2728,0.2619,0.2201476701077819,0.23225293276200132,0.2811676797974413,0.3878959766444935,0.5952574853976198,0.8409673135586638,0.9431388248758855,0.2201476701077819,0.23225293276200132,0.2811676797974413,1.0,0.2972737194329256,0.391386402099542
er20000f0|t0.262|r0|time_respecting|b400,er20000f0,er,20000,0.2619,0,time_respecting,400,0.0031,lo(<.02),248,0.2619,0.21609280297290556,0.22615866434977228,0.26846980699525846,0.3631626158810577,0.5439771148676189,0.8110500469720823,0.9434051567466378,0.21609280297290556,0.5439771148676189,0.3631626158810577,1.5,0.3283069241067031,0.375359222646276
er20000f0|t0.262|r0|time_respecting|b1600,er20000f0,er,20000,0.2619,0,time_respecting,1600,0.0123125,lo(<.02),985,0.2619,0.15343619615027526,0.15932308479198898,0.18286830660916253,0.24255352878572634,0.35952550173481945,0.5877663688350837,0.8272486911327708,0.15343619615027526,0.35952550173481945,0.24255352878572634,1.5,0.3283069241067031,0.30474665182228117
er20000f0|t0.262|r0|time_respecting|b3200,er20000f0,er,20000,0.2619,0,time_respecting,3200,0.02405,mid,1924,0.2619,0.12614151003769603,0.13136258925566868,0.14901954831002917,0.1946968025365997,0.2844814870733461,0.463549075427651,0.7307905754367865,0.12614151003769603,0.2844814870733461,0.2844814870733461,2.0,0.28425900403678295,0.35320137729012385
er20000f0|t0.442|r0|time_agnostic_t|b400,er20000f0,er,20000,0.4422,0,time_agnostic_t,400,0.0042375,lo(<.02),339,0.44215,0.4230026170654393,0.460714877030896,0.5930633528799938,0.8405542701333412,0.9832845572459834,0.997494677549369,0.9992125526147345,0.4230026170654393,0.460714877030896,0.5930633528799938,1.0,0.3283069241067031,0.4997077041705243
er20000f0|t0.442|r0|time_agnostic_t|b1600,er20000f0,er,20000,0.4422,0,time_agnostic_t,1600,0.01725,lo(<.02),1380,0.44215,0.4058093506571252,0.42885495769631843,0.5243004386836612,0.7296990018479736,0.9406774210401396,0.988435404536462,0.9960313415415769,0.4058093506571252,0.42885495769631843,0.5243004386836612,1.0,0.3283069241067031,0.46251891640335807
er20000f0|t0.442|r0|time_agnostic_t|b3200,er20000f0,er,20000,0.4422,0,time_agnostic_t,3200,0.0341,mid,2728,0.44215,0.38384955379107555,0.4021337025367262,0.48271552990840827,0.6658503531221631,0.9081837532838517,0.9832872338376418,0.9948933402517047,0.38384955379107555,0.4021337025367262,0.48271552990840827,1.0,0.2972737194329256,0.4718851062561102
er20000f0|t0.442|r0|time_respecting|b400,er20000f0,er,20000,0.4422,0,time_respecting,400,0.0031375,lo(<.02),251,0.44215,0.24515437581486899,0.25612567795544894,0.2881603783617904,0.37462462447464173,0.5590741127710809,0.8226576371673923,0.9457445659788188,0.24515437581486899,0.5590741127710809,0.37462462447464173,1.5,0.3283069241067031,0.3965577682742988
er20000f0|t0.442|r0|time_respecting|b1600,er20000f0,er,20000,0.4422,0,time_respecting,1600,0.012375,lo(<.02),990,0.44215,0.20839094433290983,0.21848003525307536,0.26155332291681743,0.35727955027853997,0.5371123765959456,0.8061866748001938,0.9425113646087141,0.20839094433290983,0.5371123765959456,0.35727955027853997,1.5,0.3283069241067031,0.3536293688737746
er20000f0|t0.442|r0|time_respecting|b3200,er20000f0,er,20000,0.4422,0,time_respecting,3200,0.0246375,mid,1971,0.44215,0.22980685970529258,0.23880833771118815,0.27820373586145875,0.374644668567522,0.5581188577038438,0.8252037871533834,0.9515311935738537,0.22980685970529258,0.5581188577038438,0.5581188577038438,2.0,0.28425900403678295,0.46783692891701584
er20000f0|t0.484|r0|time_agnostic_t|b400,er20000f0,er,20000,0.4844,0,time_agnostic_t,400,0.0042375,lo(<.02),339,0.4844375,0.446357290026697,0.469791353041881,0.5731005356499559,0.7963716233071912,0.971661433160373,0.9956871898205626,0.9986781944457059,0.446357290026697,0.469791353041881,0.5731005356499559,1.0,0.3283069241067031,0.4866948497795233
er20000f0|t0.484|r0|time_agnostic_t|b1600,er20000f0,er,20000,0.4844,0,time_agnostic_t,1600,0.01725,lo(<.02),1380,0.4844375,0.4213748675998956,0.438319276585865,0.5183111463369292,0.7108734335648188,0.928885405935135,0.9855114616905178,0.9949986281504699,0.4213748675998956,0.438319276585865,0.5183111463369292,1.0,0.3283069241067031,0.4542051012223277
er20000f0|t0.484|r0|time_agnostic_t|b3200,er20000f0,er,20000,0.4844,0,time_agnostic_t,3200,0.0341,mid,2728,0.4844375,0.38380307903658617,0.4013023511454593,0.4799740734667548,0.6615931757369637,0.9049905677959501,0.9824414587252688,0.9946098515712904,0.38380307903658617,0.4013023511454593,0.4799740734667548,1.0,0.2972737194329256,0.46507992585771196
er20000f0|t0.484|r0|time_respecting|b400,er20000f0,er,20000,0.4844,0,time_respecting,400,0.003225,lo(<.02),258,0.4844375,0.18950474153333463,0.19966102318569168,0.24521669872207053,0.3436068254889979,0.5327907465579046,0.7941336589281316,0.9246978156202152,0.18950474153333463,0.5327907465579046,0.3436068254889979,1.5,0.3283069241067031,0.4557986301415402
er20000f0|t0.484|r0|time_respecting|b1600,er20000f0,er,20000,0.4844,0,time_respecting,1600,0.012825,lo(<.02),1026,0.4844375,0.2921259749170717,0.3050511400643867,0.3590935911893184,0.4871259109082112,0.724324373742337,0.9213946903900735,0.9751376213981315,0.2921259749170717,0.724324373742337,0.4871259109082112,1.5,0.3283069241067031,0.44555803365673086
er20000f0|t0.484|r0|time_respecting|b3200,er20000f0,er,20000,0.4844,0,time_respecting,3200,0.024975,mid,1998,0.4844375,0.21129941878909353,0.22124694087851227,0.26202386521054477,0.3557968162432258,0.5340828292414335,0.801284664916287,0.9392132340927454,0.21129941878909353,0.5340828292414335,0.5340828292414335,2.0,0.28425900403678295,0.4679207374521774
er20000f0|t0.517|r0|time_agnostic_t|b400,er20000f0,er,20000,0.5167,0,time_agnostic_t,400,0.0042375,lo(<.02),339,0.5166875,0.6666371493041603,0.6848430233925384,0.7763478519160948,0.9587292406671006,0.9970838926713688,0.9995136635597883,0.9998319062833723,0.6666371493041603,0.6848430233925384,0.7763478519160948,1.0,0.3283069241067031,0.4943249590961092
er20000f0|t0.517|r0|time_agnostic_t|b1600,er20000f0,er,20000,0.5167,0,time_agnostic_t,1600,0.01725,lo(<.02),1380,0.5166875,0.4461187200431881,0.46138396662852166,0.536346635016018,0.727537880523417,0.9364198936143643,0.9871925049599086,0.9955670140966859,0.4461187200431881,0.46138396662852166,0.536346635016018,1.0,0.3283069241067031,0.4564096231496299
er20000f0|t0.517|r0|time_agnostic_t|b3200,er20000f0,er,20000,0.5167,0,time_agnostic_t,3200,0.0341,mid,2728,0.5166875,0.4360766125196769,0.4518806392117497,0.528279817887977,0.7172466523290137,0.9369944706775847,0.9892251747031285,0.9966824727780442,0.4360766125196769,0.4518806392117497,0.528279817887977,1.0,0.2972737194329256,0.48477036772783927
er20000f0|t0.517|r0|time_respecting|b400,er20000f0,er,20000,0.5167,0,time_respecting,400,0.0032625,lo(<.02),261,0.5166875,0.26221575241940376,0.27127184181155406,0.3124079387836979,0.41898443738275226,0.6321652339235466,0.8549846004369717,0.9428397278841295,0.26221575241940376,0.6321652339235466,0.41898443738275226,1.5,0.3283069241067031,0.5088802084008472
er20000f0|t0.517|r0|time_respecting|b1600,er20000f0,er,20000,0.5167,0,time_respecting,1600,0.012925,lo(<.02),1034,0.5166875,0.27322472997016456,0.284560762272012,0.33493951912547393,0.4538529620894881,0.6812261499341076,0.8941346424605564,0.9633423181093503,0.27322472997016456,0.6812261499341076,0.4538529620894881,1.5,0.3283069241067031,0.45448056228605227
er20000f0|t0.517|r0|time_respecting|b3200,er20000f0,er,20000,0.5167,0,time_respecting,3200,0.0250875,mid,2007,0.5166875,0.28558993676378097,0.2969122678155448,0.3480193085690607,0.46963116188431486,0.6984762214708309,0.9200332207987897,0.9792215674964547,0.28558993676378097,0.6984762214708309,0.6984762214708309,2.0,0.28425900403678295,0.48448368264330327
er20000f1|t0.177|r0|time_agnostic_t|b400,er20000f1,er,20000,0.1774,0,time_agnostic_t,400,0.0043625,lo(<.02),349,0.1773625,0.0362235782912711,0.03876301072672317,0.04724477507179292,0.06635678752990426,0.12228082996886169,0.2836586591649317,0.5153394785665117,0.0362235782912711,0.03876301072672317,0.03876301072672317,0.5,0.3170490074400364,0.1636954707182791
er20000f1|t0.177|r0|time_agnostic_t|b1600,er20000f1,er,20000,0.1774,0,time_agnostic_t,1600,0.0169,lo(<.02),1352,0.1773625,0.09487917911984678,0.09939655008379755,0.11756849685299242,0.15878351858833706,0.24508662991207764,0.439454960199809,0.6840412001343885,0.09487917911984678,0.09939655008379755,0.09939655008379755,0.5,0.3170490074400364,0.20233661548976475
er20000f1|t0.177|r0|time_agnostic_t|b3200,er20000f1,er,20000,0.1774,0,time_agnostic_t,3200,0.0338875,mid,2711,0.1773625,0.14423479115417115,0.15042247250652674,0.17673433706762987,0.2385464881650028,0.36620530495843173,0.6077650529583235,0.8180487504489223,0.14423479115417115,0.15042247250652674,0.17673433706762987,1.0,0.2935210805440367,0.24398468429512127
er20000f1|t0.177|r0|time_respecting|b400,er20000f1,er,20000,0.1774,0,time_respecting,400,0.003175,lo(<.02),254,0.1773625,0.1342325396946279,0.13953965475677366,0.16190813293134243,0.21549820832961586,0.317616379675674,0.5218086040945273,0.7783975988611007,0.1342325396946279,0.317616379675674,0.21549820832961586,1.5,0.3170490074400364,0.375338722501166
er20000f1|t0.177|r0|time_respecting|b1600,er20000f1,er,20000,0.1774,0,time_respecting,1600,0.01205,lo(<.02),964,0.1773625,0.07490138872941943,0.0780129036774222,0.09075931082767619,0.12048402939776515,0.1762049226346375,0.2930335367131043,0.5290870098189011,0.07490138872941943,0.1762049226346375,0.12048402939776515,1.5,0.3170490074400364,0.20493502021511514
er20000f1|t0.177|r0|time_respecting|b3200,er20000f1,er,20000,0.1774,0,time_respecting,3200,0.0235375,mid,1883,0.1773625,0.09347794189129677,0.0971086046423254,0.11118951994393322,0.14613839691711938,0.21236631842258924,0.34355522311990605,0.5925386652652456,0.09347794189129677,0.21236631842258924,0.21236631842258924,2.0,0.28129639438766013,0.28667951607176084
er20000f1|t0.415|r0|time_agnostic_t|b400,er20000f1,er,20000,0.4145,0,time_agnostic_t,400,0.0043625,lo(<.02),349,0.414575,0.3391034734139238,0.3534822151432717,0.41879082877399254,0.5769831903560099,0.8246158432495986,0.950624007086925,0.9812231780309192,0.3391034734139238,0.3534822151432717,0.3534822151432717,0.5,0.3170490074400364,0.31400304999027273
er20000f1|t0.415|r0|time_agnostic_t|b1600,er20000f1,er,20000,0.4145,0,time_agnostic_t,1600,0.0169,lo(<.02),1352,0.414575,0.36219550012681256,0.37525349617502346,0.4366718642756362,0.5910185729606159,0.845555321429585,0.9690899607470345,0.9910900416165108,0.36219550012681256,0.37525349617502346,0.37525349617502346,0.5,0.3170490074400364,0.2569163382843234
er20000f1|t0.415|r0|time_agnostic_t|b3200,er20000f1,er,20000,0.4145,0,time_agnostic_t,3200,0.0338875,mid,2711,0.414575,0.3700810272787255,0.3855434632824448,0.4559465078668139,0.6226167230104712,0.8755201993211716,0.976967808898547,0.9933734007558306,0.3700810272787255,0.3855434632824448,0.4559465078668139,1.0,0.2935210805440367,0.47139598303240765
er20000f1|t0.415|r0|time_respecting|b400,er20000f1,er,20000,0.4145,0,time_respecting,400,0.003375,lo(<.02),270,0.414575,0.1926453226622593,0.20125957347854484,0.23796335130786972,0.3253277702815228,0.5100439133095921,0.7593339016699028,0.8936657932623034,0.1926453226622593,0.5100439133095921,0.3253277702815228,1.5,0.3170490074400364,0.5051204740357242
er20000f1|t0.415|r0|time_respecting|b1600,er20000f1,er,20000,0.4145,0,time_respecting,1600,0.0125875,lo(<.02),1007,0.414575,0.23368220618977087,0.2441441125248054,0.28886307823775137,0.38923683590643177,0.5804006706911006,0.840043491409801,0.9529446332277909,0.23368220618977087,0.5804006706911006,0.38923683590643177,1.5,0.3170490074400364,0.4584359376478845
er20000f1|t0.415|r0|time_respecting|b3200,er20000f1,er,20000,0.4145,0,time_respecting,3200,0.024875,mid,1990,0.414575,0.21938473226673894,0.2284420808973454,0.26244013304742453,0.3472301695191924,0.5160185551939819,0.7826115543661449,0.9324129298125681,0.21938473226673894,0.5160185551939819,0.5160185551939819,2.0,0.28129639438766013,0.4644534248714343
er20000f1|t0.436|r0|time_agnostic_t|b400,er20000f1,er,20000,0.4359,0,time_agnostic_t,400,0.0043625,lo(<.02),349,0.4359375,0.33910347341392544,0.35348221514326816,0.41879082877399254,0.5769831903560234,0.8246158432496078,0.9506240070869248,0.9812231780309184,0.33910347341392544,0.35348221514326816,0.35348221514326816,0.5,0.3170490074400364,0.31400304999027273
er20000f1|t0.436|r0|time_agnostic_t|b1600,er20000f1,er,20000,0.4359,0,time_agnostic_t,1600,0.0169,lo(<.02),1352,0.4359375,0.32716846737402416,0.3395602888339996,0.39692899145031024,0.5376119599220044,0.788284752992078,0.9505524193835322,0.9854958858267455,0.32716846737402416,0.3395602888339996,0.3395602888339996,0.5,0.3170490074400364,0.25567170829165825
er20000f1|t0.436|r0|time_agnostic_t|b3200,er20000f1,er,20000,0.4359,0,time_agnostic_t,3200,0.0338875,mid,2711,0.4359375,0.36345717652141096,0.3784782271642526,0.4470415128255244,0.6101736870108556,0.8644857549525972,0.9741075514022983,0.9925275781547099,0.36345717652141096,0.3784782271642526,0.4470415128255244,1.0,0.2935210805440367,0.4468199525531668
er20000f1|t0.436|r0|time_respecting|b400,er20000f1,er,20000,0.4359,0,time_respecting,400,0.0032875,lo(<.02),263,0.4359375,0.1812633813607465,0.19725330083848636,0.24619542746784218,0.33896952631169586,0.5160240821210388,0.7753318953443413,0.9166924279732003,0.1812633813607465,0.5160240821210388,0.33896952631169586,1.5,0.3170490074400364,0.46504115560279785
er20000f1|t0.436|r0|time_respecting|b1600,er20000f1,er,20000,0.4359,0,time_respecting,1600,0.01295,lo(<.02),1036,0.4359375,0.24065960422966526,0.2523181767507684,0.3038704236336762,0.4200020355769323,0.6400209734981159,0.8775742336336217,0.9608287580724169,0.24065960422966526,0.6400209734981159,0.4200020355769323,1.5,0.3170490074400364,0.4683941759602127
er20000f1|t0.436|r0|time_respecting|b3200,er20000f1,er,20000,0.4359,0,time_respecting,3200,0.0248125,mid,1985,0.4359375,0.17069253734069534,0.17812177733620937,0.21292871385677248,0.29321468674008977,0.4424960353031564,0.701787402978874,0.8945726400914104,0.17069253734069534,0.4424960353031564,0.4424960353031564,2.0,0.28129639438766013,0.46470336025619263
er20000f1|t0.445|r0|time_agnostic_t|b400,er20000f1,er,20000,0.445,0,time_agnostic_t,400,0.0043625,lo(<.02),349,0.444975,0.401943859724216,0.42122958474003414,0.5048265540697187,0.6959075652981734,0.9154935494432861,0.9801759409258249,0.9925760709250411,0.401943859724216,0.42122958474003414,0.42122958474003414,0.5,0.3170490074400364,0.4713881680731538
er20000f1|t0.445|r0|time_agnostic_t|b1600,er20000f1,er,20000,0.445,0,time_agnostic_t,1600,0.0169,lo(<.02),1352,0.444975,0.35172136462080206,0.3659207672806104,0.43134269834726724,0.5893599372507999,0.8460325966645659,0.9692811625131587,0.9911319186353076,0.35172136462080206,0.3659207672806104,0.3659207672806104,0.5,0.3170490074400364,0.2584985334566912
er20000f1|t0.445|r0|time_agnostic_t|b3200,er20000f1,er,20000,0.445,0,time_agnostic_t,3200,0.0338875,mid,2711,0.444975,0.4162512714864809,0.4320190817799573,0.5069444023961289,0.6899175220705034,0.9243143784835892,0.9876719662284316,0.9964393021736813,0.4162512714864809,0.4320190817799573,0.5069444023961289,1.0,0.2935210805440367,0.4932168319699462
er20000f1|t0.445|r0|time_respecting|b400,er20000f1,er,20000,0.445,0,time_respecting,400,0.003275,lo(<.02),262,0.444975,0.2540371092440379,0.2629288545162437,0.30244446023603944,0.4039685793954161,0.6059944788518277,0.8519977086011564,0.9514646678002332,0.2540371092440379,0.6059944788518277,0.4039685793954161,1.5,0.3170490074400364,0.5044831209457673
er20000f1|t0.445|r0|time_respecting|b1600,er20000f1,er,20000,0.445,0,time_respecting,1600,0.0128625,lo(<.02),1029,0.444975,0.21175427093052424,0.22095508938259079,0.2610645956241783,0.3551538584986208,0.5375946106937519,0.7997249103180576,0.9325421742054834,0.21175427093052424,0.5375946106937519,0.3551538584986208,1.5,0.3170490074400364,0.4611731461019401
er20000f1|t0.445|r0|time_respecting|b3200,er20000f1,er,20000,0.445,0,time_respecting,3200,0.024425,mid,1954,0.444975,0.2126533551321299,0.22121354765940515,0.2532182969270881,0.33528548275998094,0.4943055500238217,0.7601089470179822,0.9296500583302117,0.2126533551321299,0.4943055500238217,0.4943055500238217,2.0,0.28129639438766013,0.46347789107194304
er20000f1|t0.456|r0|time_agnostic_t|b400,er20000f1,er,20000,0.4562,0,time_agnostic_t,400,0.0043625,lo(<.02),349,0.4562375,0.3708615368871738,0.3876161858510939,0.4620395078242562,0.6373267971139447,0.8759551064458322,0.9684862513887051,0.9881593689917814,0.3708615368871738,0.3876161858510939,0.3876161858510939,0.5,0.3170490074400364,0.4525942965164094
er20000f1|t0.456|r0|time_agnostic_t|b1600,er20000f1,er,20000,0.4562,0,time_agnostic_t,1600,0.0169,lo(<.02),1352,0.4562375,0.3735093827196925,0.3865464299388609,0.4480782577335015,0.6055213025687989,0.8591189753883448,0.9727403189715377,0.9921446535998488,0.3735093827196925,0.3865464299388609,0.3865464299388609,0.5,0.3170490074400364,0.25735262024071476
er20000f1|t0.456|r0|time_agnostic_t|b3200,er20000f1,er,20000,0.4562,0,time_agnostic_t,3200,0.0338875,mid,2711,0.4562375,0.3987216225097787,0.4148753003257801,0.4901543362518427,0.6690382782792454,0.9111373753999891,0.9850546336539147,0.9956995678265997,0.3987216225097787,0.4148753003257801,0.4901543362518427,1.0,0.2935210805440367,0.48319085131065787
er20000f1|t0.456|r0|time_respecting|b400,er20000f1,er,20000,0.4562,0,time_respecting,400,0.003125,lo(<.02),250,0.4562375,0.288254695273477,0.29769585928074915,0.34201515408582905,0.45422959751641323,0.6669326090103401,0.9082827069715789,0.9792503688945943,0.288254695273477,0.6669326090103401,0.45422959751641323,1.5,0.3170490074400364,0.3390799480589045
er20000f1|t0.456|r0|time_respecting|b1600,er20000f1,er,20000,0.4562,0,time_respecting,1600,0.0127375,lo(<.02),1019,0.4562375,0.24654723920791188,0.25568572852117344,0.2884160006887675,0.37776567030574815,0.5610694205670821,0.8216606271059685,0.944804625260492,0.24654723920791188,0.5610694205670821,0.37776567030574815,1.5,0.3170490074400364,0.4280993810595452
er20000f1|t0.456|r0|time_respecting|b3200,er20000f1,er,20000,0.4562,0,time_respecting,3200,0.0249625,mid,1997,0.4562375,0.24261922537259217,0.25132837427535804,0.2856779795346349,0.37669538209715314,0.5575969015017059,0.823200675824546,0.9499950808290143,0.24261922537259217,0.5575969015017059,0.5575969015017059,2.0,0.28129639438766013,0.4652909657379047
er20000f1|t0.564|r0|time_agnostic_t|b400,er20000f1,er,20000,0.5639,0,time_agnostic_t,400,0.0043625,lo(<.02),349,0.56385,0.5484730318024935,0.5816699976070865,0.7102127235201143,0.924801673161897,0.9919045301266386,0.9982953167545371,0.9993221587660105,0.5484730318024935,0.5816699976070865,0.5816699976070865,0.5,0.3170490074400364,0.5017847593394399
er20000f1|t0.564|r0|time_agnostic_t|b1600,er20000f1,er,20000,0.5639,0,time_agnostic_t,1600,0.0169,lo(<.02),1352,0.56385,0.5062583705429273,0.5235966559295767,0.6094320250211279,0.8209112687762166,0.9781242998344272,0.9968747642649993,0.9990647238240833,0.5062583705429273,0.5235966559295767,0.5235966559295767,0.5,0.3170490074400364,0.45352412447489504
er20000f1|t0.564|r0|time_agnostic_t|b3200,er20000f1,er,20000,0.5639,0,time_agnostic_t,3200,0.0338875,mid,2711,0.56385,0.4976474669663925,0.5174042006696696,0.6132665517146201,0.8323975669203677,0.9808258431609729,0.997244450099055,0.9991661906169592,0.4976474669663925,0.5174042006696696,0.6132665517146201,1.0,0.2935210805440367,0.4711128479671427
er20000f1|t0.564|r0|time_respecting|b400,er20000f1,er,20000,0.5639,0,time_respecting,400,0.0034,lo(<.02),272,0.56385,0.11899388024397473,0.13243408364697362,0.1740076916652672,0.2548742443419548,0.42308358145393,0.6747345103248681,0.8377160299562512,0.11899388024397473,0.42308358145393,0.2548742443419548,1.5,0.3170490074400364,0.44815931899383876
er20000f1|t0.564|r0|time_respecting|b1600,er20000f1,er,20000,0.5639,0,time_respecting,1600,0.0129,lo(<.02),1032,0.56385,0.2066204997365384,0.2209702419504168,0.2753067566301013,0.38526545481487995,0.5908639477446302,0.8434109352141681,0.9478202220903529,0.2066204997365384,0.5908639477446302,0.38526545481487995,1.5,0.3170490074400364,0.46999304385422663
er20000f1|t0.564|r0|time_respecting|b3200,er20000f1,er,20000,0.5639,0,time_respecting,3200,0.025225,mid,2018,0.56385,0.22374360009164374,0.23461782754337446,0.2815624568955821,0.38548654363088997,0.5810355557701675,0.8421168173675051,0.9533455202123794,0.22374360009164374,0.5810355557701675,0.5810355557701675,2.0,0.28129639438766013,0.46803919990238946
